article_id,pair_id,label,label_name,title,content_length,raw_text_length
true_1,1,0,real,Studimi gjerman: Gjysma e pacientëve me COVID-19 që ishin në respirator ndërruan jetë,1792,1878
true_2,2,0,real,Qorraj: Projekti i Xhamisë së Madhe në Prishtinë nuk është kopjim,2913,2979
true_3,3,0,real,"E rëndë, vritet me thikë një 35-vjeçar",489,528
true_4,4,0,real,Deputetja e AAK-së “sulmon” LDK-në,625,660
true_5,5,0,real,​Ramiz Kelmendi: Me 300 milionë euro kredi e shpëtojmë ekonominë,1821,1886
true_6,6,0,real,"Arben Gashi: Nuk pata kontakt fizik me askënd, ta shikoni videon me vëmendje",1528,1605
true_7,7,0,real,"Covid-19, Minxhozi: Reciprocitet masash Kosovë-Shqipëri, turizmi në rënie",2575,2649
true_8,8,0,real,"Inspektorati dhe policia nisin aksionin në Prizren, shohin nga afër sa po respektohen masat anti-COVID",582,685
true_9,9,0,real,"“Këtu nisi gjithçka”, paralajmërohet eskalimi i situatës mes Vetëvendosjes dhe LDK-së",2724,2810
true_10,10,0,real,Labinot Tahiri: Gjyshes 87-vjeçare nga Istogu nga sot me pension 200 euro,2061,2135
true_11,11,0,real,Arkitekti thotë se Xhamia e Madhe po futet në skutë: Nuk e ka lokacionin e duhur,535,616
true_12,12,0,real,Këto janë shenjat që tregojnë se e keni kaluar Koronavirusin,1393,1454
true_13,13,0,real,Këta janë dy treguesit që shpërfaqin menaxhimin e pandemisë nga Qeveria,1259,1331
true_14,14,0,real,"Kjo është pasuria e Gazmend Gjyshincës, deputetit që u sulmua dje në Kuvend",719,795
true_15,15,0,real,"Dedaj kontaktohet nga Specialja, këto ishin akuzat e rënda ndaj Thaçit: Më ka torturu fizikisht, moralisht dhe...",1586,1700
true_16,16,0,real,Gjergj Dedaj kontaktohet nga Gjykata Speciale,418,464
true_17,17,0,real,Deputeti i AAK-së inicon rivarrimin e Shotë Galicës në Kosovë,1084,1146
true_18,18,0,real,"Reagon ish-agjenti i SHIK-ut: Pas shumë përpjekjeve dështuan të më vrasin, për të vënë kurora mbi varrin tim si hero",956,1073
true_19,19,0,real,"Hyseni takon Limajn e Hoxhajn, i evitojnë mospajtimet për koordinatorin",589,661
true_20,20,0,real,"MSh thotë se ka numër të mjaftueshëm testesh për COVID, ja cilëve persona u bëhet testi!",3115,3204
true_21,21,0,real,"Skenat e gangsterëve politik, për marre!",2753,2794
true_22,22,0,real,Miratohen shtesat mujore për pagat e personelit shëndetësor,420,480
true_23,23,0,real,"Kush po e nguc “Albinin e vogël”, Gazmend Gjyshincën?",1581,1635
true_24,24,0,real,"Po, pajtohem me ambasadorin e ShBA-së",2139,2177
true_25,25,0,real,Daçiq për utimatimin rreth Kosovës: Çdo letër në Bruksel do të ishte dështim i plotë,1328,1413
true_26,26,0,real,"“Znaçka” e shpërndanë një video kinse gjyshi i Arbana Xharrës i del në krah Millosheviçit, gazetarja i kundërpërgjigjet fuqishëm!",701,831
true_27,27,0,real,"Syla letër Thaçit, Osmanit e Hotit: Ju jep afat deri nesër, të inicohet hartimi i Ligjit të Pagave",1407,1506
true_28,28,0,real,Lajmi i fundit për mërgimtarët në Gjermani që vinë e shkojnë nga Kosova,1277,1349
true_29,29,0,real,"Ia dekoroi vëllain që ia vranë, ja çfarë i kishte shkruar Ibrahim Kelmendi Speciales për Thaçin: Hetojeni për arrestimin dhe zhdukjen e...",13779,13918
true_30,30,0,real,Zemaj: Testi për COVID-19 nuk u kërkohet qytetarëve që vijnë nga Shqipëria dhe Serbia,2239,2325
true_31,31,0,real,Mjeku shqiptar: Mos u ndjeni të mbrojtur apo supermenë vetëm se keni maskë!,935,1011
true_32,32,0,real,"Dy gra humbin betejën me koronavirusin në 24 orët e fundit, ministria jep detajet",1055,1137
true_33,33,0,real,LVV në Tiranë kundër ndryshimeve kushtetuese: Deformojnë vullnetin e qytetarëve dhe sistemin zgjedhor,2867,2969
true_34,34,0,real,Rita Ora tregon hiret si asnjëherë më parë,255,298
true_35,35,0,real,"Rekord, trajneri i Kosovës është dhurues i gjakut mbi 50 herë",473,535
true_36,36,0,real,"Profesor Mehazi me “goditje” të re për Thaçin, Hotin e Hysenin: Ja pse po duan marrëveshje të shpejt me Serbinë",1990,2102
true_37,37,0,real,"Hyseni flet për herë të parë si Koordinator: Negociatat me Serbinë, skajshmërisht politike – me doemos do ketë njohje reciproke",633,761
true_38,38,0,real,"Reagon Arben Gashi pas publikimit të videos, tregon pse e rrethuan deputetin e LVV-së",2143,2229
true_39,39,0,real,Tomë Gashi: Ja pse u sulmua Gjyshinca nga Arben Gashi e Kujtim Shala,1401,1470
true_40,40,0,real,"S’ka projekt marrëveshje, BE sqaron temat që diskutohen nesër mes Kosovës dhe Serbisë",3582,3668
true_41,41,0,real,"Do ti arrestonin burrin që kishte vdekur dy vite më parë, gruaja rrëzon SPAK: U lëndova shumë kur ia pashë emrin",986,1099
true_42,42,0,real,"Pas publikimit të pamjeve, vjen reagimi i parë nga LDK, paralajmërojnë se ka tendencë për ta prezantuar situatën e djeshme në favor të VV-së",1801,1946
true_43,43,0,real,"Pasi dolën pamjet për përplasjen LDK-VV, vjen reagimi nga partia e Kurtit: Situata është tepër serioze – ja pse ndodhi sulmi",1643,1768
true_44,44,0,real,Kosnett del kundër projektligjit për vlerat e UÇK-së,1033,1086
true_45,45,0,real,BE demanton mediat serbe të cilat raportuan se Brukseli po i jep ultimatum Serbisë për Kosovën,1164,1259
true_46,46,0,real,"Reagon Mimoza Kusari për sulmin ndaj deputetit të VV-së: Kur ju iku marrja, ju iku edhe mendja e gënjejnë pa turp",531,645
true_47,47,0,real,"Zemaj viziton spitalin e Mitrovicës, dorëzojnë një autoambulancë",1249,1314
true_48,48,0,real,"Pas publikimit të videos në hollin e Kuvendit, Haki Abazi i quan rrugaça deputetët e LDK-së",675,767
true_49,49,0,real,Ministri Veliu viziton Zubin Potokun,1845,1882
true_50,50,0,real,"Detyrim për test corone në Gjermani, por si funksionon ai?",4728,4787
true_51,51,0,real,"Kush është Qerim Kelmendi që u vra dhe u dogj në Pejë, ky është profili i tij, sot u dekorua nga Thaçi",19426,19529
true_52,52,0,real,Bajralija: Qeveria nuk deshi që Republika e Kosovës të trajtohet e barabartë me Serbinë,10312,10400
true_53,53,0,real,Shtohen edhe tri viktima nga koronavirusi në Kosovë,1006,1058
true_54,54,0,real,Ky është dallimi në mes Armend Zemajt e Arben Vitisë,759,812
true_55,55,0,real,A shkakton rrjeti 5G koronavirus? Shkencëtarët e kanë një përgjigje,1492,1560
true_56,56,0,real,"Nga Afrika e Jugut në Kosovë, ja arsyeja",1407,1448
true_57,57,0,real,"Hoti: Autobusët, taksitë dhe kombibusët do të punojnë me gjysmën e kapaciteteve",289,369
true_58,58,0,real,Gruaja e mistershme! Më e fuqishmja në botën e futbollit,1272,1329
true_59,59,0,real,"Deputetja e PDK-së paralajmeron rënien e Qeverisë, tregon arsyen e përplasjeve të fundit",1624,1713
true_60,60,0,real,33-vjeçarja e sëmurë u përdhunua nga fqinji/ Apeli prekës i vëllait,1372,1440
true_61,61,0,real,"E dhimbshme në familjen e sportistit të Kosovës, të shtunën vdes djali, të martën nëna!",947,1035
true_62,62,0,real,​Haradinaj uron 30-vjetorin e themelimit të Partisë së Aksionit Demokratik në Sanxhak,951,1037
true_63,63,0,real,"Profesori rikthen temën për atentatin kundër Veliut, përmend edhe vrasjet e veprimtarëve të tjerë të LDK-së",2732,2840
true_64,64,0,real,"Thaçi viziton familjen e Murat dhe Enver Halitit, ndan urdhërin “Hero i Kosovës”",809,890
true_65,65,0,real,Kusari: Qeveria e Kosovës erdhi dhe do të shkojë shpejt duke politizuar me pandeminë,1942,2027
true_66,66,0,real,Gjiganti turk bën gati ofertën zyrtare për djaloshin e Kosovës,1220,1283
true_67,67,0,real,"Tensionet në raportimin e Veliut, reagon edhe zëdhënësi i PDK-së",1268,1333
true_68,68,0,real,Zemaj e konfirmon: Qytetarëve të Shqipërisë që hyjnë në Kosovë nuk u kërkohet testi Covid-19,1105,1198
true_69,69,0,real,Qeveria merr vendim për shtesat e mjekëve,3646,3688
true_70,70,0,real,"Nis Haxhi, BIK ka një njoftim për besimtarët myslimanë",1068,1123
true_71,71,0,real,"Çfarë kërkuan serbet në Rambuje, e çfarë po kërkon sot Serbia nga Kosova",1442,1515
true_72,72,0,real,"“Qetësohu, pije pak ujë”, ​tensione e përplasje mes deputetëve - dështon raportimit i Veliut",10894,10987
true_73,73,0,real,Malazezët kundërshtojnë investimet e oligarkut rus Oleg Deripaska,1534,1600
true_74,74,0,real,"“Qetësohu, pije pak ujë”, ​tensione e përplasje mes deputetëve - dështon raportimit i Veliut",10894,10987
true_75,75,0,real,Vjehrra dhe kunata e bëjnë për spital nusen në Lipjan,488,542
true_76,76,0,real,"“Qetësohu, pije pak ujë”, ​tensione e përplasje mes deputetëve - dështon raportimit i Veliut",10894,10987
true_77,77,0,real,Qeveria po na e bëjka varrimin kur të vdesim nga COVID-19...,645,706
true_78,78,0,real,"Deputeti i LDK-së i del sërish kundër partisë, përkrah fuqishëm Vjosa Osmanin",633,711
true_79,79,0,real,Mësoni kush është bashkëshortja e Driton Selmanajt,951,1002
true_80,80,0,real,"Daçiqin e nervozon deklarata e ministres Haradinaj, thotë se po gënjen se u penguan dy çnjohje të Kosovës",791,897
true_81,81,0,real,Mjeku shqiptar: Jo çdo maskë të mbron,1297,1335
true_82,82,0,real,Daçiq: Nuk na është bërë e ditur se në Bruksel do të bisedohet për ndonjë dokument,2354,2437
true_83,83,0,real,"Përçarja e koalicionit qeverisës, problemi më i fortë qëndron tek ky post",1729,1803
true_84,84,0,real,Studim i ri: Zbuloni moshën e fëmijëve që e përhapin më shumë Koronavirusin,1533,1609
true_85,85,0,real,Liderët e Ballkanit sot mbajnë video-samit të organizuar nga Këshilli Atlantik,1141,1220
true_86,86,0,real,Lajm i keq për Shqiptarët e Luginës kur hyn në Kosovë,1289,1343
true_87,87,0,real,Albumi i Dua Lipës lë pas emrat më eminent në tregun e muzikës,514,577
true_88,88,0,real,"Çmimi që Pelegrinët, paguajnë për Haxhin",6907,6948
true_89,89,0,real,"Vdesin 3 pacientë në Spitalin e Gjilanit, dy prej tyre me Covid-19",1237,1304
true_90,90,0,real,"Konjufca flet ashpër për Zemajn, nuk ka haber në menaxhimin e pandemisë",1305,1377
true_91,91,0,real,"Fytyrë e re, mesazh i njëjtë - Ja kush do ta zëvendësoi Grenellin në Berlin",4100,4176
true_92,92,0,real,Punonjës sezonalë në Gjermani - Kurrë më!,5481,5523
true_93,93,0,real,Fqinji la shtatzënë 33-vjeçaren e sëmurë/ Si e zbuloi vëllai dhe dëshmitë e banorëve,3306,3391
true_94,94,0,real,Ferma e pulave,13344,13359
true_95,95,0,real,Qeveria merr vendim për shtesat e mjekëve,3646,3688
true_96,96,0,real,Shqyrtohet projektligji për parandalimin dhe luftimin e pandemisë,350,416
true_97,97,0,real,Horoskopi i datës 29 korrik 2020,8026,8059
true_98,98,0,real,“Emmy Awards 2020” – Publikohet lista e nominimeve,3889,3940
true_99,99,0,real,Arta Nitaj thekson format trupore me veshjen e ngushtë nga palestra,513,581
true_100,100,0,real,Parashikon Albulena Haxhiu: Shpejt shihemi në zgjedhje të jashtëzakonshme,1406,1480
true_101,101,0,real,"Gjurmimi i COVID-19, cilat vende po e përjetojnë valën e dytë?",3280,3343
true_102,102,0,real,Konjufca e quan “ministre aksidentale” Meliza Haradinajn,985,1042
true_103,103,0,real,"Konjufca komenton statusin e Isa Mustafës, thotë se populli ka pezëm mbi të",1305,1381
true_104,104,0,real,Haradinaj-Stublla thotë se AAK u njoftua përmes mediave për emërimin e Skender Hysenit – Koordinator,1585,1686
true_105,105,0,real,Boshatisen rrugët e Prishtinës,574,605
true_106,106,0,real,Geci: S’i kam bërë asgjë Hashim Thaçit dhe as Shtabit të Përgjithshëm të UÇK’së,781,861
true_107,107,0,real,Gani Geci tregon se çfarë do të bëjë nëse Hashim Thaçi del i pafajshëm në Gjykatën Speciale,592,684
true_108,108,0,real,"Për masat kundër Covid19 e rrëzoi Kurtin, a po i përdorë të njëjta Qeveria Hoti?",1340,1421
true_109,109,0,real,"Përplasja LDK-VV, juristi thotë se populli nuk ka votuar për rrahje – partia e Isa Mustafës nuk e ka në natyrën e saj të bëjë veprime të tilla",3268,3411
true_110,110,0,real,"Arbana Xharra: Erdogan ndërton xhami te ne, kurse në Serbi çon biznesmenë",1493,1567
true_111,111,0,real,"Pas masave të reja të Qeverisë, paralajmërohen skena të pacientëve të shtrirë nëpër korridore",826,920
true_112,112,0,real,"Masat kundër pandemisë, qeveria merr vendim edhe për çerdhet",420,481
true_113,113,0,real,Nga ora 22:30 deri në 05:00 ndalohet qarkullimi në këto komuna,1377,1440
true_114,114,0,real,Mefail Bajqinovci sulmon rëndë Isa Mustafën,1851,1895
true_115,115,0,real,"A do të izolohen qytetarët që kthen nga pushimet, ky është vendimi i Qeverisë",2822,2900
true_116,116,0,real,Shtyhet gjykimi ndaj të akuzuarve për vrasjen e rojës së lokalit “Bon Vivant”,7160,7238
true_117,117,0,real,"Shtimi i rasteve me Covid-19, vendet evropiane marrin masa të reja",1685,1752
true_118,118,0,real,Kush po thotë se Arben Gashi e Kujtim Shala e kanë shoqe të mirë Ganimete Musliun,742,824
true_119,119,0,real,"Miku i Brad Pitt vret të dashurën, largohet me Porsche dhe pastaj vret veten",814,891
true_120,120,0,real,"Vetizolohet deputeti Bulliqi, ka simptoma të COVID",483,534
true_121,121,0,real,"Makiqi: Zotëri Hashani, kjo që e ke shkruar është rrena më e madhe! Qysh ki fytyrë...",5071,5157
true_122,122,0,real,"‘Shuplaka’ e radhës nga BE për Hashim Thaçin, ky është paralajmërimi i fortë për Presidentin",6735,6828
true_123,123,0,real,"Kosova nën “kthetrat” e COVID-19, Krasniqi tregon sa pacientë janë të shtruar në spitale",2258,2347
true_124,124,0,real,Ja vendimet e fundit nga Qeveria e Kosovës për aktivitetet kulturore e sportive,564,644
true_125,125,0,real,"Më në fund, Isa Mustafa e “pranoi” se e prishi koalicionin me VV-në",1585,1653
true_126,126,0,real,"Covid-19/ Befason kjo vogëlushe, dëgjojeni çka thotë për Albin Kurtin",1264,1334
true_127,127,0,real,"Komentatori që kritikon Vuqiçin, Xhajiqin, kriminelin Dragan, i ka ndodhur diçka e keqe në Serbi!",1045,1143
true_128,128,0,real,LAJMI I FUNDIT: Kosova pritet ti testojë të gjithë shtetasit e Shqipërisë të cilët hyjnë në territorin e Kosovës!,1558,1672
true_129,129,0,real,"Burri pranon vrasjen e gruas gjatë pushimeve në Francë, para se të merrte avionin për t’u kthyer",1987,2084
true_130,130,0,real,"Pamjet: Njëherë e sfidoi, por Hashim Thaçi ‘dorëzohet’ përballë Avdullah Hotit",1740,1819
true_131,131,0,real,Deputetja e PDK-së: Fitore Pacolli është element turbullues brenda Komisionit,2601,2679
true_132,132,0,real,Zëvendësministri i Qeverisë Hoti “publikon” pamjet e përplasjes mes Kujtim Shalës dhe Gazmend Gjyshincës?,997,1103
true_133,133,0,real,"“Eskalon” Rexhaj, i quan “rrugaçë” deputetët e Albinit – ja çka thotë për Osmanin",573,655
true_134,134,0,real,"Kabashi, njeriu që po e bën një qytet me rrethinë të jetojë ëndrrën dhe as mos të fle nga emocionet",2740,2840
true_135,135,0,real,Pacolli: Na quajnë arrogant se po ua qesim në shesh të gjitha dështimet,1434,1506
true_136,136,0,real,“Rrethohet Kuvendi i Kosovës - rrahën e shkallmohen në dajak - Deputetët e VV-së!?”,975,1059
true_137,137,0,real,"Bëhuni gati, mot përvëlues edhe në dy ditët e ardhshme",655,710
true_138,138,0,real,"Edhe Kurti reagon për sulmin fizik mes deputetëve VV-LDK, ja kë e quan “rrugaçë”",892,973
true_139,139,0,real,"Flet sërish Gazmend Gjyshinca: Kujtim Shala dhe Arben Gashi më ngrehen nga krahu, pastaj...",1654,1746
true_140,140,0,real,"Policia gjen armën e krimit me të cilën u ekzekutua Emiljano Ramazani, arrestohen babë e bir",1799,1892
true_141,141,0,real,Abazi: “Akademik” Shala e “polici i paedukatë” Gashi me shenja të paqëndrueshmërisë psikologjike,2123,2220
true_142,142,0,real,"Përplasja e madhe LDK-VV, Kujtim Shala dhe Arben Gashi sqarojnë gjithçka çfarë ndodhi në korridorin e Kuvendit",5739,5850
true_143,143,0,real,Për këtë fjalë u sulmua deputeti i VV-së,382,423
true_144,144,0,real,"Përplasja e madhe LDK-VV, Kujtim Shala dhe Arben Gashi sqarojnë gjithçka çfarë ndodhi në korridorin e Kuvendit",5739,5850
true_145,145,0,real,Ahmeti prezanton dizajnin e shkollave të reja në Prishtinë,813,872
true_146,146,0,real,"Përplasjet në Kuvend, Isa Mustafa i del në krah Kujtim Shalës, ironizon keq me VV-në: Shala mund t’i rrahë me dije e me argumente prej të parit deri në të fundit të VV-së",1286,1457
true_147,147,0,real,Blerim Kuqi: Janë zhbllokuar të gjitha llogaritë e Telekomit!,580,642
true_148,148,0,real,"Biznesi kundër karantinimit, ka qëllim dëmtimin e biznesit mbarëshqiptar",1152,1225
true_149,149,0,real,A janë të rëndësishme masat e reja të Qeverisë kundër pandemisë,2238,2302
true_150,150,0,real,​Kadrijaj jep detaje si e ndërprenë mbledhjen e komisionit: Jemi fyer nga këta deputetë,1675,1763
true_151,151,0,real,Bytyçi flet para finales Prishtina-Ballkani: Premitë gjithmonë janë surprizë nga Presidenca,1259,1351
true_152,152,0,real,"Tronditëse, ja çka ndodhë në banjo...",1130,1168
true_153,153,0,real,Deputeti i VV-së konfirmon: Jam sulmuar befasisht nga Arben Gashi dhe Kujtim Shala i LDK-së,4060,4152
true_154,154,0,real,"Munishi: Presioni te Prishtina, nuk mund t’i zgjedhim problemet e tyre",2920,2991
true_155,155,0,real,"Abuzoi seksualisht për 2 vite me nxënësen 12 vjeçare, shtyhet gjyqi për mësuesin 64- vjeçar",1221,1313
true_156,156,0,real,"Thellohen mospajtimet e koalicionit, Qeveria para shpërbërjes?",1183,1246
true_157,157,0,real,Kusari: Kjo Qeveri është humbje për Kosovën ende pa u formuar,1063,1125
true_158,158,0,real,"Ishin së bashku në takim me Grenellin, Veliu dhe Hyseni bisedojnë sot për dialogun Kosovë-Serbi",1227,1323
true_159,159,0,real,Investim i guximshëm i bashkatdhetarit tonë Sami Voca - Ranchi “Troja” në Maxherë me ambient piktoresk për të gjitha moshat,3940,4064
true_160,160,0,real,"Siguria e brendshme mbetet sfidë e institucioneve të Kosovës, së bashku me gjithë qytetaret e saj",1569,1667
true_161,161,0,real,"Mjetet ushtarake të blera nga FSK, demantohen informatat e Serbisë dhe Rusisë",3743,3821
true_162,162,0,real,"Dumoshi: Kamuran Goranci përveç ditëlindjes, feston edhe ditën e parë të pensionimit",1162,1247
true_163,163,0,real,Kujtim Shala polemizon me Meliza Haradinajn,1066,1110
true_164,164,0,real,Flet zëvendëskryemistrja: Nuk do të ketë vendim që obligon qytetarët të vetizolohen pas kthimit nga Shqipëria,2162,2272
true_165,165,0,real,Shërohet Arsim Bajrami,1140,1163
true_166,166,0,real,"Ndryshime e bërë në 2019, nuk parashihen në draftin e Kodit Civil, është e papranueshme vazhdimi i shtypjes së grave",1606,1723
true_167,167,0,real,Historiani Jahja Drançolli publikon stemën e Dardanisë,859,914
true_168,168,0,real,Jeta Xharra publikon foton skandaloze: Ja çka po ndodh në spitalin e mushkërive në QKUK,475,563
true_169,169,0,real,Deputetja Albena Reshitaj tregon se është shëruar nga koronavirusi,1329,1396
true_170,170,0,real,"“Zonja e hekurt”, e pamposhtur nga partia e saj",7420,7468
true_171,171,0,real,"Shqiptari nga Kosova që shkaktoi aksident në Berlin: Ju lutem, më qëlloni, nuk doja të ndodhte kjo",2123,2222
true_172,172,0,real,Edhe një zyrtar i LDK-së shërohet nga Koronavirusi,673,724
true_173,173,0,real,“Isa Mustafa meriton të bëhet President – trimi që mundi ‘ushtarin e Allahut’”,1626,1705
true_174,174,0,real,"Hashani: Aziz Makiqi, ku keni qenë ju gjatë okupimit?",939,993
true_175,175,0,real,Pacientja me koronavirus kthehet në shtëpi pas 111 ditësh në spital,527,595
true_176,176,0,real,"Ministri Reçica viziton OVL-në, të lejohet përfitimi i pensioneve",1326,1392
true_177,177,0,real,"Vrasja monstruoze/ Vrau me çekiç dhe ia coptoi trupin shokut të tij, burg të përjetshëm për autorin",946,1046
true_178,178,0,real,Zerina,6607,6614
true_179,179,0,real,Ahmeti tregon në cilat lagje do të ndërtohen shkolla të reja,1133,1194
true_180,180,0,real,Muhamet Kilaj: Xhelal Selmanaj - lojtari më i mirë i të gjitha kohërave,594,666
true_181,181,0,real,Gjenden 108 mijë euro në një autobus të ardhur nga Italia,552,610
true_182,182,0,real,"Vrau kryeplakun e fshatit ‘Mërqi’, dënohet 16 vite ekzekutori Tonin Ndoj",876,949
true_183,183,0,real,"Haradinaj-Stublla: Propozimet për shtimin e masave duke kërkuar testin negativ për hyrje nga kufiri me Shqipërinë, janë absurde",1092,1220
true_184,184,0,real,"Pyetje për Xhavit Halitin dhe grupin e tij, përmenden dy letrat e pa publikuara, njëra e Adem Jasharit dhe tjetra e Ilir Konushevcit",1324,1457
true_185,185,0,real,"Ish-kandidati për deputet i LDK-së, reagon ashpër ndaj Isa Mustafës, Skenderit dhe Thaçit",1294,1384
true_186,186,0,real,Aziz Makiqi: Disa njerëz në FHK kanë bërë çmos të mos na lejojnë t’i afrohemi Federatës,6000,6093
true_187,187,0,real,Shpend Ahmeti për qentë endacak: Cfarë ka ndodhur me 1.3 milion Euro të ndara për këtë çështje?,1423,1519
true_188,188,0,real,Infektohet politika! Pas Erion Veliajt edhe Ralf Gjoni me koronavirus: Dje kam rezultuar pozitiv…,2012,2110
true_189,189,0,real,Novosti: Tri vende janë të gatshme të rishqyrtojnë vendimin për njohjen e Kosovës,1104,1186
true_190,190,0,real,Koalicioni PDK-AAK-NISMA do të rebelonte qytetarët deri në destabilizim,7987,8059
true_191,191,0,real,"“Më është ndal oksigjeni”, deputetja Eliza Hoxha rrëfen betejën me COVID-19",3692,3768
true_192,192,0,real,Për këtë Kurban Bajram do të ndalohet therja e kafshëve në shtëpi,607,673
true_193,193,0,real,"Leksionet e Vuçiqëve, Daçiqëve e Gjuriqëve për shqiptarët",3771,3829
true_194,194,0,real,"Erion Veliaj me koronavirus: Miq, pas testit më njoftuan se dola pozitiv",624,697
true_195,195,0,real,Ky është deputeti i radhës nga Vetëvendosje i infektuar me COVID-19,504,572
true_196,196,0,real,Çfarë fshihet pas kërkesës për bisedime vetëm për marrëveshje finale me Serbinë?!,5652,5734
true_197,197,0,real,Kryetari i Prizrenit “ashpërsohet” me masat e Qeverisë,1193,1248
true_198,198,0,real,"Mediat serbe komentojnë rekrutimin e ushtarëve të rinj në Kosovë – përmendin Thaçin, “hamerat amerikan” dhe...",1209,1320
true_199,199,0,real,"Shumë vaksina në testim, çfarë po ndodh me to?",326,373
true_200,200,0,real,"Moti i nxehtë në Kosovë, temperaturat deri në 36C",401,451
true_201,201,0,real,"Nëse PDK-ja hyn në qeveri, LDK-ja del nga qeveria",1881,1931
true_202,202,0,real,Qeveria vendos për 25 masa të reja,1565,1600
true_203,203,0,real,"GAVI dhe COVAX: Çmimi i vaksinës prej 40 dollarësh ishte më i larti, aleanca diskutoi për një gamë çmimesh të ndryshme",1685,1804
true_204,204,0,real,"A do të falet Kurban Bajrami në xhami? – Zemaj: Tubimet në masë, nga dita e nesërme do të ndalohen",1022,1121
true_205,205,0,real,"Mbyllen të gjitha palestrat sportive, hapen pishinat e fitneset",301,365
true_206,206,0,real,Në Austri koronavirusi po vjen nga Ballkani,1432,1476
true_207,207,0,real,Masat e reja anti-covid: Ndalohen ceremonitë e varrimeve?,398,456
true_208,208,0,real,Rrëfimi i deputetes Eliza Hoxha: Pas 10 ditësh në spital e mposhta koronavirusin,3951,4032
true_209,209,0,real,"Befasia e mirë e tetorit? Fuaci më në fund nuk jep lajme të këqija, por i jep dy data për vaksinë",1972,2070
true_210,210,0,real,Shërohet nga COVID-19 drejtori i RTK-së,440,480
true_211,211,0,real,Google merr vendimin e papritur për punonjësit e vet,850,903
true_212,212,0,real,"I moshuari nga Ferizaj akuzon shumë rëndë Thaçin dhe Veselin, kërkon të hiqet fotografia e tyre",625,721
true_213,213,0,real,"Tetë të vdekur e numër rekord rastesh të reja me COVID-19, vjen alarmi i zyrtarit të LDK-së: Gjendja është shumë serioze",1229,1350
true_214,214,0,real,Kryetarët e komunave pajtohen me kryeministrin Hoti për vendosjen e masave të reja anti-COVID,4078,4172
true_215,215,0,real,Mjeku kanoset përmes facebook’ut për angazhimin e tij me pacientë të prekur nga COVID-19,2197,2286
true_216,216,0,real,Shpërthimi i luftës,10937,10957
true_217,217,0,real,"Covid-19: Deri 300 mijë të infektuar dhe 6 mijë jetë të humbura, çfarë po ndodh orët e fundit nëpër botë",2119,2224
true_218,218,0,real,CNN: Anglia dhe Skocia ‘ecën ndaras’ në luftën ndaj coronavirusit – por kjo mund të çojë në një ‘divorc të plotë’,5410,5524
true_219,219,0,real,"Policia ndalon ngjarjen, boksieri shqiptar nuk kursehet: Kush ma paguan...",2487,2562
true_220,220,0,real,Zgjidhni një vend dhe zbuloni se nga çfarë keni frikë më shumë në jetë!,1761,1833
true_221,221,0,real,"Emocionuese, mërgimtari takohet me prindërit pas pesë vitesh",727,788
true_222,222,0,real,Ky është personi nga Ferizaj që vdiq nga Koronavirusi,1270,1324
true_223,223,0,real,Tmerr për Kosovën kush po e përfaqëson! Skandali i Naim Mujës në BE mund të sjell dëme të pariparueshme,4274,4378
true_224,224,0,real,"Lamtumirë Afrim, lamtumirë njeriu i Gjeneratës së Republikës",2195,2256
true_225,225,0,real,"“Ose Dulla të ndryshoj qasjen, ose të largohet”",578,626
true_226,226,0,real,Hoti: Do të marrim të gjitha masat e nevojshme për ta ruajtur jetën e qytetarëve,650,731
true_227,227,0,real,Paralajmëron Hoti: Mund të shkojmë me masa ekstreme,5960,6012
true_228,228,0,real,Paralajmëron Hoti: Mund të shkojmë me masa ekstreme,5960,6012
true_229,229,0,real,Këta janë dy policët që dyshohet se rrahën 16 vjeçarin në Pejë,743,806
true_230,230,0,real,"Joschka Fischer: UÇK-ja, instrument i politikës amerikane",1113,1171
true_231,231,0,real,Kim Mehmeti: Kosova përfundoi me një qeveri koti,766,815
true_232,232,0,real,Këshilltari i Bidenit e vlerëson lart Thaçin,1056,1104
true_233,233,0,real,Koronavirusi/ Italia rikthen karantinën 14 ditore për 2 shtete të Ballkanit,1170,1246
true_234,234,0,real,"“Oj e shkretë”, kështu Vjosa Osmani i përgjigjet Avdullah Hotit",953,1017
true_235,235,0,real,"Vjosa Osmani: Diskutime për kufij ka pasur, vetë Hoti dikur kritikonte një gjë të tillë",1121,1209
true_236,236,0,real,Syla i AAK’së – Rexhep Selimit: Ndalini sulmet ndaj invalidit të UÇK’së,1655,1727
true_237,237,0,real,Labinot Tahiri vazhdon me deklaratat e tij skandaloze dhe të rrezikshme rreth Coronavirusit,2458,2550
true_238,238,0,real,Mehmeti: Hotin askush nuk e merr për seriozisht,1350,1398
true_239,239,0,real,"Nagavci i reagon Hotit: Hyseni të përfaqëson ty, e të dy e përfaqësoni Thaçin",625,703
true_240,240,0,real,Raporti evropian: Si e kapën shqiptarët tregun e drogës ne Evropë me çmime të ulëta dhe cilësi të lartë,9411,9515
true_241,241,0,real,Djali i Jakup Krasniqit me humor tregon se edhe ai është infektuar: Covid-19 na i lëshoi mjekrat,1210,1307
true_242,242,0,real,Ish-ambasadori i Holandës jep një paralajmërim për marrëveshjen finale me Serbinë,1302,1384
true_243,243,0,real,"Fotoja nudo në pishinë, po 'thyen' internetin",282,328
true_244,244,0,real,"Bajqinovci, Haxhiut: Sa anëtar të familjes i ka në Postë të punësuar, e sa në Telekom",3519,3605
true_245,245,0,real,Përplasen Haxhiu e Nagavci në Kuvend për Telekomin: Kush e lagu fytin nga Devollët?,35862,35946
true_246,246,0,real,Osmani përkrahet pas përplasjes me deputetët e LDK-së: S’muj pa ja heq kapuçin Vjosës,1220,1306
true_247,247,0,real,Riza Smaka: AAK duhet të largohet nga koalicioni qeverisës për këto dy arsye,1320,1397
true_248,248,0,real,"Cubat e maleve, s'ka kush i bën bashkë?!",3400,3441
true_249,249,0,real,Ky është akademiku i madh që e ka bërë Kosovën me palestra sportive në vitet e 70-ta! Lamaxhema ka një porosi,1301,1411
true_250,250,0,real,Hoti i kundërpërgjigjet Haradinajt dhe Limajt: Nuk lejoj asnjë ndërhyrje në autorizime e mija,1399,1493
true_251,251,0,real,Rrëfehet burri: Dashnorja ime që e kam kolege të punës më la dhe unë do t'i tregoj bashkëshortit të saj gjithçka,2810,2923
true_252,252,0,real,"Flet Jakup Krasniqi pasi rezultoi pozitiv me Covid-19, tregon për gjendjen",575,650
true_253,253,0,real,Jakup Krasniqi infektohet me koronavirus,250,291
true_254,254,0,real,"10 vjet nga vendimi i GjND-së, Basha nxjerr dokumentin: Koha për njohje reciproke mes Kosovës dhe Serbisë",1700,1806
true_255,255,0,real,"Haradinaj: Nuk e di çfarë ka ndodhur në takimin Hoti-Vuçiq, por nuk besoj se Hoti bëri ndonjë tradhti",1233,1335
true_256,256,0,real,"PDK e LDK bashkuan sot forcat, i kapin 4 ndërmarrjet publike lokale në Mitrovicë",1166,1247
true_257,257,0,real,Si u bë feja islame kaq e ‘gjallë’ dhe atraktive!,5366,5416
true_258,258,0,real,"​Vdes një i prekur me Covid-19, konfirmohet se është nga Kamenica",639,705
true_259,259,0,real,Duhanaj: Personat që e kundërshtojnë ndërtimin e xhamisë kanë emra turq,2435,2507
true_260,260,0,real,Analisti i tregon arsyet përse nuk bënë të ndërtohet Xhamia në Prishtinë,1577,1650
true_261,261,0,real,"Reagon Naim Miftari, e sqaron përfundimisht a është dëshmitar i Gjykatës Speciale dhe kush ka “kënduar” në Hagë",2021,2133
true_262,262,0,real,Caktohet një muaj paraburgim për 40-vjeçarin që ia preu kokën babait me sëpatë në Fushë Kosovë,881,976
true_263,263,0,real,Reçica: Do të njohim stazhin e punës për të punësuarit e viteve 90-ta,820,890
true_264,264,0,real,"Ramiz Kelmendi me letër të hapur ndaj Thaçit e Hotit, kjo është kërkesa e tij",2059,2137
true_265,265,0,real,"Pozita e koordinatorit, një dhuratë për Skender Hysenin",972,1028
true_266,266,0,real,​Ambasadorja e ShBA-së në Tiranë shpreson në një marrëveshje Kosovë-Serbi,2193,2267
true_267,267,0,real,Driton Selmanaj jep lajmin e fundit për kompleksin memorial “Adem Jashari”,912,987
true_268,268,0,real,"Mërgimtarët tanë në Zvicër, ende mbajnë të ndezur vatrën e gjuhës dhe kulturës sonë në Medvegjë",5097,5193
true_269,269,0,real,"Profesori universitar thotë se ministri i Arsimit nuk di të shkruajë, ja si arsyetohet ky i fundit",1870,1969
true_270,270,0,real,"Shbërblehet me 30 mijë dollarë kamarieri, nuk i shërbeu klientes pasi ishte pa maskë",1440,1525
true_271,271,0,real,"BE ende pa vendim për rihapjen e kufijve, amerikanët pritet të përjashtohen",2888,2964
true_272,272,0,real,"Pritet të tentohet shfuqizimi i Speciales në Kuvendin e Kosovës, ja kush e thotë",2411,2492
true_273,273,0,real,"Bajram Krasniqi: Urime përvjetori i gazetës ‘Bota sot’, Kemajl Goca një gazetar i mrekullueshëm",561,657
true_274,274,0,real,"Mustafa deklarohet pas takimit me Limajn, ja për çka folën",759,818
true_275,275,0,real,"Gjyqtari ndërkombëtar, Nazmi Ibërdemaj: Urime 25 vjetori i gazetës ‘Bota sot’, Kemajl Goca ikona e gazetarisë sportive",528,647
true_276,276,0,real,“Gazeta “Bota sot” shkatërron të këqijtë dhe përkrahë vlerat e përjetshme kombëtare”,1376,1461
true_277,277,0,real,"Forgein Policy: Akuzat ndaj Hashim Thaçit nuk i përshtaten Trump, Vuçiq kaloi një javë të mirë",2820,2915
true_278,278,0,real,"Ibrahim Domi: Urime 25 vjetorin e gazetës ‘Bota sot’, të festoni edhe shumë vite të tjera",658,748
true_279,279,0,real,"Qeveria “Hoti” për një muaj emëron 44 zv/ministra, ndjek modelin e Qeverisë “Haradinaj”",1855,1943
true_280,280,0,real,Grenell kritikon NYT që ngatërroi Vuçiqin me Thaçin,712,764
true_281,281,0,real,"Dervish Berisha: Gazeta ‘Bota sot’, ja ka shtuar vlerën Kosovës në të gjitha drejtimet",913,1000
true_282,282,0,real,"Zogaj: “Bota sot”, zëdhënëse e shqiptarëve për liri",4734,4786
true_283,283,0,real,"Suspendohet polici Gëzim Krasniqi, në Facebook shprehi gëzim për aktakuzat ndaj Thaçit dhe Veselit",1397,1501
true_284,284,0,real,Gani Geci: Shpresoj që aktakuza të ketë ndodhur me dijeninë e amerikanëve,909,983
true_285,285,0,real,"Jusuf Buxhovi: Dëmi që PDK-ja, LDK-ja dhe AAK-ja ia kanë bërë Kosovës është shumë i madh",2302,2391
true_286,286,0,real,"Për t’ia vërtetuar dashurinë të dashurës së re, 20-vjeçari e vret në mënyrë barbare ish të dashurën",1695,1795
true_287,287,0,real,"Prishtina tallet keq me Ismet Munishin, pak pasi e mposhti në fushë",1563,1631
true_288,288,0,real,Kreu i Urgjencës jep alarmin: Në vjeshtë përveç Covid duhet të jemi gati edhe për gripin,2662,2751
true_289,289,0,real,Inspektorati detyron njerëzit që të veshin maska edhe brenda lokaleve,311,381
true_290,290,0,real,"Përdhunime, aborte… Detaje tronditëse, çfarë ndodh me gratë në burgjet e Koresë së Veriut",1379,1469
true_291,291,0,real,Deputeti i AAK’së i çon kërkesë Hotit për rivarrimin e Shote Galicës në Kosovë,971,1053
true_292,292,0,real,"Munishi pas humbjes në finale të kupës: Ne ishim të lodhur, ndërsa Prishtina e pushuar",1405,1492
true_293,293,0,real,Tensionet me Greqinë: Prapaskenat e tërheqjes së Turqisë nga ujërat e Egjeut,4345,4422
true_294,294,0,real,"Ndryshime në qeveri, firmosen largimet e tre zëvendës ministreve",451,516
true_295,295,0,real,Infektologu Sadiku: Nuk është mirë të falet Bajrami në xhami,2174,2235
true_296,296,0,real,"Kujdes nga i nxehti edhe nesër, priten temperatura shumë të larta",1497,1563
true_297,297,0,real,"Nga sonte shqiptohen gjoba për ata që nuk i respektojnë masat, kështu duket tiketa",771,854
true_298,298,0,real,Pse këto salca janë më të famshmet në botë?,1942,1986
true_299,299,0,real,"“Kini mëshirë, dua të takoj fëmijët” Thirrja e të moshuarës shqiptare nga kampi sirian",1027,1114
true_300,300,0,real,BIK nuk e ndryshon planin për faljen e namazit të Bajramit pas vendimit të Qeverisë,1972,2056
true_301,301,0,real,Zvicra nuk e përjashton testimin e detyrueshëm në aeroporte,2636,2696
true_302,302,0,real,A ekziston vërtet COVID? Bill Gates flet për herë të parë pas teorive konspirative,1528,1611
true_303,303,0,real,Rezulton pozitiv me Covid 19 deputeti i LVV-së,458,505
true_304,304,0,real,Llapi angazhon trajner nga Afrika e Jugut,1906,1948
true_305,305,0,real,Kim: Çdo akt i kuvendit nesër nuk i mbyll negociatat në Këshillin Politik për listat e koalicionet,3298,3397
true_306,306,0,real,"Pavarësisht masave kundër COVID-19, xhamitë mbeten të hapura, të premten falet namazi i Kurban Bajramit",1685,1789
true_307,307,0,real,"Shkuan t’i prangosin, por komisionerët kishin vdekur! Kreu i SPAK: Nuk ishin ç’regjistruar, hetimi ishte sekret",1890,2002
true_308,308,0,real,"Pesë muaj pasi u dogj në veturë, presidenti Thaçi e shpall hero Qerim Kelmendin",1225,1305
true_309,309,0,real,"“Mos mi ngre supet, kush ta ka kafshuar gjuhën?” Replikat Murrizi- Lleshaj për tenderat",2576,2664
true_310,310,0,real,Galatasaray bën gati ofertën zyrtare për Baftiun,1258,1307
true_311,311,0,real,"Porti i Durrësit, kapen mijëra paund e euro dhe 545 celularë kontrabandë",2173,2246
true_312,312,0,real,"Soreca- Ramës: Duhet marrëveshje për Kushtetutën, që qeveria pas zgjedhjeve të pranohet",11558,11646
true_313,313,0,real,Haziri e quan “katastrofal” menaxhimin e pandemisë nga Hoti,1478,1538
true_314,314,0,real,“Kishte gjak kudo” – Rrëfimet për kreun e Federatës që i dhunonte e përulte lojtaret,10259,10344
true_315,315,0,real,Regjisorja Blerta Zeqiri tregon se si ishte rrahur nga Diellza Kolgeci,494,565
true_316,316,0,real,Mjeku shpjegon maskat: Jo të gjitha ju mbrojnë nga Covid! Të sigurt vetëm duke mbajtur distancë,867,963
true_317,317,0,real,Bastoret parashikojnë fituesin e Kupës së Kosovës,1976,2026
true_318,318,0,real,Pipero: Vaksina nuk do të bëjë mrekulli! Qeveria të kontrollojë tregun e maskave,4545,4626
true_319,319,0,real,"Parashikimi i motit në Shqipëri, temperaturat të larta deri në 40°C",461,529
true_320,320,0,real,"10% e vdekjeve prej Covid nga pacientë pa sëmundje, situatë serioze në Shqipëri",3354,3434
true_321,321,0,real,"E la Gjermaninë për t’iu bashkuar UÇK-së, rrëfimi i luftëtarit që ia ndryshuan edhe emrin gjatë luftës së Kosovës",893,1007
true_322,322,0,real,"Interi e mund Napolin, e mban pozitën e dytë në Serie A",1529,1585
true_323,323,0,real,Lautaro Martinez shënon gol të çmendur kundër Napolit,338,392
true_324,324,0,real,"Fqinji përdhunoi dhe la shtatzënë 33-vjeçaren e sëmurë, si e zbuloi ngjarjen i vëllai",3306,3392
true_325,325,0,real,Ekskluzive: Flet protagonistja e videos virale “O shac”,1641,1697
true_326,326,0,real,"Masat kundër pandemisë, qeveria merr vendimin e ri për çerdhet",538,601
true_327,327,0,real,Gramoz Vokrri i hapur të kthehet në FFK,1895,1935
true_328,328,0,real,"Puthje, përqafime! Oriola Marashi publikon për herë të parë foto me Eros Grezdën",883,964
true_329,329,0,real,Tubimet publike përkeqësojnë situatën epidemiologjike në vend,1451,1513
true_330,330,0,real,"10 mln lekë grabitje, hajdutët vjedhin në fabrikën e përpunimit të peshkut",567,642
true_331,331,0,real,Cakaj shkarkon nga detyra konsullin shqiptar në Bari,333,386
true_332,332,0,real,"Goditje e rëndë për Arsenalin, Shkodran Mustafi mungon deri në tetor",935,1004
true_333,333,0,real,"Vrasja e Emiljano Ramazanit, policia gjen armën e krimit, arreston dy persona",1764,1842
true_334,334,0,real,Fëmijët shqiptarë në kampin sirian po rrëmbehen! Thirrja për ndihmë,3246,3314
true_335,335,0,real,"Shala për pretendimet e Gjyshincës: S’e sulmova, nuk ekziston ajo ngjarje",962,1036
true_336,336,0,real,"Gashi në konferencë: Gjyshinca inçizoi gjithçka, le ta nxjerr videon, s’kemi sulmuar askënd",1270,1362
true_337,337,0,real,"Vatër e re në Kukës, 5 persona infektohen me Covid në festën e ditëlindjes",336,411
true_338,338,0,real,Pse është e rëndësishme të hani perime?,2251,2291
true_339,339,0,real,"Mjekja thirrje të rinjve: Ndaloni festat e grumbullimet, do të prekeni nga koronavirusi",685,773
true_340,340,0,real,Silva Bino tregon kush janë vatrat kryesore të koronavirusit në Shqipëri,1804,1877
true_341,341,0,real,Rama mesazh opozitës: Me 30 korrik votojmë hapjen e listave,1651,1711
true_342,342,0,real,"Gjyshinca i VV-së: Kujtim Shala e Arben Gashi më sulmuan, e vërtetojnë edhe incizimet",1414,1500
true_343,343,0,real,"“Përplasje fizike LDK-VV në Kuvend”, Gashi mohon të ketë pasur incident",609,681
true_344,344,0,real,"Pamjet LIVE: Mbytet anija ushtarake në Dhërmi, zbulohet shkaku",392,455
true_345,345,0,real,"Fieraku lind me 6 gishta e probleme mendore, prindërit shpërthejnë në lot: Na dhunon, mos të ishin komshinjtë, sot do kishim 2 varre!",3944,4078
true_346,346,0,real,Sot Qeveria Hoti merr vendim për shkarkimin e të gjitha bordeve të emëruara nga Kurti,556,642
true_347,347,0,real,"‘Sa mall kam për ty, për zërin tënd’, Klajda Gjosha bën dedikimin prekës për të atin e ndjerë",856,950
true_348,348,0,real,"Pas Bajramit, do të hapen Portat e Ferrit",6897,6939
true_349,349,0,real,Detaje nga aksidenti i tmerrshëm që shkaktoi dje 24-vjeçari kosovar në Berlin,2104,2182
true_350,350,0,real,Shpend Ahmeti reagon pas rastit të 9-vjeçares që u kafshua nga qentë endacakë,1065,1143
true_351,351,0,real,Lë punën shitësi që nuk bëri asnjë ditë pushim për 38 vite radhazi,1033,1100
true_352,352,0,real,"‘Do vriste katër persona’, policia aksion për kapjen e një të dënuari, në kërkim prej 5 vitesh. Ja ku u gjet",1089,1198
true_353,353,0,real,"Valbon Krasniqi: Jemi keq, i lus qytetarët të jenë të kujdesshëm",2702,2767
true_354,354,0,real,Aksident i rëndë në Prizren: Çiklisti goditet nga një veturë e cila e hedh disa metra larg,790,881
true_355,355,0,real,"Andy Ruiz reklamon transformimin, para kthimit në ring",906,961
true_356,356,0,real,"Haradinaj kundër masave të reja, kërkon të gjendet mënyra për mbajtjen e dasmave",1111,1192
true_357,357,0,real,Shqetësuese: Gjermania shënon mbi 600 raste me Covid-19 për 24 orë,780,847
true_358,358,0,real,Si do të falet Kurban Bajrami? Zemaj thotë se tubimet në masë nga sot do të ndalohen,1037,1122
true_359,359,0,real,Barcelona ia jep dy lojtarë Arsenalit për Mattéo Guendouzin,2055,2115
true_360,360,0,real,"Iggy Azalea e nxehtë edhe pas lindjes, tregon gjoksin në dalje publike",644,715
true_361,361,0,real,Barcelona prezanton përforcimin e ri,450,487
true_362,362,0,real,Protestojnë artistët: Askush nuk mund ta rishkruajë Historinë e Kosovës,1250,1322
true_363,363,0,real,A mund të gjeni trëndafilin në këtë imazh?,1995,2038
true_364,364,0,real,Buta paralajmëron këngë me Era Istrefin,549,589
true_365,365,0,real,"Kryetari i Shoqatës së Gastronomëve: Na kanë bërë kurban, na lejoni të punojmë",1074,1153
true_366,366,0,real,Vaksina amerikane hyn në fazën e fundit të testimit,1975,2027
true_367,367,0,real,“100 € për shërbim ekstra” Si i zbuloi agjenti i infiltruar 3 qendra estetike prostitucioni,3987,4079
true_368,368,0,real,"“Gjuhen” me fjalë, Rina Balaj e Erza Jusaj",1369,1412
true_369,369,0,real,Haziri i ashpërson kritikat ndaj Hotit: Nuk jam kryetar për të numëruar të vdekurit nga Covid-19,1571,1668
true_370,370,0,real,“Disa prokurorë s’duhej të ishin në SPAK” KLP i përgjigjet kritikave të Theo Jacobs,3772,3856
true_371,371,0,real,Shteti nuk i ndihmon mjekët që infektohen në vendin e punës,1727,1787
true_372,372,0,real,"Pamjet, makina godet shtyllën e murin! ‘Benzi’ bëhet copash, dy persona plagosen",470,551
true_373,373,0,real,"Eva Murati flet për rikthimin në televizion: Kam marrë shumë brryla, xhelozi dhe inate",1893,1980
true_374,374,0,real,"Fillojnë testimet serologjike në Prishtinë, Shpend Ahmeti tregon bilancin",1012,1086
true_375,375,0,real,"Nga abstenimi i Xhafës tek ‘mungesa’ e Elisës, si u votua për shkarkimin e Metës",1236,1317
true_376,376,0,real,"Mjeku: Në Shqipëri shqetësues numri i viktimave Covid, ditët e fundit njëlloj me Italinë",1654,1743
true_377,377,0,real,"Për ju që e adhuroni ushqimin Italian, ja zgjedhja ideale",1890,1948
true_378,378,0,real,"Gjemania tregon fuqinë, teste falas për Covid-19 për të gjithë që kthehen atje",1272,1351
true_379,379,0,real,"6 qytetarë humbin jetën në Shqipëri prej Covid, 117 raste të reja",3066,3132
true_380,380,0,real,Snoop Dogg dëgjon “Mi dhe flakë mallit tim” të Luana Vjollcës me Bujar Qamilin,887,966
true_381,381,0,real,"Filmi serb për Shtëpinë e Verdhë, aktorja kosovare i shkruan aktorit të Hollywoodit: Mos pranoni të luani për propagandë",2789,2910
true_382,382,0,real,"Misteri i vdekjes së 16-vjeçares shqiptare në Trikala, dyshime për përfshirjen e një 30-vjeçari. Videoja që ka në dorë policia",2542,2669
true_383,383,0,real,"Gjermania vendi më i pëlqyer në botë, lë pas SHBA, Kinën dhe Rusinë",1271,1339
true_384,384,0,real,"Edi Rama ia uron Lorik Canës ditëlindjen, paralajmëron bashkim kombëtar",2557,2629
true_385,385,0,real,Labi lajmërohet nga shtëpia e plakës që jeton e vetme dhe me 90 euro në muaj,573,650
true_386,386,0,real,"I vdiq shoferi nga COVID, Elisa Spiropali dedikim të ndjerë: Kur e mora vesh, vetëm më rridhnin lot pa kontroll!",1237,1350
true_387,387,0,real,"Gjermania paralajmëron përhapje të re të koronavirusit, 174 punëtorë infektohen në një fermë",1562,1655
true_388,388,0,real,"LISTA/ Nga Topalli e Leskaj te Plasari e Londo, emrat e propozuar për deputetë nga çdo degë e PD-së",3893,3993
true_389,389,0,real,"Kosovari shkon me Golf 4 në Zvicër, filmohet nga shqiptarët në Zurich",915,985
true_390,390,0,real,Si do të duket jeta në vitin 2022 ?,3677,3713
true_391,391,0,real,"“Përse intubimi s’ka pasur suksesin që pritej?”, mjeku anestezist jep detaje për trajtimin e pacientëve dhe flet për rrezikun e madh: Ja çfarë ndodh",4068,4217
true_392,392,0,real,Ky shtet do t’i evakuojë 80 mijë njerëz pas shënimit të tri rasteve me Covid-19,1076,1156
true_393,393,0,real,"Video e realizuar pak para se të humbte jetën në aksident, kështu voziste dje motoçiklisti që u aksidentua në Komoran",578,696
true_394,394,0,real,Gjermania refuzon propozimin e Trumpit për lejimin e kthimit të Rusisë në Grupin G7,1437,1521
true_395,395,0,real,"Njihuni me fshatin ku paraja dhe pushteti nuk kanë vlerë, çdo gjë falas",1648,1720
true_396,396,0,real,Dilogu rifillon në rrethana dramatike për Kosovën,1502,1552
true_397,397,0,real,"Detaje nga vrasja në Kamenicë, i dyshuari lajmëroi policinë pasi e qëlloi gruan",1659,1739
true_398,398,0,real,Studim: Burrat tullacë kanë 40 % të ngjarë të përfundojnë në spital nga koronavirusi,884,969
true_399,399,0,real,Po kërkoni çokollatë pa sheqer? Kjo është për ju,1474,1523
true_400,400,0,real,Enca provokon me dy foto,508,533
true_401,401,0,real,"Viola Spiro, nga lidhja e re me biznesmenin te barku i rrumbullakosur në plazh",4463,4542
true_402,402,0,real,"Kthimi i Aja Sofisë në xhami, Greqia tenton të kundërpërgjigjet me këto masa",4100,4177
true_403,403,0,real,Nesër vendoset nëse do të lejohet falja e namazit të Bajramit në hapësira të hapura,1607,1691
true_404,404,0,real,Një grua dyshohet se infektoi 98 persona në një klub nate,1460,1518
true_405,405,0,real,Turqia nis tërheqjen e anijeve luftarake nga Egjeu,1394,1445
true_406,406,0,real,"Mbi 33 mijë kosovarë janë testuar për COVID-19 që nga fillimi i pandemisë, gati shtatë mijë pozitivë",853,954
true_407,407,0,real,Osmani i bie pishman çka tha për Hotin më 2017,1292,1339
true_408,408,0,real,I riu shqiptar mbytet në Valbonë,262,295
true_409,409,0,real,Gold Ag i quan shejtanë ata që e kundërshtojnë ndërtimin e Xhamisë,560,627
true_410,410,0,real,Bukuroshja që ka pasion armët,549,579
true_411,411,0,real,"Thaçi: U koordinuam për emërimin e Hysenit, ka mandat për negocimin e marrëveshjes finale, jo për procese teknike",1453,1567
true_412,412,0,real,"Ischinger lobon për heqjen e vizave, von Cramon i reagon: Mos harro t’ua thash këtë Macronit dhe Rutte’s",978,1083
true_413,413,0,real,"Rusia: S’kemi nevojë të vjedhim, kemi marrëveshje me Oksfordin për vaksinën kundër Covid-19",1629,1721
true_414,414,0,real,"U gjend e masakruar: Varroset sot adoleshentja shqiptare në Greqi, flet polici me të cilin kishte takim",1203,1307
true_415,415,0,real,Takimi Vuçiq – Vahrleyi u zhvillua në zyrat e misionit serb – aty ishte libri që ka në titull fjalët “Kosova dhe Metohia”,965,1087
true_416,416,0,real,"Alarmon Merkel: Covid-19 nuk ka mbaruar, merreni seriozisht",880,940
true_417,417,0,real,"Vdesin 2 persona nga covid19 në Shqipëri, shkon në 53 numri i qytetarëve që kanë humbur jetën",508,602
true_418,418,0,real,"Adem Zogjani dje u dërgua në Hagë, familja thotë se ka folur me të",1179,1246
true_419,419,0,real,"Hoti i nis takimet në Bruksel, flet për vizat e dialogun me europarlamentarin McAllister",597,686
true_420,420,0,real,Si u prish takimi në Washington,2616,2648
true_421,421,0,real,"I mungoi tregut muzikor prej vitesh, rikthehet Ledina Çelo",525,584
true_422,422,0,real,"Politikani serb që njeh Kosovën pëson debakël në zgjedhje, kjo është deklarata e tij",773,858
true_423,423,0,real,Kryeprokurori: Ende s’dihet nëse Agon Musliu bëri vetëvrasje apo dikush e shtyri në vrasje,2632,2723
true_424,424,0,real,Cramon për vizat: Ngurrimi i disa vendeve anëtare është i dukshëm,1604,1670
true_425,425,0,real,Trumpi paralajmëron kufizime të reja me viza për punëtorët e huaj,1579,1645
true_426,426,0,real,55 euro për ta parë meçin Joshua – Fury nga shtëpia? – Reagon promotori Hearn,1960,2038
true_427,427,0,real,I afrohet shifrës 1.000 numri i rasteve aktive me koronavirus në Kosovë,903,975
true_428,428,0,real,Grenell lajmërohet për takimin në Washington: Kosova dhe Serbia duhet ta shfrytëzojnë këtë mundësi,1109,1208
true_429,429,0,real,"Remzie Osmani publikon portretin e bukur familjar, ja çfarë po festohet",471,543
true_430,430,0,real,"Labi: 87 vjeçares nga Istogu që mbeti e vetme 30 vjet më parë, pension 200 euro që prej sot",2066,2158
true_431,431,0,real,"Pamje brenda Klinikës Infektive, shikoni gjendjen e pacientëve që po marrin trajtimin për COVID-19",1012,1111
true_432,432,0,real,"Gati me një projekt të ri muzikor, me kë po bashkëpunon kësaj here Eni Koçi?",705,782
true_433,433,0,real,Kek super i butë – Shije e lehtë fantastike,2479,2523
true_434,434,0,real,​FSSHK kërkon në kuadër të rishikimit të buxhetit të aprovohet edhe shtesa në paga,1141,1224
true_435,435,0,real,Kështu arriti Meghan ta magjeps princin Harry,1682,1728
true_436,436,0,real,Prindërit e Ledrit më të lumtur se kurrë,782,823
true_437,437,0,real,Shumëkush do të donte të ishte në vendin e Vesa Lumës,564,618
true_438,438,0,real,"Modelja e njohur: Ronaldo ma bëri bllok në Instagram, pasi e refuzova",1008,1078
true_439,439,0,real,"Dikur jetoi në shpellë, sot është një nga liderët më të fuqishëm në botë",6606,6679
true_440,440,0,real,"I patën ngatërruar në spital, tash nuk duan të kthehen tek prindërit biologjikë",3362,3442
true_441,441,0,real,"Kosovarja, miss, politikane dhe këngëtare e suksesshme në Zvicër",1837,1902
true_442,442,0,real,Kështu dukej “Xhek Setra” vite më parë,492,531
true_443,443,0,real,"Po peshkonte në një vend të qetë mendoi se askush nuk do ta pengojë, para syve ju shfaq një anije që u përplas në drunj",646,766
true_444,444,0,real,‘Me flokë të pa lyer kurrë’ ja si dukej Olta Gixhari para 21 vitesh,779,847
true_445,445,0,real,Askush nuk e dinte/ Reperi shqiptar paska qënë në burg 6 vite më parë,1176,1246
true_446,446,0,real,"10 vendet më misterioze në botë, ndër to edhe një qytet shqiptar",4584,4649
true_447,447,0,real,Presidenti Thaçi dekoron Halil Kastratin për humanizëm,340,395
true_448,448,0,real,Sipas shkencëtarëve këto ilaçe mund ta shërojnë COVID-19,2036,2093
true_449,449,0,real,"Nis Haxhi si asnjëherë më parë, BIK ka këtë njoftim për besimtarët mysliman",1054,1130
true_450,450,0,real,Zanfina sjell imazhe nga pushimet,272,306
true_451,451,0,real,"Kaq të rinjë prindërit e Taynes, sikur t’i kishte vëlla e motër",675,739
true_452,452,0,real,Preshevarëve u ndalohet hyrja në Kosovë pa këtë dokument,1290,1347
true_453,453,0,real,A mund të infektoheni dy herë me koronavirus?,1112,1158
true_454,454,0,real,Disa arsye se përse nuk duhet të flini përmbys,1138,1185
true_455,455,0,real,Rënia e flokëve a është simptomë e koronavirusit?,1917,1967
true_456,456,0,real,"Përgaditet byreku më i madh në botë, u desh vinç për ta bartur",1014,1077
true_457,457,0,real,Zgjidhni një kafshë dhe zbuloni anën tuaj më të errët të personalitetit,1898,1970
true_458,458,0,real,Njihuni me miliarderin që braktisi gjithçka për të jetuar në shpellë,2800,2869
true_459,459,0,real,Sekreti mbi 100 vjeç: Çfarë ndodhi me kufomat e Titanikut?,2435,2494
true_460,460,0,real,"Arilena publikon foto me të dashurin, shikoni kush është ai",495,555
true_461,461,0,real,Konfirmohet gjithçka: Dashnorja e Robert Berishës thotë se do ta dojë përgjithmonë,2222,2305
true_462,462,0,real,"Gruaja e Justin Bieber, një supermodele!",583,624
true_463,463,0,real,"Gjyste Vulaj sfidon moshën, me foton e fundit la edhe njëherë nën hije vajzat e reja",537,622
true_464,464,0,real,Dush i ftohtë apo i nxehtë? Ja çfarë i bën mirë trupit në netët e nxehta,1771,1844
true_465,465,0,real,Zgjerimi i familjes? Milot Rashica flet për planet,364,415
true_466,466,0,real,"Boshatisen plazhet në Sarandë. Çfarë po ndodh, po frikësohen pushuesit nga COVID-19?",1046,1131
true_467,467,0,real,Qeveria merr vendim të ri për dasmat dhe ahengjet tjera familjare,512,578
true_468,468,0,real,Bie poshtë propozimi/ Kosovarët nuk do të vetizolohen kur të kthehen nga Shqipëria,2753,2836
true_469,469,0,real,Haradinaj kundër masave të reja,1123,1155
true_470,470,0,real,Cili çelës po ju tërheqë më shumë vëmendjen?,2639,2684
true_471,471,0,real,Blerona ndryshon stilin: Ja si po duket me këtë pamje,271,325
true_472,472,0,real,"Elsa, vajza e Safetes jo veç këngëtare, ky është profesioni tjetër i saj",569,642
true_473,473,0,real,Nëna e Edonës me stil të flokëve si vajzat e reja,449,499
true_474,474,0,real,Më shumë famë qeni i Morenës se disa të estradës,810,859
true_475,475,0,real,Nuk ekziston ilaç më i mirë se ky çaj për uljen e tensionit dhe kolesterinës!,1816,1894
true_476,476,0,real,Sikur ta shihte turku këtë foto të Gentës a do ta dojë atë?,623,683
true_477,477,0,real,Kështu lazdrohet vajza e Shkumbinit e Mimozës,673,719
true_478,478,0,real,"E dërguan të pastrehun në restorant për ta qerasur me drekë, ikin pa paguar",630,706
true_479,479,0,real,Mustafa i reagon VV-së: Akademik Kujtim Shala me dije…,866,921
true_480,480,0,real,Sa palë syza ka Leonora Jakupi,591,622
true_481,481,0,real,Vjollca Haxhiu realizon foto të bukur në Dubai,408,455
true_482,482,0,real,"E humbi para 13 vjetësh, brenda unazës së martesës kishte mbirë një karotë",1212,1287
true_483,483,0,real,Ky burrë e ha specin më të djegës në botë pa pirë asgjë,646,702
true_484,484,0,real,Fenomenet natyrore që vetëm shumë pak njerëz kishin fatin t’i shihnin,616,686
true_485,485,0,real,Aktorja superseksi shqitare pozon nga pishina me pantallona zbërthyer,391,461
true_486,486,0,real,Miss Valentina shfaqet superseksi me të zeza,296,341
true_487,487,0,real,‘Zbulimi i hershëm i COVID-19’/ Gjermanët po trajtonë qentë e ushtrisë për nuhatjen e virusit,1965,2059
true_488,488,0,real,"Një lajm i mirë: Ky shtet lehtëson masat për pushuesit kosovar, ja cilat plazhe mund t’i vizitoni",553,651
true_489,489,0,real,"Gastronomët: Nëse vazhdon kështu, në neuropsikiatri na keni të gjithëve",1334,1406
true_490,490,0,real,"Sipas studimeve, fëmija i dytë i familjes ka prirje të sjell vetëm telashe",1128,1203
true_491,491,0,real,"Bleu një shalqi në treg dhe kur e ndau në dy pjesë mbeti e habitur, pasi që nuk ishte i kuq por…",546,643
true_492,492,0,real,Ja si ndërroi jetë Enver Hoxha…,2727,2759
true_493,493,0,real,NASA: Pamjet e fotografuara në Mars janë të vërteta,1606,1658
true_494,494,0,real,Dubai me buxhetin më të madh në histori për stimulimin e ekonomisë,1110,1177
true_495,495,0,real,"‘Eh moj Sara Hoxha mbas 5 vitesh, kur ta kapësh duke të të tradhtuar këtë laper’",1240,1321
true_496,496,0,real,Në këto komuna janë konfirmuar 276 rastet e reja me koronavirus,640,704
true_497,497,0,real,"Xhensila me poza joshëse nga shtrati, e mahnitshme",428,479
true_498,498,0,real,"Kosovarëve nuk ua ndien për virusin, vazhdojnë me dasma në kohë pandemie",1426,1499
true_499,499,0,real,Ledri i dhuroj puthje? Kështu përgjigjet moderatorja e njohur,805,867
true_500,500,0,real,Ish i dashuri i realizon foto të nxehtë Dafinës,734,782
true_501,501,0,real,IKShPK me mesazh drejtuar qytetarëve,398,435
true_502,502,0,real,"I thanë se ka një lloj buburreci në kraharor, por doli krejt tjetër gjë",716,788
true_503,503,0,real,Modelen e kafshon majmuni gjatë spektaklit televiziv që transmetohej live,507,581
true_504,504,0,real,"Ëndrra e thyer, jeta në mjerim e 22-vjeçares që dëshiron të bëhet mësuese",1680,1754
true_505,505,0,real,Vetëm për një veshje Leonora Jakupi shpenzoi 10 mijë euro,658,716
true_506,506,0,real,Pas Taynës ylli i Real Madrit i shkruan dhe moderatores shqiptare s*ksi,801,873
true_507,507,0,real,Vajzat e estradës sonë po lënë meshkujt shqiptarë për miliarderë të huaj,2694,2767
true_508,508,0,real,Trajneri i njohur shqiptar ndërron jetë shkaku i Koronavirusit,722,785
true_509,509,0,real,Vuçiç “kërcënon” Kosovën: Ndaluni ose do nisim fushatën kundër jush,2516,2584
true_510,510,0,real,"Osmani: I dashur Apple, Kosova është pjesë e botës tuaj, Dua imazh i juaj",1179,1253
true_511,511,0,real,Morena nuk kursehet na tregon më shumë se ç’duhet,465,515
true_512,512,0,real,Kështu e ushqen vajza e madhe e Ermalit motrën e saj,709,762
true_513,513,0,real,"Nuk jeni në depresion, këto shenja iu tregojnë se jeni të rrethuar nga budallenj",3424,3505
true_514,514,0,real,Mustafa: T’u jepet përkrahje Hotit dhe institucioneve në dialogun politik,1191,1265
true_515,515,0,real,"Është 53 vjeç, por në këtë foto Eli Fara duket si një vajzë e re",464,529
true_516,516,0,real,8 të vdekur nga koronavirusi gjatë 24 orëve të fundit,718,772
true_517,517,0,real,Ariana shkëlqen në këtë fustan madhështor me punim dore,563,619
true_518,518,0,real,Nga këto komuna vijnë 220 rastet e reja me koronavirus,1062,1117
true_519,519,0,real,Me fustan të hapur Adelina i reklamohet para syve avokatit,643,702
true_520,520,0,real,Cilat janë simptomat që tregojnë nëse e keni kaluar koronavirusin,1514,1580
true_521,521,0,real,"Flasin nga Parlamenti Evropian, japin lajmin e fundit për vizat",1096,1160
true_522,522,0,real,"35-vjeçari nga Ferizaj vdes në QKUK, ishte në pritje të rezultatit për Covid-19",1576,1656
true_523,523,0,real,E dashura e Ledrit ‘çmend’ me fytyrën e saj natyrale,606,659
true_524,524,0,real,"Nga kjo ditë duhet të bëni kujdes kur dilni, temperaturat do të jenë përvëluese!",686,767
true_525,525,0,real,"Vdes 32-vjeçari nga Peja, dyshohet të ketë qenë me koronavirus",1095,1158
true_526,526,0,real,Qeveria do ta lejojë faljen e namazit të Kurban Bajramit,593,650
true_527,527,0,real,Sa shumë kanë ndryshuar aktorët e serialit “Kloni”,807,858
true_528,528,0,real,"Një yll si Oriola Marashi, ndriçon edhe në mbrëmje",596,647
true_529,529,0,real,Ulet në një skaj të studios dhe… duket kaq bukur,395,444
true_530,530,0,real,Morena ‘rrëzohet’ në rrafsh,314,342
true_531,531,0,real,"Ndërron jetë edhe një person i infektuar me Covid-19, nga Peja",288,351
true_532,532,0,real,Shkurte Mustafa tregon barkun e fryrë në fustan të gjatë,461,518
true_533,533,0,real,Sportisti kosovar ndërron jetë nga Koronavirusi,1243,1291
true_534,534,0,real,Serbët e Leskovcit paralajmërojnë padi ndaj Dua Lipës për ajvarin,1269,1335
true_535,535,0,real,Loredana: Zemër ty a të ka marrë malli?,816,856
true_536,536,0,real,Arta Bajrami me çizme të gjata në pikë të verës,447,495
true_537,537,0,real,Dalin fotot nga ditëlindja e djalit të Edi Rames,385,434
true_538,538,0,real,Melinda Ademi me flokë të gjata deri te zogi i këmbës,420,474
true_539,539,0,real,"Bukë me vaj, djathë e domate, pushuesi ndan fotot modeste nga Spilleja: Kaq kemi mundësi…",849,939
true_540,540,0,real,"Afrona: E stresuar, e depresionuar por ende e veshur mire",581,639
true_541,541,0,real,“Azra” merr vëmendje me këtë paraqitje,341,380
true_542,542,0,real,Më në fund u pajtuan Shyhretja dhe Remzia,1227,1269
true_543,543,0,real,8 periudha kritike në jetën e një fëmije që çdo prind duhet të dijë,4056,4124
true_544,544,0,real,"Besojeni ose jo, kjo ndërtesë nuk u shemb as me 300 kilogram tritol",347,415
true_545,545,0,real,Zyrtarja e huaj: Gratë mund të mbesin shtatzëna nëse notojnë bashkë me burrat,1168,1246
true_546,546,0,real,Bëni kujdes! Këto janë 10 gjërat që nuk guxoni t’i fusni kurrë në mirkovalë,619,695
true_547,547,0,real,Gjatë lëshimit në tobogan u goditën keq nga një tjetër,359,414
true_548,548,0,real,Ja si u njoftuan Georgina dhe Cristiano,1801,1841
true_549,549,0,real,7 pjesë të trupit që thonë shumë për personalitetin tuaj të brendshëm,4588,4658
true_550,550,0,real,"Më nuk do të kemi asfalt, kjo është e ardhmja e rrugëve tona!?",604,667
true_551,551,0,real,"Lori e ngehë fytyrën e sytë, nuk lë asnjë rrudhë",676,725
true_552,552,0,real,"Vajza puth të dashurin dhe ndërron jetë, ja çfarë fshihet pas saj",1406,1472
true_553,553,0,real,MIloti e xhiron Edonën prapa kamerave,458,496
true_554,554,0,real,Këta janë disa nga emrat më të çuditshëm të fshatrave shqiptare,727,791
true_555,555,0,real,Atletes i ndodh e papritura gjatë ushtrimeve në palestër,442,499
true_556,556,0,real,"Vila e Esat pashë Toptanit, në fshatin Reth të Durrësit",1584,1640
true_557,557,0,real,Zaimina tregon këmbët nga fustani i bardhë,258,301
true_558,558,0,real,"Tayna vishet si asnjëherë më parë, e tëra në rrjetë",453,505
true_559,559,0,real,"Rrëfimi i ish-pacientit me COVID-19/ Realiteti në spital krejt ndryshe nga ai në media, qetësi e profesionalizëm nga stafi mjekësor",5107,5239
true_560,560,0,real,"Mushkolaj: LDK kishte plan ta rrëzonte Kurtin, Qeveria Hoti varet nga Thaçi dhe Lista Serbe",1312,1404
true_561,561,0,real,“Oj e shkretë” eskalon debati mes Avdullah Hotit dhe Vjosa Osmanit,951,1018
true_562,562,0,real,Reja e Shkurte Fejzës publikon foto nga shtrati,663,711
true_563,563,0,real,Flaka Krelani ekspozon format bomastike trupore,436,484
true_564,564,0,real,Ambasada e Kosovës në Gjermani ka një njoftim për qytetarët e saj,594,660
true_565,565,0,real,Melinda duket shumë atraktive me stilin e ri,447,492
true_566,566,0,real,"Labi mund të dënohet deri në 5 vjet, pas thirrjes që bëri që të mos barten maskat",978,1060
true_567,567,0,real,Big Mama publikon foto me këtë mashkull në pishinë,457,508
true_568,568,0,real,"Reperi i njohur habit me deklaratën: 8 mijë euro paguaj vetëm berberin, nuk këndoj poshtë shifrës…",731,830
true_569,569,0,real,21-vjeçari martohet me një 74-vjeçare,1249,1287
true_570,570,0,real,Ronela Hajati nxjerrë nga arkiva foto provokative,234,284
true_571,571,0,real,Kështu e zuri babai i saj Shyhreten me të dashurin,1096,1147
true_572,572,0,real,"Robertit i pëlqen “Anna” e Norës, edhe sot argëtohet me të",695,754
true_573,573,0,real,"Thënie të Ibrahim Rugovës: Kokën mund të ma ndërrojnë, por mendimin kurrë!",2676,2751
true_574,574,0,real,"Inxhinieri që e shndërroi në shtëpi aeroplanin gjigand, pagoi 220 mijë dollarë për ta çuar nga Greqia në SHBA",999,1109
true_575,575,0,real,Vitia shkruan për vdekjen e tre mjekëve në Kosovë,988,1038
true_576,576,0,real,"Vdes një 70-vjeçar nga Klina, ishte në pritje të rezultateve për COVID-19",542,616
true_577,577,0,real,Adelina Berisha humb personin e afërt,428,466
true_578,578,0,real,Kërkohet që të hiqet kufizimi i lëvizjes dhe të zgjatet orari i gastronomisë,1019,1096
true_579,579,0,real,Kush mund të hyjë në Zvicër dhe kush duhet të karantinohet?,3246,3306
true_580,580,0,real,"Dua Lipa lanson këngën e re, Tokyo e ‘Casa de Papel’ shkëlqen në videoklip",628,703
true_581,581,0,real,Seldi ndan një imazh të nxehtë me të dashurën në pishinë,500,557
true_582,582,0,real,"Sërish viza gjermane për ata me kontratë pune, por edhe pengesa",6431,6495
true_583,583,0,real,Covid-19 u merr jetën dy mjekëve kosovarë,1346,1388
true_584,584,0,real,Adelina e tepron me fustanin e shkurtër,358,398
true_585,585,0,real,"Sejdiu i gatshëm të kandidojë për president, nëse dorëhiqet Thaçi",756,822
true_586,586,0,real,Menjëherë fshijeni nësë ju vjen ky mesazh në telefon,1195,1248
true_587,587,0,real,"Uji kurrë më parë nuk ka qenë aq i pastër në Venedik, peshqit shihen nga distanca duke notuar",858,952
true_588,588,0,real,E dashura e Ronaldos ‘bombastike’ edhe në veshje solemne,494,551
true_589,589,0,real,"Jo veç të dashur, ja çka e ka tjetër Genta biznismenin turk",625,685
true_590,590,0,real,Jessica përsëri e tregon gjoksin,309,342
true_591,591,0,real,Shikojeni se sa është shëndoshur Tayna gjatë karantinës,659,715
true_592,592,0,real,"Kejvina bombastike, merr gjithë vëmendjen me paraqitjen e fundit!",479,545
true_593,593,0,real,"Para pasqyres, Demi Rose ekspozon linjat",356,397
true_594,594,0,real,"Bill Gates: Përmes vaksinës kundër COVID-19, nuk do t’u vendosen njerëzve çipa në trup",1100,1187
true_595,595,0,real,Arjola Demiri çmend rrjetin me të zeza,355,394
true_596,596,0,real,Geci: Nga Brukseli e Holanda më njoftuan se jeta ime është në rrezik,974,1043
true_597,597,0,real,"Flet akoma me burrin e dytë, Rudina tregon a bëhet xheloz burri i saj i tretë",767,845
true_598,598,0,real,E vërteta e hidhur e vezëve që blini në dyqan,2772,2818
true_599,599,0,real,Ja çka u ndodh pas shërimit atyre që janë prekur nga koronavirusi,1118,1184
true_600,600,0,real,Gjashtë simptomat të lehta të Coronavirust që duhet t’i dini,9013,9074
true_601,601,0,real,"Koronavirusi gjendet në spermën e meshkujve, madje edhe pasi kanë filluar të shërohen",1830,1916
true_602,602,0,real,8 persona vdesin nga koronavirusi në Kosovë,378,422
true_603,603,0,real,Krasniqi: Sot i kemi sjell para falimentimit të gjithë gastronomët e Kosovës,2109,2186
true_604,604,0,real,Arben Gashi i reagon Vjosa Osmanit pas përplasjes me Kujtim Shalën,1367,1434
true_605,605,0,real,"Selimi: E kuptoj shqetësimin e deputetëve, por nuk e kuptoj egërsinë e tyre ndaj kryetares së Kuvendit",934,1037
true_606,606,0,real,Zemaj ia kthen Osmanit: Nuk them “mos na rrej” por “mos na gënje” se jam djalë i mësueses!,536,627
true_607,607,0,real,Vjosa Osmani: Unë jam sherifi ktu,1149,1183
true_608,608,0,real,Pse duhet të konsumoni limon çdo ditë?,1067,1106
true_609,609,0,real,"Punëtorët e Telekomit: Më mirë me vdek prej koronavirusit, se nga Blerim Devolli",384,465
true_610,610,0,real,Edhe Jakup Krasniqi del pozitiv me Covid 19,431,475
true_611,611,0,real,"E pabesueshme, por ky do jetë çmimi i vaksinës për trajtimin e Covid 19",1043,1115
true_612,612,0,real,A do të zgjatet leja për punëtorët nga Kosova në Gjermani?,994,1053
true_613,613,0,real,Adrola Dushi ka treguar rreth lidhjes me politikanin nga Kosova,1328,1392
true_614,614,0,real,Vjen edhe reagimi i Leonora Jakupit për ndërtimin e xhamisë në Prishtinë,349,422
true_615,615,0,real,Ja pse kjo është pula më e shtrenjtë në botë,3208,3253
true_616,616,0,real,"Georgina Rodriguez ‘djeg’ rrjetin me FOTO-n e saj, ja çfarë i shkruan e motra",426,504
true_617,617,0,real,Njeriu që premton vaksinën anti-COVID deri në fund të vitit: Do të kushtojë 2.5 euro,1039,1124
true_618,618,0,real,Haradinaj “godet” Hotin: Pse nuk e pyete edhe ti Vuçiqin a din shqip?,1395,1465
true_619,619,0,real,"Haradinaj paralajmëron prishjen e koalicionit, i pakënaqur me Kryeministrin Hoti",968,1049
true_620,620,0,real,Haradinaj-Hotit: Nëse nuk i beson Selim Selimit as unë nuk të besojë ty,1094,1166
true_621,621,0,real,Isa Mustafa shërohet nga koronavirusi,758,796
true_622,622,0,real,Besiana pozon siç u zgjua nga gjumi,560,596
true_623,623,0,real,"Macja më vdekjeprurëse në botë nuk është luani apo tigri, por kjo macë e lezetshme!",606,690
true_624,624,0,real,"16 materialet më të shtrenjta në botë, nuk është Ari dhe as Diamanti, më e shtrenjta 62.5 trilion dollarë",3439,3545
true_625,625,0,real,Andrra Destani tregon a jeton me vjehrri,497,538
true_626,626,0,real,E njihni këngëtaren në foto? Ajo është më e pëlqyera e publikut,326,390
true_627,627,0,real,A janë shqiptarët aq të vjetër sa mendojnë ata?,3675,3723
true_628,628,0,real,Me të pasmet e saj “bombastike” i le mbrapa të gjitha Tayna,568,628
true_629,629,0,real,Tetë anesteziologë të QKUK-së infektohen me koronavirus,2747,2803
true_630,630,0,real,Belkizja ndan imazhin më të mirë të djalit,340,383
true_631,631,0,real,4 mënyra natyrale si të largoni rrudhat nga fytyra,2815,2866
true_632,632,0,real,Ceca plas nga inati : Vogëlushe rri rehat…,597,640
true_633,633,0,real,"Mustafa: Rreth 95% jemi myslimanë, pse duhet të na pengojë një Xhami e madhe!",1375,1453
true_634,634,0,real,"Ndërron jetë arkitekti kosovar, ishte i prekur nga COVID – 19",666,728
true_635,635,0,real,"Pamje rrëqethëse si pasojë e COVID-19, në Bolivi policia mbledh nëpër rrugë qindra trupa të pajetë",865,964
true_636,636,0,real,Prof. Lul Raka mesazh për ata që s’besojnë në Covid: A duhet të vdesin fëmijët për të besuar?,1885,1979
true_637,637,0,real,"Horoskopi ditor, e mërkurë 22 korrik 2020",4162,4204
true_638,638,0,real,Vjen një lajm i mirë për veteranët e UÇK-së,724,768
true_639,639,0,real,"Pandemia COVID-19, në Kosovë më shumë të shëruar se sa raste aktive",1834,1902
true_640,640,0,real,"Shkencëtarja: Vaksina do jetë gati në dhjetor, Covid-19 nuk është i fuqishëm sa në fillim",951,1041
true_641,641,0,real,Austria merr një vendim të rëndësishëm për kosovarët që hyjnë në shtetin e saj,810,889
true_642,642,0,real,Blero tregon a po bëhet baba për herë dytë,483,526
true_643,643,0,real,Xhamajkani i thyen hundën moderatores shqiptare,862,910
true_644,644,0,real,"Princesha shqiptare shfaqet krejt natyrale dhe me shumë pak grim, kaq bukur po duket",364,449
true_645,645,0,real,Çka po fut në gojë Arbnora?,216,244
true_646,646,0,real,Pasuria e pronarit të Amazonit rritet për 13 miliardë dollarë brenda ditës,590,665
true_647,647,0,real,Gjysma e pacientëve me Covid-19 shfaqin probleme në zemër,1405,1463
true_648,648,0,real,"Argëtohej në festival, derisa xhirimi zbuloi diçka shokuese",1202,1262
true_649,649,0,real,Thaçi e mirëpret emërimin e Skender Hysenit koordinator për dialog,1672,1739
true_650,650,0,real,"Prindërit e detyruan ta linte të fejuarin e saj me aftësi të kufizuara, nëse ai nuk mësonte të ecte",2246,2346
true_651,651,0,real,"Ai ia kërkoi divorcin gruas me anë të një letre, përgjigjja e saj e bëri të pendohej për çdo fjalë të shkruar!",3255,3366
true_652,652,0,real,Adea Pules i del kuki prej vendit,486,520
true_653,653,0,real,A e dini pse Deti i Vdekur ka këtë emër?,628,669
true_654,654,0,real,Në këtë gjendje nuk e keni parë asnjëherë Norën,604,652
true_655,655,0,real,"Nëse i fsheh paratë në këto 8 vende, zëre se nuk i ke fare!",1501,1561
true_656,656,0,real,168 rastet e reja vijnë nga këto komuna,938,978
true_657,657,0,real,Dedikimi i partnerit turk për Gentën: Jeta me ty është më e bukur,454,520
true_658,658,0,real,"168 raste të reja me COVID-19, 157 të shëruar",776,822
true_659,659,0,real,A do ta njehë burri Artën pas këtij ndryshimi,544,590
true_660,660,0,real,30 të moshuar dhe 9 punëtorë në shtëpinë e pleqve infektohen me Covid-19,1476,1549
true_661,661,0,real,Ushqimet që e shuajnë urinë dhe nuk ju shëndoshin,4269,4319
true_662,662,0,real,Loredana tregon personin që ndanë shtratin me të,613,662
true_663,663,0,real,Produktet e kuzhinës që janë shkaktare të kancerit,1626,1677
true_664,664,0,real,Loredana Zefi hedh një tjetër hap në lidhjen e saj me reperin Zuna,494,561
true_665,665,0,real,Nora Istrefi me të bijën shijojnë plazhin,407,449
true_666,666,0,real,Çfarë i ndodh trupit nëse flini të uritur,2376,2418
true_667,667,0,real,Ky është i riu që humbi jetën pas përplasjes në ajër me paragjllajd,627,695
true_668,668,0,real,Pritet fillimi i testimeve serologjike,1281,1320
true_669,669,0,real,Kida i tregon të pasmet e formësuara në minifund të shkurtër,495,556
true_670,670,0,real,"Thaçi adresohet popullit, nënës 85- vjeçare i shkojnë lotët…",993,1054
true_671,671,0,real,Kosova hiqet nga harta – Dua Lipa nënshkruan peticionin,505,561
true_672,672,0,real,Mënyra si e mban çantën tregon shumë për personalitetin tuaj,2251,2312
true_673,673,0,real,"Këshilltari i Thaçit – Hotit: Aq i plogësht sa u shfaqe në Bruksel, herën tjetër do ta lexojnë atë librin “Kosovo and Metohija”",1552,1680
true_674,674,0,real,"Hoti: Për një muaj, ne e rikthyem Kosovën aty ku e ka vendin, përkrah miqve tanë ndërkombëtarë",1512,1607
true_675,675,0,real,A është Fifi në lidhje? Përgjigjet këngëtarja,260,306
true_676,676,0,real,"Diona Fona bën vallëzim atraktiv në rrjete sociale, merr vëmendjen",485,552
true_677,677,0,real,Flaka Krelani edhe e izoluar publikon imazhe të zjarrta,495,551
true_678,678,0,real,"Bëhet “horë” Tayna, duke e dridhë rrëzohet në mes të skenës në koncert",839,910
true_679,679,0,real,"Duke punuar kopshtin, çifti gjen kasafortën me mijëra dollarë e stoli ari",736,810
true_680,680,0,real,Fitore Pacolli: Shpallja e gjendjes së jashtëzakonshme siç po ka dëshirë qeveria Hoti nuk është zgjidhje,2158,2263
true_681,681,0,real,Kylie dhe Kim Kardashian çmendin fansat,474,514
true_682,682,0,real,Shoqata e Gastronomëve të Kosovës: Jemi para falimentimit,1644,1702
true_683,683,0,real,Bletët që po kthehen në ‘zombi’,1453,1485
true_684,684,0,real,80% e sigurt që del në shtator: Anglezët arrijnë me sukses vaksinën kundër Covid-19,2660,2744
true_685,685,0,real,"Nënkryetari i LDK’së: Gjendja shëndetësore e Isa Mustafës është stabile, do ta kalojë edhe këtë sfidë",1112,1214
true_686,686,0,real,"Lajm i mirë: Vaksina e Covid-19 është gati, e testuar dhe e sigurt",1886,1953
true_687,687,0,real,"Murati: Shuma e borxhit ndaj Devollëve, e barabartë me krejt pagesat e 170 eurove për qytetarët",1491,1587
true_688,688,0,real,"Situatë e rënduar në Prishtinë: 1192 raste aktive me COVID-19, 21 persona kanë vdekur deri tash",1349,1445
true_689,689,0,real,"Video që po përlot botën, nëse keni zemër të dobët mos e shikoni",720,785
true_690,690,0,real,Zafir Berisha nga NISMA: Rreziku i shqiptarisë është psikopati Albin Kurti,2112,2187
true_691,691,0,real,"400 të testuar për COVID-19 të martën, rezultatet publikohen nesër",1169,1236
true_692,692,0,real,Si u bë Blerona Zeqiri ‘asht e lëkurë’?,723,763
true_693,693,0,real,Ramush Haradinaj: Un do te behem President se shpejti,2962,3016
true_694,694,0,real,Nora Istrefi më në fund merr një vendim në lidhje me Robertin,565,627
true_695,695,0,real,"Ata që ecin shpejt, të lexojnë këtë",1275,1311
true_696,696,0,real,"Kolona të gjata në hyrje të Kosovës nga Shqipëria, kosovarët kthehen nga bregdeti",603,685
true_697,697,0,real,Përse dhemb zemra dhe kur duhet të shqetësoheni,4588,4636
true_698,698,0,real,Aktori i njohur rezulton pozitiv në testin për COVID-19,703,759
true_699,699,0,real,"Horoskopi ditor, e diel 12 korrik 2020",4265,4304
true_700,700,0,real,Çfarë parashihet me gjendjen e jashtëzakonshme?,1695,1743
true_701,701,0,real,Agnesa i thekson vijat e trupit duke bërë fitnes,506,555
true_702,702,0,real,Turku ia mbush dhomën me dhurata të shtrenjta Gentës,582,635
true_703,703,0,real,"Pse kopsat në këmishat e meshkujve dhe femrave janë në anën e kundërt, arsyeja do t’ju çudisë",844,938
true_704,704,0,real,Fustani i tejdukshëm ia zbulon krejt trupin Bleronës,357,410
true_705,705,0,real,"Vetëm një byzylyk i Arta Elezajt kushton 43,100 euro!",459,513
true_706,706,0,real,"Kina ndërtoi urën më të gjatë në botë mbi det, ka çelik të mjaftueshëm për të ndërtuar 60 kulla të Ajfelit",1923,2030
true_707,707,0,real,"“Shpirti plot”, Jonida Vokshi ndan foton e parë me vajzën në krahë",503,570
true_708,708,0,real,"Horoskopi ditor, e enjte 9 korrik 2020",4378,4417
true_709,709,0,real,"Nusja rrehet keq me vjehrrën, me bokse e shuplaka",304,354
true_710,710,0,real,"Era çon bluzën lartë dhe shfaq barkun: a jam, a s’jam…",496,551
true_711,711,0,real,Mihrije Braha me grim të rëndë edhe në bikini,369,415
true_712,712,0,real,"Horoskopi ditor, e hënë 6 korrik 2020",4181,4219
true_713,713,0,real,Shkencëtaret kinez: Covid-19 u shfaq për herë të parë në Spanjë,1330,1394
true_714,714,0,real,Deputeti kosovar: Duhet të shpallet gjendje e jashtëzakonshme,2668,2730
true_715,715,0,real,Bill Gates: Nuk e kuptoj pse njerëzit nuk mbajnë maska,1246,1301
true_716,716,0,real,"Hapen klubet e natës, tërbohen të rinjtë, rrezikojnë të sjellin një shpërthim tjetër të koronavirusit",571,673
true_717,717,0,real,"Zemaj: S’ka vend për histeri, dyshimet të adresohen te organet përgjegjëse",2098,2173
true_718,718,0,real,Këto janë 10 shtetet më të pasura në botë,559,601
true_719,719,0,real,Dhjetë fakte që mund të mos i keni ditur për ëndrrat,1638,1691
true_720,720,0,real,"Vendimet e reja të Qeverisë anti-COVID, reagon kreu i Prishtinës",887,952
true_721,721,0,real,Genci ia dedikon këto fjalë të bukura Enit me rastin e ditëlindjes,1003,1070
true_722,722,0,real,Të sëmurët me Covid-19 mund të mos rikthejnë shqisën e nuhatjes dhe shijes,955,1030
true_723,723,0,real,"Sanxhaku lindor në kolaps shëndetësor, kërkon ndihmë nga Kosova e Shqipëria",1298,1374
true_724,724,0,real,"Kishte dhimbje të forta barku dhe lind në tualet, nuk e dinte se ishte shtatzënë",782,863
true_725,725,0,real,"Para se të bëhej e famshme, Tayna konkuroi në një talent show, ja si u prit nga juria",1279,1365
true_726,726,0,real,Teuta Krasniqi ndan momente lumturie të familjes së saj,346,402
true_727,727,0,real,Këto tri gjëra mund të jenë arsyeja që e keni të vështirë heqjen e peshës,1173,1247
true_728,728,0,real,Vuçiq për Thaçin dhe Hotin: Janë shumë më të fortë se kanë mbështetjen e Gjermanisë dhe Amerikës,652,749
true_729,729,0,real,"Krejt çka dihet deri tash për tragjedinë në Lipjan, foto nga vendi i ngjarjes",1696,1774
true_730,730,0,real,Çfarë po bën Adelina me këtë “tigër” në krahë?,868,915
true_731,731,0,real,Kështu dukej Egzona para se të dashurohej me Albatritin,525,581
true_732,732,0,real,"Horoskopi ditor, e mërkurë 1 korrik 2020",4311,4352
true_733,733,0,real,"Rrjeti po zien nga lajmet se Elita Rudi është shtatzënë, si është e vërteta?",1033,1110
true_734,734,0,real,Fifi tregon emrat e këngëtarëve që do t’i ftojë në dasmën e saj,1115,1179
true_735,735,0,real,Kiçmari: Mendoj se sonte Presidenti është dashur të jap dorëheqje,889,955
true_736,736,0,real,Nuk do ta besoni sa vite ka mbushur sot Flaka Krelani,684,738
true_737,737,0,real,Ky liqe në Kosovë shtrihet mbi varreza dhe kisha,1559,1608
true_738,738,0,real,Liberta Spahiu tregon linjat trupore nga pushimet,276,326
true_739,739,0,real,Njomza e bënë Shyhrete Behlulin nuse,562,599
true_740,740,0,real,"Natyrale nga plazhi, Xhensila merr gjithë vëmendjen",369,421
true_741,741,0,real,"Rekord i ri i pandemisë, me bilanc sa dyfishi i gripit sezonal",1056,1119
true_742,742,0,real,Anita dhe Arta shpenzuan mijëra e mijëra euro kohën e fundit vetëm për veshje,1131,1209
true_743,743,0,real,Zgjoheni ndonjëherë me të nxira në trup? Ja çfarë mund t’ju ndodh gjatë natës,1250,1328
true_744,744,0,real,Vajza e ish-kryeministrit Bajram Rexhepi nuk lejohet nga e ëma t’i hyjë politikës,1249,1331
true_745,745,0,real,Me këtë fustan del në park Qëndresa e Labit,450,494
true_746,746,0,real,Receta më e shijshme e pjekjes së pulës në shtëpi,2779,2829
true_747,747,0,real,Endrit Thaçi reagon pasi Gjykata Speciale ngriti aktakuzë ndaj babait të tij,465,542
true_748,748,0,real,"Arjola vjen në Prishtinë, ja sa bukur po duket loçka",721,774
true_749,749,0,real,"“Hulku i Pakistanit”, njeriu më i fortë në botë, shikonii si e ndalon traktorin",558,638
true_750,750,0,real,"Zbulimi i NASA-s, ja çfarë ka pasur dikur në Hënë",1070,1120
true_751,751,0,real,Aktori shqiptar tregon se si po e kalon vetizolimin,575,627
true_752,752,0,real,Shenjat e para të kancerit në lukth,2216,2252
true_753,753,0,real,Gresa Behluli me dy arusha për dore,738,774
true_754,754,0,real,Besa Gaxherri: Unë ndihem keq për tërë ato skandale të qeverisë Kurti,585,655
true_755,755,0,real,Kufijtë e BE-së mund të mbeten të mbyllur për kosovarët edhe pas 1 korrikut,2251,2327
true_756,756,0,real,Angela Martini nuk i ndalë provokimet as në jaht,448,497
true_757,757,0,real,A i besoni Encës? Thotë se në këtë foto nuk përdori fotoshop,505,566
true_758,758,0,real,Aq shumë iu ka rritur gjoksi sa që Oriola Marashi po e mban me duar,461,529
true_759,759,0,real,"Zëra të çuditshëm dalin nga pylli, habiten banorët",347,398
true_760,760,0,real,Do të befasoheni se çfarë të vërtetash fshehen prapa serialeve turke,1578,1647
true_761,761,0,real,Bolton tregon se pse e sheh Trumpin të rrezikshëm,1328,1378
true_762,762,0,real,Ndërron jetë edhe një 70 vjeçar nga koronavirusi,840,889
true_763,763,0,real,"Infektologu italian: Koronavirusi është dobësuar, mund të zhduket vetvetiu",1379,1454
true_764,764,0,real,Bashkatdhetarët ende paguajnë sigurimin kufitar,4030,4078
true_765,765,0,real,"Sasa e “O sa mirë” plotë jetë, vitet thjeshtë numra janë për të",256,320
true_766,766,0,real,"Dhëndri mori mbiemrin e gruas, arsyeja shumë e veçantë",766,821
true_767,767,0,real,Besniku ndan foton e parë me vajzën dhe Jonidën,475,523
true_768,768,0,real,Kylie Jenner shfaqet tejet e bukur në fotot e fundit,238,291
true_769,769,0,real,Kida na i tregon këmbët e saj të drejta e të plota,553,604
true_770,770,0,real,"Ja 10 profesionet më të paguara, që nuk kërkojnë diplomë fakulteti",2788,2855
true_771,771,0,real,Format e gishtërinjve zbulojnë aspekte intime të njerëzve,1721,1779
true_772,772,0,real,"Dhimbjet që mendoni se i keni nga dhëmbët, por në fakt kanë të bëjë me diçka tjetër",2490,2574
true_773,773,0,real,"Nëse dëgjoni këtë emër derisa fluturoni me aeroplan, do të thotë se aty…",812,885
true_774,774,0,real,Bebe Rexha ia bën ëndrrën realitet fanses së saj,432,481
true_775,775,0,real,Gëzimja fustanin që e ëndërrojnë të gjitha rejat,428,477
true_776,776,0,real,Gratë që nuk dorëzohen kanë këto tipare të personalitetit,2206,2264
true_777,777,0,real,"Thaçi: Nëse nuk arrihet marrëveshja me 27 qershor, Kosova dhe Serbia do të jenë humbëse",12894,12982
true_778,778,0,real,Vuçiq: Nëse kosovarët po vijnë për njohje – mos të nisen fare,1492,1554
true_779,779,0,real,Milot Rashica e vesh djalin me fanellën e ekipit të tij,525,581
true_780,780,0,real,Në 16 lagje të Prishtinës ka të prekur me Covid-19,1476,1527
true_781,781,0,real,Reperja e njohur e publikon nga afër tatuazhin në pjesën e të pasmeve,473,543
true_782,782,0,real,Zeka e quan lajm historik thirrjen nga Washingtoni: E mbështes Thaçin në dialog,1665,1745
true_783,783,0,real,"“Nëntori i dytë”, ja pse u hoq pjesa kur Isa Boletini luftonte me serbët",11235,11308
true_784,784,0,real,"Thaçi: Jemi në një javë të rëndësishme për vendin, me qeverisjen e re tanimë Kosova është në drejtimin e duhur!",3563,3675
true_785,785,0,real,IKSHPK: 49 raste të reja me Covid-19 dhe 25 të shëruar,9017,9072
true_786,786,0,real,Ekskluzive: Alfred Cako zbulon vaksinën e Covid19 që shkakton vdekje dhe ndalon lindjet,217,305
true_787,787,0,real,"I njeh mirë VIP-at, personazhi i njohur tregon vajzat dhe djemtë shqiptarë që punojnë eskortë…",6788,6883
true_788,788,0,real,"Infekton 76 të ftuar me koronavirus babai i nuses, dasma kthehet në rast studimi",1297,1378
true_789,789,0,real,Ivanka Trump në secilën paraqitje pa sytjena,341,386
true_790,790,0,real,Ky stil i flokëve Leartën e bën të duket krejt ndryshe,295,350
true_791,791,0,real,Mimoza kujton një moment nga plazhi,291,327
true_792,792,0,real,Covid-19 merr jetën e 32-të në Kosovë,549,587
true_793,793,0,real,"Trusti s’do pengojë tërheqjen e kursimeve, kompensimi nga qeveria jo për të gjithë",5535,5618
true_794,794,0,real,Angela Martini vjen me foto superseksi,499,538
true_795,795,0,real,"Kurti: Qeveria “Koti” jo që varet vetëm nga Lista Serbe, por nga çdo deputet i saj",3295,3378
true_796,796,0,real,Televizioni publik gjerman flet për Tribunalin Special dhe Presidentin Thaçi,2211,2288
true_797,797,0,real,"Kurti: Sfida, çlirimi i Kosovës nga korrupsioni e kapësit e shtetit",461,529
true_798,798,0,real,"Kurti: Pas çlirimit të Kosovës nga Serbia, duhet të ndodh çlirimi i Kosovës nga korrupsioni",1515,1607
true_799,799,0,real,Sekretet që kanë shokuar botën kur janë bërë publike,2710,2763
true_800,800,0,real,Vjosa Osmani godet partinë e saj dhe Qeverinë Hoti: E kanë skenarist Presidentin,583,664
true_801,801,0,real,"Kurti: Dilni nesër në tubim, dëshmuam që e bëjmë qeverisjen më mirë se të gjithë",1192,1273
true_802,802,0,real,E pabesueshme si duket Yllka Kuqi në foton e indeksit,544,598
true_803,803,0,real,"Ambasada e SHBA-së në Kosovë apelon për kujdes, tubimi paqësor i LVV-së mund të bëhet i dhunshëm",1626,1723
true_804,804,0,real,Ermali e publikon Arianën duke vozitur veturën e re,502,554
true_805,805,0,real,"Njihuni Me Epideminë E Qeshjes, ‘Sëmundjen’ Që Mbylli 14 Shkolla",1865,1930
true_806,806,0,real,Këto janë të gjitha kushtet për ata që futen në Kosovë,1457,1512
true_807,807,0,real,Binjakët që paditën Zuckerberg për vjedhjen e idesë së Facebook tani janë miliarderë falë Bitcoin,839,937
true_808,808,0,real,"Avdyli i del në krahë Osmanit: Kur do flasim ne të vertetën, atëherë keni me mbetë pa fjalë",1324,1416
true_809,809,0,real,Gëzimja përgatit tortën më të bukur për vajzën,433,480
true_810,810,0,real,Afrim Muqiqi: Dasmat nuk guxojnë të mos mbahen,202,249
true_811,811,0,real,Çfarë po feston Majlinda Zeka?,346,377
true_812,812,0,real,"Vetëm në bikini, Tayna tregon më shumë se ç’duhet",532,582
true_813,813,0,real,"Adem Mikullovci “diss” Haxhi Shalës, sot më vizituan në mesditë Albini dhe Glaku jo në mesnatë",591,686
true_814,814,0,real,Mjeku shqiptar në Gjermani tregon se kur do të jetë fundi i Koronavirusit,4803,4877
true_815,815,0,real,Fevziu shuan kureshtjen për rrogën,628,663
true_816,816,0,real,Vajza e Lutës vjen joshëse me pamje nga shtrati,638,686
true_817,817,0,real,Ariana iu thotë mirëmengjesi me fotot e Anës së vogël,652,706
true_818,818,0,real,"Çifti drejt ndarjes, Kim Kardashian largohet nga shtëpia e saj",1386,1449
true_819,819,0,real,Hoti nisi ditën e parë të punës si kryeministër i Kosovës,1519,1577
true_820,820,0,real,Publikohen imazhe të rralla të Ivanka Trump para se të bëhej e famshme,376,447
true_821,821,0,real,Pushimet verore po afrojnë: Kujdes nga mashtruesit me bileta!,1777,1839
true_822,822,0,real,Shikojeni këtë video të Jessicës dhe prisni…,207,252
true_823,823,0,real,"Thaçi: Unë ia tregoj vendin Albin Kurtit, unë jam me godit i pari – s’ka më tolerime",1189,1274
true_824,824,0,real,Kurti: Ne kemi dëshmuar se mund të qeverisim edhe pa listën serbe!,1339,1406
true_825,825,0,real,"Pasi u propozua për kryeministër konsensual Murat Jashari, vjen edhe reagimi nga Familja Jashari",1367,1464
true_826,826,0,real,Lutfi Haziri thotë se nuk i beson Qeverisë Hoti,1058,1106
true_827,827,0,real,Shikojeni si e kap me duar ujkun e tmerrshëm,459,504
true_828,828,0,real,Ja numri i saktë i shqiptarëve nëpër botë,2049,2091
true_829,829,0,real,Keni gjetur ndonjëherë para në tokë? Ja çfarë thotë kjo për ju,683,746
true_830,830,0,real,Vjosa Osmani mbështet masat e reja të Albin Kurtit kundër Serbisë,1307,1373
true_831,831,0,real,Mustafa: Janë mbi 61 vota të sigurta për Qeverinë Hoti,660,715
true_832,832,0,real,UNDP: Vjosa Osmani liderja më e pëlqyer në Kosovë,470,520
true_833,833,0,real,"Horoskopi, e shtunë 30 maj 2020",2941,2973
true_834,834,0,real,Abrashi: LDK-ja e bëri Kurtin kryeministër – narracioni i VV-së më shumë indoktrinim se sa politikë normale,4465,4573
true_835,835,0,real,"Veton Surroi mbetet pa tekst, ky është reagimi i tij për aktgjykimin",653,722
true_836,836,0,real,Vjen reagimi i parë nga Vetëvendosje: Vendimi i Gjykatës Kushtetuese është skandaloz,1513,1598
true_837,837,0,real,Gjykata Kushtetuese vendos që përfaqësuesit e popullit në Kuvend vendosin për qeverinë e ardhshme,1232,1330
true_838,838,0,real,"Blero i lumtur, takohet me vjazën pas tre muajve",619,668
true_839,839,0,real,"Babai i Astrit Deharit: Nëse nuk respektohet vullneti i popullit që shprehet përmes zgjedhjeve, demokracia ka marrë fund",659,780
true_840,840,0,real,"Horoskopi ditor, e enjte 28 Maj 2020",2314,2351
true_841,841,0,real,Arbenita realizon foto veç në të brendshme,752,795
true_842,842,0,real,Video e gjelit gjigant në Kosovë habit botën,547,592
true_843,843,0,real,Bëjani këtë këmbës dhe do të flini sikur qengj,2218,2265
true_844,844,0,real,Georgina duket e zjarrtë në të brendshme,494,535
true_845,845,0,real,I pastrehu gjen një çek 10 mijë dollarësh: ia kthen pronares pa hezitim dhe ja si shpërblehet,1350,1444
true_846,846,0,real,"Kurti: Kemi mbi 52%, Qeveria më e përkrahur që nga çlirimi i vitit 1999",1306,1378
true_847,847,0,real,"Refuzimi ndaj Lajçakut e roli dominues i SHBA-së në dialog, Thaçi top lajm në mediat ndërkombëtare",1469,1568
true_848,848,0,real,Besnik Tahiri: Në Bruksel kryeministri Hoti 'ra në mina',862,919
true_849,849,0,real,Bankat e Evropës lënë mënjanë miliarda euro përderisa përballen me humbjet nga pandemia,4035,4123
true_850,850,0,real,Auditori: Klasifikimi jo adekuat i shpenzimeve në Ministrinë e Shëndetësisë,3590,3666
true_851,851,0,real,Bizneset hezitojnë t’i punësojnë nxënësit e diplomuar në arsim profesional,2829,2904
true_852,852,0,real,Sejdi Hoxha i krahason shpenzimet e tij si Kryeshef i Postës me ato të një kabineti qeveritar,4160,4254
true_853,853,0,real,Dështon ndërtimi i stazës 'Pump Track' në Prizren,1397,1447
true_854,854,0,real,"Haxhi 2020 - Nga 2 milionë, në vetëm 1 mijë pelegrinë",2583,2637
true_855,855,0,real,"Hoti: Rajoni është i ndarë, ekziston vullneti i udhëheqësve për ta ndryshuar atë",1997,2078
true_856,856,0,real,​ Nesër në Bruksel mbahet takimi i ekspertëve,353,399
true_857,857,0,real,Shqiprim Arifi i shkruan Avdullah Hotit: Po na anashkaloni në dialog,3513,3582
true_858,858,0,real,Qeveria ua heq kartonin e gjelbër atyre që hyjnë në Kosovë,1058,1117
true_859,859,0,real,Pamjet nga incidenti mes deputetëve të LDK-së dhe LVV-së - VIDEO,669,734
true_860,860,0,real,Hapet ekspozita virtuale - ‘Artistët në karantinë’,801,852
true_861,861,0,real,Sa i kushtoi Sejdi Hoxha Postës si kryeshef,9627,9671
true_862,862,0,real,Të hyrat vetanake të Komunave bien për 9.7% si pasojë e COVID-19,1152,1217
true_863,863,0,real,Ministri Zemaj komenton fotografin e Skender Hysenit pa maskë,1272,1334
true_864,864,0,real,Dëshmia e vëllait të gruas së vdekur si pasojë e lëndimeve të shkaktuara nga burri i saj,4800,4889
true_865,865,0,real,Petrit Halilaj: Gjithmonë kam dashur të jem zog,8492,8540
true_866,866,0,real,Kritikat e ambasadorit amerikan për Ligjin për Vlerat e UÇK-së: I frikëson qytetarët,671,756
true_867,867,0,real,Gjoba të larta në Emiratet e Bashkuara Arabe ndaj atyre që tubohen apo bëjnë vizita për Bajram,1088,1183
true_868,868,0,real,"Aksion i policisë në Prishtinë, konfiskohen 40 armë e drogë",1204,1264
true_869,869,0,real,VIDEO - I dyshuari për COVID-19 trajtohet në tendën e ngritur para QKMF në Viti,1058,1138
true_870,870,0,real,Prishtina edhe sot prin me numrin e të infektuarve,674,725
true_871,871,0,real,Shërohen edhe 138 pacientë nga COVID-19 në Kosovë,513,563
true_872,872,0,real,Prishtinasi i ik policisë me motoçikletë,364,405
true_873,873,0,real,"Podujevë, shkel vendimin e qeverisë dhe kërcënon policët",321,378
true_874,874,0,real,Kandidati për rektor: Këshilli Drejtues nuk na kanë dërguar ftesat për intervistë,1857,1939
true_875,875,0,real,"Granata e gjetur te vendpunishtja e Xhamisë së Madhe, e kohës së Luftës së Dytë Botërore",511,600
true_876,876,0,real,Ligji i Vjosa Osmanit kundër COVID-19 procedohet për në Kuvend për votim,730,803
true_877,877,0,real,"Prishtinë, arrestim për sulm me lëndim të rëndë trupor",268,323
true_878,878,0,real,"Mblidhet Komisioni hetimor për pandeminë COVID-19, kërkon nga Ministria dokumentacionin për vendimet dhe furnizimet",1114,1230
true_879,879,0,real,"Obiliq, gjen municion gjatë punës me ekskavator",455,503
true_880,880,0,real,"Shtyhet raportimi i Agim Veliut në Komisionin për Siguri, polemika mes deputetëve",1973,2055
true_881,881,0,real,"Mbledhja e Qeverisë, diskutohet për shtesa mujore për personelin shëndetësor",622,699
true_882,882,0,real,Haxh në kohë pandemie,1509,1531
true_883,883,0,real,"Gjermania, e shqetësuar nga rritja e numrit të rasteve me koronavirus",1271,1341
true_884,884,0,real,Industria globale e turizmit humbi 320 miliardë dollar,3474,3529
true_885,885,0,real,Komuna e Prizrenit ende në pritje nga MSH për realizimin e testeve serologjike,1071,1150
true_886,886,0,real,"Hapjen apo jo të çerdheve, qeveria e lë në dorë të komunave",1029,1089
true_887,887,0,real,"Vendet që morën nën kontroll pandeminë coronavirus, tani prapë po përballen me të",7653,7735
true_888,888,0,real,Debat i nxehtë në Komisionin për Punë të Jashtme - VIDEO,379,436
true_889,889,0,real,Rrahjet mes deputetëve ndër vite në Kuvendin e Kosovës,4351,4406
true_890,890,0,real,Qeveria heq dorë nga vendimi për izolimin e atyre që kthehen nga Shqipëria!,1008,1084
true_891,891,0,real,Shefi i kabinetit të Veliut për Vetëvendosjen: A e lypin? Bash kah të enden!,697,774
true_892,892,0,real,Deputetët e LDK-së e mohojnë sulmin ndaj deputetit të Vetëvendosjes,1657,1725
true_893,893,0,real,Blendi Baftiu kërkohet nga dy klube nga Superliga e Turqisë,596,656
true_894,894,0,real,"Konkursi me probleme, vlerësimi 'sekret' për kandidatët për bord të KOSTT-it",10881,10958
true_895,895,0,real,Artistët në mbështetje të luftës së drejtë të popullit shqiptar,750,814
true_896,896,0,real,Përurohet restaurimi i mullirit të shekullit 19-të në Graboc të Obiliqit,2823,2896
true_897,897,0,real,"QKUK - 184  pacientë më COVID-19 me oksigjenoterapi, 14 të tjerë në CPAP",1075,1148
true_898,898,0,real,"FSK pajiset me Humvee, Qeveria pyet se sa harxhojnë në 100 kilometra (VIDEO)",1532,1609
true_899,899,0,real,Rrëfimet e dëshmitarëve për kontrabandimin e migrantëve për në vendet e BE-së,2230,2308
true_900,900,0,real,"Gjakovë, fillon asfaltimi i rrugës ‘Bardhyl Qaushi’",1182,1234
true_901,901,0,real,"Hoti takohet ambasadorët e shteteve të QUINT-it, flasin për dialogun",706,775
true_902,902,0,real,"Hapen dyert e oborrit për trajtimin e pacientëve në Shalë të Lipjanit, nuk ka vend më në ambulancë",1411,1510
true_903,903,0,real,Agjencia e Ushqimit tregon rregullat për blerjen dhe therjen e kurbanëve për festën e Bajramit,1517,1612
true_904,904,0,real,Deputeti i VV-së: Policia po merret me sulmin ndaj meje nga deputetët e LDK-së,1174,1253
true_905,905,0,real,Deputetja e VV-së jep versionin e vet për incidentin në Kuvend me kolegët e LDK-së,1188,1271
true_906,906,0,real,Oda Ekonomike kërkon të digjitalizohen disa shërbime dhe të licencohen laboratoret private,2614,2705
true_907,907,0,real,Prishtina edhe sot komuna me më së shumti raste me COVID-19,844,904
true_908,908,0,real,Arrestohet gjilanasi për mashtrim me shitje të banesës,507,562
true_909,909,0,real,Qeveria serbe kërkon të dhëna bankare për grupet e të drejtave dhe mediat hulumtuese,3925,4010
true_910,910,0,real,Fati i medias më të lexuar në Hungari Index në pikëpyetje pas largimit të shumicës së gazetarëve,1993,2090
true_911,911,0,real,Paraburgim gjilanasit që dyshohet se i shkaktoi lëndime gruas,1163,1225
true_912,912,0,real,Kryeministri Hoti rreth masave anti-COVID: Duhet të vërehet dora e institucioneve,897,979
true_913,913,0,real,Prishtina planifikon shkolla të reja në tri lagje,1107,1157
true_914,914,0,real,Halili paralajmëron kallëzim penal ndaj Komisionit Profesional të senatit të UP-së,2145,2228
true_915,915,0,real,Hoti paralajmëron masa të reja për COVID-19,1975,2019
true_916,916,0,real,Fuqia e armëve dhe veçoritë e makinave të reja të FSK,1330,1384
true_917,917,0,real,"Hoti: Situata po përkeqësohet, stafi shëndetësor i FSK-së do të integrohet në Ministri të Shëndetësisë",1529,1632
true_918,918,0,real,Naser Ramadani i thotë Thaçit se bartja e maskës është kushti bazik për parandalim të COVID-19,1077,1172
true_919,919,0,real,Komunat kërkojnë inspektime të përbashkëta për masat kundër COVID-19,1710,1779
true_920,920,0,real,Beogradi ndryshon emrat e rrugëve që kujtojnë ish-Jugosllavinë,2846,2909
true_921,921,0,real,SHBA-ja dhe Rusia do të nisin bisedime për kontrollin e armëve bërthamore,1225,1299
true_922,922,0,real,Masat e reja kundër COVID-19 të propozuara nga IKSHP,947,1000
true_923,923,0,real,Çmimet e arit shënuan rekord rritjesh,3871,3909
true_924,924,0,real,"Vietnami evakuon 80,000 turistë nga qyteti Da Nang pasi tre banorë infektohen me Covid-19",4645,4735
true_925,925,0,real,Shembujt se si nuk duhet të sillemi gjatë coronavirusit,4214,4270
true_926,926,0,real,Rezultatet nga testet sterologjike për Coronavirus,946,997
true_927,927,0,real,Qeveria ndan 29 milionë euro për COVID-19,16372,16414
true_928,928,0,real,Auditori: MPB ka punësuar kandidat pa i plotësuar kriteret,1694,1753
true_929,929,0,real,Vaksina e SHBA-së kundër koronavirusit nis fazën e fundit të testimit,1185,1255
true_930,930,0,real,Jakup Ferri hap ekspozitë personale në Galerinë Kombëtare,1483,1541
true_931,931,0,real,Auditori: Policët ushtrojnë pozitat e punës në mospërputhje me gradat,2246,2316
true_932,932,0,real,"Rrëfim i të prekurës me COVID-19: Nuk na kontrollojnë askund, serumin e bëra në institucion privat",6561,6660
true_933,933,0,real,Pagesat nga 'Pakoja Emergjente' në dorën e deputetëve,1468,1522
true_934,934,0,real,COVID-19 prek njësoj të rinjët dhe të moshuarit,1276,1324
true_935,935,0,real,Trajneri nigerian që po i mposht racistët në Shqipëri,2943,2997
true_936,936,0,real,Gjysmë milion maska për 38 komuna të Kosovës,1165,1210
true_937,937,0,real,Isa Mustafa për rritjen e rasteve me COVID-19: Të mos bëjmë luftë politike me pandeminë,2561,2649
true_938,938,0,real,Partia Socialiste tërhiqet nga shkarkimi i Ilir Metës,2926,2980
true_939,939,0,real,Philip Morris lejohet të komunikojë se IQOS redukton ekspozimin e dëmshëm,2471,2545
true_940,940,0,real,"Vdekje e dyshimtë në Spitalin e Gjakovës, Policia nis hetimet, drejtori i quan shpifje akuzat e familjarëve",2286,2394
true_941,941,0,real,Rrjeti i Grave paralajmëron presion publik nëse nuk ndërmerren hapat e duhur për zbardhjen e vrasjes së gruas nga Kamenica,779,902
true_942,942,0,real,Diplomimi digjital i 42 gazetarëve të rinj,2310,2353
true_943,943,0,real,Kryetarët e komunave u dakorduan për masat e reja kundër COVID-19,2410,2476
true_944,944,0,real,Kryeqyteti prin me numrin e rasteve me COVID-19,1283,1331
true_945,945,0,real,Rekord i ri me raste pozitive me COVID-19 në Kosovë,1462,1514
true_946,946,0,real,"Pas protestës në shesh, Hoti takohet me gastronomët e Kosovës",1103,1165
true_947,947,0,real,Grupi i Grave Deputete dënon ashpër vrasjen e gruas nga Kamenica,1379,1444
true_948,948,0,real,"Dragash, lëndohen dy persona nga defekti në gomën e traktorit",543,605
true_949,949,0,real,"Organizohet aheng familjar afër Prishtinës, raportohet për të shtëna me armë",525,602
true_950,950,0,real,Hoti: Jemi në diskutime që rruga nacionale Prishtinë-Mitrovicë të shndërrohet në rrugë ndërkombëtare,1496,1597
true_951,951,0,real,Një person i infektuar dhe një i dyshuar me COVID-19 kanë vdekur në Spitalin e Pejës,891,976
true_952,952,0,real,Arrestohet 'kauboji' i Prishtinës,742,776
true_953,953,0,real,"Sipas vendit edhe Kuvendi, Skender Hyseni te Hoti me maskë, te Thaçi pa të",1317,1392
true_954,954,0,real,Policia jep detaje se si u organizua dhunimi i viktimës në Ferizaj,550,617
true_955,955,0,real,Vazhdon pastrimi i mbeturinave në lagjen “Ali Ibra” në Gjakovë,472,535
true_957,957,0,real,Në kohë pandemie:  Amerikanët e papunë do marrin në gusht edhe 1200 dollarë nga shteti,1633,1720
true_958,958,0,real,Përshkrimi i prokurorisë: Burri e goditi grua deri në vdekje me shufër metalike,1983,2063
true_959,959,0,real,Hoti me mesazh të shkurtër e të thjeshtë... për Thaçin,795,850
true_960,960,0,real,Kryeministri Hoti takohet me Skender Hysenin për dialogun,584,642
true_961,961,0,real,SHBA lë konsullatën në Kinë,1263,1291
true_962,962,0,real,Gastronomët protestojnë sot para Qeverisë,818,860
true_963,963,0,real,Gjermania kundërshton propozimin për kthim të Rusisë në G7,1389,1448
true_964,964,0,real,Auditori: Ministria e Bujqësisë vonoi pagesat për grante deri në 6 muaj,1879,1951
true_965,965,0,real,VIDEO: Vetura zyrtare në vikend merr udhë për kositje të barit,429,492
true_966,966,0,real,Pneumologu kosovar tregon si zhvillohet pneumonia te pacientët me COVID-19,3865,3940
true_967,967,0,real,Guri i mullirit si amanet,3419,3445
true_968,968,0,real,Komenti i Agim Veliut për daljen e Thaçit pa maskë para Policisë,1672,1737
true_969,969,0,real,Vdes një person në aksidentin mes motoçiklistit dhe veturës në Komoran,623,694
true_970,970,0,real,FOTO: Aksidentohet motoçiklisti me një veturë në Llapushnik,594,654
true_971,971,0,real,Policia promovon fotografi të presidentit Thaçi pa maskë,697,754
true_972,972,0,real,Në Kosovë  rikthehet vapa Afrikane,807,842
true_973,973,0,real,Vuçiq për takimin në Shtëpinë e Bardhë: Për herë të parë fola se çfarë po ndodh me serbët,1795,1885
true_974,974,0,real,Mbi 10 mijë të infektuar me COVID-19 në Maqedoninë e Veriut,841,901
true_975,975,0,real,VIDEO - Xhamia që u mbijetoi shekujve,2638,2676
true_976,976,0,real,Gjykata në Gjilan vendos për të dyshuarin për vrasjen e gruas me shufër metalike,552,633
true_977,977,0,real,354 pacientë me COVID-19 të shtrirë nëpër spitalet e Kosovës,1001,1062
true_978,978,0,real,Vjosa Osmani pas tragjedisë në Kamenicë: Pandemia i dha më tepër krahë dhunës në familje,1415,1504
true_979,979,0,real,Lihen në arrest shtëpiak policët e arrestuar për keqtrajtim të një të mituri,825,902
true_980,980,0,real,Komunat e prekura sot me COVID-19,852,886
true_981,981,0,real,"Një grua dyshon se për shkak të neglizhencës së mjekëve, vdiq burri i saj në Spitalin e Gjakovës",322,419
true_982,982,0,real,"Deçan: Punëtori rrokulliset me bager, bie në humnerë",384,437
true_983,983,0,real,"Tragjedia e Gjilanit, gruaja vdiç pas goditjes me shufër në kokë",2360,2425
true_984,984,0,real,"VIDEO - Gjilan, i dyshuari për vrasjen e gruas sillet në gjykatë",875,940
true_985,985,0,real,"Virusi rrezikon personelin, 450 raste aktive brenda stafit shëndetësor",1203,1274
true_986,986,0,real,"Falja e Bajramit në xhami, Sindikata e Shëndetësisë paralajmëron për rritje të numrit të rasteve me COVID-19",1087,1196
true_987,987,0,real,Gjilanasi 70 vjeçar vdes nga COVID-19,699,737
true_988,988,0,real,"Ilir Meta për Adem Demaçin: ""Mandela i Evropës"" dhe ""Saharovi"" ynë",1798,1865
true_989,989,0,real,"Pejë, kërkohet paraburgim për policët e arrestuar për keqtrajtim të një të mituri",630,712
true_990,990,0,real,Albin Kurti kujton Adem Demaçin në dyvjetorin e vdekjes,1658,1714
true_991,991,0,real,Evropa ime: T'u tregojmë vendin elitave të korruptuara të Ballkanit Perëndimor,6822,6901
true_992,992,0,real,"Merdarë, pritje deri në tri orë për të hyrë në Kosovë",228,282
true_993,993,0,real,"Vdes nga Covid-19, prodekani i Fakultetit të Agrobiznesit në Pejë",498,564
true_994,994,0,real,Ministria e Bujqësisë pagoi mbi 176 mijë euro për analiza që mund t'i kryente vetë,1266,1349
true_995,995,0,real,Shi dhe breshër në disa fshatra të Skenderajt - FOTO,394,447
true_996,996,0,real,"Deputetja e PDK-së i reagon kryeministrit Hoti, i cili tha se Policia e Inspektoriati kanë dështuar t`i zbatojnë masat anti COVID-19",919,1052
true_997,997,0,real,Qeveria do t`i rishqyrtojë masat anti COVID-19 pas kërkesës së Asociacionit të Komunave,1540,1628
true_998,998,0,real,"Drejtori i Shpend Ahmetit i thotë kryeministrit Hoti: Sa qet fall, dil në terren",1049,1130
true_999,999,0,real,Si Australia mund të shfrytëzojë baticat e detit për energji?,4294,4356
true_1000,1000,0,real,Covid-19 rriti lajmet e rreme në media,3838,3877
true_1001,1001,0,real,Kryeministri Hoti edhe sot i shkoi në zyre Presidentit Thaçi,886,947
true_1002,1002,0,real,Hoti: Do t’i dyfishojmë dhe trefishojmë testimet për COVID-19,4043,4105
true_1003,1003,0,real,Prokuroria: I dyshuari e privoi nga jeta gruan me shufër metalike,1705,1771
true_1004,1004,0,real,Prokuroria: I dyshuari e privoi nga jeta gruan me shufër metalike,1705,1771
true_1005,1005,0,real,Alarmante - Rreth 3 mijë raste aktive me COVID-19 në Kosovë,1427,1487
true_1006,1006,0,real,Numri i të infektuarve të sotëm me COVID-19 nëpër komunat e Kosovës,1279,1347
true_1007,1007,0,real,5 persona me COVID-19 vdiqën për 24 orë,400,440
true_1008,1008,0,real,Jeta virtuale e fëmijëve dhe sfidat e pandemisë,11273,11321
true_1009,1009,0,real,"Prizren, aksident në mes të veturës dhe motoristit",525,576
true_1010,1010,0,real,"Tentojnë kontrabandimin e 19 deleve nga Serbia, arrestohen",334,393
true_1011,1011,0,real,KSHZ certifikon rezultatet në Maqedoninë e Veriut,1753,1803
true_1012,1012,0,real,Kapixhikët e Prizrenit,5118,5141
true_1013,1013,0,real,Hoti: Sektori privat do ta ketë mbështetjen e Qeverisë,1397,1452
true_1014,1014,0,real,"Drenas, dy persona të dyshuar për COVID-19 nuk respektojnë vetizolimin",342,413
true_1015,1015,0,real,Kina mbyll konsullatën në Hjuston derisa tensionet me SHBA-në janë në rritje,880,957
true_1016,1016,0,real,Stafi i mediumit Index të Hungarisë jep dorëheqje pas akuzave për ndërhyrje nga qeveria,1074,1162
true_1017,1017,0,real,Thaçi kujton aksionin e 9 viteve më parë në veri: Siguroi bashkimin territorial,1108,1188
true_1018,1018,0,real,"Hoti në samitin e Këshillit Atlantik, merr pjesë edhe Vuçiqi",1153,1214
true_1019,1019,0,real,"Në Spitalin e Pejës po trajtohen 67 pacientë me COVID-19, 16 punëtorë shëndetësor të infektuar",618,713
true_1020,1020,0,real,"Komunat s'duhet aplikojnë për të kryer teste serologjike, mjafton plotësimi i kritereve",1576,1664
true_1021,1021,0,real,​Arrestohen dy policë të dyshuar për keqtrajtimin e një të mituri,1602,1668
true_1022,1022,0,real,Ëndrrat për Malishevën,16961,16984
true_1023,1023,0,real,Sot takohet komiteti për vlerësimin e situatës me koronavirus,403,465
true_1024,1024,0,real,Kryeministri britanik: Nuk e kuptuam virusin në fillim,1059,1114
true_1025,1025,0,real,Japin dorëheqje dhjetëra gazetarë të ueb-faqes së pavarur hungareze,1218,1286
true_1026,1026,0,real,Emiratet do të mbulojnë shpenzimet mjekësore nëse pasagjerët infektohen me Covid-19,2509,2593
true_1027,1027,0,real,ATK ia zhbllokoi xhirollogarinë Postës së Kosovës,2272,2322
true_1028,1028,0,real,Qeveria emëroi Bordin e përkohshëm i Telekomit të Kosovës,948,1006
true_1029,1029,0,real,"Ferizaj, 29 persona nga stafi shëndetësor janë të infektuar me COVID-19",1037,1109
true_1030,1030,0,real,Osmani - Hotit: Kryeministër mos më quaj 'e shkreta',1847,1900
true_1031,1031,0,real,"Koordinatori shtetëror për dialogun Skender Hyseni, takohet me Philip Reeker",798,875
true_1032,1032,0,real,Hoti - Pacollit: Mbroje Qeverinë tënde e jo të Vuçiqit,1599,1654
true_1033,1033,0,real,Pacolli - Hotit: Je bërë pulë para Vuçiqit,796,839
true_1034,1034,0,real,Xhamia më e vjetër në Prishtinë një dekadë restaurim,1570,1623
true_1035,1035,0,real,Vdes gruaja e prekur me COVID-19 në Samadraxhë të Suharekës,1289,1349
true_1036,1036,0,real,Një pjesë e stafit të QMF-së në Kijevë rezultojnë pozitiv me COVID-19,643,713
true_1037,1037,0,real,Osmani për Hotin: Duhet me hangër një thes kryp me dikë për me njoftë,968,1038
true_1038,1038,0,real,"Ministri i Shëndetësisë bën thirrje për respektim të masave ndaj COVID-19, vet nuk i respekton ato",1429,1528
true_1039,1039,0,real,Punëtori i Komunës së Ferizajt i dënuar për rrahjen e gruas i kërkon edhe të largohet nga shtëpia,3412,3510
true_1040,1040,0,real,Mërgim Lushtaku i drejtohet kryeparlementares me: 'Sherife Osmani',4889,4956
true_1041,1041,0,real,"Hani Elezit, Komuna pa stomatolog",1175,1209
true_1042,1042,0,real,Raport: Bandat nga Ballkani tani janë kthyer në kontrabandistë globalë,4818,4889
true_1043,1043,0,real,Teatri ‘Muharrem Qena’ bëhet me 10 aktorë rezidentë,1193,1245
true_1044,1044,0,real,Lirohen nga akuza zyrtarët e Urbanizmit në komunën e Skenderajt,3006,3070
true_1045,1045,0,real,Dalin rezultatet e 429 mostrave për COVID-19,428,473
true_1046,1046,0,real,"Operacioni i INTERPOL: Arrestohen disa mafiozë të fuqishëm në Shqipëri, Kosta Rikë dhe Argjentinë",1246,1344
true_1047,1047,0,real,Njëra nga pozitat në Këshillin Drejtues të UP-së mund të jetë në konflikt të interesit,5030,5117
true_1048,1048,0,real,Arben Vitia shpreh ngushëllime për mjekët që vdiqën nga COVID-19,725,790
true_1049,1049,0,real,Hoti: Kemi filluar draftimin e marrëveshjes përfundimtare mes Kosovës dhe Serbisë,2773,2855
true_1050,1050,0,real,Ministri Reçica: Me projektligjin e ri u njihet e drejta në pension kontributiv punëtorëve të viteve të 90-ta,2190,2300
true_1051,1051,0,real,Haradinaj-Hotit: Nuk kemi çka lypim ne Bruksel pa na i hjekë vizat,927,994
true_1052,1052,0,real,Hoxhaj kritikon Hotin: Nuk është serioze të shkohet në Bruksel me koordinator,1134,1212
true_1053,1053,0,real,Kërkohet paraburgim ndaj të dyshuarit për tentim vrasje ndaj vëllait të tij,1163,1239
true_1054,1054,0,real,ORCA: 55% e profesorëve në UP nuk e justifikojnë titullin e tyre akademik,2022,2096
true_1055,1055,0,real,Boris Johnson: Kriza e COVID-19 përfundon nga mesi i vitit 2021,790,854
true_1056,1056,0,real,Partitë në Kuvend kërkojnë nga qeveria të gjejë zgjidhje për pensionistët kontributdhënës,2518,2608
true_1057,1057,0,real,Kuvendi nis debatin për pensionistët kontributdhënës,1237,1290
true_1058,1058,0,real,Kryeministri kundër ministres: Dialogu me Serbinë nuk është teknik,1129,1196
true_1059,1059,0,real,"VIDEO - Telekomi para kollapsit, Kuvendi pa kuorum ta votojë rezolutën",542,613
true_1060,1060,0,real,"Kaçanik, të shtëna me armë për kontest pronësor",576,624
true_1061,1061,0,real,"Vdes nga COVID-19 mjeku i Reumatologjisë, Sylejman Rexhepi",548,607
true_1062,1062,0,real,Hoti: Do të përkujdesemi të mos kemi dialog teknik me Serbinë,1324,1386
true_1063,1063,0,real,Kriza e Coronavirus: Vdes mjeku i dytë i infektuar,1320,1371
true_1064,1064,0,real,Thaçi nuk do dialog teknik me Serbinë,1256,1294
true_1065,1065,0,real,"Stamboll: Pas 86 vjetësh, lutjet e së premtes mbahen në ish-muzeun Aja Sofia",1221,1298
true_1066,1066,0,real,Kryeministri informon sot deputetët për takimet në Bruksel,282,341
true_1067,1067,0,real,Nis takimi Thaçi - Hoti,349,373
true_1068,1068,0,real,Kina urdhëron mbylljen e një konsullate amerikane,1025,1075
true_1069,1069,0,real,Viola Von Cramon: Të njëjtit njerëz që po bëjnë kritika e kanë votuar Gjykatën Speciale,5374,5462
true_1070,1070,0,real,Parlamenti Evropian paralajmëron se mund të bllokojë buxhetin e BE-së,1250,1320
true_1071,1071,0,real,SHBA-ja me mbi katër milionë raste me COVID-19,1250,1297
true_1072,1072,0,real,Londra dhe Uashingtoni akuzojnë Rusinë se ka shkrepur një lloj rakete në hapësirë,1347,1429
true_1073,1073,0,real,"Vjosa Osmani deputetit të LDK-së, ""There is a new Sheriff in town""",2726,2793
true_1074,1074,0,real,"Jakup Krasniqi infektohet me COVID-19, Limaj i dëshiron shërim të shpejtë",1053,1127
true_1075,1075,0,real,Këto janë komunat me rastet e reja me COVID-19,847,894
true_1076,1076,0,real,"Pas dy muajve, Maqedonia e Veriut me asnjë viktimë nga COVID-19",853,917
true_1077,1077,0,real,"Gjakovë, burg e gjobë për grabitjen në tentativë në ""Ria Capital""",1252,1318
true_1078,1078,0,real,Viti: Mbi 83 mijë euro për pakot ushqimore dhe higjienike për shkak pandemisë COVID-19,1380,1467
true_1079,1079,0,real,Hoti i shkruan letër Osmanit për raportimin në Kuvend pas takimit në Bruksel,470,547
true_1080,1080,0,real,"Thaçi: Përfundova 30 orë ballafaqim me akuzën, i njoh pretendimet e tyre",6907,6980
true_1081,1081,0,real,"Mësimi në shtator mund të fillojë nga ekrani, ekspertët rekomandojnë më shumë udhëzime",6560,6647
true_1082,1082,0,real,Hoti kthehet nga Brukseli,799,825
true_1083,1083,0,real,"Kontributi njerëzor, fokus i festivalit `Anibar` këtë vit",2567,2625
true_1084,1084,0,real,"Pas katër ditësh intervistim në Hagë, Thaçi kthehet sot në Kosovë",1422,1488
true_1085,1085,0,real,Teatri i Podujevës bëhet me aktorë rezidentë,1026,1071
true_1086,1086,0,real,Hoti flet për temat që i bisedoi me Vuçiqin në Bruksel,1648,1703
true_1087,1087,0,real,"Zgjidhja e misterit të ‘Varrit të Kosovarit’, shpresë për zbardhjen e krimeve të luftës - VIDEO",3428,3524
true_1088,1088,0,real,Ministrja Dumoshi premton investime në kulturën dhe sportin e Fushë-Kosovës,2376,2452
true_1089,1089,0,real,2 mijë e 706 raste aktive me COVID-19 në Kosovë,920,968
true_1090,1090,0,real,"Incident në një port iranian, disa anije përfshihen nga zjarri",1301,1364
true_1091,1091,0,real,"Komuna e Prizrenit e kursen shtetin, ndau 120 mijë euro për të blerë teste serologjike",1363,1450
true_1092,1092,0,real,Mbi 13 milionë të infektuar me coronavirus në botë,2823,2874
true_1093,1093,0,real,Asamblistja e Gjakovës dënohet për mosraportim të pasurisë,1047,1106
true_1094,1094,0,real,Reagimi i Qeverisë: Agim Veliu nuk do të paguhet shtesë për pozitën e koordinatorit,486,570
true_1095,1095,0,real,Policia ‘ruan’ pacientët me koronavirus nga familjarët,6421,6476
true_1096,1096,0,real,"Momenti kur Thaçi doli nga Specialja, me dorën në xhep",967,1022
true_1097,1097,0,real,Ministri i Shëndetësisë: Mbiemri Zemaj ka tmerruar paramilitarët serbë,630,701
true_1098,1098,0,real,Hoti për marrëveshjet ndërkombëtare: Na hap rrugë me pagesat e masave për të papunë dhe biznese,1023,1119
true_1099,1099,0,real,Hoti: Jemi gati në limitet e kapaciteteve shëndetësore,1078,1133
true_1100,1100,0,real,301 pacientë me COVID-19 po trajtohen në QKUK dhe në spitalet rajonale,836,907
true_1101,1101,0,real,"Hoti e Vuçiq zhvillojnë sot takim virtual, rinis dialogu Kosovë-Serbi",1261,1331
true_1102,1102,0,real,Edhe 71 të shëruar nga COVID-19 në Kosovë,1026,1068
true_1103,1103,0,real,"Ministri Zemaj takohet me kreun e BIK-ut, Naim Tërnavën",850,906
true_1104,1104,0,real,Hoti paralajmëron shpalljen e gjendjes së jashtëzakonshme,1800,1858
true_1105,1105,0,real,"Flet Xhavit Ukaj: Nuk e ofendova Vjosa Osmanin, shkova të konsultohem pse ma bëri me gisht",1569,1660
true_1106,1106,0,real,Abazi: Ligji për COVID-19 u refuzua e Hoti drejt shpalljes së gjendjes së jashtëzakonshme,2317,2407
true_1107,1107,0,real,"Kriza e Covid, 21 pacientë në gjendje kritike",622,668
true_1108,1108,0,real,COVID-19: Vdes veterani i UÇK-së nga Malisheva,663,710
true_1109,1109,0,real,Kontestohet konkursi për bordin menaxhues në “Trepçë” (VIDEO),6221,6283
true_1110,1110,0,real,Gjykata Speciale i dërgon ftesë edhe një ish-ushtari të UÇK-së,888,951
true_1111,1111,0,real,"Vjosa Osmani i shkruan LDK-së, i kërkon rezultatet e votimit për shkarkimin e saj (DOKUMENT)",1117,1210
true_1112,1112,0,real,Therje me thikë në Prizren,692,719
true_1113,1113,0,real,John Bolton: Trump është 'i paparashikueshëm dhe i rrezikshëm',7953,8016
true_1114,1114,0,real,Shtetet në SHBA ndalin rihapjen pas rritjes së rasteve me COVID-19,940,1007
true_1115,1115,0,real,Nga këto komuna të Kosovës janë 69 të infektuarit e konfirmuar sot me COVID-19,743,822
true_1116,1116,0,real,"Departamenti i Shtetit: Ngritja e akuzave nga Prokurori i Specializuar, hap përpara për drejtësinë në Kosovë",1257,1366
true_1117,1117,0,real,Anulohet udhëtimi i Thaçit për në Washington,631,676
true_1118,1118,0,real,"Aktakuza ndaj Thaçit e Veselit: Krimet përfshijnë qindra viktima shqiptare, serbe e rome",1685,1774
true_1119,1119,0,real,Zemaj: Gjashtë pacientë me COVID-19 janë në kujdes intensiv,525,585
true_1120,1120,0,real,Deputetja kritikon ministrin e Shëndetësisë që s’u dha vërejtje deputetëve për mosrespektim të masave,899,1001
true_1121,1121,0,real,"Hoti raporton në Kuvend për dialogun: Ose do të ketë marrëveshje të mirë për Kosovën, ose s’do të ketë fare",1701,1809
true_1122,1122,0,real,"Shala e Ahmeti ulen në bankën e të akuzuarve për projektin e parkut ""Te Pishat"" në Skenderaj",4378,4471
true_1123,1123,0,real,"PDK i hakmerret Hotit, nuk i voton marrëveshjet ndërkombëtare",1902,1964
true_1124,1124,0,real,"Nesër vazhdon seanca e Kuvendit, 5 pika në rend të ditës",1778,1835
true_1125,1125,0,real,Dita e Muzikës: Ministria e Kulturës i ndan Vinçenc Gjinit Çmimin Kombëtar për Vepër Jetësore,1984,2078
true_1126,1126,0,real,Kryetari i Rahovecit jep detaje për të vdekurin nga COVID-19,568,629
true_1127,1127,0,real,"Moti sot, i vranët, me shi e shkarkime rrufesh",359,406
true_1128,1128,0,real,"Shërohen edhe 38 persona,1055 raste aktive COVID-19",957,1009
true_1129,1129,0,real,Ministri Selimi: I papranueshëm ekstradimi i Ljubisa Manitaseviç në Serbi,1010,1084
true_1130,1130,0,real,Deputeti i LDK-së thotë se ka votuar kundër shkarkimit të Vjosa Osmanit nga pozitat në parti,1788,1881
true_1131,1131,0,real,Zhduket një vajzë nga Klina,341,369
true_1132,1132,0,real,Ministria e Bujqësisë nënshkruan programin për Zhvillim Rural dhe Pagesave Direkte në vlerë prej 53 milionë euro,5663,5776
true_1133,1133,0,real,Dënohet me gjobë i akuzuari se kërcënoi Presidentin Thaçi,1032,1090
true_1134,1134,0,real,Zemaj për pajisjet mbrojtëse nga COVID-19: Kemi furnizim stabil,467,531
true_1135,1135,0,real,"Kosova synon njohjen nga Serbia, nuk dëshiron kompromis",5874,5930
true_1136,1136,0,real,Skenderaj: Ora e rrymës kaplohet nga zjarri,265,309
true_1137,1137,0,real,Engji Jaha hap ekspozitë në Galerinë e Ministrisë,1137,1187
true_1138,1138,0,real,"Qeveritarët pa maska e me duarshtrëngime, përurojnë rrugën Deçan–Plavë - FOTO",1722,1800
true_1139,1139,0,real,"Punëtori i kompanisë 'Ujësjellësi' në Lipjan pozitiv me COVID-19, merren mostrat për punëtorët tjerë",1480,1581
true_1140,1140,0,real,A është 'gjallë' propozimi i AAK-së që secilit qytetar t'i jepen 100 euro?,2420,2495
true_1141,1141,0,real,Në Shtëpinë e të Moshurave në Prishtinë u punësua si infermiere kandidatja që s'i plotësoi kriteret,2301,2401
true_1142,1142,0,real,Dasmat ‘mollë sherri’ mes estradës dhe Qeverisë,1770,1818
true_1143,1143,0,real,"Prishtinë, të infektuarat me COVID-19 dalin nga vetizolimi dhe përfshihen në një aksident trafiku",461,559
true_1144,1144,0,real,Sulmohet njësia e policisë në rrugën Veternik- Podujevë,518,574
true_1145,1145,0,real,Vetëvendosje e dërgon në Kushtetuese çështjen e votimit të deputetit Etem Arifi,2743,2823
true_1146,1146,0,real,"Video mesazhi i ri i Albin Kurtit, ftesë për tubimin në sheshin ""Skenderbeu""",1312,1389
true_1147,1147,0,real,Zemaj nga Kuvendi kërkon respektim të rekomandimeve për shkak të pandemisë,921,996
true_1148,1148,0,real,(FOTO) Vushtrri: Rikthehet deponia e mbeturinave në fshatin Pestovë,616,684
true_1149,1149,0,real,Gjykata dënon gruan kosovare që bashkë me familje iu bashkua ISIS-it në Siri,1939,2016
true_1150,1150,0,real,"I gjenden në banesë një Kallash, qindra fishekë, detonatorë e fitil zjarrpërcjellës",673,757
true_1151,1151,0,real,Në Junik dhe Malishevë sot nuk ka filluar mësimi plotësues për klasat e nënta,960,1038
true_1152,1152,0,real,"COVID-19 - Haziri paralajmëron vendosjen e ""drynit"" te lokalet që nuk respektojnë masat",214,302
true_1153,1153,0,real,Nipi i Hashim Thaçit dhe djali i Agim Veliut bashkë në biznesin e sigurimeve,4724,4801
true_1154,1154,0,real,"Nga e hëna, qytetarët që hynë në Kosovë nuk do të vetizolohen për 7 ditë",2577,2650
true_1155,1155,0,real,"Në Kosovë, rreth 100,000 të infektuar në vit nga sëmundjet ngjitëse",3344,3412
true_1156,1156,0,real,"Situata politike në Shqipëri dhe Kosovë, Ilir Meta takim me Hashim Thaçin",129,203
true_1157,1157,0,real,Hoti takon sot Ambasadorin e ShBA-së,348,385
true_1158,1158,0,real,Identifikohet autori i dyshuar i vrasjes së dy vëllezërve në Krujë,531,598
true_1159,1159,0,real,Sekretari i BIK’ut për Xhaminë e Madhe: Nuk është donacion i Erdoganit,1063,1134
true_1160,1160,0,real,Shote Galica duhet të rivarroset në Kosovë,1063,1106
true_1161,1161,0,real,Motrat binjake bëhen nëna në të njëjtën ditë,1636,1681
true_1162,1162,0,real,Pasqyrë moj pasqyrë kush është më e bukur se unë,493,542
true_1163,1163,0,real,"Hoti thotë se Ballkani Perëndimor është i ndarë, por liderët kanë vullnet për të hequr pengesat",2118,2214
true_1164,1164,0,real,Edhe nesër priten temperatura shumë të larta,1531,1576
true_1165,1165,0,real,Hoti nesër në Gjilan te kritikuesi i tij më i madh Lutfi Haziri,1068,1132
true_1166,1166,0,real,"Kush është Agnesa? Pasi zbuloi emrin e vajzës së e kishte bërë më të lumtur, Getinjo reagon në rrjetet sociale dhe sqaron gjithçka",472,603
true_1167,1167,0,real,"Shqipëri, Kosovë ‘zonë rreziku’, vendoset detyrimi: Nga java e ardhshme kush shkon në Gjermani duhet…",4744,4846
true_1168,1168,0,real,Nesër fillojnë punimet në hyrjen e qytetit të Gjilanit,455,510
true_1169,1169,0,real,"“Vaksina është gjetur, fshihet që të pasurit të bëhen më të pasur”- Instagram censuron videon e Madonnës për dezinformacion",801,925
true_1170,1170,0,real,Nga sonte shqiptohen gjoba deri 1 mijë euro për ata që nuk i respektojnë masat në Kosovë,738,827
true_1171,1171,0,real,Kjo është dhurata më e çuditshme që Princ William i ka bërë Kate Middleton,593,668
true_1172,1172,0,real,Zanfina shfaq trupin s*ksi në një imazh me bikini,358,408
true_1173,1173,0,real,Kujdes: Personat shtatlartë janë më shumë të rrezikuar nga infektimi me COVID-19,2323,2404
true_1174,1174,0,real,"Të hyrat në gjashtë muajt e parë ranë për 8 %, shpenzimet u rritën për 38.7 milionë euro",1383,1472
true_1175,1175,0,real,"Ngjarje e vërtetë: Në vend se ta lija, ëndërroja vdekjen e tij (8)",3962,4029
true_1176,1176,0,real,"Fruti me fat që zgjidhni, zbulon nëse dëshirat tuaja do të realizohen",1994,2064
true_1177,1177,0,real,"Vetëm 9 vjeçe/ Vajza humb jetën nga koronavirusi, sipas mjekëve s’kishte sëmundje të tjera",914,1005
true_1178,1178,0,real,"Lëngu çudibërës për zemër, i vjetër tetë sheku",912,959
true_1179,1179,0,real,"Pini ilaçin e përgatitur vetë për ta shëruar diabetin, tipi 2",1299,1361
true_1180,1180,0,real,Vetëm në këtë kënd të shtëpisë së Kylie Jenner gjendet një pasuri e tërë,711,784
true_1181,1181,0,real,Falë 'karantinës' Miriami dhe Albani prindër për herë të tretë!,913,977
true_1182,1182,0,real,Reperi i njohur 'shpërthen' ndaj këngëtarëve të rinj: Shesin hashash me doza të vogla...,902,991
true_1183,1183,0,real,Sekreti i japonezëve për jetë të gjatë,1248,1287
true_1184,1184,0,real,Gjyste Vulaj në paraqitjen e fundit duket si një 20 vjeçare ...,376,440
true_1185,1185,0,real,"Abu Dabi, 10,000 dirhemë gjobë për ata që organizojnë ndeja në pandemi",1051,1122
true_1186,1186,0,real,Fansi i çmendur bën tatuazh në trup fytyrën e Noizyt!,577,631
true_1187,1187,0,real,A merret vërtet Covidi dy herë?,1183,1215
true_1188,1188,0,real,"“Unë e përdora për 14 ditë, dhe ja ku jam”, Trump flet për ilaçin kundër koronavirusit dhe “sulmon” ekspertët: S’më pëlqejnë se…",3148,3277
true_1189,1189,0,real,"CAS hedh poshtë apelimin e presidentit të Federatës të akuzuar për abuzim seksual, reagon FIFPro",1882,1979
true_1190,1190,0,real,Princi i Anglisë zbulon si u bë tifoz i Aston Villas: S’doja të bëhesha me Chelsean apo Unitedin,1802,1899
true_1191,1191,0,real,Infektohet edhe presidenti që tha se saunat dhe vodka janë ilaçe kundër Covid-19,926,1007
true_1192,1192,0,real,"Ndryshohet orari i kufizimit të lëvizjes, nga kjo orë iu ndalohet të dilni jashtë shtëpisë",1469,1560
true_1193,1193,0,real,Sot do të jetë vapë e madhe gjithashtu në Kosovë,697,746
true_1194,1194,0,real,Pezullimi i përpjekjeve për anëtarësim në mekanizma ndërkombëtarë gabim i pa falshëm i Qeverisë Hoti,3942,4043
true_1195,1195,0,real,"Prapaskenat e lidhjes së krimit, të bashkuar në një subjekt politik",2192,2260
true_1196,1196,0,real,Kosova me pasoja historike nga qeveritarët e pa dinjitetshëm dhe gabimet strategjike,4962,5047
true_1197,1197,0,real,Dalin fotot e Gymysh me fustan të bardhë - shikoni sa nuse e bukur është bërë,1018,1096
true_1198,1198,0,real,"Një xhentëllmen i vërtetë si i dashuri i Dua Lipës, ja gjesti i modelit ndaj këngëtares shqiptare",937,1035
true_1199,1199,0,real,Jeni gati të shihni ndryshimin e radhës së Tayna-s?,915,967
true_1200,1200,0,real,Agjencia e Ushqimit ka një kërkesë për të gjithë ata që duan të therin Kurban për këtë Bajram,3244,3338
true_1201,1201,0,real,"Gati për luftë? Irani i tregon forcën SHBA’së, i lëshon raketë kopjes së avionmbajtësve amerikane",770,868
true_1202,1202,0,real,"Fitneset dhe pishinat e mbyllura vazhdojnë aktivitetin, të gjitha aktivitetet tjera pezullohen",887,982
true_1203,1203,0,real,Albana Bilalli festojë ditëlindjen përplotë hare,408,457
true_1204,1204,0,real,"Masat e reja, nuk lejohet lëvizja e lirë pas orës 22:30 në këto qytete",1292,1363
true_1205,1205,0,real,Shqipja&Agroni 28 vite dashuri dhe respekt ndaj njëri-tjetrit,584,646
true_1206,1206,0,real,"Limaj: S’ka dialog teknik me Serbinë, mungesa e konsensusit rrezikon ratifikimin e marrëveshjes",1455,1551
true_1207,1207,0,real,Abazi pohon se Kujtim Shala dhe Arben Gashi kanë çrregullime serioze mendore,2544,2621
true_1208,1208,0,real,"Në tavolinë të dialogut me Serbinë, Kosova të nxjerr të gjitha dëshmitë e krimeve serbe në Kosovë",1765,1863
true_1209,1209,0,real,Shala për pretendimet e Gjyshincës i ka dy tri fjalë për ti thënë,1077,1143
true_1210,1210,0,real,"Gashi në konferencë: Gjyshinca incizoi gjithçka, le ta nxjerr videon",1367,1436
true_1211,1211,0,real,Ja kur do të martohen Katy Perry dhe Orlando Bloom,1745,1796
true_1212,1212,0,real,"Ngajrje e vërtetë: Në vend se ta lija, ëndërroja vdekjen e tij (7)",3555,3622
true_1213,1213,0,real,"Përplasja në Komision, çfarë i thanë Shala e Gjyshinca njëri-tjetrit",2567,2636
true_1214,1214,0,real,"Meka përgatitet për haxhillëk, këtë vit do të presë vetëm një mijë pelegrinë",957,1034
true_1215,1215,0,real,"Keni dhimbje kyçesh dhe këmbësh?! Kujdes, mund t’iu mungojë kjo vitaminë…",1489,1563
true_1216,1216,0,real,Lingard: Ronaldo është Michael Jordani i futbollit,1565,1616
true_1217,1217,0,real,Gjyshinca i VV’së: Kujtim Shala e Arben Gashi më sulmuan në korridor,1478,1547
true_1218,1218,0,real,"Pastroni zorrët, që sëmundja të mos ngjitet për juve",999,1052
true_1219,1219,0,real,"“Me ty e përfundova të lutem rri qatje”, LDK i reagon deputetit të VV’së për shkak të Kujtim Shalës",1297,1397
true_1220,1220,0,real,Restaurohet mulliri i shekullit 19 në Graboc të Obiliqit,2128,2185
true_1221,1221,0,real,Gjermania paralajmëron kundër udhëtimit në disa pjesë të Spanjës,945,1010
true_1222,1222,0,real,Studimi/ Këto tre veprime të thjeshta mund të parandalojnë shpërthimin e COVID-19,1610,1692
true_1223,1223,0,real,Receta e Cekes: Paçë me petë,1481,1510
true_1224,1224,0,real,"Situata me Covid-19, kryeministri Hoti kërkon të vërehet dora e fortë e shtetit",792,872
true_1225,1225,0,real,Receta e Cekës: Ëmbëlsirë me hurma,826,861
true_1226,1226,0,real,Super hiti është gati! Kënga e re e Encës dhe e Don Xhonit e ka një datë publikimi,352,435
true_1227,1227,0,real,KMDLNj u kërkon deputetëve ta votojnë buxhetin e rishikuar,3885,3944
true_1228,1228,0,real,Largojeni yndyrën në gjak përmes recetës së lashtë popullore,1268,1329
true_1229,1229,0,real,"Ankohet Big Mama, “Akoma s’po gjej dashnor”, më gjuanin kur isha e shëndoshë, tani që u dobësova…",1068,1166
true_1230,1230,0,real,Rasheli do ua hapë sytë me këtë imazh,623,661
true_1231,1231,0,real,"“Më shtriu për tokë”, Ish-ministri njofton se është shëruar nga koronavirusi",310,387
true_1232,1232,0,real,ShBA-ja dhe Rusia nisin bisedimet për kontrollin e armëve bërthamore,1217,1286
true_1233,1233,0,real,"Izolimi në shtëpi një javë pas pushimit frikëson kosovarët, kthehen prej detit",1474,1553
true_1234,1234,0,real,Blero: Ky reper shqiptar është i preferuari im,855,902
true_1235,1235,0,real,Edhe Erion Veliaj i infektuar me COVID-19,690,732
true_1236,1236,0,real,Mediat serbe: Tri shtete të gatshme të tërheqin njohjen e pavarësisë së Kosovës,1050,1130
true_1237,1237,0,real,"Gjorgjeviq: Vuçiq po distancohet nga Serbia, po i afrohet Prishtinës",4703,4772
true_1238,1238,0,real,"Almeda Abazi rikthehet në ekran, çfarë është projekti që po bën kuriozë fansat?",725,805
true_1239,1239,0,real,"Vetëdijësimi i qytetarëve, e vetmja mundësi për ndryshim!",2909,2967
true_1240,1240,0,real,"Ekspertët të shqetësuar, zbulojnë lidhjen mes Covid-19 dhe mpikjes së gjakut",2119,2196
true_1241,1241,0,real,Shteti i kapur nga krimi i organizuar lidhur me Devollët po e rrezikon falimentimin e Telekomit,2459,2555
true_1242,1242,0,real,Ja si dukej Marilyn Monroe përpara se të bëhej e famshme,781,838
true_1243,1243,0,real,Deputetja e Kuvendit të Kosovës Eliza Hoxha është shëruar nga koronavirusi,3969,4044
true_1244,1244,0,real,"Meshkujt e humbasin më vonë se femrat, do shokoheni përse",672,730
true_1245,1245,0,real,Pandora më në formë se kurrë feston ditëlindjen,439,487
true_1246,1246,0,real,"Ja përse duhet të hani 1 thelb hudhër në esëll/ Bën mrekulli për organizmin, ja si",818,901
true_1247,1247,0,real,‘Gymysh’ i jep fund beqarisë ky është burri fatlum,736,787
true_1248,1248,0,real,Haziri godet keq Hotin: Situata po rrëshqet në padëgjueshmëri qytetare,969,1040
true_1249,1249,0,real,"Xhensila me poza joshëse nga shtrati, i tregon të gjitha nga pak",439,504
true_1250,1250,0,real,Qeveria mund ta gjobisë Presidentin për daljen pa maskë,333,389
true_1251,1251,0,real,Dhurata Dora blenë veturë në vlerë 52 mijë euro,814,862
true_1252,1252,0,real,"Këto parti politike për dy dekada i krijuan probleme shtetit të Kosovës, nuk riparohen as për dhjetë vjetët e ardhshëm",1391,1510
true_1253,1253,0,real,Zëvendëskryeministri njofton se do të shpërndahen gjysmë milioni maska nëpër komunat e vendit,669,763
true_1254,1254,0,real,Teste falas për Covid-19 për të gjithë që kthehen,1348,1398
true_1255,1255,0,real,"I biri tregon amanetin që la Enver Hoxha para se të ndahej nga jeta: Nusen shikoni, nusen…",1087,1178
true_1256,1256,0,real,Ish-inspektori i ndërtimit në Prizren shpallet fajtor për keqpërdorim detyre,1698,1775
true_1257,1257,0,real,"Rrëfehet vajza shqiptare: E gënjeva për virgjërinë, nuk e imagjinoni çfarë më bëri",1333,1416
true_1258,1258,0,real,"Ngjarje e vërtetë: Në vend se ta lija, ëndërroja vdekjen e tij (6)",3693,3760
true_1259,1259,0,real,"Maska natyrore për fytyrë, me efekt të botoksit dhe mbushësit",3041,3103
true_1260,1260,0,real,Receta çudibërëse me farat e lirit: Të dobësohemi shëndetshëm dhe sigurt,2475,2548
true_1261,1261,0,real,"Avdullah Hoti për zbatimin e ligjit në Veri: E kemi zor me këtë pjesë, por nuk heqim dorë",1077,1167
true_1262,1262,0,real,Vozitësi nga Kosova godet 6 persona me veturë në Berlin,1052,1108
true_1263,1263,0,real,"Shtëpi të vërteta, të pushtuara nga djajtë dhe rrëfimi që qëndron prapa tyre",2463,2540
true_1264,1264,0,real,"Pas protestës në shesh, Hoti i pret në takim gastronomët",1429,1486
true_1265,1265,0,real,Buzëqeshja thuhet të jetë ilaçi më i mirë,2326,2368
true_1266,1266,0,real,Receta e Cekës - Maregnore,1442,1469
true_1267,1267,0,real,"Sopranoja e njohur reagon ndaj kërcënimit të mjekut kosovar: Turp të keni, ky person shpëtoi jetë, timen e të babait tim",1434,1555
true_1268,1268,0,real,Këto janë lajmet e fundit mbi gjendjen aktuale të pandemisë në botë,1617,1685
true_1269,1269,0,real,Zbulohen gjashtë lloje të COVID-19,2693,2728
true_1270,1270,0,real,Që nga prilli Kina shënon numrin më të madh të rasteve me Covid-19,1262,1329
true_1271,1271,0,real,Gjërat më të çuditshme që janë gjetur në trupin e njeriut,1798,1856
true_1272,1272,0,real,Pesë raste të sulmeve ndaj grave brenda 24 orëve,1819,1868
true_1273,1273,0,real,"Ministri Zemaj takohet me Myftiun Tërnava, çfarë u vendos për faljen e Kurban Bajramit?",726,814
true_1274,1274,0,real,Koronavirusi anulon festimet e Vitit të Ri,985,1028
true_1275,1275,0,real,"Ç’do ndodhë me koronavirusin? OBSH në alarm, rritja e infektimeve po…",2548,2618
true_1276,1276,0,real,"Me vargjet që të prekin zemrën, Ronela Hajati bën dedikimin prekës për të atin e ndjerë!",814,903
true_1277,1277,0,real,"Mbi 700 profesionistë shëndetësorë, të infektuar me koronavirus",902,966
true_1278,1278,0,real,Nevina Shtylla publikon foto nga plazhi,314,354
true_1279,1279,0,real,Çfarë misteri i pazgjidhur fshihet në mes të selisë së CIA?,3343,3403
true_1280,1280,0,real,"Mendonin se kishte vdekur dhe e varrosën, familjarët shokohen kur e gjejnë duke ecur në varreza",1303,1399
true_1281,1281,0,real,Bilanci i fundit: Mbi 3000 raste aktive me Covid-19 në Kosovë,2007,2069
true_1282,1282,0,real,Lajm i mirë: Shërohet edhe foshnja e dytë e sëmurë me Covid-19 në Kosove,473,546
true_1283,1283,0,real,Paraburgim 42-vjeçarit nga Kamenica i cili dyshohet se e mbyti gruan e tij me shufër metalike,510,604
true_1284,1284,0,real,"Vuçiq është duke luajtur lojën e dreqit, andaj edhe perëndimi duhet ta luaj të njëjtën lojë me të e jo të sillet me naivitet",6149,6274
true_1285,1285,0,real,Prekëse: Kujdestari vishet bardhezi për t’ia plotësuar mungesën e nënës zebrës jetime,973,1059
true_1286,1286,0,real,"Hyseni takohet me diplomatin amerikan Philip Reeker, merr përkrahje të SHBA’së në dialog",1565,1654
true_1287,1287,0,real,Dobitë shëruese të gjetheve të karotës,1372,1411
true_1288,1288,0,real,"Daut Haradinaj: S’kemi asnjë problem në bashkëqeverisje, vetëm e duam SHBA’në në tryezën e dialogut",1033,1133
true_1289,1289,0,real,“Në dashuri duhet kujdes”- Bëni mirë që ti besoni instinktit,2610,2671
true_1290,1290,0,real,Aleksander Vuçiq: Dialogu i Brukselit po ndodhë nga dëshira e Brukselit për ta përjashtuar Amerikën,1370,1470
true_1291,1291,0,real,Kaçanikasi tenton t’i vrasë dy persona shkaku i një kontesti pronësor,1440,1510
true_1292,1292,0,real,Fitore Pacolli godet Kadri Veselin me dy fjalë,444,491
true_1293,1293,0,real,"U bë me vajzë por dëshironte djalë – Burri vret veten, e shoqja pëson atak kardiak",592,675
true_1294,1294,0,real,Hani këto ushqime dhe veshkat do t'i keni të shëndetshme,1229,1286
true_1295,1295,0,real,Shenjat që tregojnë se partneri po ju përdor për të kënaqur egon e tij,2920,2991
true_1296,1296,0,real,Fatmir Limaj i uron shërim të shpejtë Jakup Krasniqit pas infektimit me COVID-19,958,1039
true_1297,1297,0,real,"Gjendja e të infektuarve me koronavirus në Spitalin e Pejës, 7 në gjendje të rëndë",1010,1093
true_1298,1298,0,real,"Vuçiq: BE’ja dhe SHBA’ja e duan Kosovën të pavarur, por unë jam veteran në politikë",2014,2098
true_1299,1299,0,real,Çfarë moti do të kemi gjatë 5 ditëve të ardhshme,1548,1597
true_1300,1300,0,real,"Bëra s*ks me një të panjohur, tani pas 7 vitesh burri kërkon ta gjejë atë dhe...",2824,2905
true_1301,1301,0,real,Lufta me pandeminë/ 3 mënyra të thjeshta se si mund të ndalojmë përhapjen e koronavirusit,2677,2767
true_1302,1302,0,real,"OBSH: Rritje shqetësuese të rasteve nga coronavirusi në Ballkan, duhet të tregohemi vigjilentë",824,919
true_1303,1303,0,real,Mustafa i ka dy fjalë për ndërtimin e Xhamisë së Madhe,1363,1418
true_1304,1304,0,real,"‘Rritje dramatike e koronavirusit në Ballkan’: Ç’po ndodh me këto vende, vala e re e infektimeve…",4537,4635
true_1305,1305,0,real,"Dialogu “teknik”, cilët janë zyrtarët nga Kosova e Serbia që do udhëtojnë në Bruksel",1451,1536
true_1306,1306,0,real,Policia konfirmon gjetjen e tre fëmijëve nga Bardhoshi për të cilët u raportua se janë zhdukur,757,852
true_1307,1307,0,real,Hulumtohet imuniteti i qytetarëve ndaj Covid-19,868,916
true_1308,1308,0,real,McGregor fotografohet me gjimnasten ruse – tifozët e quajnë si thumbim ndaj Khabibit,998,1083
true_1309,1309,0,real,Laboratorët në SHBA të mbingarkuar nga testimet për COVID-19,462,523
true_1310,1310,0,real,Punëtorët e Telekomit organizojnë protestë 24 orëshe: Grupet e errëta dëshirojnë të na lënë fëmijët pa bukë,653,761
true_1311,1311,0,real,"E akuzuan për ndërhyrje në Gjykatë, Von Cramon ia kthen Enver Hoxhajt: Kjo s’ndodh në demokraci, ndoshta në vendin tuaj po",1344,1467
true_1312,1312,0,real,"Prishtina me 91 raste të reja, këto janë komunat tjera ku u konfirmuan rastet me COVID-19",1279,1369
true_1313,1313,0,real,Pesë persona kanë vdekur nga koronavirusi nga raportimi i fundit,1726,1791
true_1314,1314,0,real,Ky është 22 vjeçari nga Peja që vdiq në aksidentin tragjik,520,579
true_1315,1315,0,real,Tetë vjet nga vdekja e poetit Ali Podrimja,1633,1676
true_1316,1316,0,real,"Vrasja e rëndë në Fushë Kosovë, flasin nga Policia",1468,1519
true_1317,1317,0,real,Shtetet e Bashkuara thirrje për BE’në: Liberalizoni vizat për kosovarët,2054,2126
true_1318,1318,0,real,"Ka humbur ky person, familjarët kërkojnë ndihmën e qytetarëve",229,291
true_1319,1319,0,real,"Deputetët e infektuar me koronavirus, nisin procedurat për të mundësuar votimin online",4118,4205
true_1320,1320,0,real,Shikoni çfarë vozitje të shpejtë i bën veturës 60-vjeçarja shqiptare,725,794
true_1321,1321,0,real,"2 mijë e 600 raste aktive me koronavirus në Kosovë, 1 mijë e 118 vetëm në Prishtinë",968,1052
true_1322,1322,0,real,Biznesi në prag të falimentimit shkaku i pandemisë,4634,4685
true_1323,1323,0,real,Lëvizja Vetëvendosje kritikon qeverinë Hoti për punën e rishkimit të buxhetit,828,906
true_1324,1324,0,real,Turqia pezullon fluturimet shkaku i shtimit të rasteve të Covid-19,1191,1258
true_1325,1325,0,real,"Zemaj dhe Ramadani pushojnë sot, i cojnë me e-mail njoftimet për situatën 24 orëshe me COVID-19",767,863
true_1326,1326,0,real,Merkel: Samiti i BE-së për rimëkëmbje mund të përfundojë pa marrëveshje,1428,1500
true_1327,1327,0,real,Detaje nga vendi i ngjarjës mbi vrasjen e dy vëllezërve në Podujevë,1372,1440
true_1328,1328,0,real,Vdes në moshën 20-vjeçare artistja e patinazhit,591,639
true_1329,1329,0,real,Stop vazhdimit të bisedimeve në Bruksel pa praninë dhe monitorimin amerikan,3544,3620
true_1330,1330,0,real,Edhe nesër mot me vranësira dhe reshje shiu,515,559
true_1331,1331,0,real,Në Kosovë janë 2.676 raste aktive me Covid-19,686,732
true_1332,1332,0,real,Nga një shtet pa koronavirus në vendin me numrin më të madh të infektimeve në rajon,3954,4038
true_1333,1333,0,real,Dëshironi qerpikë të gjatë? Konsumoni këto ushqime për rezultate fantastike,3076,3152
true_1334,1334,0,real,"Tayna poston fotot provokuese dhe dërgon mesazhin, “Të josh dhe të bëj budalla, sa herë dua”",528,621
true_1335,1335,0,real,"Ide për grim, të cilat duhet t’i provoni këtë vjeshtë",2764,2818
true_1336,1336,0,real,Presidenti në aktakuzë para Gjykatës Speciale dhe dialogu me Serbinë e sfidojnë shtetësinë e Kosovës,1731,1832
true_1337,1337,0,real,Sa pasuri ka deklaruar deputeti i VV’së Jahja Kokaj,1733,1785
true_1338,1338,0,real,"Ministri Abrashi priti në takim të ngarkuarin me punë të ambasadës së Japonisë në Kosovë, Mitsunori Ogasawara",800,910
true_1339,1339,0,real,Djali i Hashim Thaçit u bën thirrje qytetarëve të dalin ta presin babain e tij në Morinë,818,907
true_1340,1340,0,real,Samiti i BE-së: Mosmarrëveshje të vazhdueshme për paratë,3822,3879
true_1341,1341,0,real,"Pas nënshkrimit të marrëveshjes me Serbinë, Thaçi do jetë ai që do e rrëzoi qeverinë, bashkë me këto parti",977,1084
true_1342,1342,0,real,Katër ditë intervistim – çka tha Thaçi para prokurorit në Hagë?,5892,5956
true_1343,1343,0,real,Kosova në udhëkryq prej Presidentit dhe prej elitës politike shqiptare,4631,4702
true_1344,1344,0,real,"Nga Nju Jorku, Dua Lipa sjell poza pa reçipeta",672,719
true_1345,1345,0,real,Blerim Latifi ka dy fjalë për xhaminë që po ndërtohet në Prishtinë,814,881
true_1346,1346,0,real,Kështu e kujton Leonora babin në 22 vjetorin e vdekjes,341,396
true_1347,1347,0,real,Nis takimi mes Hotit dhe Vuçiqit në Bruksel,797,841
true_1348,1348,0,real,"Ibrahim Kelmendi i drejtohet Prokurorisë në Hagë për Hashim Thaçin: S’ka qenë drejtor politik i UÇK’së, e faktorizuan francezët",10183,10311
true_1349,1349,0,real,Ja çfarë shëron qepa e pjekur dhe e zier,1332,1373
true_1350,1350,0,real,Afërdita po i shijon pushimet luksoze,356,394
true_1351,1351,0,real,Receta e Cekës: Omletë me mollë,935,967
true_1352,1352,0,real,Dhurata Dora publikon “Ferrari”,369,401
true_1353,1353,0,real,Republika e Kosovës në udhëkryq!!!,4485,4520
true_1354,1354,0,real,"“Do të ketë valë të dytë të koronavirusit, intensiteti i saj…”, flet mjeku gjerman: Ja e vetmja gjë që duhet të bëjmë",5957,6075
true_1355,1355,0,real,Para parlamentit të Serbisë vendoset transparenti kundër krerëve të luftës së UÇK-së,1052,1137
true_1356,1356,0,real,"Aktakuza ndaj Thaçit, Petritsch: Nisma amerikane për dialogun mund të konsiderohet e vdekur",15930,16022
true_1357,1357,0,real,"Përgatiteni vetë lëngun e fermentuar nga xhenxhefili, që shëron shumë sëmundje",994,1073
true_1358,1358,0,real,"Gjenden të pajetë 14 persona ,vazhdojnë masakrat në Meksikë",771,831
true_1359,1359,0,real,Që nga fillimi i prillit Çekia shënon numrin më të lartë të rasteve të koronavirusit,908,993
true_1360,1360,0,real,"“Rritja e tyre, më e vështirë se puna që bëj”- Gruaja rrëfen si iu kthye punës si eskortë pas lindjes së fëmijëve: Kur u tregova …",1984,2115
true_1361,1361,0,real,Donika Gërvalla kërkon dorëheqjen e Thaçit,818,861
true_1362,1362,0,real,Merret vendimi: Ky është ilaçi i parë që rekomandohet në BE kundër Covid-19,2611,2687
true_1363,1363,0,real,"“Ideja e korrigjimit të kufijve ishte e tij”, nga zyra e Bolton s’komentojnë deklarimet e Grenellit",1030,1130
true_1364,1364,0,real,"Ditën kur Prokuroria dorëzoi aktakuzën, për Thaçin ishte ditë e veçantë, çfarë shkruan Çollaku",808,903
true_1365,1365,0,real,"Çdo natë para gjumit, pije këtë lëng dhe do largoni gjithçka nga barku, shkrin gjithë yndyrën, do t’ju heqi kilet e tepërta fare nga trupi",2262,2401
true_1366,1366,0,real,Frutat që ju ndihmojnë të qëndroni të hidratuar,1348,1396
true_1367,1367,0,real,"Ngjarje e vërtetë: Pas pesëmbëdhjetë vjet martese, e kuptova se burri kurrë nuk më ka dashur (3)",3802,3899
true_1368,1368,0,real,Vjet në Kosovë u dënuan 686 të mitur,904,941
true_1369,1369,0,real,Djali i Thaçit i ka dy fjalë pasi Gjykata Speciale ngriti aktakuzë ndaj babait të tij,610,696
true_1370,1370,0,real,Hoti ia kërkon Von Der Leyenit liberalizimin e vizave,1700,1754
true_1371,1371,0,real,Ku ngeli Alba Hoxha?,413,434
true_1372,1372,0,real,Lajm i madh: Fillojnë testimet e vaksinës së re kundër Covid-19 në njerëz,1086,1160
true_1373,1373,0,real,Pagesat e aktorëve turk për seriale,1983,2019
true_1374,1374,0,real,Rama paralajmëron fjalim për aktakuzën e Thaçit e Veselit,547,605
true_1375,1375,0,real,Prokurori Williamson: Supozoj se njoftimi për aktakuzat ndaj Thaçit e Veselit është bërë me leje të Gjykatës,887,996
true_1376,1376,0,real,Kryeministri Hoti: I kërkova Grenellit ta shtyjë takimin për një ditë tjetër,1315,1392
true_1377,1377,0,real,Istogasi s’e lë vëllain ta sjellë gruan në shtëpi me pretekstin se ajo ndikoi që t’i martohej vajza,837,937
true_1378,1378,0,real,Serwer: Nuk ka asnjë shans që prokurori i emëruar nga Trump të mos e dijë për Thaçin,657,742
true_1379,1379,0,real,Isufi: Nuk ka aktakuzë që mund ta njollosë luftën e UÇK’së,1269,1328
true_1380,1380,0,real,A do ta anulojë Hoti takimin në Uashington? Deklarohet Mustafa,2109,2172
true_1381,1381,0,real,Veseli do të mbajë konferencë për medie në orën 19:30,527,581
true_1382,1382,0,real,"Serwer: Aktakuza ndaj Thaçit e Veselit s’është personale, Kosova është në telashe",1227,1309
true_1383,1383,0,real,"Viktima e dytë brenda një dite nga koronavirusi në Shqipëri, shkon në 48 numri i përgjithshëm",897,991
true_1384,1384,0,real,Qeveria Hoti paralajmëron uljen e pagave në sektorin publik - ja cilat sektore do të preken,2705,2797
true_1385,1385,0,real,"Është mashtrim, qeveria e kombinimit politik LDK me partnerët e PAN-it nuk e bëjnë ligjin Vetting",3266,3364
true_1386,1386,0,real,"Labi dhe Afrimi që organizuan edhe protestë, i gëzohen vendimit për dasmat, këto janë reagimet",1613,1708
true_1387,1387,0,real,Osmani reagon pas fjalimit të Selmanajt: Nuk po ju besoj veshëve çka dëgjova,2055,2132
true_1388,1388,0,real,PDK e Vetëvendosje thonë se nuk do të votojnë për ratifikimin e marrëveshjeve ndërkombëtare,842,934
true_1389,1389,0,real,"Pas seancës së Kuvendit, Hoti takon Thaçin",850,893
true_1390,1390,0,real,"1110 raste aktive me Covid-19 në Kosovë, vetëm në Vushtrri 184",1477,1540
true_1391,1391,0,real,Receta e Cekës - Tavë me domate,930,962
true_1392,1392,0,real,Skocia nuk ka regjistruar asnjë të vdekur nga Covid-19 në gjashtë ditët e fundit,1166,1247
true_1393,1393,0,real,Emërohet drejtori i ri Autoritetit të Aviacionit Civil,695,750
true_1394,1394,0,real,Nga po shkon Kosova!,4442,4463
true_1395,1395,0,real,"Infektologu italian: Koronavirusi është dobësuar, ja kur pritet të zhduket",1525,1600
true_1396,1396,0,real,Cramon për vizat: Ja kur pritet liberalizimi final,1781,1832
true_1397,1397,0,real,Ja kush thotë: Po të isha në vend të Kurtit do ta mbaja në shpinë Agim Veliun,1195,1273
true_1398,1398,0,real,"Sot mbahen zgjedhjet në Serbi, partia e Vuçiqit pritet t’i fitojë rreth 50 për qind të votave",1410,1504
true_1399,1399,0,real,LDK njofton zyrtarisht për shkarkimin e Vjosa Osmanit nga pozitat në parti,1344,1419
true_1400,1400,0,real,"Nagavci për LDK’në: Kanë prekur fundin, duket se s’mund të kthehen prapa",3544,3617
true_1401,1401,0,real,"Reagon Fatmir Sejdiu: Largimi i Osmanit veprim i ngutshëm, i dëmshëm dhe i papranueshëm",4263,4351
true_1402,1402,0,real,Përdorimi i rrushit në rutinën tuaj të bukurisë,1344,1392
true_1403,1403,0,real,Vjen reagimi nga kampi i Vjosa Osmanit pasi Isa Mustafa kërkon shkarkimin,1151,1225
true_1404,1404,0,real,Propozohet shkarkimi i Vjosa Osmanit nga Nënkryetarja dhe anëtarja e Kryesisë së LDK’së,821,909
true_1405,1405,0,real,Një letër për të gjitha vajzat që bëjnë s**ks në takimin e parë,3869,3933
true_1406,1406,0,real,"Brazili thyen rekord përsëri – gati 55,000 raste të reja me Covid-19 për 24 orë",1487,1567
true_1407,1407,0,real,Sveçla: Me përgjegjësi e them se i lashë të mbyllura kasafortat në MPB,882,953
true_1408,1408,0,real,"E veshur me bikini kuq e zi, Enca tregon fizikun në plazh",587,645
true_1409,1409,0,real,Paralajmërohen rrebeshe shiu dhe bubullima në fundjavë,1798,1853
true_1410,1410,0,real,Sela: Urgjentisht RMV të hap kufijtë dhe të heq izolimin për mërgatën,1481,1551
true_1411,1411,0,real,"'Kthehu në xhungël, majmun” – Futbollisti rrëfen fyerjet raciste nga trajneri",1864,1942
true_1412,1412,0,real,"“Mund të jetë më e madhe se ç’pritet”/ Çelësi kundër valës së dytë të Covid-19, analiza e Bloomberg: Si reaguan shtetet, kush ishte më dobët dhe ç’duhet bërë",10049,10207
true_1413,1413,0,real,Koronavirusi: Renditja e Kosovës krahas shteteve të rajonit,2231,2291
true_1414,1414,0,real,Qeveria i destinon 188 milionë euro për rimëkëmbjen ekonomike të Kosovës,2135,2208
true_1415,1415,0,real,"Trump për John Bolton: Askush nuk e donte në Shtëpinë e Bardhë, dukej i çmendur",1947,2027
true_1416,1416,0,real,"Gjethet e vishnjave, ideale për bukuri dhe shëndet",1061,1112
true_1417,1417,0,real,"Thaçi: Në Uashington s’mund të shkojmë 2 milionë veta, më vjen mirë që do të jem me Kryeministrin Hoti atje",2141,2249
true_1418,1418,0,real,Lajçak në përmbyllje të vizitës: Ftesat për dialogun i dërgoj pas vizitës në Beograd - zbulohen emrat!,2965,3068
true_1419,1419,0,real,Stoltenberg për dialogun: Mënyra e vetme për zgjidhjen e problemit Kosovë-Serbi,1209,1289
true_1420,1420,0,real,Haradinaj shkon i pari në takim me Avdullah Hotin,498,548
true_1421,1421,0,real,Studim: Ibuprofeni mund ta përkeqësojë koronavirusin dhe ta rrisë rrezikun nga vdekja,1126,1212
true_1422,1422,0,real,"Lul Raka: Me këtë trend të rritjes, mund të mbingarkohet Klinika Infektive",2345,2420
true_1423,1423,0,real,Meçi Joshua – Fury mund të shtyhet shkaku i boksierit ukrainas,1783,1846
true_1424,1424,0,real,Zbulohet e vërteta: Ja çfarë pritet të ndodhë më 27 qershor në Shtëpinë e Bardhë,2981,3062
true_1425,1425,0,real,"VV godet Hotin: Qeveria është e paligjshme, mos na nisni ftesë për takim me liderët",822,906
true_1426,1426,0,real,Hoti i fton liderët e partive në zyrë për t’u koordinuar para udhëtimit në Washington,922,1008
true_1427,1427,0,real,Çfarë shërojnë manaferrat?,2097,2124
true_1428,1428,0,real,"Ndeshje në magjistralen Mitrovicë – Pejë, lëndohen pesë persona",656,720
true_1429,1429,0,real,"Nora gati për ""Hitin"" e ri",257,284
true_1430,1430,0,real,Rëndohet gjendja në Maqedoni/ 8 të vdekur dhe 134 raste të reja me COVID-19,349,425
true_1431,1431,0,real,Ngjarje e vërtetë: E prishi fejesën për faj të prindërve të tij (2),3795,3863
true_1432,1432,0,real,Zbulohet substanca që e ul vdekshmërinë e pacientëve me Covid-19,1958,2023
true_1433,1433,0,real,"Kurti s’e përmend Shtëpinë e Bardhë, thotë se atje Kosovës e Serbisë u servohen marrëveshje",1696,1788
true_1434,1434,0,real,"Gati për të shijuar pushimet, Elita dhe Gjiko zgjedhin këtë destinacion brenda Shqipërisë",772,862
true_1435,1435,0,real,Shkencëtarët thonë se në Galaksi mund të ekzistojnë 36 civilizime jashtëtokësore,1964,2045
true_1436,1436,0,real,Ilaçet shtëpiake për ta hequr ujin tepricë nga trupi,1125,1178
true_1437,1437,0,real,Hashim Thaçi: Mirëpres ftesën e SHBA’së për vazhdim të dialogut nën drejtimin e Trump dhe Grenell,701,799
true_1438,1438,0,real,Jetëgjatësia e Qeverisë Hoti në vartësi të marrëveshjes me Serbinë dhe karrierës politike të Hashim Thaçit,1880,1987
true_1439,1439,0,real,Çfarë ju pret gjatë shtatë ditëve të ardhshme?,6798,6845
true_1440,1440,0,real,Hoti pas takimit me Thaçin: Tregon se a biseduan për kompetencat në dialog,1600,1675
true_1441,1441,0,real,A është Nicki Minaj shtatzënë!,563,594
true_1442,1442,0,real,Arta Hajra publikon këngën e re 'A bon me ditë',478,526
true_1443,1443,0,real,Angelina tregon pse e ka pagëzuar njërën vajzë me këtë emër,905,965
true_1444,1444,0,real,Labi nesër protestë në shesh: A do të mbahen dasmat këtë vit!,1827,1889
true_1445,1445,0,real,Tregimet e njerëzve që pretendojnë të kenë udhëtuar në kohë e hapësirë,3460,3531
true_1446,1446,0,real,"Procedohet në Kuvend Projektligji kundër pandemisë COVID-19, i iniciuar nga kryeparlamentarja Osmani",1646,1747
true_1447,1447,0,real,Caktohet data e rikthimit të tifozëve në Premierligë,622,675
true_1448,1448,0,real,Muslimanët interesim të madh për faljen e namazit të sabahut në Xhaminë e Madhe të Ajasofjes,665,758
true_1449,1449,0,real,"Nis Haxhi, për herë të parë në historinë moderne numri i besimtarëve do të jetë i kufizuar",1030,1121
true_1450,1450,0,real,Stërvitja e parë e Valon Berishës te Reims,473,516
true_1451,1451,0,real,"Hoti e Hyseni presin në takim ambasadorët e QUINT-it, flasin për dialogun me Serbinë",1331,1416
true_1452,1452,0,real,"Mbappe lojtari më i shtrenjtë në botë, Messi e CR7 shumë larg kreut",823,891
true_1453,1453,0,real,Maqedonia e Veriut regjistron 6 vdekje dhe 128 raste të reja me COVID-19,676,749
true_1454,1454,0,real,Çavuşoğlu: Ajasofja është çështje e sovranitetit të Turqisë,1123,1183
true_1455,1455,0,real,Gastronomët “dorëzojnë” çelësat para Qeverisë,772,818
true_1456,1456,0,real,Valë e të nxehtit afrikan gjatë javë së ardhshme në Kosovë,848,907
true_1457,1457,0,real,"Mbrojtja nga Covid-19, ja si të përzgjidhni maskat e duhura",1861,1921
true_1458,1458,0,real,Ballkani ia bën Dritës “korridorin e nderit”,448,493
true_1459,1459,0,real,Maqedoni: 152 raste të reja me Covid-19,563,603
true_1460,1460,0,real,Arijanet Muric drejt transferimit te skuadra angleze,453,506
true_1461,1461,0,real,"8 të vdekur nga koronavirusi brenda ditës në Kosovë, shkon në 177 numri i përgjithshëm i viktimave",320,419
true_1462,1462,0,real,Vazhdojnë protestat masive anti-qeveritare në Rusi,1257,1308
true_1463,1463,0,real,Vuçiqi paralajmëron rikthim “të fuqishëm” të fushatës së çnjohjeve,1695,1762
true_1464,1464,0,real,"Gastronomët: Shtetit i dhamë 350 milionë euro, ne fituam mbylljen e kafiterive",3307,3386
true_1465,1465,0,real,Lëngu i qepës së kuqe/ Kura natyrale për stomakun dhe alergjitë,1922,1986
true_1466,1466,0,real,"Bilanci i pandemisë në botë, mbi 16 milionë raste me COVID-19",1737,1799
true_1467,1467,0,real,Shërohet foshnja që ishte e prekur me Covid-19,300,347
true_1468,1468,0,real,Shtohen infektimet në Gjermani: Testim me detyrim për pushuesit e kthyer?,2948,3022
true_1469,1469,0,real,Vdes një 32-vjeçar i diagnostikuar me koronavirus në Spitalin e Pejës,833,903
true_1470,1470,0,real,"Kosovë, 756 profesionistë shëndetësorë janë prekur nga Covid-10 (Dokument)",1253,1328
true_1471,1471,0,real,"Nesër ose pasnesër rishqyrtohet orari i lëvizjes, hapja e çerdheve dhe situata me gastronominë",2242,2337
true_1472,1472,0,real,Një person i vdekur dhe një i lënduar në një aksident trafiku në Bibaj,670,741
true_1473,1473,0,real,"Certifikohen rezultatet zgjedhore, shqiptarët me 32 mandate në Kuvendin e Maqedonisë së Veriut",712,807
true_1474,1474,0,real,Turqia reagon kundër djegies së flamurit turk në Greqi,1997,2052
true_1475,1475,0,real,Policia izraelite arreston 3 fëmijë palestinezë në Kuds,843,899
true_1476,1476,0,real,Ekstremistët grekë djegin flamurin turk për shkak të Ajasofjes,1538,1601
true_1477,1477,0,real,Qytetarët që udhëtojnë nga Kosova në Gjermani do të testohen për COVID-19 në aeroportet gjermane,644,741
true_1478,1478,0,real,Falet namazi i parë i xhumasë në Xhaminë e Madhe të Ajasofjes pas 86 viteve,857,933
true_1479,1479,0,real,Thirret ezani i parë në Xhaminë e Madhe të Ajasofjes,407,460
true_1480,1480,0,real,Në mungesë kuorumi dështon votimi i rezolutës për Telekomin dhe pensionistët,555,632
true_1481,1481,0,real,Erdoğan arrin në Xhaminë e Madhe Ajasofja,721,763
true_1482,1482,0,real,Hapet Xhamia e Madhe e Ajasofjes për faljen e namazit-LIVE,132,191
true_1483,1483,0,real,Lista e shitjeve te Barcelona: 12 futbollistë,678,724
true_1484,1484,0,real,Ndihma humanitare botërore e Turqisë përbën 26 për qind në vitin 2019,4832,4902
true_1485,1485,0,real,Ajasofja rihapet si xhami pas 86 vitesh,1457,1497
true_1486,1486,0,real,"Turqia, fuqinë e saj në ekuacionin e energjisë në Mesdhe e merr nga e drejta ndërkombëtare",3557,3648
true_1487,1487,0,real,"Thaçi priti në takim myftiun Tërnava, informohet për Xhaminë e Re",586,652
true_1488,1488,0,real,Breshka e detit e ndjekur nga shkencëtarët turq përmes satelitit përshkoi 5.500 kilometra për një vit,1885,1987
true_1489,1489,0,real,Kuvendi voton marrëveshjet ndërkombëtare financiare,1299,1351
true_1490,1490,0,real,"Hoti: Dialogu teknik ka përfunduar, sot nis dialogu për njohje reciproke",929,1002
true_1491,1491,0,real,Dialogu Kosovë-Serbi në Bruksel vazhdon në nivel koordinatorësh,1572,1636
true_1492,1492,0,real,Vdes nga koronavirusi një 66-vjeçare në Spitalin e Pejës,1274,1331
true_1493,1493,0,real,Myftiu Tërnava: Parat për ndërtimin e Xhamisë u dhuruan nga xhemati turk,593,666
true_1494,1494,0,real,Gjykata Speciale fton edhe Ali Ahmetin,461,500
true_1495,1495,0,real,Turqia riafirmon mbështetjen për Azerbajxhanin kundër Armenisë,3791,3854
true_1496,1496,0,real,Kadri Veseli uron muslimanët: Ta gëzojnë Xhaminë qendrore e të luten për shtetin dhe të mirën e popullit tonë,1343,1453
true_1497,1497,0,real,"Binak Gashi u zmbraps, thirri protestën kundër Xhamisë e nuk mori pjesë (VIDEO)",1659,1739
true_1498,1498,0,real,"Isa Mustafa përkrah fuqishëm ndërtimin e Xhamisë, dënon protestën: Të krenohemi që jemi muslimanë",1989,2087
true_1499,1499,0,real,Qytetarët nuk i përgjigjen ftesës së organizatorit për protestë kundër Xhamisë së Madhe,612,700
true_1500,1500,0,real,"Telekomit i tërhiqen mjetet nga llogaria, 3.500 punëtorë pa paga",895,960
true_1501,1501,0,real,119 rate të reja me COVID-19 në Shqipëri dhe 4 viktima,1235,1290
true_1502,1502,0,real,Skender Hyseni u emërua Koordinator Shtetëror për Dialog,366,423
true_1503,1503,0,real,"Edhe 5 të vdekur nga Covid-19 në Kosovë, numri i përgjithshëm 144",686,752
true_1504,1504,0,real,"Kurti e Veseli nuk shkojnë te Hoti, takimi i liderëve në ora 12:00",478,545
true_1505,1505,0,real,SHBA sanksionon 11 kompani kineze për abuzime me të drejtat e ujgurëve,2206,2277
true_1506,1506,0,real,"BE arrin ujdinë, paketa arrin shifrën 1.8 bilionë euro për rimëkëmbjen nga Covid-19",2324,2408
true_1507,1507,0,real,Izolohet Presidenti,1523,1543
true_1508,1508,0,real,Britani e Madhe: Vaksina kundër Covid-19 rezulton e efektshme dhe e sigurt për t’u marrë,1120,1209
true_1509,1509,0,real,Sallatë patatesh me kastravecë – racion ideal për ditët e nxehta të verës!,827,902
true_1510,1510,0,real,Drekë sikur e gatuante gjyshja: Mish pule me perime nga furra,693,755
true_1511,1511,0,real,Nisin hetimet ndaj TikTok në Australi,1104,1142
true_1512,1512,0,real,Azerbajxhani: Serbia i dërgoi armë Armenisë në mes të konfliktit në kufi,1459,1532
true_1513,1513,0,real,"“Vrisni një serb e ne do të vrasim 100 myslimanë”, Kurti kujton deklaratën famëkeqe të Vuçiqit",1515,1610
true_1514,1514,0,real,Basha: Sapo të vijë në krye të qeverisë do ta heq taksën e Rrugës së Kombit,696,772
true_1515,1515,0,real,Emiratet e Bashkuara Arabe lançojnë satelit vëzghues në Mars,830,891
true_1516,1516,0,real,"Kryeministri Hoti i shkruan Vjosa Osmanit, është i gatshëm të raportojë në Kuvend për takimin me Vuçiq",628,731
true_1517,1517,0,real,Qeveria e kënaqur me zbatimin e masave nga qytetarët dhe bizneset,999,1065
true_1518,1518,0,real,Lulzim Basha viziton Kosovën,1153,1182
true_1519,1519,0,real,Sot pritet fillimi i testimeve serologjike për koronavirus,1295,1354
true_1520,1520,0,real,Mbi 30 deputetë shqiptarë në Kuvendin e ri të Maqedonisë së Veriut,3072,3139
true_1521,1521,0,real,Drejtori i Shëndetësisë në Prishtinë thotë se nga nesër mund të bëhen teste serologjike nëse mjeku ua rekomandon,513,626
true_1522,1522,0,real,"SHBA/ Mbi 140.000 vdekje, numri i rasteve të reja po rritet me shpejtësi",552,625
true_1523,1523,0,real,Koronavirusi në Shqipëri/ 82 raste të reja brenda 24 orëve të fundit,1686,1755
true_1524,1524,0,real,Një foshnje rezulton pozitiv me Covid-19,501,542
true_1525,1525,0,real,Ahmeti ka një sygjerim për Ministrinë e Shëndetësisë dhe IKSHPK-në,1640,1707
true_1526,1526,0,real,118 raste të reja dhe 157 të shëruar nga koronavirusi në Kosovë,3470,3534
true_1527,1527,0,real,Kluivert emri që përmendet për trajner të ri te Barca,630,684
true_1528,1528,0,real,Kryeministri britanik përjashton karantinën e dytë kolektive,1172,1233
true_1529,1529,0,real,"Pejë, vdes një 67 vjeçar i prekur me Covid-19",353,399
true_1530,1530,0,real,"Policia jep detaje për vrasjen e dyfishtë në Podujevë, ku mbeten të vdekur dy vëllezër",1242,1329
true_1531,1531,0,real,"Gjashtë nivelet në të cilat shfaqet koronavirusi, simptomat dhe pacientët më të rrezikuar",2564,2654
true_1532,1532,0,real,"OBSH: 260 mijë të infektuar gjatë 24 orëve të fundit, shifra më e lartë që nga fillimi i pandemisë",779,878
true_1533,1533,0,real,Apeli i IKSHPK-së: Mbani maskat dhe distancën fizike,2437,2490
true_1534,1534,0,real,"Covid-19: 5 mijë e 617 raste në Kosovë, 2 mijë e 676 raste aktive",891,957
true_1535,1535,0,real,Moti për sot,593,606
true_1536,1536,0,real,"Thaçi për Gjykatën Speciale: Ky proces është në vazhdën e 21 vjetëve të akuzave, shpifjeve e fabrikimeve mbi UÇK-në",5738,5854
true_1537,1537,0,real,Një person i vrarë dhe një i plagosur në Repë të Podujevës,893,952
true_1538,1538,0,real,Vdes gjyqtari Shashivar Hoti,657,686
true_1539,1539,0,real,"Kosovarët ikin për Shqipëri gjatë fundjavës, mbi 15 mijë kanë hyrë vetëm brenda dy orëve",1334,1423
true_1540,1540,0,real,"Testet serologjike, përcaktues i imunitetit të popullatës ndaj COVID-19",4243,4315
true_1541,1541,0,real,"Pas intervistimit katërditor në Hagë, presidenti Thaçi kthehet sonte në Kosovë",2227,2306
true_1542,1542,0,real,Shënohen edhe dy vdekje nga Covid-19 në Kosovë,1034,1081
true_1543,1543,0,real,Vaksina potenciale e zhvilluar nga shkencëtari turk do të fillojë të testohet në Kinë,2424,2510
true_1544,1544,0,real,Kur pritet t’u mundësohet qytetarëve tërheqja e parave nga Trusti?,1189,1256
true_1545,1545,0,real,​Apeli i IKSHPK-së: Vazhdoni të mbani distancën fizike dhe maskat,2641,2707
true_1546,1546,0,real,Lajçak jep detaje të reja pas takimit me Hotin dhe Vuçiqin,1451,1510
true_1547,1547,0,real,"Hoti deklarohet pas takimit me Vuçiq: Kemi bërë progres, besojmë në partnerët ndërkombëtarë",974,1066
true_1548,1548,0,real,"Italia ndalon hyrjen edhe nga 3 vende të tjera të Ballkanit, përfshirë Kosovën",1022,1101
true_1549,1549,0,real,Skandaloze: Komisioneri për Zgjerim me libër “Kosovo i Metohije” dhe pogaçe serbe e pret Vuçiqin,1255,1355
true_1550,1550,0,real,"Para takimit Vuçiq – Hoti, Borell: Pres dialog në frymën e kompromisit dhe pragmatizmit",1360,1448
true_1551,1551,0,real,Kurti: Me qeverinë koti kriminelët dolën nga skutat,2526,2578
true_1552,1552,0,real,"Specialja e nis intervistimin, Presidenti nuk deklarohet për media",1185,1252
true_1553,1553,0,real,"Vdes një person nga Podujeva, shkak koronavirusi",1268,1317
true_1554,1554,0,real,Honda tërheq mbi 85.000 automjete në Indonezi,538,584
true_1555,1555,0,real,Tregu evropian i automjeteve shënon rënie,1049,1091
true_1556,1556,0,real,"Shqipëri, vazhdon rritja e rasteve me koronavirus",828,878
true_1557,1557,0,real,Maqedoni: Shqiptarët me 32 deputetë në Parlamentin,1210,1261
true_1558,1558,0,real,Presidenti Thaçi edhe sot vazhdon intervistimin në Hagë,1117,1173
true_1559,1559,0,real,"Zgjedhjet në Maqedoni: LSDM-ja 46 deputetë, VMRO-DPMNE 44, BDI 15, ASH-A 12, E Majta dy, PDSH një",827,925
true_1560,1560,0,real,"Zgjedhjet parlamentare në Maqedoninë e Veriut: Mbyllen vendvotimet, dalja e votuesve deri në 20:45 është 50,86 për qind",1936,2056
true_1561,1561,0,real,"SHBA, mbi 139 mijë të vdekur nga COVID-19",874,916
true_1562,1562,0,real,"Përfundon dita e tretë e intervistimit të Thaçit, vazhdon sërish nesër",1127,1198
true_1563,1563,0,real,Kosova e para në Evropë për raste të reja me COVID-19 në dy javët e fundit,1169,1244
true_1564,1564,0,real,"Fillon ndërtimi i Xhamisë së Madhe në Prishtinë, Tërnava uron besimtarët",588,661
true_1565,1565,0,real,"S’jepen as këtë javë 170 euro për kosovarët, vazhdon zvarritja e procesit",2127,2201
true_1566,1566,0,real,Një 21 vjeçare nga Tirana viktima më e re e  Covid-19,812,866
true_1567,1567,0,real,"Policia mas 2 muajsh hetime zbulon 20 kg marihuanë, në pranga 5 persona",1887,1959
true_1568,1568,0,real,Vaksina kundër COVID-19 e testuar tek njerëzit tregon shenja të hershme të suksesit,1593,1677
true_1569,1569,0,real,Dita e tretë e intervistimit të presidentit Thaçi në Hagë,919,977
true_1570,1570,0,real,Kosova në vendin e tretë në Evropë me numër të të infektuarve me Covid-19,6638,6712
true_1571,1571,0,real,"203 raste të reja me Covid-19 në Kosovë, 4 vdekje dhe 71 të shëruar",3137,3205
true_1572,1572,0,real,"Hoti në Samitin e Parisit: Territori i Kosovës dhe Kushtetuta, të paprekshme",2086,2163
true_1573,1573,0,real,Arrijnë 6 mijë teste nga Gjermania në IKShPK,1079,1124
true_1574,1574,0,real,Në SHSKUK po trajtohen 268 pacientë me Covid-19,989,1037
true_1575,1575,0,real,"Beograd, gjatë protestave janë plagosur 19 policë dhe 17 protestues",858,926
true_1576,1576,0,real,"1 mijë e 951 persona janë aktiv me virusin COVID-19, nga gjithsej 4 mijë e 100 të infektuar",883,975
true_1577,1577,0,real,"Covid-19 në Shqipëri, dy viktima të tjera, 68 raste të reja",3286,3346
true_1578,1578,0,real,Një i vdekur e dy të plagosur në Bardhaniq të Gjakovës,2213,2268
true_1579,1579,0,real,LVV: Shqetësimet tona për marrëveshje të fshehtë mes Thaçit e Vuçiqit u vërtetuan nga deklaratat e zyrtarëve të SHBA-së,1410,1530
true_1580,1580,0,real,"Shkarkohet drejtori i ShSKUK-së Basri Sejdiu, ushtrues detyre caktohet Valbon Krasniqi",1946,2033
true_1581,1581,0,real,Rukiqi: Dora e shtetit ka dështuar të ofrojë përkrahjen për sektorin privat,1554,1630
true_1582,1582,0,real,"MSH dhe SHSKUK: Mos jepni konkludime të parakohshme, jepni kohë institucioneve të analizojnë shkaqet e vdekjeve",1384,1496
true_1583,1583,0,real,​Hoti viziton sot Shqipërinë,868,897
true_1584,1584,0,real,Jordania i dhuron Kosovës gjysmë milioni maska dhe 24 tonë pajisje tjera kundër Covid-19,1092,1181
true_1585,1585,0,real,18 lagje të Prishtinës me të infektuar me koronavirus,1263,1317
true_1586,1586,0,real,​Qeveria do të procedojë Ligjin e pagave në Kuvend,1686,1737
true_1587,1587,0,real,"Dëmet në shëndet kur ju mungon kalçiumi, ja çfarë i ndodh trupit dhe ushqimet ku e gjeni",2251,2340
true_1588,1588,0,real,Adresimi i presidentit Thaçi shtyhet për nesër në orën 20:00,462,523
true_1589,1589,0,real,Paralajmërimi i kancelares Merkel: Do të “merremi” dhe me Kinën,1497,1561
true_1590,1590,0,real,BE mbyll kufirin për Kosovën dhe Shqipërinë,2871,2915
true_1591,1591,0,real,Hoti kthehet në Prishtinë: E kam njoftuar Grenellin që s’mund të marr pjesë në takimin e 27 qershorit,487,589
true_1592,1592,0,real,MSh sqaron: Testi i COVID-19 për hyrje në Kosovë nuk është obligativ,1347,1416
true_1593,1593,0,real,Fillon seanca e Kuvendit ku kryeministri Hoti do të raportojë para takimit të Uashingtonit,1413,1504
true_1594,1594,0,real,"Shqipëri, një i vdekur dhe 53 raste të reja me COVID-19",1021,1077
true_1595,1595,0,real,"Reçica njofton pensionistët: Nuk jeni të obliguar të paraqiteni në zyrat e pensioneve, pagesa do t’iu realizohet pa asnjë ndalesë",1078,1208
true_1596,1596,0,real,"Anulohen fluturimet e datës 19, 20 dhe 21 qershor",432,482
true_1597,1597,0,real,"Stoltenberg mirëpret rifillimin e dialogut, thotë se është mënyra e vetme për zgjidhjen e problemit Kosovë-Serbi",1057,1170
true_1598,1598,0,real,"Ekspertët britanikë: Ja një ilaç i lirë, që shpëton pacientet me Covid-19",1414,1488
true_1599,1599,0,real,9 të vdekur dhe 162 raste të reja me COVID-19 në Maqedoninë Veriore,564,632
true_1600,1600,0,real,Edhe mësimi plotësues për Testin e Maturës mbahet online,992,1049
true_1601,1601,0,real,Messi i gatshëm për ndeshjen e sotme ndaj Mallorcas,693,745
true_1602,1602,0,real,BE-ja hap kufijtë për shtetet e Ballkanit nga 1 korriku,1660,1716
true_1603,1603,0,real,Pesë të vdekur dhe 175 të infektuar me Covid-19 në Maqedoninë Veriore,395,465
true_1604,1604,0,real,"SHBA, rritet në 113.125 numri i vdekjeve nga COVID-19",1092,1146
true_1605,1605,0,real,"Pritet hapja e Aeroportit të Prishtinës, këto janë masat që udhëtarët janë të obliguar t’i zbatojnë",2061,2161
true_1606,1606,0,real,Isa Mustafa: Atakimi i familjes së Vjosa Osmanit është neveritës,927,992
true_1607,1607,0,real,Ahmeti thotë se leja e BIK-ut për Xhaminë e Madhe do të shqyrtohet brenda afateve,1477,1559
true_1608,1608,0,real,Policia sqarohet për incidentin gjatë konferencës së Thaçit dhe arrestimin e aktivistit të VV-së,1401,1498
true_1609,1609,0,real,Thaçi reagon pas votimit të qeverisë: Ditë e rëndësishme për demokracinë,888,961
true_1610,1610,0,real,Kuvendi votoi Qeverinë Hoti,240,268
true_1611,1611,0,real,Wuhan-i “kryen me sukses” testimin e popullsisë për koronavirus,908,972
true_1612,1612,0,real,"Seanca për votimin e Qeverisë Hoti nesër në orën 11:00, LDK-ja thotë se i ka votat",544,627
true_1613,1613,0,real,​Kryesia e Kuvendit sot vendos datën e seancës për votimin e Qeverisë Hoti,544,619
true_1614,1614,0,real,"VV nis peticion për zgjedhje të reja, paralajmëron veprime në seancën e votimit të qeverisë",1574,1666
true_1615,1615,0,real,"​Pas më shumë se dy muaj, besimtarët iu kthehen xhamive",799,855
true_1616,1616,0,real,Një i prekur me koronavirus në Infektivë në gjendje të rëndë,630,691
true_1617,1617,0,real,Qeveria paralajmëron vendim të ri për reciprocitetin me Serbinë,1106,1170
true_1618,1618,0,real,​Kush hedh dorezat dhe maskat në rrugë gjobitet me 500 euro në këtë vend,741,814
true_1619,1619,0,real,"Mbi 2,3 milionë të shëruar nga COVID-19 në mbarë botën",747,802
true_1620,1620,0,real,"​Bilanci i COVID-19 në Kosovë: 1.032 të infektuar, 29 vdekje dhe 789 të shëruar",578,658
true_1621,1621,0,real,"Presidenti uron Fitër Bajramin: Shmangni vizitat, rreziku ende s’ka kaluar",1233,1308
true_1622,1622,0,real,Mbi 12 mijë teste për COVID-19 në Kosovë,639,680
true_1623,1623,0,real,Qeveria ndan afro 11 milionë euro për implementimin e pakos emergjente fiskale,1012,1091
true_1624,1624,0,real,Klopp thotë se Liverpooli do të jetë i gatshëm për rikthimin e lojës së bukur,1105,1183
true_1625,1625,0,real,"Britani, qentë do të trajnohen për të diagnostikuar personat me COVID-19",1535,1608
true_1626,1626,0,real,"Maqedoni e Veriut, konfirmohen 22 raste të reja me COVID-19",976,1036
true_1627,1627,0,real,Lista e bizneseve që do të hapen nga e hëna (Dokument),738,793
true_1628,1628,0,real,"Studimet zbulojnë se Covid-19 mund të infektojë zorrët, veshkat dhe organet e tjera",932,1016
true_1629,1629,0,real,"Digjet një banesë në Lagjen e Spitalit, lëndohet një person",646,706
true_1630,1630,0,real,"​150 persona kthehen sot nga SHBA-ja, në Kosovë",693,741
true_1631,1631,0,real,"Përfundon Samiti i Zagrebit, Thaçi tregohet i prerë me BE-në",886,947
true_1633,1633,0,real,Komisioni i Venedikut i përgjigjet Kurtit,894,936
true_1634,1634,0,real,"33 pacientë me COVID-19 po trajtohen në infektivë, 2 në gjendje kritike",821,893
true_1635,1635,0,real,"Koronavirusi në Shqipëri, rritet numri i të prekurve të rinj",2582,2643
true_1636,1636,0,real,IKSHPK: Kujdes sepse akoma ekziston rreziku i përhapjes së Covid-19,933,1001
true_1637,1637,0,real,MSh: S’kemi pasur dëshmi që vërtetonte sëmundjen e 26 vjeçarit nga Gjilani,786,861
true_1638,1638,0,real,"SHBA, vdekjet nga COVID-19 tejkalojnë shifrën 67 mijë",684,738
true_1639,1639,0,real,Një i vdekur dhe një i lënduar në një aksident trafiku në Deçan,879,943
true_1640,1640,0,real,Udha e shkronjave të Kur’anit – Mësimi i 6 (Video),40,91
true_1641,1641,0,real,​17 milionë raste me COVID-19 në botë,655,693
true_1642,1642,0,real,Sa kushton mbushja e baterive të veturave elektrike në Kosovë?,1698,1761
true_1643,1643,0,real,"Theret me thikë një i mitur në Pejë, arrestohen dy të tjerë",525,585
true_1644,1644,0,real,LDK-ja mohon se Gjyshinca u sulmua fizikisht: Kishte përpjekje për bisedë,1283,1357
true_1645,1645,0,real,Ambasada e Kosovës në Gjermani bën thirrje të respektohen masat nga ata që kalojnë pushimet në vendlindje,876,982
true_1646,1646,0,real,Mbretëria e Bashkuar përkrah MASH-in në projektet për digjitalizimin e arsimit dhe mësimin në distancë,1110,1213
true_1647,1647,0,real,Sekuestrohen mbi 40 armë në një operacion në Prishtinë,884,939
true_1648,1648,0,real,Qeveria nuk u konsultua me KOK-un për ndalimin e aktiviteteve sportive,3031,3102
true_1649,1649,0,real,Ekskluzive: KOHA siguron videon e përleshjes në Kuvend,848,903
true_1650,1650,0,real,Zemaj paralajmëron vizitë së shpejti në Veri,965,1010
true_1651,1651,0,real,Madridi frikësohet për fundosjen e turizmit të vet,658,709
true_1652,1652,0,real,193 raste të reja me COVID-19 në Zvicër,507,547
true_1653,1653,0,real,​Veliu thotë se VV-ja pati tendenca që të pamundësohet raportimi në Komision,1592,1669
true_1654,1654,0,real,"Kusari-Lila: Me menaxhimin aktual të pandemisë, jemi të destinuar të dështojmë",1820,1899
true_1655,1655,0,real,Janë bërë të ditura nominimet e shpërblimeve “Emmy”,1941,1993
true_1656,1656,0,real,"Corona, kali në ranchin kosovar i lindur në pandemi",729,781
true_1657,1657,0,real,"Një grua rrihet nga vjehrra dhe kunata në Lipjan, pranon tretman mjekësor",457,531
true_1658,1658,0,real,Rusia planifikon ta aprovojë vaksinën për koronavirus brenda dy jave,1097,1166
true_1659,1659,0,real,Numër i vogël në pelegrinazhin e sivjetmë në Haxh,1387,1437
true_1660,1660,0,real,Finalja e Kupës – për një fund me dinjitet të edicionit të vështirë,4001,4069
true_1661,1661,0,real,"Maskat e fytyrës, pasqyrë e njerëzimit në Azi",2872,2918
true_1662,1662,0,real,"Kryeqytetit i shtohen katër shkolla të reja, njëra në “Arbëri”",1062,1125
true_1663,1663,0,real,Presidenti bjellorus konfirmohet pozitiv me COVID-19,560,613
true_1664,1664,0,real,Turizmi global pësoi humbje në vlerë prej 320 miliardë dollarësh,988,1053
true_1665,1665,0,real,Partitë shqiptare në Mal të Zi garojnë të ndara në zgjedhjet parlamentare,1689,1763
true_1666,1666,0,real,Jugafrikanët presin në radhë të gjata për teste të koronavirusit,963,1028
true_1667,1667,0,real,Mbretëria e Bashkuar largon Spanjën nga lista e udhëtimeve,1111,1170
true_1668,1668,0,real,"Dua Lipa, Madonna dhe Miss Eliot në bashkëpunim ripërpunojnë këngën “Levitating”",979,1060
true_1669,1669,0,real,Virologia që provoi vaksinën kundër COVID-19 thotë se po ndihet shumë mirë,1031,1106
true_1670,1670,0,real,56 raste me COVID-19 sot në Mal të Zi,365,403
true_1671,1671,0,real,Mustafa: Akademiku Shala i rrah me dije të gjithë në VV,962,1018
true_1672,1672,0,real,Hoti ia përsërit QUINT-it: Dialogu të përmbyllet me njohje reciproke,812,881
true_1673,1673,0,real,Autoritetet gjermane shumë të shqetësuara me rritjen e rasteve me COVID-19,2399,2474
true_1674,1674,0,real,Ish-ministri i Shëndetësisë: E pafalshme që kjo situatë abnormale të trajtohet si normale nga Qeveria,1776,1878
true_1675,1675,0,real,Leron Kurteshi sjell stilin urban në muzikë,739,783
true_1676,1676,0,real,Zvicra njofton për 132 raste të reja me COVID-19 e tre të vdekur,667,732
true_1677,1677,0,real,GAP: Përfitimet dhe dëmet nga tërheqja e parakohshme e kursimeve pensionale,2006,2082
true_1678,1678,0,real,Kim Kardashian West shkon në Wyoming për ta takuar bashkëshortin Kanye West,2190,2266
true_1679,1679,0,real,Baftiu po kërkohet nga dy gjigantët e futbollit turk,495,548
true_1680,1680,0,real,Ministrja e Punëve të Jashtme del kundër masave të propozuara nga Qeveria,1193,1267
true_1681,1681,0,real,Ahmeti pyet për 1.3 milion eurot të dedikuara për trajtimin e qenve endacakë,1501,1578
true_1682,1682,0,real,Spitali ushtarak i FSK-së mund të shfrytëzohet për trajtimin e koronavirusit,772,849
true_1683,1683,0,real,"Hoti: Dialogu i ndërmjetësuar nga BE-ja në Bruksel, i koordinuar me SHBA-në",869,945
true_1684,1684,0,real,Ndalohen dy shtetas të Shqipërisë për kalim ilegal të kufirit,349,411
true_1685,1685,0,real,"Ia shiti banesën e njëjtë dy personave, arrestohet",336,387
true_1686,1686,0,real,3 llojet më të rëndësishme të ushqimeve për rënie nga pesha,2177,2237
true_1687,1687,0,real,Me rigon kundër infeksioneve dhe problemeve me fytin,1875,1928
true_1688,1688,0,real,Njohësit e ekonomisë vendore optimistë për rimëkëmbjen ekonomike të Kosovës,3837,3913
true_1689,1689,0,real,"Afërsisht 400 mijë të infektuar, Meksika vendi i dytë më i prekur në Amerikën Latine",625,710
true_1690,1690,0,real,Erion Veliaj rezulton pozitiv me koronavirus,693,738
true_1691,1691,0,real,Gravurë e panjohur - Froni i Gjergj Kastriotit,469,516
true_1692,1692,0,real,"Bazeli, vendi ku lindi shkenca e halucinacioneve",3331,3380
true_1693,1693,0,real,Epoka e re e autokratëve,4722,4747
true_1694,1694,0,real,Emirates mbulon kostot mjekësore dhe të funeralit për rastet me COVID-19,1524,1597
true_1695,1695,0,real,Haradinaj-Stublla sot raporton për pezullimin e vendimit për kthim të diplomatëve,550,632
true_1696,1696,0,real,Secili që hyn në Gjermani do të testohet për koronavirus,577,634
true_1697,1697,0,real,"Katër gola në dy ndeshje, Ademi tregon sekretin e kthimit në formë",1195,1262
true_1698,1698,0,real,Rreth 200 shtretër kanë mbetur në dispozicion për trajtim të pacientëve me COVID-19,1397,1481
true_1699,1699,0,real,"Mustafa: Të mos presim Qeveria të na mbrojë, nëse s’i respektojmë masat",1079,1151
true_1700,1700,0,real,Këshilltari kryesor i Trumpit del pozitiv në COVID-19,632,686
true_1701,1701,0,real,Si të bëjmë një peshk nga letra?,259,292
true_1702,1702,0,real,Premtime që rruga Prishtinë-Mitrovicë të përfundojë sa më shpejtë,2909,2975
true_1703,1703,0,real,OBSH: Dyfishim i rasteve me Covid-19 në rrafshin global në 6 javë,649,715
true_1704,1704,0,real,"Tetë të vdekur e numër rekord rastesh të reja me COVID-19, 276",1287,1350
true_1705,1705,0,real,"100 vjeçe bën stërvitje, nuk pyesin për moshë",278,324
true_1706,1706,0,real,"30.000 vullnetarë në SHBA testohen në fazën finale të vaksinës së ""Modernas""",1891,1968
true_1707,1707,0,real,Shkeljet e Metës nuk mjaftojnë për ta shkarkuar,1645,1693
true_1708,1708,0,real,Personi që goditi me veturë gjashtë kalimtarë në Berlin është nga Kosova,1081,1154
true_1709,1709,0,real,Mercedes AMG GLA 45S me 421 PS,527,558
true_1710,1710,0,real,Ujësjellësi “Prishtina” përsërit thirrjen për kursim të ujit të pijes,705,775
true_1711,1711,0,real,Grupi “3 Doors Down” do ta lansojë këngën e parë në pesë vjetët e fundit,1804,1877
true_1712,1712,0,real,Gjethet e manaferrës ulin rrezikun e sëmundjeve të zemrës,2341,2399
true_1713,1713,0,real,Daçiq: Po presim reagimin e ndërkombëtarëve për deklaratat e Hotit,984,1051
true_1714,1714,0,real,Konfiskime të armëve në ahengje,878,910
true_1715,1715,0,real,"Shqipëria e pesta në Europë për vdekjet nga zemra, qytetet më problematike",3472,3547
true_1716,1716,0,real,Vietnami në alarm pas rasteve të para me COVID-19 që nga prilli,1750,1814
true_1717,1717,0,real,Kërkohet hetim për vrasjen e mbështetësit me ngjyrë të Trumpit,1323,1386
true_1718,1718,0,real,Stafi diplomatik amerikan largohet nga Konsullata në Chengdu,1363,1424
true_1719,1719,0,real,Java në Shqipëri nis me diell dhe temperatura të larta,472,527
true_1720,1720,0,real,Java e fundit e korrikut me mot të nxehtë,852,894
true_1721,1721,0,real,Shqipërisë i bien ndjeshëm turistët si pasojë e pandemisë,2836,2894
true_1722,1722,0,real,"Trialogu rifillon në rrethana dramatike për Kosovën, por me ambicie më të mëdha nga BE-ja",1823,1913
true_1723,1723,0,real,Spanja thotë se e ka nën kontroll situatën me COVID-19,863,918
true_1724,1724,0,real,Ekspertët në SHBA bëjnë thirrje për rimbyllje,1842,1888
true_1725,1725,0,real,Vdes në moshën 104-vjeçare aktorja Olivia de Havilland,1079,1134
true_1726,1726,0,real,Në Mal të Zi 52 raste të reja me COVID-19,499,541
true_1727,1727,0,real,Gratë kanë nevojë për më shumë gjumë se burrat,2475,2522
true_1728,1728,0,real,Sot protestë kundër ndërtimit të Xhamisë në Prishtinë,1046,1100
true_1729,1729,0,real,Në Fushë-Kosovë dyshohet se djali vrau babanë,987,1033
true_1730,1730,0,real,Simptomat e COVID-19 ndahen në gjashtë grupe sipas një studimi,2506,2569
true_1731,1731,0,real,Komforti dhe eleganca e përjetshme e Citroen DS,2454,2502
true_1732,1732,0,real,​Ekzekutohen pagesat e pakos emergjente për masën 3a për 7241 përfitues,515,587
true_1733,1733,0,real,Burri kap peshkaqenin gjigant dhe bën foto,348,391
true_1734,1734,0,real,ZPS: Aktakuza ndaj Thaçit e Veselit u publikua të mos rrezikohej procesi,2553,2626
true_1735,1735,0,real,Bushati: Përballja dinjitoze me çdo aktakuzë do ta bëjë Kosovën shtet më të fuqishëm,14119,14204
true_1736,1736,0,real,Shtyhet për 26 qershor gjyqi ndaj ish-ministrit Saimir Tahiri,831,893
true_1737,1737,0,real,"Buxhovi: LDK-së i duhen reforma, Osmani duhet të qëndrojë",11840,11898
true_1738,1738,0,real,Shpërblehen sekretarët që ia punësuan renë Mustafës dhe dhëndrin Limajt,1793,1865
true_1739,1739,0,real,Mesazhi “White Lives Matter Burnley” shfaqet mbi stadiumin e Man Cityt,1296,1367
true_1740,1740,0,real,Konsiderohet e dëmshme rizgjedhja e Thaçit edhe për një mandat,1008,1071
true_1741,1741,0,real,Kalohet shifra e nëntë milionë të infektuarve me COVID-19 në botë,776,842
true_1742,1742,0,real,"Vuçiqi takohet me Lajçakun, pranon se temat janë të dhimbshme dhe se kompromisi nuk është i lehtë",1834,1932
true_1743,1743,0,real,"Dy vëllezërve që u mbajtën gabimisht në burg 24 vjet, nga dy milionë dollarë?",1424,1502
true_1744,1744,0,real,"Numërohen mbi 91 për qind e votave në Serbi, prin Vuçiqi",1836,1893
true_1745,1745,0,real,"Banorët e “Kodrës së Diellit” ankohen për dëmtimet e këndeve për fëmijë, kërkojnë të mirëmbahen",1130,1226
true_1746,1746,0,real,Haradinaj ia kishte ndarë Mustafës mbi 24 mijë euro në emër të pagës retroaktive,2142,2223
true_1747,1747,0,real,Shtyhen testet e arritshmërisë dhe të maturës shtetërore,381,438
true_1748,1748,0,real,"Thaçi e Hoti bisedojnë për dialogun, në pikëpyetje takimi i presidentit me Lajçakun",1102,1186
true_1749,1749,0,real,"Edhe një qytetar nga Gjilani humb betejën me COVID-19, shkon në 16 numri i viktimave në këtë komunë",1577,1677
true_1750,1750,0,real,Sekretari i BIK: Po manipulohet me Erdoganin – Xhamia e Madhe është donacion i besimtarëve të Turqisë,1023,1125
true_1751,1751,0,real,Numri i të infektuarve me coronavirus në botë arrin shifrën e 17 milionë njerëzve,730,812
true_1752,1752,0,real,"“Muslim 3D”: Një kompani gjermane vjen me ‘Haxhin virtual’ – një turne përmes stilit të jetës, historisë dhe ritualeve islamike",2791,2919
true_1753,1753,0,real,Ambasada e Kosovës në Berlin jep udhëzime për testimin e mërgimtarëve pas kthimit në Gjermani,1668,1762
true_1754,1754,0,real,Kajak në Badovc – aktiviteti që jua qetëson mendjen dhe trupin!,2308,2372
true_1755,1755,0,real,Tayna u ndërton shtëpi të re prindërve të saj,997,1043
true_1756,1756,0,real,Bajrami flet për ekzekutimin e pagës 170 euro nga Pakoja Emergjente Fiskale,912,988
true_1757,1757,0,real,Qeveria mbulon shpenzimet e Kartonit të Gjelbër për bashkatdhetarët deri në fund të këtij viti,1623,1718
true_1758,1758,0,real,"Nga 419 pacientë me COVID-19 që po trajtohen nëpër klinika në Kosovë, 42 janë në gjendje të rëndë",1229,1327
true_1759,1759,0,real,"Ambasada e SHBA-së: Propozimi i Ligjit për vlerat e luftës së UÇK-së, kriminalizon fjalën e lirë dhe frikëson qytetarët",1947,2067
true_1760,1760,0,real,Bayern Munich i cakton çmimin Thiago Alcantaras – lojtari refuzon renovimin e kontratës,627,715
true_1761,1761,0,real,"Transferimi i Messit një çmenduri financiare, Interit mund t’i kushtojë 500 milionë euro",1767,1856
true_1762,1762,0,real,Prishtina vazhdon të jetë komuna me numrin më të madh të të infektuarve me COVID-19,929,1013
true_1763,1763,0,real,Katër dyshimet që Zidane duhet t’i zgjidhë para ndeshjes kthyese ndaj Man Cityt,2131,2211
true_1764,1764,0,real,Kejvina Kthella vazhdon të sjellë fotografi provokuese në Instagram,669,737
true_1765,1765,0,real,"Dua Lipa tregon figurën e mrekullueshme trupore, teksa sjell imazhe të reja përkrah të dashurit nga pushimet në Shën Luçia",1095,1218
true_1766,1766,0,real,"Ndërron jetë ministri i Qeverisë së Bosnjës, Salko Bukvareviq – rezultoi pozitiv në testin e COVID-19",601,703
true_1767,1767,0,real,"Hoti: Kemi hyrë në valën e dytë të pandemisë COVID-19, të aktivizohet Plani i reagimit kombëtar",1444,1540
true_1768,1768,0,real,Qeveria ndan nga 300 euro për mantelbardhët,755,799
true_1769,1769,0,real,Rrëfimet e grave që kanë qenë në burgjet e Koresë së Veriut: Na kanë torturuar dhe përdhunuar policët dhe gardianët,1642,1758
true_1770,1770,0,real,Linda Premium Residence – kompleksi ideal që banorët ta shijojnë gjelbërimin natyral,1136,1221
true_1771,1771,0,real,"Haxhi në epokën e pandemisë COVID-19, do të jetë ndryshe si asnjëherë më parë",1346,1424
true_1772,1772,0,real,Jo më punëtorë sezonal në Gjermani,5555,5590
true_1773,1773,0,real,Luana Vjollca prezanton një nga dukjet ekstravagante të klipit të ri,775,844
true_1774,1774,0,real,"Numri i rasteve aktive me coronavirus 3,331, ndërsa i të shëruarve 4,129",1912,1985
true_1775,1775,0,real,"Mot i nxehtë, temperatura deri në 35 gradë",738,781
true_1776,1776,0,real,Truku prej 15 sekondash zbulon shkaktarin e dhembjes së shpinës – por edhe zgjidhjen!,1382,1468
true_1777,1777,0,real,Prof. Hamdi Ramadani: Coronavirusi po bëhet gjithnjë e më i rrezikshëm – koha për veprim është tani!,6641,6742
true_1778,1778,0,real,Si të përgatitni reçel dhe lëng manaferrash?,1433,1478
true_1779,1779,0,real,Coleen dhe Wayne Rooney paguajnë 25 mijë dollarë në javë për një rezidencë luksoze në Barbados,761,856
true_1780,1780,0,real,Bill Gates thotë se vonesat në rezultatet e testit të coronavirusit i bëjnë ato një “humbje kohe”,1627,1725
true_1781,1781,0,real,"Turqia tërhiqet nga kërkimi i gazit, Greqia e fton për dialog",1863,1925
true_1782,1782,0,real,Ahmeti paralajmëron rihapjen e çerdheve nga dita e hëne,1173,1229
true_1783,1783,0,real,"Khabib – Gaethje, caktohet përfundimisht data për meçin e zjarrtë",632,698
true_1784,1784,0,real,"Qeveria vendos rregulla të reja për qytetarët e pesë vendeve fqinje, që duan të hyjnë në Kosovë",2846,2942
true_1785,1785,0,real,"​Ndalohen të gjitha veprimtaritë fetare, nuk lejohet as therja e kafshëve në shtëpi",908,992
true_1786,1786,0,real,Qeveria lejon hapjen e çerdheve pas vlerësimit nga autoritetet komunale,534,606
true_1787,1787,0,real,Morena Tarakut i dalin të brendshmet teksa fotografohet para pasqyrës,823,893
true_1788,1788,0,real,​Nagavci i reagon Mustafës: E pranuat se ju e prishët koalicionin me VV-në,1634,1709
true_1789,1789,0,real,Geti dhe Marina Vjollca ndajnë me fansat çastet intime me njëri-tjetrin në pishinë,784,867
true_1790,1790,0,real,Gazmend Gjyshinca: Kujtim Shala dhe Arben Gashi më ngrehen nga krahu dhe më thanë budalla,1839,1929
true_1791,1791,0,real,"Gashi dhe Shala mohojnë se kanë pasur përplasje fizike me deputetin e LVV-së, Gazmend Gjyshnica",1568,1664
true_1792,1792,0,real,Mustafa: Akademik Shala mund t’i rrahë me dije e me argumente prej të parit deri në të fundit të VV-së dhe të gjithë së bashku,1865,1992
true_1793,1793,0,real,Kujtim Shala: Nuk ka pasur përplasje fizike me deputetin e Lëvizjes Vetëvendosje,1056,1137
true_1794,1794,0,real,"Georgina Rodriguez ndan tjetër imazh me familjen, teksa shijojnë pushimet në Itali",726,809
true_1795,1795,0,real,Fauci thotë se përgjigja mbi vaksinën për COVID-19 mund të vijë në ‘tetor ose nëntor’,1411,1497
true_1796,1796,0,real,"Prishtinë, policia gjobit qytetarët të cilët nuk kanë vendosur maska mbrojtëse",753,832
true_1797,1797,0,real,"Konfirmohen 239 raste të reja me coronavirus, vdesin 7 persona e shërohen edhe 102 të tjerë",3213,3305
true_1798,1798,0,real,Katër shprehi që mund të shkaktojnë kancerin,1382,1427
true_1799,1799,0,real,Një grua në TikTok ndau një truk që ndihmon për gjetjen e xhinseve të duhura,1243,1320
true_1800,1800,0,real,"Ahmeti njofton për ndërtimin e tri shkollave të reja në Prishtinë, thotë se do të jenë ndër më modernet",1073,1177
true_1801,1801,0,real,Ministrja nga AAK-ja kundër propozimit të Qeverisë për izolim të qytetarëve që vijnë nga Shqipëria,1433,1532
true_1802,1802,0,real,Hoti nga Spitali i FSK-së: Duhet të përgatitemi për të gjitha variantet që mund t’i kemi në javët dhe muajt e ardhshëm,1395,1514
true_1803,1803,0,real,"Ahmeti pas rastit të 9-vjeçares që u kafshua nga qentë: Që tri vjet dërgoj shkresa te institucionet qendrore, Këshilli i Sigurisë më ka pritur me përçmim",1636,1790
true_1804,1804,0,real,"Lëvoret e shalqirit, të mbushura me produkte ushqyese",1288,1342
true_1805,1805,0,real,"Gold AG feston ditëlindjen e 34-të, bashkëshortja Ermira i bën një dedikim të veçantë",740,826
true_1806,1806,0,real,Getinjo tregon arsyen se përse qëndroi në burg për disa muaj,1259,1320
true_1807,1807,0,real,"Dua Lipa njofton se remiksi i këngës “Levitating” vjen në gusht në bashkëpunim me The Blessed Madonna, Madonna dhe Missy Elliott",981,1110
true_1808,1808,0,real,A ndikon mosha e nënës në inteligjencën e fëmijës,1380,1430
true_1809,1809,0,real,Motra e Naya Rivera me dedikim për aktoren: Do të dua gjithmonë dhe më mungon çdo sekond të jetës,807,905
true_1810,1810,0,real,"Ylli i “Game of Thrones”, Sophie Turner bëhet nënë për herë të parë",996,1064
true_1811,1811,0,real,Deputetja Eliza Hoxha rrëfen përvojën dhe betejën me COVID-19,3707,3769
true_1812,1812,0,real,"Sipas ekspertit austriak të shëndetësisë, numri i të infektuarve me COVID-19 në Kosovë është dhjetë herë më i lartë",1628,1744
true_1813,1813,0,real,"Ish-bashkëpunëtori i ngushtë i Adem Jasharit, Januzi: Ai ka kursyer shokët sepse ka pasur shpirt bujar",856,959
true_1814,1814,0,real,Ish-lojtari i Ballkanit ndërron jetë nga COVID-19,890,940
true_1815,1815,0,real,"Qeveria me masa të reja për kopshtet, gastronominë e fusha tjera",663,728
true_1816,1816,0,real,Nuk duket si 52 vjeçar – të gjithë të mahnitur me fizikun e Paolo Maldinit,720,795
true_1817,1817,0,real,"Haziri: Pandemia po menaxhohet në panik, unë s’jam kryetar me numëru kufoma",1533,1609
true_1818,1818,0,real,Reagimi emocional i Salahut nga largimi i Lovrenit prej Liverpoolit,928,996
true_1819,1819,0,real,"Shkretëtira shndërrohet në varrezë, skena rrëqethëse nga Iraku",1215,1278
true_1820,1820,0,real,"Ka filluar të mbahet gara robotikës “First Global Challenge”, Kosova kryeson në listë",917,1003
true_1821,1821,0,real,"Demi Rose shfaqet provokuese nga pushimet në Ibiza, thekson linjat e tonifkuara trupore",716,804
true_1822,1822,0,real,Khabib liston gjashtë yjet më të mëdhenj në histori të UFC-s,907,968
true_1823,1823,0,real,"Vrasja e rëndë në Kamenicë, i caktohet një muaj paraburgim personit që dyshohet se e mbyti bashkëshorten me shufër metalike",1615,1739
true_1824,1824,0,real,Këshilltari i Trump për Siguri Kombëtare del pozitiv në testin për COVID-19,840,916
true_1825,1825,0,real,"Në SHSKUK janë të spitalizuar 598 pacientë, 43 në gjendje kritike",675,741
true_1826,1826,0,real,Si lindi sfondi më i famshëm kompjuterik i të gjitha kohërave – dhe ja si duket tani vendi ku u bë fotografia,2275,2385
true_1827,1827,0,real,"Aksident i rëndë në Sllatinë, lëndohen tre persona",1042,1093
true_1828,1828,0,real,‘Adriana Lashes’ me mesazh për Apple: Vendoseni Kosovën në hartë,808,873
true_1829,1829,0,real,"Protestojnë gastronomët, ‘dorëzojnë’ çelësat para Qeverisë së Kosovës për shkak të kufizimeve",1987,2081
true_1830,1830,0,real,Vdes një person nga coronavirusi në Suharekë,1045,1090
true_1831,1831,0,real,"Luana Vjollca nuk zhgënjen fansat, mahnit e veshur me fustanin me lule",711,782
true_1832,1832,0,real,"Kina raporton numrin më të madh të rasteve me coronavirus, që nga fundi i shpërthimit të Wuhan",908,1003
true_1833,1833,0,real,Dhjetë mënyra për të pozuar para pasqyrës si profesioniste,1288,1347
true_1834,1834,0,real,"Gastronomët ia ‘dorëzojnë çelësat’ Qeverisë së Kosovës, kërkojnë përkrahje institucionale",991,1081
true_1835,1835,0,real,"Në Kosovë numri i rasteve aktive me coronavirus është 3,086, ndërsa i të shëruarve 3,874",1955,2044
true_1836,1836,0,real,Kanakarët shtëpiakë vështirë i përballojnë temperaturat e larta,1612,1676
true_1837,1837,0,real,"Racioni prej 75 kalorish: Sallata nga manaferrat, djathi i dhive dhe rukola",1139,1215
true_1838,1838,0,real,Apple planifikon të prezantojë iPhone 12 më 8 shtator,841,895
true_1839,1839,0,real,Horoskopi javor për periudhën nga 27 korrik – 03 gusht,9458,9513
true_1840,1840,0,real,Dave Franco do ta luajë rolin e Vanilla Ice në filmin “To The Extreme”,954,1025
true_1841,1841,0,real,"Kejvina prezanton modelin e ri të flokëve, ndërkohë që mahnit me fustan të shkurtër",606,690
true_1842,1842,0,real,"‘E varrosën katër muaj më parë’, familja në Egjipt mbeten pa fjalë – pasi ai ‘u shfaq përsëri’",1309,1404
true_1843,1843,0,real,Brenda një jave në Kosovë u regjistruan 38 viktima nga COVID-19,1094,1158
true_1844,1844,0,real,"Morena vazhdon me jetën e ëndrrave, ndërsa mahnit me pozën me bikini",703,772
true_1845,1845,0,real,"Aksident i rëndë trafiku në Komoran, vdes një person",754,807
true_1846,1846,0,real,Gjobë prej 1000 eurosh kush nuk vesh maskë – por ky nuk është rregulli i vetëm i vendosur në një rajon të Italisë,1462,1576
true_1847,1847,0,real,"Si do të dukej tabela e Ligës Premier nëse nuk do të përdorej VAR’i – City afër Liverpooit, Arsenali mbi Tottenhamin",858,975
true_1848,1848,0,real,Mustafa: Dialogu është krejtësisht politik dhe rezulton me marrëveshje politike ndërshtetërore për njohje reciproke,1637,1753
true_1849,1849,0,real,Një muaj paraburgim për të pandehurin që vrau me shufër metalike gruan e tij në Kamenicë,1096,1185
true_1850,1850,0,real,"Vuçiq: Nëse nuk i tërhiqet vërejtja Kosovës, do të vazhdojmë me fushatën për çnjohje",2521,2606
true_1851,1851,0,real,Nuk ka dilema më: Videoja e cila qartë tregon se sa mbron secila maskë!,657,729
true_1852,1852,0,real,Humb betejën me COVID-19 edhe një i ri nga Ferizaj,1031,1082
true_1853,1853,0,real,Sabri Fejzullahu përkujton veprimtarin Adem Demaçi në dyvjetorin e vdekjes së tij,764,846
true_1854,1854,0,real,"Organizuan skema piramidale dhe bixhoz të paligjshëm, arrestohet një zyrtar policor dhe tre qytetarë në Gjakovë",1147,1259
true_1855,1855,0,real,"Reagime e dedikime prekëse nga të famshmit pas vdekjes së prezantuesit, Regis Philbin",1163,1249
true_1856,1856,0,real,Humb jetën nga COVID-19 një qytetar nga Gjilani,1136,1184
true_1857,1857,0,real,"Ish-bashkëshorti i Naya Rivera, Ryan Dorsey thyen heshtjen pas vdekjes së aktores: Do jesh gjithmonë me ne",1737,1844
true_1858,1858,0,real,Numri i të prekurve nga COVID-19 në botë rritet në mbi 16 milionë,723,789
true_1859,1859,0,real,"Pritet mirë “Nashta” e Melinda Ademit, kënga arrin mbi një milion klikime për një ditë",986,1073
true_1860,1860,0,real,​Dy vjet pa veprimtarin Adem Demaçi,1684,1720
true_1861,1861,0,real,A mund të vetëkallet më lehtë vetura që ka aparat klime?,1196,1253
true_1862,1862,0,real,"Gjithçka ju duhet për flokët, është vaji i ullirit",1633,1684
true_1863,1863,0,real,Pesë karakteristika që bashkojnë gjithë Luanët e botës!,1704,1760
true_1864,1864,0,real,Si t’i kuroni sisët gjatë kohës së ushqimit të bebes me gji,2280,2340
true_1865,1865,0,real,"Qentë ushtarakë mund të identifikojnë coronavirusin, zbulon studimi në Gjermani",1429,1509
true_1866,1866,0,real,Si duhet të hani fruta kur jeni në dietë?,739,781
true_1867,1867,0,real,Mjekët boshnjak tregojnë se cilat barna u rekomandojnë të infektuarve me coronavirus,1637,1722
true_1868,1868,0,real,"“Unë hoqa dorë nga e gjithë jeta ime për këtë familje”, Meghan Markle thuhet se ka bërë çmos për t’i shpëtuar MEXIT-it",4230,4349
true_1869,1869,0,real,"Mathieu rrëfen një histori nga e kaluara: Nuk doja të transferohesha te Barcelona, u largova shkaku i presidentit të Valencias",1078,1205
true_1870,1870,0,real,Humb betejën me coronavirusin prodekani i Fakultetit të Agrobiznesit në Pejë,1146,1223
true_1871,1871,0,real,"Që nga marsi, ​756 punëtorë shëndetësorë janë prekur nga COVID-19, ndërsa tre mjekë kanë humbur jetën",1285,1387
true_1872,1872,0,real,"Telekomi, nga fitimprurës në borxhli",6309,6346
true_1873,1873,0,real,DailyMail shkruan për nënën e Rita Orës: 56-vjeçarja Vera që rrëmben vëmendjen me paraqitjet e saj me bikini në plazh,1284,1402
true_1874,1874,0,real,FSK blen automjete të blinduara nga Ushtria amerikane,521,575
true_1875,1875,0,real,Arta Nitaj vazhdon të sjell video provokuese në TikTok dhe imazhe atraktive në bikini nga pushimet,891,990
true_1876,1876,0,real,Hoti akuzon inspektoratin dhe policinë për moszbatim të masave ndaj coronavirusit,1141,1223
true_1877,1877,0,real,"AKK: Së shpejti shqyrtohen masat ndaj lëvizjes së lirë, çerdheve dhe gastronomisë",1613,1695
true_1878,1878,0,real,"Vet-aksident në autostradën “Arbën Xhaferi”, humbë jetën një person dhe një tjetër lëndohet",708,800
true_1879,1879,0,real,"Ava Max pozon pa reçipeta, merr vëmendjen e fansave me paraqitjen provokuese",953,1030
true_1880,1880,0,real,"Përmes një video njëminutëshe, Hana Noka shpjegon historinë e shqiptarëve ndër vite duke vënë në pah sovranitetin e Kosovës dhe Shqipërisë",1718,1857
true_1881,1881,0,real,"Ibrahimovic ‘sulmon’ kritikët: Mendoni se kam mbaruar, por nuk më njihni – unë thjeshtë po nxehem",1320,1418
true_1882,1882,0,real,"Capital T publikon këngën e re “C’est la vie”, me protagoniste në klip Adrola Dushin",785,870
true_1883,1883,0,real,Veteranët së shpejti me peticion kundër vazhdimit të mandatit për Gjykatën Speciale,4820,4904
true_1884,1884,0,real,"Shkencëtari britanik, Shattock: Do të duhet të jetojmë për shumë dekada me coronavirusin",1246,1335
true_1885,1885,0,real,Çaji i zakonshëm i nenexhikut – Ilaç universal i gjyshes që vërtet është i fuqishëm!,3321,3406
true_1886,1886,0,real,Dua Lipa tregon për ushqimin më të preferuar shqiptar,922,976
true_1887,1887,0,real,DW: T’u tregojmë vendin elitave të korruptuara të Ballkanit Perëndimor,6466,6537
true_1888,1888,0,real,"Aksident në Prizren, humb jetën 74 vjeçarja",869,913
true_1889,1889,0,real,Thaçi kujton aksionin në veri: 25 korriku është dita e bashkimit të Kosovës,1360,1436
true_1890,1890,0,real,"​Pasojat e pandemisë, Zeka: Bizneset buzë kolapsit, të veprohet shpejt",5073,5144
true_1891,1891,0,real,"Arrestohen dy policë, dyshohet se keqtrajtuan fizikisht një të mitur në Pejë",1733,1810
true_1892,1892,0,real,"Ditën e katërt rradhazi mbi 1,000 persona vdesin nga coronavirusi në SHBA",1230,1304
true_1893,1893,0,real,A do të nisë ndonjë luftë mes Turqisë dhe Greqisë?,4867,4918
true_1894,1894,0,real,Në Spitalin e Pejës dje ka vdekur një pacient me COVID-19,806,864
true_1895,1895,0,real,Top dhjetë atletët më të paguar në botë – sa kohë u duhet që të fitojnë një milion euro,947,1035
true_1896,1896,0,real,"Gjermania ofron teste falas të COVID-19, për personat që kthehen nga pushimet",2130,2208
true_1897,1897,0,real,Çastet medituese: Forca e çuditshme e mendjes,4096,4142
true_1898,1898,0,real,Djersitja është dukuri shumë më e ndërlikuar seç mendoni,4286,4343
true_1899,1899,0,real,"Nëse je një nga këto tre shenja të Zodiakut, ti do të jesh beqare këtë verë",2206,2282
true_1900,1900,0,real,Këto shenja tregojnë se ai ju sheh si më shumë se shoqe,2177,2233
true_1901,1901,0,real,"Në këtë qytet të botës nuk ekzistojnë paratë, pushteti dhe as feja",1644,1711
true_1902,1902,0,real,Aknet në trup: Me këto metoda të thjeshta mund t’i trajtojmë në shtëpi,2256,2327
true_1903,1903,0,real,"Për verën, princeshat kanë vetëm një palë këpucë të preferuara",1019,1082
true_1904,1904,0,real,Këto vende ishin model i suksesit në luftën ndaj coronavirusit – por nuk janë më!,5649,5731
true_1905,1905,0,real,Milani dhe Atalanta ndahen në barazim,963,1001
true_1906,1906,0,real,"Fansi e quajti lojtar ‘shumë të mbivlerësuar’, Toni Kross i përgjigjet në mënyrë epike",1532,1619
true_1907,1907,0,real,"Gruaja ishte pa simptome COVID-19, por dyshohet se infektoi 98 persona në një klub nate në Pragë",1375,1472
true_1908,1908,0,real,Kadri Veseli konfirmon se ka rezultuar pozitiv me COVID-19,538,597
true_1909,1909,0,real,"Luhatësja më e lartë në botë hapet në Kinë, gjendet në një shkëmb në lartësi prej 700 metra",850,942
true_1910,1910,0,real,"Mospajtime brenda koalicionit për dialogun me Serbinë, Qeveria Hoti: Kemi koordinim të duhur dhe besim",2804,2907
true_1911,1911,0,real,Ali Ahmeti ftohet për intervistim nga Gjykata Speciale,1355,1410
true_1912,1912,0,real,Rastet e reja me coronavirus – 91 vetëm në Prishtinë,1662,1715
true_1913,1913,0,real,Rita Ora në lidhje serioze me Roman Gavras,745,788
true_1914,1914,0,real,"I nxehti afrikan, sot temperaturat deri në 30 gradë celsius",458,518
true_1915,1915,0,real,Basha: Vendimi im i parë si kryeministër do të jetë heqja e taksës në Rrugën e Kombit,1278,1364
true_1916,1916,0,real,"Përplasen dy paragllajdistë në Prizren, humb jetën 27-vjeçari",1164,1226
true_1917,1917,0,real,"Dua Lipa në frymë patriotike, publikon flamurin ‘Autochthonous’ dhe kuptimin e fjalës",925,1011
true_1918,1918,0,real,"Një 56 vjeçar nga Drenasi vdes nga coronavirusi, ishte punonjës i KEK-ut",807,880
true_1919,1919,0,real,"Podujevë, nga të shtënat me armë një i vrarë dhe një i plagosur",819,883
true_1920,1920,0,real,LVV reagon pas akuzave të PDK-së për Telekomin: Sejdi Hoxha i ka kushtuar Postës mbi 50 mijë euro për dy vite,2279,2389
true_1921,1921,0,real,Iker Casillas do të kthehet te Real Madridi,759,803
true_1922,1922,0,real,"Madonna praktikon zgjatjet me ndihmën e të dashurit 25 vjeçar, Alhamalik Williams",666,748
true_1923,1923,0,real,"Shpërndau lajmin se ka vdekur Isa Mustafa, policia arreston të dyshuarin",844,917
true_1924,1924,0,real,Nis peticioni kundër paraqitjes së Kosovës si pjesë të Serbisë në Maps,474,545
true_1925,1925,0,real,Florentino Perez thotë se Benzema duhet ta fitojë Topin e Artë këtë vit,935,1007
true_1926,1926,0,real,Kokërr Shilte – ndjenjë maksimale e rehatisë në produktin kreativ vendor,1679,1752
true_1927,1927,0,real,"Thaçi përfundon intervistimin katërditor në Hagë: Nëse Gjykata do të vlerësojë drejt, do të vijë në përfundim se nuk kam bërë krime lufte",1718,1856
true_1928,1928,0,real,Përfundon takimi Hoti-Vuçiq në Bruksel,2257,2296
true_1929,1929,0,real,"Për 24 orë, ndërrojnë jetë gjashtë persona të infektuar me COVID-19 në Kosovë",1016,1094
true_1930,1930,0,real,"Këshilltari i Thaçit: Kur presidenti po intervistohet për shpifjet e regjimit serb, Hoti ka zgjedhur t’i zgërdhihet Vuçiqit në Bruksel",1755,1890
true_1931,1931,0,real,Magjia verore në ETC vjen me zbritje deri në 50%,1873,1922
true_1932,1932,0,real,Nipi i Elvis Presleyt është emri më i ri që i bashkohet listës së yjeve që nuk iu shmangën mallkimit të “Klubit 27”,2433,2549
true_1933,1933,0,real,Haradinaj: Aktakuzat ndaj Thaçit dhe Veselit janë goditje ndaj lirisë së Kosovës,2475,2556
true_1934,1934,0,real,"Shumë vende përgatiten për “masa të ashpra”, mes paralajmërimeve të një shpërthimi të rasteve me coronavirus në botë",4737,4854
true_1935,1935,0,real,Haradinaj: Nëse konfirmohen akuzat ndaj Thaçit e Veselit Kosova rrezikon të dëmtohet rëndë,854,945
true_1936,1936,0,real,"Lajm i mirë nga Italia: Në rajonin e Ligurias për herë të parë nga fillimi i pandemisë, nuk ka raste të reja me COVID-19",732,853
true_1937,1937,0,real,"Birrën mund ta përdorni në kuzhinë, banjë, madje edhe në kopsht– sakrifikoni ndonjë gllënjkë për rezultate të shkëlqyeshme",1968,2091
true_1938,1938,0,real,"Kjo është sasia e mjaftueshme e ujit, të cilin duhet ta konsumojmë për të qenë të shëndetshëm",2465,2559
true_1939,1939,0,real,Kendall Jenner vë në pah të pasmet në imazhet e fundit me të brendshme,782,853
true_1940,1940,0,real,"Zemaj: Mos na impononi gjendjen e jashtëzakonshme, më dhemb shpirti ta shoh Kosovën e mbyllur",3239,3333
true_1941,1941,0,real,Si hiqet rriqra: Bëhuni të kujdesshëm dhe të vëmendshëm në mënyrë që të pengoni përhapjen e infeksionit të rrezikshëm,1762,1880
true_1942,1942,0,real,Betakaroteni: Tek cilat ushqime gjendet pigmenti që i jep lëkurës ngjyrë të bukur në plazh,2328,2419
true_1943,1943,0,real,"Hoti nuk takohet të dielën me Vuçiqin në Bruksel, takimi shtyhet për 16 korrik",1521,1600
true_1944,1944,0,real,"Nëse pasioni mbaron, këto tri shenja shohin punën e tyre pa e kthyer kokën mbrapa",1690,1772
true_1945,1945,0,real,Nuk do ta besoni moshën reale të këtyre personazheve,1172,1225
true_1946,1946,0,real,"Big Mama pozon me kostum larjeje, mahnit me linjat trupore",788,847
true_1947,1947,0,real,Shaqiri e këshillon gazetën e madhe zvicerane ta vendosë foton e Telegrafit në ballinë: Këtu e keni foton për faqen e parë,1144,1267
true_1948,1948,0,real,"Ledri dhe Sara në pushime, sjellin momente të lumtura së bashku",627,691
true_1949,1949,0,real,"LVV: Lufta e UÇK-së ka qenë e drejtë dhe e pastër, instalimi i Gjykatës Speciale faj i madh politik",1034,1134
true_1950,1950,0,real,Nëse besoni te Karma: Rregullat që aplikohen edhe pa dijeninë tuaj,2444,2511
true_1951,1951,0,real,Jakupi: Edhe Kosova do të bëjë përpjekje për të siguruar disa doza të ilaçit që trajton pacientët me COVID-19,1116,1226
true_1952,1952,0,real,Zemërimi në Burojë për aktakuzën e Speciales ndaj Thaçit e Veselit,1480,1547
true_1953,1953,0,real,Liverpooli klubi anglez që ka harxhuar më së shumti para për të paguar agjentët – klubet paguan 291 milionë euro brenda vitit për agjentë,1953,2091
true_1954,1954,0,real,"Parandaloni humbjen e shikimit, forconi imunitetin dhe përmirësoni tretjen me këtë frut të shijshëm",1769,1869
true_1955,1955,0,real,"Haziri: Pa Thaçin, nuk do të ketë takim më 27 qershor në Shtëpinë e Bardhë",1325,1400
true_1956,1956,0,real,"Gjithnjë e më shumë femra vuajnë: Kandida në të vërtetë ha organizmin tuaj, ja si duhet ta eliminoni",2984,3085
true_1957,1957,0,real,"Shpresë te Barcelona, gati të arrijë shifrën e kërkuar për shitjen e lojtarëve",1026,1105
true_1958,1958,0,real,Thaçi: Ali Ahmeti ka sjellë në Maqedoni kriminelë nga Kosova për të “masakruar” zgjedhjet,938,1028
true_1959,1959,0,real,Arbenita Ismajli shfaqet tërheqëse në pozat e reja,712,763
true_1960,1960,0,real,Ledri Vula rrëfen historinë me Sara Hoxhën dhe planet për t’u bërë baba,1493,1565
true_1961,1961,0,real,"Paralajmërojnë mjekët: ‘Këto janë pesë rreziqet e yndyrës rreth barkut, përfshirë edhe kancerin’",1682,1779
true_1962,1962,0,real,Horoskopi javor për periudhën nga 22 – 29 qershor,7493,7543
true_1963,1963,0,real,Sadio Mane mezi ka pritur të rifillojë Liga Premier – senegalezi harroi se duhet gjunjëzuar në shenjë nderimi për “Black Lives Matter”,865,1000
true_1964,1964,0,real,"Emina Çunmulaj dhe bashkëshorti i saj iranian, Sam Nazarian festojnë dhjetë vjetorin e lidhjes",845,940
true_1965,1965,0,real,Historia e njeriut më të zgjuar ndonjëherë dhe arsyeja pse nuk keni dëgjuar ndonjëherë për të,4385,4479
true_1966,1966,0,real,Viola von Cramon shpreson se kosovarëve do t’iu hiqen vizat kur Gjermania ta marrë Presidencën,1116,1211
true_1967,1967,0,real,Vuçiq: Nga Lavrovi pranova informata shqetësuese për çështjen e Kosovës,796,868
true_1968,1968,0,real,Haradinaj del nga takimi i thirrur nga Hoti për dialogun me Serbinë,419,487
true_1969,1969,0,real,A do të bëhet realitet ura e parajsës me ujëvarë,1429,1478
true_1970,1970,0,real,Shtatë mënyra për t’u dukur elegante me një bluzë të shkurtër,1282,1344
true_1971,1971,0,real,Pa në ëndërr sikur e kishte shoqe të ngushtë Bebe Rexhën – artistja shqiptare ia bën realitet ëndrrën fanses,1276,1385
true_1972,1972,0,real,"IKSHPK: Të mbyllen sektorët ku ka raste pozitive, bartja e maskave të jetë obligative",7434,7520
true_1973,1973,0,real,Lënia e duhanit nuk të shëndosh!,1447,1480
true_1974,1974,0,real,"141 rastet e reja me COVID-19, këto janë komunat ku u rrit numri i personave të infektuar",1480,1570
true_1975,1975,0,real,"Pas takimit me Lajçakun, Thaçi: Sa më shpejt të ketë liberalizim të vizave, dialogu të përfundojë me njohje reciproke",1485,1603
true_1976,1976,0,real,Gjendet i vdekur edhe fëmija i dytë që ra në pus në Milloshevë,920,983
true_1977,1977,0,real,"Konfirmohen 40 raste të reja me COVID-19 në Kinë, në Pekin edhe 27 të infektuar",715,795
true_1978,1978,0,real,Koreja e Veriut hedh në erë zyrën ndërlidhëse me Korenë e Jugut,1100,1164
true_1979,1979,0,real,WhatsApp do t’ju lejojë të përdorni të njëjtën llogari deri në katër pajisje,500,577
true_1980,1980,0,real,"Grenell: Më 27 qershor, në Shtëpinë e Bardhë përfaqësues të Kosovës dhe Serbisë takohen për dialogun",1569,1670
true_1981,1981,0,real,"Çifti që nuk kishin planifikuar të bëhen prindër, tani i kanë 11 fëmijë – detyrohen të përdorin minibus për të shëtitur",902,1022
true_1982,1982,0,real,"Labinot Tahiri reagon i revoltuar: Kjo është një gënjeshtër, le të më dërgojnë në burg mua dhe gjithë estradën",1167,1278
true_1983,1983,0,real,Anulohen për sot fluturimet në Aeroportin e Prishtinës,2073,2128
true_1984,1984,0,real,Heidi Lushtaku me pozë atraktive nga shtrati,739,784
true_1985,1985,0,real,"Kush është Ana de Armas, dama që do ta shohim në filmin e ri për James Bondin",3946,4024
true_1986,1986,0,real,"Protestat në Londër, demonstruesit përleshen me policinë",851,908
true_1987,1987,0,real,Kompania ajrore Lufthansa planifikon t’i shkurtoj 22 mijë vende pune,907,976
true_1988,1988,0,real,Konjufca: Mustafa përsëri do t’ia bëjë votat Thaçit për president,1226,1292
true_1989,1989,0,real,Ndihma e diasporës kosovare në luftën kundër COVID-19,3462,3516
true_1990,1990,0,real,Nuk po bie dot nga pesha? Atëherë nuk i respekton tre rregullat e mëngjesit,1594,1670
true_1991,1991,0,real,"Kylie Jenner etiketohet si raciste, kryqëzohet nga fansat pasi vetëm 13 për qind e punonjësve në markën e saj janë njerëz me ngjyrë",1529,1661
true_1992,1992,0,real,Rina Balaj rikthehet me poza në bikini,632,671
true_1993,1993,0,real,"Ndryshimet kushtetuese, ambasada SHBA: PD-LSI nuk mund të injorohen",5555,5623
true_1994,1994,0,real,Libani bën thirrje për kujdes pas përleshjeve Izrael-Hezbollah,2454,2517
true_1995,1995,0,real,"Reforma zgjedhore, tjetër mbledhje pa mirëkuptim e Këshillit Politik",4021,4090
true_1996,1996,0,real,"SHBA, nisin provat përfundimtare me vaksinën kundër COVID-19",4531,4592
true_1997,1997,0,real,"Gjermani, qentë e ushtrisë trajnohen për nuhatjen e koronavirusit",1956,2022
true_1998,1998,0,real,Tiranë: Parlamenti nuk propozon shkarkimin e Presidentit Meta,1427,1489
true_1999,1999,0,real,Sekretari i Thesarit: Amerikanët do të marrin në gusht edhe 1200 dollarë të tjera,1629,1711
true_2000,2000,0,real,Një valë pushimesh të sikletshme në mbarë Evropën,7802,7852
fake_1,1,1,fake,Ja çfarë ndodh me fëmijën nëse kryeni marredh enie kur femra është shtatzënë,345,422
fake_2,2,1,fake,"Nuk e keni ditur ? Vetëm duke përdorur sodën e bukës në këtë mënyrë, lëkura juaj do të duket sikur të ishit 20 vjec",402,518
fake_3,3,1,fake,"Rrëfim ero tik: Ja si më zuri në dhomë më nusen e tij, ai nuk ma prishi qejfin, por fundi ishte ky",481,580
fake_4,4,1,fake,"Vdiq 141 vite më parë, gjendet trupi i paprekur i vogëlushes 3 vjeçare",440,511
fake_5,5,1,fake,Si iu deformua fytyra nga boja e flokëve,305,346
fake_6,6,1,fake,Drejtuar Nënës Time Biologjike: A Mendove Ndonjëherë…,434,488
fake_7,7,1,fake,"Gazetares Së Sportit I Ngrihet Fustani, “Pa Qëllim”",355,407
fake_8,8,1,fake,"I Ra Portofoli Në Pellgun Me Aligatorë, E Pabesueshme Çfarë Bën Mamaja Me Djalin E Vogël (Video)",321,418
fake_9,9,1,fake,"Elvana Gjata Merr Vendimin Dr.Astik Për M.Ilionerin E Bllokut Ervin Matën, Ja Çfarë Ka Bërë",343,435
fake_10,10,1,fake,"Pu.Thje E Përqafime, Messi Kapet Në Momente In.Ti.Me Me Bashkëshorten E Tij",409,485
fake_11,11,1,fake,"Njerëzit Po “Çmenden”/ Pema Mbin Brenda Natës, Rritet Dhe Depërton Tej Për Tej Makinën",459,546
fake_12,12,1,fake,Koronavirusi/ Tr.On.Dit Presidenti: Ja Si Na Ofruan 940 Milionë Dollarë Për Tu Futur Në Karantinë,591,689
fake_13,13,1,fake,"Preu flokët për herë të parë, reagimi i vogëlushit ka bërë të gjithë për vete",342,420
fake_14,14,1,fake,Doni një ditë me buzëqeshje? Shikoni këtë video,351,399
fake_15,15,1,fake,Reagimi i shpejtë i Nënës do t’ju lë pa fjalë.. Shikoni si i shpëton jetën femijës së saj VIDEO,336,432
fake_16,16,1,fake,"Askush nuk po e besonte që kjo ka’fshë është në këtë vend, banorët janë mbledhur dhe… VIDEO",341,433
fake_17,17,1,fake,Shaqiri dhe këngëtarja e njohur shqiptare bashkë në pushime?,367,428
fake_18,18,1,fake,"Gjermania jep lajmin e mirë për punëtorët nga Kosova, vendimi që mori për lejet e punës",475,563
fake_19,19,1,fake,"Vetura ecën me shpejtësi 120 km/h, shoferi fle në gjumë",356,412
fake_20,20,1,fake,"PRINDËR, KENI KUJDES! MOS UA JEPNI KËTË USHQIM ASNJËHERË FËMIJËVE – SHKAKTON KA NCER",433,518
fake_21,21,1,fake,"E fejuara futi kekun në fu’rrë, burrit i di’gjen 40 mijë eurot që kishte fshehur brenda",438,526
fake_22,22,1,fake,"EKSKLUZIVE: Ju sjellim pikat e marrveshjes KOSOVE-SERBI, Kosova del fituese lexoni…..",1929,2015
fake_23,23,1,fake,Ndalojeni Dhimbjen E Dhëmbëve Për 1 Sekond. Vërtetë Për 1 Sekond …,378,445
fake_24,24,1,fake,"Askush Nuk Po E Besonte Që Kjo Ka’fshë Është Në Këtë Vend, Banorët Janë Mbledhur Dhe… VIDEO",234,326
fake_25,25,1,fake,Zbuloni Gjënë E Pabesueshme Që Fshihet Brenda Kësaj Vrime Dhe Që Çmend Mbarë Njerëzimin (Foto),757,852
fake_26,26,1,fake,"Në Fillim Do Mendoni Se Janë Duke Ecur, Por Do Të Habiteni Disa Sekonda Më Vonë..!!",585,669
fake_27,27,1,fake,Mësojeni Njëherë E Mirë! Ja Pse Shtrati S’duhet Të Jetë Kurrë Me Kokë Nga Dera…,1049,1129
fake_28,28,1,fake,"Hapi Një Gropë Të Madhe Dhe Fqinjët Mendonin Se Ishte Çmendur, Por Sot Të Gjithë E Kanë Zili",540,633
fake_29,29,1,fake,"Ekskluzive: Albin Kurti Po Punon Baushtellë Në Të Zezën Në Gjermani, S’po I Del Rroga E Re",669,760
fake_30,30,1,fake,Vallëzimi I Nuses Në Dasmën E Saj Po Mahnitë Të Gjithë Në Rrjetet Sociale,351,425
fake_31,31,1,fake,"Babai Merr Dy Ditë Leje Për Lindjen E Fëmijes, Kur Papritur I Vjen Nje Mesazh Nga Shefi I Tij Që E Lë Pa M,End",461,572
fake_32,32,1,fake,"Thërrasin Elektricistin Për Të Rregulluar Furrën, Brenda Gjejnë Surprizën E Tme,Rrshme (FOTO)",414,508
fake_33,33,1,fake,Njihuni Me Shqiptarën E Parë Që U Bë Milionere Me Bitcoin (FOTO),1131,1196
fake_34,34,1,fake,"Kjo Vajzë E Re Është Gati Të Punojë Në Ndërtim, Por Ja Kush Është Arsyeja E Saj Për Të Bërë Një Punë Kaq Të Vështirë?",390,508
fake_35,35,1,fake,Unë Jam 40 Vjeç Dhe Barku Im Është Zhdukur Që Kur Fillova Të Pija Këtë Çdo Mëngjes,1317,1400
fake_36,36,1,fake,"Nëse Keni Ende Nokia 3310, Kompania Kërkon Tia Riktheni, Ja Sa Ju Shpërblen",635,711
fake_37,37,1,fake,Oh Biri I Nënës Ikuuu/ Momentet E Dhimbshme Kur Familja Meson Per Djalin E Tyre 8 Vjeç Se …,493,585
fake_38,38,1,fake,"Shqiptari Si Polic I Rremë, Ja Çfarë I Bëri Plakës Zvicërane",1551,1612
fake_39,39,1,fake,"Ky Pëllumb U Shit Për 1.25 Milion Euro, Arsyeja Është E Pabesueshme –",526,596
fake_40,40,1,fake,"Kaloi Valixhen Në Aeroport, Ajo Që Kapën Rrezet X I Tmerruan Të Gjithë (Foto)",684,762
fake_41,41,1,fake,"Ju Kujtohet Gruaja Që Lindi 11 Njakët, Ja Cfarë Ka Ndodhur Me Fëmijët",150,220
fake_42,42,1,fake,"U Izolua Për 25 Vite Në Këtë Shpellë, Çfarë Bëri Aty Është E Mahnitshme! (VIDEO)",922,1003
fake_43,43,1,fake,"A Jeni Prekur Nga “Syri”? Edhe Nëse Nuk E Besoni, Ekziston Një Mënyrë Për Të Kuptuar Nëse Keni Energji Negative Në Trup Me Një Vezë Të Thjeshtë",2787,2931
fake_44,44,1,fake,"Nga K,Apsllëku E Deri Tek Ulja E Kolesterolit : Zb,Ulimi I Fundit Për Kajsitë Që Na La Të Gji,Thëve Pa Fjalë",449,558
fake_45,45,1,fake,"Nisi Procesi Për Punë Sezonale Në Itali, Ja Sa Shqiptarë Mund Të Përfitojnë Punë Bashkë Me Leje Qëndrimi",348,453
fake_46,46,1,fake,"Rasti i rralle qe emocjonoi gjithe boten,i biri pa duar ushqen nenen e paralizuar (Video)",538,628
fake_47,47,1,fake,"Mjeku rus: Lyeni qafën me një qepë të kuqe dhe do të shëroheni nga kjo sëmundje, ja kur",893,981
fake_48,48,1,fake,Vajza E Tërnavës I Lutet Zotit T’ia Mundësojë Të Falet Në Xhaminë E Re Në Prishtinë (Video),391,483
fake_49,49,1,fake,"Është 53 vjeç, por Eli Fara po i “çmend” të gjithë me këtë foto: Duket si 23",268,345
fake_50,50,1,fake,EKSLUZIVE:Rasheli Tregon Pa Dorashka Arsyen Pse U Largua Nga Ermali “Ai Me Ngacmonte Dhe …”,415,507
fake_51,51,1,fake,"Moderatorja E Njohur Roza Lati :”Shqiptarët Janë Të Dobët Në Sh.Trat, Dua Dikë Më Të Fortë” (Video)",727,827
fake_52,52,1,fake,E Dhim*Bshme Qfare I Ndodhi Kesaj 3 Vjecare Teksa Po Flinte / VIDEO,526,594
fake_53,53,1,fake,Do Qani Nga Kjo Histori/ Jetimi Shqiptar Gjen Portofolin Me 1 Milion Lek Dhe Bën Gjestin E Madh,852,948
fake_54,54,1,fake,Ky Ilaq Shtëpiak Mund Të Shërojë Infeksionin Dhe Dyllin Në Vesh,1175,1239
fake_55,55,1,fake,"T Merrohet Babai, Sheh Gjarprin 2 Metra Pranë Vajzës",864,917
fake_56,56,1,fake,Del Parashikimi: Ja Kur Përfundon Pandemia E Koronavirusit,1316,1375
fake_57,57,1,fake,Soda Del Jasht “Loje” Ky Eshte Perberesi I Cili Do Te Sheroj Lukthin Tuaj Ne Vetem Pak Dite,938,1030
fake_58,58,1,fake,"U Përfol Për Lidhje Me Capital T Dhe Me Politikanin Nga Kosova, Zbulohet E Vërteta E Adrola Dushit",498,597
fake_59,59,1,fake,"Vaksina Kundër Koronavirusit, Gjermania Jep Lajmin E Mirë",400,458
fake_60,60,1,fake,"Po na përlot me rolin e saj! Flet Ejlyli, tregon të pathënat e jetës së saj: U bëra…",424,509
fake_61,61,1,fake,Sa Femra Te Dashura Ka Pasur Ermal Mamaqi Para Amit? Do Habiteni Me Përgjigjen,678,757
fake_62,62,1,fake,"E F.Yente Burrin Se Ishte Dështak, Ngel Me Gisht Në Gojë Kur Fiton 76 Milion Dollarë, Ja Cfare I Ben Burri",370,477
fake_63,63,1,fake,Fero Publikon Video Duke Bërë Dush Me Arbenitën,250,298
fake_64,64,1,fake,"Mbani Lotët! Vajza E Zbulon Pak Para Dasmës Që I Fejuari Ia Kishte Dredhur, Më Pas Ia Bën…",261,352
fake_65,65,1,fake,"Femra Me E Bukur! E Mbani Mend Didin E “Njerëz Dhe Fate”, Ku Është Sot Dhe Ç’është Bërë Me Të?",390,485
fake_66,66,1,fake,Gazetarja E Njohur Rrëfen Ëndrrën Me Edi Ramën Gjatë Karantinës: Më Ka… (Video),502,582
fake_67,67,1,fake,E FUNDIT:Pamje Eksluzive Nga Prishtina Sapo Ndodhi Nga Erërat E Forta Ka Edhe… (Video),260,347
fake_68,68,1,fake,"Ata Duheshin Shumë, Por Babai I Saj Nuk Ja Jepte Për Grua Edhe Pse Ajo Mbeti Shtatëzanë. Ajo Që Ndodhi 56 Vite Më Vonë Do T’ju Përlotë…",545,681
fake_69,69,1,fake,"Limaj “Befason“ Me Deklaratë Për Komandant Topin, U Largua Nga Nisma Sepse..",459,536
fake_70,70,1,fake,"BE Përshëndet Miratimin E ‘5 Qershorit’, Apeli I Sorecës: Mos Dëmtoni Frymën E Reformës Zgjedhore",531,629
fake_71,71,1,fake,"“T Ërmeti I Madh Do Ndryshojë Tokën, Kontinentet Do Ndahen Përgjysmë”, A Larmi I Shkencëtarit",584,678
fake_72,72,1,fake,"Media Gjermane: Merkel Është E Përfshirë Në Një Skandal, Ndihmoi Hashim Thaçin Me 2 Miliardë Euro?",576,675
fake_73,73,1,fake,"Shqiptari Erdhi Ta Vizitojë Nënën E Sëmurë, Ia Vodhën 100 Dele Në Stan",388,459
fake_74,74,1,fake,"Gezim I Madh Ne Familjen E Shkurte Fejzes, Ja Qfare Ndodhi ..",463,525
fake_75,75,1,fake,Supë Me Kos Që Të Lepini Gishtat Dhe Është Receta Për Smundjen E….,420,487
fake_76,76,1,fake,"‘Behluli, Xhani Apo Jamaç?’ Ja Kush Turk U Shpall Si Më I Bukuri, Si Thoni E Meriton?",638,724
fake_77,77,1,fake,Kush Është Kjo Gruaja Që Sot Protestoi Dhe Tha:Do Ta Tuboj Popullaten Nuk Ka Ndërtim Të Xhamisë,516,612
fake_78,78,1,fake,"Ups! Albërije Hadërgjonaj Habit: Unë S’vesh Asgjë Fare, Fle Oho Oho Me Dashuri…",606,686
fake_79,79,1,fake,"Plas Sh Erri Brenda Familjes Miliardere, Motra Urdhëron “Vr Ásjen” E Të Vëllait",591,671
fake_80,80,1,fake,Çfarë I Ka Ndodhur Rudina Magjistarit? Nuk E Keni Parë Asnjëherë Kështu,479,551
fake_81,81,1,fake,"Djali Sapo U Martua Largohet Në Emigrim, Por Nëna E Tij I Bën Nuses Të Pabërën (Video)",604,691
fake_82,82,1,fake,"Vjosa Osmani: Hoti Punoi Prapa Shpinës Sime, Kurrë Nuk Do Tia Fali Këtë Tradhti",501,581
fake_83,83,1,fake,"Na La Pa Fjalë Eduart Grishaj: Ja Vendi P.Errallor Ku Do E Bejme Dasmen Me Arbanen, Emri I Djalit Do Të Jetë",540,649
fake_84,84,1,fake,E Besoni Apo Jo? Ja Çka Thotë Hashim Thaçi Për Ndërtimin E Xhamisë Së Madhe!,444,521
fake_85,85,1,fake,LAJMI I FUNDIT – A Do Të Bëhet Ndihma Nga 100 Euro? Ja Detajet,857,920
fake_86,86,1,fake,"Flet Meda “Ja E Kam Pa Hajrin Ktij Populli, Me Shpi E Kerra”",432,493
fake_87,87,1,fake,"Shkoi Per Sherim Në Llixhat E Elbasanit Dhe Aty Gjen 1 “Thesar”, Diçka Kaq Pabes Ueshmërisht Të Çuditshme",469,575
fake_88,88,1,fake,"Dashnori Nuk Pyet Per Virusin, Mbledh VIP-At Shqiptare Dhe Po Pergatit Dicka Fa Ntastike",634,723
fake_89,89,1,fake,Na vjen keq Gjiko: Elita sapo zbuloi se Zëri është një kopje e saj dhe kjo foto do t’iu bindë,633,727
fake_90,90,1,fake,Kjo është maska që tërheqë fytyrën më mirë se botoksi…ja recepti,696,761
fake_91,91,1,fake,"Kurrë mos e pini ujin që rri gjatë natës, ja pse",835,884
fake_92,92,1,fake,"Habitet mjeku Shqiptar, s’do ta besoni çfarë nxori nga veshi i kësaj vajze",581,656
fake_93,93,1,fake,Pija magjike për aromë të këndshme të trupit,588,633
fake_94,94,1,fake,"U Hap Një Gropë E Madhe Në Fshatin Shqiptar, Banorët Surprizohen Nga Ajo Që Panë..!",644,728
fake_95,95,1,fake,"Dëgjonin Zhurma E Të Qara Nga Një Gropë E Thellë, Do Te I’u Ngrihet Gj’aku Se Çfarë Nxorën Prej Saj",503,603
fake_96,96,1,fake,"Nuk Do Ta Besoni….Vdekja E 16-Vjeçares Në Greqi, Misteri Që Mbulon Ngjarjen/ Ja Ku Po Hetohet",169,263
fake_97,97,1,fake,E Frikshme….Vendos Kamer Ne Dhomen E Gjumit T’merohet Nga Ajo Qe Shikon (Video),1018,1098
fake_98,98,1,fake,Çifti Mysliman Befasojnë Me Këtë Gjest Në Ditën E Dasmës Së Tyre!,454,520
fake_99,99,1,fake,"Dyshonte Se Burri E Tradhtonte, S’u Beson Syve Kur Sheh Ç’bën Ai Me 16-Vjeçaren",504,584
fake_100,100,1,fake,Bëhet Baba Në Moshën 92-Vjeçare Dhe Ai Deshiron Qe Ta…,361,416
fake_101,101,1,fake,"Nuk Është Parë As Dëgjuar Ndonjëherë, Nëna Lind Fëmijën Dhe Pas 2 Ditësh Merr Lajmin Që Nuk E Priste Kurrë",781,888
fake_102,102,1,fake,Shpella Që Po Tmerron Shqiptarët! Kush Futet Brenda Saj Kthehet Në …,505,574
fake_103,103,1,fake,"Melihatja: Sa Të Jem Gjall Un Ajo Xhami KURR Nuk Do Të Ndërtohet, More Shejtana!",543,624
fake_104,104,1,fake,Vajza E Tërnavës I Lutet Zotit T’ia Mundësojë Të Falet Në Xhaminë E Re Në Prishtinë (Video),391,483
fake_105,105,1,fake,Kadri Veseli: Nuk Ka Burrë Që Do Ta Ndal Ndërtimin E Xhamisë Në Prishtinë,501,575
fake_106,106,1,fake,"Sheh një fantazmë bebeje pranë fëmijës 2 vjeç teksa flinte, gruaja arrin të zbulojë misterin",491,584
fake_107,107,1,fake,Kjo Është Kafeneja E Shqiptarëve Në Gjermani Që Po I Çmend Serbët,533,599
fake_108,108,1,fake,"Mos E Bëni Këtë G Abim Me Orizin, Mund Të Bëheni Menjëherë Për Sp Ital",542,613
fake_109,109,1,fake,"Vjen Nje G Oditje E Rende Per Rexhep Selimin , Zbulohen Detajet…",544,609
fake_110,110,1,fake,"Është 53 vjeç, por Eli Fara po i “çmend” të gjithë me këtë foto: Duket si 23",268,345
fake_111,111,1,fake,"“Na çave tr*pin”/ E teproi me fjalët, Rita Lati i kthehet “keq” Rozës në mes të emisionit (Video)",527,625
fake_112,112,1,fake,"Ekskluzive: Shitet urgjent Golf 5, Çmimi 2600 Euro, pres blers serioz (Foto/Video)",502,585
fake_113,113,1,fake,"Vajza po Iuante në dhomën e saj, ndodh DlÇKA e p ashpjegueshme",593,656
fake_114,114,1,fake,"Mësojeni Urgjent Tani! Nuk Ka Shqiptar Që Nuk E Ka Qejf Dhe E Pi Dhallin, por a e dini se…",351,442
fake_115,115,1,fake,Kujdes pamjet/ Treni pë’rplas furishëm kamionin dhe e zhvendos 500 metra më tutje,473,555
fake_116,116,1,fake,"Para Me Thasë, SHTETl Ku Paraja Nuk Ka Asnjë VIerë",484,535
fake_117,117,1,fake,Fshatarja mbjell patate por kur i shkul nga toka e gjen belaja …,360,425
fake_118,118,1,fake,Ky është elementi që gjendet në lëvoret e shalqirit : Ja se cfarë sëm/undjesh kuron dhe mënyra se si ju duhet që ta,492,608
fake_119,119,1,fake,"Shoferin e autobusit e ze gjumi në timon, pasagjerët e filmojnë (VIDEO)",344,416
fake_120,120,1,fake,"Shprehja “Femijet i ruan Zoti” eshte e vertete,per me teper shikojeni vete (Video)",434,517
fake_121,121,1,fake,"Rasti i rralle qe emocjonoi gjithe boten,i biri pa duar ushqen nenen e paralizuar (Video)",546,636
fake_122,122,1,fake,"Pëllumbi i mer ushqimin, ajo që i bën vogëlushja 1 vjeçe do ju lërë pa fjalë",555,632
fake_123,123,1,fake,"Po bënte punime në shtëpi, komshiu tronditet ç’sheh dhe shkon me vrap në polici",572,652
fake_124,124,1,fake,"Flet Nga SHBA Mjeku Per Shqiperine: Vjeshta Do Jete E Tm.Errshme, Ja Çdo Të Ndodhë",448,531
fake_125,125,1,fake,"U Nda Nga Eros Grezda/ Oriola Marashi E Zevendeson Menjehere, Me Ke Po I Kalon Pushimet Bukuroshja",399,498
fake_126,126,1,fake,"3 Motrat I Kërkojnë Pasurinë, Prindërit Sh.Okohen, Por Përgjigja E Vëllait Do Ju Lërë Pa Fjalë",766,861
fake_127,127,1,fake,Don Xhoni Tregon Se Çfarë Ndodhi Me Profesoreshën Pas Shkollës (Video Eksluzive),321,402
fake_128,128,1,fake,Këngëtarja Shqiptare Hodhi B Ombën Në Dasmë: Jam E Vetmja Që Këtu Kam Dhe Burrin Dhe D Ashnorin,571,667
fake_129,129,1,fake,"Kapi Peshkun, Por Burri U Sho Kua Nga Ajo Se Çfarë I Gjeti Në Stomak",723,792
fake_130,130,1,fake,Dua Lipa I Reagon Këngëtares Serbe Pasi Tha Se “Kosova Dhe Metohija Është Serbi”,713,794
fake_131,131,1,fake,Edi Rama ka “dasht” me nda Kosovën (tonë). Ramush Haradinaj “pa dasht” e ka nda Çakorrin (Video),479,576
fake_132,132,1,fake,"Hekurudhat gjermane po kërkojnë punëtorë, paga deri në 50 mijë euro,ja si ta aplikoni",413,499
fake_133,133,1,fake,"Kërkohen njerëz për punë që vetëm flejnë, paga 17 mijë euro ja si te aplikoni",351,429
fake_134,134,1,fake,Tme Rrohet Babai: Sheh Fytyrën E Fëmijës Së Tij Në Larësen E Rrobave,569,638
fake_135,135,1,fake,"LAJM FANTASTIK: Nga 8 gushti Zvicra do ju ofroj punë me rrogë minimale 3200 Franga, mos e humbisni, ja detajet",517,628
fake_136,136,1,fake,Si të bëheni milioner për 2020-ën/ 6 tradita për të sjellë fatin e mirë për Vitin e Ri (FOTO),365,459
fake_137,137,1,fake,"Sheikët mbajnë frymën, e bija e Trump “pushton” Katarin (FOTO)",339,402
fake_138,138,1,fake,"Vd.es 2-vjeçari/Babai i harxhoi me pr.os.ti.tuta, dr.o.gë e a.lk.ool paratë e mbledhura për ku.ri.min e tij (FOTO)",528,643
fake_139,139,1,fake,Angela Merkel vjen me një lajm fantastik për gjithë shqiptarët,361,424
fake_140,140,1,fake,Ramush Haradinaj: “Nëse preken kufijtë e Kosovës” unë do të jem i pari…,624,696
fake_141,141,1,fake,E njihni këtë lule ? Pregatiteni në këtë mënyrë për të pastruar rrugët e frymëmarrjes dhe për më tepër,2033,2136
fake_142,142,1,fake,"Do habiteni me fjalët e Mërgimtarit nga Zvicra, ja çfarë thotë ai për pushimin Verës",1222,1307
fake_143,143,1,fake,"Në Arabin Saudite Lëshojnë Kamera Në Një Pus, Shikoni Çka Gjendet Në Të | VIDEO",310,390
fake_144,144,1,fake,Shikoni çfarë vozitje ekstreme i bën veturës 60-vjeçarja shqiptare,648,715
fake_145,145,1,fake,"“Nuk Shkoj Në Shkollë Se Nuk Kam Bukë, Më Vjen Turp”, Rrëfimi Rrëqethës I Jetimit 10 -Vjeçar",419,512
fake_146,146,1,fake,Ky Është Plaku Shqiptar Që E Kishte … Cecen,538,582
fake_147,147,1,fake,Lajm I Mirë Vjen Nga Kroacia Për Gjithë Mërgimtarët Që Do Të Vijnë Në Kosovë,790,867
fake_148,148,1,fake,Gjyla Çeliku Ofendon Nënat Shqiptare Me Shami,434,480
fake_149,149,1,fake,"I Ínfektuari Me Coronavirus, Del E Shëtitet Nëpër Skënderaj",500,560
fake_150,150,1,fake,"Ia Çanë Barkun Balenës, Por Ajo Që Gjetën Brenda I Sh Okoi Të Gjithë",465,534
fake_151,151,1,fake,Nëse Shihni Formë Katrore Të Formuar Në Sipërfaqen E Ujit Largohuni Dhe Paralajmëroni Të Tjerët Menjëherë,497,603
fake_152,152,1,fake,"Kaluan M Omente Të Vështira, Zbulohet Çfarë Po Ndodh Tani Me Çiftin Elvana Gjata Dhe Ervin Mata",464,560
fake_153,153,1,fake,Qe Viti 1997 Kur Ata Burra Më Hynë Në Shtëpi. Më Mb Èrth.Yèn Mua Dhe Mamin Më Pas…,459,542
fake_154,154,1,fake,"Astriti skuq nga t urpi Eni Çobanin: Unë të pres vetëm ty! Avokatja: Të lutem, ti po më pret për …(Video)",431,537
fake_155,155,1,fake,"Familja e det.yroi të marre per nuse gruan e vëllait të vd.ekur, 15-vjeçari vetëv.ritet ditën e dasmës (foto)",441,551
fake_156,156,1,fake,"Flet nga SHBA mjeku per Shqiperine: Vjeshta do jete e tm.errshme, ja çdo të ndodhë",509,592
fake_157,157,1,fake,"C.mendet striptistja shqiptare, nxjerr në ankand vajzën që shet vi.rgjërinë. Shumën nuk do ta b.esoni",437,539
fake_158,158,1,fake,"U nda nga Eros Grezda/ Oriola Marashi e zevendeson menjehere, me ke po i kalon pushimet bukuroshja (Foto)",571,677
fake_159,159,1,fake,"3 Motrat i kërkojnë pasurinë, prindërit sh.okohen, por përgjigja e vëllait do ju lërë pa fjalë",491,586
fake_160,160,1,fake,"Nuk kanë te ndalur tërmetet në vend, Lekundja te forta ne Tirane, ja magnituda",365,444
fake_161,161,1,fake,M.iliarderi Dan Bilzerian vjen ne Durres! Jahti plot me vajza te H.aremit p.ushton Shqiperine,407,501
fake_162,162,1,fake,Përse nuk duhet të kaloni natën pranë varrezave…(Foto),331,386
fake_163,163,1,fake,"E fundit! Shtrohet ne spital nga koronavirusi biznesmeni dhe deputeti i PS-së,",471,550
fake_164,164,1,fake,Vetëm 11 Ditësh Dhe Me Dhëmbë? ‘Zbulohet’ E Vërteta E Videos Që Po ‘Çmend’ Rrjetin (Video),311,402
fake_165,165,1,fake,"Nuk Pranoi Të Bënte S*Ks Me Të, Shefi I Kthen Jetën Në Ferr Ish-Punonjëses Por E Pëson Keq. 25-Vjeçarja Merr…",361,471
fake_166,166,1,fake,"Cudira Shqiptare/ Parukierja Punëson Vajzën E Re, Ajo I Rrëmben Burrin Për…",332,408
fake_167,167,1,fake,Dan Bilzerian Në Shqipëri? Mega-Jahti I Miliarderit Filmohet Në Durrës,625,696
fake_168,168,1,fake,Harbon Motra E Encës / Prek Mashkullin Te Vendi I…M Në Ashensor Me Vi The: Prapa…,305,387
fake_169,169,1,fake,Përse Nuk Duhet Të Kaloni Natën Pranë Varrezave…,430,479
fake_170,170,1,fake,"Apeli I Nënës: Kujdes, Kjo Lule Që Mbаni Në Shtëpi Është Vde, Kjeprurëse",627,700
fake_171,171,1,fake,"“E Kam Motrën Pr.Ostitutë Në Holandë, Ndaj Kam Bërë Lekë”, Armand Peza ‘Sh.Okon’ Me Deklaratën Në Top Channel (Video)",659,777
fake_172,172,1,fake,"I Ka Javët E Fundit N’kte Bote,Pamjet E Rocky Me Kan Cer Që Per Loten Gjithë Boten",538,621
fake_173,173,1,fake,"Me Ne Fund Pergjigjet Adelina Tahiri Tregon Pse E Morri Burrin 50 Vjeçarë, Befason Me Përgjigjjen",443,541
fake_174,174,1,fake,"E FUNDIT:Publikohen Pamjet EKSLUZIVE Endrit Thaçi, Djali I Presidenti Blen Veturë 35 Mijë Euro Populli Ska Buk Me Honger",374,495
fake_175,175,1,fake,Hudhra Me Vaj Ulliri Zgjidhin Pothuajse 100% Te Gjitha Pro/Blemet E Degjimit : Ja Se Si,418,506
fake_176,176,1,fake,"TURP!! 3 mijë euro për një nuse, si i shiten vajzat Shqiptarëve burrave Serbë",535,613
fake_177,177,1,fake,Kujdes! Ja Si “Fal’sifikohet” Mercedes-Benz Në Ukrainë (Foto),430,492
fake_178,178,1,fake,"Pasi mori lajmin e dhimshëm, Shkurte Gashi gati rrëzohet nga skena…",440,508
fake_179,179,1,fake,"E pa besushme: Çiljeta apel shqiptarëve: Faleni namazin e sabahut, o njerëz!",500,577
fake_180,180,1,fake,Mihrije Braha shperthen ne lot kur kupton se Naim Abazi ka djale me tjeter grua,409,489
fake_181,181,1,fake,Milaim Zeka ia shpreh direkt Duda Baljes: Vetëm ti je…,488,543
fake_182,182,1,fake,Vendos Hudhra Nën Jastëkun Tënd Dhe Shiko Se Sa Përfitime Do Të Kesh,569,638
fake_183,183,1,fake,"Nuk mund ta besoni se çka e ka Robert Berisha kryeministrin në dorëheqje, Ramush Haradinaj",482,573
fake_184,184,1,fake,Lajmëruan Pol icinë Sepse Dëgjuan Disa Klithma Qe Vinin Prej Drurit. Nuk Do Ta Besoni Cfarë Gjetën!,502,602
fake_185,185,1,fake,"Studentet Me Qera Blejnë Një Divan Për 20 Euro, Por Brenda Tij Fshihej Një Sekret I Pabesueshem",1228,1324
fake_186,186,1,fake,"LAJMI I FUNDIT: Gjërat ”rrotulluan” krejtësisht, prishet ”loja” LDK-VV – Kush e bëri këtë?",385,476
fake_187,187,1,fake,"VIDEO / Befason Shqiptari, i hapet valixhja në Aeroport dhe i “Fluturojnë” mijëra euro/ ja se kush ishte..",508,615
fake_188,188,1,fake,"Kosovarja Marttohet Me Xhamajkanin, Ajo Thote Se Ndjehem Shume Ma E Lumtur Veq Mos Me Pas Pune Me Shqiptarë! (VIDEO)",404,521
fake_189,189,1,fake,Super lajm nga Zvicra – Shqiptarja lind gjashtënjakë por do te Çmendeni se Çfarë i ofroj shteti,513,609
fake_190,190,1,fake,"Shes veturën për 6 mijë euro, çka pom duhet kur nuk kam shtëpij!",482,547
fake_191,191,1,fake,Shëroni Dhëmbët E Prishur Me Këtë Metodë Në Kushte Shtëpiake,420,481
fake_192,192,1,fake,"‘Doktori’ që shëron kan cerin i tregon çfarë ka, Arian Çani i shqetësuar nxjerr këmbën e inf ektuar në emision",336,447
fake_193,193,1,fake,"Abazi:Mbulesa nuk o e jonja nuk jemi Arab,duhet me ec ka Amerika si Mihrija jeme loqka… (Video)",441,537
fake_194,194,1,fake,Osmani i qon Selam Serbisë mbahuni se sjemi si ata që ishin para neve do t’ju…,628,707
fake_195,195,1,fake,Shitet Iphone X cmimi vetem 200 euro nxito sasi e limituar,324,383
fake_196,196,1,fake,"Vajza Merr Vëmendjen Në Dasmë Kur Fillon Ti Dridhhe, Të Ftuarit Harrojnë Çiftin",455,535
fake_197,197,1,fake,"Ka 3 adresa Facebook-u per tu shkruar te dashurave, gruaja i nxjerr ‘bojën’ burrit! Por Ardit Gjebrea i ben ate qe nuk e priste",417,545
fake_198,198,1,fake,"Si reagoi Bjordi i Big Brother i perlotur pas vd ekjes së Adelës: Kam ndikuar shumë te jeta e saj, unë e…(foto)",371,483
fake_199,199,1,fake,"Pamje Eksluzive:Nuk Është As Loredana E As Kida, Mozzik I Thotë “Të Dua” Personit Më Të Rëndësishëm Që Ka",454,560
fake_200,200,1,fake,"Vr.au bashkëshortin/ Fjalimi historik para gjykatës, mbrojta nderin tim, donte të më pros.tituonte",736,835
fake_201,201,1,fake,"Pak ditë pas martesës, nuk do ta besoni sa shumë është shëndoshur nusja e Goldit",476,557
fake_202,202,1,fake,"Shkëmbimi I Territoreve, A Nalisti: Serbia Planifikonte Sa Më Shumë Territor Kosove, Për Një Pjesë Të Vogël Nga Lugina",640,759
fake_203,203,1,fake,"Rama, Dalje U Rgjente Në Orën 13.00/ Do Shpallë L Uftën Kundër Gjermanisë?!",676,752
fake_204,204,1,fake,"Është Vetëm 8-Muajshe, Por Ka Diçka Të Veçantë Që Askush Nuk E Beson Se Është Ajo",457,539
fake_205,205,1,fake,"Nuk E Pranuan Hashim Thaҫin Në Shtëpi, Vjen Reagimi I Bekim Jasharit",537,606
fake_206,206,1,fake,Vajza 2-Vjeçare Ndërron Jetë Pasi Kafshohet Nga Rriqra,517,572
fake_207,207,1,fake,Befason Vuçiq: Ja Çka I Thash Hotit Në Takim Për Kosovën,459,516
fake_208,208,1,fake,Shqiptari Nga Shkupi I Cmend Spanjollet Ne Ndeshjen Kundr Celta Vigos,469,539
fake_209,209,1,fake,Lajm I Ri Nga Greqia Per Shqiperine,388,424
fake_210,210,1,fake,"17-vjeçarja habit grekët me talentin e saj, i lë pa fjalë: Unë jam shqiptare",466,543
fake_211,211,1,fake,Kos apo qumësht? Ky është ideali për mëngjes dhe do jeni me energji gjithë ditën,350,431
fake_212,212,1,fake,"Babai i saj trim u nda nga jeta 22 vite më parë, këngëtarja shqiptare të prek në shpirt me fjalët",529,627
fake_213,213,1,fake,"Mjellma ng.ordh nga “ze mra e th.yèr”, adoIeshentët i th.yen vezèt e saj me tuIIa",645,727
fake_214,214,1,fake,"Ngjarje m.ister: Kush ia pr.eu gishtin në Tepelenë Fatos Nano, u dha fshatarëve 50 mijë dollarë për ta gjetur",393,503
fake_215,215,1,fake,As Elvana e as Arilen! Ja kush eshte Miss Shqiperia qe i ka marre zemren Flori Mumajesit (Foto),374,470
fake_216,216,1,fake,U dashurua me policin 10 vite më të madh? Dalin d.etajet e renda nga vr asja e shqiptares në Greqi,475,574
fake_217,217,1,fake,"Si sot 31 vite më parë, Eli Fara tregon si ishte në lule të rinisë, bukuria e saj c mendi politikanet (Foto)",559,668
fake_218,218,1,fake,Festa l.uksoze ne Jalë! Miku i ngushte i zbulon te dashuren s.eksi Flori Mumajesit: Kush eshte Flutura?,510,614
fake_219,219,1,fake,"VIDEO EKSLUZIVE:Kevina Kthella Ngre Temperaturat, Shëtit Me Mbathje Në Rrugë Pa Komplekse Dhe Cmend Te Rinjte Dhe Pleqtë",397,518
fake_220,220,1,fake,VIDEO EKSLUZIVE:Këto Janë 10 Femrat Me Gjo Ksin Më At Raktiv Në Skenën Shqiptare,450,531
fake_221,221,1,fake,Shikojeni me çfarë deklarate vjen tani Naim Abazi për Mihrijën! (PAMJE),391,463
fake_222,222,1,fake,Ja si e shpon magjistari trupin e ksaj gruaje dhe ajo kërkon ndihmen e mjekut dhe…(Video),169,259
fake_223,223,1,fake,"Video Exluzive :“Vjedhje Si Në Filma”: Hajdutët Shtirën Si Postierë, Futen Në Shtëpi Dhe Lidhin Anëtarët E Familjes Dhe..",352,474
fake_224,224,1,fake,Ndodhet në bahçen tuaj : Ky është ushqimi i cili mbron trurin tuaj nga plakja dhe nga humbja e,1521,1616
fake_225,225,1,fake,"E Prezantoi Pak Kohë Më Parë, Mbesa E Biznesmenit G.Ay Çme.Nd Instagramin, Tregon Tatuazhin Në Pjesën Int.Ime",510,620
fake_226,226,1,fake,"24-Vjeçari Rrëfehet Publikisht: Bëj Se.Ks Me Mamin E ***, Uhh Ishte E Mahnitshme, E Hipi Në Banak Dhe E***",440,547
fake_227,227,1,fake,"Studentja Bie Në Dashuri Më 58-Vjeçarin, “Ishte Me Shikim Të Parë” (Video)",464,539
fake_228,228,1,fake,“Vajza Na Pa Në Mes Të Marredhenies Int Ime. Rrëfimi I Kësaj Mamaje Na Sho.Koi: Babi Po Të…Unë E Di Që,395,498
fake_229,229,1,fake,"Pamje Eksluzive:Gjesti Human I Vogëlushes Shqiptare Pushton Rrjetin,Kjo Video Do T’jua Ndryshojë Ditën..",446,551
fake_230,230,1,fake,"Dasmë në shtetrrethim! Nusen e morën për 60′, çifti nga Tirana rrëfejnë pengun e martesës në kohën e COVID-19: Postblloku na repektoi me nderim ushtrie",985,1137
fake_231,231,1,fake,"Bebes së lindur gjatë koronavirusit, prindërit ia lënë emrin Dezinfektues Bebes së lindur gjatë koronavirusit, prindërit ia lënë emrin Dezinfektues",776,924
fake_232,232,1,fake,"Koronavirusi/ “Kjo situatë mund të zgjasë deri në 3 vjet”, kryeministri Rama “befason” që të gjithë",681,781
fake_233,233,1,fake,"Nuk takon dot fëmijët e saj, mjekja shqiptare përlot me dedikimin për ta",662,735
fake_234,234,1,fake,"Anulohen dasmat e muajit gusht, ja çfarë do ndodhë me dasmat !?",855,919
fake_235,235,1,fake,"“Të shkretët”, ky çift ka ngecur në Maldive dhe ka një ishull për vete (Video)",773,852
fake_236,236,1,fake,"Nuk ka me rrudha, me keto 2 perberes kaq te thjeshte do te dukeni me te rinj me te pakten 10 vite",811,909
fake_237,237,1,fake,"Pellumb Pipero Jep Lajmin: Në Fund Të Javës Fillon Rënia E Koronavirusit, Ja Kur Mbyllet (Video)",489,586
fake_238,238,1,fake,"Dëgjonte zhurma në tavan, por aty sipër gjen një “thesar” të vërtetë (FOTO)",367,443
fake_239,239,1,fake,"Shpulla, shkelma e gj ak/ Karantina tër bon motrat Kardashian, plas keq grushti (Video që po çmendin rrjetin)",448,558
fake_240,240,1,fake,E kush nuk e njeh kete lule? Ajo sheron sem undje qe ju as qe i coni neper mend,392,472
fake_241,241,1,fake,"Keni probleme me kollën dhe frymëmarrjen? Ja kurat natyrale, i përgatisni në shtëpi",878,962
fake_242,242,1,fake,Ju nevojitet vetëm 1 gotë me qumësht dhe disa kokrra hurma : Do të na falenderoni që e ndamë me ju këtë sekret,599,710
fake_243,243,1,fake,"E rrallë, gruaja ngel shtatzënë dy herë brenda një muaji",598,655
fake_244,244,1,fake,"2 mijë vjet na e kanë mbajtur të fshehtë, del receta e ilaçit që po i “tërbon” mjekët",476,562
fake_245,245,1,fake,Shumë Më Luksoze Sesa Duket Në Shikim Të Parë: Kjo Shtëpizë Të Lë Pa Fjalë!,671,747
fake_246,246,1,fake,"Maska e dorashka të hedhura nëpër rrugë, ja çfarë po ndodh në rrugët e Tiranës (Video)",644,731
fake_247,247,1,fake,"A e dini si quhet ? Bima ne fjaIe ju rigjeneron trurin, uI koIesterolin, dobite e saj jane te pafundme.",592,696
fake_248,248,1,fake,"Këngëtarja Shqiptare Merr Masa Për Pastërti, Fut Nën Ujë Edhe Celularin!",430,503
fake_249,249,1,fake,35 MIJË SHQIPTARË NGA DIASPORA PO VIJNË QË TË VOTOJNË NDRYSHIMIN – B.D.I NË PANIKË!,523,607
fake_250,250,1,fake,"Përgatituni, nga nesër nuk do ketë më…mësohet lajmi se do mbyllet sërish…",578,652
fake_251,251,1,fake,"Kurrë mos e pini ujin që rri gjatë natës, ja pse",405,454
fake_252,252,1,fake,Nxirrni jargë teksa flini ? Kjo shenjë tregon që ju vuani nga një sëm undje e cila prek…(VIDEO),952,1048
fake_253,253,1,fake,Lulja që e mbajmë në shtëpi shëron pothuajse të gjitha sëmundjet e mushkërive…,563,642
fake_254,254,1,fake,"Ngjarje T Ragjike/ Nusja Vd Es Në Ditën E Saj Të Dasmës, Dalin Dyshimet E R Ënda",430,511
fake_255,255,1,fake,KUJDES: Këtë Vendim Të Policisë Së Kosovës Duhet Ta Dini Të Gjithë!,599,667
fake_256,256,1,fake,Çfarë Ndodh Kur Bie Në Dashuri Me Një Grua Të Fortë Dhe Të Pavarur,748,815
fake_257,257,1,fake,Nga Ilaçet Te Recetat Në Shtëpi: Si Mund Të Trajtohet Humbja E Nuhatjes,500,572
fake_258,258,1,fake,"14-Vjeçarja U Gjet E Vd Ekur Në Gjumë, Dhe Nëna E Saj Gjeti Diçka Që Të Gjithë, E Mbajmë Shpesh Në Shtrat",452,558
fake_259,259,1,fake,"‘Mbreti’ I Verës, Përfitimet E Jashtëzakonshme Shëndetësore Të Pjeprit",683,754
fake_260,260,1,fake,"Kjo Grua Çme Ndi Mjekët! “Si Hoqa Atë Bark, Ja Sa Thjeshtë…”, Tani Ajo Po E Ndan Me Ju, E Keni Gati!",599,700
fake_261,261,1,fake,"Gjeti një strehë të fshehtë në shtëpinë e tij, u shok.ua çfarë pa aty!",415,486
fake_262,262,1,fake,Do u rrëqethet mishi nga kjo histori! Kjo shqiptare u martua në moshën 15-vjeçare e humbi 7 fëmijë: Jam..,505,611
fake_263,263,1,fake,"S’mbajti dietë, kjo vajzë ra drastikisht nga pesha duke ndryshuar 5 zakone të përditshme",448,537
fake_264,264,1,fake,Mjaft u lodhët duke provuar lloj lloj lëngjesh pa vlerë : Kjo recetë me hudhra është e vetmja që shfryn barkun,457,568
fake_265,265,1,fake,"E ndoqi të dashurën e tij me kamerë, çfarë kapi më pas do t’ju lërë pa fjalë",459,536
fake_266,266,1,fake,"Lë MAKlNËN ndezur që të ngrohej, “truIIoset” nga ajo që sheh në kamerat e SlGURlSË",419,502
fake_267,267,1,fake,NJlHUNl me artistin korean që po “truIIos” botën me veprat e tij,437,502
fake_268,268,1,fake,75 euro – Çmimi “për toke” i veturave në Serbi,427,474
fake_269,269,1,fake,"Bashkëmoshatarët e tallnin për shkak të dhëmbëve duke e quajtur “djaloshi lepur”, mirëpo me pas… (Foto/Video)",424,534
fake_270,270,1,fake,"“Kur e ke c*cën pa nxirë…” u tall me foton e saj, Alba Hoxha i kthehet moderatorit: Karamelja mbahet në gojë!",387,497
fake_271,271,1,fake,"VIDEO:‘Noizy E Liroi Nga B Urgu, E Takonte Në Fushë Krujë’/ Klodiana Lala Zbulon Cfare Ndodhi Ne Va Rrimin E Hekuran Billës: Morën Pjesë Edhe Emra Të Botës Së K Rimit",313,480
fake_272,272,1,fake,"VIDEO:I Mori Te Dashurin, Këngëtarja Shp Ërthen Sërish Kundër Taynas, I Thote Ate Qe Nuk Pritej",280,376
fake_273,273,1,fake,"Si Këngëtarja Adele Humbi 45 Kg Me Këtë Dietë! Uaaa Ku Paska Qenë Sèkrèti, Vetëm Për Kaq Ditë..!!",2991,3089
fake_274,274,1,fake,"Mjeku popullor: “Dobësohu 5 kg për kaq ditë…” Dieta dhe kjo gjë që nuk e dinit, por që mund t’ju heqë dh.jamin shpejt!",774,893
fake_275,275,1,fake,"Meson Se I Dashuri Ishte I Martuar, Vajza Në Tiranë E Le Me Gisht Ne Goje Me Veprimin E Saj (Video)",528,628
fake_276,276,1,fake,"Pasanikët Po Ikin Nga Coronavirusi, Po Futen Nën Tokë – Apartamenti Më I Lirë Në Bunker Kushton Një Milion Dollarë",493,608
fake_277,277,1,fake,E Pabesueshme… Fshati Ishte Pranë Ujit Dhe Doli Krijesa Qe I T’merroi Te Gjithë… VIDEO,419,506
fake_278,278,1,fake,"E Gjen Dhuratën E ‘Ëndrrave’ Mbi Tavolinë, Nusja E Goldit Bën Reagimin E Papritur",425,507
fake_279,279,1,fake,"Dëshmia Rrëqe Thëse E Vajzës Ado Leshente: Ja Si Më Abu Zonin Se Ksualisht 4 Djem, Më Jepnin Kok Ainë Dhe…",634,741
fake_280,280,1,fake,"Me Këtë Metodë, Hajnat Po E Vjedhin Makinën Për 30 Sekonda, Pa Pasur Nevojë Për Çelës",451,537
fake_281,281,1,fake,"Gruaja Me L.Ot Në Sy I Lutet Burrit Që Q.An Tek Ardit Gjebrea: Nuk Të Kam Tr.Adhtuar, Por Ndodhi Ajo Qe",435,539
fake_282,282,1,fake,“Jam e tro.nditur…”. Eni Çobanit indodh e papritura: Ti duhet të dish dhe ha.llin tim,418,504
fake_283,283,1,fake,"Kush ka përparësi në këtë udhëkryq, në këtë test bien edhe shoferët më të mirë",509,588
fake_284,284,1,fake,"Gjyshja Më Tha: “Nëse Të Fishkëllejnë Veshët, Ja Ç’do Të Thotë”, Duhet Me Vrap Të Flisni Me Mjekun!",498,598
fake_285,285,1,fake,Elita befasohet me mengjes nga Gjiko me buqetë lulesh: E dua kur më bën befasi pa ndonjë arsye,541,636
fake_286,286,1,fake,Video eksluzive ‘Genta e çon të dashurin miliarder në shtëpi te prindërit e saj por aty…’,435,525
fake_287,287,1,fake,"A keni ndonje telefon te vjeter NOKIA, Kompania kërkon tia riktheni, ja sa ju shpërblen",552,640
fake_288,288,1,fake,URIME! Lajm Fantastik për gjithë Mërgimtarët,452,497
fake_289,289,1,fake,"LAJMI FUNDIT: Kosova po ndahet, Publikohet videoja e dokumenti i ndarjes",918,991
fake_290,290,1,fake,EPABESUESHME : Dy djem gropojnë një vend por shikoni cfar nxjerrin ..,321,391
fake_291,291,1,fake,"Duhet Ta Gatuani Me Patjetër! Shalqin I Pjekur, Receta Speciale Që Duhet Të Provoni Këtë Verë",538,632
fake_292,292,1,fake,Ja Çfarë Duhet Të Bësh Nëse Dëshiron Që 70 Mijë Engjëj Të Luten Për Ty,308,379
fake_293,293,1,fake,"Falë Këtij Testi Psikologjik, Do Zbulosh Gjithçka Nuk Dije Për Veten/ Nga Cila Derë Ke Frikë Të Hysh?",710,812
fake_294,294,1,fake,Këtë Nuk E Priste Askush Në Keto Momente Vali Corleone Na Prezanton Me Të Dashurën Ajo… (Video),712,808
fake_295,295,1,fake,"Vajza poston foton e të atit duke qëndruar jashtë dhomës ku rri gruaja e tij, arsyeja e bën atë të qajë!",635,740
fake_296,296,1,fake,"Ben sh err me burrin për të fshehur dashnorin, por më pas i ndodh gjëma",558,630
fake_297,297,1,fake,"‘Si të dal kështu te moti?’, Alba Hoxha zbulon vesin e saj më të keq",520,589
fake_298,298,1,fake,"Shkoi për pushime në Shëngjin, Ja çka i ndodhi 34 vjeçarit nga Kosova",281,351
fake_299,299,1,fake,Lista Serbe për Vjosa Osmanin: Ti moj Vjosa na ndoqe në korridor për t’i dhënë votat për kryetare të Kuvendit,798,908
fake_300,300,1,fake,"Analisti nga Amerika: Jo 200 mijë, por 20 mijë të ínfektuar me Covid-19 në Kosovë",474,556
fake_301,301,1,fake,"“Dieta Me Oriz”! Minus 10 Kg, Dobësimi Që Nuk Rimerr Kilet As Pas 6 Vitesh",501,576
fake_302,302,1,fake,"Pas ndarjes me Norën, Roberti bën deklaratën tr.onditëse për Tunën dhe Patrisin: S’kam unë",459,550
fake_303,303,1,fake,"E-Pabesueshme,Vëllai I’para,Lizuar-Çohet E Vallëzon Në Dasmën E Motrës..",620,693
fake_304,304,1,fake,Trumpi I Drejtohet Popullit Amerikan: Ju Njoftoj Se Nga Ky Moment Ne Do Të…,393,469
fake_305,305,1,fake,"Ske na Të Nxehta Në Top Channel, Edona Llalloshi ‘Pendohet’ Që Shkoj Aty, Reagimi I Saj Flet Shumë",437,536
fake_306,306,1,fake,"Albin Kurti e jep lajmin e madh: Më në fund gjithçka përfundoj, URIME KOSOVË",445,522
fake_307,307,1,fake,"“Bombardohet” Mihrihe Braha, takon për herë të parë “djalin jashtëmartesor” të Naim Abazit pas 19 viteve (VIDEO)",368,481
fake_308,308,1,fake,"Juria U Tall Dhe Dyshonte Shumë Në Talentin E Saj, Nuk E Dinin Se Ajo Do Ta Ngritë Publikun Në Këmbë!(Video)",473,582
fake_309,309,1,fake,"Shikoni Se Si Hidhet Qeni Poshte Ures Per Kete Kete Arsyje, Nuk Do Ta Besoni… VIDEO",196,280
fake_310,310,1,fake,Ndodh mrekullia! I paralizuari arrin të ecë pas shumë viteve,843,904
fake_311,311,1,fake,"Gjen ariun duke fjetur gjumë në dollapin e tij, polici habitet nga reagimi i tij (Foto)",1078,1166
fake_312,312,1,fake,Shikoni Çfarë Vozitje Ek streme I Bën Veturës 60-Vjeçarja Shqiptare,314,382
fake_313,313,1,fake,"Video Eksluzive:E Kishte Mbajtur Për 35 Vite Ne Fytyrë, Duke Menduar Se Ka Lindur Me Të, Por Ja Çfarë Hoqi Kur Vizitoj Doktorin",425,553
fake_314,314,1,fake,Ju Kujtohet Adnani Që Pinte 70 Çaja Në Ditë? Ja Cka I Ka Ndodhur Atji …,360,432
fake_315,315,1,fake,"Mban Kafaz Në Kokë! Çelësin E Ka Vetëm Gruaja, Arsyeja Do T’ju Befasojë",666,738
fake_316,316,1,fake,"Çmendet Doganieri Gjerman I Hap Çantën Shqiptarit, Tronditet Nga Ajo Që I Gjen Brenda (VIDEO)",558,652
fake_317,317,1,fake,"Dyshonin Se Ishte Shta’tzënë, Mjekët Bëjnë Zbu’limin E Tmer.Rshëm",400,466
fake_318,318,1,fake,"A Mund Ta Besoni Reagimin, Degjon Kur’an Per Here Te Pare Dhe…..",286,351
fake_319,319,1,fake,"Video Eksluzive:Pa Pikën E Problemit, Adiola Lakra Ia Fut Të Qeshurës Në Gjykatë, Futi Në Kurth Hekuran Billën",516,627
fake_320,320,1,fake,Historia Që Të Prek Shpirtin Me Video! Nusja I Kërkoi Te Largonte Nenen E Tij Nga Podiumi…..Ja Cberi Djali,522,629
fake_321,321,1,fake,"BE i mbyll kufijtë Shqipërisë, por BEFASIA më e madhe vjen nga Italia. Së fundmi…",449,531
fake_322,322,1,fake,I jepet lamtumira Dafina Kamberit: Pamje qe ta këpusin shpirtin nga varrimi,442,518
fake_323,323,1,fake,"Kjo Vajzë Cdo Ditë E Puthte Këtë Të Pastrehë, Por Cfarë Bëri Plaku Për Të, Do Mbeteni Pa Fjalë",1879,1974
fake_324,324,1,fake,"Fuqia e ZOTIT, Kësi Term.eti nuk keni parë KURRË, Do Mbeteni Pa Fjale… (VIDEO)",214,293
fake_325,325,1,fake,Edi Rama ka “dasht” me nda Kosovën (tonë). Ramush Haradinaj “pa dasht” e ka nda Çakorrin (Video),329,426
fake_326,326,1,fake,"Thaçi ‘dridhë’ Serbinë dhe Vuçiqin: Nëse e futni ushtrinë në Kosovë, asnjë ushtarë i juaji nuk do të kthehet i gj allë në Serbi",382,510
fake_327,327,1,fake,"Dëgjoi Disa Zhurma Brenda,Kur Hap Kapakun Shoferi Gjen Diçka Të Fri’kshme",533,607
fake_328,328,1,fake,Oo Zot: Burri I Dafinës Të Bën Me Lot Në Sy Me Këto Fjalë Pasi I Ndrroj Jete Bashkëshortja Në…!,524,620
fake_329,329,1,fake,"Gruaja U Nda Nga Jeta Papritur! Pas 1 Jave, Ai Ç.Mendet Nga Ajo Që Gjeti Në Telefon E Saj, “Ia Kishte Fshehur…”",324,436
fake_330,330,1,fake,"“Mami, Harrova Të Të Jap Diçka…”, I Tha Vajza… E Ëma Nuk Ia Pranoi Dhuratën, Por S’e Priti Dot Mëngjesin E Nesërm!",584,699
fake_331,331,1,fake,Linda Morina: Kam Pare Me Shku Në Deti Po Skam Pare Mu Kthy…,385,446
fake_332,332,1,fake,LAJMI I FUNDIT: Infektohet Me CO -19 Këngëtari I Njohur Kosovar!,406,471
fake_333,333,1,fake,"‘Kështu Jemi Mësuar’, Lori Hoxha Tregon Zakonin E Familjes Së Saj Që Nuk I Duket Aspak Gjë E Mirë",763,861
fake_334,334,1,fake,"Dobia që i sjell organizmit, per të gjithë ju që keni konsumuar deri më sot djathë në mengjes",3073,3167
fake_335,335,1,fake,"Historia e Vajzës, e cila u martua në moshën 15-vjeçare dhe humbi 7 fëmijë për shkak…",856,942
fake_336,336,1,fake,"Video eksluzive:Rama krenohej me të, kush është biznesmenia e árrestuar në Këlcyrë",435,518
fake_337,337,1,fake,"VIDEO:‘Noizy e liroi nga b urgu, e takonte në Fushë Krujë’/ Klodiana Lala zbulon cfare ndodhi ne va rrimin e Hekuran Billës: Morën pjesë edhe emra të botës së k rimit",479,646
fake_338,338,1,fake,"Video Exluzive :Humbi jetën për t’i dhënë jetë foshnjes, mesazhi i mjekut “trondit” rrjetin dhe gjithashtu beri…",409,522
fake_339,339,1,fake,Sekreti I Gurit Gjigand Qe Qendron Ne Ajer ! (VIDEO) EMOCIONUESE,505,570
fake_340,340,1,fake,Shikojeni se çka bëri ky djalosh për Thaçin e Veselin në veturën e tij do befasoheni!,832,918
fake_341,341,1,fake,Babain desh e lë mendja kur sheh “Djalin” në Lavatriçe(VIDEO),550,612
fake_342,342,1,fake,Mirëpritet ideja për zonën Shenzen mes Kosovës dhe Serbisë,802,861
fake_343,343,1,fake,"Naim Abazi: Punë ka sa të duash, po rinia po kanë qef me nejt në kafe, me prit prej babës hala!",387,483
fake_344,344,1,fake,"Prezantuesja hap këmbët, ja si habitet Robert Berisha",459,513
fake_345,345,1,fake,"I Tregoi Të Dashurës Se Jetonte Në Rrugë, Reagimi I Vajzës Do Ju Lërë Pa Fjalë…",352,432
fake_346,346,1,fake,"Nëse je shofer në këtë situatë interesante,në cilin drejtim ka të drejtë lëvizje vetura blu?",365,458
fake_347,347,1,fake,"Pijeni kete per 14 dite rresht, pasi garanton heqjen e plot 9 kg : Kostoja e saj eshte pothuajse 0",1579,1678
fake_348,348,1,fake,VIDEO EKSLUZIVE:U Ndane Sepse Noizy E Q*** Dhe E La. Enca Kerkon Te Rikthehet Serisht Ne Krahet E Noizyt.,296,402
fake_349,349,1,fake,VIDEO EKSLUZIVE:Si I ‘Rropi’ Nga Lekët Tre Burra Të Martuar Roza Lati Pasi Rriti Masën E Gjok***,438,535
fake_350,350,1,fake,VIDEO EKSLUZIVE:A E Dini Çfarë Kanë Të Përbashkët Isa Mustafa Dhe Naim Abazi?,361,439
fake_351,351,1,fake,"Lejeni menjane ujin me limon ne mengjes, vazhdoni te konsumoni kete perberje qe po cmend te gjithe",2825,2924
fake_352,352,1,fake,"Ekskluzive: Vjosa Osmani me parti të re, Ja si do të quhet partia e saj!",522,595
fake_353,353,1,fake,"Burri vetëm për letra më ka marr mua, tani qe s’kemi as njeri letrat më thotë dil gjeje një tjetër…",2916,3016
fake_354,354,1,fake,Lëngu i qepës efikas kundër katër sëmundjeve!?,1577,1624
fake_355,355,1,fake,Mediat serbe: Serbia njeh Kosovën dhe hyn në BE,2047,2095
fake_356,356,1,fake,"Emisari i BE-së flet se kush duhet të udhëheq dialogun me Serbinë, Thaçi apo Hoti?",945,1028
fake_357,357,1,fake,Presidenti Thaçi rehatohet në shtëpinë e re superluksoze që e bleu me pare “t’babës”,1419,1504
fake_358,358,1,fake,"Largoni njollat kafe në qafë, sqetulla, kofshë në vetëm 15 minuta",1162,1228
fake_359,359,1,fake,‘Milaim Zekën e mbajtëm në punë derisa e zbuluam se ishte bashkëpunëtor i Serbisë’,771,854
fake_360,360,1,fake,"Video Exluzive:Fëmija Që Përloti Boten, Nuk Do Ta Besoni Se Cfarë Ka Bërë Nga Shtëpia, Prindërit I Bërtisnin Dhe…",296,410
fake_361,361,1,fake,VIDEO EKSLUZIVE:Shqiptari Në Zvicër Shpik Një Pajisje Që Po Konsiderohet Shpëtim Kundër Koronavirusit,433,535
fake_363,363,1,fake,O zot ja qfare ndodh ne Gjilane?Coronavirusi sapo…,545,596
fake_364,364,1,fake,"Lajmi i Fundit e i madh na vjen nga Vetevendosje, Ja cka po ndodhe atje!",173,246
fake_365,365,1,fake,"Paralajmeron Hoti , keto jane masat ekstreme Pamje",653,704
fake_366,366,1,fake,Ngjarje e rende ndodhi ne Peje ka edhe te vdekur,369,418
fake_367,367,1,fake,Tmerr për Kosovën kush po e përfaqëson! Zbulohet detaje tronditese,515,582
fake_368,368,1,fake,Kjo qe do te ndodhe te Henen ne Kosove do iu shokoje,779,832
fake_369,369,1,fake,"Avdullah Hotin nuk e do as fshati i tij Ratkoc, ja çfarë thanë disa prej tyre. – (VIDEO)",446,535
fake_370,370,1,fake,"Taynas i del clca jasht, fustani shumë i shkurtër. – (FOTO)",343,403
fake_371,371,1,fake,"Rifat Jashari: ‘Kthene Albinin kryeminister, se Kosova shkoj posht me qeverin e re.’ (VIDEO)",381,474
fake_372,372,1,fake,"A do te falet namazi i Bajramit , Ky eshte vendimi i Qeverise se Kosoves",478,551
fake_373,373,1,fake,Cka po ndodhe ne merdare?,361,387
fake_374,374,1,fake,Endrit Thaçi shumë shpejt pritet të ateroj në PDK. – (VIDEO),380,441
fake_375,375,1,fake,Ja sa është paga e Naser Rafuna tek seriali ‘Çka ka shpija.’,389,450
fake_376,376,1,fake,Kjo qe beri Kosovari ne Zvicer do iu habise,684,728
fake_377,377,1,fake,"Zbulohet me ne fund, Ja arsyja pse familja Jashari nuk e pranon Hashim Thaçin ne shtepine e tyre",344,441
fake_378,378,1,fake,Lajm shume i keq vjen nga Amerika per Kosoven,697,743
fake_379,379,1,fake,"Avokati i njohur ‘godet’ ashpër Avdullah Hotin: Ministri i Brendshëm, dëshmojeni që…",580,665
fake_380,380,1,fake,E FUNDIT:Kjo është 21 vjeçarja që humbi jeten në QKUK disa orë pas lin djes me prerje cezariane,776,872
fake_381,381,1,fake,"Gani Geci publikon një video , ku tronditet skena politike",711,770
fake_382,382,1,fake,"Nje lajm tragjik na vjen nga LDK-ja , kryetari tregon qe sapo ka vdekur….",298,372
fake_383,383,1,fake,Albin Kurtin e shokon Hashim Thaçin me kete qe i zbuloi per luften dhe hagen,392,469
fake_384,384,1,fake,"Skandal: Nuk iu lindi djalë, babai vret vetën e ja se çfarë i ndodhi nënës së re",657,738
fake_385,385,1,fake,"Nese jeni nga Gjermania dhe gjendeni ne Kosove, DUHET PATJETER TA LEXONI KETE LAJM KUJDES",545,635
fake_386,386,1,fake,E FUNDIT: Djali I Isa Mustafes Vjen Me Një Lajm Për Babain E Tij!,574,640
fake_387,387,1,fake,Fjolla Morina: ‘Kosovarët e kanë te vogël.’ (VIDEO).,401,454
fake_388,388,1,fake,A e doni madhësin a shpejtësin? Ja si përgjigjen vajzat shqiptare.. (VIDEO),428,504
fake_389,389,1,fake,"Çartet Zafir Berisha, godet rende Albin Kurtin e akuzon , O albin ti je fajtori i ….",556,641
fake_390,390,1,fake,Interesante çfarë ka në dhomën e fjetjes së Nora Istrefit,385,443
fake_391,391,1,fake,Genta publikon videon duke u zhveshur para turkut,326,376
fake_392,392,1,fake,"Jeton ne Gjermani dhe eshte pronar i nje restoranti, letra qe ai vendosi te dera e restorantit te tij ka lene te gjithe Gjermanet pa fjale",807,946
fake_393,393,1,fake,"Vjehrra i shkruan nje leter nuses saj se ardhshme, letra ka lene me goje hapur te gjithe ato qe e kane lexuar",625,735
fake_394,394,1,fake,"Kjo video po fikson botën, janë futur veta 20 makinë/ Shikoni si dalin një nga një",364,447
fake_395,395,1,fake,"Shkoni në vendin ku ishte burri, gruaja e kap atë keq me një femër dhe u bën të pabërën",363,451
fake_396,396,1,fake,Me te vertete prekese : Nuk do te jesh me biri im nese nuk do ta besh kete gje,530,609
fake_397,397,1,fake,"A e telefonoi kryetarin Isa Mustafa pasi u konfirmua me Covid-19, tregon Osmani",763,843
fake_398,398,1,fake,A do bëjë parti të re apo do të shkojë në Vetëvendosje? Flet Vjosa Osmani,415,489
fake_399,399,1,fake,"“Ja kurthi i Thaçit dhe Hysenit”, paralajmërohet një skenar i errët për Kosovën",548,628
fake_400,400,1,fake,"Haziri i kundërpërgjigjet ashper Vjosa Osmanit, e shokon me kete qe i tha!",512,587
fake_401,401,1,fake,"“Sulmet” ndaj Viola von Cramon pas vizitës që i bëri Speciales, flet profesori ndërkombëtar – tregon qëllimin kryesor të Thaçit",424,552
fake_402,402,1,fake,Lajmi i Fundit: E rende eshte kjo qe i ndodhi mergimtarit ne pushime,601,670
fake_403,403,1,fake,Sapo i ndodhi kjo e keqe Thaçit,355,387
fake_404,404,1,fake,"Lajmi i Fundit: Shpallet gjendja e jashtezakonshme, keto jane masat qe do mirren",947,1028
fake_405,405,1,fake,"Ftesa për intervistim nga Prokuroria në Hagë, juristi e zbulon nëse Hashim Thaçi do të jap dorëheqje nga posti i presidentit",560,685
fake_406,406,1,fake,"Shkoi Për Pushime Në Shëngjin, Ja Çka I Ndodhi 34 Vjeçarit Nga Kosova sdo ta besoni",348,432
fake_407,407,1,fake,"Ermal Fejzullahu: ‘Ska asnjë arsye pse të ndalohen dasmat, ne duam të punojm.’ (VIDEO)",431,518
fake_408,408,1,fake,Moderatorja kosovare tregon format e saj trupore ne plazh të Ksamilit. – (FOTO,330,409
fake_409,409,1,fake,Kurti i çon një mesazh të fortë Lista Srpskas. (VIDEO),404,459
fake_410,410,1,fake,"Është vajza e miliarderit Bill Gates, por mënyra se si jeton do ju habisë të gjithve!",457,543
fake_411,411,1,fake,Ministri Zvicëran vjen me një deklaratë për ata që hyn në këtë shtet,576,645
fake_412,412,1,fake,"“Eskalon” familjari i deputetit Xhavit Ukaj, fyen rëndë Vjosa Osmanin",429,499
fake_413,413,1,fake,"“Marrja e Zotit!”, ministrja e LDK-së nuk luan vendit derisa “sulmohet” Vjosa Osmani",437,522
fake_414,414,1,fake,"Haki Abazi: Vjosa Osmani pas të hënës presidente, ky është halli i deputetit që iu vërsul",475,565
fake_415,415,1,fake,Flet edhe njëherë deputeti që iu vërsul Osmanit në Kuvend: Me pas dashtë me e sulmua e kisha…,488,582
fake_416,416,1,fake,LAJMI I FUNDIT: ‘Kjo është dramatike’! Çfarë zbuluan autopsitë që iu bënë viktimave të COVID-19,933,1029
fake_417,417,1,fake,LAJMI I FUNDIT – Më në fund Lajm i mirë për vizat,768,818
fake_418,418,1,fake,LAJMI I FUNDIT – Shkencëtarët zbulojnë ilaçi që vr et koronavirusin në laborator brenda 48 orëve,611,708
fake_419,419,1,fake,"Burri me ka tradhetuar me shoqen time,Une e tradhetoj me nje djal dhe..",848,920
fake_420,420,1,fake,Heshtja e frikshme përballë të vërtetës!,487,528
fake_421,421,1,fake,Lajmi i Fundit sapo vdiq ky person nga Kosova EMRI,320,371
fake_422,422,1,fake,Djalë apo vajzë? Zbulohen detajet e bebes që pret Sara,342,397
fake_423,423,1,fake,"Fero postoi foto me armë, Arbenita e frikësuar se ai ‘do ta vrasë’",334,401
fake_424,424,1,fake,"Me ne fund. Martohet Leonora Jakupi, i jep fund beqarisë",389,446
fake_426,426,1,fake,"A eshte normal Zoran Zaev , kjo qe tha per shqiptaret do iu shokoje",518,586
fake_427,427,1,fake,"E urr.ej fëmijën tim letra e nënës, së pandjeshme që po çudit rrjetet sociale",715,793
fake_428,428,1,fake,Zyrtari i VV-së habit me deklaratën për Thaçin dhe Veselin,463,522
fake_429,429,1,fake,"Isa Mustafa me Koronavirus, familja e Haki Imerit befason me reagimin",513,583
fake_430,430,1,fake,E jashtëzakonshme: Merkel me flamurin e Kosovës para syve të Vuçiqit,414,483
fake_431,431,1,fake,"Halil Geci e shpërndan një video të Azem Hajdari ku i thotë Thaçit “të rrehi si qenin more pis…”, ka dy fjalë për Isa Mustafën",524,651
fake_432,432,1,fake,Ja çfarë i ndodhi mjekut që e operoi presidentin Thaçi?,518,574
fake_433,433,1,fake,Pasi u infektua me Covid-19 vdes Mustafa,282,323
fake_434,434,1,fake,"Lajm qe duhet ta din te gjithe, Viber do behet me para detaje ekskluzive",371,444
fake_435,435,1,fake,"LIVE NGA BEOGRADI, Serbet po e djegin Beogradin pamje live",503,562
fake_436,436,1,fake,Zbulohet se kush e nderpreu ndarjen e Kosoves BEFASI,721,774
fake_437,437,1,fake,Kjo qe tha Armend Zemaj do iu beje te qeshni me lot,638,690
fake_438,438,1,fake,Kjo qe tha simpatizanti i Hashim Thaçit per Albin Kurtin eshte e tmerrshme,634,709
fake_439,439,1,fake,‘Çartet’ Sami Lushtaku ia zbulon kete gje Rexhep Selimit,535,592
fake_440,440,1,fake,Po ndodh një luftë e rrezikshme” Gani Geci zbulon detaje top sekrete,388,457
fake_441,441,1,fake,Albin Kurti i befason të gjithë me këtë deklaratë për Anton Qunin,369,435
fake_442,442,1,fake,Brenda shtëpisë milionshe të Ryva Kajtazit,383,426
fake_443,443,1,fake,"LDK-ja e ka seriozisht, Godet rende Vjosa Osmanin",341,391
fake_444,444,1,fake,"Zevendes Ministri i LDK-se jep lajmin e hidhur, sot vdiq ky person i njohur i LDK-së",391,476
fake_445,445,1,fake,"‘Urime Kosove, pajtohen Shyhrete Behluli dhe Shkurte Fejza’?",779,840
fake_446,446,1,fake,E ulët- Zyrtari i PDK-së ofendon rende Vjosën,431,477
fake_447,447,1,fake,Kjo qe i ndodhi Milot Rashices dhe gruas se tij do iu befasoje,270,333
fake_448,448,1,fake,Çartet Vjosa Osmani ia ben 8 me 2 Hotit me kete qe i tha,445,502
fake_449,449,1,fake,Rexhep Selimi zbulon detaje sekrete te hages e trondite Hashim Thaçin,434,504
fake_450,450,1,fake,Kjo qe tha Labi per Thaçin do iu befasoje,530,572
fake_451,451,1,fake,Maqedonia e Veriut e shokon Kosoven dhe qytetaret e saj me kete vendim qe morri,358,438
fake_452,452,1,fake,"Pse pom kqyr shtremt un ti q*** krejt, kosovari plagos tre persona në Austri VIDEO",686,769
fake_453,453,1,fake,"Harrojeni Koronavirusin, Angela Martini ju kalle me kete foto qe publikoi",299,373
fake_454,454,1,fake,Këto janë pikat kufitare ku iu kërkohet testi për COVID-19,521,580
fake_455,455,1,fake,Kjo qe i ndodhi Haxhi Shales eshte met vertet e rende,673,727
fake_456,456,1,fake,"Vajza e këngëtarit nga Kosova një “bombë” e vërtetë, publikon foto shume seksi",292,371
fake_457,457,1,fake,"Kjo eshte e tmerrshme, PDK sulmon ashper Vjosa Osmani , ja cka i tha",427,496
fake_458,458,1,fake,Genta dhe i dashuri turk ‘mbyten në ujë’,403,444
fake_459,459,1,fake,"Pas shtimit te madh te infektuarve, kjo eshte gjendja shendetsore e Vjosa Osmanit",245,327
fake_460,460,1,fake,EKSLUZIVE – Zbulohet arsyeja e shkarkimit te Vjosa Osmanit nga LDK ja detajet sdo ta besoni !,476,570
fake_461,461,1,fake,"“O i madhi Bac! Hashimi, Ramushi, Kadriu e shokët tu janë bë milionerë, duke u thirr në gj akun e heronjëve dhe fëmijëve”",473,595
fake_462,462,1,fake,Diçka po zihet..!!,438,457
fake_463,463,1,fake,Emily Ratajkowski duket super s.e.ksi në fotografitë e fundit,462,524
fake_464,464,1,fake,E Fundit:Pajme EksluIve Oh Zot Kam Ethe Dhe …! Këngëtarja Dhe Deputetja Shqiptare In Fektohet Me Covid-19!,416,523
fake_465,465,1,fake,"Lë Bashkëshorten E Tij Për Një Grua Më Të Re. Çfarë Ndodh 3 Vite Më Vonë, E Lë Atë Pa Fjalë…",625,718
fake_466,466,1,fake,"Pas shtimit te madh te infektuarve, kjo eshte gjendja shendetsore e Albin Kurtit",337,418
fake_467,467,1,fake,"Vjosa Osmani i kthehet ashpër Listes Serbe, ja çfarë ju thotë",570,632
fake_468,468,1,fake,E çuditshme çfarë ka bërë deputueja e PDK-së në Kuvend,455,510
fake_469,469,1,fake,Kjo qe i ndodhi Fatmir Limajt eshte e dhimbshme,318,366
fake_470,470,1,fake,Lajm i mirë për kosovarët në Suedi,421,456
fake_471,471,1,fake,Ky eshte Ministri qe u infektua me koronavirus,620,667
fake_472,472,1,fake,"Acarohen raportet e Serbisë me Rusinë, ja çfarë veprimi ka bërë Vuçiq",582,652
fake_473,473,1,fake,"Harrojeni Koronavirusin,ja kur do te intervistohet Thaçi nga Gjykata Speciale",392,470
fake_474,474,1,fake,"Jakup Krasniqi e ‘godet’ fort Thaҫin, i jep një mësim keshtu…",415,477
fake_475,475,1,fake,A e dini që aktorja jonë e njohur është bashkëshortja e Glauk Konjufcës? (FOTO),749,829
fake_476,476,1,fake,9 Këshilla Praktike të Milionerëve që Duhet t’i Vëmë në Punë sa më Shpejt,7336,7410
fake_477,477,1,fake,Zgjidh një guaskë dhe merr një mesazh të rëndësishëm për veten,921,984
fake_478,478,1,fake,Momenti kur vogëlushi kap gjarprin në vend të shkopit në oborr,647,710
fake_479,479,1,fake,Ja sa kohë duhet për ta marrë virusin në një bar apo restaurant,603,667
fake_480,480,1,fake,Gani Geci: Hashim Thaçi ma i dëmshëm se KoronaVirusi në këtë kohë!,381,448
fake_481,481,1,fake,"Detaji që u iku të gjithëve: Tyta e automatikut në shtëpinë e prindërve të Thaçit, e “zbuloi” Veseli",397,498
fake_482,482,1,fake,Austria i fut tri shtete i ka në ‘listën e zezë’… A ndodhet dhe Kosova?,641,713
fake_483,483,1,fake,"Nasim Haradinaj: o Ramush Haradinaj, Lakmia e pushteti të prishë!",401,467
fake_484,484,1,fake,WOW kjo eshte e madhe:Grenell jep lajmin e madh për vizat ja data e sakt kur do n’dodh liberalizimi!?,803,905
fake_485,485,1,fake,E FUNDIT: Paralajmërimi I Kurtit Dridh Kosoven Ja Qka Tha(VIDEO),554,619
fake_486,486,1,fake,"“Do Të Kujtoj Gjithmonë Të Dashur…”/ Kush Është 27- Vjeçari Që Humbi Jetën Nga Covid, Dedikimi Prekës Nga I Afërmi",1114,1229
fake_487,487,1,fake,Më në fund vjen një lajm i mirë nga COVID-19.,396,442
fake_488,488,1,fake,"Gazetares së sportit i ngrihet fustani, “pa qëllim”",282,334
fake_489,489,1,fake,"Shkencëtari britanik, Shattock: Do të duhet të jetojmë për shumë dekada me coronavirusin",1280,1369
fake_490,490,1,fake,"“Do Të Kujtoj Gjithmonë Të Dashur…”/ Kush Është 27- Vjeçari Që Humbi Jetën Nga Covid, Dedikimi Prekës Nga I Afërmi",1114,1229
fake_491,491,1,fake,"E ka mbajtur te fshehur gat gjithë kësaj kohe, ja sa motra ka Kryeministri Albin Kurti",458,545
fake_492,492,1,fake,"Me burrin tim jam martu vetem per parat e tij,Me dhimbset se nuk e dashuroj aspak dhe…!",2912,3000
fake_493,493,1,fake,EKSKLUZIVE Qeveria Hoti merr vendim. Keto jane masat e reja qe hyjne ne fuqi ne mremje,426,513
fake_494,494,1,fake,"Mbani lotët! Vajza e zbulon pak para dasmës që i fejuari ia kishte dredhur, më pas ia bën…",877,968
fake_495,495,1,fake,Lajmi i fundit: Hashim Thaçi ¨tenton¨ te ia merr jeten Gani Gecit,1046,1112
fake_496,496,1,fake,Mulla Osmani i ‘bie shuplakë’ Milaim Zekës live në emision (Video),427,494
fake_497,497,1,fake,E njihni vogëlushen në foto? – Është një nga këngëtaret e njohura shqiptare,245,321
fake_498,498,1,fake,Vendim i ri për të gjithë bashkatdhetarët që kthehen në Gjermani Shqipëria dhe Kosova,835,921
fake_499,499,1,fake,Adelina Tahiri e çmend avokatin me këtë trup,499,544
fake_500,500,1,fake,"Ramiz Kelmendi: ‘Rinia e Kosovës kan qejf me pi kafe, jo me punu.’ (VIDEO)",345,420
fake_501,501,1,fake,Adem Grabovci: “Pasurin time e kam bërë duke punuar ndershëm.” (VIDEO),662,733
fake_502,502,1,fake,"Lajm i hidhur: Kjo qe po i ndodh Gani Geci, përmes një videoje tregon..",364,436
fake_503,503,1,fake,"E pabesueshme: Kështu hapet toka, në Rusi",410,452
fake_504,504,1,fake,"Enca Haxhiaj: ‘Kush e do zogun tim, duhet të paguaj 1 milion euro.’ (VIDEO)",724,800
fake_505,505,1,fake,"Punëtorët e Telekomit: Më mirë me vdek prej koronavirusit, se nga Blerim Devolli",383,464
fake_506,506,1,fake,"Xhavit Haliti: ‘Jam kundër xhamis, nuk jemi në Arabi ktu.’ (VIDEO)",681,748
fake_507,507,1,fake,Lajmi i keq: Mësimi mund të mos filloj në shtator por ….,225,282
fake_508,508,1,fake,Shikoni  reagimin e Leonora Jakupit për ndërtimin e xhamisë në Prishtinë,421,494
fake_509,509,1,fake,Godet Zafir Berisha perseri o popull qelni syt mos i besoni Albinit,642,710
fake_510,510,1,fake,"TURP!! 3 Mijë Euro Për Një Nuse, Si I Shiten Vajzat Shqiptarëve Burrave Serbë",537,615
fake_511,511,1,fake,"Grekja 50-vjeçe bie në dashuri me shqiptarin 21-vjeçar, ai ia punon keq",1525,1597
fake_512,512,1,fake,Molliqaj: VV’ja po mbledh njerëz që se dojn UÇK’në ata jan tradhtar,778,846
fake_513,513,1,fake,"Lajm i keq për punëtorët shëndetësor, ky është vendimi i fundit i Qeverisë për ta..",717,801
fake_514,514,1,fake,Zafir Berisha me akuza të rënda: VV po del të jetë sponsorizuesja kryesore e Gjykatës Speciale,849,944
fake_515,515,1,fake,"Bac Qikat e Kosoves po na zbardhin ftyren, Kjo qe beri tash Rita Ora eshte e madhe!",1967,2051
fake_516,516,1,fake,"Harrojeni Koronavirusin, Pritet lufta e trete botrore PAMJE VIDEO",551,617
fake_517,517,1,fake,"Arbenita merr lajmin e hidhur, qka i ka ndodhur",494,542
fake_518,518,1,fake,"Skenari që mund të vije: Kështu Thaçi mund ta rrëzojë Qeverinë Hoti, ja kush i ndihmon",737,824
fake_519,519,1,fake,/ Ramush Haradinaj Godet Fort: Albin Kurti Është Mashtures …,799,860
fake_520,520,1,fake,LAJMI BOMBASTIK / Richard Grenell: Vizat Mund Të Hiqen Ditën E Dielë (VIDEO),805,882
fake_521,521,1,fake,"Vr a sja e rëndë në Fushë Kosovë, Djali ia preu kokën babait me sëpatë, pamje nga vendi i ngjarjes (VIDEO – FOTO)",705,819
fake_522,522,1,fake,¨Shokohet¨ LDK’ja: Ja kush nderroi jete,557,597
fake_523,523,1,fake,"Mos hani domate me stomak bosh, nuk mund te merren me shume se 4 veze ne jave, mjeku rus na ha biti me keshillat",3709,3822
fake_524,524,1,fake,"Njeriu më me fat qe keni parë, është e pamundur dhe ai shpeton… Mrekullia e Zotit",145,227
fake_525,525,1,fake,Zgjidh një zarf dhe zbulo menjëherë çfarë të pret në javët e ardhshme,1622,1692
fake_526,526,1,fake,Një nënë e “çmen.dur” rreh brutaIisht vajzën 2-vjeçare VIDEO T’MERRUESE,314,386
fake_527,527,1,fake,A e keni ditur se kjo moderatore është motra e Haki Abazit?,387,447
fake_528,528,1,fake,Ganja e PDK-s thot se Vjosa tash pa LDK-n as 10% ska me mujt me i fitu,953,1024
fake_529,529,1,fake,Vjosa Osmani i “çmend” te gjithe me pergjigjen e saj “Po une se shpejti do tju bashkohem Albinit URIME !,1022,1127
fake_530,530,1,fake,Shuma marramendëse: Robert Berisha tregon sa paguhet në koncerte,719,784
fake_531,531,1,fake,EKSKLUZIVE: Albin Kurti President i Kosoves?,484,529
fake_532,532,1,fake,Lajm Sh0kues – Ja qka ndodhi me LDK-n nuk mund ta besoni!,763,821
fake_533,533,1,fake,"Pamje që të rrë qethim në shpirt, shqiptarët me Covid-19 të lidhur pas aparateve lut en për frymë",321,419
fake_534,534,1,fake,"Video Eksluzive:“Çartet“ Adelina: Shqiptaret Njerëz Te S’ëmur P’siqikisht, Nuk Kam Gabuar Qe Kam Zgjedhur Një Maqedon!",812,931
fake_535,535,1,fake,‘Hashim Thaçi’ futet papritmas në emisionin ku ishte Berat Buzhala (Video),514,589
fake_536,536,1,fake,Dardan Molliqaj ia publikon këtë ‘top sekret’ Albin Kurtit,327,386
fake_537,537,1,fake,"E papritur, cka i ndodhi Hashim Thaçit para pak minutash",401,458
fake_538,538,1,fake,Burri i Albulena Haxhiut i quan injorantë ata që dolën ta presin Thaçin,329,401
fake_539,539,1,fake,E PAPRITUR: Ja Kush Është I Dashuri I Ri I Nora Istrefit sdo ta besoni,446,517
fake_540,540,1,fake,Kjo është gjendja shëndetësore e Isa Mustafës pas infektimit me Covid 19,471,544
fake_541,541,1,fake,LAJMI I FUNDIT – E pabesushme ja sa ka shkuar numri i rasteve sot !,857,925
fake_542,542,1,fake,"Kurti e pranon: Vjosa Osmani po e formon partin e re, këta janë deputetet e saj",192,272
fake_543,543,1,fake,Urime Kosovë! Në këtë datë 99% do te sigurohen vizat ja kush e zbuloi,858,928
fake_544,544,1,fake,Kur pritet t’u mundësohet qytetarëve tërheqja e parave nga Trusti?,1189,1256
fake_545,545,1,fake,"E pabesueshme, banorët e ketij fshati kapin gjarprin me përmasa të frikshme (Foto)",411,494
fake_546,546,1,fake,Ky është zyrtari policor që nderroi jetë nga Covid-19,403,457
fake_547,547,1,fake,Genta pubIikon videon duke u zhves hur para turkut,496,547
fake_548,548,1,fake,Ngjarje sh0kuese vjen nga Gjakova: Atje sapo ndodhi kjo gjë e keqe,546,613
fake_549,549,1,fake,"Lajmi i fundit: Kryeministri infektohet me koronavirus, kjo është gjendja e tij",959,1039
fake_550,550,1,fake,"Cka po ndodhe me fatin e Hashim Thaçit, Zbulohet kjo gje e keqe",666,730
fake_551,551,1,fake,Deputeti i LDK-s Albin Kurti eshte mashtrues dhe ai ka qef me u burgos UQK-ja o popull besomni nuk e njihni mir,659,771
fake_552,552,1,fake,Fatmir Limaj Nese Albini ne zgjedhjet e reja i fiton vetem 20% un do te jepi dorheqje nga Politika,892,991
fake_553,553,1,fake,"Dhurata shkëlqeu e veshur e tëra me lule, por nuk do ta besoni sa kushtoi veshja e saj",442,529
fake_554,554,1,fake,Dasmorët kërkojnë koparen që dhanë për sallat e dasmave,3345,3401
fake_555,555,1,fake,Kosova zë vendin e parë në Evropë si vendi me numrin më të madh të infektuarve,819,898
fake_556,556,1,fake,"BE-ja dhe SHBA e godasin fort Serbine, cmenden serbet",471,525
fake_557,557,1,fake,Kjo eshte marrveshja qe do te behet ne shtepine e bardh sdo ta besoni qka do te ndodh me Kosoven,357,454
fake_558,558,1,fake,Kjo eshte marrveshja qe do te behet ne shtepine e bardh sdo ta besoni qka do te ndodh me Kosoven,1240,1337
fake_559,559,1,fake,VIDEO Eksluzive / “Burri Im eshte Serb por eshte me i mir se ju shqiptaret qe svyni asgje,908,998
fake_560,560,1,fake,Lajm i mirë: Vaksina amerikane rezulton e suksesshme dhe pa efekte anësore në 45 vullnetarë,2033,2125
fake_561,561,1,fake,Lajmi i fundit: Kjo është gjendja shentesore e Isa Mustafës pasi u infektua nga Covid-19,1644,1733
fake_562,562,1,fake,"Kjo eshte heroina jone, Vjosa Osmani bene gjestin me te mire per qytetaret e Kosoves",543,628
fake_563,563,1,fake,Dikush po bën fushatë të frikshme për ta vendosur maskën.,817,875
fake_564,564,1,fake,"Panik i madh/ Në Itali është zbuluar ‘koronavirusi serb’, ky është më a gresiv dhe…",2298,2382
fake_566,566,1,fake,"Do T’iu Copë Tohet Zemra/ Ushtari I Jep Çokollatë Fëmijës Sirian, Veprimi I Tij Do T’iu Prek Shume ..",733,835
fake_567,567,1,fake,Adresa e koduar që e përdorte Albin Kurti 16 vjet më parë.,622,681
fake_568,568,1,fake,"Hoti e ka nje lajm shume te mire per ju, Urime Kosove",476,530
fake_569,569,1,fake,"Mjeku kosovar nga Berlini te fut ethet ne bark, me kete qe zbuloi per koronavirusin",1234,1318
fake_570,570,1,fake,Nora Istrefi më në fund merr një vendim në lidhje me Robertin,582,644
fake_571,571,1,fake,E papritur:Qeveria fut në karantinë edhe katër komuna,619,673
fake_572,572,1,fake,"EKSLUZIVE – Vjosa e Vendos, Kjo eshte partia e saj",574,625
fake_573,573,1,fake,TURP: Ja çfarë thonë mediat serbe për shkuarjen e Thaçit në Hagë,560,625
fake_574,574,1,fake,Ky është kosovari i parë që behet serb vetëm për vizë. – [VIDEO].,489,555
fake_575,575,1,fake,A po jeton Shyhretja me renë në një shtëpi?,458,502
fake_576,576,1,fake,"E FUNDIT / Skenari I Frikshëm: Thaçi Të Arre.Stohet, Ndërsa Vjosa Osmani Presidente?!",442,528
fake_577,577,1,fake,Harrojeni koronavirusin. Kjo qe po ndodhe ne Prishtine do iu befasoje,671,741
fake_578,578,1,fake,"Hoti nuk e përjashton “Gjendjen e Jashtëzakonshme”, ja kur mund të shpallet",709,785
fake_579,579,1,fake,Kështu ndikon coronavirusi në të gjithë trupin e njeriut,2862,2919
fake_580,580,1,fake,Ja kur pritet te vijë Vala e dytë e Covid-19.,767,813
fake_581,581,1,fake,LAJMI I FUNDIT – Ja qka i ndodhi Isa Mustafes ne keto momente pas infektimit me COVID 19,483,572
fake_582,582,1,fake,"Nuk Ka Te Ndalur Tayna, Tregon Si Po Rrit Të Pasmet E Saj Çdo Ditë",483,550
fake_583,583,1,fake,"Azem Hajdari ku i thotë Thaçit “të rre hi si qenin more pis…”, ka dy fjalë për Isa Mustafën",906,998
fake_584,584,1,fake,Albin Kurti kapet në aeroport,508,538
fake_585,585,1,fake,LAJMI I FUNDIT – E pabesushme ja qka i ndodhi Isa Mustafes ne keto momente pas infektimit me COVID 19,734,836
fake_586,586,1,fake,Përhapja e virusit nuk ndalohet me gjendjen e jashtëzakonshme.,1005,1068
fake_587,587,1,fake,Kjo qe po ndodhe ne Aeroportin Adem Jashari do iu befasoje e shokoje,622,691
fake_588,588,1,fake,"Deklarata e kesaj Shqiptareje qe jeton ne Serbi, ka sh okuar gjithe serbine",729,805
fake_589,589,1,fake,"Deputetja e PDK-së, e infektuar me Covid-19, del ne qytet?",547,606
fake_590,590,1,fake,"Harroi Se Ishte Në Një Emision Live Dhe E Bëri Ktë Gjë, Arrinë 9 Milion Shikueshmëri Per 2 Minuta,Ja Pse!",826,932
fake_591,591,1,fake,LAJMI I FUNDIT Thaçi: Do ta shpalli gjendjen e jashtezakonshme gjendja aktuale është tejet shqetësuese,1001,1104
fake_592,592,1,fake,"Mjeku Pipero jep lajmin e mirë: Shqipëria s’do izolohet sërish, vetëm nëse bëni këtë gjë",422,511
fake_593,593,1,fake,"Deklarata që po shokon botën, mjekja kineze: Po fshihet një gjë e madhe dhe e keqe për Covid-19",1443,1539
fake_594,594,1,fake,"Shfaqet një sëmundje tjetër e keqe në Shqipëri, ja ku: Hëngrën mish lope të sëmurë dhe…",492,580
fake_595,595,1,fake,Sa shumë e duan! Do habiteni: Ja sa shqiptarë të Kosovës kanë kaluar kufirin sot: Dashuria!,787,879
fake_596,596,1,fake,Haki Abazi: Nga e hëna Vjosa mund të jetë presidente,805,858
fake_597,597,1,fake,Migjen Kelmendi thotë se mbështetësit e Vetëvendosjes po ia dëshirojnë vdekjen Isa Mustafës,830,922
fake_598,598,1,fake,"Prekese: Sot u bëra Nene pas 10 Viteve Martes, jam Nene E Trinjakëve, Kush Me Uron i Dhent Zoti Ate Qe I Mungon ..",431,546
fake_599,599,1,fake,LAJMI I FUNDIT: Kjo gjë sapo i ndodhi Hashim Thaçit,680,732
fake_600,600,1,fake,"LAJMI I FUNDIT: Eshë ulur çmimi i naftës,nuk do ta besoni se sa ka ra!?",752,824
fake_601,601,1,fake,LAJMI I FUNDIT – Nga kjo dite do te hyjme ne Karantine e gjith Kosova,800,870
fake_602,602,1,fake,Ja se qfarë do të ndodhë nëse nuk prodhohet vaksina kundër Covid-19.,872,941
fake_603,603,1,fake,Neurologët: Njerëzit me simptoma të butë të koronavirusit po pësojnë çrregullime serioze të trurit,2921,3020
fake_604,604,1,fake,Vjen një lajm i mirë nga QKUK,1332,1362
fake_605,605,1,fake,E mrekullueshme se qka bëri Gjermania për Kosovën!,502,553
fake_606,606,1,fake,"Fustani i zi i zbuloi më shumë se ҫ’duhet Samantës, shikoni reagimin e saj",370,445
fake_607,607,1,fake,Simpatizant i Thaçit: Më përpara pranoj shu-rrën e Thaçit sesa gjakun e Albinit!,537,618
fake_608,608,1,fake,E FUNDIT:Video Eksluzive ”Lajm I Madh Nga Zemaj: Do Ta Porosisim Vaksinën Kundër Koronavirusit”,1031,1127
fake_609,609,1,fake,"Selmanaj: Po të kishte qenë Kurti burrështetas do të kishim qeverisur tetë vjet, jo katër, por ai është një ..",600,711
fake_610,610,1,fake,"Ky është Biznesmeni që mban maskën e arit, për t’u mbrojtur nga Covid-19",647,720
fake_611,611,1,fake,Ka përçarje brenda LDK’së? Isa Mustafa trondite me kete qe tha!,667,731
fake_612,612,1,fake,"WOW kjo eshte e madhe, Ambasadori Gjerman jep nje lajm te madh per Albin Kurtin dhe Vjosa Osmanin",457,555
fake_613,613,1,fake,E fundit! Nuk ka te ndalur! Ja sa raste të reja me Covid u zbuluan në 24 orët e fundit,765,852
fake_614,614,1,fake,LAJMI I FUNDIT -Ne kete jave po kthehemi ne Karantine?,3169,3224
fake_615,615,1,fake,Gjermania shokon Kosoven e godet ne menyren me te poshter te mundeshme,1028,1099
fake_616,616,1,fake,"Pamje Eksluzive:Selmanaj: Populli E Do LDK-Në, JO Vjosa Osmanin, Ta Shohim Në Zgjedhje Çka Do Bëje Ajo!",401,505
fake_617,617,1,fake,E FUNDIT:Video Eksluzive ”Lajm I Madh Nga Zemaj: Do Ta Porosisim Vaksinën Kundër Koronavirusit”,513,609
fake_618,618,1,fake,Mergimtari qe erdhi nga Zvicra tregon çka i ndodhi sdo ta besoni(VIDEO),452,524
fake_619,619,1,fake,“Godet“ Veton Surroi: Ata qe e “kalle” flamurin e Kosovës sigurisht janë katundar nga Drenica,384,478
fake_620,620,1,fake,"SHOKUSE, ja qfar gjeti mbrenda dollapit nje njeri",1301,1351
fake_621,621,1,fake,"Pasi u martuan, gruaja mëson pse burri nuk “e prek”. Kur ai bënte dush ajo e pa hapur…",1393,1480
fake_622,622,1,fake,A dini se si ta dalloni Koronavirusin nga virusi i stomakut?,1511,1572
fake_623,623,1,fake,Tayna i tregon mesazhet që merr nga politikanët (VIDEO),438,494
fake_624,624,1,fake,"PAMJE EKSLUZIVE:Alarmante/ Sapo Ndodhi Te Spitali Gjinekologjik, Oh Zot U Tm.Erruam, Çka Po Bëhet Kështu",496,601
fake_625,625,1,fake,Alarmante!! Mjeku Belg Jep Lajmin Më Të Keq Koronavirusi do te zgjate deri me ..,657,738
fake_626,626,1,fake,"Kur te gjithe Kosova eshte ne panik nga Koronavirusi, Kjo qe po ndodhe ne Podujev do iu shokoje",436,532
fake_627,627,1,fake,Tronditet LDK-ja sapo vdiq ky person shume i fuqishem ne LDK,311,372
fake_628,628,1,fake,Fatmir Limaj – Do ta shohim ne zgjedhjet e reja Albinin qysh ka me ba koalicion me PDK edhe as pragun ska me kalu,560,674
fake_629,629,1,fake,Aktorja nga Gjilani i quan kosovarët dreqër,498,542
fake_630,630,1,fake,LAJMI FUNDIT :Erdogan Paralajmron Thacin Mos Beje Pazare Te Demshme Per KOSOVEN…,592,673
fake_631,631,1,fake,"Habitet 22 Vjeçarja Shqiptare Nga Zvicra: Ju Rr Efej Se Cka Ndodh Me Ata Që Martohen Për Letra, Mua Më…",668,772
fake_632,632,1,fake,LAJMI I FUNDIT: Albin Kurti tronditë opinioni me këtë qe publikoi për Qeverin Hoti në keto…!,958,1051
fake_633,633,1,fake,Nuk po zgjidhni dot shalqirin e duhur : Të gjithë po i’u dalin “kungull”? Ja se cili detaj u ndihmon juve të zgjidhni shalqirin më të mirë të dyqanit,1356,1506
fake_634,634,1,fake,LAJMI I FUNDIT Nga Gjermania – Ne kete date liberalizohen vizat per Kosovaret,651,729
fake_635,635,1,fake,"“Tërmeti i madh do ndryshojë Tokën, kontinentet do ndahen përgjysmë”, aIarmi i shkencëtarit",884,976
fake_636,636,1,fake,VIDEO:Mustafa Nano: Besimi Në Zot Sjell Veç Të Kë qija,471,526
fake_637,637,1,fake,"Pamje Eksluzive:Vajza E Re Sapo Na La Pa Fjalë: 44-Vjeçari Është Gati Të Lërë Gruan Për Mua, Edhe Pse Nuk I Kam Dhënë Asgjë",673,797
fake_638,638,1,fake,Lajmi më i ri sa i përket pagesave prej 170 eurosh për punëtorët që mbetën pa punë gjatë pandemisë!,882,982
fake_639,639,1,fake,Islanda ofron një shpërblim të madh për ata që martohen me vajzat islandeze,816,892
fake_640,640,1,fake,LAJMI FUNDIT: Kthehen masat në Kosovë?!,721,761
fake_641,641,1,fake,Ekskluzive: Vjosa Osmani në fund të këtij muaji me parti të re?,423,487
fake_642,642,1,fake,"Mjeku lë pa fjalë : Prit se skeni parë gjë akoma, ja se cfarë pritet të ndodhë tani në Korrik",804,898
fake_643,643,1,fake,Kjo qe i tha Vjosa Osmani Albin Kurtit eshte e madhe,587,640
fake_644,644,1,fake,"Kosovën e pret krizë e jashtëzakonshme ekonomike, sipas BQK-së",1538,1601
fake_645,645,1,fake,"Gjermania rrit pagën minimale nga 9.35 euro për orë, rekomandohet në 10.45 euro",1131,1211
fake_646,646,1,fake,Driton Selmanaj – Vjosen nuk e don populli po LDK-ne Vjosa pa neve eshte asgje e shihni ne zgjedhje,1188,1288
fake_647,647,1,fake,Fustani i tejdukshëm ia zbulon krejt trupin Norës,484,534
fake_648,648,1,fake,"Plaku 182 vjeç tregon sekretin e jatëgjatësisë, ai ka ngrënë diçka që kurrë nuk do e hanim",762,853
fake_649,649,1,fake,Avdullah Hoti nuk e përjashton mundësinë e hyrjes së PDK-së në Qeveri,742,812
fake_650,650,1,fake,Ajo papritmas humb jetën në moshën 28-vjeçare pasi bëri diçka që mjaft gra bëjnë. Këto janë shenjat që nuk duhet të inj.oroni kurrë!,1222,1355
fake_651,651,1,fake,"Familja e ish-presidentit Rugova, i del në mbrojtje presidentit Thaçi: Besojmë në pafajësinë e tij dhe Veselit",566,677
fake_652,652,1,fake,"Beogradi shpall gjendjen e jashtëzakonshme, kjo e keqe po ndodh atje",411,480
fake_653,653,1,fake,Befason Thaqi – Un edhe nese arrestohem mbetem krenar rinis jau bera rrogat ka 700 euro dhe krijova vende te punes,954,1069
fake_654,654,1,fake,Fatmir Limaj – Do ta shohim ne zgjedhjet e reja Albinin qysh ka me ba koalicion me PDK edhe as pragun ska me kalu,642,756
fake_655,655,1,fake,Krenar Gashi:“Avdullah Hoti Mund Të Bëhet Si Ibrahim Rugova “ ndoshta me i zoti se aj,805,891
fake_656,656,1,fake,Njihuni me 5 ushqimet që gratë duhet të hanë çdo ditë,2572,2626
fake_657,657,1,fake,"Ky është fshati në Itali që ofron akomodin falas për turistët, oferta vlen nga tani deri në Shtator",763,863
fake_658,658,1,fake,Lajmi i FUNDIT: Rrezikohet jeta e Vjosa Osmanit nga ky person…PAMJE EKSKLUZIVE,631,710
fake_659,659,1,fake,LAJMI I FUNDIT – Albin Kurti dhe Vjosa Osmani ne keto qaste se bashku qfar po zihet Vjosa ne VV??,822,920
fake_660,660,1,fake,Lajmi i Fundit: Prishtina futet ne Karantine?,688,734
fake_661,661,1,fake,EKSLUZIVE Qartet Isa i thot Vjoses ti votat i fitove shkaku i LDK jo qe te don populli,929,1016
fake_662,662,1,fake,"E izoloi veten për 25 vite në këtë shpellë, çfarë bëri aty është e mahnitshme! (Video)",922,1009
fake_663,663,1,fake,Vjen lajm shume i mire per Mergimtaret,572,611
fake_664,664,1,fake,"A do te behet Presidente Vjosa Osmani, Kjo eshte pergjigja e fundit!",641,710
fake_665,665,1,fake,"E tmerrshme eshte kjo qe po ndodhe ne QKUK, PAMJE LIVE",668,723
fake_666,666,1,fake,LAJMI I FUNDIT – Eshte vendosur ne kete jave do te jepen nga 100 euro per secilin qytetare?!,1010,1103
fake_667,667,1,fake,LAJMI I FUNDIT: Lëvizjen Vetëvendosje e formoi Hashim Thaçi!!,1366,1428
fake_668,668,1,fake,Fatmir Limaj – Do ta shohim ne zgjedhjet e reja Albinin qysh ka me ba koalicion me PDK edhe as pragun ska me kalu,1120,1234
fake_669,669,1,fake,`Harrojeni koronavirusin`: Shfaqet një virus i ri dhe i rrezikshëm,2944,3011
fake_670,670,1,fake,Më në fund. Ky është një lajm i mirëseardhur për Kosovëm,1294,1351
fake_671,671,1,fake,"E Fundit VIDEO Eksluzive:Harrojeni Covid19,Frika E Shkencëtarëve: “Hëna Do Të Përplaset Me Tokën”",474,572
fake_672,672,1,fake,"LAJMI I FUNDIT: Dardan Molliqaj godet shum rëndë Albin Kurtin, Shko Albin se po ta…!",1145,1230
fake_673,673,1,fake,"Dështon Samiti i Parisit, Hoti s’e pranon thirrjen e Macronit",1390,1452
fake_674,674,1,fake,Video Eksluzive:Hoti Te gjitha darsmat duhet te anulohen vendimi eshte ky,751,825
fake_675,675,1,fake,"I Shkatërrohet Karriera, Nora Istrefit I Publikohet Video Me Avokatin E Njohur Kosovar",342,429
fake_676,676,1,fake,"Gjermania Planifikon Vendimin E Madh, Ja Çfarë Pritet Të Ndodhë",397,461
fake_677,677,1,fake,"Rama shkon në Vetëvendosje, Kurti nuk del ta pres atë!",461,516
fake_678,678,1,fake,O Zot: Kjo është Dafina qe ndërroi jetë pasi e lindi djalinGruaja që ka fjetur me shumë burra: Ja kush janë më dobët në krevat të pasurit apo të varfërit,669,823
fake_679,679,1,fake,Fatmir Limaj: Albini As Pragun Ska Me Kalu Ne Zgjedhje Te Reja Keni Me Pa O Popull – VIDEO –,892,985
fake_680,680,1,fake,Ganja e PDK-s Kur tka qef Vjosa matum me vota qe si fitoj 50% ma shum se ajo une dha dorheqje nga PDK-ja,958,1063
fake_681,681,1,fake,"Djali më tha: “Ik nga shtëpia!”, nuk dija cfarë të bëja dhe u…",4992,5055
fake_682,682,1,fake,LAJMI I FUNDIT – Eshte vendosur ne kete date do te jepen nga 100 euro per secilin qytetare,923,1014
fake_683,683,1,fake,Lajmi i Fundit: Cka i ndodhi Hashim Thacit para pak minutash ai anuloi edhe konferencen,475,563
fake_684,684,1,fake,Prifti Nga Kosova: Serbët Dhe Grekët I Kemi Vëllezër E Ju Disa Shqiptarë Turq…,788,867
fake_685,685,1,fake,"Pamje të çuditshme në qiell, publikohet VIDEO e rrallë ne kete qytet te….",470,544
fake_686,686,1,fake,Presidenti u drejtohet qytetarëve – a do të japë dorëheqje,1431,1490
fake_687,687,1,fake,LAJMI I FUNDIT – Mbyllen perseri restauratet në Kosovë ???,1319,1378
fake_688,688,1,fake,VIDEO Eksluzive / “Burri Im eshte Serb por eshte me i mir se ju shqiptaret qe svyni asgje,908,998
fake_689,689,1,fake,LAJMI I FUNDIT – Keta jane 2 vellezerit qe humben jeten mbrenda 20 oreve te dy,555,634
fake_690,690,1,fake,"Historia prekëse: Humbi tre fëmijët në aksident, pas një viti i ndodhi ajo që se priste askush",847,942
fake_691,691,1,fake,Shikojeni Se Çka Bëri Ky Djalosh Nga Deqani Për Thaçin E Veselin Në Veturën E Tij!,498,581
fake_692,692,1,fake,Shërbimi ushtarak i obligueshëm – Ky është njoftimi i ri!,863,921
fake_693,693,1,fake,"Video Eksluzive:Gruaja E Hashim Thaçit: Hashimi Ka 5 Herë Natën Po Qohet Jerem Tu Bertit “Gjykata Speciale,Gjykata…”",546,663
fake_694,694,1,fake,"LAJMI I FUNDIT: Vjosa Osmani nuk ndalet, Ja jep goditjen finale Isa Mustafes",803,880
fake_695,695,1,fake,Kjo eshte marrveshja qe do te behet ne shtepine e bardh sdo ta besoni qka do te ndodh me Kosoven,620,717
fake_696,696,1,fake,"Ata Mendonin Se Ishte Fole Lepuri, Por Ajo Që Zbuluan I La Pa Fjalë",711,779
fake_697,697,1,fake,LAJMI I FUNDIT – Qeveria ndan shumen 100 euro per qdo person ne Kosove ja detajet,584,666
fake_698,698,1,fake,E FUNDIT VIDEO EKSLUZIVE: Shqetësuese: Ja sa shkon numri i te lnfektuarve me COVID 19 ne Kosove nuk do ta besoni,684,797
fake_699,699,1,fake,Ministria e Shendetsis merr kete vendim : Do te rikthehemi ne Karantine !,847,921
fake_700,700,1,fake,"Befason Albin Kurti: Me datën 27 korrik , do ta shihni qka do ti ndodh Thacit",893,971
fake_701,701,1,fake,”Amerika vjen me një lajm të madh për Kosovën”,464,511
fake_702,702,1,fake,LAJMI I FUNDIT – Thaçi: Nëse nuk arrihet marrëveshja me 27 qershor kjo do të ndodhë…,12927,13012
fake_703,703,1,fake,"LAJMI I FUNDIT: Eshë ulur çmimi i naftës,nuk do ta besoni se sa ka ra!?",747,819
fake_704,704,1,fake,A Keni Një Telefon Të Vjetër Celular Si Ky Mund Të Fitoni Shumë Para. Ja Kush Kërkon Ta Blejë Direkt,984,1085
fake_705,705,1,fake,"Befason Burdushi me këtë deklaratë për Albin Kurtin, Po ai ishte në…",937,1006
fake_706,706,1,fake,LAJMI I FUNDIT – Vjen nje lajm shume i keq per Kosoven dhe qytetaret e Kosoves,594,673
fake_707,707,1,fake,Nuk e dini? Ja pse është i ndaluar fluturimi i avionëve mbi Qabe,842,907
fake_708,708,1,fake,Mbajeni këtë bimë brenda dhe kurrë minjtë s’do të futen në shtëpinë tuaj,1226,1299
fake_709,709,1,fake,LAJM I MADH NGA GJERMANIA – Deputetja Gjermane jep Lajmin e shumë pritur për Vizat ja kur do tju lshohen Kosoves,907,1020
fake_710,710,1,fake,EKSLUZIVE – E pabesushme qka zbulon Kadri Veseli per Albin Kurtin,800,866
fake_711,711,1,fake,Pirja e duhanit dhe shishat rrisin rrezikun për t’u prekur nga Covidi-19,1334,1407
fake_712,712,1,fake,LAJMI FUNDIT: Shikojeni Se Çka I Ndodhi Kallashit ne keto momente,753,819
fake_713,713,1,fake,"Mixha hyri në një restorant luksoz dhe i shërben kamarierja më e mirë, por të nesërmen ajo shkarkohet pas asaj që kishte bërë!",2550,2677
fake_714,714,1,fake,Agim Veliu: ju qe i besoni Albinit kaq shume do ta shihni kur do ti publikoj diqka te rendesishme,781,879
fake_715,715,1,fake,"A po mi jep 50 euro dhe gjithë natën jam e jotja’, shikoni se qfar po bëjn qikat e reja",982,1070
fake_716,716,1,fake,Qfarë po ndodhë kështu ?! Albin Kurti ‘i del’ në krah Thaçit e Veselit ..,1132,1206
fake_717,717,1,fake,Do të befasoheni: A e dini se kush është burri i ri i Atifete Jahjagës?,529,601
fake_718,718,1,fake,"Kjo Eshte Vajza Ime Blerta Ajo Sot Mbush 28 Vjeq , Kush Me Uron Zoti I Dhashte Ate Qe I Mungon",756,851
fake_719,719,1,fake,Rexhepi:Kosova Jonë Është Dashur Të Pres 600 Vite Për Ta Pas Një Burrë Si Hashim Thaçi,595,682
fake_720,720,1,fake,EKSLUZIVE – Qeveria do ta jap nga 100 euro per qdo qytetar te Kosoves?,918,989
fake_721,721,1,fake,"Cka po ndodh ne shesh te Prishtines,zjarrefiksat jane aty dhe",413,475
fake_722,722,1,fake,"EKSKLUZIVE, Hashim Thaçi jep dorëheqje?",570,610
fake_723,723,1,fake,"Befasuese Lopa Me Prodhim Rekord Qumështi, 54 Litra Dhe Mund Ta Gjeni Në… |",293,369
fake_724,724,1,fake,"Biri Im, më harrove, kam qenë shërbëtorja jote, Sot jetoj e vetme, ndërsa ti…",2748,2826
fake_725,725,1,fake,Lajm fantastik: Kina gjen përfundimisht ilaçin kundër koronavirusit,936,1004
fake_726,726,1,fake,EKSLUZIVE – Keta do te jene deputet ne Partin e Vjosa Osmanit ja detajet,940,1013
fake_727,727,1,fake,Lajm i shkëlqyeshem: Gjermania njeh shkollimin profesional të Kosovës,1097,1167
fake_728,728,1,fake,"Mulla Osmani I ‘Bie Sh,Uplakë’ Milaim Zekës Në Emisionin N’Kosovë Show (Pamje)",527,606
fake_729,729,1,fake,Qeveria do ta lejojë faljen e namazit të Kurban Bajramit,523,580
fake_730,730,1,fake,Këto 6 gjëra duhet ti ndashë veç me veten tënde,2365,2413
fake_731,731,1,fake,Kryeministri britanik jep lajmin e madh: Ja kur mbaron kriza nga COVID-19,792,866
fake_732,732,1,fake,Merkel me telefonatën e saj ndaloi luftën: Erdogan kishte nisur 18 anije ushtarake drejt Greqisë,1535,1632
fake_733,733,1,fake,Çka do të ndodh sot në Kosovë?,1193,1224
fake_734,734,1,fake,"Puntorët e Telekomit: Ma mirë me vdekë prej koronavirusit, se nga Blerim Devolli – Unë punoj Devollët pasurohen",1461,1573
fake_736,736,1,fake,Hoti e quan të shkretë Vjosa Osmanin,453,490
fake_737,737,1,fake,Lajme të mira për kosovarët që po presin viza që të shkojnë në Gjermani për të punuar,759,845
fake_738,738,1,fake,Kjo është xhamia me e bukur në Kosovë,713,751
fake_739,739,1,fake,NASA jep alarmin: Një asteroid i rrezikshëm do kalojë afër Tokës më 24 korrik (Sot),535,619
fake_740,740,1,fake,"Shpend Ahmeti: Qeveria e Kosovës të porosis 2 milion vaksina anti- covid, ShBA e Brtiania tashmë kanë ndarë paratë",1225,1340
fake_741,741,1,fake,Bëhuni zemërgjerë – u zgjatet jeta,1678,1713
fake_742,742,1,fake,Politikanët heshtin për Telekomin e Kosovës,1427,1471
fake_743,743,1,fake,Ja sa pritet të jetë cmimi i vaksinës kundër Koronavirusit: Premton vaksinën deri në fund të vitit,1084,1183
fake_744,744,1,fake,Studimi i ri: Njerëzit kanë më shumë gjasa të infektohen në shtëpi se sa jashtë,685,765
fake_745,745,1,fake,Vaksina “premtuese” e COVID-19 në Oxford: Çfarë është ajo dhe katër gjërat tjera që duhet ditur,538,634
fake_746,746,1,fake,"A ka ardhur koha, të cilën e ka paralajmëruar profeti Muhamed?",433,496
fake_747,747,1,fake,Hoxha nga Drenica i përmend me emra: Këta janë islamofobët që po u pengon ndërtimi i xhamisë,421,514
fake_748,748,1,fake,K oronavirusi: A do të fillojë mësimi nëpër shkolla në shtator ?,668,733
fake_749,749,1,fake,"E fyejti rëndë Rugovën, vjen përgjigja për Nasim Haradinajn dhe mësohet e vërteta e padëgjuar – veprimtari ka disa fjalë edhe për “znaçkën”",774,914
fake_750,750,1,fake,Basha ua jep një premtim të madh kosovarëve nëse bëhet kryeministër i Shqipërisë,1077,1158
fake_751,751,1,fake,"Pse duhet t’i fotografoni pajisjet tuaja, para se të dilni?",974,1034
fake_752,752,1,fake,Ky është personi që u godit me sopatë nga i biri në Fushë Kosovë,407,472
fake_753,753,1,fake,Basha ua jep një premtim të madh kosovarëve nëse bëhet kryeministër i Shqipërisë,509,590
fake_754,754,1,fake,"E gjen dhuratën e ‘ëndrrave’ mbi tavolinë, nusja e Goldit bën reagimin e papritur",400,482
fake_755,755,1,fake,Lajm Fantastik për Vjosa Osmanin,723,756
fake_756,756,1,fake,"Fotografi brenda Klinikës Infektive në QKUK, mjekë të lodhur e rraskapitur: Këtu as Supermeni nuk bën punë",1320,1427
fake_757,757,1,fake,Koronavirusi: A do të fillojë mësimi nëpër shkolla në shtator ?,414,478
fake_758,758,1,fake,Çfarë e zhduk koronavirusin? Italianët bëjnë zbulimin që do na rikthejë në normalitet,552,638
fake_759,759,1,fake,Del nga shtëpia i infektuari me koronavirus në Skënderaj,578,635
fake_760,760,1,fake,Mj eku i njohur Pellumb Pipero jep lajmin e k eq: Pa ndemia mund të zgjasë deri në..,552,637
fake_761,761,1,fake,"Covid-19/ Pëllumb Pipero: Situata ka dalë jashtë pritshmërive, virusi mund të zgjasë deri në …",453,548
fake_762,762,1,fake,"Habit Pëllumb Pipero: Maskat normaliteti i ri, pandemia mund të zgjasë dy vite",609,688
fake_763,763,1,fake,Toka e një serbi shkaktar që la dy të vdekur në Podujevë – Si nisi ngjarja?!,349,426
fake_764,764,1,fake,"Si u bë Mali i Zi, nga vendi “pa koronavirus” në vendin me numrin më të madh të të infektuar për 100,000 banorë",507,619
fake_765,765,1,fake,"Intervistimi 4 ditor i Thaçit, Raportuesja për Kosovën bënë veprimin e papritur",1131,1211
fake_766,766,1,fake,"Fustani e ‘tradhëton’ Taynan, i del jashtë një pjesë e gjoksit!",542,606
fake_767,767,1,fake,Morena Taraku godet përsëri: Shfaqet nga pishina pa bikini,868,927
fake_768,768,1,fake,Fillon të shkrihet akulli që “sjell fundin e botës”!,1650,1703
fake_769,769,1,fake,Tomë Gashi publikon videon e Besa Gaxherrit që tr onditi Hashim Thaçin: Shkele edhe mbi k ufomat dhe vr ave kundërshtarët politik,797,927
fake_770,770,1,fake,"Fotografi brenda Klinikës Infektive në QKUK, mjekë të lodhur e rraskapitur: Këtu as Supermeni nuk bën punë",810,917
fake_771,771,1,fake,"E dashura e Feros ‘ndezi’ rrjetin me fotot e fundit, shfaqet e tëra e zhveshur në vaskë",317,405
fake_772,772,1,fake,"Ylli super seksi i ‘Victoria Secret’ kapet ‘mat’ nga paparacit, bikinit morën të gjithë vëmendjen",690,788
fake_773,773,1,fake,Ky veprim po cmend rrjetet! Cila eshte pergjigja e sakte? Më pak se 1% e dine,758,836
fake_774,774,1,fake,"Ata që pinë çaj rregullisht, kanë tru më të sh ëndetshëm",645,702
fake_775,775,1,fake,"UPS! Djali që s’e dimë a punon, i politikanit shumë të njohur shqiptar blen 25 mijë e uro, kur shqiptarët po v uajnë për bukë",613,739
fake_776,776,1,fake,Arta Elezaj sjell video provokuese nga pushimet,338,386
fake_777,777,1,fake,Popullsia e botës do zvogëlohet për 2 miliardë deri në vitin 2100,1281,1347
fake_778,778,1,fake,"Kjo nene cdo dite bart femijen e saj te p aralizuar ne shpine , cfare s akrifice e nenes",726,815
fake_779,779,1,fake,"Kjo është bebja kosovare me emrin më të çuditshëm në botë, ka habitur edhe gjermanët…",268,354
fake_780,780,1,fake,"‘Po bëj një video të bukur përpara se të v,d,es’, Arbenita na e ngriu gjakun me deklaratën e fundit",486,586
fake_781,781,1,fake,Greqia: I dhimbshëm vendimi për xhaminë,702,742
fake_782,782,1,fake,Publikon fotografin e nënës së tij në gjendje të rëndë nga Infektiva Prishtinë: Turp për ata që s’mbajnë maskë,1186,1297
fake_783,783,1,fake,Të marrësh kredi për të bërë fëmijë / historia emocionuese e çiftit që u bënë prindër pas 15 vitesh,692,792
fake_784,784,1,fake,"Arta Elezaj e dashuruar në det, sjellë poza atraktive nga pushimet",444,511
fake_785,785,1,fake,"Arta Elezaj e dashuruar në det, sjellë poza atraktive nga pushimet",444,511
fake_786,786,1,fake,"E gjen dhuratën e ‘ëndrrave’ mbi tavolinë, nusja e Goldit bën reagimin e papritur",400,482
fake_787,787,1,fake,Thaçi del nga Specialja: Ka pak fjalë,235,273
fake_788,788,1,fake,Albin Kurti e quan Zezaj Ministrin e Shëndetësisë,1380,1430
fake_789,789,1,fake,"Zemaj deputetëve të VV’së: Ju jeni shëtit me paramilitarë, unë jam nip i Mic Sokolit",1300,1385
fake_790,790,1,fake,"Intervistimi maratonik i Hashim Thaçit nga Specialja, jep detaje se për çfarë u morë në pyetje",573,668
fake_791,791,1,fake,"E FUNDIT:Djali I Isa Mustafes,Ndan Lajmin E H idhur",433,485
fake_792,792,1,fake,"Erdhi Nga Gjermania Në Vendlindje, Por Ja Çka I Ndodhi Mërgimtarit!",748,816
fake_793,793,1,fake,"Bëri dasmë në kohën e koronavirusit, Rama i bën shqiptarit atë që nuk e kishte parë as në ëndrrat më të k ëqija",660,772
fake_794,794,1,fake,S’ka dasma këtë vit: Hoti paralajmëron dënime të ashpra për ata që organizojnë ahengje,958,1045
fake_795,795,1,fake,"E kemi parë provokuese me veshje të ngushtë, kështu duket Melinda në bikini",381,457
fake_796,796,1,fake,"Kjo është bebja kosovare me emrin më të çuditshëm në botë, ka habitur edhe gjermanët…",959,1045
fake_797,797,1,fake,S’ka dasma këtë vit: Hoti paralajmëron dënime të ashpra për ata që organizojnë ahengje,716,803
fake_798,798,1,fake,Lul Raka tregon se kur do të përfundojë pandemia,666,715
fake_799,799,1,fake,"Bikinit e vogla për përmasat e Angelës, modelja provokon me gjoksin",535,603
fake_800,800,1,fake,Arta Nitaj thekson trupin ‘bombastik: Hajr ishalla,305,356
fake_801,801,1,fake,Tayna provokon me të pasnet gjigante,541,578
fake_802,802,1,fake,"Harrojeni Taynan, shikojeni sa të bukur e ka nënën (foto)",208,266
fake_803,803,1,fake,A do të mbyllen prapë xhamitë?,425,456
fake_804,804,1,fake,Mediat serbe: 50 malazezë hyjnë nga Kosova në Serbi për të bërë trazira,703,775
fake_805,805,1,fake,"Anglia jep një lajm të mirë për shqiptarët, për ta s’ka më nevojë për…",754,825
fake_806,806,1,fake,Lotina e bën edhe këtë gjest (FOTO),419,455
fake_807,807,1,fake,SH.OKON Zoran Zaev: Shqiptarët nuk vlejnë pesë pare,734,786
fake_808,808,1,fake,FËMlJA i a doptuar thotë DlÇKA në sallën e GJYQlT që prek z emrën e të GJlTHËVE,716,796
fake_809,809,1,fake,Oj Qeveri: Ku mbetën 170 eurot që qytetarët janë në pritje të tyre ?,570,639
fake_810,810,1,fake,"Gjermania ka mbyllur dyert për Kosovën, mirëpo këto kategori të qytetarëve lejohen të udhëtojnë",609,705
fake_811,811,1,fake,"Belgjika ndalon udhëtimet në Maqedoninë e Veriut, a gjinden në listë Kosova dhe Shqipëria?",805,896
fake_812,812,1,fake,Ermira Dhe Goldi Po Bëhen Prindër Për Herë Të Parë? Nusja Më Në Fund Zbulon Barkun,496,579
fake_813,813,1,fake,Arbenita E Feros: Pasqyrë Moj Pasqyrë Kush Më E Bukur Se Unë?,737,799
fake_814,814,1,fake,Të Famshmet Shqiptare Nisin Pushimet – Pushtojnë Rrjetet Sociale Me Pozat Në Bikini,537,621
fake_815,815,1,fake,Sa Pak Zgjati! Morena Taraku I Jep Fùnd Lídhjes Me Partnerin E Saj (FOTO),793,867
fake_816,816,1,fake,"Angela Martini lë ‘pa fjalë’ ndjekësit, publikon fotot me këmbët hapur dhe fustanin…",411,496
fake_817,817,1,fake,"Selimi, Thaçit: o Hashim Gjykatësit e Speciales nuk janë pronto që shkarkohen, ata të shkarkojnë",685,782
fake_818,818,1,fake,Pamje Emocionuese: Shikojeni si trajtohen të sëm urët me Koronavirus në Prishtinë,405,487
fake_819,819,1,fake,"Madhështore:Pas peticioneve “kundra” Labit,veprimi që ndërmori ai na gëzon të gjithëve",431,518
fake_820,820,1,fake,"Austria thirrje qytetarëve të saj: Mos udhëtoni në Kosovë, ja arsyeja",906,976
fake_821,821,1,fake,I del flaka Beogradit/ Nata e dytë e protestave të dhunshme,638,698
fake_822,822,1,fake,"Modelja amerikane nuk ka frikë nga gjarpri, shikojeni se çfarë bën me të",499,572
fake_823,823,1,fake,"Milioneri nga Vushtrria lëvron arat, na njofton me pasurinë marramendëse (VIDEO)",391,472
fake_824,824,1,fake,Nëna 80-vjeçare që ia kontrollon tërë pasurinë milionerit nga Vushtrria ka një porosi për shqiptarët (Video),426,535
fake_825,825,1,fake,"Eskalon situata në Serbi, protesutesit futen në Kuvend",611,666
fake_826,826,1,fake,Beogradit po i del flaka,698,723
fake_827,827,1,fake,Dasma Shqiptare Që Po Çmend Mediat Serbe (VIDEO),492,541
fake_828,828,1,fake,Vajza e deputetit shqiptar e djeg partyn me shoqërinë e saj,818,878
fake_829,829,1,fake,"Burri Ia Bën Dhuratën Më Të Bukur, Adelina Nuk Përmbahet Në Reagimin",690,759
fake_830,830,1,fake,"‘Cmendet’ Moti Në Shqipëri, Shihni Çfarë Po Ndodh Në Plazhin E Borshit",506,577
fake_831,831,1,fake,E Madhe Kjo! Plaku Shqiptar bënë tatuazh fytyrën e Shyhrete Behlulit,438,507
fake_832,832,1,fake,Lajm i madh nga Gjermania për gjithë Mërgimtarët që dëshirojnë të vijnë për pushime në vendlindje!,1632,1731
fake_833,833,1,fake,A paguhen 10 ditët e humbura të karantinës në Zvicër? Flet Shoqata e Sipermarrësve Zviceranë,1423,1516
fake_834,834,1,fake,"VIDEO EKSLUZIVE:Adrola Dushi Celebron Lidhjen Me Politikanin Nga Kosova, Pamje Nga Festa Luksoze Që I Dashuri I Bëri Dhuratë Për 27- Vjetorin",427,569
fake_835,835,1,fake,"Video Eksluzive:“Doja Të Bleja Shtëpi, Ai Ishte Ndërtuesi I Pallatit”, Alketa Vejsiu Rr Ëfen Hi Storinë! Si U Njoh Me Burrin: U Çmenda Pas Syve Të Tij",520,671
fake_836,836,1,fake,"Pamje Eksluzive:Çmendet Doganieri Gjerman I Hap Qantën Shqiptarit, Tr Onditet Nga Ajo Që I Gjen Brenda",432,535
fake_837,837,1,fake,"E FUNDIT / Në Serbi mbyllen të gjitha xhamitë, kjo është arsyeja ..",634,702
fake_838,838,1,fake,Prishtinë – V’dekje të dyshimta të pacientëve me Koronavirus në Klinikën e Infektivës,421,507
fake_839,839,1,fake,"Pamje Eksluzive:Pasi S’ka Dasma, Labi Merr Një Vendim B.Efasues",559,623
fake_840,840,1,fake,"Drenicakja rr.a.h një mashkull, Por ja çka i ndodh pastaj!",710,769
fake_841,841,1,fake,"Pamje Eksluzive:E Dashura Mërgatë, Kujdes! Mendohuni Mirë A Do Merrni Pushimin Për Në Vendlindje!",434,532
fake_842,842,1,fake,Vajza e Lutfi Hazirit ‘çartet’ shikojeni çka publikon ajo!,525,584
fake_843,843,1,fake,BE-ja zhgënjen prap Kosovën me këtë vendim,409,452
fake_844,844,1,fake,Mërgimtari nga Zvicra: Shumë jam përmallu për familjen dhe nuk e lo pa ardh në vendlindje me ditë qe…,2212,2314
fake_845,845,1,fake,"Nora Publikon Pamje Nga Pushimet, Zbulohet Se Kush Po E Shoqëron",412,477
fake_846,846,1,fake,LAJMI I FUNDIT – Nuk do ta besoni qfar po ju ndodh Mergimtarve ne keto m.omente…,604,685
fake_847,847,1,fake,"Plani i BE: Nuk ka datë për çelje negociatash, Shqipëria duhet të heqë dorë nga ..",894,977
fake_848,848,1,fake,Lajmi I FUNDIT: Rrezikohet Jeta E Vjosa Osmanit Nga Ky Person…PAMJE EKSKLUZIVE!?,569,650
fake_849,849,1,fake,Adelina Tahiri Frikësohet Mos Po E Kap Mësyshi,563,610
fake_850,850,1,fake,"Labi e “djeg” atmosferën në Ferizaj, as qeveria s’mund ta ndalon",570,635
fake_851,851,1,fake,“Më ndihmo që të shikoj fëmijët!” Motra i kërkon falje vëllait pas shumë vitesh,372,452
fake_852,852,1,fake,"Ish-ko.mandanti i UÇK-së tr.ondit me de.klaratën për “znacken”, Milaim Zeka sp.iun i shërbimeve të huaja",493,598
fake_853,853,1,fake,"E gjen ordinancën të mbushur plot me dhurata nga Goldi, shikoni reagimin e nuses së tij",457,545
fake_854,854,1,fake,"Haraqija: o Popull, Hashim Thaçi e formoi Lëvizjen Vetëvendosje",362,426
fake_855,855,1,fake,E FUNDIT:Video Eksluzive:Gju.At.Je Me A.R.M.Ë Në Mes Dy Grupeve Në Prishtinë!,363,441
fake_856,856,1,fake,"Gjermania planifikon vendimin e madh, ja qfarë pritet të ndodhë",739,803
fake_857,857,1,fake,Video Eksluzive:Jakup Krasniqi” Ramiz Lladrovci Ka Incizimi Të Adem Jasharit. Hashim Thaci Dhe Kadri Veseli Kanë Qenë Në Armiqési Me Adem Jasharin”,693,841
fake_858,858,1,fake,Çdo bëhet me këtë vend?! Zëri i Amerikës ia pl.as të vërtetën Shqipërisë: Më ulët se kurrë…,594,686
fake_859,859,1,fake,Video Eksluzive:BE Mbylli Kufinjtë Me Shqipërinë! Vjen Lajmi I Papritur Nga Italia,421,504
fake_860,860,1,fake,"Video Eksluzive:Bashkëshorti: Kur Gruaja Më Tha Që Djalin Nuk E Kam Me Ty, Më Iku Tr.Uri I Kokës",383,480
fake_861,861,1,fake,"Video Eksluzive:“Mos Shkoni Në Spital Nëse S Ëmureni, Ja Kerkesa E Fortë I Mjekut Per Ko Ronavirusin",555,656
fake_862,862,1,fake,"Vjosa Osmani nuk i beson Policisë së Kosovës, kërkon mbrojtje nga K.FOR?",465,542
fake_863,863,1,fake,"Video Eksluzive:“Shqiperia Ka Qene Greqi”, Këngëtarja E Njohur ‘Shp Ërthen’ Ndaj Arjan Çanit: Ky Njeri Duhet Te",481,593
fake_864,864,1,fake,Mustafa i përgjigjet Haki Abazit: Le të shkojë te doktori të kontrollohet,603,677
fake_865,865,1,fake,Vjosa Osmani i shkruan LDK’së i fut në “MAT” Pozicion ajo u kërkon aty që të…,579,657
fake_866,866,1,fake,Albin Kurti e shp.ëtoi Kosovën nga c.opëtimi i metejshëm:Grenellit dhe Kosnetit u erdhi goja: Jemi k.undër c.opëtimit të Kosovës!,484,614
fake_867,867,1,fake,Futet në përdorim il.açi që do shp.ëtojë jetën e pac.ientëve me ka.ncer,589,661
fake_868,868,1,fake,"Video Eksluzive:Ju Kujtohet Shpresa E “Përrallë Me Tupan”? Ja Me Kë Është Martuar Ajo, Do Befasoheni",716,817
fake_869,869,1,fake,"Gold-Ag ‘nafakli’, nusja e tij shkëlqen te Sellma (FOTO)",366,423
fake_870,870,1,fake,Gazeta Gjermane flet për Thaçin: Bomba plasi në sekondën e fundit,484,550
fake_871,871,1,fake,Ish-ushtari tregon çka u kishte thënë Adem Jashari kur i pa serbët duke ardhur (VIDEO),566,653
fake_872,872,1,fake,Buzhala tregon si e kuptoi që ishte infektuar me vi.rus,410,466
fake_873,873,1,fake,"Gruaja li.ndë fëmijën e 6-të, ja pse babai kur sheh foshnjën fillon të b.ërtasë papritur",458,547
fake_874,874,1,fake,"Pamje Eksluzive Po Bojn Namin:Me Të Bren.Dshme Transparente Dhe Poza Provo,Kuese, Juristja Shqiptare Tërbon Rrjetin",651,767
fake_875,875,1,fake,"Labi gëzon vajzën me aftësi të kufizuara, ia dorëzon një karrocë të re (VIDEO)",664,743
fake_876,876,1,fake,Zeka: Albin Kurti i ka thënë prokurorit special ‘bëj diçka’ ndaj Thaçit,686,758
fake_877,877,1,fake,"Edi Rama: Sot më shumë se kurrë më parë, roftë Kosova dhe UÇK-ja",711,776
fake_878,878,1,fake,Video Eksluzive:Albin Kurti: O Hashim Të Thosha Mos E Votoni Gjykatën Në Kosovë Po Ju …,476,564
fake_879,879,1,fake,Pamje Eksluzive:E Tepron Tayna Para Koncertit: Në 5 Video-Selfie Ekspozon Gj0ksin Gjigand,496,586
fake_880,880,1,fake,Kadri Veseli “kë.rcënon” ata që u pasuruan pa djersë,542,595
fake_881,881,1,fake,"Flet Vjehrra Qe Tentoi Ta Hel,Monte Nusja Me H Elm Ne Kos Dhe Ajo A Gjeti… VIDEO",396,477
fake_882,882,1,fake,Video Eksluzive:Genta Ismajli E Dërgon Të Dashurin Turk Në Gjilan,549,615
fake_883,883,1,fake,"Video Eksluzive:Dasmë Me Maska, Si U Martuan Dy Mjekët Shqiptar Gjatë Pandemisë Së Covid-19…",538,631
fake_884,884,1,fake,"Video Eksluzive:Stuhi E Breshër I Fri Kshëm Në Turqi, Gazetarja Gja Ko Set Gjatë Raportimit Live",476,573
fake_885,885,1,fake,Video Eksluzive:iPhone Juaj Do Të Shërbejë Tani Edhe Si Çelës Veture,491,560
fake_886,886,1,fake,"“Myzhde”, nga kjo datë lejohen dasmat në Kosovë",465,513
fake_887,887,1,fake,"Vjen një lajm shumë i keq për Kosovën dhe qytetarët e saj, KUJDES",557,623
fake_888,888,1,fake,Doktori i QKUK-së hedh vrer mbi politikanët kosovarë: A keni familje more politikuaj,460,545
fake_889,889,1,fake,"E Porsalindur Dhe Ecën, Publikohen Pamjet Mbreslënëse Dhe… (VIDEO EMOCIONUESE)",333,412
fake_890,890,1,fake,"Policia Nuk Kursehet Aspak Për Familjen Shqiptare, E Shpo.Rrin Me Urgjencë. 26-Vjeçarja Me Barkun Te Goja Bashkë Me Djalin 2 -Vjeçar",664,797
fake_891,891,1,fake,"Jemi vonë por… Pandeli Majko jep lajmin e madh, është hera e parë në hi.stori që ndodh",499,586
fake_892,892,1,fake,"Shuhet shp.resa për shqiptarët, eu.rodeputeti: Ja përse nuk do të hapen n.egociatat me BE-në",602,695
fake_893,893,1,fake,"Vuçiq: Faleminderit për ata 4.000 Shqiptarë që më v.otuan, ata kan besim në mua!",732,813
fake_894,894,1,fake,Kryeministri shqiptar që përfundoi duke pastruar ujërat e z.eza,453,517
fake_895,895,1,fake,Nëse vazhdojnë rastet të rriten kështu do të hyjmë në karantin përsëri me këtë datë,603,687
fake_896,896,1,fake,Propozohet ndihmë me nga 100€ për secilin qytetarë në Kosovë,441,502
fake_897,897,1,fake,"Ambasadori amerikan thotë se s’ekziston ujdi e gatshme, siç thoshte Kurti",827,901
fake_898,898,1,fake,"EKSLUZIVE: Nëse arrihet marrëveshja me Serbinë, Ja se çfarë mund t`i ndodh Kosovës",493,576
fake_899,899,1,fake,Thellohen pë.rçarjet në LDK- Hiqen fotografitë e Vjoses nga zyret,449,515
fake_900,900,1,fake,‘Ja çfarë po tenton të bëjë Vjosa Osmani’,540,582
fake_901,901,1,fake,Mimoza Kusari: Asnjë d.yshim nuk e kam se Vjosa do të dalë ende më e fortë nga kjo sf.idë,350,440
fake_902,902,1,fake,MJERIM! Edhe kryetari i ri i Bashkësis Islame në Maqedoni zihet me dashnore…,514,591
fake_903,903,1,fake,VIDEO EKSLUZIVE:Mihrije Braha Flet Për Shtatzëninë E Dës Htuar,350,413
fake_904,904,1,fake,"Qe.veria i lëshoi pagesat për punëtorë nga Pako Em.ergjente, por ja kush i bll.okoi ato!",462,551
fake_905,905,1,fake,"Re.agon Gani Geci: Ata që shk.arkuan Vjosa Osmanin, janë a.rmiqtë e Ibrahim Rugovës",358,442
fake_906,906,1,fake,Nga VV tregojnë nëse do ta pranojnë Vjosa Osmanin në parti,473,532
fake_907,907,1,fake,VIDEO EKSLUZIVE:Grida Duma: Edi Rama Ka Pro.Bleme Me Pastër.Tinë E Duarve…,476,551
fake_908,908,1,fake,VIDEO EKSLUZIVE:Ilir Meta E Financoi Me Parat E Dro.Ges Filmin E Bes Kallakut Dhe I Solli Dhe Dashnoren Bleonen Si Aktore…,620,743
fake_909,909,1,fake,"Eks.pertët e sig.urisë: Nesër, rusët mund të bëjnë gr.ushtet në Beograd",339,411
fake_910,910,1,fake,Kjo është mundësia e ardhjes së mërgimtarëve nga Gjermania,385,444
fake_911,911,1,fake,Vjosa Osmani: Mua më ka ngritur populli dhe vetëm ai do të mund të më rrëzojë!,675,754
fake_912,912,1,fake,"Gazetarja e sportit: Në Kosovë janë dy lloje të referave, dallavergji dhe amatera",413,495
fake_913,913,1,fake,"‘Harrojnë’ Cov Id, Ja Se Çfarë Ndodhi Sot Në Plazhet E Shqipëris (Video)",483,556
fake_914,914,1,fake,"Habit Gazetari, Bën Deklaraten E Pa Pritur!, “Nuk Dua Të Martohem Sepse Jam…” (VIDEO)",503,589
fake_915,915,1,fake,‘Dua Të Shoh Ç ‘Femër Je’ Vajza E Re Tregon Detajet E Rënda Në Shtëpinë E Ish Burrit: Kunati Më Ngacmonte Me… (VIDEO),536,654
fake_916,916,1,fake,"Ky baba është h.ero – shet veturën për ta shkolluar vajzën, pas 21 vitesh vajza e b.efason me diçka. Ky nuk ndalet së q.ajturi (VIDEO)",471,606
fake_917,917,1,fake,"Rruga shnd.ërrohet në ri.ng, shoferi n.oka.uton tri herë shoferin tjetër",356,429
fake_918,918,1,fake,"Luana Vjollca Merr Seriozisht Çështjen E Sigurisë Ndaj Vetes, Moderatorja Angazhon Truprojën",548,641
fake_919,919,1,fake,"Vjen një g.oditje për Thaçin, Ramën dhe Batonin, profesori përmend se çfarë mund të pritet nga këta të fundit",484,594
fake_920,920,1,fake,"Shkodrania ps.ikologe sociale: Adriana gë.njen, nuk kemi pasur kurrë mësues fetar në Shtëpinë e Fëmijës de.noncimi për pr.opagandë emisioni i porositur (ARGUMENTAT)",328,493
fake_921,921,1,fake,"I hoqën patentën, Ermal Mamaqi flet për herë të parë pas udhëtimit me shpejtësi ‘të frikshme’: Asgjë nuk ta vjedh energjinë si….",397,526
fake_922,922,1,fake,"Po Raportonte Live, Djali 4-Vjeçar I Hyn Në Studion E Lajmeve,Padashje E Zh’vesh Ja Reagimi I Saj",353,451
fake_923,923,1,fake,"H. umbi shikimin që në moshë të vogël, vajza merr lajmin e madh nga ‘Dua të të bëj të lu. mtur’",399,495
fake_924,924,1,fake,"“Rrjeti shpë rtheu” me gafën së saj, reagon Rudina Magjistari: Jeni thjesht ca paçavure",450,538
fake_925,925,1,fake,Me Se Ngjan Lumturia? Shikoni Videon E Dy Fëmijëve Që U Bë Virale,469,535
fake_926,926,1,fake,E përdh unuan që në moshën 12-vjeçare/ “Fusnin njerëz në konvikt dhe nëse nuk bëja shumën ditore…”,618,717
fake_927,927,1,fake,"Noizy pajtohet me Encën, çfarë e theu akullin mes tyre pas dy vitesh",483,552
fake_928,928,1,fake,"Denoncimi/ “Halla ab.uzon me vajzën time, nxit djem të rinj për nga.cmime se.ks.uLe në rrjetet sociale”",686,790
fake_929,929,1,fake,"Burri në Tiranë rr.ihet nga ish gruaja, me shk.elma e sh.ishe q.elqi, dalin d.etajet e s.kandalit",755,853
fake_930,930,1,fake,"EKSLUZIVE NOIZY Tashmë Edhe Aktor, Ja Çfarë Roli Do Ketë Në Filmin Gjerman!",364,440
fake_931,931,1,fake,"Xheni dhe partnerja e saj duan të bëhen me fëmijë, ja kush do jetë dhuruesi",415,491
fake_932,932,1,fake,"Kejvina Kthella Feston Ditelindjen,Shihet N’krahët E Reperit Me Sy Blu (Video)",329,408
fake_933,933,1,fake,Ky eshte shoferi kosovar që ka 16 mijë euro gj.oba të trafikut,454,517
fake_934,934,1,fake,Merkel gezon te gjithe me kete lajm per koronavirusin,503,557
fake_935,935,1,fake,"Si Po Zhvat Milionerin Zajmina Vasjari E Ndau Nga Gruaja E Pare, Tani Tregon Pamjet Nga Vila Superlu.Ksoze",654,761
fake_936,936,1,fake,Marina Vjollca Shtatzene. Videoja Qe Po Çmend Rrjetin,481,535
fake_937,937,1,fake,Lul Raka tregon se kur do të mund të vijnë bashkatdhetarët në Kosovë,463,532
fake_938,938,1,fake,"Leje qëndrimi për punëtorët sezonalë në Itali, nis procesi, ja sa shqiptarë mund të përfitojnë…",502,598
fake_939,939,1,fake,(VIDEO) A Nuk Eshte Mrekulli? Momenti Kur Femija Shpetohet Nga Mb.Ytja Ne Pishine,513,595
fake_940,940,1,fake,Një Fosh Një E Vogël E Hed’hur Në Një Qese Plas Tike Dhe E Brak Tisur Në Pyll Është Gjetur E Gja Llë,500,601
fake_941,941,1,fake,"“Po Vazhduat Kështu, Do Përfundoj Tek Berberi”/ Një Kopje E Angelina Jolie, Moderatorja Çmend Ndjekësit",603,707
fake_942,942,1,fake,"E dhimbshme: Ky është 20 vjeçari që vdiq në aksident me motoçikletë në Komoran, djalë hastreti",792,887
fake_943,943,1,fake,I Dhane Fund Marteses Se Gjate/ Keto Jane VAJZAT VIP Qe U Ndane Dhe Nuk E Kthyen Koken Pas,326,417
fake_944,944,1,fake,Veseli i reagon Kurtit: Mashtrues që po e rrënon Kosovën,664,721
fake_945,945,1,fake,"Exluzive Aeroplani Rrëzohet Në Det, Piloti Filmon Momentin E Shpëtimit Nga..",665,742
fake_946,946,1,fake,"Bileta duke filluar nga 19 euro bileta, kompania e njohur tashmë do të operoj drejt 25 destinacioneve",410,512
fake_947,947,1,fake,"E rrallë, Parashqevi Simaku : Kam bërë g abim, jam kthyer në një kohë shumë të papërshtatshme ku të gjithë ishin duke",433,551
fake_948,948,1,fake,"P las k eq në emision Shihemi ne gjyq, Ardit Gjebrea nuk e mban dot me, “jam aq shumë e mërzitur, sa të",687,791
fake_949,949,1,fake,"Gani Geci: VV janë komunista, ata duhet mi “zhduk“ prej Kosove",554,617
fake_950,950,1,fake,"Zeka: Albin Kurti po nxit vëllavrasjen, mund të ketë lufte civile",429,495
fake_951,951,1,fake,"Gucati tha se kullat po shembën faji i Qeverive, ky është reagimi i Bekim Jasharit",413,496
fake_952,952,1,fake,Rrëqethëse/ E Përd Hunoi Në Shkollë! 65-Vjeçari Që Kapi Me Forcë Nxënësen 15-Vjeçare Ishte Roja I Shkollës,564,671
fake_953,953,1,fake,"Ak.si.denti tragjik me pasojë vdekjen, vi.ktima ende në rrugë",436,498
fake_954,954,1,fake,"Vajza e Gëzimes, Emma për herë të parë në Kosovë, shikoni si ia kanë zbukuruar shtëpinë (FOTO)",537,632
fake_955,955,1,fake,Nora Më Atraktive Se Kurrë! Pozon Me Fustanin Ekstravagant (VIDEO),461,528
fake_956,956,1,fake,"E Dh Imbshme! Vd Es Nga Një Pr Oblem I Shkurtër Shë Ndetësor Në Moshë Të Re, Oficerja E Policisë Nga Lipjani",466,575
fake_957,957,1,fake,Milaim Zeka:Ja Kush E Bëri Virusin Dhe Kur Do Të Kaloj…!!!,391,450
fake_958,958,1,fake,"Shqiptare Merrni Valixhet Dhe Largohuni! Arian Cani Ben Thirrje: Skeni Para Gje Akoma, Ajo Qe Do Ndodhe Eshte E Tm.Errshme",664,787
fake_959,959,1,fake,Djali I Adem Jasharit I Bashkohet Kësaj Partie Politike?,244,301
fake_960,960,1,fake,"Gazeta Zvicerane: Kjo Ndodh Vetëm Në Kosovë, Bëhet Qeveria Pa ..",358,423
fake_961,961,1,fake,Urrime Gurbetqar:ja kur do të hapen të gjithë kufijt…,346,400
fake_962,962,1,fake,ENGJI A je ti ? Mbajeni frymën na tranoj!,503,545
fake_963,963,1,fake,"Thaçi: Kurti po frikëson dhe shantazhon opinionin publik, mediat e opinionistët, por unë nuk frikësohem",380,484
fake_964,964,1,fake,"Thaçi: Kurti erdh me yryshin për mem shkarku mu, por e kam deklaru un se aj ka me shku ma shpejt se un🤣🤣🤣",453,559
fake_965,965,1,fake,Çka nëse nuk mbahen dasmat këtë verë?,425,463
fake_966,966,1,fake,"Arben, edhe ti a?🤦‍♂️",605,627
fake_967,967,1,fake,Kjo është data kur mund të merret vendimi për viza për kosovarët,3175,3240
fake_968,968,1,fake,"Ish-agjenti i SHIK-ut, Miftari, Unë nuk kam “kënduar” në Hagë, Nuk jam si ju…",634,712
fake_969,969,1,fake,"Më në fund tregon Jakup Krasniqi, ja pse Thaҫi e Veseli nuk pranohen në familjen Jashari",442,531
fake_970,970,1,fake,"“Veç edhe një lëvizje e LDK-së që Vjosa të formojë partinë e saj”, parashikimi befasues për kryeparlamentaren",663,773
fake_971,971,1,fake,LAJMI FUNDIT: Hashim Thaçi ¨tenton¨ te ia merr jeten Gani Gecit,646,710
fake_972,972,1,fake,“Çartet“ Vjosa Osmani! Ulu aty o Kujtim “Unë jam sherifi këtu”,1236,1299
fake_973,973,1,fake,"Dikur ishte truprojë e Thaçit, Ja çka thotë ai tash për Hashimin!",667,733
fake_974,974,1,fake,Engjellusha a je ti? Nuk i besova syve kur të shikova në plazhë!,434,499
fake_975,975,1,fake,"Flet Meda “Ja kam pa hajrin ktij populli, me shpi e kerra”",421,480
fake_976,976,1,fake,"Ganja e PDK-së, Vjosa mori Vjosa, mbete edhe pa LDK-në edhe pa mbretin Albinin!",1035,1115
fake_977,977,1,fake,"Këtë askush nuk e priti, Ja çfarë vendimi merr Zvicra për kufijtë!",2349,2416
fake_978,978,1,fake,"“Shqiptarët po vijnë të ínfektuar”, Kërkohet bllokími i fluturimeve",1163,1231
fake_979,979,1,fake,"Kosova në zgjedhje të jashtëzakonshme, Kjo është data!",1045,1100
fake_980,980,1,fake,"Hashim Thaçi: Kosova është e Shqiptarëve, Këtë e di mirë edhe Beogradi",1014,1085
fake_981,981,1,fake,"Thaçi: Ju betohem, Unë çdoherë do të jem në shërbim të Kosovës e shqiptarëve",921,998
fake_982,982,1,fake,A është normal ky njeri? Kjo qe tha Mustafo Nano për Kosovën do iu nervozoj!,532,609
fake_983,983,1,fake,"Mërgimtarët po ikin nga Kosova, Çka po ndodh kështu?",756,809
fake_984,984,1,fake,E Papritur: PDK ia bën “8 me 2“ LDK-së,935,974
fake_985,985,1,fake,"​Daut Haradinaj: UÇK është e pastër, turpi është te shteti i Millosheviqit",930,1011
fake_986,986,1,fake,"Zvicër, të befasuar me numrin e udhëtarëve që paraqiten për karantinë",1813,1883
fake_987,987,1,fake,"E Turpshme kjo që po ndodh në emisionet shqiptare, ja reagimi Edona Llalloshit (Video)",481,568
fake_988,988,1,fake,"Rexhaj ‘godet’ Nasim Haradinajn, o Nasim ti je banditi më i madh që ka Kosova",432,510
fake_989,989,1,fake,Nasim Haradinaj: Kjo që po ju bëhet Shqiptarëve ‘Do ta paguajnë shtrenjtë’,607,682
fake_990,990,1,fake,"Thaçi “befason“ me deklaratë, Do të kthehem edhe më i fortë se kurrë në Kosovë!",1080,1160
fake_991,991,1,fake,"Kështu u pritë jashtë Presidenti Thaçi, pas përfundimit të intervistimit në Hagë (Video)",600,689
fake_992,992,1,fake,Lajm i madh nga Lugina: Shqiptarët i kërkojnë një ministri Vuçiqit ose do të…,1093,1171
fake_993,993,1,fake,"Daut Haradinaj: o Albin Kurti, rri Allahile se ti je i vogël me fol për Uçk-në!",650,730
fake_994,994,1,fake,Albin Kurti është takuar me fshehurazi me qeverinë e sërbisë mos i besoni ketij tradhtari o popull,839,938
fake_995,995,1,fake,"Mjeku Kosovar nga Berlini të fut ethet në bark, me këtë qe zbuloi për koronavirusin",593,677
fake_996,996,1,fake,"Mediumet Serbe: URIME, Thaçi nuk do të del i gj’allë nga Haga!",480,543
fake_997,997,1,fake,Lajmi i Fundit na vjen nga Gjykata Speciale,337,381
fake_998,998,1,fake,"Ish-zyrtari i PDK-së “befason“ me deklaratë, Me Hajna e gabel nuk do të…",1120,1193
fake_999,999,1,fake,Amerika “godet“ Serbinë merr vendim të papritur,1377,1425
fake_1000,1000,1,fake,Kjo qe po ndodhë në Aeroportin Adem Jashari do iu befasoje,680,739
fake_1001,1001,1,fake,"oj Vjosa, të deshëm në familjen e LDK-së, na dole ndryshe!",590,649
fake_1002,1002,1,fake,E besoni apo jo? Shikojeni si kapet në Aeroport Albin Kurti,500,560
fake_1003,1003,1,fake,"Gani Geci: Kur u bë a tentati ndaj meje, në fshatin e Thaçit u bë kjo",448,518
fake_1004,1004,1,fake,"Eh More Hashim: Sa fëmijë i ke lanë në lotë, Sa nane me duar në gji, shko e mos u kthe mo!",550,641
fake_1005,1005,1,fake,"Urime Kosovë! Në këtë datë në Korrik do hiqen Vizat, SHBA jep lajmin e madh",529,605
fake_1006,1006,1,fake,Deklarata sh okuese: “Hashim Thaçi shkon në Hagë për të mos u kthye më kurrë”,554,632
fake_1007,1007,1,fake,"Pasi u ínfektua me COVID-19, Kjo që i ndodhi tani Isa Mustafes është e dhimbshme!?",685,768
fake_1008,1008,1,fake,Vjosa: o ISE! largoni Listën Serbe nga Qeveria,1205,1252
fake_1009,1009,1,fake,"“Kur s’ti dhashë lekët moj?”, dy gra zihen në mes të rrugës…për 1 kilogram domate",620,702
fake_1010,1010,1,fake,Pas shumë ditësh vjen lajmi i mirë nga Zvicra,712,758
fake_1011,1011,1,fake,"Ftuan 350 persona në dasmë, familjes nga Prizreni në Zvicër iu ndodh e papritura",943,1024
fake_1012,1012,1,fake,Mustafa Nano: Besimi në Zot sjell veç të k ëqija,464,513
fake_1013,1013,1,fake,"Serbi gjen Nuse Shqiptare për 1500 euro, Por ajo që i ndodh më pas e lë pa fjalë",1351,1432
fake_1014,1014,1,fake,Vjosa Osmani: Zgjedhjet të mbahen sa më shpejt ose…,1106,1158
fake_1015,1015,1,fake,Shikoni se çka i ndodhi gruas së GOLD AG,306,347
fake_1016,1016,1,fake,Ja pse Edi Rama erdhi me antí-plumb – u fríkësua nga ky zyrtar i lartë?,1268,1340
fake_1017,1017,1,fake,Amerikani që na solli Pavarësinë vjen me një lajm të keq për Kosovën,2360,2429
fake_1018,1018,1,fake,E PAPRITUR: Kjo çka i ndodhi tani Hashim Thaçit është për tu habitur!,1038,1108
fake_1019,1019,1,fake,Angela Merkel nuk bënë “Nëna“ shikojeni se çfarë vendimi merr ajo për qytetarët e saj,874,960
fake_1020,1020,1,fake,"Kush e viziton Ulqinin, ja çka do të ndodh",659,702
fake_1021,1021,1,fake,Shkurte Fejza: Me zemër kam thënë jam nga Kosova,548,597
fake_1022,1022,1,fake,Përhajr na koft! Zvicra nga 6 korriku pranon puntorë nga vendet jashtë BE-së,2092,2169
fake_1023,1023,1,fake,OBSH Alarmon: KUJDES! Koronavirusi ka bërë rikthim të madh në Kosovë,1121,1190
fake_1024,1024,1,fake,Specialja tregon se kur mund të burgosen Thaçi e Veseli,2553,2609
fake_1025,1025,1,fake,Edhe Gani Geci mund të jet i akuzuar nga Gjykata Speciale ia thotë në sy…!?,694,770
fake_1026,1026,1,fake,E besoni apo jo? Sali Berisha i del në krahë Hashim Thaçit,552,611
fake_1027,1027,1,fake,"Ai i cili e quajti Thaçin “Washingtoni i Kosovës” po prinë bindshëm, para Trumpit",1488,1570
fake_1028,1028,1,fake,"BE i’a palon Grenellit: Bën veprimin e papritur për Kosovën, hiqen vizat për Kosovën??",1504,1591
fake_1029,1029,1,fake,LAJMI I FUNDIT: Pas numrit të madh të rasteve ministria e ka një lajm për ju qytetarë!,412,499
fake_1030,1030,1,fake,"Publikohet deklarata e Vuçiqit për shkëmbimin e territorit, thotë se është punë e kryer",465,553
fake_1031,1031,1,fake,Kapet “MAT” Shpëtim Desku në shtëpinë e Shkendës duke kërcyer danc (Video),224,299
fake_1032,1032,1,fake,Shikojeni sa shumë jan gëzuar nga kabineti LDK-së në shkarkimin e Vjosës,450,523
fake_1033,1033,1,fake,Kujdes o Popull: Nuk do ta besoni sa është rritur numri i rasteve me Covid19 në Kosovë,523,610
fake_1034,1034,1,fake,"Rr’ahje mes dasmorëve në Prishtinë, bërtit “Nusja koka si Lop” (Video)",565,636
fake_1035,1035,1,fake,o Popull: A ka KoronaVirus për këta Politikanë Kosovës a veq për ne?,519,588
fake_1036,1036,1,fake,Lajm fantastik vjen në këto momente nga Albin Kurti,398,450
fake_1037,1037,1,fake,"Daçiq: Na jepni Veriun e Kosovës, pastaj fillojmë me bisedime!",1948,2011
fake_1038,1038,1,fake,"Vjosa Osmani: o Popull, Serbisë nuk i besohet, ata janë…",399,456
fake_1039,1039,1,fake,"‘Çartet’ Vjosa i çon “selam“ Daçiqit, Ju serbët nuk keni besë…",399,462
fake_1040,1040,1,fake,"Isa Mustafa: I fitove zgjedhjet falë LDK’së, do të rrëzojmë nga pushteti ty ..",438,517
fake_1041,1041,1,fake,Sapo u Vendos! Grenell merr vendimin e madh për Kosovën: Tregon datën,1141,1211
fake_1042,1042,1,fake,"Afrim Muçiqi: Nëse nuk na lejohet puna, do t’i mbajmë dasmat në shesh apo livadhe",891,973
fake_1043,1043,1,fake,"I la disa para bakshish, Punëtori shqiptarë i lë mesazh bossit me Audi A8!",774,849
fake_1044,1044,1,fake,Sveçla: Kemi dyshime që dy astronautët e NASA’s janë njerëz të Thaçit,766,836
fake_1045,1045,1,fake,Përhajr na koft! Kjo është data kur Mërgimtarët mund të vijnë në vendlindje,409,485
fake_1046,1046,1,fake,Ali Ahmeti: Të bashkohemi dhe nuk na del gjë përpara!,477,531
fake_1047,1047,1,fake,LAJMI I FUNDIT – Ja çfarë pozite do ta marr Vjosa Osmani në VV,667,730
fake_1048,1048,1,fake,"Rrespekt për një njeri si Albin Kurti, shikojeni se çfarë fjalë i thotë gruas së moshuar",612,701
fake_1049,1049,1,fake,"Zbulohet tradhëtia: Qeveria vend të lobojë për njohje, lobon për ndarjen e Kosovës",5206,5289
fake_1050,1050,1,fake,“LDK do të presë momentin e duhur për përjashtimin e Vjosa Osmanit nga partia”,430,509
fake_1051,1051,1,fake,"Daçiq “selamë“ Thaçit, Ti e din mirë se ne çka kemi biseduar për Kosovën",465,538
fake_1052,1052,1,fake,Albin Kurti “godet“ Gjarprin e Kosovës Hashim Thaçin,1270,1323
fake_1053,1053,1,fake,Isa Mustafa ka një porosi për Vjosa Osmanin,576,620
fake_1054,1054,1,fake,LAJMI FUNDIT: Vjosa Osmani antarsohet në Vetëvendosje ja detajet,501,566
fake_1055,1055,1,fake,SHBA vjen me Super Lajm Për Kosovën,1692,1728
fake_1056,1056,1,fake,"O ju Shqipfolësa, qysh spo ju vjen marre me fol ju për Vjosën, ae dini se ajo…",454,533
fake_1057,1057,1,fake,"Hashim Thaçi: Isen e Hotin i sjelli qysh t`du une, qat tham une ka mu ba!",415,489
fake_1058,1058,1,fake,Mjeku shqiptar në Gjermani zbulon se kur do të jetë fundi i Coronavirusit,503,577
fake_1059,1059,1,fake,Daçiq: Thirreni edhe UÇK-në nëse doni,794,832
fake_1060,1060,1,fake,"Do të mbeteni të ‘mahnitur’, zgjidh lulen me muajin e lindjes dhe zbuloni mesazhin që fshihet për ju",5724,5825
fake_1061,1061,1,fake,"Befason Shkencëtari Amerikan: Koronavirusin e përhapëm vetë, Ja ç’do ndodhë tutje",1415,1497
fake_1062,1062,1,fake,"Suedia, shteti qe la gjithçka hapur, tani pranon gabimin: Kemi shumë jete te humbura",649,734
fake_1063,1063,1,fake,"Eshtë konsideruar si “Vaksinë” natyrale, 1 lugë nga kjo përbërje dhe ju kurrë nuk do te prekeni nga kjo sëmundje",1148,1261
fake_1064,1064,1,fake,Nuk do ta besoni se çka e paralajmëron Isa Mustafa Vjosën!,663,722
fake_1065,1065,1,fake,Burdushi: Isa Mustafa ka magji të fortë dhe mësysh,923,974
fake_1066,1066,1,fake,Nuk do ta besoni çka thotë Burdushi për Isa Mustafen,561,614
fake_1067,1067,1,fake,Qeveria lunë ”tezësh” E hap e më pas e mbyllë kufirin Kosovë-Shqipëri,202,272
fake_1068,1068,1,fake,"Skenari i Rusisë për Kosovë , profesori i njohur zbulon ‘LOJËRAT’ e Thaqit dhe Mustafes me ‘QEVERINË HOTI’",1679,1786
fake_1069,1069,1,fake,"Kosova mbylli kufirin me Shqipërinë, Rama thumbon Albin Kurtin: Na hap kufijtë o Ramazon!",953,1043
fake_1070,1070,1,fake,Lajm fantastik vjen në këto momente Albin Kurti jep lajmin e madh,543,609
fake_1071,1071,1,fake,EKSLUZIVE : Zbulohet ja se kur do ta formoj Vjosa Osmani Partin e saj ja detajet,420,501
fake_1072,1072,1,fake,"Çfarë po ndodh në LDK? Deputeti i kësaj partie e bën ‘hor’ Isa Mustafën, mbron Vjosa Osmanin",612,705
fake_1073,1073,1,fake,"Shpendi “tradhtoi” Arbenin, ky e “befason” në zyre!",363,415
fake_1074,1074,1,fake,Vuçiq: Pas pandemisë Serbia do të merret me Shqiptarët e Kosovës,540,605
fake_1075,1075,1,fake,"Lajm shumë i papritur, Vjosa Osmani merr këtë vendim",374,427
fake_1076,1076,1,fake,Isa Mustafa marrja e Qeverisë në këtë kohë është sakrificë që po bënë LDK-ja,497,574
fake_1077,1077,1,fake,Albini as pragun ska me kalu ne zgjedhje te reja keni me pa edhe ju!,332,401
fake_1078,1078,1,fake,"Lajm tepër i keq për popullin e Kosovës për vizat nga BE-Ja, Kjo nuk pritej!",702,779
fake_1079,1079,1,fake,Agim Veliu “godet“ Vjosen: Oj trashaluqe duhesh mi hjek killat për mu…..,767,840
fake_1080,1080,1,fake,"Ramush Haradinaj: Shum kom qejf prap të bëhem Kryeministër, Albinin do e dergoj ne…",404,488
fake_1081,1081,1,fake,"Isa Mustafa: Ne Shqiptarët e Kosovës jemi me Amerikën, kurse Albin Kurti….",434,509
fake_1082,1082,1,fake,Isa Mustafa: Qeverin tani do e drejton LDK edhe unë!,716,769
fake_1083,1083,1,fake,"LAJMI FUNDIT: Vjosa Osmani kalon në VV, ja kush e thotë!",672,729
fake_1084,1084,1,fake,E pabesueshme se çfarë vendimi pritet të merr Presidenti Hashim Thaçi nëse e…,537,615
fake_1085,1085,1,fake,Glauk Konjufca: Bëhuni gati…Nesër është vetëm nxemje!,955,1009
fake_1086,1086,1,fake,Shikojeni si tallen me muftiun e Maqedonisë në një video të publikuar!,424,495
fake_1087,1087,1,fake,Milaim Zeka: ‘Unë jampolitikani më i arsimuar në Kosovë’,379,436
fake_1088,1088,1,fake,E zbulon analisti politik se çfarë skenari është duke u përgatitur për territoret e Kosovës,384,476
fake_1089,1089,1,fake,"Menduh Thaçi: Mulla Sula është nje k’riminel ai ska lidhje me muslimanizëm, e as me din e iman!!?",331,429
fake_1090,1090,1,fake,Politikani Serb ‘zbulon’ dy politikanët e Kosovës që po bashkëpunojnë me…,995,1069
fake_1091,1091,1,fake,Peter Beyer: Ja kur mund të ndodh liberalizimi vizave për Kosovën,431,497
fake_1092,1092,1,fake,"Abdulla Hoti “godet“ Lëvizjen Vetëvendosje, ja çka i thotë!",585,645
fake_1093,1093,1,fake,"Albin Kurtit i ndodhë më e keqja nga Amerika , Albini është një…",648,713
fake_1094,1094,1,fake,Thaçi thotë se është i gatshëm të dorëhiqet: E paguaj me çdo çmim,779,845
fake_1095,1095,1,fake,Kjo është deklarata e Rames për Albin Kurtin që askush nuk e ka pritur!,448,520
fake_1096,1096,1,fake,Selmanaj: Ju betohem se ‘LDK nuk e ka asnjë lidhje me Thaçin.’,584,647
fake_1097,1097,1,fake,"Arben Vitia: o Popull, Xhamitë nuk bën të hapen, edhe unë jam musliman por..",1952,2029
fake_1098,1098,1,fake,"Pamje/Mrekullia vet, shikoni si po zbukurohet kjo xhami në Prishtinë",704,773
fake_1099,1099,1,fake,Qeveria Kurti jep lajmin që po e presin të gjithë: Ja kur liberalizohen vizat,868,946
fake_1100,1100,1,fake,Mësohet data kur Gjermania do t’i hapë kufijtë për shqiptarët,3342,3404
fake_1101,1101,1,fake,Ky kombinim po i çmend të gjithë: Bëhu me fIokë duke përdorur bananen,1036,1106
fake_1102,1102,1,fake,Deputeti i VV-së: Hashim Thaçi është M’afioz Ballkanik e Rrugaç,443,507
fake_1103,1103,1,fake,"LABI “shan“ Vetvendosjen, Albin Kurtin dhe krejt Kosovarët që e kan votu",334,407
fake_1104,1104,1,fake,"Nuk hapen xhamitë as në ditët e fundit të Ramazanit, edhe ne Hoxhallarët duam pushim",2003,2088
fake_1105,1105,1,fake,"Shqiptari mbjell domate dhe bëhet gati ta shesë, por vë duart në kokë nga ajo që i ndodh",1674,1763
fake_1106,1106,1,fake,"Behgjet Pacolli “befason“ me fjalë: E deshtët apo Jo, Halil Kastrati nuk ban “NONA“ tjetër në Shqiptari",334,438
fake_1107,1107,1,fake,"Labinot Tahiri: Dasmat duhet të mbahen, 700 milionë euro i kushtojnë Kosovës",339,416
fake_1108,1108,1,fake,Vjosa po vjen me parti të re politike me 9 deputet!,192,244
fake_1109,1109,1,fake,Ky është personi i dyshuar me Covid-19 që pati kontakt me kryeministrin Kurti,1350,1428
fake_1110,1110,1,fake,"Hashim Thaçi: ”Albin Kurti nuk është i mirë për kryeministër, Nuk i besoj hiq!",446,525
fake_1111,1111,1,fake,"Presidenti Thaçi, merr këtë vendim për Qeverinë e re",631,684
fake_1112,1112,1,fake,Lajm i keq vjen për LDK-në nga dikush qe as qe e ka paramenduar!,526,591
fake_1113,1113,1,fake,"LAJMI I FUNDIT: Dasmat do fillojnë nga kjo datë, përcillen nga policia dhe…!?",2048,2126
fake_1114,1114,1,fake,"Vali Carleone: Nëse Kim Jongu ka v’dek, ja kush e zëvendëson atë",149,214
fake_1115,1115,1,fake,Vali Carleone flet për rastin e Pacollit: Ai është…,149,201
fake_1116,1116,1,fake,E FUNDIT: Merret Vendim ja kur do të hapen kufijtë e Evropës,2058,2119
fake_1117,1117,1,fake,"Albin Kurtit do ti ndodhë më e keqja, Ja çka paralajmëron Pacolli",1819,1885
fake_1118,1118,1,fake,"O Popull, Albin Kurti po manipulon me Ezanin",542,587
fake_1119,1119,1,fake,Detaje të reja: Zbulohen mesazhet zyrtare për rastin e 26 vjeçarit që vdiq dje në Qendrën e Studentëve,381,484
fake_1120,1120,1,fake,"Dardan Molliqaj “godet“ fuqishëm VV-në, o njerëz ju duhet urgjentisht qe të…",729,806
fake_1121,1121,1,fake,Vali Corleone flet për Hashim Thaçin e Albin Kurtin: Ja kush janë këta!,315,387
fake_1122,1122,1,fake,E FUNDIT: Kryeministri Albin Kurti vjen me një paralajmërim të fuqishëm,694,766
fake_1123,1123,1,fake,LAJMI FUNDIT: Albin Kurti “cakton” edhe datën e zgjedhjeve,752,811
fake_1124,1124,1,fake,Imer Mushkolaj ”pranon ryshfet” për t’a përkrahur LDK-në nepër debate,348,418
fake_1125,1125,1,fake,Politikani austriak jep lajmin e shumë pritur thote se se shpejti ky shtet do ta njohë pavarësinë e Kosovës,549,657
fake_1126,1126,1,fake,"Mediat serbe: Qeveria e Kosovës prap në duar të Serbisë, shqiptarët në gjunjë. Serbia e Amerika fjalën kryesore",4491,4603
fake_1127,1127,1,fake,Flet komandanti që e ‘shkatërroi’ Beogradin para 21 viteve: ‘Mos ma prekni Kosovën se e njejta gjë ju gjen’,454,562
fake_1128,1128,1,fake,Bima që mund ta mbillni edhe në oborr nëse jeni nga këto fshtatra: Në një hektar fitoni 12 mijë e.uro,435,537
fake_1129,1129,1,fake,"Thaçi: Unë kurrë nuk jam korruptuar, kam kryer ndere dhe njerëzit najher më kan dhuru diçka?",385,478
fake_1130,1130,1,fake,"Fqinjët ndryshojnë vendim/ Vjen lajmi i k.eq, ky shtet nuk do të hap kufijtë deri në këtë datë",470,565
fake_1131,1131,1,fake,Hashim Thaçi: ‘Kurr nuk e kam kuptuar se pse Albin Kurti i urren kaq shumë shqipëtarët?’,431,520
fake_1132,1132,1,fake,"Urdhër Amerikan: ‘Nëse kryeministri Hoti bën këtë v.eprim, penzionohet menjëherë dhe Vjosa Osmani kryeministre’",488,600
fake_1133,1133,1,fake,Qeveria merr vendim të prerë ‘Bajrami i vogël nuk do të falet në asnjë xhami’?,434,513
fake_1134,1134,1,fake,"Ramush Haradinaj: Kosova nuk ka nevojë për xhami, nuk do të ndërtohet KURR ajo xhami",438,523
fake_1135,1135,1,fake,Hoxhaj: Kurr sdo të bëhet mirë pa ardhur në krye të Kosovës Kadri Veseli,540,613
fake_1136,1136,1,fake,Dr. Shefqet Krasniqi ‘trondit’ pyetësin: ‘Ma mirë mbyte vajzën tënde sesa me leju me u martu me një krishter’,413,523
fake_1137,1137,1,fake,"Besimtari katolik “tronditë” Shefqet Krasniqin: E pashë Profetin Muhamed në ëndërr, ja çfarë me tha",446,546
fake_1138,1138,1,fake,Hyn dhe Voto dr. Shefqet Krasniqin për imam të xhamisë së re në Prishtinë,541,615
fake_1139,1139,1,fake,"Kryeministri me lot në sy ndan lajmin: ‘Nuk kemi shtretër, njerëzit po vde.sin prej pakujdesit në Kosovë’",485,591
fake_1140,1140,1,fake,"Familja e Haki Imerit bëjnë rezil Isa Mustafën, zbulojnë “misterin” e kësaj vjedhje kaq shifrore",521,618
fake_1141,1141,1,fake,Avudullah Hoti rikthen masat parandaluese për me i ik “penzionimit” të tij politik,445,528
fake_1142,1142,1,fake,"DHIMBJE: Porosia e prekëse e profesorit që ndërroi jetë’Ky virus është shkatërrues, mos bëni gabim të mos i besoni…’",405,522
fake_1143,1143,1,fake,E vërteta se si Mali i Zi u bë nga shqiptarët në tokat shqiptare tronditi opionionin botëror,527,620
fake_1144,1144,1,fake,Shpërndaje /  Shteti i Kosovës më i organizuari në Europë gjatë qeverisjes së Albin Kurtit,440,531
fake_1145,1145,1,fake,"Lum nëna që e ka! Djali merr me zor prindërit, kur kuptojnë motivin të tre shpë rthejnë në lot",463,558
fake_1146,1146,1,fake,"Vjosa Osmani Zbulon Se kush e Tradhëtoi Atë,vetëm për ta krijuar Qeverinë HOTI",353,432
fake_1147,1147,1,fake,Për të gjithë punëtorët që presin të shkojnë në Gjermani vjen vendimi i fundit nga shteti Gjerman!,397,496
fake_1148,1148,1,fake,Arbana Xharra thotë se ‘flliqësira’ e shqiptarisë janë hoxhallarët,456,523
fake_1149,1149,1,fake,"Arbana Xharra reagim të fuqishëm kundër Erdoganit ‘Kosova nuk pranon xhamijat me të holla të Rusis, Iranit dhe Turqis’",506,625
fake_1150,1150,1,fake,"Arbana Xharra: Nuk jam islamofobe se kam miq myslimanë, po smuj me pas miq imam që “ma lypin”",481,575
fake_1151,1151,1,fake,"Arbana Xharra: Faj ka Kadri Veseli që lejoi mbajtjen e shamijave, po hajt se hala sum njihni mir!",442,540
fake_1152,1152,1,fake,"Çartet Ramush Haradinaj, ‘Kërkoj me çdo kusht rrëzimin e Hotit se përndryshe…’",493,572
fake_1153,1153,1,fake,Pas shumë përplasjeve verbale Bashkësia Islame e Kosovës “lëshon pe” se xhamija përfundimisht anulohet?,458,562
fake_1154,1154,1,fake,"URIME / Gjermania ndan lajmin e madh për Kosovën, Shqipërin dhe Maqedonin e Veriut!",383,467
fake_1155,1155,1,fake,Ekskluzive: Vjen përgjigja e parë e Gjykatës Speciale për vendimin e marrë ndaj aktakuzave?,447,539
fake_1156,1156,1,fake,"Tayip Erdogan: O vëllezër shqipëtar, xhamija do të ndërtohet se kurkush si pyet as Xharrën e as Amerikën",520,625
fake_1157,1157,1,fake,"Nojzi: Mos e adhuroni Erdoganin, por adhurojeni Zotin o popull budall “Kosovar”",513,593
fake_1158,1158,1,fake,"Labi: ‘O vllezër e motra, kemi me shku prej ksaj jete edhe ashtu një ditë, hajde të vd.esim me muzik bile’",479,586
fake_1159,1159,1,fake,DHIMBJE E MADHE / Ja emri i vajzës 9 vjeçare që sapo ndërroi jetë në spitalin e Prishtinës,419,510
fake_1160,1160,1,fake,Tom Gashi: Ky është gabimi i pafalshëm i Hashim Thaçit që bëri dhe do ti kushtoj 20 burg,364,453
fake_1161,1161,1,fake,Aleksandar Vuçiq ofendon rëndë: ‘Ma lini Kosovën mua që ti baj me mbyt shqiptarët njëri tjetrin për 1 javë’,403,511
fake_1162,1162,1,fake,"Thaçi pritet të dorëhiqet por cili do të jet President i Kosovës, Haradinaj apo Mustafa?",422,511
fake_1163,1163,1,fake,"Miliarderi shqipëtar dhe jeta e tij super luksoze, ja se sa është shifra e pasuris së Lazim Destanit",407,508
fake_1164,1164,1,fake,"Hashim Thaçi ka një lutje për të gjithë qytetarët, nëse e doni Kosovën votoje kët person për kryministër?",406,512
fake_1165,1165,1,fake,Çmimi i lartë do tju trondit se sa do të kushtojë një vaksinë anti-korona që e keni patjetër ta merrni!,414,518
fake_1166,1166,1,fake,"VOTO: Vendet më fetare në Europë jan Kosova dhe Maqedonia, a jeni të kënaqur?",550,628
fake_1167,1167,1,fake,Gold Ag: Çdo kush që nuk don që xhamia të ndërtohet është SHEJTAN,415,481
fake_1168,1168,1,fake,"Ermal Fejzullahu: Këngëtarët që dalin në protesta jan ‘qen t’rrugve, marre ju koft!",456,540
fake_1169,1169,1,fake,"“Ule gishtin se ta fus në b…”, reagon përsëri Xhavit Ukaj, ja çka thotë për Vjosa Osmanin",465,555
fake_1170,1170,1,fake,Jakup Krasniqi ‘trondit’ opinionin: Rifati dhe Bekim Jashari i përzunë Hashimin dhe Kadrijën për këtë arsye,426,534
fake_1171,1171,1,fake,Përhajr na koftë / Të dënuarit e Kumanovës po kthehen me mbajt denimin në Kosovë?,548,630
fake_1172,1172,1,fake,"Naim Tërnava: ‘I thash edhe Hashimit, un xhamin e nisi me vllezërit musliman, kush mdel përpara si magarin kom…?’",377,491
fake_1173,1173,1,fake,Zyrtarisht hapen kufijtë dhe mërgimtarët mund të vijnë pa kushte nga kjo datë,450,528
fake_1174,1174,1,fake,"Vjen thirrja e fundit për zgjedhje të parakohshme, pas Albinit e penzionojnë edhe Avdullah Hotin",522,619
fake_1175,1175,1,fake,"Prishet qeveria në mes të pandemisë, shkarkohet kryeministri Avdullah Hoti me votat e këtyre deputetëve?",548,653
fake_1176,1176,1,fake,"Kjo është e vërteta e xhamisë në Prishtinë, shqipëtarët me Turqin e madhe apo Izrealin e madh?",440,535
fake_1177,1177,1,fake,Mediat serbe në panik: Sekreti se si shqiptarët po i kthejnë tokat e tyre deri në Nish?,481,569
fake_1178,1178,1,fake,"Ushtaraku Bullgar: Maqedonia do të bëhet tërësisht shqipëtare, pa pas nevoj të ndahet",390,476
fake_1179,1179,1,fake,"Bekim Jashari: Albin Kurti , ‘Nuse e mirë po duket por t’ja shohim çeizin’!",527,603
fake_1180,1180,1,fake,"Avdullah Hoti fyen rëndë të gjithë myslimanët që falën nëpër xhami, duke i quajtur…?",431,516
fake_1181,1181,1,fake,"Ramushi me humor ‘Ne ta provojnë mu me ma ndalu lëvizjen pas orës 17:00, ta noj ngjum tana un 24 orë’",421,523
fake_1182,1182,1,fake,Molliqaj: 5-6 shokë të Rexhep Selimit më kanë thënë se ai ka “kënduar” në Gjykatë Speciale,422,513
fake_1183,1183,1,fake,"Kadri Veseli e ‘pren’ punën e xhamisë, nuk do ta besoni se a dha lejen për ndërtimin apo jo?",383,476
fake_1184,1184,1,fake,Loja e Erdoganit dhe manipulimi me shqipëtarët me xhamin e madhe është ANTI-AMERIKANE,437,523
fake_1185,1185,1,fake,Fisnik Ismaili e shanë shumë rëndë Milaim Zekën dhe ‘znaçkën’ e bën për pes pare,481,562
fake_1186,1186,1,fake,"I gjithë shteti në Alarm, Ja ‘Lajmin që e solli nga Haga’ Hashim Thaçi dhe Kadri Veseli",519,607
fake_1187,1187,1,fake,"Binak Gashi: Xhamia kurr nuk do të ndërtohet, ‘Feja e shqipëtarit është shqiptaria’",511,595
fake_1188,1188,1,fake,"Urime mërgimtarë, Mediat gjermane thonë se mundeni të vini në Kosovë me këto rregulla",368,454
fake_1189,1189,1,fake,"Këta po e fshehin : Ky është il’açi i cili shëron koronavirusin, madje është edhe i lire, thotë doktori i njohur Francez",418,539
fake_1190,1190,1,fake,Arbana Xharra i quan të ‘qen poshtër’ të gjithë ata që duan të ndërtojnë xhami me para të Erdoganit,435,535
fake_1191,1191,1,fake,"Specialisti italian na i qetëzoi zemrat të gjithëve: ‘Kjo është e vërteta e koronavirusit, mos bini pre e biznismenëve’",383,503
fake_1192,1192,1,fake,"Për gjithë ju që hani djath në mëngjes kemi një SUPER LAJM, gripi e ka të pamundur të depërtoj?",366,462
fake_1193,1193,1,fake,Njihuni me mjekun që i kushtoi jetën gjetjes së kurës së kan cerit: Për 42 ditë zhduk komplet atë nga trupi juaj,447,560
fake_1194,1194,1,fake,"Media Gjermane: Merkel është e përfshirë në një skandal, ndihmoi Hashim Thaçin me 2 miliardë Euro?",492,591
fake_1195,1195,1,fake,"Ndodhi më e keqja / Nga nesër Rama fut Shqipërinë në izolim 20 ditësh, ja çfarë do të ndodh me ata që janë për pushime",521,640
fake_1196,1196,1,fake,Urime ditëlindja Kryeministër! Sot si 56 vjeç Edi Rama vendosi ta ndan lajmin madhështor për Shqipërin dhe Kosovën,494,609
fake_1197,1197,1,fake,Urime KOSOVË / Qeveria e Izraelit zyrtarisht ofron këtë ndihmë pë çdo qytetar të Kosovës,505,594
fake_1198,1198,1,fake,"Opss.. Lajm ‘tronditës’ për gjithë Kosovën, nuk shpëton Rexhep Selimi nga Gjykata Speciale?",699,791
fake_1199,1199,1,fake,"Pse shumë njerëz po dështojnë? Cili meriton të kalon i pari, i dyti dhe i fundit?",552,634
fake_1200,1200,1,fake,Mirupafshim President :'( … Sillet vendimi i prerë për Hashim Thaçin nga Haga,474,552
fake_1201,1201,1,fake,"Ky gabim me orizin e bëri për spital të tërë familjen, KUJDES mos e bëni këtë gjë?",720,803
fake_1202,1202,1,fake,"Vjosa Osmani: Gjendja e jashtëzakonshme do të shpallet në këtë datë, bleni miell sa më shumë?",412,506
fake_1203,1203,1,fake,"Mirret vendimi i prerë, a do të filloj mësimi nëpër shkolla në muajin Shtator?",659,738
fake_1204,1204,1,fake,"Komandanti i Koshares: ‘Jemi ma të fortit në botë, 1800 xhe.naze jav çum Sërbis, tash net folin ata’",650,751
fake_1205,1205,1,fake,Djali vajton duke shikuar ‘Nënën’ e tij që ndërroi jetë nga korona dhe nuk mundet ti afrohet,435,528
fake_1206,1206,1,fake,"Bekim Jashari: O burra mos të bajm bllof, këta persona ishin shokët e vetëm të Ademit që kurr se lan në baltë",503,613
fake_1207,1207,1,fake,"Avdullah Hoti ndan lajmin e hidhur, anulon takimin në SHBA dhe çmenden amerikanët",398,480
fake_1208,1208,1,fake,Ky është nj njioftim nga Ambasada Gjermane që asnjë shqipëtar sdo të donte ta dëgjonte,490,577
fake_1209,1209,1,fake,"SHPËRNDAJE / 8 ushtarë serb në mbrojtje të UÇK-së: Na zurën rob në 1999 dhe na trajtuan mirë, ata nuk jan kriminel",477,592
fake_1210,1210,1,fake,Veseli: Nëse bëhem kryeministër Albini dhe gjithë ata që po vjedhin brenda 24 orëve prapa grilave,498,596
fake_1211,1211,1,fake,Milaim Zeka shpalos faktet e “TMERRSHME” në lidhje me kryeministrin Avdullah Hotin dhe planet e tij,516,616
fake_1212,1212,1,fake,"Gruaja e martuar kërkon ndihmë: Kur prisja të fejoheshim, ai iku me shokët me pushime dhe më bëri…",1912,2011
fake_1213,1213,1,fake,"Rita Ora po na bën aq shumë krenar, bën thirrje patriotike: Shqiptarë duhet të bëhemi bashkë, kjo e drejtë na takon",703,819
fake_1214,1214,1,fake,"Hashim Thaçi: Do ta rrespektoj popullin, ata se duan dorëheqjen time dhe duan izolim 30 ditësh?",498,594
fake_1215,1215,1,fake,"SHPËRNDAJENI SHUMË / Fituam Kosovën përfundisht, deputeti serb ‘shuplak’ fytyrës Martinoviçit",433,527
fake_1216,1216,1,fake,"Zyrtarisht, pas viktimave sonte Kosova futet në gjendje të Jashtëzakonshme nga kjo datë",1513,1601
fake_1217,1217,1,fake,LAJM I RREMË KUJDES / Kjo receta që po shpërndahet kundër koronavirusit mundet edhe të ju mbyt për 2 javë,397,503
fake_1218,1218,1,fake,Firma në bankrot / Veturat shiten ‘për pesë pare’ në këtë qytet të Gjermanisë,582,660
fake_1219,1219,1,fake,Ngrihet ALARM i madh në Amerikë / 85 fëmijë të lindur të infektuar me koronavirus,429,511
fake_1220,1220,1,fake,Paralajmërimi i Cakos/ Në fund të gushtit nis mbyllja e madhe dhe më pas do ua helmojnë….,450,540
fake_1221,1221,1,fake,E FUNDIT: Lajm shum i mirë i mirv për qytetarët e Kosovës,438,496
fake_1222,1222,1,fake,"Dr. Shefqet Krasniqi: Nëse Albini nuk është musliman, nuk ka çka lyp ai në krye t’vendit?",433,523
fake_1223,1223,1,fake,"Jemi mësuar ta shohim të grimosur, Engjellusha Salihu ‘nuk njihet’ pa make-up",387,465
fake_1224,1224,1,fake,"Ndërron jetë Luan Bajra pak ditë para martesës, i riu vuante nga kjo sëmundje! Ngushllime familjes Bajra",356,461
fake_1225,1225,1,fake,"Lutfi Haziri: ‘As mos hajde mysafir e as spot vij’, shepsh’her shqiptart jan popull budall",445,536
fake_1226,1226,1,fake,URIME NA QOFTË / Oxford jep rezultatet e para pozitive të vaksinës që zhduk tërësisht virusin,374,468
fake_1227,1227,1,fake,ALLAHU EKBER / Në Drenicë gjatë rrufes shfaqet figura e Adem Jasharit,401,471
fake_1228,1228,1,fake,Amerika urdhër të prerë BE-së: Liberalizoni vizat vëllezërve tanë të Kosovës prej 1 gushtit,461,553
fake_1229,1229,1,fake,"Ta mbysim duke e SHPËRNDARË / ’10 pale çelsa, 10 shtepi te reja vetëm sot, LOT GËZIMI",347,433
fake_1230,1230,1,fake,"Vjosa Osmani me lot në sy pranon largimin e saj nga politika, fjalimi i plotë i saj…?",426,512
fake_1231,1231,1,fake,Ajo që gjeti hetuesia dhe policia në shtëpin e Milaim Zekës do t’ua ndal frymën në fyt!,437,525
fake_1232,1232,1,fake,Thaçi përkujton Hotin: Mledhi ment e mos më detyro me ti mledh unë ‘Razumes’?,415,493
fake_1233,1233,1,fake,Merkel ‘tronditi’ parlamentin Europian: ‘Sërbia nuk e meriton të jet pjesë e BE-së’,462,546
fake_1234,1234,1,fake,"Viola Cramon ‘trondet’ Kosovën, tregon se cilët dy politikan i than ‘Mos nai liberalizoni vizat pa i fitu na zgjedhjet’",511,631
fake_1235,1235,1,fake,"Pasuria marramendëse e Nasim Haradinajt, mbi 3 milion Eur tokë vetëm në këtë zonë të Kosovës",420,513
fake_1236,1236,1,fake,"Merkel përgëzon Shqipërin, shpalos datën e hyrjes së saj në BE",458,521
fake_1237,1237,1,fake,Kjo vogëlushe në foto sot është ndër këngëtaret më të njohura kosovare,376,447
fake_1238,1238,1,fake,Rasim Thaçi – Cima jep lajmin e madh që duhet ta ndëgjon çdo shqipëtar,324,395
fake_1239,1239,1,fake,Lutfi Haziri me lot në sy ndan lajmin e hidhur për ndërrimin e jetës të personit të tij?,334,423
fake_1240,1240,1,fake,"Nusja çm endet ditën e dasmës, tr onditet mjeku nga ajo që gjen brenda kokës së saj",336,420
fake_1241,1241,1,fake,"Ia çanë barkun balenës, por ajo që gjetën brenda i sh okoi të gjithë",398,467
fake_1242,1242,1,fake,"Edhe un jam nëna dhe fëmija i dikujt, rrëfen me lot në sy mjekja Fitore Azemi",369,447
fake_1243,1243,1,fake,"Historike / DELAWIE: ‘O burra, ne ta harron Serbia që SHBA hjek dor nga Kosova, për at Zot i dua si vëllezër’",496,606
fake_1244,1244,1,fake,Ky është sistemi më i ri që u instalua sot nga policia dhe nga nesër duhet ta dini që në këto rrug duhet të keni kujdes,425,545
fake_1245,1245,1,fake,"Hyri brenda në qabe dhe filmoi pamje nga brenda, u ‘trondit’ nga ajo që pa sepse se kishte menduar kurrë këtë?",363,474
fake_1246,1246,1,fake,"Çmime jashtëzakonisht të ulëta në këto dyqane për shopping, NXITONI URGJENTISHT",452,532
fake_1247,1247,1,fake,Lajm i hidhur / Aksi dent në Rrugën e Kombit: Ndërron jetë këngëtarja shqiptare,456,536
fake_1248,1248,1,fake,"Fjalët prekëse të pacientit me Koronavirus, i çon ‘selam’ Labinot Tahirit për mashtrimin që ia bëri të del në rrugë",436,552
fake_1249,1249,1,fake,Ja emrat e dy vëllezërve nga Peja që ndërruan jetë pas zënkave për mexhe të tokave,503,586
fake_1250,1250,1,fake,Ia dëmtuan varrin e nënës dhe i vendosën aty flamura të VV vetëm sepse përkrahu Hashim Thaçin në Hagë,529,631
fake_1251,1251,1,fake,"Hoti: Fal meje shqipëtarët po e kthejnë Kosovën, që smundi ta bëj as UÇK-ja e as Hashimi",463,552
fake_1252,1252,1,fake,Presidenti Thaçi: Sonte dua të përsëris se për mua Kosova është gjithnjë e para,6650,6730
fake_1253,1253,1,fake,Lumir Abdixhiku jep dorëheqje nga LDK pas shkarkimit të Vjosa Osmanit?,429,500
fake_1254,1254,1,fake,"Ta mbysim butonin LIKE / Nipi i Adem Jasharit, Ademi i ri dhe fjalimi i tij që të rrënqeth trupin",488,586
fake_1255,1255,1,fake,"CIA ia ‘palon’ fytyrës Vuçiqit, qytetet serbe të banuara me shqipëtar që duhet ti përkasin Kosovës?",461,561
fake_1256,1256,1,fake,"Befason Kimete Berisha: O Kadri Veseli, kur do ta bësh publike lidhjen tonë?",412,489
fake_1257,1257,1,fake,Pamje Ekskluzive / Ajo që bëri presidentja e Kroacisë për kthimin e Hashim Thaçit ‘tronditi’ Beogradin,413,516
fake_1258,1258,1,fake,"URIME NA QOFTË / Ramush Haradinaj, presidenti i ri i Republikës së Kosovës?",562,638
fake_1259,1259,1,fake,"Në këto vende po digjet flamuri shqipëtar dhe ai i UÇK-së, kurse Rama dhe Hoti kan “mbyll” sytë?",393,490
fake_1260,1260,1,fake,"Skena shumë të nxehta, çmendet Edona Llalloshi dhe bën rezil udhëheqësen te ‘Shiko kush luan’",469,563
fake_1261,1261,1,fake,"Lajm i hidhur nga Gjermania, rezultatet e 24 orëve të fundit tronditi gjithë botën",401,484
fake_1262,1262,1,fake,Mali i Zi thyen rekordin e të infektuarve të ri me koronavirus. shkon numri në ?,389,470
fake_1263,1263,1,fake,Surpriza e djalit të Hashim Thaçit për babain e tij ‘tronditi’ gjithë shqiptarinë,435,517
fake_1264,1264,1,fake,"Autoritet zvicerrane japin lajmin e madh për botën, mposhtin Koronavirusin 99% me këto përbërës",459,555
fake_1265,1265,1,fake,"Vjen dorëheqja e presidentit Hashim Thaçi, kjo është arsyeja?",464,526
fake_1266,1266,1,fake,LAJMI I FUNDIT Nga Gjermania – BE-ja më në fund iberalizohen vizat për Kosovarët,555,636
fake_1267,1267,1,fake,Këshilltari i Hashim Thaçit jep lajmin më të keq që ka marr Kosova nga viti 2000,444,525
fake_1268,1268,1,fake,O Zot ndihmoje artistin tonë / Fjalët e Sinan Vllasaliut “pikëllojnë” gjithë shqipëtarët,480,569
fake_1269,1269,1,fake,"Lajm i bukur nga Flori Mumajesi, i jep fund beqarisë gjatë pandemisë me një dasëm shumë modeste",406,502
fake_1270,1270,1,fake,Dalin pamje Ekskluzive / Ja se si Hashim Thaçi e mbrojti UÇK-në para Gjykatës Speciale,477,564
fake_1271,1271,1,fake,‘Mirësevjen President!’ / Mbreti i Kosovës u nis për Tiranë me lajme shumë të mira,393,476
fake_1272,1272,1,fake,"Albin Kurtin nuk e dojnë shqiptarët e Maqedonisë, votojnë partin të cilën nuk e përkrahte Kurti",482,578
fake_1273,1273,1,fake,"Gjunjëzohet ekonomia e BE-së, mirret vendimi se sa do të jet rroga mesatare në Europë deri 2022",443,539
fake_1274,1274,1,fake,Mustafa Nano e tepron / E vetmja shpresë për shqiptarin është ardhja e Albin Kurtit në pushtet,359,454
fake_1275,1275,1,fake,"Mjer KOSOVA / Vuçiq e bën ‘hor’ Avduallah Hotin para BE-së, kurse Hoti vetëm shikon si i çmendur",474,571
fake_1276,1276,1,fake,TURP / Ja se si 2 pacient me koronavirus u tërheqën zvarrë nga stafi mjekësor,463,541
fake_1277,1277,1,fake,"URIME / Hashim Thaçi ndau lajmin e gëzuar me plot krenari, përfundon gjithçka?",1094,1173
fake_1278,1278,1,fake,Ali Ahmeti ekskluzivisht tregon kush po e tradhëton Hashim Thaçin,509,575
fake_1279,1279,1,fake,"Ramiz Lladrovci: Pishpirikat e Vetëvendosjes nuk ti baj hesap, Albini Kurti ngelafç ngat mu?",453,546
fake_1280,1280,1,fake,Çmenden mediat botërore / “Pushtohet’ Hollanda me mbishkrime “UÇK-ja është çlirimtare”,408,495
fake_1281,1281,1,fake,Kjo qe bëri Ramush Haradinaj tash do iu befasoj. Me të vërtetë e ka ky ?,397,470
fake_1282,1282,1,fake,"Quhet ‘Ari i kuq’ dhe kushton 250 Euro 1 gram, gjindet gjithandej në Kosovë dhe Shqipëri",464,553
fake_1283,1283,1,fake,A ka shqipëtar që nuk e bën LIKE këtë foto dhe këto pamje të Forcave të Siguris së Kosovës?,566,658
fake_1284,1284,1,fake,Mbushen muret brenda natës me mbishkrime ‘Njerëzit që shitën organe të fëmijëve serb”,466,552
fake_1285,1285,1,fake,"Kur e pyetën Albert Ajnshtajnin a besonte në Zot, përgjigja e tij la pa frymë gjith Botën",540,630
fake_1286,1286,1,fake,"Parisi Hap Restorantin Ku Nuk Të Lejojnë Të Futesh Me Rroba, Arsyeja Do Tu Lë Pa Mend",513,599
fake_1287,1287,1,fake,"Sekreti Më I Madh I Ballkanit, Zbulohet Bunkeri Bërthamor I Tito-s Në Këtë Pjesë Të Kosovës Deri Në Bosnjë",465,572
fake_1288,1288,1,fake,Erion Veliaj: Do të punoj ditë e nat vetëm që ta penzionoj nga politika këtë vit Lulzim Bashën,434,529
fake_1289,1289,1,fake,"Nuk ka vaksinë deri në Dhjetor, nga muaji Gusht rikthehemi përsëri në izolim edhe më të gjatë",460,554
fake_1290,1290,1,fake,"URIME NA QOFTË / Mbyllen votimet në Maqedoninë e Veriut, shpallet kryeministri i parë shqipëtar atje",522,623
fake_1291,1291,1,fake,Artan Abrashi i VV-së / Krimineli Hashim Thaçi duheshte të jep dorëheqje para se të shkonte sepse sdo të kthehet?,496,610
fake_1292,1292,1,fake,"Avokati Koci ‘trondit opinionin: Presidenti nuk është transparent, ai po akuzohet për këto dëshmi?",437,536
fake_1293,1293,1,fake,"Pas di vorcit, nëna gjen të d ashur: Ky është mesazhi që fëmijët kanë për t’i dhënë!",395,480
fake_1294,1294,1,fake,"Lirim Hoshi ndan lajmin e keq për Presidentin nga Haga, dëshmit janë të dhëna nga?",429,512
fake_1295,1295,1,fake,"Mjekët e Kosovës ndajn lajmin duke qarë, kërkojn falje që duhet ta thonë këtë gjë që ndodhi sot!",529,626
fake_1296,1296,1,fake,Me ta këput shpirtin / Emri i personit që ndërroi jetë në QKUK / NGUSHLLIME FAMILJES,449,534
fake_1297,1297,1,fake,"KE, Thirrje Zyrtare: Nisni vaksinimin kundër gripit, kurse ata që nuk pranojnë futni në izolim 2 vjeçar",447,551
fake_1298,1298,1,fake,"Vendim skandaloz i BE-së, gjith popujve të Ballkanit u ‘prishet’ viza dhe brenda 15 ditve përjashtohen nga vendi deri më 2022",441,567
fake_1299,1299,1,fake,Tropojë 1998: Policia shqiptare e udhëhequr nga kjo figur politike rrahin një ushtar të UÇK-së,585,680
fake_1300,1300,1,fake,Daut Haradinaj ‘dridh’ Kosovën me dyshimet të cilat i hedh ndaj kësaj figure të VV-së,527,613
fake_1301,1301,1,fake,E PABESUESHME / Ja se kush është i dyshuari për dëshmitar i Gjykatës Speciale?,503,582
fake_1302,1302,1,fake,"BISEDA SEKRETE: Clinton-D’Alema më 23 mars, 1999 për ndërhyrjën e NATO-së në Kosovë",548,632
fake_1303,1303,1,fake,URIME KOSOVË / Nasim Haradinaj shpalos iden se si do të shpërbëhet Gjykata Speciale në muajin gusht,438,538
fake_1304,1304,1,fake,"Daut Haradinaj: O Albin, mos u merr me çështje të luf tës ti se “Të ngel gjuha nfyt”",473,558
fake_1305,1305,1,fake,Lista e re e BE-së / Qytetarët e Shqipërisë dhe Kosovës do të mbyllen në izolim për kaq ditë?,568,662
fake_1306,1306,1,fake,"Kastriot Çaushi: Sërbia ka të drejtë dhe në fund do të jet fitimtare, jam tifoz i tyre në këtë “lu ftë”",517,621
fake_1307,1307,1,fake,Pas 3 orëve nga intervistimi i presidentit Thaçi vjen deklarata e cila gëzoi çdo shqipëtar,553,644
fake_1308,1308,1,fake,Republika Srpska çon selam Beogradit se nga sot shqipëtarët e humbën Kosovën,419,496
fake_1309,1309,1,fake,Ish gjykatësi i EULEX-it sqaron se pse erdhi puna deri te aktakuzat për Hashim Thaçin?,420,507
fake_1310,1310,1,fake,"Urime Kosovë, urime gjithë të sëmurëve – Ministri Zemaj me lot në sy ndau lajmin më të mirë të vitit 2020",426,532
fake_1311,1311,1,fake,EKSKLUZIVE / Këto pamje të filmuara në 1999 të Gani Gecit bëjnë të qarta debatet e këtyre 20 viteve,507,607
fake_1312,1312,1,fake,59 vjeçari nga Kosova pa fije turpi tregon për marrdhëniet se ksuale që kryen me gomaricën,452,543
fake_1313,1313,1,fake,Sami Lushtaku i shqetësuar rrëfen për tmerret që po përjeton Hashim Thaçi dhe që ndodhin në burgjet e Hagës,458,566
fake_1314,1314,1,fake,Hashim Thaçi ‘çartet’ dhe dridh gjithë Amerikën me fjalimin e tij për KOSOVËN HEROIKE,561,647
fake_1315,1315,1,fake,"1997, Ja se si ishte goditur me granatë dore ish presidenti Sali Berisha / Pamje për të rritur",566,661
fake_1316,1316,1,fake,"Hashim Thaçi postin e presidentit ia besoi Ramush Haradinajit, URIME KOSOVË <3",471,550
fake_1317,1317,1,fake,"Mëngjes i hidhur në Kosovë, ja kush jan 6 personat që ndërruan jetë sot në mëngjes nga pandemia",378,474
fake_1318,1318,1,fake,"Zeka: Bëhuni gati, Specialja do ti “godet“ edhe këta dy Komandanta",370,437
fake_1319,1319,1,fake,"Albin Kurti: Presidenti po mundohet të kap trenin e fundit, por s’ka më trena për të",397,482
fake_1320,1320,1,fake,Gent Cakaj: Kur është në pyetje UÇK-ja duhet të jemi 1 or kafsha të pista të Kosovës,426,511
fake_1321,1321,1,fake,Skandaloze / Ambasadori serb zbulon se cila figur e VV-së ja dha materialet për kri.met e Hashim Thaçit dhe Kadri Veselit,486,608
fake_1322,1322,1,fake,“Nuk dihet a do të kthehem ndonjëherë” Mesazhi i presidentit mbushi syt me lotë gjithë shqipëtarët,376,475
fake_1323,1323,1,fake,"Presidenti Amerikan Trump: Un nuk jam si Obama, nuk e marr met mir as Rusin e le mo Kosovën e Sërbin",434,535
fake_1324,1324,1,fake,Mërgimtarët shqipëtar përlotin Hashim Thaçin me befasinë që ia bënë para Gjykatës së Hagës,435,526
fake_1325,1325,1,fake,"Prifti shqipëtar Don Zefi: Ne shqipëtarët katolik vëllezër i kemi grekët dhe serbet,",490,575
fake_1326,1326,1,fake,"Sot Kosova mori lajmin e hidhur, aktori i ish serialit ‘Familja Moderne’ ndau lajmin se Luan Jaha…",478,577
fake_1327,1327,1,fake,"Njihuni me shtëpinë milionëshe të Sabri Fejzullahut, shtëpinë më të shtrenjtë se Angela Merkel",359,454
fake_1328,1328,1,fake,"Lajm i hidhur, Ja emri i personit që ndërroi jetë në QKUK / NGUSHLLIME FAMILJES",449,529
fake_1329,1329,1,fake,Lajm që ta këput shpirtin / Adem Ramadani shpërthen në vaj dhe si mban dot lotët,426,507
fake_1330,1330,1,fake,"Rudina Xhunga ndan lajmin e hidhur, ja gjendja e saj shëndetsore?",401,467
fake_1331,1331,1,fake,Specialja ndan 70 Euro ndihmë për familjet e këtyre komandantëve që do të jenë në gjykatë,419,509
fake_1332,1332,1,fake,"Avokati Koci: O popull Hashim Thaçi po ju gënjen, ja realiteti se pse ai po shkon në Hagë",474,564
fake_1333,1333,1,fake,Banka Botërore pas pandemisë kërkon që Ballkani të ketë rrogën mesatare 80 Eur,488,567
fake_1334,1334,1,fake,"E Fundit / Shkarkohet presidenti i Shqipërisë Ilir Meta, komisioni hetimor raporton që?",518,606
fake_1335,1335,1,fake,"Presidenti Hashim Thaçi arrinë në Hagë, ndan lajmin me lot në sy për gjendjen?",376,455
fake_1336,1336,1,fake,"Nuk e pranuan Hashim Thaçin në shtëpi, vjen reagimi i Bekim Jasharit ku tregon arsyen se pse?",460,554
fake_1337,1337,1,fake,LAJMI FUNDIT / Isa Mustafa në gjendje shumë të rëndë,447,500
fake_1338,1338,1,fake,"Fshati shqiptar në Greqi, ku SHQIPJA ruhet ende",456,504
fake_1339,1339,1,fake,Mushkonjat dhe buburrecat do të ngord.hin menjëherë me këtë recetë të përgatitur në shtëpi!,568,660
fake_1340,1340,1,fake,Milaim Zeka shpalos faktet e “TMERRSHME” në lidhje me kryeministrin Avdullah Hotin dhe planet e tij,516,616
fake_1341,1341,1,fake,"Mjer Kosova / Vjosa Osmani del me deklaratë se jep dorëheqje nga pozita, arsyeja kërcënimi nga ky deputet?",463,570
fake_1342,1342,1,fake,"VENDIMI / Vetëm këto biznese do munden të punojnë nga e hëna, të tjerat 20 mijë Euro gjobë nëse kapen të hapura",472,584
fake_1343,1343,1,fake,"Jonila Godole: Shqipëtarët jan popull që kan pasion spiunllëkin, hajnin dhe konspiracionin",409,500
fake_1344,1344,1,fake,"Hashim Thaçi: Do ta rrespektoj popullin, ata se duan dorëheqjen time dhe duan izolim 30 ditësh?",498,594
fake_1345,1345,1,fake,Shpërndahet videoja ku Azem Hajdari i kishte thënë Hashim Thaçit “Të ngrehi zhag dhe e pastroj sallën me fytyrën tande more pis”,417,546
fake_1346,1346,1,fake,Nga nesër bllokim i plotë i lëvizjes së qytetarëve në këto komuna të Kosovës?,524,602
fake_1347,1347,1,fake,Dashnoret dhe ish-dashnoret e pushtetarëve shqipëtar që ‘përbin’ parat publike dhe pushtet publik,520,618
fake_1348,1348,1,fake,"Lajmi I Fundit / Hashim Thaçi sqaron se cila nga dita e marte do të jet presidente e Kosovës, Vlora Çitaku apo Vjosa Osmani?",455,580
fake_1349,1349,1,fake,Momentalisht vetëm këto 5 kategori të vizave lëshohen nga shteti Gjerman për shqipëtarët e Ballkanit dhe Eu,479,587
fake_1350,1350,1,fake,"Hashim Thaçi dëbohet nga familja Jashari, nuk e pranojnë në shtëpi",475,542
fake_1351,1351,1,fake,Urime Kosovë / Grenell zyrtarisht jep datën kur mund kosovarët të udhëtojnë PA VIZA?,515,600
fake_1352,1352,1,fake,Ekskluzive / Kuptohet vendimi sekret se çfarë do të ndodhë me veriun e Mitrovicës,363,445
fake_1353,1353,1,fake,"Hoteli 5 yje: 30 Euro nata me ‘Mëngjes, Darkë dhe Çadër’, bëhet fjalë për këtë bregdet të Shqipërisë",430,531
fake_1354,1354,1,fake,Porosia e Albin Kurtit per deputetet e Listes Serbe dridhi gjithe Beogradin,367,443
fake_1355,1355,1,fake,"Presidenti Hashim Thaçi bjen vendim të prerë, vendi do të izolohet për kaq javë",531,611
fake_1356,1356,1,fake,Ambasada e SHBA-së drejton kritika dhe akuza të rënda ndaj këtyre personave në kuvend,393,479
fake_1357,1357,1,fake,Zoran Zaev: Shqipëtari KURR nuk do të mund të bëhet kryeministër në Maqedoni,453,530
fake_1358,1358,1,fake,"Fillon takimi me kryetarët e komunave, nga nesër ora policore fillon nga 11 mëngjes deri në?",552,645
fake_1359,1359,1,fake,"Gjermani zyrtarisht fillon fluturimet, ja lista e vendeve që do të ken ndales për Gjermani",423,514
fake_1360,1360,1,fake,"Të shtunën gjendje e jashtëzakonshme, ja se çfarë nënkupton që do të ndodhë nga e diela",409,497
fake_1361,1361,1,fake,"Diplomati shqiptar në Gjermani: Për shkak të motrës së Ganimete Musliut, pësova paralízë nervore",394,491
fake_1362,1362,1,fake,Ekskliuzive / Hashim Thaçi shpalos faktet e pabesueshm për tash të ndjerin babain e Berat Buzhalës,385,484
fake_1363,1363,1,fake,"Urime na qoftë / Biden sapo dha lajmin e madh për marrëveshjen Kosovë – Sërbi, kufijtë do të jeë këto?",474,577
fake_1364,1364,1,fake,"Sabri Fejzullahun mëngjesi e priti me një suprizë të jashtëzakonshme, familjarët ndan lajmin e?",371,467
fake_1365,1365,1,fake,Shkëlzen Gashi: Kur un ju thoja nuk e besojshit të vërtetën e UÇK-së,487,556
fake_1366,1366,1,fake,"Avokati Ngjela: Thaçi do të shkojë në burg të përjetshëm, këtë ma ka tha ky zyrtarë i lartë amerikan?",458,560
fake_1367,1367,1,fake,“Luftove deri në momentin e fundit” – fjalët prekëse të bashkëshortit së që vdiq sot nga koronavirusi,391,493
fake_1368,1368,1,fake,"Lajm i hidhur “Mirupafshim President <3"" / Kosova është dashur që të pres 600 vjet për ta pas një njeri si ai",407,517
fake_1369,1369,1,fake,E Fundit: Ja emrat e 3 personave që sapo ndërruan jetë në spitalin shtetëror të Kosovës,496,584
fake_1370,1370,1,fake,"Cakolli: Thaçi e Veseli në Hagë, Mustafa në varr, Albini kryeministër e Vjosa president",507,595
fake_1371,1371,1,fake,Dokumenti i CIA 1978: Ky ishte politikani që i dha tokat shqipëtare Greqisë,547,623
fake_1372,1372,1,fake,"Më në fund vjen Lajm i mirë për vizat e Kosovës, nga e diela tjetër mund të udhëtoni nëpër EU?",460,555
fake_1373,1373,1,fake,"Mjekut I Bi E Foshnja E Sapolindur Nga Duart: “Mos U Merakos O Zonjë, Do Bësh Prapë Herë Tjetër”",347,444
fake_1374,1374,1,fake,Rexhep Selimi bën ‘horë’ kryeministrin Hoti: Nuk ki me shku nbisedime ti sa tjam un gjall,510,600
fake_1375,1375,1,fake,"Prokurori që e futi prapa grillave Millosheviqin, tregon se a do të bu rgoset Kadria dhe Hashimi",637,734
fake_1376,1376,1,fake,Lajm që të këput shpirtin / Kjo është 21 vjeçarja nga Kosova që ndërroi jetë në QKUK prej infektimit me korona,489,600
fake_1377,1377,1,fake,Turp për Vjosa Osmanin / Deputeti sërb i publikon video përderisa ajo fliste me Listen serbe për?,431,529
fake_1378,1378,1,fake,"Analisti nga Amerika: Qeveria e Kosovës po gënjen për numrin e madh të infektuarve, ja realisht sa pak ka të infektuar ne Kosovë",454,583
fake_1379,1379,1,fake,"Shefqet Krasniqi: Mos keni frik nga ky virus, nëse e keni të shkruar do tjesh i fundit që dot kap",387,485
fake_1380,1380,1,fake,"Halil Matoshi po “pret” që Isa Mustafa të ndërron jetë nga rezultati pozitiv qe i doli, por me cilin mjek ka folur?",450,566
fake_1381,1381,1,fake,"Zvicrra alarmon shtetet Europiane për situatën në Kosovë, kërkon izolim total të Kosovës?",445,535
fake_1382,1382,1,fake,‘Dorëzohet Sërbia’ / Numri i viktimave nga virusi në Sërbi thyen rekordin botëror,371,453
fake_1383,1383,1,fake,"Avokati i Hashim Thaçit nga Haga ndan lajmin më të mirë që kemi pasur këto ditë, ai posedon këto fakte që dëshmojnë pafajsin e Thaçit?",478,613
fake_1384,1384,1,fake,"Shpallet gjendje e jashtëzakonshme në Kosovë, lëvizje vetëm nga 5:00 e mëngjesit deri në 13:00?",471,567
fake_1385,1385,1,fake,Merkel ia terron Vuçiqit me këtë kërkesë që ia bëri në lidhje me kufijtë dhe njohjen e pavarsisë së Kosovës,444,552
fake_1386,1386,1,fake,Ish-kryeprokurori i Speciales ndan lajmin tronditës në lidhje me aktakuzat për Hashim Thaçin dhe Kadri Veselin,393,504
fake_1387,1387,1,fake,"Zyrtare / Franca, Holanda dhe Gjermania ndalon vizat për kosovarët deri më këtë datë? / 5 sеkondа pаsi ta kеni hаpur marketingun shfaqen me pаmjеt",415,562
fake_1388,1388,1,fake,VIDEO:  Shihni se si Macron mban anën e Sërbis në dialog mes Vuçiq dhe Hotit,452,529
fake_1389,1389,1,fake,"E FUNDIT / Ky është 34 vjeçari nga Kosova që ndërroi jetë në plazhin e Shëngjinit, Ngushllime familjes",378,481
fake_1390,1390,1,fake,Gjermania mbylli dyert për kosovarët përveq njerëzve që i përkasin kësaj kategorie?,414,498
fake_1391,1391,1,fake,Urime na qoftë / Bota sot feston fal shkenctarit shqipëtar pushtoi gjith gazetat botërore me shpikjen që bëri,486,596
fake_1392,1392,1,fake,"HOTI: Merkel dhe Macron po mbajnë anën e Sërbis, kam frikë se do të humbim shumë territor",450,540
fake_1393,1393,1,fake,"Përfundon samiti, pamje ku Vuçiq shprehet nervoz me Hotin që po bëjnë buj në rrjetet sociale",505,598
fake_1394,1394,1,fake,"Pak ditë para se të niset drejt Speciales, Jakup Krasniqi ia kujton Thaҫit këtë dëshmi",393,480
fake_1395,1395,1,fake,Krijesë e huaj misterioze me ‘krahët që duken njerëzore’ i vë në dyshim mendjet e njerëzve,393,484
fake_1396,1396,1,fake,Ju Lutem Shpërndaje Që Ta shohin Gjithë / Ja se çfarë po ju ndodh qytetarëve që po udhëtojnë për në Europë,435,542
fake_1397,1397,1,fake,"Belgjika merr vendimin e prerë për me masa qytetarët nga e Kosovës, Shqipëris dhe Maqedonis së Veriut",458,560
fake_1398,1398,1,fake,"Kryeministri Hoti dridh Samitin e Parisit, para syve të Vuçiqit nxjerr faktet bombastike",402,491
fake_1399,1399,1,fake,William Walker godet: Gjykata e Hagës duhet ta heton kryeministrin e Sërbis Vuçiq?,441,524
fake_1400,1400,1,fake,"Kjo është shefja e cila u pranua në moshën 23-vjeçare në QKUK, paguhet më shumë se mjekët",471,561
fake_1401,1401,1,fake,"Haradinaj: Nuk guxon Evropa t’i fus duart në punët e amerikanëve, nuk poshtërohet Shtëpia e Bardhë",459,558
fake_1402,1402,1,fake,Shpend Ameti paralajmëron ditë shumë të këqija për qytetarët e sëmurë,476,546
fake_1403,1403,1,fake,"Bleu një orë të vjetër, djalit të ri i ndryshoi jeta përgjithmonë nga ajo që gjeti brenda",481,571
fake_1404,1404,1,fake,"Lajm i madh nga Brukseli, Angela Merkel e thotë troç: Brenda vitit me Shqiptarët duhet të?",566,657
fake_1405,1405,1,fake,29 vjeçarja humbi 90 kg pasi hoqi dorë nga një ushqim i vetëm që e hajmë cdo ditë,542,624
fake_1406,1406,1,fake,"Vetëm 21-vjeçe i ka, ajo fiton 9 mijë euro në natë",424,475
fake_1407,1407,1,fake,"Unë do t’ju tregoj se si u v etvra Anisa”, Klodiana Lala nxjerr detajet e renda nga dëshmia e Blerta Josifit",444,553
fake_1408,1408,1,fake,"Kosovës i liberalizohen vizat, këto jan kushtet për të udhëtuar në Europë",455,529
fake_1409,1409,1,fake,"Walker “selam“ Europës, Mos ma prekni UÇK-në edhe Shqiptarët",429,490
fake_1410,1410,1,fake,"Infermierja me të brendshme tek pacientë me koronavirus, tregon arsyen e çuditshme / PAMJE",456,547
fake_1411,1411,1,fake,"Ish I Dashuri E Bën ‘Rezil’ Figurën E Njohur, Ia Publikon Të Gjitha Fotot Private Në Profilin E Tij",392,492
fake_1412,1412,1,fake,TURP / Njihuni me shqipëtarin që e shiti vajzën e tij për 5 mijë Euro / Pamje për të rritur,506,598
fake_1413,1413,1,fake,Publikohen për herë të parë fotot e Anisa Josifit në shtratin e vd ekjes,507,580
fake_1414,1414,1,fake,"Specialisti Ramadani ndan lajmin e frikshëm: Në Kosovë kemi 200 mijë të sëmurë nga virusi, n’dor të Zotit jemi",445,556
fake_1415,1415,1,fake,Italia merr vendim të prerë për shtetin e Kosovës dhe bën apel në gjithë Europën për izolim 24 muajsh?,478,581
fake_1416,1416,1,fake,Ministri gjerman: Kosovës duhet tia heqim vizat por duhet ti jep Mitrovicën Sërbis?,433,517
fake_1417,1417,1,fake,"Po tu prek burri juaj në këto 4 pika, do tu qoj në “qiellin e shtatë” nga kënajqësia që do ndjeni",448,546
fake_1418,1418,1,fake,Xhek Rexhaj:  Ja pse Thaçit iu ngrit aktakuza nga Gjykata Speciale,428,495
fake_1419,1419,1,fake,Miftari: Hashim Thaçi është armiku më i madh i UÇK,357,408
fake_1420,1420,1,fake,"Molliqaj: Hashim Thaçi nuk është anti-amerikan, është k riminel!",385,450
fake_1421,1421,1,fake,Katastrofale! BE-ja zhgënjen prap Kosovën,385,427
fake_1422,1422,1,fake,"Goja t’lumtë o Albin, shikojeni se çka thotë Albin Kurti për Grenell",383,452
fake_1423,1423,1,fake,Ky është skenari që e pret Thaçin dhe Veselin nëse aktakuza konfirmohet nga Specialja,418,504
fake_1424,1424,1,fake,Plaku nga Kosova: Evropa i ka borxh Kosovës,372,416
fake_1425,1425,1,fake,Von Cramon: Macroni s’dëshiron t’ua liberalizojë vizat kosovarëve,403,469
fake_1426,1426,1,fake,LAJM I FUNDIT:Nuk do mund ta besoni se ku ndodhet në Këto momente Hashim Thaçi,396,475
fake_1427,1427,1,fake,Kur Albin Kurti spekulonte se Thaçi do t’i dorëzonte shokët në Speciale dhe i thoshte “Shko Hashim”,430,534
fake_1428,1428,1,fake,HISTORIKE / Albin Kurti: Hashim Thaçi është vëllau im dhe ai është i pafajshëm /,376,457
fake_1429,1429,1,fake,"Motra e Medës feston ditëlindjen, Lulja ia bëri këtë befasi",394,454
fake_1430,1430,1,fake,"Vjosa Osmani e ka seriozisht, E befason Isa Mustafen me këtë vendim?",418,487
fake_1431,1431,1,fake,"Vjosa Osmani fillon punën për Partinë e Re, nis vizitat në teren",394,459
fake_1432,1432,1,fake,Këta zyrtarë priten të largohen nga LDK-ja! arsyeja shkarkimi Vjoses?,351,421
fake_1433,1433,1,fake,"Dokumentet e FBI’së: Tito u zhduk në vitin 1937, Jugosllavia u drejtua nga një agjent rus",400,490
fake_1434,1434,1,fake,A do të vazhdojë të jetë antare e LDKsë? Ja çka thotë Osmani,363,424
fake_1435,1435,1,fake,"Ma bon hallall o bab, pse po ikim nga vendëlindja",401,451
fake_1436,1436,1,fake,"Kjo është shtëpia super luksoze e Shpenda Dubovës, Shpëtimi habitet nga pamjet!",371,451
fake_1437,1437,1,fake,"Trump do të përkrah zgjidhjen e favorshme për Serbinë, pasi edhe Thaҫi është dakord,dalin dokumentet!",629,731
fake_1438,1438,1,fake,Kadri Veseli e lavdëron për diçka Albin Kurtin….a po bëhen bashk këta dy?,574,648
fake_1439,1439,1,fake,"Mësojeni urgjent tani! Nuk ka shqiptar që nuk e ka qejf dhe e pi dhallin, por me siguri nuk dini të vërtetën e madhe që fshihet pas tij?",442,579
fake_1440,1440,1,fake,"I moshuari 107-vjeçar fiton betejën me ko.ronavirusin, flet nipi: Ky është se.kreti i tij?",429,520
fake_1441,1441,1,fake,Zbulohet vendin ku ndodhen 28 ton flori!,574,615
fake_1442,1442,1,fake,"Rrahje e tmerrshme mes dasmorëve në Prishtinë, dasmorët bërtasin “Nusja koka si lop”",379,464
fake_1443,1443,1,fake,"Grenell godet BE-në: Vizat Kosovës do ti liberalizoni në këtë datë, përndryshe?",410,490
fake_1444,1444,1,fake,"EKSKLUZIVE: Kosova po ndahet, Publikohet videoja me kujfijtë e ri",361,427
fake_1445,1445,1,fake,Ky ilaç shekullor gjerman pastron arteriet dhe rrit sistemin imunitar brenda një kohë të shkurtër,401,499
fake_1446,1446,1,fake,Labinot Tahiri: As UÇK e as NATO ska kontribu ma shumë se un për shqiptarët,381,457
fake_1447,1447,1,fake,"Flori shpallet person i vitit por nuk e pranon çmimin, thotë se e meriton Elvis Naçi këtë çmim",399,494
fake_1448,1448,1,fake,"“Peder”, “Mos fol pa rend se nuk je në kanagjegj” – ofendimet e vëllezërve Haradinaj",392,477
fake_1449,1449,1,fake,Oficeri i UÇK-së nga Shqipëria: Kurr Kosova ska pas komandant  përveç ushtarëve shumë të thjeshtë,372,470
fake_1450,1450,1,fake,"Besa Gaxherri: Vjosa Duhet Të Matet, Nuk Është E Rrugës Me Luftu Shtëpinë E Vet",456,536
fake_1451,1451,1,fake,"Erdogan ndan lajmin më të keq pas pandemisë së fundit, shpreh ngushllimet e tij të sinqerta",437,529
fake_1452,1452,1,fake,Tronditëse: Momenti ku foshnja i “varr0sur” për së gjalli shpëtohet nga banorët e fshatit,321,411
fake_1453,1453,1,fake,Remzie Osmani Ndan Foto Me Mbesën E Posalindur Dhe Familjen,335,395
fake_1454,1454,1,fake,"I dërgon gabimisht shefit një foto pa rroba, përgjigja e tij e lë pa fjalë",489,564
fake_1455,1455,1,fake,Lajm I Madh Për Gjithë Mërgimtarët Që Dëshirojnë Të Vijnë Në Kosovë URIME!,496,571
fake_1456,1456,1,fake,E pabesushme ja qfar thot Georg Bush Per Kosoven u kallen shkijet,579,645
fake_1457,1457,1,fake,"Unë e dija qe burri po me tradhton, i tregova Vjehrrës ajo me tha: Mire po ta banë, kur s’dinë me e kënaq burrin ti e kënaq tjetra",489,620
fake_1458,1458,1,fake,"Gruaja ankohej se po lodhej shumë, burri ia vendos kamerën dhe publikoi videon ta sheh gjithë bota",486,585
fake_1459,1459,1,fake,"Prifti nga Kosova “mallkon“ muslimanët, Serbët dhe grekët i kemi vëllezër e ju disa shqiptarë turq…",465,565
fake_1460,1460,1,fake,Rama jep ‘lajmin e k eq’: Nga t etori deri m arsin e 2021-shit…,435,499
fake_1461,1461,1,fake,Djaloshi ne Prishtine gjen 1450 Euro dhe nje qeles te vetures.,486,549
fake_1462,1462,1,fake,"Ia dhuroi asaj një biçikletë kur ishte fëmijë refu gjatë, e mahnitshmja ndodh pas 29 vitesh",358,450
fake_1463,1463,1,fake,Bletët shpallen zyrtarisht :”Qeniet më të rëndësishme në tokë”! Zhdu kja e tyre do të sillte fundin e njerëzimit,442,555
fake_1464,1464,1,fake,Amerikania me 4 burra pret fëmijën e parë,421,463
fake_1465,1465,1,fake,"Gjermania në kërkim të 472 mijë punëtorëve, këto janë profilet më të kërkuara",471,549
fake_1466,1466,1,fake,"Ky pe.nsioner mbante një th.esar në shtëpi, nuk e dinte",440,496
fake_1467,1467,1,fake,NJlHUNl me frutin që vIen 1 mijë dollarë kokrra,479,527
fake_1468,1468,1,fake,Nuk ndalet Shkëlzen Gashi : Shoqëria kosovare nuk duhet t’i mohojë kr.imet e pjesëtarëve individualë të UÇK-së,539,650
fake_1469,1469,1,fake,"Kur te mesoni se cfare efekti ka, te gjithe do te vazhdoni e te pini nje gote qumesht cdo mengjes",513,611
fake_1470,1470,1,fake,"Pë.rdhunoi shqiptaren për 48 orë / Arr.estöhet ‘dragoi i Kavos’, rezistencë me a.rmë ndaj policisë",450,549
fake_1471,1471,1,fake,"P.anik e ulërima, nënës tentojnë ti rr.ëmbejnë vajzën 4 vjeçare",416,480
fake_1472,1472,1,fake,A mund ta besoni dot se kush është kjo këngëtare e njohur shqiptare në foto?,413,490
fake_1473,1473,1,fake,"Karkalecat pushtojnë Lindjen e Mesme, bll.okohet qarkullimi i automjeteve",481,555
fake_1474,1474,1,fake,Christopher Hill rrë.fen momente të lu.ftës në Kosovë: Çfarë më tha Millosheviçi pas takimit me UÇK-në,453,556
fake_1475,1475,1,fake,Nuk keni pë ta besuar se cila këngëtare kosovare është kjo vogëlushe,431,500
fake_1476,1476,1,fake,"Dasëm në spital , mjekët martohen në vendin e punës",452,504
fake_1477,1477,1,fake,"“17 fshatra të Veriut të Kosovës në këmbim të Luginës”, Vuçiç shfaq interes te madh…",497,582
fake_1478,1478,1,fake,"I riu shp.ërthen kundër Kryeministrit: O Edi Rama të q*fsha robt, të sh*ërdhefsha motrën!",501,591
fake_1479,1479,1,fake,"“2-3 Milionët” E Xhavit Halitit – Shtëpi, Toka, Stoli Ari E Shumë Para Në Bankë",594,674
fake_1480,1480,1,fake,"Po gërmonte një ditë në oborrin tij, Pastaj gjeti diçka shumë interesante!",428,503
fake_1481,1481,1,fake,"Lajm i hidhur: Shtrohet në spital presidenti i Kosovës zotëri Hashim Thaçi, mësohet se gjendja e tij…?",396,499
fake_1482,1482,1,fake,Ajo humb fëmijën sapo lindi. Nëna u kërkon mjekëve një përqafim të fundit! Ajo që ndodhi në atë çast ka rrënqethur mijëra njerëz,408,537
fake_1483,1483,1,fake,"S.ëmundja “misterioze” që prek fëmijët mbërrin në vendin fqinjë, konfirmohen dy rastet e para",411,505
fake_1484,1484,1,fake,"E mbajti të fshehtë, futbollisti shqiptar bëhet baba për herë të parë",422,492
fake_1485,1485,1,fake,Ja e vërteta pse Albin Kurti u m.artua me Norvegjezen!,483,538
fake_1486,1486,1,fake,Vd es aktori i njohur në moshën 30 vjeçare,432,475
fake_1487,1487,1,fake,"Gjen një arkë të groposur në pyll, sapo kupton çfarë është nuk e hapë atë",431,505
fake_1488,1488,1,fake,Kilogrami shitet 0ër 1.000 Euro / Gjenden në këtë vend,444,499
fake_1489,1489,1,fake,Shkenca ka një shpjegim / Pse disa njerëz i kap gjumi sapo hipin në makinë,366,441
fake_1490,1490,1,fake,Ky është i riu nga Gjilani që fitoi bursen 80.000 mijë euro Lirik Qerimi!,468,542
fake_1491,1491,1,fake,Shefqet Krasniqi për ish-presidentin Rugova: Haptazi tha se UÇK është krah i Serbisë,489,574
fake_1492,1492,1,fake,Vjosa Osmani po i bashkohet LVV ? Edhe zogjtë e malit e dinë ..,473,537
fake_1493,1493,1,fake,Putin dr.idh Serbine sdo ta besoni qka thot per Shqiptaret,437,496
fake_1494,1494,1,fake,Njoftimin e papritur nga mjeku i njohur: “Dita e fundit e masave kufizuese..″,473,551
fake_1495,1495,1,fake,"Qarrtet Kryemadhi: Unë do t’ia ha veshin Ramës, më v.arni te Kali i Skënderbeut",451,531
fake_1496,1496,1,fake,"Çfarë po ndodh? Pl.as she.rri dhe sh.uplaka mes p.rotestuesve të Teatrit, g.oditet artisti Gentian Shkurti",411,518
fake_1497,1497,1,fake,"I nxorren videon duke bere s.eks, kengetarja e f.amshme shqiptare kerkon de.mshperblim 200.000 €",477,574
fake_1498,1498,1,fake,"Hapi i madh i Ramës, arreston zyrtarin e larte te LVV / Reagon Kurti ..",501,573
fake_1499,1499,1,fake,"E mbani mend Ardin tek ‘Familja Moderne’, ja si duket tani",406,465
fake_1500,1500,1,fake,"E FUNDIT: Zbulohet emri I Kryeministrit te Ri, do te Be fasoheni Se Kush Është",365,444
fake_1501,1501,1,fake,"Rrëfehet aktorja Arjola Demiri: Kur u ma.rtova, tre ditë s’dolëm nga dhoma fare",379,459
fake_1502,1502,1,fake,"Urime shqipëtar, vjen lajmi i mirë nga SHBA për  vaksinën kundër virusit",381,454
fake_1503,1503,1,fake,"Afrim Muqiqi jep lajmin e madh, nga kjo datë dasmat do të bahen dhe urime të gjithëve",420,506
fake_1504,1504,1,fake,Gresa Behluli ndan lajmin për të gjithë fansat e saj dhe nënës së saj,389,459
fake_1505,1505,1,fake,"Gjermania nuk pret 15 qe.rshorin për hapjen e kufijve, nis me plane tjera",402,476
fake_1506,1506,1,fake,Shikoni çfarë d.ëmesh shk.aktojnë erërat e forta në këtë qytet të Kosovës,467,541
fake_1507,1507,1,fake,LAJMI I FUNDIT: Dri dhet toka në shkallë Kiameti në …,517,571
fake_1508,1508,1,fake,Tomë Gashi publikon dokumentin: Astri Dehari u vr .’a në b urg,431,494
fake_1509,1509,1,fake,Ami Toska shkon në banjo dhe qmend të gjitha femrat me atë që zbulon aty,420,493
fake_1510,1510,1,fake,URIME !! Kancelarja Gjermane me këtë lajm i gëzoi gjithë Shqiptarët .. Danke Angela!,461,546
fake_1511,1511,1,fake,"Ak sident i tm errshëm , treni g odet veturën me 5 u dhëtarë",395,456
fake_1512,1512,1,fake,"Del telefonata mes babait dhe vajzës në Maliq: Është ndjenjë, s’e komandoj dot, ta bejme vetëm 1 herë dhe do ndihesh mirë! (Video)",484,615
fake_1513,1513,1,fake,"Ky është shteti, qytetarët e të cilit tr.adhtojnë më shumë partnerin",502,571
fake_1514,1514,1,fake,"E sheh djalin e saj pas 31 vitesh, reagimi dhe fjalët e kësaj nëne do t’ju habisin (Video)",385,476
fake_1515,1515,1,fake,"Albin Kurti mban mbledhjen e Qeverisë, nuk do ta besoni kush u shk.arkua",509,582
fake_1516,1516,1,fake,Dalin f.akte te reja se.krete rreth Gjuriqit dhe Albin Kurtit do be.fasoheni,417,494
fake_1517,1517,1,fake,TR.AGJI.KE / Tre shqiptarë të vde kur brenda ditës në Greqi (Ja çfarë shkruajnë mediat greke),413,507
fake_1518,1518,1,fake,"Gjendje l.ufte / Pu.blikohet video, momenti kur një r.aketë iraniane g.odet anijen u.shtarake",531,625
fake_1519,1519,1,fake,"Dorëzohet Vuçiqi, vendos ta pranon Republikën e Kosovës për shkak të kësaj arsye?",359,441
fake_1520,1520,1,fake,"Armina Mevlani zbulon sa të dashur ka pasur përpara Shkëlzen Berishës: Kam patur shumë, por…",423,516
fake_1521,1521,1,fake,"Pak qaste para Dasmës, ajo merr dorën që dr.idhej të dhëndrit dhe tregon të vërtetën për burrin me të cilin është gati të m.artohet",412,544
fake_1522,1522,1,fake,"Exluzive / Be.fason Blero, zbulon qka i tha Teuta Krasniqi natën që u m.artua…",417,496
fake_1523,1523,1,fake,"Prishet razia në Vetëvendosje, Kurti e Konjufca mesazhe direkte njëri-tjetrit ..",517,598
fake_1524,1524,1,fake,"Arbana Osmani feston sot ditëlindjen, nuk do ta besoni sa vjece na qenka ..",428,504
fake_1525,1525,1,fake,Avdulla Hoti i fut thikë pas shpine Lutfi Azirit ? Ja qfarë thotë vetë ai ..,445,522
fake_1526,1526,1,fake,"Ky është gjyshi dhe nipi që sot ndërruan jetë, Zoti i shpërbleftë dhe NGUSHLLIME familjes",342,432
fake_1527,1527,1,fake,"Lajmi i fundit: Arre.Stohet Labinot Tahiri me 5 vite bu.Rg, lajmin e ndan vet ai?",352,434
fake_1528,1528,1,fake,Lajm i hidhur nga QKUK. Kryeministri në detyrë deklaron se kjo nga e hënja…,403,479
fake_1529,1529,1,fake,"Blera Deliu: Kurti më fyu Mua dhe UÇK-në, kur emëroi Veljkoviqin në kabinetin e tij",358,442
fake_1530,1530,1,fake,SUPER LAJMI/ Kryeministri: Kjo është data kur do të hapen kufijtë,383,449
fake_1531,1531,1,fake,"E fundit! Shp.ërthen bo.mbula e gazit, e moshuara në gjendje të rëndë",415,485
fake_1532,1532,1,fake,"Histori të pathëna, si Fatos Nano injoronte haptazi Nexhmije Hoxhën dhe e quante b…",473,557
fake_1533,1533,1,fake,EKSLUZIVE – Ja kush po i kerkon Albinit debat televiziv nuk do ta besoni,456,529
fake_1534,1534,1,fake,A lejohet me u m.artua me këngëtare ? Çfarë thotë Shefqet Krasniqi (Video),404,479
fake_1535,1535,1,fake,"A qëndron kjo shtëpi në pezull, ja e vërteta e kësaj fotoje..",373,435
fake_1536,1536,1,fake,"Zbardhet gropa gjigante në Turqi, shkencëtarët vërtetojnë bindjet për herë të parë në histori dhe …",473,573
fake_1537,1537,1,fake,Eskalon Milaim Zeka / Krahason Albin Kurtin me ..,453,503
fake_1538,1538,1,fake,"Ndërron jetë këngëtarja e njohur, pati g.oditje në tru",365,420
fake_1539,1539,1,fake,Është një lajm i rëndësishëm për të gjithë Gurbetqarët që do ta vizitojnë vendlindjen Verës !,397,491
fake_1540,1540,1,fake,"Presidentja e Kroacisë vjen edhe me një deklaratë për Albin Kurtin, ai djalosh është një…",417,507
fake_1541,1541,1,fake,"Vd.es nga koronavi rusi, ish-zv/presidenti",398,441
fake_1542,1542,1,fake,"HlSTORlA e shqiptarit që ka HABlTUR rrjetet sociaIe, a ja vIen të Ie gruan për rusen e pasur",459,552
fake_1543,1543,1,fake,"Kurti: Kushtetuesja nëse s’dëshiron t’i nxjerrë vetës punë, e ka punën shumë të kollajshme",487,578
fake_1544,1544,1,fake,"Gold AG p ublikon këngën e re, krejt Mediat serbe po shkruajn",419,481
fake_1545,1545,1,fake,Nuk do ta besoni qfare thote Glauk Konjufca per kreun e LVV-se,444,507
fake_1546,1546,1,fake,"Asnjëherë nuk ka ndodh kjo në Zvicër, e pabesueshmja ndodh në shtetin e dytë më të pasur në botë",470,567
fake_1547,1547,1,fake,"Izraeli apo Turqia, cila e ka u shtrinë më të fortë",400,452
fake_1548,1548,1,fake,Sherrr mes Rusisë dhe Norvegjisë: Për 1 centimetër duhet të zhvendoset rrethoja milionëshe kufitare,518,618
fake_1549,1549,1,fake,Nervozohet keq Pacolli: Ja çka thotë ai për Albin Kurtin nuk do ta besoni,431,505
fake_1550,1550,1,fake,Milaim Zeka thotë që rasti i “Agon Musliu” që vd iq në karantinë është ha kmarrje e qellimshme e Kurtit,419,523
fake_1551,1551,1,fake,"Presidentja E Kroacisë I’a Thotë Në Sy Mogherinit: Kosovës Duhet Të I’a Jepni Liberalizimin, Sepse Kosovarët E Meritojnë Këtë Gjë Dhe Shumë Gjëra Tjera!",406,559
fake_1552,1552,1,fake,E pabesueshme: Adelina rr.ëfen se si e ka kapur politikanin e njohur duke vje.dhur para,418,506
fake_1553,1553,1,fake,"Këta janë dy të arrrestuarit në Ferizaj, që po kërkoheshin nga Interpoli!",387,461
fake_1554,1554,1,fake,95% gabojnë: Vetëm më symprehtit mund ta dallojnë kafshën e fshehur në këtë foto…,428,510
fake_1555,1555,1,fake,Gruaja dëgjon tinguj të çuditshëm nën këmbët e saj – zj.arrfikësit th.yejnë trotuarin dhe gjejnë të vërtetën tro ndi tëse!,371,494
fake_1556,1556,1,fake,Jam tri.shtuar nga vd.ekja tra.gjike e të riut 26-vjeçar nga Gjilani,421,490
fake_1557,1557,1,fake,"E FUNDIT: Paralajmërimi i Kurtit dr.idh Kosoven, ja qka tha",455,515
fake_1558,1558,1,fake,"Rasti i 7 j.etimeve ne Shkup që preku të gjithë, do të bëhen me shtëpi të re! Ky është lajmi i madh",494,594
fake_1559,1559,1,fake,"Labi: Shan Vetvendosjen, Albin Kurtin dhe krejt Kosovarët që e kan Votu (VIDEO)",384,464
fake_1560,1560,1,fake,"Akksidentoi me makinë policin e b.urgut të Peqinit, ndalohet Bledar Muça",447,520
fake_1561,1561,1,fake,Jane gjetur dy ka.psula te çuditeshme /A Duhet tu besojme ?Konfirmohet ke ku?,391,469
fake_1562,1562,1,fake,Pamje dr.ithëruese: Këto fenomene natyrore janë ÇUDITSHME,475,533
fake_1563,1563,1,fake,"Pacolli: Telefonin e kam përplot me kë.rcënime, jam i fr.ikësuar nga militantet e VV-së!!",471,561
fake_1564,1564,1,fake,"LDK para cop.ëtimit – ka përpl.asje të mëdha, zbulohet se disa figura të larta partiake",472,560
fake_1565,1565,1,fake,Nuk do ta besoni sa diferencë moshe ka Alketa Vejsiu me bashkëshortin e saj,502,578
fake_1566,1566,1,fake,Këto janë arsyet pse myslimanët nuk e hanë mishin e derrit,434,493
fake_1567,1567,1,fake,"Po pastronte shtëpinë e gjyshërve kur gjeti diçka në dysheme, kur e hapi u sh.okua nga ajo që pa",520,617
fake_1568,1568,1,fake,Lajm i mire/ Me ne fund del data se kur do levizim me makina pa marr leje,462,536
fake_1569,1569,1,fake,Rama pu.blikon statistikat/ Shqipëria vendi europian që ka menaxhuar më mirë situatën e CoVi.d-19,507,605
fake_1570,1570,1,fake,"Ja sa kushtojnë avioni privat, hoteli dhe tetë veturat e Behgjet Pacollit",439,513
fake_1571,1571,1,fake,Prezantuesja e televizionit Kinez thotë se Covi d-19 doli nga një laborator Amerikan,492,577
fake_1572,1572,1,fake,Ky është personi që mashtroi me viza pune 70 kosovarë,512,566
fake_1573,1573,1,fake,"”Janë shumuar fr.ikërat e mia”, Rozana Radi tregon se v.uan nga së.mundja e rrallë",495,578
fake_1574,1574,1,fake,Nuk ishte t.ërmet as v.ullkan por diçka e fr.ikshme që rallë kush …,520,588
fake_1575,1575,1,fake,A e gjeni dot kush eshte djalin ne foto.Eshte nje nga njerezit qe perflitet me shume sot nga Shqiptaret,508,612
fake_1576,1576,1,fake,"Pikëllohet Shyhrete Behluli, kjo i ndodhi për herë të parë!",346,406
fake_1577,1577,1,fake,U martuan vitin që shkoi Shqiptarja dhe Xhamajkani por ja qka ju ndodhi sot ..,396,475
fake_1578,1578,1,fake,Aman dasman mos i anuloni ! Vjen reagimi i Labit pas vendimit te qeverise ..,427,504
fake_1579,1579,1,fake,Avokati: OBSH do t’ i përdorë shqiptarët si kavie për vak.sinën.A eshte e mundur kjo gje,382,471
fake_1580,1580,1,fake,"“Jam shqiptar nga Kosova”, gjyqtarja serbe rrëfen ç’i tha Kurti kur e d.ënoi me 15 vite b.urg: S’na njihte si shtet (VIDEO)",421,545
fake_1581,1581,1,fake,Nuk do ta besoni se kush vd iq ne keto momente nga Koronavirusi,470,534
fake_1582,1582,1,fake,"Thellohet sk.andali në Itali, doktori i njohur publikon të dhënat tro.nditëse: Shkaku i vd.ekshmërisë së lartë nuk është COVI D-19, ja cili është gabimi f.atal që u bë…",445,614
fake_1583,1583,1,fake,"Behxhet Pacolli: Albin Kurti një komunist i ndytë, mos dilni në protesta të tij populli im",380,471
fake_1584,1584,1,fake,"Gjykata Kushtetuese: Albin Kurti, ky diktator i ri shqiptarë që do të renditet si tradhëtari i ardhshëm",435,539
fake_1585,1585,1,fake,Ndërron jetë vogëlushja 10 vjeçare nga Kosova disa ditë pasi iu nënshtrua një op.eracioni në Turqi,462,561
fake_1586,1586,1,fake,Paralajmërimi i madh i OKB: Shqipëria do të mbetet me 512 mijë banorë ne 2025,467,545
fake_1587,1587,1,fake,Paralajmërimi i Piperos: Ja kur mund pritet vala e dyte ne vendin tone,452,523
fake_1588,1588,1,fake,"Konfirmohet fr.ika e kancelares Merkel, kjo është duke ndodhur me COVI D-19 në Gjermani",410,498
fake_1589,1589,1,fake,Valon Syla: Xhelal Sveçlën e ka rr.ahur babai i tij deri vonë,449,511
fake_1590,1590,1,fake,"Këshilltari i Thaçit: Nga 489 shqiptarë, Vojislav Kostunica e fali nga b.urgu vetëm Albin Kurtin",455,552
fake_1591,1591,1,fake,"A duhet ti lani çarçafët pasi të kryeni marrëdhënie? Flet gjinek.ologia, me siguri do habiteni nga përgjigja!",446,556
fake_1592,1592,1,fake,"LAJMI FUNDIT / Vjosa Osmani , jep dorheqje neser?",443,493
fake_1593,1593,1,fake,Lajmi tr.ondit mediat greke e italiane: Nexhmija e dinte që Enveri…,519,587
fake_1594,1594,1,fake,"Pamje shokuese , gruaja hidhet nga ballkoni i PALLATIT ! (Video)",233,298
fake_1595,1595,1,fake,“Çartet“ Lushtaku: S’ka bir nane që më largon nga se po…!,816,874
fake_1596,1596,1,fake,"E madhe eshte Vjosa Osmani , ky eshte veprimi i saj i fundit!",582,644
fake_1597,1597,1,fake,LAJMI I FUNDIT: O zot ja qfare ndodh ne Gjilan?Coronavirusi sapo…!,538,605
fake_1598,1598,1,fake,Po kjo ku i mori paratë? Aktorja e Kosovës me çantë 6.600 eurove (FOTO),670,742
fake_1599,1599,1,fake,LAJMI I FUNDIT: OBSH-ja paralajmëron shpërthim të madh të coronavirusit në këtë shtet!,854,941
fake_1600,1600,1,fake,"Lajm aspak i mir: Vala e dytë e Covid-19 do jetë serioze, bota do ndahet në dy…!",941,1022
fake_1601,1601,1,fake,Vjen SUPER LAJMI Italianët bëjnë zbulimin që do na rikthejë në normalitet nga COVID-19,994,1081
fake_1602,1602,1,fake,Ky është testi i ri që mund të ndryshojë “rregullat e lojës” përballë Covid-19,791,870
fake_1603,1603,1,fake,"Situata Mjaft Serioze. Mjeku i njohur del i Alarmuar, Jep mesazhin e forte: Brenda 2 Javëve Do…!",767,864
fake_1604,1604,1,fake,E papritur eshte kjo qe po ndodhe ne Seline e Vetevendosjes tash!,788,854
fake_1605,1605,1,fake,Ata që pinë çaj rregullisht duhet patjeter ta lexojne kete lajm!,543,608
fake_1606,1606,1,fake,"LAJMI I FUNDIT: E shpërfilli  virusin COVID-19, Presidenti del Pozitiv i…!",672,747
fake_1607,1607,1,fake,"E FUNDIT: Koronavirusi hyn në Kuvend, e pabesueshme se kush eshte tash me COVID-19!?",660,745
fake_1608,1608,1,fake,Kush është zyrtari i lartë i Turqisë që është ”kopje” e Albin Kurtit! do befasoheni!,456,541
fake_1609,1609,1,fake,"LAJMI I FUNDIT: Ky është super lajm,Mjeku jep shpresë  sa i perket COVID-19, për popullin e Kosovës!",607,708
fake_1610,1610,1,fake,"LAJMI I FUNDIT: Tronditet skena politike, pas shum rastev me Koronavirus jep doreheqje Ministri i Shendetsise në…!",758,873
fake_1611,1611,1,fake,E FUNDIT: Do befasoheni Çfarë i bëri sot bashkë Vjosa Osmanin dhe Albin Kurtin?,587,667
fake_1612,1612,1,fake,LAJMI I FUNDIT:Armend Zemaj jep superlajmin e kesaj dite per Kosoven! URIME!!,764,842
fake_1613,1613,1,fake,"Veton Surroi: UÇK nuk ishte ushtri çlirimtare, po kan lyp me…!",634,697
fake_1614,1614,1,fake,Kjo çka i ndodhi tani Hashim Thaçit është për tu habitur!Detaji që tradhëtoi Thaçin në…! (foto),564,660
fake_1615,1615,1,fake,E pabesueshme:Cfare tha Shyhretja per djalin e vet !!,341,395
fake_1616,1616,1,fake,"LAJM I PAPRITUR KY!: Vjosa Osmani Presidente e vendit, ja si dhe kur mund të ndodh?",753,837
fake_1617,1617,1,fake,LAJMI I FUNDIT: Hoti merr vendimin do te rikthehemi ne karantine dhe do mbyllen restauranteve dhe kafiterit!,639,748
fake_1618,1618,1,fake,"Këngëtarja shqiptare publikon fotografi të Albin Kurtit, e quan që është një pat…!",548,631
fake_1619,1619,1,fake,Fatmir Limaj: ”Albini as pragun ska me kalu ne Zgjedhje te reja keni me pa O Popull”? – VIDEO,605,699
fake_1620,1620,1,fake,"LAJMI I FUNDIT: Edi Rama arrin në Prishtinë, i ka dy fjalë për Gjykatën Speciale, do befasoheni!",517,614
fake_1621,1621,1,fake,LAJMI I FUNDIT: Cka i ndodhi Hashim Thacit para pak minutash ai…!!,453,520
fake_1622,1622,1,fake,Shpërthen Ganimete Musliu kundër VV-së: Të pafytyrë e po t’ja…!,599,663
fake_1623,1623,1,fake,Paraqitja e Anitës për ditëlindjen e motrës që i kushtoi 3400 euro!,744,812
fake_1624,1624,1,fake,"LAJMI I FUNDIT: Pas aktakuzës ndaj Thaçit e Veselit, PDK merr këtë vendim te papritur nga askush..!",727,827
fake_1625,1625,1,fake,"Kjo video nga Glauk Konjufca ta bën Zemrën mal, Ja çka thoshte ai për Gjykatën Speciale",383,471
fake_1626,1626,1,fake,Supermodelja Shqiptare : Ja pse e bëra tatuazh figurën e presidentit Thaçi edhe pse e akuz…(Foto),700,798
fake_1627,1627,1,fake,LAJMI FUNDIT: Shikojeni se qka i ndodhi Kallashit ne keto momente!,542,609
fake_1628,1628,1,fake,LAJMI I FUNDIT:Familja e Hashim Thaçit ka një njoftim shum të rendesishem në keto momente!,615,706
fake_1629,1629,1,fake,E FUNDIT: Nuk do mund ta besoni se ku ndodhet ne Keto momente Hashim Thaçi,431,506
fake_1630,1630,1,fake,A mund ta besoni që kjo është Kallashi?,472,512
fake_1631,1631,1,fake,Këtë nuk e priste askush Albin Kurti “befason“ me deklaratë për aktakuzën ndaj Thaçit e Veselit,605,701
fake_1632,1632,1,fake,Vjen studimi i fundit : Ja se cfarë i bëjnë rrezet e diellit koronavirusit brënda 30 sekondave,731,826
fake_1633,1633,1,fake,Albin Kurti: o Hashim të thosha mos e votoni gjykatën në Kosovë po ju po lyp…,445,523
fake_1634,1634,1,fake,"Zbulohet e vërteta, Grenell ia bën “8 me 2“ Serbëve, ja çfare thotë ai",784,855
fake_1635,1635,1,fake,"Në momentin kur u publikua lajmi për aktakuzën, Presidenti Thaçi ndodhej në një vend të pabesushme!",670,770
fake_1636,1636,1,fake,Hashim Thaçi: Ju betohem se do ta marrim Preshevën dhe njohjen nga Serbia e do…!,538,619
fake_1637,1637,1,fake,Befason Thaçi: ‘Sa tjem gjall une Albini asnjehere nuk do te vendos per Kosoven sdo ta lejoj me…!,560,658
fake_1638,1638,1,fake,Befason Remzie Osmani me kete qe postoi ne rrjete sociale,430,488
fake_1639,1639,1,fake,"E papritur, Ky eshte emerimi me i ri i Qeverise Hoti",447,500
fake_1640,1640,1,fake,Ky po që është një super lajm i mire për Albin Kurtin!,603,658
fake_1641,1641,1,fake,Tunës ka përfunduar në këtë gjendje pas shum se…!,392,442
fake_1642,1642,1,fake,LAJM I MADH: Për gjithë Shqiptarët e…!,669,708
fake_1643,1643,1,fake,"Mihrija shfaqet me frizurë ‘gjigante’, do të befasoheni me pamjen e saj, ja dhe..!",315,398
fake_1644,1644,1,fake,"LAJMI I MADH: Gjendet ilaçi që shpëton jetën nga Koronavirusi, e kemi në të gjithë farmacitë tona",759,857
fake_1645,1645,1,fake,LAJMI I FUNDIT: Gani Geci paralajmron diqka të papritur për PDK dhë…!?,511,582
fake_1646,1646,1,fake,"Remzia nuk i ndal befasitë për mbesën e vogël, do të ‘mahniteni’ me këtë të fundit",384,467
fake_1647,1647,1,fake,"Nuk është më kryeministër, por Oriola tregon hapur simpatinë e saj për Albin Kurtin",520,604
fake_1648,1648,1,fake,Godet Thaci : o Albin e more popullin nqaf me ato protesta shikoje numrin e te inf ekt uarve o ti po lyp…?,369,476
fake_1649,1649,1,fake,"Përhajr na qoftë, ‘Vjosa Osmani nuk është më pjesë e LDK-së’!?",527,590
fake_1650,1650,1,fake,Shkurte Fejza shëtitë me bashkëshortin dhe ky veprim do ju befasoj!?,407,476
fake_1651,1651,1,fake,EKSKLUZIVE: Pikat e marrëveshjes finale Kosovë-Serbi,2362,2415
fake_1652,1652,1,fake,E njihni të gjithë por nuk e keni ditur se është vëllai i “Rabijes” (Foto),532,607
fake_1653,1653,1,fake,Mjeku shqiptar trondit botën: Ja çfarë i pret të gjithë njerëzit e prekur nga COVID-19,1953,2040
fake_1654,1654,1,fake,Plotësohet dëshira e të gjithëve ! Kjo gjë sapo i ndodhi Isa Mustafës,1186,1256
fake_1655,1655,1,fake,LAJMI I FUNDIT – Ja cili politikan i VV-s do te arrestohet nga Gjykata Speciale,620,700
fake_1656,1656,1,fake,"LAJMI I FUNDIT: ”Presidenti izolohet, mësoni arsyeje e qe do…!”",981,1045
fake_1657,1657,1,fake,"Kete lajm duhet ta lexoni te gjithe,Çfarë ndodh kur Covid-19 i bashkëngjitet edhe gripi sezonal",2254,2350
fake_1658,1658,1,fake,Godet Kallashi ja qfar thot per Albin Kurtin sdo ta besoni..,642,703
fake_1659,1659,1,fake,Kallashi O Albin Ta Hongsha Zemren Ty Je Zemra Kosoves Per Ty Kisha Vallzu Tanë Naten Ne…,642,732
fake_1660,1660,1,fake,"Kosovë, Pacienti Me Koronavirus Nga Spitali I Qon “Selam“ Labinot Tahirit (Video)",623,705
fake_1661,1661,1,fake,"Degjojne nje zhurme ne nentoke , ajo cfare zbulojne do t`ju habise me te vertete",460,541
fake_1662,1662,1,fake,"Lajm aspak i mir: Vala e dytë e Covid-19 do jetë serioze, bota do ndahet në dy…!",941,1022
fake_1663,1663,1,fake,(VlDEO) Kallashi tregon për shifrat dhe i shfaq emrat e këngëtarëve dhe politikanëve që e kanë ftuar për një natë!,664,779
fake_1664,1664,1,fake,VIDEO EKSLUZIVE : Ja me ke kapet mat Robert Berisha sdo ta besoni,917,983
fake_1665,1665,1,fake,"Video EKSKLUZIVE: Kosova Po Ndahet, Publikohet Videoja E Dokumenti I Ndarjes",1072,1149
fake_1666,1666,1,fake,"VIDEO EKSLUZIVE:Edhe Linda Morina Martohet , Burri Saj Eshte Teper Ibukur , Figur Publike…",694,785
fake_1667,1667,1,fake,"VIDEO EKSLUZIVE:Nëse Ke Ndonjë Nga Këto Monedha, Mund Të Bëhesh Shumë I Pasur Ja Pse",954,1039
fake_1668,1668,1,fake,E papritur eshte kjo qe po ndodhe ne Seline e Vetevendosjes tash!,1440,1506
fake_1669,1669,1,fake,"Kërkon blerës serioz – Kam mbetë pa punë në këtë pandemi, po e shessë veturën time, Golf 6 vetëm për 2,500 euro!",1428,1541
fake_1670,1670,1,fake,"Dalin detajet e marveshjes Sekrete, Kosovës do ti ndahen këto teritore Mitrovica do te ..",953,1043
fake_1671,1671,1,fake,"Persona të panjohur ia vë në fla kën një lokali, ja video",598,656
fake_1672,1672,1,fake,Video Eksluzive:Kingu Vali Corleone I Ofron Bleones 500.000 Euro Për Ta Bërë Në Intervistë Live! Përgjigja E Bleonës Shkatrron Kingun!!!,954,1091
fake_1673,1673,1,fake,"Video Eksluzive:“Burri E Kërkon Çdo Ditë, Por Ajo Dh.Ëmb Shumë! Çfarë Paska Qenë Aman…”",1002,1090
fake_1674,1674,1,fake,LAJMI I FUNDIT – Bota po perballet nga nje rre zik tjeter ja per qfar behet fjale,803,885
fake_1675,1675,1,fake,Befason Thaçi: ‘Sa tjem gjall une Albini asnjehere nuk do te vendos per Kosoven sdo ta lejoj me…!,984,1082
fake_1676,1676,1,fake,Fatos Lubonja: Hashim Thaçi ka ber vepra te k eqia ndaj serbë të pafajshëm!! Ska vy me i bo,1252,1344
fake_1677,1677,1,fake,E pabesushme ja se qfar fshehu Albin Kurti deri sot,997,1049
fake_1678,1678,1,fake,EKSKLUZIVE: Veton Surroi President i Kosoves?,689,735
fake_1679,1679,1,fake,LAJMI FUNDIT: Nuk do ta besoni qka i ndodhi Thaqit ne keto momente..,887,956
fake_1680,1680,1,fake,LAJMI I FUNDIT – E pabesushme se qfar i publikohet Albin Kurtit ja detajet..,1206,1283
fake_1681,1681,1,fake,LAJMI I FUNDIT – Ky eshte kryetari i ri i PDK-s,1220,1268
fake_1682,1682,1,fake,E pabesushme ja qka ndodhi ne nje lift nuk do ta besoni (VIDEO),774,838
fake_1683,1683,1,fake,Ramush Haradinaj: Un do te behem President se shpejti,2972,3026
fake_1684,1684,1,fake,LAJMI I FUNDIT – Kjo eshte data kur populli jone do te leviz pa viza Urime Urime !,775,858
fake_1685,1685,1,fake,"Arta Elezajt i publikohet videoja e dytë, duke bërë “t werk” VIDEO",864,931
fake_1686,1686,1,fake,"Harrojeni Koronavirusin, Shperthen Se ksi ne Durres pamje +18",806,868
fake_1687,1687,1,fake,Kjo Grua Nga Prishtina Në Ballkon Dhe Ajo Që Bën Më Ç.Mend Kalimtaret.. (Video),619,699
fake_1688,1688,1,fake,LAJMI I FUNDIT: E papritur Qeveria fut në karantinë edhe keto katër komuna!!,752,829
fake_1689,1689,1,fake,Gruaja thërret policinë: Dëgjoj zhurma në dollap! Ajo që zbulohet brenda i shtangu të gjithë (video),982,1083
fake_1690,1690,1,fake,Fuqia e All-llahut… Shikoni Se Cfare I Ndodh Ketij Qyteti Ne Pak Minuta Dhe Ata Nuk…. VIDEO,516,608
fake_1691,1691,1,fake,"Vendos kamera që të zbulojë nëse gruaja e tradhton me një tjetër, shok.o.het nga ajo që sheh",720,813
fake_1692,1692,1,fake,LAJMI I FUNDIT – Nuk do ta besoni qfar do te ndodhe ne Kosove,733,795
fake_1693,1693,1,fake,"Reja E Dacit Hap Facebookun E Burrit Të Saj Të Ndjerë, Por Shikoni Ҫfarë Gjeti Aty",684,767
fake_1694,1694,1,fake,"Ekspertët japin në alarm tjetër të keq: Vala e dytë ne Kosove e Covid-19 do nisë, ja kur",1271,1360
fake_1695,1695,1,fake,"Shikon nje femije ne liqen, hyn ta shpetoje dhe shok.o.h.et nga ajo qe zbulon",594,672
fake_1696,1696,1,fake,Gjini e quan të paedukatë Vjosa Osmanin: Po sillet si diktatore duke i fyer deputetët e Kuvendit,2246,2343
fake_1697,1697,1,fake,Shpallja e gjendjes së jashtëzakonshme në Kosovë/ Nuk do të ketë bllokim të plotë,899,981
fake_1698,1698,1,fake,"Prekese: Sot u bëra nene pas 10 viteve martes, jam Nene e Trinjakëve, kush me uron i dhent Zoti ate qe i mungon ..",1128,1243
fake_1699,1699,1,fake,E pabesushme kete sekret e ka mbajtur te fshehur gat gjithë kësaj kohe Albin Kurti ja per qka behet fjale,821,927
fake_1700,1700,1,fake,"Pipero: Jep lajmin e madh që e kemi pritur të gjithë, “Koronavirusi nuk do të…”",1136,1216
fake_1701,1701,1,fake,Amerika ‘godet’ Serbinë merr vendim te papritur ja qka i bene,1312,1374
fake_1702,1702,1,fake,"Made In Albania Rinjte Shqiptar Nuk Durojne Dot, Filmohen Gjatë S.Eksit Të Shf.Renuar Në Plazh (Video)",839,942
fake_1703,1703,1,fake,"E FUNDIT / Lajmi Shokues, Isa Mustafës Me Koronavirus, Ka Infektuar Edhe Ramën?!!",698,780
fake_1704,1704,1,fake,"Shkëndije Mujaj Del E Mbuluar Rrugëve Të Zvicrës, Do Të Befasoheni Me Pamjen E Saj Të Fundit",853,946
fake_1705,1705,1,fake,Ky i ri sot do kishte vd ekur nëse s’do ta bente kete veprim më herët.,1075,1146
fake_1706,1706,1,fake,"Urime Kosove, Ne Kete Date Ne Korrik Do Hiqen Vizat, SHBA Jep Lajmin E Madh",988,1064
fake_1707,1707,1,fake,BE-Ja Hjek Vizat Per Kosovaret Por Me Nje Kusht.,454,503
fake_1708,1708,1,fake,"Lajm shumë i mirë vjen për Kosovën, URIME do gëzohemi gjithë shqiptarët!",1386,1459
fake_1709,1709,1,fake,LAJMI FUNDIT: Nuk do ta besoni qka i ndodhi Thaqit ne keto momente..,887,956
fake_1710,1710,1,fake,Krijesa misterioze në plazh i la të gjithë pushuesit pa u larë në det sepse…,760,837
fake_1711,1711,1,fake,Video Eksluzive: Shikojeni Çka I Ndodhi Ketij Mërgimtarit Nga Kosova Në Finlandë,906,987
fake_1712,1712,1,fake,E mbani ne mend “A ban me fol”? Nuk do ta besoni qfar i ndodhi para disa minutash..,1669,1753
fake_1713,1713,1,fake,"Video EKSKLUZIVE: Kosova Po Ndahet, Publikohet Videoja E Dokumenti I Ndarjes",1072,1149
fake_1714,1714,1,fake,Godet Kallashi ja qka thot per Albinin nuk do ta besoni,737,793
fake_1715,1715,1,fake,Albin Kurtit i ndodhë më e keqja Amerika e Ka Goditur duke thënë se Albini është një…,1288,1374
fake_1716,1716,1,fake,Morena Taraku: Veç Unë Dhe Albin Kurti Jemi…,884,929
fake_1717,1717,1,fake,EKSLUZIVE – Zbulohet emri i partis se re te Vjosa Osmanit !,1176,1236
fake_1718,1718,1,fake,Nuk Do Mund Ta Besoni Se Ku Ndodhet Në Këto Momente Hashim Thaçi,776,841
fake_1719,1719,1,fake,Kjo Ӫshtӫ Fu Q Ia E Allahut – Pamje Spektakulare Qe Kurre Nuk I Keni Pare Dhe…. (VIDEO),1117,1205
fake_1720,1720,1,fake,EKSLUZIVE – Vjosa Osmani zbulon detajet e partise te saj te re ja deputet sdo ta besoni,940,1028
fake_1721,1721,1,fake,Mësuesja shqiptare u dërgon gabimisht nxënësve foton me rroba banje në grupin e WhatsApp,1274,1363
fake_1722,1722,1,fake,E Pabesueshme Kadri Veseli i Zbulon një sekret Albin Kurtit !!,795,858
fake_1723,1723,1,fake,"Video Eksluzive:E Fundit Me Magnitudë 7.5 Rihter, Ky Shtet ‘Shkundet’ Keq Nga Tërmeti",866,952
fake_1724,1724,1,fake,Sot  pas 13 Vjet Martes më lindi djal kush më uron i dhasht Zoti të gjitha të mirat,613,697
fake_1725,1725,1,fake,"E gëzoi Perëndija / Pas 25 vite martesë lind fëmiun e parë, nëna Shqiptare shpërthen në lot (VIDEO)",748,848
fake_1726,1726,1,fake,"Dalin Pamjet Kjo Është Vajza Qe Ishte Me Plakun 72 Vjeçar Ne Mottelin E Gilanit, Ajo Thotë Se Me Zorë Nuk Ia Bën Kerkujt, Por Qe..",949,1080
fake_1727,1727,1,fake,"VIDEO EKSLUZIVE:Tro Nditet Familja Shqiptare, Vjehrri Vr Et Nusen E Djalit 24 Vjeçare",555,641
fake_1728,1728,1,fake,Godet Thaci : O Albin E More Popullin Nqaf Me Ato Protesta Shikoje Numrin E Te Inf Ekt Uarve O Ti Je manipulues,700,812
fake_1729,1729,1,fake,Kush dhe pse e duan të vdekur Gani Gecin ???,950,995
fake_1730,1730,1,fake,"Hoti do mbetet kryeministri më i suksesshëm në historinë e Kosovës, nëse Vuçiqi nuk e bën këtë",662,757
fake_1731,1731,1,fake,"Profesori ndërkombëtar alarmon rëndë Hashim Thaçin, jep lajmin e mirë për Kosovën",634,716
fake_1732,1732,1,fake,Haki Abazi dridhe skenen politike ne Kosove me kete qe tha!,929,989
fake_1733,1733,1,fake,Ramiz Lladrovci ia jep nje goditje te rende VV-se dhe Avdullah Hotit,347,416
fake_1734,1734,1,fake,"CKA PO NDODHE, ‘Thaçi do të jap dorëheqje brenda 2 ore.’ (VIDEO)",389,454
fake_1735,1735,1,fake,"Fundit i Botes afer, Ky eshte lajmi i keq qe vjen , eshte me i keq se koronavirusi, do vdesim te gjithe",765,869
fake_1736,1736,1,fake,"Pas takimit me Vuçiqin, lajmërohet edhe njëherë Avdullah Hoti, ja çfarë paralajmëron për takimin e radhës",647,753
fake_1737,1737,1,fake,Paralajmërohet ‘tronditja’ e madhe për PDK-në: Ja dy përplasjet e forta në këtë parti,430,516
fake_1738,1738,1,fake,Tomë Gashi publikon videon e Besa Gaxherrit që tronditi Hashim Thaçin,641,711
fake_1739,1739,1,fake,"Hashim ThaçI GODET ashper Hotin , kjo qe i tha eshte e rende edhe shokuese",499,574
fake_1740,1740,1,fake,Lajm bomb: Arrestohet djali i deputeti te Partis Demokratike,510,571
fake_1741,1741,1,fake,"Kjo qe i tha qytetari Isa Mustafes do iu habise, VIDEO",502,557
fake_1742,1742,1,fake,A eshte normal ky njeri? Kjo qe tha Mustafo Nano per Kosoven do iu cmend dhe nervozoj,555,641
fake_1743,1743,1,fake,"Çartet Daut Haradinajn me Albin Kurtin , Kjo qe i tha eshte e rende",558,626
fake_1744,1744,1,fake,"E papritur, Albin Kurti sapo morri kete vendim",461,508
fake_1745,1745,1,fake,"Lajm i hidhur vjen per Hashim Thaçin , ja cka u tha tash per te!",503,568
fake_1746,1746,1,fake,"Hiqen te gjitha dyshimet, Kjo eshte partia e re e formuar nga Vjosa Osmani",496,571
fake_1747,1747,1,fake,"A do t`i bashkohen “partisë së re” të Vjosa Osmanit, flasin Mimoza Kusari dhe Fitim Uka",407,495
fake_1748,1748,1,fake,Ekskluzive: Keto jane detajet e fundit për marrëveshjen Kosovë-Serbi,499,568
fake_1749,1749,1,fake,"Video 2, Shperthen seksi ne Shengjin, Pamje+18",561,608
fake_1750,1750,1,fake,Kjo qe po ndodhe ne Kaçanik do iu habis,420,460
fake_1751,1751,1,fake,Kjo qe beri Ramush Haradinaj tash do iu shokoje. Me te vertet e ka ky ?!,611,684
fake_1752,1752,1,fake,"Cka po ndodhe, Kadri Veseli ne Hage, PDK-ja zgjedh kete kryetar te ri?",1578,1649
fake_1753,1753,1,fake,Gëzuar Ditën Ndërkombëtare të Nudos! Fotot HOT që kanë thyer internetin PAMJE+18,401,482
fake_1754,1754,1,fake,"Shqiptaro amerikani zbuloi biseda të kaluara me Albin Kurtin, i vjen një mesazh i ‘çuditshëm’ nga ish-themeluesi i VV-së",474,595
fake_1755,1755,1,fake,Çfarë sinjali po dërgon Ganimete Musliu tek Albin Kurti me një deklaratë të Ramush Haradinajt – përmendet vrasja e Fehmi Aganit!,281,410
fake_1756,1756,1,fake,ZBULOHET ENIGMA. Ky është rasti për të cilin mund të akuzohet Kadri Veseli?,960,1036
fake_1757,1757,1,fake,"Ngjarje shokuese vjen nga Gjakova , atje sapo ndodhi kjo gje e keqe",362,430
fake_1758,1758,1,fake,Zbulohet: A ka të infektuar me COVID-19 në Lëvizjen Vetëvendosje?!,504,571
fake_1759,1759,1,fake,I tmerrshem eshte ky lajm qe u zbulua per Armend Zemajn,470,526
fake_1760,1760,1,fake,Nuk do ta besoni kurre se cka thone ne Ameriken Latine per Hashim Thaçin,575,648
fake_1761,1761,1,fake,Ja çfarë poza merr vajza e Merita Spahiut gjatë orarit të punës,456,520
fake_1762,1762,1,fake,"Kallashin e keni parë, ama bash kështu se keni parë asnjëherë",412,474
fake_1763,1763,1,fake,"Derisa Loredana nuk po e ndal luksin, “vik7tima” e saj nuk ka para të paguaj për funeralin e nënës",761,860
fake_1764,1764,1,fake,Arben Vitia: ‘Thaçi do të jap dorëheqje brenda 2 ore.’ (VIDEO),389,452
fake_1765,1765,1,fake,"Video Exluzive :Qytetari Publikon Video Të Nënës Nga Infektivja,The Thot O Kosovar Keni Kujdes Ju Lutem Si Nje Vella …",436,555
fake_1766,1766,1,fake,"Cka po ndodhe, Arrestohet ky mjek i njohur",435,478
fake_1767,1767,1,fake,"Pamje të rralla, kur Leonora Jakupi shetiste me aeroplan në Drenicë  VIDEO",446,521
fake_1768,1768,1,fake,Paralajmëroj katastrofë në Kosovë: Ja çka thotë Lul Raka,429,486
fake_1769,1769,1,fake,Nuk do ta besoni kurre se sa e pasur eshte Besa Gaxheri,566,622
fake_1770,1770,1,fake,Nuk Do T’a Beśóni Sa Kanë Kùshtùar Vetëm Bíkínít! Nora Istrefi Më Śekśí Se Kùrré (Video),368,457
fake_1771,1771,1,fake,"Vini Re! Nëse Dalloni Këtë Vijë Ndarëse Tek Shalqini, Hidheni Menjëherë (Video)",346,426
fake_1772,1772,1,fake,Gjarpëri tek foleja e dallandyshes,328,363
fake_1773,1773,1,fake,"Cka po ndodhe ne Prishtine, Policia e Kosoves sapo arrestoi kete person",318,390
fake_1774,1774,1,fake,"E zbulon seksologu: Nëse femrës ia prekni këtë vend, do të kenë orgazëm më të fuqishme dhe më të gjatë",522,625
fake_1775,1775,1,fake,"BE-ja këmbëngul vetëm marrëveshje finale, Serbia e shokon Hotin me kete qe i tha",657,738
fake_1776,1776,1,fake,"Sa E Dhi Mbshme! Nusja Vd Es Në Ditën E Saj Të Dasmës, Ajo I Kishte Parala Jmeruar Mos Ta Benin (Video)",480,584
fake_1777,1777,1,fake,"Ia Drodhi Me Shokun E Të Birit, Aktorja E Njohur Ia Thotë Live Të Shoqit: Po Kam Bërë S*Ks Me Të(Video)",488,592
fake_1778,1778,1,fake,Gazetat Serbe – Thaci nuk do te kthehet ne Kosove asnjehere ja sa vite do te denohet,493,578
fake_1779,1779,1,fake,"Duda Balje ‘godet’, pozon duke e bërë shqiponjën me duar",407,464
fake_1780,1780,1,fake,Perseri lajm i keq na vjen nga Kina,454,490
fake_1781,1781,1,fake,Kallashi e fsheh fytyrën teksa e zbulon gj0ksin bombastik,456,514
fake_1782,1782,1,fake,"Lajmerohet Shyhrete Behluli , i ka disa fjale per te thene",318,377
fake_1783,1783,1,fake,"Një bionde kosovare kaq ekzotike, Blerta Veseli çmend me pozat në bikini",320,393
fake_1784,1784,1,fake,"Nese jeni afer gruas , mos e shikoni kete lajm, Oriola Marashi zhvishet komplet",315,395
fake_1785,1785,1,fake,"Viti 2020 vit i mallkuar, Zbulohet virusi tjeter me i rrezikshme se Koronavirusi",388,469
fake_1786,1786,1,fake,Erdogan ka nje lajm te rendesishem per te thene,435,483
fake_1787,1787,1,fake,TURP. TURP. Kjo eshte shpifja kunder Hashim Thaçit nga mediat serbe,418,486
fake_1788,1788,1,fake,Kjo Grua Nga Prishtina Në Ballkon Dhe Ajo Që Bën Më Ç.Mend Kalimtaret.. (Video),497,577
fake_1789,1789,1,fake,Keto 5 gjera sekrete per koronavirusin nuk i keni ditur!,668,725
fake_1790,1790,1,fake,"Vjen nje goditje e rende per Arben Vitine , edhe kjo u tha per te!",554,621
fake_1791,1791,1,fake,"Te pasurit nuk po tregojne gjithqka, Nje ngjarje e rende po pritet te ndodhe, ata po futen ne…",471,566
fake_1792,1792,1,fake,LAJMI I FUNDIT: Ramush Haradinaj President i Kosoves,493,546
fake_1793,1793,1,fake,‘Çartet’ Armend Zemaj e godet rende Vetevendosjen,508,558
fake_1794,1794,1,fake,"Beogradi nuk dëshiron as dialogun, as integrimin në BE!",870,926
fake_1795,1795,1,fake,"Nora i deklason të gjitha, shfaqet veç në bikini nga plazhi ekspozon trupin si ‘peshk’",417,504
fake_1796,1796,1,fake,Mustafa Nano për këngëtaren shqiptare: Më ka ardhur në studio dhe m’u lut ta …,562,641
fake_1797,1797,1,fake,"Harrojeni Koronavirusin, Shperthen Seksi ne Durres pamje +18",474,535
fake_1798,1798,1,fake,"Edhe kjo ndodhi ne Kosove, Arrestohet ky person shume i respektuar i Kosoves",480,557
fake_1799,1799,1,fake,"Aksidente i rende ne Kosove , vdes ne vend ky person EMRI",352,410
fake_1800,1800,1,fake,"Lajm i hidhur, Dite zie ne familjes Thaçi",350,392
fake_1801,1801,1,fake,Kjo qe ndodhi dje ne Kufirin me Shqiperin do iu befasoje,308,365
fake_1802,1802,1,fake,Nuk do ta besoni se ku ndodhet Glauk Konjufca ne keto momente,388,450
fake_1803,1803,1,fake,Ja cfarë bëri Gëzimja për vjehrrën e saj Remzie Osmanin,326,382
fake_1804,1804,1,fake,ALARMANTE/ Qeveria Hoti po na çon në katastrofë DETAJE EKSKLUZIVE,935,1001
fake_1805,1805,1,fake,"Gruaja shtatzënë pi dy litra Cola në ditë, shokuese ajo që i ndodh",459,526
fake_1806,1806,1,fake,"Nuk ndalet Deputeti i LDK-se , Veprimi i tij eshte shokues dhe banal",411,480
fake_1807,1807,1,fake,"Pamje të rënda, babai vritet pranë vajzës së vogël VIDEO KUJDES",410,474
fake_1808,1808,1,fake,Shkendije Mujaj tregon se cfarë kushte duhet ti plotësoni që të jeni burri i saj. – (VIDEO),434,526
fake_1809,1809,1,fake,"Njohja nga Serbia, analisti i njohur shokon me deklarate",495,552
fake_1810,1810,1,fake,"Meqë jemi dhe në sezonin e tyre, ja të mirat që sjell konsumimi i këtij fruti",635,713
fake_1811,1811,1,fake,Ky turp u dëgjua mbrëmë në Kosovë! Kështu bërtiti serbi,450,506
fake_1812,1812,1,fake,"Kjo eshte e tmerrshme, Kjo qe u zbulua per Koronavirusin tash eshte shokuese",702,779
fake_1813,1813,1,fake,Avdullah Hoti dhe IKSHPK publikojnë 5 rregullat kundër koronavirusit,539,608
fake_1814,1814,1,fake,"Ekspertët japin në alarm tjetër të keq: Vala e dytë ne Kosove e Covid-19 do nisë, ja kur",1270,1359
fake_1815,1815,1,fake,A ekziston Virusi apo jo? Ky eshte lajmi i Fundit,529,579
fake_1816,1816,1,fake,"Kosovës ia vënë kopilin te dera Thaçi, Mustafa, Haradinaj, Limaj dhe Pacolli",593,670
fake_1817,1817,1,fake,Shokohet Glauk Konjufca nga kjo qe i ndodhi,614,658
fake_1818,1818,1,fake,"Labinot Tahiri nuk ka te ndalur, kjo qe tha tani eshte e habitshme",490,557
fake_1819,1819,1,fake,"Kina paralajmëron botën: Keni kujdes, pneumoni vdekjeprurëse nga Kazakistani!",632,710
fake_1820,1820,1,fake,"Shikon nje femije ne liqen, hyn ta shpetoje dhe shok.o.h.et nga ajo qe zbulon",400,478
fake_1821,1821,1,fake,Shpallja e gjendjes së jashtëzakonshme në Kosovë/ Ky është lajmi i papritur,612,688
fake_1822,1822,1,fake,Rrezikoni seriozisht- Ja çfarë ndodh me trupin tuaj nëse e konsumoni kaq shumë kripën!,500,587
fake_1823,1823,1,fake,Hoxhe Enis Rama “Këto gjëra që po ndodhin paralajmërojn fundin e Botës”,372,444
fake_1824,1824,1,fake,A ishte Sali Berisha sherbetor i Enver Hoxhës? Dalin pamjet qe habiten te gjithe,569,650
fake_1825,1825,1,fake,"Harroi se ishte në një emision live dhe e bëri këtë gjë, arrinë 9 milion shikueshmëri per 2 minuta, ja pse!",565,673
fake_1826,1826,1,fake,"Hoteli 5 yje: 30 euro nata me ‘mëngjes, darkë dhe çadër’, bëhet fjalë për këtë bregdet të Shqipërisë",465,566
fake_1827,1827,1,fake,"Fotografia e fundit e Albin Kurtit, ja si kapet në aeroport",440,500
fake_1828,1828,1,fake,"Familja Jashari nuk e pranon në shtëpi Hashim Thaçin, ja pse presidenti shkoi para varrit te komandantit Adem Jashari!",407,526
fake_1829,1829,1,fake,"Adelina s’ka fije turpi, pozon thuajse krejtësisht e zhveshur!",240,303
fake_1830,1830,1,fake,"Tragjike! Mjeku shqiptar u nda nga jeta, kolegu i tij bën a kuza të for ta: Ata s’të sollën as një…",628,728
fake_1831,1831,1,fake,Avdullah Hoti “këshillohet” nga Ramush Haradinaj,427,476
fake_1832,1832,1,fake,Publikohen emrat e nëntë aktorëve të ndarjes së Kosovës/ Sali Berisha: Ja trojka kryesore,621,711
fake_1833,1833,1,fake,Nga Vetëvendosje i japin ‘goditjen’ tjetër Avdullah Hotit dhe Armend Zemajt!,412,489
fake_1834,1834,1,fake,"Gjendja e Jashtëzakonshme? Flet Hashim Thaçi, ka një thirrje të fundit për qytetarët e Kosovës",594,689
fake_1835,1835,1,fake,"Jakup Krasniqi godet rëndë Ramush Haradinajn, i publikon një letër të 2018-tës",530,609
fake_1836,1836,1,fake,Nuk do ta besoni se sa kushton nje qader ne Shengjin ne keto momente,466,535
fake_1837,1837,1,fake,Kurti i çon një mesazh të fortë Lista Srpskas. (VIDEO),404,459
fake_1838,1838,1,fake,Rrefen mami nga fshati: Burri qe njoftova ishte i vogel ne pamje por i madh ne shtrat,600,686
fake_1839,1839,1,fake,"Video Eksluzive:U Mundua T’i Prishte Martesën Me Tjetrën, I Shoqi E Tërheq Zvarrë Për Flokësh",494,588
fake_1840,1840,1,fake,Bi **kinet e Majlinda Zekës do t’iu lënë pa fjalë,539,589
fake_1841,1841,1,fake,"Donika Gërvalla “selam“ Thaçit: Nuk është koha për foto restorantesh, por për dorëheqje!",526,615
fake_1842,1842,1,fake,"Lajm shumë i mirë vjen për Kosovën, URIME do gëzohemi gjithë shqiptarët",694,766
fake_1843,1843,1,fake,Befason ‘Kallashi’ Ky politikan mi ka jep 5000 euro vetem per nje nate !,445,518
fake_1844,1844,1,fake,"Kujdes ku i lini femijet, kjo video do t’ju lë pa fjalë (VIDEO)",129,193
fake_1845,1845,1,fake,Kjo eshte arsyja pse shpertheu Koronavirusi ne Kosove,338,392
fake_1846,1846,1,fake,"LAJMI FUNDIT: Harrojeni Politikën, vjen përsëri lajm i rëndë për Koronavirusin!",475,555
fake_1847,1847,1,fake,Duda Balje: Unë si boshnjake jam dhe do të mbetem në rrugën e çlirimtarëve,453,528
fake_1848,1848,1,fake,Me këtë imazh Edona po e dëshmon që vajza po bëhet më e bukur se nëna,439,509
fake_1849,1849,1,fake,”Vjosa Osmani i a zbulon këtë super sekret Isa Mustafes para pak minutash!”,719,795
fake_1850,1850,1,fake,"A do të jetë Donald Trump pjesë e takimeve në Shtëpinë e Bardhë, çfarë thotë Thaçi",760,843
fake_1851,1851,1,fake,"o Popull, “COVID-19 NUK është rrenë! Mos ju besoni muhabeteve kafes!",493,562
fake_1852,1852,1,fake,Albin Kurtit i ndodhë më e ke qja Amerika e Ka Goditur duke thënë se Albini është një…,644,731
fake_1853,1853,1,fake,Sot pas 13 Vjet Martes më lindi djal kush më uron i dhasht Zoti të gjitha të mirat,612,695
fake_1854,1854,1,fake,"Pretendon se vjen nga viti 2300, ‘udhëtari i kohës’ tregon se çfarë e pret njerëzimin në të ardhmen",655,755
fake_1855,1855,1,fake,Thaci – Sa tjem une ne Politik Albini asnjehere nuk do te jete Kryeminister,502,578
fake_1856,1856,1,fake,Lajmi i Fundit: Ndahet LDK-ja ky eshte lajmi i Fundit!,3180,3235
fake_1857,1857,1,fake,"Çka e ka Robert Berisha kryeministrin në dorëheqje, Ramush Haradinaj",400,469
fake_1858,1858,1,fake,Gazetarja Tregon Arsyen Tr.o.ndi.tëse Pse Bebet Nuk Qajnë Në Duart E Lypsareve,1655,1734
fake_1859,1859,1,fake,Zgjidh Hënën tënde të preferuar dhe zbulo më shumë për të ardhmen që të pret!,1275,1353
fake_1860,1860,1,fake,Flet Dëshmitari thotë se 26 vjeçari nuk dëshironte të futej në konvikt për shkak se..,765,851
fake_1861,1861,1,fake,"Vetëm një lugë nga kjo përbërje çdo mëngjes dhe zorrët tuaja do të pastrohen nga mbetjet, në 2 minuta!",2160,2263
fake_1862,1862,1,fake,"Do të dukeni e re brenda 5 minutave, maska që bota po e quan magji",883,950
fake_1863,1863,1,fake,"SHBA’ja miraton ilaçin për trajtimin e koronavirusit, tregojn datën për shpërndarjen e tijë..",958,1052
fake_1864,1864,1,fake,Rritje e frikshme e të vde kurve nga CoVid në Itali/ Numri më i lartë që prej 21 prillit,547,636
fake_1865,1865,1,fake,Angela Merkel jep lajmin e shumë pritur për Covid19,573,625
fake_1866,1866,1,fake,Ju del gjumi çdo natë në të njëjtën orë? Ja cilat sëmundje mund t’i keni,2367,2440
fake_1867,1867,1,fake,10 këshilla për të hequr dorë nga ngrënja e thonjëve,2805,2858
fake_1868,1868,1,fake,Si t’i humbni 10 kilogramë brenda dy jave me këtë dietë të çuditshme me limon,2269,2347
fake_1869,1869,1,fake,Parashikimi tronditës i shkencëtarve: Sa mund të zgjasë dhe sa përqind e popullsisë do infektohet!,2026,2125
fake_1870,1870,1,fake,"Pothuajse te gjithe e keni kete lule ne shtepi, por a e dini rre/zikun qe u vjen nga kjo lule? Mesojeni tani dhe largojeni sa me pare",1592,1726
fake_1871,1871,1,fake,Flet njeriu që e provoi i pari në trup vaksinën kundër COVID-19,9757,9821
fake_1872,1872,1,fake,Testi që po habit të gjithë: Cila gotë ka më shumë ujë?,546,602
fake_1873,1873,1,fake,Zbulim i ri: Kjo simptomë e re e koronavirusit po shfaqet tek të moshuarit,2640,2715
fake_1874,1874,1,fake,Si të bini nga pesha në dy javë duke konsumuar vezë të ziera,2388,2449
fake_1875,1875,1,fake,"Po i vjen Fundit VV-së, mblidhet LDK-ja ata sod vendosin për…",494,556
fake_1876,1876,1,fake,Vajza e Lirimit e Lules ua këput shpirtin me fjalët për nenën e sëmurë,988,1059
fake_1877,1877,1,fake,Rovena Stefa publikon video provokuese e veshur në bikine,336,394
fake_1878,1878,1,fake,A i pengoi turkut kjo pozë e Gentes me ‘zogun’ jashtë?,501,556
fake_1879,1879,1,fake,E FUNDIT:Presidenti Trump bën paralajmërimin e fortë e dridhë Kinën Thotë se do ta…,1114,1198
fake_1880,1880,1,fake,"Arbana Osmani zbulon datën, ja kur do të rikthehet ‘Dua të të bëj të lumtur’",529,606
fake_1881,1881,1,fake,"Një nga këngëtaret më të njohura shqiptare, a e njihni dot?",490,550
fake_1882,1882,1,fake,"Kallashi: Po du me u martue , po s’po m’lë Arben Vitia",517,572
fake_1883,1883,1,fake,"Protesta të shtunën, publikohet plani se cilat rrugë të bllokohen deri në shpalljen e zgjedhjeve të reja",624,729
fake_1884,1884,1,fake,Ylli Merja : U thahet goja shpesh ? Ja cili organ e shkakton kete dhe si ta sheroni,2466,2550
fake_1885,1885,1,fake,"Infermierja e infektuar me Covid-19 i lutet kolegëve: Mos më lini të vdes, kam fëmijë",1240,1326
fake_1886,1886,1,fake,Zbardhni lëkuren tuaj me lëngun e domates dhe bëjeni atë të lëmuar dhe të pastër si të bëbës,1281,1374
fake_1887,1887,1,fake,"Video/ Moment i sikletshëm për Kumbaron, i zbërthehet kopsa e këmishës në mes të parlamentit dhe i…",466,566
fake_1888,1888,1,fake,Ja cfarë shëron limoni i ngrirë dhe si e bën atë do befasoheni..,2107,2172
fake_1889,1889,1,fake,Kur do të jetë gati vaksina për Covid-19? Flet mjeku shqiptar në SHBA,642,712
fake_1890,1890,1,fake,"Hithra, bima që “falimenton” farmacitë! Vetitë e jashtëzakonshme për shëndetin",843,922
fake_1891,1891,1,fake,Harrojini SHBA-në e Kinën – botës po i prin Gjermania,2519,2573
fake_1892,1892,1,fake,"Opaa! Ministria Balluku si Ivanka Trump, shkon në Dibër pa…recipeta, shoqëron Ramën pa komplekse",1254,1351
fake_1893,1893,1,fake,"I mori shpirtin vajzës dhe e gro posi në oborr, dënohet me bu rg përjetë shqiptari në Greqi",595,687
fake_1894,1894,1,fake,"Merret nëpërmjet hundës, ky është ilaçi që pritet të kurojë koronavirusin",930,1004
fake_1895,1895,1,fake,A po vjen vala e dytë e koronavirusit? Ja vendet që po shënojnë sërish rritje të vik timave dhe të prekurve,1471,1579
fake_1896,1896,1,fake,"Fëmijët po rrezikohen nga koronavirusi, cila është sëmundja e re që po kërcënon?",1012,1093
fake_1897,1897,1,fake,"Këshilltarja e Pacollit tallet me Sveçlën: Qoma lokacionin, ose dal para trenit",1044,1124
fake_1898,1898,1,fake,"Për kokë të mamit e kapa”, filmojnë “diskun” e çuditshëm që lëviz nëpër qiellin e Tiranës: Është UFO… e kapa, e kapa për Zotin e Madh!",389,524
fake_1899,1899,1,fake,"Përkundër pandemisë, Zvicra do të lejojë këtë gjë?",941,992
fake_1900,1900,1,fake,"Jeta Xharra: Qeveria amerikane e ndihmojë LDK-në me rrëzu Qeverinë Kurti, e turpshme!",629,715
fake_1901,1901,1,fake,Cila foshnje në këtë foto është vajzë? Përgjigja juaj tregon shumë për ju,802,876
fake_1902,1902,1,fake,"Theu karantinën, policia do t’i vendoste gjobë/ Habit qytetari: Jam…",820,889
fake_1903,1903,1,fake,"Deklarata tronditëse e infermieres: Pacientët po trajtohen në mënyrën e gabuar, po i vrasin qëllimisht!",1294,1398
fake_1904,1904,1,fake,"E mbajti të fshehtë, zbulohet më në fund kush është i dashuri i Fifit",652,722
fake_1905,1905,1,fake,Eksperti italian tregon se si koronavirusi zhduket për dy minuta,1293,1358
fake_1906,1906,1,fake,Befason profesori italian: Ka një kurë që e Zhduk Koronavirusin brenda 48 orëve,4842,4922
fake_1907,1907,1,fake,Gëzimja dhe Ema e vogël po i çmendin amerikanët,502,550
fake_1908,1908,1,fake,Ministri Vitia: Nuk e njoh Tayna-n por do të ndëshkohet nëse ka thyer rregullat,796,876
fake_1909,1909,1,fake,"U përfol që prishi një lidhje, Rita Ora sot poston foto pa jelek",612,677
fake_1910,1910,1,fake,Ky burrë thotë se ka shëruar 5 mijë njerëz nga kanceri për 90 ditë,4987,5054
fake_1911,1911,1,fake,Lirimi i pikëlluar tregon se terapitë nuk po kanë funksion te Lulja,756,824
fake_1912,1912,1,fake,"Konfirmohet frika e kancelares Merkel, kjo është duke ndodhur me COVID-19 në Gjermani",1257,1343
fake_1913,1913,1,fake,Nuk ua merr mendja sa e bukur është bashkëshortja e Gold Ag,610,670
fake_1914,1914,1,fake,"Nuk keni për ti njohur, as njërën e as tjetrën : Ja se si dukej Eli Fara me Aurela Gacen para 18 vitesh",680,784
fake_1915,1915,1,fake,Sa bukur duket Leta me frizurë të rëndë dhe veshje tradicionale,484,548
fake_1916,1916,1,fake,Plaku Shqiptar me plis në pikë dite e puthë një grua ne sy te gjithë kalimtarëve…,385,467
fake_1917,1917,1,fake,Hëna që ju zgjidhni tregon tipin e personit me të cilin do të dashuroheni,2012,2086
fake_1918,1918,1,fake,Një këshilltar politik i Kurtit blen telefon në vlerë prej afër 400 euro me paratë e taksapaguesve,841,940
fake_1919,1919,1,fake,Një grup mjekësh bëjnë disa deklarata ‘bombë’ për covid-19 dhe kundërshtojnë ekspertin e Shtëpisë së Bardhë,1504,1612
fake_1920,1920,1,fake,"Gjethet e limonit, zgjidhja natyrale për problemet me fytin, migrenën dhe astmën!",1916,1998
fake_1921,1921,1,fake,Këngëtarja Nga Kosova Që Po Mahnitë Austrinë,635,680
fake_1922,1922,1,fake,"Hashim Thaçi e Aleksander Vuçiq janë bashkëpunëtorë, ja kush e thotë",1935,2004
fake_1923,1923,1,fake,"Hoxha i njohur nga Peja: Shkuarja në diskotekë nuk është haram, unë vetëm kam qenë aty",583,670
fake_1924,1924,1,fake,“Shpopullimi i botës”/ Mjeku i njohur dyshime për koronavirusin: Ja cili është plani i Bill Gates për vaksina të detyrueshme,1403,1528
fake_1925,1925,1,fake,"Te gjithe Shqiptaret lene koken pas tyre, por ja se cfare nuk keni ditur per to, kur ta merrni vesh do t’i hani dhe me shume",2788,2913
fake_1926,1926,1,fake,Hoxhë Enis Rami – Ja çfarë po përgatitet në Botë deri sa ne jemi të izoluar,237,313
fake_1927,1927,1,fake,"‘Më pyesin çdo ditë’, Arbana Osmani tregon kur do të rikthehet ‘Dua të të bëj të lumtur’",858,947
fake_1928,1928,1,fake,Merrini gjethet e rrushit dhe ruajini ne ngrirje te frigoriferit dhe pervec japrakut ju do te beni dhe dicka tjeter fantastike,856,983
fake_1929,1929,1,fake,"“Më rrahu mami dhe babi”, zbardhet dëshmia e nënës dhe mjekes së 3-vjeçarit të dhu nuar",734,822
fake_1930,1930,1,fake,Harrojeni ujin me limon. Me këtë pije humbni 5 kg në vetëm 12 ditë,1831,1898
fake_1931,1931,1,fake,Rezultoi 100% e suksesshme/ BE mbështet kurën izraelite kundër koronavirusit,1023,1100
fake_1932,1932,1,fake,Flet mjekja shqiptare në Kanada: Si të trajtoni virusin në kushtet e shtëpisë,13988,14066
fake_1933,1933,1,fake,Erdogan vjen me një paralajmërim për mbarë njerëzimin,405,459
fake_1934,1934,1,fake,Ekipi i shkencëtarëve bëjnë zbulimin e frikshëm: Identifikohen 500 lloje të reja koronavirusi,1538,1632
fake_1935,1935,1,fake,TRAGJlKE: Këngëtarja e njohur humb tre familjarë në një ditë prej Korona Virus,470,549
fake_1936,1936,1,fake,"Gru shte në mes të Tiranës, pl as she rri mes dy aktorëve të njohur të humorit",744,823
fake_1937,1937,1,fake,"Lë dashnoren e tij shtatzënë dhe “e dërgon” në vendlindje për të shmangur skandalin. 9 muaj më vonë, një kartolinë e çuditshme mbërrin! Burri e lexon dhe zbehet nga ajo që është shkruar",2503,2689
fake_1938,1938,1,fake,"Nobelisti japonez shokon botën: Koronavirusi u prodhua nga Kina, asnjë prej miqve të mi në Wuhan s’ma hap telefonin",1948,2064
fake_1939,1939,1,fake,Vjosa Osmani ia dërgon një “selam” LDK-së pak ditë para votimit të Qeverisë së re..,743,827
fake_1940,1940,1,fake,"Deputeti italian: E gjithë kjo është një gënjeshtër, 96% e të vdekurve nuk vdiqën nga virusi",1392,1485
fake_1941,1941,1,fake,Kush është fajtor që Kosovës nuk po i hiqen vizat,1596,1646
fake_1942,1942,1,fake,"Shkencëtarët: Ky ilaç që kuron kancerin, parandalon infektimin e njerëzve nga koronavirusi",1962,2053
fake_1943,1943,1,fake,"Për herë të parë e tha Leonora Jakupi, kjo ishte e papritur nga ajo!",562,631
fake_1944,1944,1,fake,"Vuçiq kam një lajm të keqë për Shqiptarët e Kosovës, ata kurr nuk do të…",398,471
fake_1945,1945,1,fake,Po kjo ku i mori paratë? Aktorja e Kosovës me çantë 6.600 eurove (FOTO),670,742
fake_1946,1946,1,fake,Tronditet Peja sapo ka n’derruar jet Agro…!,809,853
fake_1947,1947,1,fake,Ja momenti kur Miss Serbia e puth hartën e Kosovës në emision live (Video),749,824
fake_1948,1948,1,fake,"LAJMI I FUNDIT: Ngjarje e rende, Kjo gje shume e keqe po ndodhe ne Kosove!",805,880
fake_1949,1949,1,fake,"Lola vishet e tëra në të zeza për të dalë, do ta ‘çmend’ Dautin me këtë veprim qe beri në…!",560,652
fake_1950,1950,1,fake,A jeni infektuar me koronavirus? Shenjat që ju tregojnë nëse e keni kaluar Covid-19,1516,1600
fake_1951,1951,1,fake,Peci: Ukaj i tha kryetares Osmani “Ule gishtin se ta fus në b*** e ta…!?”,966,1040
fake_1952,1952,1,fake,“Çartet“ Vjosa Osmani! Ja momenti kur i thot Ulu aty o Kujtim “Unë jam sherifi këtu se po ta…!”,857,953
fake_1953,1953,1,fake,Ekskluzive: Capital T zbulon të dashurën e re nuk është Adriola Dushi!,809,880
fake_1954,1954,1,fake,"LAJMI I FUNDIT: Video/ Tërmet i fuqishëm 7,8 ballë , frikë për cunam",818,887
fake_1955,1955,1,fake,Vjen reagimi i fundit Leonora Jakupit për debatin rreth Xhamisë së Madhe do befas…!,500,584
fake_1956,1956,1,fake,"E Besoni apo jo? Ky është qyteti i Kosovës që flen mbi ari, e populli ska buk…!?",683,764
fake_1957,1957,1,fake,Vjen lajmi i madh për Isa Mustafa shërohet nga COVID-19 dhe do shkoj në…!,573,647
fake_1958,1958,1,fake,Qka po n’dodh keshtu: Njerëzit kanë më shumë gjasa të infektohen në shtëpi se sa jashtë,799,887
fake_1959,1959,1,fake,"Afrona ‘ndez’ rrjetin nga pushimet, zbulon më shumë se ҫ’duhet me foton e fundit",558,639
fake_1960,1960,1,fake,"LAJMI I FUNDIT: Ky eshte vendimi i Vjosa Osmanit, formon partin e re?",597,667
fake_1961,1961,1,fake,LAJM ASPAK I MIRË Lul Raka “parashikon”: Ja deri kur do ta kemi Koronavirusin ketu!,764,848
fake_1962,1962,1,fake,"Ja kush janë njerëzit më pak të rre zikuar nga Covid, zbuloni nëse bëni pjesë tek ata",817,903
fake_1963,1963,1,fake,"Me rrudha dhe e plakur, ‘Nermin’ nuk njihet më!",491,539
fake_1964,1964,1,fake,Si më dobësoi “Dieta me Kos” nga 5 kg në 7 ditë! E vetmja që më bëri punë!,876,951
fake_1965,1965,1,fake,EKSKLUZIVE: Veton Surroi është i gatshëm për t’u bërë president!?,689,755
fake_1966,1966,1,fake,LAJMI I FUNDIT: E papritur Qeveria fut në karantinë edhe keto katër komuna!!,752,829
fake_1967,1967,1,fake,"Lajm i madh sapo erdhi, nga Gjermania per Kosovën! URIMEE!",486,545
fake_1968,1968,1,fake,"EKSKLUZIVE, AKR i bashkohet qeverisë Hoti, ky do të jetë ministri i ri, Do befasoheni!",677,764
fake_1969,1969,1,fake,LAJMI I FUNDIT: Shuhet NISMA në Kuvend dhe në…!,419,467
fake_1970,1970,1,fake,"Sfidon vajzat e reja, s’do ta be soni se vjeç mbush sot Gjyste Vulaj (FOTO LAJM)",445,526
fake_1971,1971,1,fake,Këtë nuk e priste askush në keto momente Vali Corleone na prezanton me të dashurën,560,643
fake_1972,1972,1,fake,"Rritje e fuqishme e Albin Kurtit, nuk do ta besoni se sa mbrapa e ka lene liderin e dyte",551,640
fake_1973,1973,1,fake,"Bota po n’dryshon vertet :‘Dorëzohet’ OBSH-ja, pranon faktin se Covid transmetohet përmes ajrit",770,866
fake_1974,1974,1,fake,"Tronditet Kosova, Humb jeten  ky person i njohur!",542,592
fake_1975,1975,1,fake,"Zgjidh një lule dhe zbulo moshën kur do martohesh, rezultati është i vërtetë dhe do të befasojë",625,721
fake_1976,1976,1,fake,LAJMI I FUNDIT: Qka po n’dodh more keshtu: Rreth 200 mijë të infektuar me COVID-19 në Kosovë e thot…!?,662,765
fake_1977,1977,1,fake,SuperModelja Shqiptare: Hashim Thaçi është “BABA” i Kosovës e ju po lyp…!,700,774
fake_1978,1978,1,fake,E besoni apo jo? Kjo është paga mujore që merrë gruaja e Kryeministrit Hoti!,603,680
fake_1979,1979,1,fake,Lajm i madh sa erdhi nga Gjermani: Ja kur do të hiqen vizat për Kosovën! URIMEE!,606,687
fake_1980,1980,1,fake,E Besoni Apo Jo? Kjo është pasuria e Albin Kurtit!,502,553
fake_1981,1981,1,fake,LAJMI I FUNDIT – Ja qka paralajmron Lëvizja Vetëvendosje duhet ta din populli!?,520,600
fake_1982,1982,1,fake,LAJMI I FUNDIT – Grenell merr kete vendim per Kosoven URIME !,591,653
fake_1983,1983,1,fake,"Ju kujtohet Shpresa e “Përrallë me tupan”? Ja me kë është martuar ajo, do befasoheni",616,701
fake_1984,1984,1,fake,LAJMI I FUNDIT – Paralajmëron LVV: Nuk do të lejojmë kurr që të…!,595,661
fake_1985,1985,1,fake,Qytetarja: Ja si me mashtruan në “Viva Fresh”!!,679,727
fake_1986,1986,1,fake,"Ky është super laj  fillon të stabilizohet situata me COVID-19, këtë javë më pak raste në Kosovë",605,702
fake_1987,1987,1,fake,Këtë nuk e priste askush: Janë 100 mijë persona të infektuar me Covid-19 në Kosovë!,769,853
fake_1988,1988,1,fake,"E FUNDIT: Harrojeni Koronavirusin, Ngjarje e rende po ndodhe ne Kosove",400,471
fake_1989,1989,1,fake,"Vjen nje lajm shume i keq per Kosoven dhe qytetaret e saj, KUJDES",621,687
fake_1990,1990,1,fake,LAJMI I FUNDIT:Alarmon drejtori i SHSKUK-së: Kjo qe do te ndodhe me Kosove do iu alarmoj,392,481
fake_1991,1991,1,fake,Eskalon gjithqka Gashi- Vjosa Osmanit: A je normal…? – Reagon kryeparlamentarja,631,711
fake_1992,1992,1,fake,Veseli: Nese Bëhem Kryeminister Une – Do ta shihni qfar do te beje ne Kosove Albini e kta tjert krejt vjedhin,464,574
fake_1993,1993,1,fake,LAJMI I FUNDIT – Avdullah Hoti thot se populli prap do te hyj ne karantine,424,499
fake_1994,1994,1,fake,"LAJMI I FUNDIT: Haki Abazi përfshihet në aksident, Ja gjendja e ti…!",460,529
fake_1995,1995,1,fake,Albin Kurti trondit me ket qe e tha per Serbin i la te gjithe pa mend!,567,638
fake_1996,1996,1,fake,"Leonora Jakupi ndryshon pamjen drastikisht, nuk do ta njihni!",499,561
fake_1997,1997,1,fake,A e dini Çfarë kanë të përbashkët Isa Mustafa dhe Naim Abazi do befasoheni!?,577,654
fake_1998,1998,1,fake,"LDK e shkarkoi, Albin Kurti i qon selam Vjosës, Hajde në Vetëvendosje e tani jav…!",550,633
fake_1999,1999,1,fake,"Shkenda befason Shpëtim Deskun, Këtu e bëjë çdo natë me…!",323,381
fake_2000,2000,1,fake,LAJM FANTASTIK: Shënon zero viktima të koronavirusit për 24 orë në…!,582,651
