"article_id","pair_id","label","label_name","word_count","sentence_count","character_count","avg_word_length","avg_sentence_length","title_length","content_length","exclamation_count","question_count","comma_count","quote_count","ellipsis_count","exclamation_ratio","question_ratio","uppercase_word_count","uppercase_word_ratio","uppercase_char_ratio","title_excessive_uppercase","e_count","c_count","diacritic_count","diacritic_ratio","possible_missing_diacritic_count","possible_missing_diacritic_words","sensational_count","sensational_ratio","sensational_found","source_indicator_count","source_indicator_ratio","source_indicators_found","uncertainty_count","uncertainty_ratio","uncertainty_found"
"true_1","1","0","real","296","11","1878","5.04","26.91","85","1792","0","0","20","4","0","0.0","0.0","3","0.010135","0.028188","0","134","0","134","0.071353","0","","0","0.0","","2","0.006757","studimi","0","0.0",""
"true_2","2","0","real","516","26","2979","4.65","19.85","65","2913","0","0","20","21","0","0.0","0.0","0","0.0","0.025031","0","245","5","250","0.083921","0","","0","0.0","","0","0.0","","4","0.007752","thuhet, mund të"
"true_3","3","0","real","93","6","528","4.59","15.5","38","489","0","0","2","1","0","0.0","0.0","0","0.0","0.018779","0","44","3","47","0.089015","0","","0","0.0","","1","0.010753","policia","0","0.0",""
"true_4","4","0","real","106","5","660","5.07","21.2","34","625","0","0","7","10","0","0.0","0.0","2","0.018868","0.073308","0","40","0","40","0.060606","0","","0","0.0","","0","0.0","","0","0.0",""
"true_5","5","0","real","318","14","1886","4.71","22.71","64","1821","0","0","15","2","0","0.0","0.0","1","0.003145","0.02338","0","128","1","129","0.068399","0","","0","0.0","","1","0.003145","sipas","0","0.0",""
"true_6","6","0","real","273","9","1605","4.82","30.33","76","1528","2","0","10","0","0","0.007326","0.0","1","0.003663","0.025875","0","90","2","92","0.057321","0","","0","0.0","","1","0.003663","deklaroi","0","0.0",""
"true_7","7","0","real","430","19","2649","4.92","22.63","73","2575","0","0","33","7","0","0.0","0.0","0","0.0","0.03737","0","204","2","206","0.077765","0","","0","0.0","","1","0.002326","sipas","1","0.002326","thuhet"
"true_8","8","0","real","113","4","685","4.96","28.25","102","582","0","0","2","0","0","0.0","0.0","0","0.0","0.046595","0","44","0","44","0.064234","0","","0","0.0","","1","0.00885","policia","1","0.00885","mund të"
"true_9","9","0","real","466","13","2810","4.92","35.85","85","2724","0","0","30","10","0","0.0","0.0","1","0.002146","0.037297","0","179","4","183","0.065125","0","","0","0.0","","3","0.006438","sipas","4","0.008584","mund të"
"true_10","10","0","real","391","18","2135","4.3","21.72","73","2061","3","0","19","2","0","0.007673","0.0","0","0.0","0.027926","0","149","5","154","0.072131","0","","0","0.0","","0","0.0","","0","0.0",""
"true_11","11","0","real","116","8","614","4.16","14.5","80","533","0","0","2","0","0","0.0","0.0","0","0.0","0.043568","0","52","0","52","0.084691","0","","0","0.0","","0","0.0","","2","0.017241","mund të"
"true_12","12","0","real","251","15","1454","4.65","16.73","60","1393","5","0","19","0","0","0.01992","0.0","0","0.0","0.022318","0","116","0","116","0.07978","0","","0","0.0","","0","0.0","","3","0.011952","mund të, ka gjasa"
"true_13","13","0","real","222","6","1330","4.88","37.0","71","1258","0","0","8","8","0","0.0","0.0","0","0.0","0.024007","0","100","3","103","0.077444","0","","0","0.0","","2","0.009009","ministria, studimi","1","0.004505","mund të"
"true_14","14","0","real","131","8","795","4.79","16.38","75","719","0","0","7","0","0","0.0","0.0","0","0.0","0.054313","0","59","0","59","0.074214","0","","1","0.007634","skandal","0","0.0","","0","0.0",""
"true_15","15","0","real","290","22","1699","4.66","13.18","113","1585","0","0","23","8","2","0.0","0.0","0","0.0","0.04963","0","95","12","107","0.062978","0","","0","0.0","","1","0.003448","sipas","0","0.0",""
"true_16","16","0","real","82","5","464","4.46","16.4","45","418","0","0","10","6","0","0.0","0.0","1","0.012195","0.060109","0","32","3","35","0.075431","0","","0","0.0","","0","0.0","","0","0.0",""
"true_17","17","0","real","186","6","1146","5.04","31.0","61","1084","1","0","16","0","0","0.005376","0.0","0","0.0","0.067236","0","91","0","91","0.079407","0","","0","0.0","","1","0.005376","sipas","0","0.0",""
"true_18","18","0","real","190","8","1073","4.53","23.75","116","956","0","0","10","2","0","0.0","0.0","0","0.0","0.042056","0","66","5","71","0.06617","0","","0","0.0","","0","0.0","","0","0.0",""
"true_19","19","0","real","109","5","661","5.0","21.8","71","589","0","0","7","0","0","0.0","0.0","0","0.0","0.047706","0","52","2","54","0.081694","0","","0","0.0","","0","0.0","","0","0.0",""
"true_20","20","0","real","496","21","3163","5.16","23.62","88","3074","1","0","28","2","0","0.002016","0.0","14","0.028226","0.044922","0","217","2","219","0.069238","0","","0","0.0","","4","0.008065","sipas, ministria, institucioni","2","0.004032","thuhet, mund të"
"true_21","21","0","real","512","24","2794","4.31","21.33","40","2753","2","5","55","0","1","0.003906","0.009766","0","0.0","0.020436","0","229","2","231","0.082677","0","","0","0.0","","0","0.0","","0","0.0",""
"true_22","22","0","real","75","3","480","5.36","25.0","59","420","0","0","1","2","0","0.0","0.0","0","0.0","0.022388","0","32","0","32","0.066667","0","","0","0.0","","0","0.0","","0","0.0",""
"true_23","23","0","real","298","13","1635","4.32","22.92","53","1581","0","1","24","18","0","0.0","0.003356","2","0.006711","0.032659","0","103","0","103","0.062997","0","","0","0.0","","0","0.0","","0","0.0",""
"true_24","24","0","real","391","19","2177","4.41","20.58","37","2139","3","4","28","4","0","0.007673","0.01023","3","0.007673","0.034203","0","157","3","160","0.073496","0","","0","0.0","","0","0.0","","0","0.0",""
"true_25","25","0","real","247","8","1413","4.62","30.88","84","1328","0","1","4","10","0","0.0","0.004049","1","0.004049","0.037752","0","93","10","103","0.072895","0","","0","0.0","","0","0.0","","2","0.008097","mund të"
"true_26","26","0","real","154","8","831","4.34","19.25","129","701","2","0","5","2","0","0.012987","0.0","0","0.0","0.029985","0","64","2","66","0.079422","0","","0","0.0","","0","0.0","","0","0.0",""
"true_27","27","0","real","244","11","1506","5.11","22.18","98","1407","0","0","21","0","0","0.0","0.0","2","0.008197","0.053815","0","116","4","120","0.079681","0","","0","0.0","","0","0.0","","1","0.004098","thuhet"
"true_28","28","0","real","217","8","1349","5.12","27.12","71","1277","3","0","8","0","0","0.013825","0.0","2","0.009217","0.048605","0","115","1","116","0.08599","0","","0","0.0","","0","0.0","","1","0.004608","mund të"
"true_29","29","0","real","2275","120","13918","4.85","18.96","138","13779","2","1","198","56","4","0.000879","0.00044","36","0.015824","0.06405","0","886","75","961","0.069047","0","","0","0.0","","6","0.002637","sipas, ministria, policia, institucioni","3","0.001319","dyshohet, ndoshta, mund të"
"true_30","30","0","real","362","15","2325","5.15","24.13","85","2239","0","0","14","0","0","0.0","0.0","10","0.027624","0.05971","0","154","2","156","0.067097","0","","0","0.0","","0","0.0","","1","0.002762","mund të"
"true_31","31","0","real","175","14","1010","4.63","12.5","75","934","9","0","9","2","0","0.051429","0.0","3","0.017143","0.046914","0","73","5","78","0.077228","1","eshte","0","0.0","","0","0.0","","1","0.005714","mund të"
"true_32","32","0","real","157","6","1137","5.31","26.17","81","1055","0","0","19","3","0","0.0","0.0","2","0.012739","0.073141","0","59","4","63","0.055409","0","","0","0.0","","5","0.031847","sipas, ministria","0","0.0",""
"true_33","33","0","real","488","16","2969","4.99","30.5","101","2867","1","0","24","6","0","0.002049","0.0","4","0.008197","0.019729","0","242","3","245","0.082519","0","","0","0.0","","1","0.002049","sipas","0","0.0",""
"true_34","34","0","real","58","4","298","4.14","14.5","42","255","0","0","0","0","0","0.0","0.0","0","0.0","0.045833","0","24","0","24","0.080537","0","","0","0.0","","0","0.0","","0","0.0",""
"true_35","35","0","real","90","6","535","4.72","15.0","61","473","0","0","6","2","0","0.0","0.0","0","0.0","0.044706","0","36","0","36","0.06729","0","","0","0.0","","0","0.0","","0","0.0",""
"true_36","36","0","real","363","10","2102","4.68","36.3","111","1990","0","2","21","13","0","0.0","0.00551","0","0.0","0.042453","0","153","15","168","0.079924","0","","0","0.0","","0","0.0","","2","0.00551","ndoshta, mund të"
"true_37","37","0","real","119","5","761","5.28","23.8","127","633","0","0","3","6","0","0.0","0.0","0","0.0","0.022293","0","70","4","74","0.09724","0","","0","0.0","","0","0.0","","0","0.0",""
"true_38","38","0","real","392","14","2229","4.49","28.0","85","2143","0","0","26","10","0","0.0","0.0","1","0.002551","0.042711","0","86","4","90","0.040377","1","kosove","0","0.0","","0","0.0","","0","0.0",""
"true_39","39","0","real","264","11","1470","4.46","24.0","68","1401","0","0","14","5","0","0.0","0.0","2","0.007576","0.053663","0","104","3","107","0.072789","0","","0","0.0","","2","0.007576","sipas, policia","0","0.0",""
"true_40","40","0","real","617","21","3667","4.84","29.38","85","3581","0","0","44","10","1","0.0","0.0","3","0.004862","0.0269","0","282","18","300","0.081811","0","","0","0.0","","1","0.001621","raportoi","2","0.003241","thuhet"
"true_41","41","0","real","185","12","1099","4.66","15.42","112","986","0","0","13","2","0","0.0","0.0","2","0.010811","0.038328","0","80","4","84","0.076433","0","","0","0.0","","1","0.005405","policia","0","0.0",""
"true_42","42","0","real","349","9","1946","4.35","38.78","144","1801","0","0","22","0","0","0.0","0.0","1","0.002865","0.031641","0","29","0","29","0.014902","2","kosove, nje","0","0.0","","1","0.002865","sipas","0","0.0",""
"true_43","43","0","real","315","18","1768","4.5","17.5","124","1643","0","1","18","2","1","0.0","0.003175","1","0.003175","0.043262","0","114","1","115","0.065045","0","","0","0.0","","1","0.003175","sipas","0","0.0",""
"true_44","44","0","real","179","15","1085","4.93","11.93","52","1032","0","2","8","2","0","0.0","0.011173","4","0.022346","0.063709","0","53","4","57","0.052535","0","","0","0.0","","1","0.005587","sipas","1","0.005587","thuhet"
"true_45","45","0","real","213","7","1259","4.83","30.43","94","1164","0","0","12","6","0","0.0","0.0","2","0.00939","0.039961","0","93","1","94","0.074662","0","","0","0.0","","1","0.004695","sipas","0","0.0",""
"true_46","46","0","real","118","4","645","4.31","29.5","113","531","0","0","9","8","0","0.0","0.0","0","0.0","0.04142","0","33","0","33","0.051163","0","","0","0.0","","0","0.0","","0","0.0",""
"true_47","47","0","real","207","8","1314","5.22","25.88","64","1249","1","0","15","2","1","0.004831","0.0","2","0.009662","0.045412","0","108","2","110","0.083714","0","","1","0.004831","urgjente","0","0.0","","0","0.0",""
"true_48","48","0","real","130","6","767","4.82","21.67","91","675","1","0","7","0","0","0.007692","0.0","0","0.0","0.069021","0","42","3","45","0.05867","0","","0","0.0","","0","0.0","","0","0.0",""
"true_49","49","0","real","299","8","1882","5.2","37.38","36","1845","0","0","22","2","0","0.0","0.0","1","0.003344","0.048938","0","132","5","137","0.072795","0","","0","0.0","","0","0.0","","0","0.0",""
"true_50","50","0","real","775","47","4786","5.01","16.49","58","4727","0","5","53","8","0","0.0","0.006452","6","0.007742","0.038213","0","319","3","322","0.06728","0","","0","0.0","","3","0.003871","ministria, policia","0","0.0",""
"true_51","51","0","real","3085","124","19529","5.07","24.88","102","19426","1","0","299","41","0","0.000324","0.0","14","0.004538","0.051287","0","1304","51","1355","0.069384","0","","1","0.000324","tronditëse","4","0.001297","policia","4","0.001297","thuhet, dyshohet, mund të"
"true_52","52","0","real","1770","71","10400","4.77","24.93","87","10312","4","10","67","22","0","0.00226","0.00565","5","0.002825","0.033768","0","785","26","811","0.077981","0","","0","0.0","","2","0.00113","sipas, studimi","13","0.007345","ndoshta, mund të"
"true_53","53","0","real","161","11","1058","5.07","14.64","51","1006","0","0","14","2","0","0.0","0.0","1","0.006211","0.045343","0","66","0","66","0.062382","0","","0","0.0","","0","0.0","","0","0.0",""
"true_54","54","0","real","150","3","812","4.38","50.0","52","759","0","0","1","0","0","0.0","0.0","1","0.006667","0.038052","0","60","0","60","0.073892","0","","0","0.0","","0","0.0","","2","0.013333","thuhet, mund të"
"true_55","55","0","real","257","14","1559","4.94","18.36","67","1491","0","1","13","2","0","0.0","0.003891","1","0.003891","0.025217","0","101","4","105","0.067351","1","nje","0","0.0","","2","0.007782","sipas, raporti","1","0.003891","mund të"
"true_56","56","0","real","245","18","1448","4.76","13.61","40","1407","0","0","18","11","0","0.0","0.0","0","0.0","0.037037","0","94","0","94","0.064917","0","","0","0.0","","0","0.0","","0","0.0",""
"true_57","57","0","real","65","3","369","4.58","21.67","79","289","0","0","4","0","0","0.0","0.0","0","0.0","0.030201","0","30","0","30","0.081301","0","","0","0.0","","0","0.0","","0","0.0",""
"true_58","58","0","real","242","10","1329","4.35","24.2","56","1272","1","0","10","4","0","0.004132","0.0","0","0.0","0.021842","0","102","4","106","0.079759","0","","0","0.0","","0","0.0","","1","0.004132","thuhet"
"true_59","59","0","real","261","8","1713","5.51","32.62","88","1624","0","0","9","2","0","0.0","0.0","0","0.0","0.020891","0","116","6","122","0.07122","0","","0","0.0","","1","0.003831","sipas","0","0.0",""
"true_60","60","0","real","262","14","1440","4.33","18.71","67","1372","0","0","13","2","0","0.0","0.0","0","0.0","0.014991","0","139","9","148","0.102778","0","","0","0.0","","1","0.003817","sipas","0","0.0",""
"true_61","61","0","real","185","12","1032","4.36","15.42","87","944","6","0","17","4","0","0.032432","0.0","1","0.005405","0.042184","0","65","0","65","0.062984","0","","0","0.0","","0","0.0","","0","0.0",""
"true_62","62","0","real","154","8","1037","5.53","19.25","85","951","0","0","16","4","0","0.0","0.0","0","0.0","0.047114","0","58","0","58","0.055931","0","","0","0.0","","0","0.0","","1","0.006494","mund të"
"true_63","63","0","real","524","22","2840","4.35","23.82","107","2732","0","0","23","2","0","0.0","0.0","16","0.030534","0.052216","0","212","4","216","0.076056","0","","0","0.0","","0","0.0","","0","0.0",""
"true_64","64","0","real","148","7","890","4.84","21.14","80","809","0","0","12","8","0","0.0","0.0","1","0.006757","0.053073","0","46","4","50","0.05618","0","","0","0.0","","0","0.0","","0","0.0",""
"true_65","65","0","real","357","14","2026","4.61","25.5","84","1941","2","3","13","2","0","0.005602","0.008403","0","0.0","0.02497","0","141","4","145","0.07157","0","","0","0.0","","1","0.002801","sipas","0","0.0",""
"true_66","66","0","real","209","7","1283","4.98","29.86","62","1220","0","0","9","0","0","0.0","0.0","1","0.004785","0.038536","0","91","1","92","0.071707","0","","0","0.0","","0","0.0","","0","0.0",""
"true_67","67","0","real","216","12","1333","5.05","18.0","64","1268","0","0","23","3","0","0.0","0.0","0","0.0","0.040441","0","109","4","113","0.084771","0","","0","0.0","","1","0.00463","sipas","0","0.0",""
"true_68","68","0","real","190","7","1197","5.15","27.14","92","1104","1","0","11","8","0","0.005263","0.0","2","0.010526","0.060327","0","94","0","94","0.07853","0","","0","0.0","","0","0.0","","0","0.0",""
"true_69","69","0","real","591","24","3687","5.05","24.62","41","3645","0","0","29","4","0","0.0","0.0","3","0.005076","0.030883","0","251","4","255","0.069162","0","","0","0.0","","4","0.006768","sipas, bëri të ditur, raporti","0","0.0",""
"true_70","70","0","real","199","6","1123","4.51","33.17","54","1068","0","0","10","2","0","0.0","0.0","2","0.01005","0.047884","0","96","1","97","0.086376","0","","0","0.0","","1","0.005025","ministria","1","0.005025","mund të"
"true_71","71","0","real","245","6","1515","5.04","40.83","72","1442","0","0","13","0","0","0.0","0.0","0","0.0","0.047773","0","151","2","153","0.10099","0","","0","0.0","","0","0.0","","0","0.0",""
"true_72","72","0","real","1921","98","10987","4.56","19.6","92","10894","0","0","94","36","1","0.0","0.0","2","0.001041","0.035555","0","841","22","863","0.078547","0","","0","0.0","","2","0.001041","sipas","1","0.000521","mund të"
"true_73","73","0","real","270","8","1600","4.74","33.75","65","1534","0","0","21","8","0","0.0","0.0","1","0.003704","0.034348","0","110","1","111","0.069375","0","","0","0.0","","0","0.0","","2","0.007407","thuhet, dyshohet"
"true_74","74","0","real","1921","98","10987","4.56","19.6","92","10894","0","0","94","36","1","0.0","0.0","2","0.001041","0.035555","0","841","22","863","0.078547","0","","0","0.0","","2","0.001041","sipas","1","0.000521","mund të"
"true_75","75","0","real","86","7","542","5.01","12.29","53","488","0","0","3","0","0","0.0","0.0","0","0.0","0.032483","0","33","0","33","0.060886","0","","0","0.0","","1","0.011628","sipas","0","0.0",""
"true_76","76","0","real","1921","98","10987","4.56","19.6","92","10894","0","0","94","36","1","0.0","0.0","2","0.001041","0.035555","0","841","22","863","0.078547","0","","0","0.0","","2","0.001041","sipas","1","0.000521","mund të"
"true_77","77","0","real","127","7","705","4.35","18.14","60","644","2","1","2","0","2","0.015748","0.007874","3","0.023622","0.074275","0","40","4","44","0.062411","0","","0","0.0","","0","0.0","","0","0.0",""
"true_78","78","0","real","119","8","711","4.85","14.88","77","633","0","0","8","4","0","0.0","0.0","1","0.008403","0.064348","0","53","0","53","0.074543","0","","0","0.0","","0","0.0","","2","0.016807","thuhet"
"true_79","79","0","real","171","7","1002","4.84","24.43","50","951","0","0","2","0","0","0.0","0.0","0","0.0","0.035067","0","74","5","79","0.078842","0","","0","0.0","","0","0.0","","0","0.0",""
"true_80","80","0","real","151","5","897","4.84","30.2","105","791","0","0","9","6","0","0.0","0.0","1","0.006623","0.053352","0","61","6","67","0.074693","0","","0","0.0","","0","0.0","","1","0.006623","mund të"
"true_81","81","0","real","231","20","1335","4.65","11.55","37","1297","12","0","10","4","1","0.051948","0.0","3","0.012987","0.041007","0","59","4","63","0.047191","2","eshte, per","0","0.0","","1","0.004329","ministria","0","0.0",""
"true_82","82","0","real","419","13","2437","4.75","32.23","82","2354","0","0","12","10","1","0.0","0.0","3","0.00716","0.032696","0","193","16","209","0.085761","0","","0","0.0","","1","0.002387","sipas","1","0.002387","mund të"
"true_83","83","0","real","306","12","1803","4.77","25.5","73","1729","0","0","28","4","0","0.0","0.0","4","0.013072","0.03989","0","122","3","125","0.069329","0","","0","0.0","","0","0.0","","1","0.003268","ka gjasa"
"true_84","84","0","real","273","15","1609","4.73","18.2","75","1533","0","0","9","7","0","0.0","0.0","0","0.0","0.025581","0","148","4","152","0.094469","0","","0","0.0","","2","0.007326","studimi","1","0.003663","mund të"
"true_85","85","0","real","186","5","1220","5.49","37.2","78","1141","0","0","7","4","0","0.0","0.0","0","0.0","0.033366","0","70","3","73","0.059836","0","","0","0.0","","2","0.010753","sipas","0","0.0",""
"true_86","86","0","real","212","6","1343","5.12","35.33","53","1289","0","0","10","10","0","0.0","0.0","7","0.033019","0.064695","0","99","0","99","0.073716","0","","0","0.0","","1","0.004717","sipas","2","0.009434","thuhet"
"true_87","87","0","real","98","5","577","4.67","19.6","62","514","0","0","8","8","0","0.0","0.0","0","0.0","0.041485","0","41","0","41","0.071057","0","","0","0.0","","1","0.010204","bëri të ditur","0","0.0",""
"true_88","88","0","real","1162","67","6948","4.78","17.34","40","6907","0","2","65","26","0","0.0","0.001721","3","0.002582","0.030445","0","576","15","591","0.08506","0","","0","0.0","","0","0.0","","3","0.002582","mund të"
"true_89","89","0","real","219","13","1304","4.72","16.85","66","1237","0","0","17","4","0","0.0","0.0","3","0.013699","0.048403","0","83","0","83","0.06365","0","","0","0.0","","0","0.0","","0","0.0",""
"true_90","90","0","real","247","17","1377","4.45","14.53","71","1305","0","0","14","4","0","0.0","0.0","6","0.024291","0.050045","0","105","1","106","0.076979","0","","0","0.0","","0","0.0","","0","0.0",""
"true_91","91","0","real","670","35","4175","5.08","19.14","75","4099","0","1","24","10","0","0.0","0.001493","5","0.007463","0.044543","0","282","2","284","0.068024","0","","0","0.0","","1","0.001493","sipas","1","0.001493","ndoshta"
"true_92","92","0","real","920","67","5523","4.8","13.73","41","5481","2","3","34","23","0","0.002174","0.003261","5","0.005435","0.032141","0","429","0","429","0.077675","0","","0","0.0","","1","0.001087","sipas","3","0.003261","mund të"
"true_93","93","0","real","589","30","3391","4.6","19.63","84","3306","0","0","29","6","0","0.0","0.0","0","0.0","0.02031","0","317","18","335","0.098791","0","","0","0.0","","7","0.011885","sipas, bëri të ditur, policia","6","0.010187","dyshohet, mund të"
"true_94","94","0","real","2364","242","13359","4.45","9.77","14","13344","21","14","152","56","0","0.008883","0.005922","0","0.0","0.025193","0","941","23","964","0.072161","1","nje","0","0.0","","1","0.000423","sipas","7","0.002961","mund të"
"true_95","95","0","real","591","24","3687","5.05","24.62","41","3645","0","0","29","4","0","0.0","0.0","3","0.005076","0.030883","0","251","4","255","0.069162","0","","0","0.0","","4","0.006768","sipas, bëri të ditur, raporti","0","0.0",""
"true_96","96","0","real","53","11","400","5.72","4.82","65","334","0","0","0","0","0","0.0","0.0","1","0.018868","0.069307","0","19","0","19","0.0475","0","","0","0.0","","0","0.0","","0","0.0",""
"true_97","97","0","real","1496","101","8059","4.31","14.81","32","8026","1","0","22","0","0","0.000668","0.0","0","0.0","0.018001","0","639","20","659","0.081772","0","","0","0.0","","2","0.001337","sipas","13","0.00869","mund të"
"true_98","98","0","real","541","16","3940","6.06","33.81","50","3889","2","0","85","4","0","0.003697","0.0","3","0.005545","0.145082","0","107","1","108","0.027411","0","","0","0.0","","0","0.0","","0","0.0",""
"true_99","99","0","real","105","6","581","4.5","17.5","67","513","0","0","3","0","0","0.0","0.0","0","0.0","0.02537","0","29","0","29","0.049914","0","","0","0.0","","0","0.0","","0","0.0",""
"true_100","100","0","real","258","11","1480","4.64","23.45","73","1406","0","0","11","4","0","0.0","0.0","0","0.0","0.025963","0","112","1","113","0.076351","0","","0","0.0","","0","0.0","","1","0.003876","mund të"
"true_101","101","0","real","597","23","3341","4.49","25.96","62","3278","0","1","23","8","0","0.0","0.001675","1","0.001675","0.027996","0","286","1","287","0.085902","0","","0","0.0","","0","0.0","","4","0.0067","mund të"
"true_102","102","0","real","176","16","1042","4.76","11.0","56","985","0","0","9","8","0","0.0","0.0","1","0.005682","0.040621","0","65","2","67","0.064299","0","","0","0.0","","1","0.005682","sipas","0","0.0",""
"true_103","103","0","real","248","17","1381","4.44","14.59","75","1305","0","0","14","4","0","0.0","0.0","6","0.024194","0.050817","0","105","1","106","0.076756","0","","0","0.0","","0","0.0","","0","0.0",""
"true_104","104","0","real","266","9","1685","5.2","29.56","100","1584","0","0","15","12","0","0.0","0.0","1","0.003759","0.041394","0","112","6","118","0.07003","0","","0","0.0","","1","0.003759","sipas","1","0.003759","mund të"
"true_105","105","0","real","89","2","604","5.2","44.5","30","573","0","0","16","1","0","0.0","0.0","0","0.0","0.056156","0","39","2","41","0.067881","0","","0","0.0","","1","0.011236","sipas","0","0.0",""
"true_106","106","0","real","158","10","861","4.32","15.8","79","781","0","0","6","6","0","0.0","0.0","4","0.025316","0.06305","0","68","8","76","0.088269","0","","0","0.0","","0","0.0","","0","0.0",""
"true_107","107","0","real","115","4","684","4.77","28.75","91","592","0","0","10","6","0","0.0","0.0","0","0.0","0.04562","0","42","6","48","0.070175","0","","0","0.0","","0","0.0","","0","0.0",""
"true_108","108","0","real","242","12","1421","4.79","20.17","80","1340","0","1","9","2","0","0.0","0.004132","4","0.016529","0.044003","0","90","0","90","0.063336","0","","0","0.0","","0","0.0","","2","0.008264","mund të"
"true_109","109","0","real","584","19","3411","4.75","30.74","142","3268","0","0","34","10","1","0.0","0.0","3","0.005137","0.02528","0","253","4","257","0.075344","0","","0","0.0","","1","0.001712","sipas","3","0.005137","mund të"
"true_110","110","0","real","270","15","1567","4.7","18.0","73","1493","0","0","12","3","0","0.0","0.0","1","0.003704","0.045777","0","113","3","116","0.074027","0","","0","0.0","","0","0.0","","0","0.0",""
"true_111","111","0","real","149","6","919","5.03","24.83","93","825","0","0","14","6","0","0.0","0.0","1","0.006711","0.025401","0","78","3","81","0.088139","0","","0","0.0","","0","0.0","","0","0.0",""
"true_112","112","0","real","74","3","481","5.38","24.67","60","420","0","0","3","0","0","0.0","0.0","1","0.013514","0.035176","0","26","4","30","0.06237","0","","0","0.0","","0","0.0","","1","0.013514","thuhet"
"true_113","113","0","real","215","13","1385","4.97","16.54","62","1322","0","0","31","0","0","0.0","0.0","0","0.0","0.039289","0","116","7","123","0.088809","0","","1","0.004651","urgjente","0","0.0","","0","0.0",""
"true_114","114","0","real","305","17","1895","5.07","17.94","43","1851","0","2","23","9","0","0.0","0.006557","0","0.0","0.041558","0","100","2","102","0.053826","0","","0","0.0","","1","0.003279","sipas","1","0.003279","mund të"
"true_115","115","0","real","452","19","2809","4.97","23.79","77","2731","0","0","41","4","0","0.0","0.0","21","0.04646","0.067592","0","237","0","237","0.084372","0","","0","0.0","","2","0.004425","sipas","1","0.002212","mund të"
"true_116","116","0","real","1192","33","7237","4.91","36.12","77","7159","0","0","97","16","0","0.0","0.0","2","0.001678","0.025637","0","445","10","455","0.062871","0","","0","0.0","","11","0.009228","sipas","2","0.001678","thuhet"
"true_117","117","0","real","286","13","1752","4.97","22.0","66","1685","0","0","12","0","0","0.0","0.0","0","0.0","0.021846","0","142","0","142","0.08105","0","","0","0.0","","1","0.003497","sipas","0","0.0",""
"true_118","118","0","real","143","9","824","4.66","15.89","81","742","2","0","6","5","0","0.013986","0.0","0","0.0","0.072398","0","45","0","45","0.054612","0","","0","0.0","","0","0.0","","0","0.0",""
"true_119","119","0","real","165","8","891","4.24","20.62","76","814","0","0","11","2","0","0.0","0.0","0","0.0","0.032904","0","59","0","59","0.066218","0","","0","0.0","","1","0.006061","sipas","0","0.0",""
"true_120","120","0","real","84","6","532","5.17","14.0","50","481","0","0","6","2","0","0.0","0.0","1","0.011905","0.052995","0","31","0","31","0.058271","0","","0","0.0","","1","0.011905","bëri të ditur","0","0.0",""
"true_121","121","0","real","973","57","5151","4.11","17.07","85","5065","1","6","41","8","1","0.001028","0.006166","5","0.005139","0.038529","0","315","18","333","0.064648","0","","0","0.0","","0","0.0","","0","0.0",""
"true_122","122","0","real","1181","47","6828","4.67","25.13","92","6735","3","2","69","24","0","0.00254","0.001693","4","0.003387","0.034683","0","531","37","568","0.083187","0","","0","0.0","","3","0.00254","sipas","5","0.004234","mund të"
"true_123","123","0","real","386","17","2347","4.92","22.71","88","2258","0","0","17","6","0","0.0","0.0","2","0.005181","0.024737","0","188","2","190","0.080954","0","","0","0.0","","0","0.0","","3","0.007772","mund të"
"true_124","124","0","real","101","3","644","5.26","33.67","79","564","0","0","7","0","0","0.0","0.0","2","0.019802","0.037736","0","30","0","30","0.046584","0","","0","0.0","","0","0.0","","0","0.0",""
"true_125","125","0","real","293","18","1651","4.48","16.28","67","1583","0","2","21","12","0","0.0","0.006826","4","0.013652","0.056068","0","120","0","120","0.072683","0","","0","0.0","","0","0.0","","2","0.006826","ndoshta"
"true_126","126","0","real","212","10","1334","5.14","21.2","69","1264","1","0","19","2","0","0.004717","0.0","4","0.018868","0.04775","0","77","2","79","0.05922","0","","0","0.0","","2","0.009434","sipas","0","0.0",""
"true_127","127","0","real","184","10","1140","4.98","18.4","97","1042","2","1","15","2","0","0.01087","0.005435","0","0.0","0.034896","0","53","5","58","0.050877","0","","0","0.0","","2","0.01087","sipas","0","0.0",""
"true_128","128","0","real","297","10","1672","4.53","29.7","113","1558","1","0","19","4","0","0.003367","0.0","4","0.013468","0.049364","0","142","0","142","0.084928","0","","0","0.0","","0","0.0","","3","0.010101","mund të"
"true_129","129","0","real","365","20","2084","4.6","18.25","96","1987","0","0","15","12","0","0.0","0.0","1","0.00274","0.035842","0","122","10","132","0.06334","0","","0","0.0","","1","0.00274","sipas","0","0.0",""
"true_130","130","0","real","301","9","1819","4.93","33.44","78","1740","0","0","18","4","0","0.0","0.0","1","0.003322","0.028956","0","143","4","147","0.080814","0","","0","0.0","","0","0.0","","1","0.003322","mund të"
"true_131","131","0","real","457","25","2678","4.72","18.28","77","2600","0","0","28","24","0","0.0","0.0","0","0.0","0.032063","0","201","6","207","0.077296","0","","0","0.0","","1","0.002188","deklaroi","3","0.006565","ndoshta, mund të"
"true_132","132","0","real","172","8","1103","5.23","21.5","105","997","0","1","15","12","0","0.0","0.005814","0","0.0","0.077095","0","56","0","56","0.050771","0","","0","0.0","","0","0.0","","0","0.0",""
"true_133","133","0","real","105","8","655","4.99","13.12","81","573","1","0","8","8","2","0.009524","0.0","1","0.009524","0.07457","0","31","4","35","0.053435","0","","0","0.0","","0","0.0","","0","0.0",""
"true_134","134","0","real","518","26","2840","4.35","19.92","99","2740","13","0","34","3","0","0.025097","0.0","0","0.0","0.025732","0","225","2","227","0.07993","0","","0","0.0","","0","0.0","","0","0.0",""
"true_135","135","0","real","255","10","1506","4.78","25.5","71","1434","0","0","14","16","0","0.0","0.0","0","0.0","0.030528","0","112","2","114","0.075697","0","","0","0.0","","0","0.0","","0","0.0",""
"true_136","136","0","real","165","9","1059","5.13","18.33","83","975","4","4","12","4","2","0.024242","0.024242","0","0.0","0.066746","0","53","0","53","0.050047","0","","0","0.0","","2","0.012121","sipas, policia","0","0.0",""
"true_137","137","0","real","120","5","710","4.73","24.0","54","655","0","0","5","0","0","0.0","0.0","1","0.008333","0.024691","0","50","0","50","0.070423","0","","0","0.0","","0","0.0","","1","0.008333","mund të"
"true_138","138","0","real","167","6","973","4.68","27.83","80","892","2","1","11","12","0","0.011976","0.005988","1","0.005988","0.048656","0","72","5","77","0.079137","0","","0","0.0","","1","0.005988","sipas","0","0.0",""
"true_139","139","0","real","320","19","1746","4.32","16.84","91","1654","0","3","15","12","1","0.0","0.009375","0","0.0","0.03693","0","100","1","101","0.057847","0","","0","0.0","","0","0.0","","3","0.009375","mund të"
"true_140","140","0","real","304","19","1891","4.99","16.0","92","1798","0","0","21","2","0","0.0","0.0","3","0.009868","0.046772","0","107","3","110","0.05817","0","","0","0.0","","3","0.009868","policia","0","0.0",""
"true_141","141","0","real","374","10","2220","4.86","37.4","96","2123","0","0","12","10","0","0.0","0.0","0","0.0","0.024229","0","142","0","142","0.063964","0","","0","0.0","","2","0.005348","sipas","0","0.0",""
"true_142","142","0","real","996","43","5850","4.74","23.16","110","5739","2","0","66","12","1","0.002008","0.0","4","0.004016","0.046576","0","398","8","406","0.069402","0","","0","0.0","","2","0.002008","sipas, policia","4","0.004016","mund të"
"true_143","143","0","real","69","3","422","5.04","23.0","40","381","0","0","3","2","0","0.0","0.0","0","0.0","0.060694","0","35","0","35","0.082938","0","","0","0.0","","0","0.0","","0","0.0",""
"true_144","144","0","real","996","43","5850","4.74","23.16","110","5739","2","0","66","12","1","0.002008","0.0","4","0.004016","0.046576","0","398","8","406","0.069402","0","","0","0.0","","2","0.002008","sipas, policia","4","0.004016","mund të"
"true_145","145","0","real","129","8","872","5.57","16.12","58","813","4","0","5","2","0","0.031008","0.0","0","0.0","0.072323","0","32","3","35","0.040138","0","","0","0.0","","0","0.0","","0","0.0",""
"true_146","146","0","real","268","11","1457","4.35","24.36","170","1286","1","1","15","4","0","0.003731","0.003731","2","0.007463","0.060606","0","97","1","98","0.067261","0","","0","0.0","","0","0.0","","0","0.0",""
"true_147","147","0","real","101","6","642","5.26","16.83","61","580","1","0","6","2","0","0.009901","0.0","0","0.0","0.041431","0","51","0","51","0.079439","0","","0","0.0","","1","0.009901","sipas","0","0.0",""
"true_148","148","0","real","197","6","1225","5.12","32.83","72","1152","0","0","7","3","0","0.0","0.0","0","0.0","0.02877","0","95","1","96","0.078367","0","","0","0.0","","1","0.005076","ministria","1","0.005076","mund të"
"true_149","149","0","real","386","9","2301","4.85","42.89","63","2237","0","0","20","10","0","0.0","0.0","0","0.0","0.012273","0","148","1","149","0.064754","0","","0","0.0","","3","0.007772","sipas","0","0.0",""
"true_150","150","0","real","287","8","1763","5.05","35.88","87","1675","0","0","19","4","0","0.0","0.0","0","0.0","0.027682","0","122","1","123","0.069767","0","","0","0.0","","0","0.0","","0","0.0",""
"true_151","151","0","real","224","12","1350","4.86","18.67","91","1258","0","0","14","6","0","0.0","0.0","0","0.0","0.035879","0","104","4","108","0.08","0","","0","0.0","","1","0.004464","sipas","0","0.0",""
"true_152","152","0","real","210","10","1168","4.46","21.0","37","1130","0","0","14","0","1","0.0","0.0","2","0.009524","0.032051","0","106","1","107","0.09161","0","","2","0.009524","tronditëse","0","0.0","","0","0.0",""
"true_153","153","0","real","693","36","4151","4.88","19.25","91","4059","0","0","38","12","1","0.0","0.0","1","0.001443","0.051571","0","271","1","272","0.065526","0","","0","0.0","","5","0.007215","sipas, deklaroi, policia","2","0.002886","thuhet, mund të"
"true_154","154","0","real","523","24","2991","4.58","21.79","70","2920","0","0","30","14","0","0.0","0.0","0","0.0","0.030467","0","248","1","249","0.08325","0","","0","0.0","","3","0.005736","sipas, deklaroi","0","0.0",""
"true_155","155","0","real","215","9","1313","4.86","23.89","91","1221","0","0","10","2","0","0.0","0.0","0","0.0","0.018199","0","86","6","92","0.070069","0","","0","0.0","","0","0.0","","0","0.0",""
"true_156","156","0","real","209","11","1246","4.8","19.0","62","1183","0","1","19","8","0","0.0","0.004785","3","0.014354","0.046859","0","69","0","69","0.055377","0","","0","0.0","","1","0.004785","sipas","0","0.0",""
"true_157","157","0","real","205","7","1125","4.37","29.29","61","1063","3","2","13","4","0","0.014634","0.009756","4","0.019512","0.044743","0","83","1","84","0.074667","0","","0","0.0","","0","0.0","","0","0.0",""
"true_158","158","0","real","218","9","1323","5.0","24.22","95","1227","0","0","13","0","0","0.0","0.0","0","0.0","0.045914","0","86","0","86","0.065004","0","","0","0.0","","0","0.0","","0","0.0",""
"true_159","159","0","real","679","12","4063","4.85","56.58","123","3939","0","0","48","22","0","0.0","0.0","0","0.0","0.013657","0","270","4","274","0.067438","0","","0","0.0","","0","0.0","","2","0.002946","mund të"
"true_160","160","0","real","282","8","1667","4.74","35.25","97","1569","0","0","19","0","0","0.0","0.0","0","0.0","0.017216","0","110","1","111","0.066587","0","","0","0.0","","1","0.003546","sipas","0","0.0",""
"true_161","161","0","real","607","28","3821","5.14","21.68","77","3743","0","0","38","12","1","0.0","0.0","4","0.00659","0.041707","0","301","2","303","0.079299","0","","0","0.0","","2","0.003295","sipas","1","0.001647","mund të"
"true_162","162","0","real","199","12","1247","5.15","16.58","84","1162","0","0","10","2","0","0.0","0.0","5","0.025126","0.059512","0","92","2","94","0.075381","0","","0","0.0","","0","0.0","","0","0.0",""
"true_163","163","0","real","179","8","1110","5.07","22.38","43","1066","0","0","11","4","0","0.0","0.0","0","0.0","0.033113","0","84","2","86","0.077477","0","","0","0.0","","0","0.0","","0","0.0",""
"true_164","164","0","real","393","16","2272","4.72","24.56","109","2162","0","0","10","10","0","0.0","0.0","0","0.0","0.035772","0","185","0","185","0.081426","0","","0","0.0","","1","0.002545","sipas","1","0.002545","mund të"
"true_165","165","0","real","190","16","1163","4.98","11.88","22","1140","0","0","4","2","0","0.0","0.0","0","0.0","0.046463","0","77","2","79","0.067928","0","","0","0.0","","0","0.0","","0","0.0",""
"true_166","166","0","real","290","8","1723","4.8","36.25","116","1606","0","0","11","2","0","0.0","0.0","0","0.0","0.02227","0","117","4","121","0.070226","0","","0","0.0","","0","0.0","","0","0.0",""
"true_167","167","0","real","147","7","914","5.11","21.0","54","859","1","0","12","0","0","0.006803","0.0","1","0.006803","0.047936","0","60","5","65","0.071116","0","","0","0.0","","1","0.006803","sipas","0","0.0",""
"true_168","168","0","real","86","7","563","5.4","12.29","87","475","0","0","8","2","0","0.0","0.0","2","0.023256","0.064655","0","27","1","28","0.049734","0","","0","0.0","","0","0.0","","0","0.0",""
"true_169","169","0","real","231","9","1396","4.94","25.67","66","1329","0","0","15","2","0","0.0","0.0","1","0.004329","0.048373","0","90","2","92","0.065903","0","","0","0.0","","0","0.0","","0","0.0",""
"true_170","170","0","real","1307","48","7468","4.62","27.23","47","7420","0","1","54","44","0","0.0","0.000765","10","0.007651","0.049093","0","529","10","539","0.072175","0","","0","0.0","","3","0.002295","sipas","2","0.00153","mund të"
"true_171","171","0","real","377","27","2222","4.67","13.96","98","2123","2","0","24","6","0","0.005305","0.0","3","0.007958","0.031215","0","186","3","189","0.085059","0","","0","0.0","","4","0.01061","sipas, policia","2","0.005305","mund të"
"true_172","172","0","real","122","7","724","4.77","17.43","50","673","2","0","7","6","1","0.016393","0.0","0","0.0","0.041379","0","50","1","51","0.070442","0","","0","0.0","","0","0.0","","0","0.0",""
"true_173","173","0","real","292","12","1705","4.65","24.33","78","1626","0","1","17","8","2","0.0","0.003425","1","0.003425","0.051737","0","115","4","119","0.069795","0","","0","0.0","","0","0.0","","1","0.003425","mund të"
"true_174","174","0","real","183","6","992","4.25","30.5","53","938","1","2","12","4","0","0.005464","0.010929","2","0.010929","0.037323","0","55","4","59","0.059476","0","","0","0.0","","0","0.0","","0","0.0",""
"true_175","175","0","real","96","5","595","4.94","19.2","67","527","0","0","5","6","0","0.0","0.0","1","0.010417","0.042283","0","47","1","48","0.080672","0","","0","0.0","","0","0.0","","1","0.010417","mund të"
"true_176","176","0","real","224","8","1392","5.15","28.0","65","1326","0","0","11","2","0","0.0","0.0","0","0.0","0.035652","0","102","7","109","0.078305","0","","0","0.0","","0","0.0","","0","0.0",""
"true_177","177","0","real","185","10","1044","4.51","18.5","99","944","0","0","7","2","0","0.0","0.0","0","0.0","0.031175","0","51","6","57","0.054598","0","","0","0.0","","1","0.005405","sipas","0","0.0",""
"true_178","178","0","real","1200","131","6614","4.28","9.16","6","6607","10","11","69","40","0","0.008333","0.009167","0","0.0","0.030226","0","524","19","543","0.082099","1","nje","0","0.0","","0","0.0","","4","0.003333","mund të"
"true_179","179","0","real","199","10","1192","4.9","19.9","60","1131","1","0","7","2","0","0.005025","0.0","2","0.01005","0.04918","0","79","0","79","0.066275","0","","0","0.0","","0","0.0","","0","0.0",""
"true_180","180","0","real","117","5","666","4.48","23.4","71","594","0","0","9","4","0","0.0","0.0","0","0.0","0.043893","0","57","0","57","0.085586","0","","0","0.0","","1","0.008547","sipas","0","0.0",""
"true_181","181","0","real","104","6","608","4.65","17.33","57","550","0","0","2","0","0","0.0","0.0","1","0.009615","0.033058","0","38","0","38","0.0625","0","","0","0.0","","2","0.019231","policia","0","0.0",""
"true_182","182","0","real","161","6","948","4.66","26.83","72","875","0","0","3","4","0","0.0","0.0","0","0.0","0.026631","0","54","1","55","0.058017","0","","0","0.0","","0","0.0","","1","0.006211","thuhet"
"true_183","183","0","real","197","10","1220","5.03","19.7","127","1092","3","0","19","2","0","0.015228","0.0","3","0.015228","0.043434","0","92","1","93","0.07623","0","","0","0.0","","0","0.0","","0","0.0",""
"true_184","184","0","real","257","15","1456","4.54","17.13","132","1323","9","1","17","2","0","0.035019","0.003891","1","0.003891","0.054841","0","67","3","70","0.048077","0","","0","0.0","","0","0.0","","0","0.0",""
"true_185","185","0","real","235","10","1384","4.77","23.5","89","1294","2","0","16","3","1","0.008511","0.0","0","0.0","0.037702","0","91","2","93","0.067197","0","","0","0.0","","0","0.0","","0","0.0",""
"true_186","186","0","real","1095","56","6085","4.34","19.55","92","5992","0","1","53","26","1","0.0","0.000913","17","0.015525","0.042185","0","425","15","440","0.072309","0","","0","0.0","","1","0.000913","ministria","0","0.0",""
"true_187","187","0","real","271","19","1514","4.47","14.26","95","1418","0","3","11","2","0","0.0","0.01107","0","0.0","0.035508","0","121","7","128","0.084544","1","per","0","0.0","","0","0.0","","1","0.00369","mund të"
"true_188","188","0","real","348","21","2110","4.91","16.57","97","2012","2","0","22","2","1","0.005747","0.0","3","0.008621","0.036257","0","142","3","145","0.06872","0","","0","0.0","","0","0.0","","1","0.002874","mund të"
"true_189","189","0","real","183","5","1186","5.39","36.6","81","1104","0","0","10","6","0","0.0","0.0","0","0.0","0.028398","0","91","3","94","0.079258","0","","0","0.0","","1","0.005464","sipas","0","0.0",""
"true_190","190","0","real","1416","50","8059","4.6","28.32","71","7987","1","2","60","34","0","0.000706","0.001412","35","0.024718","0.065144","0","570","25","595","0.073831","0","","0","0.0","","0","0.0","","5","0.003531","thuhet, ndoshta, mund të"
"true_191","191","0","real","658","42","3768","4.56","15.67","75","3692","7","1","21","4","25","0.010638","0.00152","2","0.00304","0.025008","0","303","3","306","0.08121","0","","0","0.0","","0","0.0","","2","0.00304","ndoshta, mund të"
"true_192","192","0","real","116","4","673","4.74","29.0","65","607","0","0","3","2","0","0.0","0.0","1","0.008621","0.027322","0","54","3","57","0.084695","0","","0","0.0","","0","0.0","","1","0.008621","thuhet"
"true_193","193","0","real","629","28","3829","4.92","22.46","57","3771","11","0","47","2","0","0.017488","0.0","0","0.0","0.037589","0","288","15","303","0.079133","0","","0","0.0","","0","0.0","","0","0.0",""
"true_194","194","0","real","121","9","696","4.6","13.44","72","623","4","0","7","2","0","0.033058","0.0","2","0.016529","0.043088","0","43","0","43","0.061782","0","","0","0.0","","0","0.0","","0","0.0",""
"true_195","195","0","real","97","5","572","4.75","19.4","67","504","0","0","6","2","0","0.0","0.0","2","0.020619","0.063181","0","33","0","33","0.057692","0","","0","0.0","","0","0.0","","0","0.0",""
"true_196","196","0","real","943","41","5734","4.97","23.0","81","5652","5","1","36","20","0","0.005302","0.00106","0","0.0","0.031851","0","420","44","464","0.080921","0","","0","0.0","","1","0.00106","sipas","2","0.002121","mund të"
"true_197","197","0","real","211","10","1248","4.73","21.1","54","1193","1","1","9","2","0","0.004739","0.004739","1","0.004739","0.029029","0","74","0","74","0.059295","0","","0","0.0","","0","0.0","","0","0.0",""
"true_198","198","0","real","211","7","1320","5.06","30.14","110","1209","0","0","7","15","1","0.0","0.0","1","0.004739","0.031865","0","91","5","96","0.072727","0","","0","0.0","","1","0.004739","sipas","1","0.004739","mund të"
"true_199","199","0","real","62","4","373","4.81","15.5","46","326","0","1","4","0","0","0.0","0.016129","1","0.016129","0.033557","0","21","2","23","0.061662","0","","0","0.0","","0","0.0","","0","0.0",""
"true_200","200","0","real","79","12","451","3.87","6.58","49","401","0","0","4","0","0","0.0","0.0","2","0.025316","0.075163","0","23","0","23","0.050998","0","","0","0.0","","0","0.0","","0","0.0",""
"true_201","201","0","real","352","17","1931","4.38","20.71","49","1881","0","0","18","9","0","0.0","0.0","20","0.056818","0.074219","0","134","3","137","0.070948","0","","0","0.0","","3","0.008523","sipas","1","0.002841","mund të"
"true_202","202","0","real","275","16","1600","4.64","17.19","34","1565","0","0","12","20","0","0.0","0.0","0","0.0","0.018053","0","124","3","127","0.079375","0","","0","0.0","","2","0.007273","konfirmoi, raportoi","0","0.0",""
"true_203","203","0","real","309","10","1804","4.67","30.9","118","1685","0","0","15","6","0","0.0","0.0","14","0.045307","0.066713","0","138","12","150","0.083149","0","","0","0.0","","1","0.003236","sipas","1","0.003236","mund të"
"true_204","204","0","real","197","14","1121","4.56","14.07","98","1022","0","2","5","12","0","0.0","0.010152","0","0.0","0.03337","0","75","3","78","0.069581","0","","0","0.0","","0","0.0","","1","0.005076","mund të"
"true_205","205","0","real","56","3","365","5.46","18.67","63","301","0","0","2","0","0","0.0","0.0","0","0.0","0.022876","0","21","0","21","0.057534","0","","0","0.0","","0","0.0","","0","0.0",""
"true_206","206","0","real","259","12","1476","4.63","21.58","43","1432","0","0","9","2","0","0.0","0.0","0","0.0","0.029215","0","118","3","121","0.081978","0","","0","0.0","","0","0.0","","0","0.0",""
"true_207","207","0","real","74","4","456","5.08","18.5","57","398","0","1","1","0","0","0.0","0.013514","0","0.0","0.018717","0","26","0","26","0.057018","0","","0","0.0","","0","0.0","","2","0.027027","thuhet, mund të"
"true_208","208","0","real","697","49","4032","4.59","14.22","80","3951","8","1","24","5","25","0.011478","0.001435","0","0.0","0.02375","0","316","2","318","0.078869","0","","0","0.0","","0","0.0","","2","0.002869","ndoshta, mund të"
"true_209","209","0","real","347","18","2070","4.79","19.28","97","1972","0","1","23","0","0","0.0","0.002882","2","0.005764","0.025888","0","160","2","162","0.078261","0","","0","0.0","","0","0.0","","4","0.011527","mund të"
"true_210","210","0","real","81","5","480","4.8","16.2","39","440","1","0","5","0","0","0.012346","0.0","2","0.024691","0.072351","0","30","0","30","0.0625","0","","0","0.0","","0","0.0","","0","0.0",""
"true_211","211","0","real","158","5","903","4.49","31.6","52","850","0","0","8","4","0","0.0","0.0","3","0.018987","0.028209","0","80","0","80","0.088594","0","","0","0.0","","0","0.0","","0","0.0",""
"true_212","212","0","real","118","5","721","5.02","23.6","95","625","0","0","10","0","0","0.0","0.0","0","0.0","0.052542","0","43","6","49","0.067961","0","","0","0.0","","0","0.0","","0","0.0",""
"true_213","213","0","real","212","20","1350","4.99","10.6","120","1229","11","0","15","0","0","0.051887","0.0","14","0.066038","0.102467","0","90","0","90","0.066667","0","","0","0.0","","0","0.0","","0","0.0",""
"true_214","214","0","real","707","28","4172","4.8","25.25","93","4078","0","0","19","0","0","0.0","0.0","18","0.02546","0.071365","0","312","1","313","0.075024","0","","0","0.0","","1","0.001414","sipas","1","0.001414","thuhet"
"true_215","215","0","real","392","16","2286","4.7","24.5","88","2197","0","0","24","4","0","0.0","0.0","8","0.020408","0.043455","0","159","2","161","0.070429","0","","0","0.0","","1","0.002551","policia","0","0.0",""
"true_216","216","0","real","1906","205","10957","4.52","9.3","19","10937","5","14","119","50","0","0.002623","0.007345","2","0.001049","0.027984","0","790","23","813","0.074199","0","","5","0.002623","bombë, alarm","0","0.0","","6","0.003148","mund të"
"true_217","217","0","real","377","30","2224","4.53","12.57","104","2119","0","1","10","0","0","0.0","0.002653","5","0.013263","0.034604","0","172","3","175","0.078687","0","","0","0.0","","0","0.0","","0","0.0",""
"true_218","218","0","real","922","44","5524","4.84","20.95","113","5410","0","3","63","22","0","0.0","0.003254","8","0.008677","0.036987","0","429","6","435","0.078747","0","","0","0.0","","3","0.003254","sipas, deklaroi","6","0.006508","ndoshta, mund të"
"true_219","219","0","real","429","31","2560","4.74","13.84","74","2485","1","8","18","4","1","0.002331","0.018648","14","0.032634","0.058997","0","184","2","186","0.072656","0","","0","0.0","","4","0.009324","policia","1","0.002331","thuhet"
"true_220","220","0","real","328","30","1833","4.45","10.93","71","1761","1","0","9","2","0","0.003049","0.0","0","0.0","0.01782","0","161","7","168","0.091653","0","","0","0.0","","1","0.003049","sipas","0","0.0",""
"true_221","221","0","real","151","5","788","4.14","30.2","60","727","0","0","7","2","0","0.0","0.0","0","0.0","0.0208","0","50","0","50","0.063452","1","per","0","0.0","","0","0.0","","1","0.006623","mund të"
"true_222","222","0","real","242","16","1324","4.35","15.12","53","1270","1","1","21","0","0","0.004132","0.004132","0","0.0","0.044677","0","18","3","21","0.015861","3","eshte, per, nje","0","0.0","","0","0.0","","0","0.0",""
"true_223","223","0","real","745","24","4378","4.76","31.04","103","4274","1","0","46","30","0","0.001342","0.0","7","0.009396","0.035291","0","340","4","344","0.078575","0","","1","0.001342","skandal","4","0.005369","sipas, ministria","6","0.008054","thuhet, ndoshta, mund të"
"true_224","224","0","real","374","21","2254","4.79","17.81","60","2193","6","0","31","0","0","0.016043","0.0","0","0.0","0.031233","0","118","3","121","0.053682","0","","0","0.0","","0","0.0","","0","0.0",""
"true_225","225","0","real","112","9","626","4.38","12.44","47","578","5","0","9","4","1","0.044643","0.0","0","0.0","0.042857","0","42","0","42","0.067093","0","","0","0.0","","0","0.0","","0","0.0",""
"true_226","226","0","real","126","6","731","4.67","21.0","80","650","0","0","11","0","0","0.0","0.0","0","0.0","0.02551","0","48","2","50","0.068399","0","","0","0.0","","0","0.0","","0","0.0",""
"true_227","227","0","real","973","50","6012","5.02","19.46","51","5960","0","0","50","14","0","0.0","0.0","3","0.003083","0.027863","0","453","2","455","0.075682","0","","0","0.0","","3","0.003083","sipas, policia","1","0.001028","mund të"
"true_228","228","0","real","973","50","6012","5.02","19.46","51","5960","0","0","50","14","0","0.0","0.0","3","0.003083","0.027863","0","453","2","455","0.075682","0","","0","0.0","","3","0.003083","sipas, policia","1","0.001028","mund të"
"true_229","229","0","real","131","6","806","5.04","21.83","62","743","0","0","1","6","0","0.0","0.0","0","0.0","0.022762","0","63","2","65","0.080645","0","","0","0.0","","0","0.0","","3","0.022901","thuhet, dyshohet"
"true_230","230","0","real","190","9","1171","5.04","21.11","57","1113","0","0","9","6","0","0.0","0.0","0","0.0","0.055907","0","79","9","88","0.075149","0","","0","0.0","","0","0.0","","0","0.0",""
"true_231","231","0","real","145","9","815","4.53","16.11","48","766","0","0","6","4","0","0.0","0.0","0","0.0","0.038052","0","56","0","56","0.068712","0","","0","0.0","","0","0.0","","1","0.006897","mund të"
"true_232","232","0","real","211","6","1104","3.96","35.17","47","1056","0","0","14","2","0","0.0","0.0","0","0.0","0.041966","0","0","0","0","0.0","2","kosove, nje","0","0.0","","1","0.004739","deklaroi","0","0.0",""
"true_233","233","0","real","203","11","1246","4.77","18.45","75","1170","0","0","10","2","0","0.0","0.0","1","0.004926","0.029959","0","96","1","97","0.077849","0","","0","0.0","","1","0.004926","deklaroi","0","0.0",""
"true_234","234","0","real","177","9","1017","4.57","19.67","63","953","0","0","15","14","0","0.0","0.0","0","0.0","0.045792","0","64","4","68","0.066863","0","","0","0.0","","0","0.0","","0","0.0",""
"true_235","235","0","real","216","10","1207","4.5","21.6","87","1119","0","0","7","3","0","0.0","0.0","1","0.00463","0.031926","0","98","2","100","0.08285","0","","0","0.0","","1","0.00463","institucioni","1","0.00463","mendohet"
"true_236","236","0","real","325","12","1726","4.21","27.08","71","1654","0","0","20","6","0","0.0","0.0","3","0.009231","0.039503","0","108","2","110","0.063731","0","","0","0.0","","0","0.0","","0","0.0",""
"true_237","237","0","real","471","26","2550","4.33","18.12","91","2458","13","0","27","4","0","0.027601","0.0","11","0.023355","0.053458","0","158","3","161","0.063137","0","","0","0.0","","1","0.002123","sipas","3","0.006369","ndoshta, mund të"
"true_238","238","0","real","236","9","1396","4.75","26.22","47","1348","0","0","23","12","0","0.0","0.0","0","0.0","0.025916","0","103","1","104","0.074499","0","","0","0.0","","0","0.0","","0","0.0",""
"true_239","239","0","real","117","7","703","4.9","16.71","77","625","0","0","10","2","0","0.0","0.0","0","0.0","0.064572","0","42","4","46","0.065434","0","","0","0.0","","1","0.008547","deklaroi","0","0.0",""
"true_240","240","0","real","1495","66","9510","5.18","22.65","103","9406","0","0","70","20","0","0.0","0.0","9","0.00602","0.021032","0","697","14","711","0.074763","0","","0","0.0","","8","0.005351","sipas, raporti","10","0.006689","mendohet, dyshohet, mund të"
"true_241","241","0","real","225","13","1307","4.66","17.31","96","1210","0","0","13","6","0","0.0","0.0","1","0.004444","0.041109","0","56","0","56","0.042846","1","per","0","0.0","","0","0.0","","0","0.0",""
"true_242","242","0","real","228","10","1384","4.95","22.8","81","1302","0","0","18","8","0","0.0","0.0","3","0.013158","0.039111","0","109","1","110","0.07948","0","","0","0.0","","1","0.004386","sipas","1","0.004386","mund të"
"true_243","243","0","real","55","3","328","4.8","18.33","45","282","0","0","3","2","0","0.0","0.0","0","0.0","0.049242","0","21","0","21","0.064024","0","","0","0.0","","0","0.0","","0","0.0",""
"true_244","244","0","real","687","31","3605","4.07","22.16","85","3519","0","0","60","10","0","0.0","0.0","2","0.002911","0.051328","0","229","5","234","0.06491","0","","0","0.0","","0","0.0","","0","0.0",""
"true_245","245","0","real","5994","242","35945","4.86","24.77","83","35861","0","2","324","73","5","0.0","0.000334","20","0.003337","0.034408","0","2588","44","2632","0.073223","0","","0","0.0","","13","0.002169","sipas, deklaroi, ministria","5","0.000834","thuhet, mund të"
"true_246","246","0","real","234","11","1306","4.44","21.27","85","1220","1","0","17","8","0","0.004274","0.0","0","0.0","0.030918","0","83","2","85","0.065084","0","","0","0.0","","0","0.0","","0","0.0",""
"true_247","247","0","real","221","9","1397","5.14","24.56","76","1320","0","0","16","8","0","0.0","0.0","7","0.031674","0.046614","0","72","0","72","0.051539","0","","0","0.0","","0","0.0","","0","0.0",""
"true_248","248","0","real","624","23","3441","4.5","27.13","40","3400","1","1","44","2","0","0.001603","0.001603","0","0.0","0.014957","0","167","10","177","0.051439","0","","0","0.0","","2","0.003205","sipas","0","0.0",""
"true_249","249","0","real","227","10","1411","5.09","22.7","109","1301","1","0","7","3","0","0.004405","0.0","0","0.0","0.028571","0","102","0","102","0.072289","0","","0","0.0","","0","0.0","","0","0.0",""
"true_250","250","0","real","245","10","1493","5.04","24.5","93","1399","0","0","10","0","0","0.0","0.0","1","0.004082","0.034036","0","81","1","82","0.054923","0","","0","0.0","","0","0.0","","0","0.0",""
"true_251","251","0","real","553","35","2922","4.2","15.8","112","2809","0","0","26","5","0","0.0","0.0","0","0.0","0.019836","0","214","6","220","0.075291","0","","0","0.0","","0","0.0","","0","0.0",""
"true_252","252","0","real","108","8","650","4.81","13.5","74","575","0","0","9","8","0","0.0","0.0","0","0.0","0.048263","0","39","0","39","0.06","0","","0","0.0","","0","0.0","","1","0.009259","mund të"
"true_253","253","0","real","42","3","291","5.81","14.0","40","250","0","0","2","0","0","0.0","0.0","1","0.02381","0.069672","0","17","0","17","0.058419","0","","0","0.0","","0","0.0","","0","0.0",""
"true_254","254","0","real","283","12","1804","5.24","23.58","105","1698","0","0","13","2","0","0.0","0.0","1","0.003534","0.039865","0","160","3","163","0.090355","0","","0","0.0","","2","0.007067","sipas, konfirmoi","0","0.0",""
"true_255","255","0","real","253","8","1335","4.18","31.62","101","1233","0","1","15","8","0","0.0","0.003953","0","0.0","0.042694","0","86","12","98","0.073408","0","","0","0.0","","2","0.007905","deklaroi","0","0.0",""
"true_256","256","0","real","196","5","1247","5.16","39.2","80","1166","0","0","13","16","0","0.0","0.0","9","0.045918","0.075622","0","68","0","68","0.054531","0","","0","0.0","","0","0.0","","0","0.0",""
"true_257","257","0","real","990","52","5416","4.31","19.04","49","5366","9","2","95","65","2","0.009091","0.00202","0","0.0","0.020005","0","385","11","396","0.073117","0","","0","0.0","","1","0.00101","sipas","1","0.00101","ndoshta"
"true_258","258","0","real","114","8","705","5.01","14.25","65","639","2","0","4","2","0","0.017544","0.0","1","0.008772","0.063158","0","37","0","37","0.052482","0","","0","0.0","","1","0.008772","bëri të ditur","0","0.0",""
"true_259","259","0","real","421","18","2502","4.82","23.39","71","2430","2","0","36","3","1","0.004751","0.0","1","0.002375","0.018765","0","196","2","198","0.079137","0","","0","0.0","","1","0.002375","sipas","0","0.0",""
"true_260","260","0","real","289","14","1648","4.57","20.64","72","1575","0","3","27","2","0","0.0","0.010381","0","0.0","0.030303","0","44","0","44","0.026699","3","eshte, per, nje","0","0.0","","1","0.00346","sipas","0","0.0",""
"true_261","261","0","real","382","9","2133","4.49","42.44","111","2021","3","0","10","6","0","0.007853","0.0","3","0.007853","0.034483","0","140","10","150","0.070323","0","","0","0.0","","1","0.002618","sipas","1","0.002618","ndoshta"
"true_262","262","0","real","171","11","976","4.51","15.55","94","881","0","0","9","2","0","0.0","0.0","0","0.0","0.027202","0","80","3","83","0.085041","0","","0","0.0","","0","0.0","","3","0.017544","thuhet, dyshohet, mund të"
"true_263","263","0","real","157","4","890","4.53","39.25","69","820","0","0","8","0","0","0.0","0.0","0","0.0","0.016878","0","60","4","64","0.07191","0","","0","0.0","","0","0.0","","0","0.0",""
"true_264","264","0","real","345","16","2137","5.05","21.56","77","2059","7","3","32","0","1","0.02029","0.008696","0","0.0","0.02931","0","139","8","147","0.068788","0","","0","0.0","","3","0.008696","sipas, institucioni","1","0.002899","thuhet"
"true_265","265","0","real","156","6","1028","5.45","26.0","55","972","1","1","10","2","0","0.00641","0.00641","0","0.0","0.045882","0","72","1","73","0.071012","0","","0","0.0","","0","0.0","","1","0.00641","thuhet"
"true_266","266","0","real","366","14","2267","5.14","26.14","73","2193","0","0","16","0","0","0.0","0.0","0","0.0","0.047974","0","185","5","190","0.083811","0","","0","0.0","","0","0.0","","0","0.0",""
"true_267","267","0","real","153","5","987","5.31","30.6","74","912","0","0","9","8","0","0.0","0.0","0","0.0","0.044335","0","72","0","72","0.072948","0","","0","0.0","","0","0.0","","2","0.013072","mund të"
"true_268","268","0","real","841","35","5160","5.03","24.03","95","5064","0","0","57","18","0","0.0","0.0","0","0.0","0.028166","0","398","5","403","0.078101","0","","0","0.0","","1","0.001189","sipas","2","0.002378","mund të"
"true_269","269","0","real","350","20","1969","4.48","17.5","98","1870","7","0","22","8","0","0.02","0.0","0","0.0","0.02551","0","117","1","118","0.059929","1","kosove","0","0.0","","0","0.0","","0","0.0",""
"true_270","270","0","real","258","12","1525","4.74","21.5","84","1440","0","0","15","10","0","0.0","0.0","0","0.0","0.032841","0","94","0","94","0.061639","0","","0","0.0","","0","0.0","","0","0.0",""
"true_271","271","0","real","480","18","2964","5.05","26.67","75","2888","0","0","32","1","0","0.0","0.0","3","0.00625","0.044665","0","219","1","220","0.074224","0","","0","0.0","","3","0.00625","sipas","3","0.00625","mund të"
"true_272","272","0","real","424","17","2491","4.77","24.94","80","2410","0","0","20","7","0","0.0","0.0","4","0.009434","0.04249","0","187","5","192","0.077077","0","","0","0.0","","1","0.002358","raporti","4","0.009434","mund të"
"true_273","273","0","real","112","5","657","4.64","22.4","95","561","0","0","7","4","0","0.0","0.0","0","0.0","0.048077","0","43","1","44","0.066971","0","","0","0.0","","0","0.0","","0","0.0",""
"true_274","274","0","real","132","7","818","4.99","18.86","58","759","0","0","18","4","1","0.0","0.0","0","0.0","0.065649","0","42","3","45","0.055012","0","","0","0.0","","0","0.0","","0","0.0",""
"true_275","275","0","real","103","5","647","5.0","20.6","118","528","0","0","10","4","0","0.0","0.0","0","0.0","0.040777","0","45","0","45","0.069552","0","","0","0.0","","0","0.0","","0","0.0",""
"true_276","276","0","real","223","10","1457","5.26","22.3","84","1372","1","1","24","25","0","0.004484","0.004484","0","0.0","0.022165","0","122","1","123","0.08442","0","","0","0.0","","1","0.004484","sipas","0","0.0",""
"true_277","277","0","real","497","17","2915","4.75","29.24","94","2820","0","0","34","4","0","0.0","0.0","1","0.002012","0.046285","0","197","17","214","0.073413","0","","0","0.0","","3","0.006036","sipas, deklaroi","2","0.004024","mund të"
"true_278","278","0","real","125","4","748","4.7","31.25","89","658","0","0","8","6","0","0.0","0.0","2","0.016","0.040816","0","48","0","48","0.064171","0","","0","0.0","","0","0.0","","0","0.0",""
"true_279","279","0","real","322","15","1941","4.75","21.47","87","1853","0","0","18","22","0","0.0","0.0","0","0.0","0.035971","0","163","1","164","0.084493","0","","0","0.0","","1","0.003106","sipas","3","0.009317","thuhet, mund të"
"true_280","280","0","real","125","10","764","4.98","12.5","51","712","1","2","6","2","0","0.008","0.016","4","0.032","0.085209","0","38","4","42","0.054974","0","","0","0.0","","1","0.008","sipas","0","0.0",""
"true_281","281","0","real","166","7","1000","4.81","23.71","86","913","0","0","14","4","0","0.0","0.0","0","0.0","0.02378","0","70","1","71","0.071","0","","0","0.0","","0","0.0","","0","0.0",""
"true_282","282","0","real","797","22","4781","4.84","36.23","51","4729","11","0","68","36","0","0.013802","0.0","0","0.0","0.014275","0","358","5","363","0.075926","0","","0","0.0","","0","0.0","","1","0.001255","mund të"
"true_283","283","0","real","255","7","1501","4.57","36.43","103","1397","0","0","19","2","0","0.0","0.0","0","0.0","0.049785","0","1","0","1","0.000666","2","kosove, nje","0","0.0","","0","0.0","","0","0.0",""
"true_284","284","0","real","183","11","983","4.22","16.64","73","909","0","0","8","3","0","0.0","0.0","6","0.032787","0.067358","0","79","4","83","0.084435","0","","0","0.0","","0","0.0","","0","0.0",""
"true_285","285","0","real","414","21","2391","4.64","19.71","88","2302","0","0","31","7","0","0.0","0.0","6","0.014493","0.039185","0","218","1","219","0.091593","0","","0","0.0","","4","0.009662","sipas","3","0.007246","mendohet, mund të"
"true_286","286","0","real","329","21","1795","4.31","15.67","99","1695","4","0","20","2","0","0.012158","0.0","0","0.0","0.031052","0","108","6","114","0.06351","0","","0","0.0","","1","0.00304","policia","2","0.006079","dyshohet, mund të"
"true_287","287","0","real","267","13","1631","4.96","20.54","67","1563","0","0","16","3","0","0.0","0.0","0","0.0","0.043774","0","99","1","100","0.061312","0","","0","0.0","","0","0.0","","0","0.0",""
"true_288","288","0","real","470","32","2751","4.68","14.69","88","2662","0","1","26","8","0","0.0","0.002128","1","0.002128","0.023658","0","215","2","217","0.07888","0","","0","0.0","","3","0.006383","sipas, konfirmoi, ministria","1","0.002128","mund të"
"true_289","289","0","real","59","2","381","5.41","29.5","69","311","0","0","0","2","0","0.0","0.0","0","0.0","0.040881","0","23","0","23","0.060367","0","","0","0.0","","1","0.016949","policia","0","0.0",""
"true_290","290","0","real","249","11","1469","4.73","22.64","89","1379","0","0","13","6","1","0.0","0.0","0","0.0","0.022071","0","110","2","112","0.076242","0","","1","0.004016","tronditëse","3","0.012048","sipas, raporti","2","0.008032","thuhet, mund të"
"true_291","291","0","real","173","6","1053","4.92","28.83","81","971","0","0","14","6","0","0.0","0.0","1","0.00578","0.065805","0","79","1","80","0.075973","1","kosove","0","0.0","","1","0.00578","sipas","0","0.0",""
"true_292","292","0","real","248","13","1492","4.91","19.08","86","1405","0","0","12","4","0","0.0","0.0","0","0.0","0.035333","0","100","0","100","0.067024","0","","0","0.0","","0","0.0","","1","0.004032","ndoshta"
"true_293","293","0","real","692","28","4422","5.25","24.71","76","4345","0","0","34","28","1","0.0","0.0","3","0.004335","0.03718","0","336","4","340","0.076888","0","","0","0.0","","1","0.001445","sipas","1","0.001445","mund të"
"true_294","294","0","real","78","6","516","5.5","13.0","64","451","0","0","5","0","0","0.0","0.0","0","0.0","0.037296","0","34","1","35","0.067829","0","","0","0.0","","1","0.012821","sipas","0","0.0",""
"true_295","295","0","real","391","19","2235","4.59","20.58","60","2174","0","0","8","13","0","0.0","0.0","0","0.0","0.021158","0","177","1","178","0.079642","0","","0","0.0","","0","0.0","","3","0.007673","mund të"
"true_296","296","0","real","245","29","1563","5.0","8.45","65","1497","0","0","17","0","0","0.0","0.0","1","0.004082","0.030179","0","100","0","100","0.06398","0","","0","0.0","","1","0.004082","sipas","0","0.0",""
"true_297","297","0","real","145","7","854","4.76","20.71","82","771","0","0","6","0","0","0.0","0.0","1","0.006897","0.028986","0","62","0","62","0.0726","0","","0","0.0","","0","0.0","","0","0.0",""
"true_298","298","0","real","342","15","1985","4.69","22.8","43","1941","0","1","20","0","0","0.0","0.002924","0","0.0","0.023111","0","163","3","166","0.083627","0","","0","0.0","","0","0.0","","1","0.002924","mund të"
"true_299","299","0","real","191","10","1114","4.7","19.1","86","1027","0","0","11","4","0","0.0","0.0","0","0.0","0.027902","0","87","3","90","0.08079","0","","0","0.0","","0","0.0","","0","0.0",""
"true_300","300","0","real","357","19","2056","4.6","18.79","83","1972","0","0","14","4","0","0.0","0.0","4","0.011204","0.0482","0","142","2","144","0.070039","0","","0","0.0","","1","0.002801","institucioni","1","0.002801","thuhet"
"true_301","301","0","real","433","27","2695","5.09","16.04","59","2635","0","1","29","6","0","0.0","0.002309","3","0.006928","0.027248","0","188","0","188","0.069759","0","","0","0.0","","2","0.004619","sipas","3","0.006928","mund të"
"true_302","302","0","real","273","13","1611","4.79","21.0","82","1528","0","1","14","6","0","0.0","0.003663","3","0.010989","0.029817","0","110","3","113","0.070143","0","","0","0.0","","0","0.0","","1","0.003663","ndoshta"
"true_303","303","0","real","78","5","505","5.29","15.6","46","458","1","0","5","0","0","0.012821","0.0","1","0.012821","0.08802","0","21","0","21","0.041584","0","","0","0.0","","0","0.0","","0","0.0",""
"true_304","304","0","real","324","24","1948","4.8","13.5","41","1906","0","0","21","18","0","0.0","0.0","0","0.0","0.038114","0","118","0","118","0.060575","0","","0","0.0","","0","0.0","","0","0.0",""
"true_305","305","0","real","514","18","3397","5.48","28.56","98","3298","0","0","33","4","0","0.0","0.0","1","0.001946","0.023471","0","275","5","280","0.082426","0","","0","0.0","","0","0.0","","3","0.005837","thuhet, mund të"
"true_306","306","0","real","282","13","1789","5.24","21.69","103","1685","0","0","17","2","0","0.0","0.0","1","0.003546","0.048814","0","121","3","124","0.069312","0","","0","0.0","","1","0.003546","sipas","1","0.003546","mund të"
"true_307","307","0","real","341","26","2002","4.79","13.12","111","1890","1","4","8","0","0","0.002933","0.01173","4","0.01173","0.029412","0","141","4","145","0.072428","0","","0","0.0","","3","0.008798","policia","3","0.008798","mund të"
"true_308","308","0","real","201","12","1304","5.32","16.75","79","1224","2","0","17","12","0","0.00995","0.0","3","0.014925","0.075188","0","74","8","82","0.062883","0","","0","0.0","","0","0.0","","0","0.0",""
"true_309","309","0","real","465","30","2663","4.58","15.5","87","2575","2","1","36","5","1","0.004301","0.002151","4","0.008602","0.03241","0","201","3","204","0.076605","0","","0","0.0","","0","0.0","","0","0.0",""
"true_310","310","0","real","205","8","1307","5.2","25.62","48","1258","0","0","10","0","0","0.0","0.0","1","0.004878","0.041392","0","90","1","91","0.069625","0","","0","0.0","","0","0.0","","0","0.0",""
"true_311","311","0","real","339","16","2246","5.34","21.19","72","2173","0","0","38","8","0","0.0","0.0","1","0.00295","0.032615","0","152","1","153","0.068121","0","","0","0.0","","1","0.00295","policia","0","0.0",""
"true_312","312","0","real","1875","81","11646","5.05","23.15","87","11558","0","11","102","10","0","0.0","0.005867","13","0.006933","0.032022","0","939","20","959","0.082346","0","","1","0.000533","urgjente","3","0.0016","sipas, konfirmoi","1","0.000533","mund të"
"true_313","313","0","real","247","13","1537","5.1","19.0","59","1477","0","0","8","4","0","0.0","0.0","0","0.0","0.036566","0","111","0","111","0.072219","0","","0","0.0","","0","0.0","","0","0.0",""
"true_314","314","0","real","1820","132","10342","4.53","13.79","84","10257","0","3","92","58","1","0.0","0.001648","3","0.001648","0.026114","0","756","11","767","0.074164","0","","0","0.0","","0","0.0","","4","0.002198","mund të"
"true_315","315","0","real","100","5","565","4.58","20.0","70","494","0","0","3","2","0","0.0","0.0","0","0.0","0.034934","0","38","0","38","0.067257","0","","0","0.0","","0","0.0","","0","0.0",""
"true_316","316","0","real","161","14","963","4.8","11.5","95","867","9","0","8","2","1","0.055901","0.0","3","0.018634","0.051746","0","30","3","33","0.034268","2","eshte, per","0","0.0","","0","0.0","","0","0.0",""
"true_317","317","0","real","336","12","2026","4.87","28.0","49","1976","0","0","19","2","0","0.0","0.0","0","0.0","0.032396","0","166","0","166","0.081935","0","","0","0.0","","0","0.0","","0","0.0",""
"true_318","318","0","real","757","51","4622","5.01","14.84","80","4541","1","1","26","2","0","0.001321","0.001321","0","0.0","0.017141","0","336","4","340","0.073561","0","","0","0.0","","0","0.0","","7","0.009247","ndoshta, mund të"
"true_319","319","0","real","87","4","529","4.87","21.75","67","461","0","0","4","0","0","0.0","0.0","0","0.0","0.028302","0","42","0","42","0.079395","0","","0","0.0","","1","0.011494","sipas","0","0.0",""
"true_320","320","0","real","571","34","3432","4.64","16.79","79","3352","0","1","41","0","0","0.0","0.001751","0","0.0","0.017763","0","273","12","285","0.083042","0","","0","0.0","","5","0.008757","sipas, ministria","3","0.005254","mund të"
"true_321","321","0","real","183","9","1007","4.37","20.33","113","893","0","0","10","4","0","0.0","0.0","2","0.010929","0.053952","0","89","5","94","0.093347","0","","0","0.0","","0","0.0","","0","0.0",""
"true_322","322","0","real","279","11","1584","4.54","25.36","55","1528","0","0","15","0","0","0.0","0.0","0","0.0","0.039432","0","127","1","128","0.080808","0","","0","0.0","","0","0.0","","0","0.0",""
"true_323","323","0","real","65","3","392","4.91","21.67","53","338","0","0","2","0","0","0.0","0.0","0","0.0","0.050157","0","23","1","24","0.061224","0","","0","0.0","","0","0.0","","0","0.0",""
"true_324","324","0","real","589","30","3392","4.6","19.63","85","3306","0","0","30","6","0","0.0","0.0","0","0.0","0.025471","0","315","18","333","0.098172","0","","0","0.0","","7","0.011885","sipas, bëri të ditur, policia","6","0.010187","dyshohet, mund të"
"true_325","325","0","real","293","15","1697","4.66","19.53","55","1641","0","0","21","12","0","0.0","0.0","0","0.0","0.028571","0","109","6","115","0.067767","0","","0","0.0","","0","0.0","","1","0.003413","mund të"
"true_326","326","0","real","88","5","601","5.65","17.6","62","538","0","0","4","2","0","0.0","0.0","1","0.011364","0.034205","0","35","5","40","0.066556","0","","0","0.0","","0","0.0","","2","0.022727","thuhet"
"true_327","327","0","real","325","15","1935","4.73","21.67","39","1895","0","0","21","5","0","0.0","0.0","1","0.003077","0.039164","0","124","0","124","0.064083","0","","0","0.0","","0","0.0","","0","0.0",""
"true_328","328","0","real","170","7","964","4.63","24.29","80","883","1","0","6","0","0","0.005882","0.0","0","0.0","0.022872","0","53","0","53","0.054979","0","","0","0.0","","0","0.0","","0","0.0",""
"true_329","329","0","real","236","13","1511","5.27","18.15","61","1449","0","0","17","0","0","0.0","0.0","1","0.004237","0.034594","0","116","0","116","0.07677","0","","0","0.0","","2","0.008475","sipas, policia","1","0.004237","mund të"
"true_330","330","0","real","112","6","642","4.66","18.67","74","567","0","0","2","0","0","0.0","0.0","0","0.0","0.021113","0","52","0","52","0.080997","0","","0","0.0","","1","0.008929","policia","1","0.008929","dyshohet"
"true_331","331","0","real","59","5","386","5.49","11.8","52","333","0","0","2","0","0","0.0","0.0","0","0.0","0.058642","0","24","0","24","0.062176","0","","0","0.0","","0","0.0","","0","0.0",""
"true_332","332","0","real","163","7","1004","4.95","23.29","68","935","0","0","9","0","0","0.0","0.0","2","0.01227","0.044665","0","76","1","77","0.076693","0","","0","0.0","","2","0.01227","konfirmoi","0","0.0",""
"true_333","333","0","real","275","19","1842","5.45","14.47","77","1764","0","0","23","2","0","0.0","0.0","3","0.010909","0.044667","0","100","3","103","0.055917","0","","0","0.0","","4","0.014545","policia","0","0.0",""
"true_334","334","0","real","560","38","3314","4.73","14.74","67","3246","1","0","41","12","0","0.001786","0.0","0","0.0","0.029123","0","240","13","253","0.076343","0","","0","0.0","","1","0.001786","sipas","1","0.001786","thuhet"
"true_335","335","0","real","181","12","1036","4.61","15.08","73","962","0","0","7","4","0","0.0","0.0","2","0.01105","0.038323","0","84","2","86","0.083012","0","","0","0.0","","0","0.0","","1","0.005525","mund të"
"true_336","336","0","real","225","15","1361","4.94","15.0","91","1269","0","0","12","4","0","0.0","0.0","6","0.026667","0.045905","0","93","3","96","0.070536","0","","0","0.0","","0","0.0","","1","0.004444","mund të"
"true_337","337","0","real","63","4","411","5.17","15.75","74","336","0","0","2","0","0","0.0","0.0","0","0.0","0.033742","0","29","0","29","0.07056","0","","0","0.0","","0","0.0","","0","0.0",""
"true_338","338","0","real","371","18","2291","5.1","20.61","39","2251","0","1","22","0","0","0.0","0.002695","0","0.0","0.016922","0","179","4","183","0.079878","0","","0","0.0","","0","0.0","","4","0.010782","mund të"
"true_339","339","0","real","129","8","773","4.77","16.12","87","685","0","0","14","0","0","0.0","0.0","1","0.007752","0.030945","0","60","4","64","0.082794","0","","0","0.0","","1","0.007752","sipas","0","0.0",""
"true_340","340","0","real","307","16","1876","5.01","19.19","72","1803","0","0","12","6","0","0.0","0.0","1","0.003257","0.022092","0","140","1","141","0.07516","0","","0","0.0","","0","0.0","","2","0.006515","mund të"
"true_341","341","0","real","299","15","1710","4.55","19.93","59","1650","7","0","12","0","0","0.023411","0.0","2","0.006689","0.024265","0","95","2","97","0.056725","0","","0","0.0","","0","0.0","","0","0.0",""
"true_342","342","0","real","263","10","1500","4.58","26.3","85","1414","0","0","22","6","0","0.0","0.0","0","0.0","0.034167","0","112","1","113","0.075333","0","","0","0.0","","1","0.003802","policia","1","0.003802","mund të"
"true_343","343","0","real","104","6","680","5.42","17.33","71","608","0","0","7","4","0","0.0","0.0","2","0.019231","0.0746","0","45","0","45","0.066176","0","","0","0.0","","1","0.009615","sipas","0","0.0",""
"true_344","344","0","real","75","4","455","5.0","18.75","62","392","0","0","4","0","0","0.0","0.0","1","0.013333","0.037333","0","29","0","29","0.063736","0","","0","0.0","","1","0.013333","sipas","1","0.013333","mund të"
"true_345","345","0","real","765","44","4078","4.15","17.39","133","3944","1","1","50","9","1","0.001307","0.001307","0","0.0","0.01954","0","271","21","292","0.071604","0","","0","0.0","","2","0.002614","policia","0","0.0",""
"true_346","346","0","real","109","5","642","4.84","21.8","85","556","0","0","5","0","0","0.0","0.0","0","0.0","0.049336","0","47","1","48","0.074766","0","","0","0.0","","0","0.0","","0","0.0",""
"true_347","347","0","real","179","10","950","4.18","17.9","93","856","3","0","11","4","1","0.01676","0.0","0","0.0","0.022758","0","66","1","67","0.070526","0","","0","0.0","","0","0.0","","0","0.0",""
"true_348","348","0","real","1194","81","6939","4.67","14.74","41","6897","0","4","76","16","0","0.0","0.00335","1","0.000838","0.024587","0","540","14","554","0.079839","0","","0","0.0","","2","0.001675","sipas, policia","6","0.005025","thuhet, ndoshta, mund të"
"true_349","349","0","real","358","30","2182","4.85","11.93","77","2104","3","0","28","8","0","0.00838","0.0","3","0.00838","0.031682","0","177","3","180","0.082493","0","","0","0.0","","3","0.00838","sipas, policia","1","0.002793","mund të"
"true_350","350","0","real","198","14","1143","4.65","14.14","77","1065","0","1","8","4","0","0.0","0.005051","0","0.0","0.036957","0","96","4","100","0.087489","0","","0","0.0","","0","0.0","","1","0.005051","mund të"
"true_351","351","0","real","200","12","1100","4.22","16.67","66","1033","0","0","8","2","0","0.0","0.0","0","0.0","0.020142","0","85","6","91","0.082727","0","","0","0.0","","0","0.0","","0","0.0",""
"true_352","352","0","real","202","10","1198","4.59","20.2","108","1089","0","0","16","6","0","0.0","0.0","1","0.00495","0.037756","0","84","9","93","0.077629","0","","0","0.0","","2","0.009901","policia","0","0.0",""
"true_353","353","0","real","450","12","2765","4.99","37.5","64","2700","0","0","22","4","0","0.0","0.0","2","0.004444","0.025412","0","236","2","238","0.086076","0","","0","0.0","","3","0.006667","sipas","1","0.002222","mund të"
"true_354","354","0","real","158","5","881","4.51","31.6","90","790","0","0","6","2","0","0.0","0.0","0","0.0","0.021097","0","63","6","69","0.07832","0","","0","0.0","","0","0.0","","0","0.0",""
"true_355","355","0","real","162","8","960","4.81","20.25","54","905","0","0","8","0","0","0.0","0.0","0","0.0","0.037275","0","56","5","61","0.063542","0","","0","0.0","","0","0.0","","0","0.0",""
"true_356","356","0","real","197","7","1192","4.84","28.14","80","1111","0","0","11","2","0","0.0","0.0","1","0.005076","0.023061","0","100","0","100","0.083893","0","","0","0.0","","3","0.015228","sipas","1","0.005076","mund të"
"true_357","357","0","real","131","5","847","5.13","26.2","66","780","0","0","10","4","0","0.0","0.0","0","0.0","0.034226","0","53","0","53","0.062574","0","","0","0.0","","0","0.0","","0","0.0",""
"true_358","358","0","real","188","14","1122","4.86","13.43","84","1037","0","2","4","12","0","0.0","0.010638","0","0.0","0.035011","0","76","3","79","0.07041","0","","0","0.0","","0","0.0","","1","0.005319","mund të"
"true_359","359","0","real","336","15","2115","5.19","22.4","59","2055","0","0","18","0","0","0.0","0.0","3","0.008929","0.043054","0","140","1","141","0.066667","0","","0","0.0","","2","0.005952","sipas","1","0.002976","mund të"
"true_360","360","0","real","131","4","715","4.36","32.75","70","644","0","0","3","2","0","0.0","0.0","0","0.0","0.028021","0","52","1","53","0.074126","0","","0","0.0","","0","0.0","","0","0.0",""
"true_361","361","0","real","74","6","487","5.43","12.33","36","450","0","0","2","0","0","0.0","0.0","0","0.0","0.044776","0","27","1","28","0.057495","0","","0","0.0","","1","0.013514","sipas","0","0.0",""
"true_362","362","0","real","184","24","1322","5.82","7.67","71","1250","3","3","4","20","0","0.016304","0.016304","0","0.0","0.02243","0","110","1","111","0.083964","0","","0","0.0","","0","0.0","","0","0.0",""
"true_363","363","0","real","335","15","2038","5.02","22.33","42","1995","0","1","11","4","0","0.0","0.002985","0","0.0","0.012478","0","211","2","213","0.104514","0","","0","0.0","","0","0.0","","4","0.01194","mund të"
"true_364","364","0","real","105","6","589","4.53","17.5","39","549","0","0","4","4","0","0.0","0.0","0","0.0","0.05042","0","45","1","46","0.078098","0","","0","0.0","","0","0.0","","0","0.0",""
"true_365","365","0","real","196","26","1153","4.63","7.54","78","1074","0","0","12","6","0","0.0","0.0","0","0.0","0.037486","0","82","0","82","0.071119","0","","0","0.0","","0","0.0","","0","0.0",""
"true_366","366","0","real","313","16","2027","5.27","19.56","51","1975","0","0","14","2","0","0.0","0.0","1","0.003195","0.021199","0","148","1","149","0.073508","0","","0","0.0","","0","0.0","","0","0.0",""
"true_367","367","0","real","652","51","4079","5.08","12.78","91","3987","0","3","25","17","0","0.0","0.004601","0","0.0","0.018435","0","272","9","281","0.068889","0","","0","0.0","","5","0.007669","policia","1","0.001534","thuhet"
"true_368","368","0","real","252","13","1412","4.48","19.38","42","1369","0","0","13","8","0","0.0","0.0","0","0.0","0.042553","0","69","3","72","0.050992","1","kosove","0","0.0","","0","0.0","","1","0.003968","mund të"
"true_369","369","0","real","266","20","1667","5.02","13.3","96","1570","0","0","19","6","0","0.0","0.0","2","0.007519","0.033683","0","112","0","112","0.067187","0","","0","0.0","","0","0.0","","0","0.0",""
"true_370","370","0","real","593","23","3856","5.39","25.78","83","3772","0","0","27","6","0","0.0","0.0","15","0.025295","0.037919","0","322","5","327","0.084803","0","","0","0.0","","2","0.003373","sipas","1","0.001686","mund të"
"true_371","371","0","real","296","17","1784","4.9","17.41","59","1724","0","0","11","0","0","0.0","0.0","1","0.003378","0.031724","0","137","1","138","0.077354","1","behet","0","0.0","","2","0.006757","sipas, ministria","0","0.0",""
"true_372","372","0","real","90","7","551","4.96","12.86","80","470","1","0","6","0","0","0.011111","0.0","0","0.0","0.026906","0","40","1","41","0.07441","0","","0","0.0","","0","0.0","","0","0.0",""
"true_373","373","0","real","358","22","1980","4.39","16.27","86","1893","0","0","24","6","0","0.0","0.0","0","0.0","0.022265","0","148","3","151","0.076263","0","","0","0.0","","1","0.002793","sipas","1","0.002793","ndoshta"
"true_374","374","0","real","164","4","1086","5.24","41.0","73","1012","0","0","7","3","0","0.0","0.0","4","0.02439","0.030268","0","75","0","75","0.069061","0","","0","0.0","","0","0.0","","0","0.0",""
"true_375","375","0","real","198","5","1317","5.38","39.6","80","1236","0","0","47","0","0","0.0","0.0","0","0.0","0.097561","0","42","2","44","0.033409","0","","0","0.0","","0","0.0","","0","0.0",""
"true_376","376","0","real","293","14","1743","4.73","20.93","88","1654","0","0","21","4","0","0.0","0.0","0","0.0","0.023088","0","119","4","123","0.070568","0","","0","0.0","","0","0.0","","0","0.0",""
"true_377","377","0","real","325","13","1948","4.9","25.0","57","1890","0","0","21","0","0","0.0","0.0","0","0.0","0.015713","0","162","2","164","0.084189","0","","0","0.0","","2","0.006154","sipas, ministria","1","0.003077","mund të"
"true_378","378","0","real","210","7","1351","5.33","30.0","78","1272","0","0","11","4","0","0.0","0.0","0","0.0","0.020536","0","97","0","97","0.071799","0","","0","0.0","","2","0.009524","sipas, ministria","0","0.0",""
"true_379","379","0","real","457","18","3132","5.24","25.39","65","3066","0","0","52","4","0","0.0","0.0","1","0.002188","0.053907","0","200","11","211","0.067369","1","per","0","0.0","","6","0.013129","sipas, ministria","0","0.0",""
"true_380","380","0","real","160","8","966","4.91","20.0","78","887","0","0","7","6","0","0.0","0.0","0","0.0","0.035623","0","66","1","67","0.069358","0","","0","0.0","","0","0.0","","1","0.00625","ndoshta"
"true_381","381","0","real","518","27","2910","4.44","19.19","120","2789","1","1","30","6","0","0.001931","0.001931","3","0.005792","0.033493","0","227","2","229","0.078694","0","","0","0.0","","0","0.0","","4","0.007722","thuhet, mund të"
"true_382","382","0","real","466","21","2669","4.54","22.19","126","2542","0","0","28","6","2","0.0","0.0","0","0.0","0.022212","0","199","13","212","0.07943","0","","0","0.0","","4","0.008584","sipas, raportoi, policia","0","0.0",""
"true_383","383","0","real","230","8","1339","4.61","28.75","67","1271","0","0","19","0","0","0.0","0.0","7","0.030435","0.045283","0","117","1","118","0.088125","0","","0","0.0","","0","0.0","","1","0.004348","mund të"
"true_384","384","0","real","451","11","2629","4.72","41.0","71","2557","1","0","30","8","0","0.002217","0.0","3","0.006652","0.025834","0","207","7","214","0.0814","0","","0","0.0","","0","0.0","","1","0.002217","ndoshta"
"true_385","385","0","real","117","5","650","4.45","23.4","76","573","0","0","4","0","0","0.0","0.0","0","0.0","0.023033","0","45","2","47","0.072308","0","","0","0.0","","1","0.008547","sipas","0","0.0",""
"true_386","386","0","real","229","18","1349","4.66","12.72","112","1236","4","0","22","2","0","0.017467","0.0","3","0.0131","0.040262","0","78","3","81","0.060044","0","","0","0.0","","0","0.0","","0","0.0",""
"true_387","387","0","real","244","9","1655","5.59","27.11","92","1562","0","0","14","6","0","0.0","0.0","1","0.004098","0.021994","0","136","0","136","0.082175","0","","0","0.0","","0","0.0","","0","0.0",""
"true_388","388","0","real","470","18","3993","7.39","26.11","99","3893","0","0","23","2","0","0.0","0.0","4","0.008511","0.151891","0","150","23","173","0.043326","0","","0","0.0","","1","0.002128","sipas","0","0.0",""
"true_389","389","0","real","171","8","985","4.64","21.38","69","915","0","0","10","0","0","0.0","0.0","1","0.005848","0.032787","0","83","0","83","0.084264","0","","0","0.0","","0","0.0","","1","0.005848","mund të"
"true_390","390","0","real","634","27","3713","4.71","23.48","35","3677","0","2","38","6","2","0.0","0.003155","0","0.0","0.015745","0","307","1","308","0.082952","0","","0","0.0","","0","0.0","","7","0.011041","ndoshta, mund të"
"true_391","391","0","real","725","40","4216","4.69","18.12","148","4067","0","5","28","12","0","0.0","0.006897","5","0.006897","0.02266","0","290","9","299","0.07092","2","cfare, per","0","0.0","","1","0.001379","ministria","5","0.006897","ndoshta, mund të"
"true_392","392","0","real","190","6","1156","4.91","31.67","79","1076","0","0","10","2","0","0.0","0.0","0","0.0","0.018221","0","80","1","81","0.070069","0","","0","0.0","","2","0.010526","konfirmoi, bëri të ditur","1","0.005263","thuhet"
"true_393","393","0","real","111","4","696","5.17","27.75","117","578","0","0","4","0","0","0.0","0.0","0","0.0","0.020942","0","45","5","50","0.071839","0","","0","0.0","","2","0.018018","deklaroi, policia","0","0.0",""
"true_394","394","0","real","247","9","1521","5.02","27.44","83","1437","0","0","17","6","0","0.0","0.0","0","0.0","0.045161","0","111","1","112","0.073636","0","","0","0.0","","0","0.0","","0","0.0",""
"true_395","395","0","real","272","13","1720","5.17","20.92","71","1648","0","0","20","2","0","0.0","0.0","0","0.0","0.023488","0","129","6","135","0.078488","0","","0","0.0","","0","0.0","","3","0.011029","mund të"
"true_396","396","0","real","239","10","1552","5.39","23.9","49","1502","0","0","12","4","0","0.0","0.0","1","0.004184","0.039782","0","116","0","116","0.074742","0","","0","0.0","","0","0.0","","1","0.004184","mund të"
"true_397","397","0","real","278","12","1739","5.1","23.17","79","1659","0","0","23","4","0","0.0","0.0","0","0.0","0.02537","0","111","3","114","0.065555","0","","0","0.0","","0","0.0","","2","0.007194","thuhet, dyshohet"
"true_398","398","0","real","144","7","969","5.51","20.57","84","884","0","0","5","4","0","0.0","0.0","0","0.0","0.02267","0","86","0","86","0.088751","0","","0","0.0","","0","0.0","","2","0.013889","mendohet, mund të"
"true_399","399","0","real","257","10","1523","4.81","25.7","48","1474","0","2","15","0","0","0.0","0.007782","0","0.0","0.013743","0","126","12","138","0.090611","0","","0","0.0","","0","0.0","","3","0.011673","mund të"
"true_400","400","0","real","98","7","533","4.3","14.0","24","508","0","1","4","2","0","0.0","0.010204","0","0.0","0.019002","0","29","1","30","0.056285","0","","0","0.0","","0","0.0","","0","0.0",""
"true_401","401","0","real","833","35","4542","4.31","23.8","78","4463","0","0","53","24","0","0.0","0.0","1","0.0012","0.02312","0","273","5","278","0.061207","0","","0","0.0","","1","0.0012","policia","3","0.003601","ndoshta, mund të"
"true_402","402","0","real","654","30","4177","5.28","21.8","76","4100","0","0","42","2","0","0.0","0.0","2","0.003058","0.030136","0","329","8","337","0.08068","0","","0","0.0","","0","0.0","","0","0.0",""
"true_403","403","0","real","269","15","1691","5.01","17.93","83","1607","0","0","20","4","0","0.0","0.0","3","0.011152","0.043736","0","124","0","124","0.073329","0","","0","0.0","","0","0.0","","1","0.003717","mund të"
"true_404","404","0","real","250","11","1518","4.76","22.73","57","1460","1","0","20","2","0","0.004","0.0","4","0.016","0.036165","0","121","2","123","0.081028","0","","0","0.0","","1","0.004","deklaroi","3","0.012","dyshohet, mund të"
"true_405","405","0","real","232","8","1444","5.11","29.0","50","1393","0","0","19","4","0","0.0","0.0","1","0.00431","0.033755","0","86","1","87","0.060249","0","","0","0.0","","0","0.0","","0","0.0",""
"true_406","406","0","real","143","7","954","5.2","20.43","100","853","0","0","25","0","0","0.0","0.0","2","0.013986","0.060565","0","55","0","55","0.057652","0","","0","0.0","","0","0.0","","0","0.0",""
"true_407","407","0","real","238","13","1339","4.47","18.31","46","1292","0","1","7","8","0","0.0","0.004202","0","0.0","0.024436","0","108","5","113","0.084391","0","","0","0.0","","1","0.004202","sipas","0","0.0",""
"true_408","408","0","real","53","5","295","4.53","10.6","32","262","0","0","0","0","0","0.0","0.0","0","0.0","0.041667","0","25","0","25","0.084746","0","","0","0.0","","1","0.018868","policia","0","0.0",""
"true_409","409","0","real","110","6","627","4.64","18.33","66","560","0","0","4","2","0","0.0","0.0","1","0.009091","0.039216","0","62","1","63","0.100478","0","","0","0.0","","0","0.0","","0","0.0",""
"true_410","410","0","real","106","7","579","4.37","15.14","29","549","0","0","4","2","0","0.0","0.0","0","0.0","0.034557","0","41","1","42","0.072539","0","","0","0.0","","0","0.0","","0","0.0",""
"true_411","411","0","real","248","15","1567","5.21","16.53","113","1453","0","0","14","4","0","0.0","0.0","0","0.0","0.036434","0","113","5","118","0.075303","0","","0","0.0","","0","0.0","","0","0.0",""
"true_412","412","0","real","170","7","1083","5.23","24.29","104","978","0","0","12","4","0","0.0","0.0","0","0.0","0.046275","0","72","0","72","0.066482","0","","0","0.0","","0","0.0","","0","0.0",""
"true_413","413","0","real","263","9","1721","5.44","29.22","91","1629","0","0","14","10","0","0.0","0.0","0","0.0","0.031447","0","107","0","107","0.062173","0","","0","0.0","","0","0.0","","0","0.0",""
"true_414","414","0","real","239","9","1307","4.34","26.56","103","1203","0","0","10","0","0","0.0","0.0","0","0.0","0.022179","0","73","5","78","0.059679","0","","0","0.0","","2","0.008368","sipas, policia","1","0.004184","thuhet"
"true_415","415","0","real","165","11","1087","5.39","15.0","121","965","0","0","13","10","0","0.0","0.0","2","0.012121","0.061937","0","56","1","57","0.052438","1","cfare","0","0.0","","0","0.0","","0","0.0",""
"true_416","416","0","real","159","7","940","4.78","22.71","59","880","0","0","10","4","0","0.0","0.0","0","0.0","0.018421","0","64","0","64","0.068085","0","","0","0.0","","1","0.006289","sipas","1","0.006289","mund të"
"true_417","417","0","real","87","3","602","5.62","29.0","93","508","0","0","4","0","0","0.0","0.0","0","0.0","0.022495","0","38","3","41","0.068106","0","","0","0.0","","1","0.011494","ministria","0","0.0",""
"true_418","418","0","real","225","11","1246","4.38","20.45","66","1179","0","0","15","4","0","0.0","0.0","1","0.004444","0.052899","0","95","0","95","0.076244","0","","0","0.0","","1","0.004444","bëri të ditur","1","0.004444","mund të"
"true_419","419","0","real","105","5","686","5.44","21.0","88","597","0","0","7","2","0","0.0","0.0","0","0.0","0.050788","0","33","1","34","0.049563","0","","0","0.0","","0","0.0","","0","0.0",""
"true_420","420","0","real","418","18","2648","5.19","23.22","31","2616","0","0","27","6","0","0.0","0.0","2","0.004785","0.043418","0","194","9","203","0.076662","0","","0","0.0","","1","0.002392","bëri të ditur","3","0.007177","thuhet, mund të"
"true_421","421","0","real","105","4","584","4.49","26.25","58","525","0","0","6","2","0","0.0","0.0","0","0.0","0.025478","0","41","2","43","0.07363","0","","0","0.0","","0","0.0","","0","0.0",""
"true_422","422","0","real","133","8","858","5.2","16.62","84","773","0","0","13","6","0","0.0","0.0","0","0.0","0.028944","0","48","1","49","0.05711","0","","0","0.0","","2","0.015038","sipas, deklaroi","1","0.007519","ndoshta"
"true_423","423","0","real","424","18","2721","5.29","23.56","90","2630","0","0","33","10","0","0.0","0.0","0","0.0","0.020517","0","196","0","196","0.072032","0","","0","0.0","","1","0.002358","sipas","2","0.004717","mund të"
"true_424","424","0","real","273","15","1670","5.02","18.2","65","1604","0","0","15","6","0","0.0","0.0","0","0.0","0.035871","0","108","1","109","0.065269","0","","0","0.0","","0","0.0","","0","0.0",""
"true_425","425","0","real","283","8","1645","4.74","35.38","65","1579","0","0","14","6","0","0.0","0.0","0","0.0","0.021626","0","140","1","141","0.085714","0","","0","0.0","","0","0.0","","0","0.0",""
"true_426","426","0","real","362","20","2037","4.4","18.1","77","1959","0","2","27","6","0","0.0","0.005525","4","0.01105","0.043396","0","113","25","138","0.067747","1","per","0","0.0","","0","0.0","","4","0.01105","mund të"
"true_427","427","0","real","142","10","975","5.39","14.2","71","903","0","0","9","0","0","0.0","0.0","2","0.014085","0.057667","0","65","0","65","0.066667","0","","0","0.0","","0","0.0","","0","0.0",""
"true_428","428","0","real","205","8","1208","4.8","25.62","98","1109","0","0","8","2","0","0.0","0.0","0","0.0","0.043744","0","101","0","101","0.083609","0","","0","0.0","","1","0.004878","sipas","2","0.009756","thuhet"
"true_429","429","0","real","93","7","543","4.72","13.29","71","471","0","0","7","0","0","0.0","0.0","0","0.0","0.031891","0","27","1","28","0.051565","0","","0","0.0","","0","0.0","","0","0.0",""
"true_430","430","0","real","398","18","2158","4.27","22.11","91","2066","3","0","20","2","0","0.007538","0.0","0","0.0","0.026486","0","154","5","159","0.073679","0","","0","0.0","","0","0.0","","0","0.0",""
"true_431","431","0","real","185","10","1111","4.75","18.5","98","1012","0","0","12","2","0","0.0","0.0","2","0.010811","0.037585","0","83","0","83","0.074707","0","","0","0.0","","0","0.0","","1","0.005405","thuhet"
"true_432","432","0","real","146","7","782","4.27","20.86","76","705","0","2","9","2","1","0.0","0.013699","0","0.0","0.028892","0","49","3","52","0.066496","0","","0","0.0","","0","0.0","","0","0.0",""
"true_433","433","0","real","449","27","2523","4.52","16.63","43","2479","0","0","15","0","0","0.0","0.0","0","0.0","0.017267","0","213","3","216","0.085612","0","","0","0.0","","0","0.0","","2","0.004454","mund të"
"true_434","434","0","real","192","8","1224","5.28","24.0","82","1141","0","0","10","4","0","0.0","0.0","2","0.010417","0.047431","0","99","2","101","0.082516","0","","0","0.0","","0","0.0","","2","0.010417","thuhet"
"true_435","435","0","real","307","14","1728","4.5","21.93","45","1682","0","0","31","4","0","0.0","0.0","1","0.003257","0.03693","0","99","1","100","0.05787","0","","0","0.0","","1","0.003257","sipas","0","0.0",""
"true_436","436","0","real","146","8","823","4.58","18.25","40","782","0","0","7","0","0","0.0","0.0","0","0.0","0.020927","0","59","2","61","0.074119","0","","0","0.0","","0","0.0","","0","0.0",""
"true_437","437","0","real","112","7","618","4.46","16.0","53","564","0","0","5","0","0","0.0","0.0","0","0.0","0.034","0","42","0","42","0.067961","0","","0","0.0","","0","0.0","","0","0.0",""
"true_438","438","0","real","183","10","1078","4.79","18.3","69","1008","0","0","9","8","0","0.0","0.0","0","0.0","0.039909","0","59","0","59","0.054731","0","","0","0.0","","0","0.0","","0","0.0",""
"true_439","439","0","real","1196","60","6679","4.45","19.93","72","6606","0","1","62","22","0","0.0","0.000836","0","0.0","0.028201","0","492","11","503","0.075311","0","","0","0.0","","2","0.001672","sipas","2","0.001672","thuhet, mendohet"
"true_440","440","0","real","623","27","3442","4.43","23.07","79","3362","0","0","37","10","0","0.0","0.0","0","0.0","0.025399","0","263","2","265","0.07699","0","","0","0.0","","1","0.001605","sipas","2","0.00321","mund të"
"true_441","441","0","real","324","15","1902","4.74","21.6","64","1837","0","0","24","12","0","0.0","0.0","2","0.006173","0.040391","0","139","0","139","0.073081","0","","0","0.0","","0","0.0","","0","0.0",""
"true_442","442","0","real","99","5","531","4.32","19.8","38","492","0","0","2","2","0","0.0","0.0","0","0.0","0.030374","0","33","0","33","0.062147","0","","0","0.0","","0","0.0","","0","0.0",""
"true_443","443","0","real","155","5","766","3.9","31.0","119","646","0","0","3","0","0","0.0","0.0","0","0.0","0.014876","0","53","2","55","0.071802","0","","0","0.0","","0","0.0","","2","0.012903","mund të"
"true_444","444","0","real","158","6","847","4.27","26.33","67","779","1","0","6","0","0","0.006329","0.0","0","0.0","0.020772","0","65","1","66","0.077922","0","","0","0.0","","0","0.0","","0","0.0",""
"true_445","445","0","real","241","9","1246","4.04","26.78","69","1176","0","0","12","6","0","0.0","0.0","1","0.004149","0.020534","0","95","3","98","0.078652","0","","0","0.0","","1","0.004149","deklaroi","0","0.0",""
"true_446","446","0","real","776","46","4649","4.86","16.87","64","4584","0","0","52","8","0","0.0","0.0","1","0.001289","0.028624","0","385","5","390","0.083889","0","","0","0.0","","1","0.001289","sipas","5","0.006443","mund të"
"true_447","447","0","real","65","3","395","4.98","21.67","54","340","0","0","4","2","0","0.0","0.0","0","0.0","0.058642","0","25","4","29","0.073418","0","","0","0.0","","0","0.0","","0","0.0",""
"true_448","448","0","real","313","18","2093","5.23","17.39","56","2036","0","0","31","2","0","0.0","0.0","20","0.063898","0.06422","0","120","9","129","0.061634","0","","0","0.0","","4","0.01278","sipas, studimi","4","0.01278","ndoshta, mund të"
"true_449","449","0","real","202","5","1130","4.47","40.4","75","1054","0","0","10","2","0","0.0","0.0","2","0.009901","0.047672","0","99","1","100","0.088496","0","","0","0.0","","1","0.00495","ministria","1","0.00495","mund të"
"true_450","450","0","real","55","7","306","4.53","7.86","33","272","0","1","2","0","0","0.0","0.018182","0","0.0","0.044177","0","11","1","12","0.039216","0","","0","0.0","","0","0.0","","0","0.0",""
"true_451","451","0","real","139","8","739","4.22","17.38","63","675","0","0","8","2","0","0.0","0.0","0","0.0","0.027257","0","54","2","56","0.075778","0","","0","0.0","","0","0.0","","0","0.0",""
"true_452","452","0","real","211","7","1347","5.17","30.14","56","1290","0","0","10","10","0","0.0","0.0","7","0.033175","0.062557","0","99","0","99","0.073497","0","","0","0.0","","1","0.004739","sipas","2","0.009479","thuhet"
"true_453","453","0","real","200","13","1158","4.72","15.38","45","1112","0","3","9","0","0","0.0","0.015","0","0.0","0.013757","0","118","1","119","0.102763","0","","0","0.0","","1","0.005","sipas","6","0.03","thuhet, mund të"
"true_454","454","0","real","210","15","1185","4.59","14.0","46","1138","0","0","12","0","0","0.0","0.0","0","0.0","0.011423","0","108","1","109","0.091983","0","","0","0.0","","1","0.004762","sipas","1","0.004762","mund të"
"true_455","455","0","real","327","19","1967","4.85","17.21","49","1917","0","2","20","2","0","0.0","0.006116","1","0.003058","0.022684","0","150","6","156","0.079309","0","","0","0.0","","0","0.0","","2","0.006116","mund të"
"true_456","456","0","real","180","7","1077","4.82","25.71","62","1014","0","0","9","4","0","0.0","0.0","0","0.0","0.033487","0","85","4","89","0.082637","0","","0","0.0","","0","0.0","","0","0.0",""
"true_457","457","0","real","360","26","1970","4.44","13.85","71","1898","3","1","4","0","0","0.008333","0.002778","0","0.0","0.02125","0","155","2","157","0.079695","1","nje","0","0.0","","0","0.0","","1","0.002778","mund të"
"true_458","458","0","real","516","19","2869","4.45","27.16","68","2800","0","2","33","4","0","0.0","0.003876","0","0.0","0.013083","0","273","6","279","0.097246","0","","0","0.0","","0","0.0","","2","0.003876","mund të"
"true_459","459","0","real","435","20","2494","4.53","21.75","58","2435","0","3","24","4","0","0.0","0.006897","0","0.0","0.016252","0","183","4","187","0.07498","0","","0","0.0","","0","0.0","","1","0.002299","mund të"
"true_460","460","0","real","93","4","555","4.9","23.25","59","495","0","0","6","0","0","0.0","0.0","0","0.0","0.028509","0","47","1","48","0.086486","0","","0","0.0","","0","0.0","","0","0.0",""
"true_461","461","0","real","430","27","2305","4.3","15.93","82","2222","0","0","19","4","0","0.0","0.0","0","0.0","0.023784","0","204","5","209","0.090672","0","","0","0.0","","0","0.0","","5","0.011628","ndoshta, mund të"
"true_462","462","0","real","107","5","624","4.74","21.4","40","583","1","0","8","0","0","0.009346","0.0","0","0.0","0.035503","0","44","0","44","0.070513","0","","0","0.0","","0","0.0","","0","0.0",""
"true_463","463","0","real","113","7","622","4.45","16.14","84","537","0","0","5","0","0","0.0","0.0","0","0.0","0.023857","0","34","0","34","0.054662","0","","0","0.0","","0","0.0","","0","0.0",""
"true_464","464","0","real","344","16","1844","4.29","21.5","72","1771","0","1","14","2","0","0.0","0.002907","0","0.0","0.013559","0","184","2","186","0.100868","0","","0","0.0","","0","0.0","","7","0.020349","mund të"
"true_465","465","0","real","70","6","415","4.87","11.67","50","364","0","2","1","2","0","0.0","0.028571","1","0.014286","0.043988","0","24","0","24","0.057831","0","","0","0.0","","0","0.0","","0","0.0",""
"true_466","466","0","real","194","14","1131","4.77","13.86","84","1046","0","1","7","0","0","0.0","0.005155","1","0.005155","0.031351","0","88","2","90","0.079576","0","","0","0.0","","1","0.005155","sipas","0","0.0",""
"true_467","467","0","real","87","5","578","5.53","17.4","65","512","0","0","3","2","0","0.0","0.0","0","0.0","0.02079","0","41","0","41","0.070934","0","","0","0.0","","0","0.0","","1","0.011494","thuhet"
"true_468","468","0","real","453","19","2836","5.02","23.84","82","2753","0","0","41","4","0","0.0","0.0","21","0.046358","0.068172","0","236","0","236","0.083216","0","","0","0.0","","2","0.004415","sipas","1","0.002208","mund të"
"true_469","469","0","real","203","7","1155","4.5","29.0","31","1123","0","0","10","2","0","0.0","0.0","1","0.004926","0.02407","0","96","0","96","0.083117","0","","0","0.0","","3","0.014778","sipas","2","0.009852","mund të"
"true_470","470","0","real","508","30","2684","4.23","16.93","44","2639","0","1","14","0","0","0.0","0.001969","0","0.0","0.013495","0","261","12","273","0.101714","0","","0","0.0","","0","0.0","","4","0.007874","mund të"
"true_471","471","0","real","55","4","325","4.87","13.75","53","271","0","0","1","0","0","0.0","0.0","0","0.0","0.026217","0","19","0","19","0.058462","0","","0","0.0","","0","0.0","","0","0.0",""
"true_472","472","0","real","118","6","642","4.36","19.67","72","569","0","0","8","0","0","0.0","0.0","0","0.0","0.027237","0","46","3","49","0.076324","0","","0","0.0","","0","0.0","","0","0.0",""
"true_473","473","0","real","93","6","499","4.32","15.5","49","449","0","0","3","0","0","0.0","0.0","0","0.0","0.024876","0","40","0","40","0.08016","0","","0","0.0","","0","0.0","","0","0.0",""
"true_474","474","0","real","167","9","859","4.04","18.56","48","810","1","0","9","0","0","0.005988","0.0","0","0.0","0.025223","0","63","1","64","0.074505","0","","0","0.0","","0","0.0","","0","0.0",""
"true_475","475","0","real","316","21","1894","4.95","15.05","77","1816","1","0","6","0","0","0.003165","0.0","0","0.0","0.012141","0","173","7","180","0.095037","0","","0","0.0","","1","0.003165","sipas","2","0.006329","mund të"
"true_476","476","0","real","136","8","683","3.98","17.0","59","623","0","3","3","0","0","0.0","0.022059","0","0.0","0.025878","0","64","0","64","0.093704","0","","0","0.0","","0","0.0","","0","0.0",""
"true_477","477","0","real","118","9","719","5.05","13.11","45","673","0","0","4","0","0","0.0","0.0","0","0.0","0.033557","0","50","2","52","0.072323","0","","0","0.0","","0","0.0","","0","0.0",""
"true_478","478","0","real","128","7","706","4.45","18.29","75","630","0","0","7","2","0","0.0","0.0","0","0.0","0.021053","0","50","0","50","0.070822","0","","0","0.0","","0","0.0","","0","0.0",""
"true_479","479","0","real","168","9","921","4.34","18.67","54","866","1","1","14","6","1","0.005952","0.005952","2","0.011905","0.063889","0","62","1","63","0.068404","0","","0","0.0","","0","0.0","","0","0.0",""
"true_480","480","0","real","106","7","622","4.79","15.14","30","591","0","0","6","0","0","0.0","0.0","0","0.0","0.027559","0","40","2","42","0.067524","0","","0","0.0","","0","0.0","","0","0.0",""
"true_481","481","0","real","77","6","455","4.87","12.83","46","408","0","0","1","0","0","0.0","0.0","0","0.0","0.037333","0","34","0","34","0.074725","0","","0","0.0","","0","0.0","","0","0.0",""
"true_482","482","0","real","237","12","1287","4.25","19.75","74","1212","0","0","18","6","0","0.0","0.0","0","0.0","0.022817","0","105","1","106","0.082362","0","","0","0.0","","0","0.0","","0","0.0",""
"true_483","483","0","real","133","10","702","4.17","13.3","55","646","0","1","7","6","0","0.0","0.007519","0","0.0","0.032432","0","68","0","68","0.096866","0","","0","0.0","","0","0.0","","0","0.0",""
"true_484","484","0","real","138","6","686","3.91","23.0","69","616","2","0","4","0","0","0.014493","0.0","0","0.0","0.012963","0","74","0","74","0.107872","0","","0","0.0","","0","0.0","","0","0.0",""
"true_485","485","0","real","81","4","461","4.65","20.25","69","391","0","0","1","0","0","0.0","0.0","0","0.0","0.026525","0","19","0","19","0.041215","0","","0","0.0","","0","0.0","","0","0.0",""
"true_486","486","0","real","62","4","341","4.4","15.5","44","296","0","0","6","0","0","0.0","0.0","0","0.0","0.040293","0","28","0","28","0.082111","0","","0","0.0","","0","0.0","","1","0.016129","mund të"
"true_487","487","0","real","339","15","2059","4.95","22.6","93","1965","0","0","16","6","0","0.0","0.0","2","0.0059","0.022103","0","159","3","162","0.078679","0","","0","0.0","","1","0.00295","sipas","7","0.020649","mund të"
"true_488","488","0","real","110","6","651","4.76","18.33","97","553","0","0","10","0","0","0.0","0.0","0","0.0","0.049618","0","43","0","43","0.066052","0","","0","0.0","","1","0.009091","ministria","1","0.009091","thuhet"
"true_489","489","0","real","262","15","1406","4.23","17.47","71","1334","0","0","17","12","0","0.0","0.0","1","0.003817","0.025294","0","102","4","106","0.075391","0","","0","0.0","","0","0.0","","0","0.0",""
"true_490","490","0","real","202","11","1203","4.83","18.36","74","1128","0","2","14","2","0","0.0","0.009901","0","0.0","0.016393","0","104","3","107","0.088944","0","","0","0.0","","4","0.019802","sipas, studimi","1","0.00495","mund të"
"true_491","491","0","real","127","5","643","4.02","25.4","96","546","0","0","5","0","1","0.0","0.0","0","0.0","0.011765","0","63","1","64","0.099533","0","","0","0.0","","0","0.0","","1","0.007874","thuhet"
"true_492","492","0","real","495","27","2759","4.4","18.33","31","2727","4","1","31","8","4","0.008081","0.00202","0","0.0","0.036272","0","190","7","197","0.071403","0","","0","0.0","","0","0.0","","2","0.00404","mund të"
"true_493","493","0","real","287","19","1658","4.53","15.11","51","1606","0","1","18","4","0","0.0","0.003484","5","0.017422","0.050808","0","118","3","121","0.072979","0","","0","0.0","","1","0.003484","sipas","0","0.0",""
"true_494","494","0","real","187","8","1177","4.84","23.38","66","1110","0","0","16","4","0","0.0","0.0","0","0.0","0.018764","0","88","0","88","0.074766","0","","0","0.0","","1","0.005348","sipas","0","0.0",""
"true_495","495","0","real","238","15","1321","4.21","15.87","80","1240","0","1","15","0","0","0.0","0.004202","0","0.0","0.043391","0","68","2","70","0.05299","0","","0","0.0","","0","0.0","","0","0.0",""
"true_496","496","0","real","113","10","704","4.72","11.3","63","640","0","0","6","0","0","0.0","0.0","1","0.00885","0.054614","0","45","0","45","0.06392","0","","0","0.0","","0","0.0","","0","0.0",""
"true_497","497","0","real","89","8","479","4.27","11.12","50","428","0","0","1","6","0","0.0","0.0","0","0.0","0.028947","0","16","0","16","0.033403","0","","0","0.0","","0","0.0","","0","0.0",""
"true_498","498","0","real","257","28","1499","4.69","9.18","72","1426","0","0","11","6","0","0.0","0.0","0","0.0","0.0199","0","117","0","117","0.078052","0","","0","0.0","","1","0.003891","policia","2","0.007782","thuhet"
"true_499","499","0","real","163","8","867","4.26","20.38","61","805","0","1","3","4","0","0.0","0.006135","1","0.006135","0.034532","0","58","1","59","0.068051","0","","0","0.0","","0","0.0","","0","0.0",""
"true_500","500","0","real","146","10","782","4.23","14.6","47","734","1","0","5","4","0","0.006849","0.0","2","0.013699","0.035599","0","48","0","48","0.061381","0","","0","0.0","","0","0.0","","0","0.0",""
"true_501","501","0","real","70","5","435","5.09","14.0","36","398","0","0","4","2","0","0.0","0.0","1","0.014286","0.061972","0","31","0","31","0.071264","0","","0","0.0","","0","0.0","","0","0.0",""
"true_502","502","0","real","137","6","788","4.68","22.83","71","716","0","0","6","2","0","0.0","0.0","0","0.0","0.021841","0","63","1","64","0.081218","0","","0","0.0","","1","0.007299","sipas","0","0.0",""
"true_503","503","0","real","100","5","581","4.76","20.0","73","507","0","0","3","2","0","0.0","0.0","0","0.0","0.035714","0","32","0","32","0.055077","0","","0","0.0","","0","0.0","","0","0.0",""
"true_504","504","0","real","330","21","1754","4.15","15.71","73","1680","0","0","16","10","0","0.0","0.0","0","0.0","0.022611","0","167","7","174","0.099202","0","","0","0.0","","0","0.0","","0","0.0",""
"true_505","505","0","real","113","8","716","5.0","14.12","57","658","0","0","7","10","0","0.0","0.0","0","0.0","0.044248","0","42","4","46","0.064246","0","","0","0.0","","0","0.0","","0","0.0",""
"true_506","506","0","real","157","8","873","4.46","19.62","71","801","0","0","5","4","0","0.0","0.0","0","0.0","0.038516","0","47","1","48","0.054983","0","","0","0.0","","0","0.0","","0","0.0",""
"true_507","507","0","real","480","15","2767","4.69","32.0","72","2694","1","0","26","0","0","0.002083","0.0","0","0.0","0.025801","0","170","6","176","0.063607","0","","0","0.0","","0","0.0","","1","0.002083","thuhet"
"true_508","508","0","real","128","8","785","5.0","16.0","62","722","6","0","10","0","0","0.046875","0.0","0","0.0","0.023511","0","41","1","42","0.053503","0","","0","0.0","","0","0.0","","0","0.0",""
"true_509","509","0","real","428","16","2584","4.92","26.75","67","2516","0","0","22","12","0","0.0","0.0","1","0.002336","0.033745","0","206","17","223","0.0863","0","","0","0.0","","0","0.0","","0","0.0",""
"true_510","510","0","real","219","14","1253","4.6","15.64","73","1179","0","0","14","4","0","0.0","0.0","0","0.0","0.050595","0","112","0","112","0.089385","0","","0","0.0","","0","0.0","","0","0.0",""
"true_511","511","0","real","98","7","515","4.18","14.0","49","465","0","0","4","2","0","0.0","0.0","0","0.0","0.039024","0","35","2","37","0.071845","0","","0","0.0","","0","0.0","","0","0.0",""
"true_512","512","0","real","148","6","762","4.14","24.67","52","709","0","0","3","0","0","0.0","0.0","0","0.0","0.021242","0","66","0","66","0.086614","0","","0","0.0","","0","0.0","","0","0.0",""
"true_513","513","0","real","614","34","3505","4.63","18.06","80","3424","0","1","41","4","0","0.0","0.001629","0","0.0","0.01513","0","347","9","356","0.101569","0","","0","0.0","","0","0.0","","9","0.014658","ndoshta, mund të"
"true_514","514","0","real","194","7","1265","5.42","27.71","73","1191","0","0","13","4","0","0.0","0.0","0","0.0","0.038132","0","84","4","88","0.069565","0","","0","0.0","","0","0.0","","0","0.0",""
"true_515","515","0","real","102","5","529","4.06","20.4","64","464","0","0","5","2","0","0.0","0.0","0","0.0","0.028986","0","55","4","59","0.111531","0","","0","0.0","","0","0.0","","0","0.0",""
"true_516","516","0","real","107","4","772","5.23","26.75","53","718","0","0","24","0","0","0.0","0.0","1","0.009346","0.069767","0","37","2","39","0.050518","0","","0","0.0","","0","0.0","","1","0.009346","thuhet"
"true_517","517","0","real","111","11","619","4.55","10.09","55","563","1","0","2","0","0","0.009009","0.0","0","0.0","0.025743","0","41","0","41","0.066236","0","","0","0.0","","0","0.0","","0","0.0",""
"true_518","518","0","real","167","10","1117","5.16","16.7","54","1062","0","0","7","0","0","0.0","0.0","1","0.005988","0.068765","0","57","1","58","0.051925","0","","0","0.0","","0","0.0","","1","0.005988","thuhet"
"true_519","519","0","real","132","10","702","4.27","13.2","58","643","0","0","5","0","0","0.0","0.0","0","0.0","0.021277","0","43","0","43","0.061254","0","","0","0.0","","0","0.0","","1","0.007576","mund të"
"true_520","520","0","real","272","18","1580","4.7","15.11","65","1514","5","0","23","0","0","0.018382","0.0","0","0.0","0.018794","0","137","0","137","0.086709","0","","0","0.0","","0","0.0","","6","0.022059","thuhet, mund të, ka gjasa"
"true_521","521","0","real","200","7","1160","4.69","28.57","63","1096","0","0","16","6","0","0.0","0.0","0","0.0","0.034115","0","81","1","82","0.07069","0","","0","0.0","","1","0.005","sipas","1","0.005","mund të"
"true_522","522","0","real","307","23","1656","4.18","13.35","79","1576","0","0","19","4","0","0.0","0.0","6","0.019544","0.056075","0","95","3","98","0.059179","0","","0","0.0","","0","0.0","","0","0.0",""
"true_523","523","0","real","122","7","659","4.34","17.43","52","606","0","0","2","0","0","0.0","0.0","0","0.0","0.026415","0","40","3","43","0.06525","0","","0","0.0","","0","0.0","","0","0.0",""
"true_524","524","0","real","132","10","767","4.72","13.2","80","686","1","0","5","0","0","0.007576","0.0","0","0.0","0.028939","0","58","0","58","0.075619","0","","0","0.0","","0","0.0","","2","0.015152","mund të"
"true_525","525","0","real","194","15","1158","4.71","12.93","62","1095","0","0","7","0","0","0.0","0.0","0","0.0","0.036145","0","93","3","96","0.082902","0","","0","0.0","","0","0.0","","1","0.005155","dyshohet"
"true_526","526","0","real","108","4","650","4.87","27.0","56","593","0","0","5","0","0","0.0","0.0","1","0.009259","0.039924","0","43","1","44","0.067692","0","","0","0.0","","0","0.0","","0","0.0",""
"true_527","527","0","real","134","4","858","5.13","33.5","50","807","0","0","9","4","0","0.0","0.0","0","0.0","0.085756","0","33","0","33","0.038462","0","","0","0.0","","0","0.0","","0","0.0",""
"true_528","528","0","real","110","6","647","4.83","18.33","50","596","0","0","4","0","0","0.0","0.0","0","0.0","0.022599","0","48","2","50","0.07728","0","","0","0.0","","0","0.0","","0","0.0",""
"true_529","529","0","real","82","5","444","4.38","16.4","48","395","0","0","2","0","1","0.0","0.0","0","0.0","0.02507","0","30","0","30","0.067568","0","","0","0.0","","0","0.0","","0","0.0",""
"true_530","530","0","real","63","5","342","4.37","12.6","27","314","0","0","2","0","0","0.0","0.0","0","0.0","0.032727","0","21","0","21","0.061404","0","","0","0.0","","0","0.0","","0","0.0",""
"true_531","531","0","real","57","4","351","4.79","14.25","62","288","0","0","4","2","0","0.0","0.0","1","0.017544","0.065934","0","21","0","21","0.059829","0","","0","0.0","","0","0.0","","0","0.0",""
"true_532","532","0","real","96","6","518","4.35","16.0","56","461","0","0","3","0","0","0.0","0.0","0","0.0","0.019139","0","33","1","34","0.065637","0","","0","0.0","","0","0.0","","0","0.0",""
"true_533","533","0","real","213","12","1291","4.94","17.75","47","1243","1","0","8","4","0","0.004695","0.0","1","0.004695","0.040038","0","74","2","76","0.058869","0","","0","0.0","","0","0.0","","3","0.014085","thuhet"
"true_534","534","0","real","211","11","1335","5.21","19.18","65","1269","2","0","14","7","0","0.009479","0.0","1","0.004739","0.040036","0","94","2","96","0.07191","0","","0","0.0","","0","0.0","","0","0.0",""
"true_535","535","0","real","154","8","856","4.45","19.25","39","816","0","1","11","4","0","0.0","0.006494","0","0.0","0.032164","0","73","1","74","0.086449","0","","0","0.0","","0","0.0","","1","0.006494","thuhet"
"true_536","536","0","real","87","4","495","4.66","21.75","47","447","0","0","3","0","0","0.0","0.0","0","0.0","0.024691","0","41","5","46","0.092929","0","","0","0.0","","0","0.0","","0","0.0",""
"true_537","537","0","real","81","3","434","4.22","27.0","48","385","0","0","4","2","0","0.0","0.0","0","0.0","0.04386","0","31","1","32","0.073733","0","","0","0.0","","0","0.0","","0","0.0",""
"true_538","538","0","real","89","6","474","4.28","14.83","53","420","0","1","3","0","0","0.0","0.011236","0","0.0","0.028871","0","38","2","40","0.084388","0","","0","0.0","","0","0.0","","0","0.0",""
"true_539","539","0","real","166","7","939","4.55","23.71","89","849","0","0","12","4","3","0.0","0.0","0","0.0","0.023841","0","58","0","58","0.061768","0","","0","0.0","","0","0.0","","0","0.0",""
"true_540","540","0","real","113","7","639","4.58","16.14","57","581","0","0","5","2","0","0.0","0.0","0","0.0","0.025194","0","31","1","32","0.050078","0","","0","0.0","","0","0.0","","0","0.0",""
"true_541","541","0","real","70","4","380","4.29","17.5","38","341","0","0","0","2","0","0.0","0.0","0","0.0","0.033333","0","24","0","24","0.063158","0","","0","0.0","","0","0.0","","0","0.0",""
"true_542","542","0","real","224","9","1269","4.6","24.89","41","1227","0","0","11","0","0","0.0","0.0","0","0.0","0.024295","0","92","3","95","0.074862","0","","0","0.0","","0","0.0","","0","0.0",""
"true_543","543","0","real","740","33","4124","4.47","22.42","67","4056","2","1","33","2","0","0.002703","0.001351","0","0.0","0.010574","0","429","10","439","0.10645","0","","0","0.0","","0","0.0","","11","0.014865","mund të"
"true_544","544","0","real","72","6","415","4.58","12.0","67","347","1","0","5","0","0","0.013889","0.0","0","0.0","0.027273","0","33","0","33","0.079518","0","","0","0.0","","1","0.013889","sipas","0","0.0",""
"true_545","545","0","real","203","10","1246","5.04","20.3","77","1168","0","0","10","8","0","0.0","0.0","0","0.0","0.022461","0","107","0","107","0.085875","0","","0","0.0","","0","0.0","","6","0.029557","mund të"
"true_546","546","0","real","119","5","695","4.5","23.8","75","619","1","0","5","0","0","0.008403","0.0","0","0.0","0.028037","0","46","0","46","0.066187","0","","0","0.0","","0","0.0","","2","0.016807","mund të"
"true_547","547","0","real","77","4","414","4.31","19.25","54","359","0","0","4","0","0","0.0","0.0","0","0.0","0.024096","0","42","1","43","0.103865","0","","0","0.0","","0","0.0","","1","0.012987","mund të"
"true_548","548","0","real","318","18","1841","4.59","17.67","39","1801","0","0","17","16","0","0.0","0.0","0","0.0","0.03217","0","135","6","141","0.076589","0","","0","0.0","","1","0.003145","deklaroi","2","0.006289","thuhet, mund të"
"true_549","549","0","real","790","37","4658","4.81","21.35","69","4588","0","0","21","0","0","0.0","0.0","0","0.0","0.012902","0","416","6","422","0.090597","0","","0","0.0","","3","0.003797","sipas, studimi","7","0.008861","mund të"
"true_550","550","0","real","121","6","667","4.4","20.17","62","604","1","1","11","0","0","0.008264","0.008264","0","0.0","0.016917","0","68","3","71","0.106447","0","","0","0.0","","0","0.0","","3","0.024793","ndoshta, mund të"
"true_551","551","0","real","122","8","725","4.85","15.25","48","676","0","0","9","0","0","0.0","0.0","0","0.0","0.02027","0","52","2","54","0.074483","0","","0","0.0","","0","0.0","","0","0.0",""
"true_552","552","0","real","265","11","1472","4.46","24.09","65","1406","0","0","11","2","0","0.0","0.0","0","0.0","0.020356","0","105","3","108","0.07337","0","","1","0.003774","nuk do ta besoni","0","0.0","","1","0.003774","mund të"
"true_553","553","0","real","86","6","496","4.71","14.33","37","458","0","0","3","0","0","0.0","0.0","0","0.0","0.034568","0","35","0","35","0.070565","0","","0","0.0","","0","0.0","","0","0.0",""
"true_554","554","0","real","105","4","791","6.21","26.25","63","727","0","0","1","2","0","0.0","0.0","0","0.0","0.076805","0","58","6","64","0.08091","0","","0","0.0","","0","0.0","","0","0.0",""
"true_555","555","0","real","88","5","499","4.62","17.6","56","442","0","0","4","0","0","0.0","0.0","0","0.0","0.022113","0","37","0","37","0.074148","0","","0","0.0","","0","0.0","","0","0.0",""
"true_556","556","0","real","283","13","1640","4.61","21.77","55","1584","1","2","23","0","0","0.003534","0.007067","0","0.0","0.035276","0","104","5","109","0.066463","0","","0","0.0","","2","0.007067","sipas","1","0.003534","mund të"
"true_557","557","0","real","55","3","301","4.45","18.33","42","258","0","0","1","0","0","0.0","0.0","0","0.0","0.02449","0","26","0","26","0.086379","0","","0","0.0","","0","0.0","","0","0.0",""
"true_558","558","0","real","97","5","505","4.13","19.4","51","453","0","0","4","2","0","0.0","0.0","0","0.0","0.027431","0","39","1","40","0.079208","0","","0","0.0","","0","0.0","","0","0.0",""
"true_559","559","0","real","906","57","5239","4.64","15.89","131","5107","2","0","66","29","0","0.002208","0.0","6","0.006623","0.032151","0","370","7","377","0.07196","0","","0","0.0","","0","0.0","","3","0.003311","ndoshta, mund të"
"true_560","560","0","real","244","12","1404","4.63","20.33","91","1312","0","2","14","6","0","0.0","0.008197","3","0.012295","0.046986","0","79","9","88","0.062678","0","","0","0.0","","0","0.0","","0","0.0",""
"true_561","561","0","real","178","9","1018","4.56","19.78","66","951","0","0","14","14","0","0.0","0.0","0","0.0","0.045623","0","62","4","66","0.064833","0","","0","0.0","","0","0.0","","0","0.0",""
"true_562","562","0","real","133","6","711","4.31","22.17","47","663","0","0","4","0","0","0.0","0.0","0","0.0","0.020942","0","59","1","60","0.084388","0","","0","0.0","","0","0.0","","0","0.0",""
"true_563","563","0","real","83","4","484","4.64","20.75","47","436","0","0","5","2","0","0.0","0.0","0","0.0","0.031169","0","33","1","34","0.070248","0","","0","0.0","","0","0.0","","0","0.0",""
"true_564","564","0","real","106","4","660","5.17","26.5","65","594","0","0","0","0","0","0.0","0.0","0","0.0","0.060219","0","56","0","56","0.084848","0","","0","0.0","","0","0.0","","0","0.0",""
"true_565","565","0","real","90","4","492","4.41","22.5","44","447","0","0","3","2","0","0.0","0.0","0","0.0","0.015113","0","33","1","34","0.069106","0","","0","0.0","","0","0.0","","0","0.0",""
"true_566","566","0","real","186","6","1060","4.59","31.0","81","978","0","0","13","2","0","0.0","0.0","0","0.0","0.024619","0","91","1","92","0.086792","0","","0","0.0","","1","0.005376","sipas","1","0.005376","mund të"
"true_567","567","0","real","91","5","508","4.54","18.2","50","457","0","0","4","0","0","0.0","0.0","0","0.0","0.026634","0","42","2","44","0.086614","0","","0","0.0","","0","0.0","","0","0.0",""
"true_568","568","0","real","161","8","830","4.01","20.12","98","731","0","0","4","2","1","0.0","0.0","0","0.0","0.023256","0","59","1","60","0.072289","0","","0","0.0","","0","0.0","","1","0.006211","mund të"
"true_569","569","0","real","248","11","1287","3.97","22.55","37","1249","0","0","13","12","0","0.0","0.0","0","0.0","0.031504","0","93","8","101","0.078477","0","","0","0.0","","0","0.0","","2","0.008065","mund të"
"true_570","570","0","real","48","3","284","4.85","16.0","49","234","0","0","3","0","0","0.0","0.0","0","0.0","0.030043","0","21","0","21","0.073944","0","","0","0.0","","0","0.0","","0","0.0",""
"true_571","571","0","real","212","15","1147","4.35","14.13","50","1096","0","0","4","7","0","0.0","0.0","0","0.0","0.029252","0","85","0","85","0.074106","0","","0","0.0","","0","0.0","","0","0.0",""
"true_572","572","0","real","140","6","754","4.32","23.33","58","695","0","0","5","4","0","0.0","0.0","0","0.0","0.047934","0","51","1","52","0.068966","0","","0","0.0","","0","0.0","","1","0.007143","mund të"
"true_573","573","0","real","461","26","2751","4.77","17.73","74","2676","1","0","33","1","0","0.002169","0.0","5","0.010846","0.029572","0","237","4","241","0.087605","0","","0","0.0","","0","0.0","","4","0.008677","mund të"
"true_574","574","0","real","189","6","1109","4.69","31.5","109","999","0","0","6","2","0","0.0","0.0","2","0.010582","0.029345","0","85","2","87","0.078449","0","","0","0.0","","0","0.0","","0","0.0",""
"true_575","575","0","real","185","11","1038","4.53","16.82","49","988","0","0","9","4","0","0.0","0.0","0","0.0","0.02506","0","79","1","80","0.077071","0","","0","0.0","","0","0.0","","0","0.0",""
"true_576","576","0","real","106","11","616","4.58","9.64","73","542","0","0","7","2","0","0.0","0.0","2","0.018868","0.065979","0","42","3","45","0.073052","0","","0","0.0","","1","0.009434","sipas","0","0.0",""
"true_577","577","0","real","87","5","466","4.26","17.4","37","428","0","0","3","2","0","0.0","0.0","0","0.0","0.024259","0","38","0","38","0.081545","0","","0","0.0","","0","0.0","","0","0.0",""
"true_578","578","0","real","179","9","1096","4.83","19.89","76","1019","0","0","9","2","0","0.0","0.0","2","0.011173","0.038194","0","97","0","97","0.088504","0","","0","0.0","","0","0.0","","1","0.005587","thuhet"
"true_579","579","0","real","546","26","3306","4.84","21.0","59","3246","0","5","73","0","0","0.0","0.009158","4","0.007326","0.053369","0","208","9","217","0.065638","0","","0","0.0","","0","0.0","","3","0.005495","mund të"
"true_580","580","0","real","129","5","703","4.24","25.8","74","628","0","0","9","12","0","0.0","0.0","0","0.0","0.053016","0","43","0","43","0.061166","0","","0","0.0","","0","0.0","","0","0.0",""
"true_581","581","0","real","112","7","557","3.88","16.0","56","500","0","0","6","4","0","0.0","0.0","0","0.0","0.032184","0","40","0","40","0.071813","0","","0","0.0","","0","0.0","","0","0.0",""
"true_582","582","0","real","1095","53","6495","4.85","20.66","63","6431","0","1","39","15","0","0.0","0.000913","3","0.00274","0.024289","0","488","5","493","0.075905","0","","0","0.0","","9","0.008219","sipas, ministria","5","0.004566","mund të"
"true_583","583","0","real","241","17","1388","4.61","14.18","41","1346","1","0","11","0","0","0.004149","0.0","0","0.0","0.035135","0","93","0","93","0.067003","0","","0","0.0","","0","0.0","","0","0.0",""
"true_584","584","0","real","76","9","398","4.21","8.44","39","358","0","0","3","0","0","0.0","0.0","0","0.0","0.01875","0","34","1","35","0.08794","0","","0","0.0","","0","0.0","","0","0.0",""
"true_585","585","0","real","152","10","822","4.32","15.2","65","756","0","0","8","6","0","0.0","0.0","5","0.032895","0.070444","0","50","1","51","0.062044","0","","0","0.0","","0","0.0","","0","0.0",""
"true_586","586","0","real","206","17","1248","5.01","12.12","52","1195","0","0","6","4","0","0.0","0.0","0","0.0","0.018411","0","103","3","106","0.084936","0","","0","0.0","","0","0.0","","4","0.019417","mund të"
"true_587","587","0","real","178","7","952","4.3","25.43","93","858","0","0","7","2","0","0.0","0.0","0","0.0","0.019608","0","76","0","76","0.079832","0","","1","0.005618","e pabesueshme","1","0.005618","sipas","1","0.005618","mund të"
"true_588","588","0","real","96","7","551","4.68","13.71","56","494","0","0","4","0","0","0.0","0.0","0","0.0","0.024499","0","38","0","38","0.068966","0","","0","0.0","","0","0.0","","0","0.0",""
"true_589","589","0","real","126","6","685","4.37","21.0","59","625","0","0","5","2","0","0.0","0.0","0","0.0","0.021818","0","30","3","33","0.048175","0","","0","0.0","","0","0.0","","0","0.0",""
"true_590","590","0","real","69","4","342","3.9","17.25","32","309","0","0","3","0","0","0.0","0.0","0","0.0","0.026022","0","29","0","29","0.084795","0","","0","0.0","","0","0.0","","0","0.0",""
"true_591","591","0","real","128","8","715","4.53","16.0","55","659","0","0","6","0","0","0.0","0.0","0","0.0","0.027586","0","57","1","58","0.081119","0","","0","0.0","","0","0.0","","0","0.0",""
"true_592","592","0","real","90","7","545","4.9","12.86","65","479","1","0","5","0","0","0.011111","0.0","0","0.0","0.020408","0","27","0","27","0.049541","0","","0","0.0","","0","0.0","","0","0.0",""
"true_593","593","0","real","68","4","397","4.75","17.0","40","356","0","0","4","0","0","0.0","0.0","0","0.0","0.03096","0","20","0","20","0.050378","0","","0","0.0","","0","0.0","","0","0.0",""
"true_594","594","0","real","210","13","1187","4.5","16.15","86","1100","0","0","10","2","0","0.0","0.0","4","0.019048","0.038136","0","87","3","90","0.075821","0","","0","0.0","","0","0.0","","0","0.0",""
"true_595","595","0","real","78","5","394","3.97","15.6","38","355","0","0","2","4","0","0.0","0.0","0","0.0","0.032258","0","29","1","30","0.076142","0","","0","0.0","","0","0.0","","0","0.0",""
"true_596","596","0","real","190","7","1043","4.39","27.14","68","974","0","0","6","3","0","0.0","0.0","0","0.0","0.033654","0","70","1","71","0.068073","0","","0","0.0","","0","0.0","","3","0.015789","mund të"
"true_597","597","0","real","149","9","845","4.58","16.56","77","767","0","2","7","4","0","0.0","0.013423","0","0.0","0.029326","0","49","0","49","0.057988","0","","0","0.0","","0","0.0","","0","0.0",""
"true_598","598","0","real","513","29","2818","4.41","17.69","45","2772","0","4","28","0","0","0.0","0.007797","1","0.001949","0.014178","0","277","2","279","0.099006","0","","0","0.0","","0","0.0","","0","0.0",""
"true_599","599","0","real","198","8","1184","4.86","24.75","65","1118","0","0","7","2","0","0.0","0.0","0","0.0","0.018711","0","73","1","74","0.0625","0","","0","0.0","","2","0.010101","sipas","0","0.0",""
"true_600","600","0","real","1467","92","9074","4.97","15.95","60","9013","0","5","75","28","0","0.0","0.003408","27","0.018405","0.043293","0","693","12","705","0.077695","0","","0","0.0","","4","0.002727","sipas, raporti","22","0.014997","ndoshta, mund të"
"true_601","601","0","real","317","13","1916","4.9","24.38","85","1830","0","0","18","6","0","0.0","0.0","4","0.012618","0.039329","0","129","1","130","0.06785","0","","0","0.0","","3","0.009464","sipas, raportoi","13","0.041009","ndoshta, mund të"
"true_602","602","0","real","67","7","422","4.9","9.57","43","378","0","0","2","2","0","0.0","0.0","0","0.0","0.042813","0","24","0","24","0.056872","0","","0","0.0","","0","0.0","","1","0.014925","thuhet"
"true_603","603","0","real","401","13","2186","4.35","30.85","76","2109","0","0","13","6","0","0.0","0.0","0","0.0","0.021789","0","190","4","194","0.088747","0","","0","0.0","","0","0.0","","0","0.0",""
"true_604","604","0","real","258","17","1434","4.51","15.18","66","1367","0","0","8","4","0","0.0","0.0","1","0.003876","0.036973","0","103","1","104","0.072524","0","","0","0.0","","0","0.0","","5","0.01938","mund të"
"true_605","605","0","real","190","9","1037","4.38","21.11","102","934","0","0","10","2","0","0.0","0.0","0","0.0","0.036101","0","80","0","80","0.077146","0","","0","0.0","","0","0.0","","0","0.0",""
"true_606","606","0","real","121","5","627","4.0","24.2","90","536","1","0","7","12","0","0.008264","0.0","0","0.0","0.033058","0","31","0","31","0.049442","0","","0","0.0","","0","0.0","","0","0.0",""
"true_607","607","0","real","218","12","1183","4.37","18.17","33","1149","0","0","7","5","0","0.0","0.0","2","0.009174","0.046267","0","83","1","84","0.071006","0","","0","0.0","","0","0.0","","3","0.013761","mund të"
"true_608","608","0","real","170","10","1106","5.35","17.0","38","1067","0","1","16","0","0","0.0","0.005882","0","0.0","0.022002","0","99","3","102","0.092224","0","","0","0.0","","0","0.0","","0","0.0",""
"true_609","609","0","real","81","5","465","4.63","16.2","80","384","0","0","3","0","0","0.0","0.0","0","0.0","0.048","0","33","0","33","0.070968","0","","0","0.0","","0","0.0","","0","0.0",""
"true_610","610","0","real","81","7","475","4.67","11.57","43","431","0","0","4","2","0","0.0","0.0","0","0.0","0.055556","0","28","0","28","0.058947","0","","0","0.0","","0","0.0","","0","0.0",""
"true_611","611","0","real","187","11","1115","4.81","17.0","71","1043","0","0","14","0","0","0.0","0.0","2","0.010695","0.027809","0","72","4","76","0.068161","0","","1","0.005348","e pabesueshme","1","0.005348","sipas","2","0.010695","mund të"
"true_612","612","0","real","163","8","1053","5.28","20.38","58","994","0","1","6","0","0","0.0","0.006135","1","0.006135","0.048894","0","86","1","87","0.082621","0","","0","0.0","","3","0.018405","sipas, studimi","1","0.006135","mund të"
"true_613","613","0","real","263","16","1392","4.22","16.44","63","1328","4","0","14","2","0","0.015209","0.0","0","0.0","0.035199","0","96","0","96","0.068966","0","","0","0.0","","0","0.0","","0","0.0",""
"true_614","614","0","real","75","5","422","4.6","15.0","72","349","0","0","2","0","0","0.0","0.0","0","0.0","0.04058","0","37","0","37","0.087678","0","","0","0.0","","0","0.0","","0","0.0",""
"true_615","615","0","real","558","26","3253","4.66","21.46","44","3208","0","0","31","4","0","0.0","0.0","0","0.0","0.02348","0","257","5","262","0.080541","0","","0","0.0","","1","0.001792","sipas","4","0.007168","thuhet, mund të"
"true_616","616","0","real","90","5","503","4.52","18.0","77","425","0","0","2","0","0","0.0","0.0","0","0.0","0.041872","0","30","1","31","0.06163","0","","0","0.0","","0","0.0","","0","0.0",""
"true_617","617","0","real","184","8","1124","4.95","23.0","84","1039","0","0","13","0","0","0.0","0.0","2","0.01087","0.033003","0","75","3","78","0.069395","0","","0","0.0","","1","0.005435","sipas","2","0.01087","mund të"
"true_618","618","0","real","244","12","1465","4.89","20.33","69","1395","0","1","15","10","0","0.0","0.004098","0","0.0","0.041982","0","75","2","77","0.05256","0","","0","0.0","","0","0.0","","0","0.0",""
"true_619","619","0","real","167","6","1049","5.16","27.83","80","968","0","0","12","6","0","0.0","0.0","0","0.0","0.039535","0","56","0","56","0.053384","0","","0","0.0","","0","0.0","","0","0.0",""
"true_620","620","0","real","208","7","1166","4.57","29.71","71","1094","0","0","5","2","0","0.0","0.0","0","0.0","0.050686","0","84","2","86","0.073756","0","","0","0.0","","0","0.0","","0","0.0",""
"true_621","621","0","real","140","5","796","4.58","28.0","37","758","0","0","6","0","0","0.0","0.0","4","0.028571","0.049922","0","47","0","47","0.059045","0","","0","0.0","","0","0.0","","0","0.0",""
"true_622","622","0","real","102","8","596","4.77","12.75","35","560","0","0","6","0","0","0.0","0.0","0","0.0","0.024641","0","41","1","42","0.07047","0","","0","0.0","","0","0.0","","0","0.0",""
"true_623","623","0","real","126","7","690","4.33","18.0","83","606","1","0","8","2","0","0.007937","0.0","0","0.0","0.033088","0","67","0","67","0.097101","1","nje","0","0.0","","1","0.007937","sipas","1","0.007937","mund të"
"true_624","624","0","real","582","43","3545","4.74","13.53","105","3439","0","0","35","0","0","0.0","0.0","1","0.001718","0.020297","0","297","9","306","0.086319","0","","0","0.0","","0","0.0","","1","0.001718","ndoshta"
"true_625","625","0","real","94","5","538","4.68","18.8","40","497","0","0","4","0","0","0.0","0.0","0","0.0","0.027273","0","42","2","44","0.081784","0","","0","0.0","","0","0.0","","0","0.0",""
"true_626","626","0","real","72","6","390","4.38","12.0","63","326","0","1","2","0","0","0.0","0.013889","0","0.0","0.038095","0","43","1","44","0.112821","0","","0","0.0","","0","0.0","","0","0.0",""
"true_627","627","0","real","588","34","3723","5.11","17.29","47","3675","1","1","41","48","6","0.001701","0.001701","0","0.0","0.041916","0","289","1","290","0.077894","0","","0","0.0","","0","0.0","","0","0.0",""
"true_628","628","0","real","115","6","628","4.37","19.17","59","568","0","0","6","4","0","0.0","0.0","0","0.0","0.023904","0","35","0","35","0.055732","0","","0","0.0","","0","0.0","","0","0.0",""
"true_629","629","0","real","436","21","2803","5.16","20.76","55","2747","0","0","29","3","0","0.0","0.0","9","0.020642","0.046222","0","211","1","212","0.075633","0","","1","0.002294","urgjente","2","0.004587","sipas, bëri të ditur","1","0.002294","mund të"
"true_630","630","0","real","73","4","383","4.21","18.25","42","340","0","0","3","0","0","0.0","0.0","0","0.0","0.022801","0","47","1","48","0.125326","0","","0","0.0","","0","0.0","","0","0.0",""
"true_631","631","0","real","476","29","2866","4.94","16.41","50","2815","0","0","8","0","0","0.0","0.0","0","0.0","0.017865","0","242","1","243","0.084787","0","","0","0.0","","0","0.0","","0","0.0",""
"true_632","632","0","real","114","7","640","4.45","16.29","42","597","1","0","8","6","1","0.008772","0.0","0","0.0","0.047337","0","48","1","49","0.076563","0","","0","0.0","","0","0.0","","0","0.0",""
"true_633","633","0","real","248","18","1453","4.72","13.78","77","1375","1","0","20","0","1","0.004032","0.0","2","0.008065","0.034159","0","106","2","108","0.074329","0","","0","0.0","","1","0.004032","sipas","0","0.0",""
"true_634","634","0","real","126","11","728","4.5","11.45","61","666","2","0","5","2","0","0.015873","0.0","2","0.015873","0.070547","0","50","1","51","0.070055","0","","0","0.0","","0","0.0","","1","0.007937","thuhet"
"true_635","635","0","real","166","11","964","4.5","15.09","98","865","0","0","9","0","0","0.0","0.0","3","0.018072","0.044177","0","80","0","80","0.082988","0","","0","0.0","","2","0.012048","sipas, policia","0","0.0",""
"true_636","636","0","real","365","35","1979","4.34","10.43","93","1885","0","3","6","12","0","0.0","0.008219","0","0.0","0.027778","0","122","3","125","0.063163","0","","0","0.0","","1","0.00274","sipas","1","0.00274","mund të"
"true_637","637","0","real","746","60","4204","4.62","12.43","41","4162","0","0","4","0","0","0.0","0.0","0","0.0","0.019448","0","126","9","135","0.032112","0","","0","0.0","","0","0.0","","0","0.0",""
"true_638","638","0","real","132","4","768","4.6","33.0","43","724","0","0","9","0","0","0.0","0.0","0","0.0","0.038017","0","56","5","61","0.079427","0","","0","0.0","","0","0.0","","0","0.0",""
"true_639","639","0","real","330","16","1902","4.41","20.62","67","1834","0","0","27","2","0","0.0","0.0","6","0.018182","0.047455","0","151","1","152","0.079916","0","","0","0.0","","0","0.0","","1","0.00303","thuhet"
"true_640","640","0","real","180","6","1041","4.68","30.0","89","951","0","0","8","2","0","0.0","0.0","0","0.0","0.016607","0","78","2","80","0.076849","0","","0","0.0","","2","0.011111","sipas","1","0.005556","mund të"
"true_641","641","0","real","147","6","889","4.9","24.5","78","810","0","0","8","2","0","0.0","0.0","2","0.013605","0.026352","0","63","1","64","0.071991","0","","0","0.0","","0","0.0","","2","0.013605","mund të"
"true_642","642","0","real","98","6","526","4.29","16.33","42","483","0","0","4","4","0","0.0","0.0","0","0.0","0.033333","0","44","2","46","0.087452","0","","0","0.0","","0","0.0","","0","0.0",""
"true_643","643","0","real","168","9","910","4.32","18.67","47","862","0","0","9","4","0","0.0","0.0","2","0.011905","0.028966","0","51","2","53","0.058242","1","nje","0","0.0","","0","0.0","","0","0.0",""
"true_644","644","0","real","82","4","449","4.41","20.5","84","364","0","0","4","0","0","0.0","0.0","0","0.0","0.038674","0","22","1","23","0.051225","0","","0","0.0","","0","0.0","","0","0.0",""
"true_645","645","0","real","48","5","244","4.04","9.6","27","216","0","1","1","0","0","0.0","0.020833","0","0.0","0.036082","0","14","1","15","0.061475","0","","0","0.0","","0","0.0","","0","0.0",""
"true_646","646","0","real","103","6","665","5.18","17.17","74","590","0","0","8","0","0","0.0","0.0","1","0.009709","0.033708","0","48","0","48","0.07218","0","","0","0.0","","0","0.0","","0","0.0",""
"true_647","647","0","real","237","10","1463","4.96","23.7","57","1405","0","0","19","0","0","0.0","0.0","3","0.012658","0.026361","0","110","1","111","0.075871","0","","0","0.0","","1","0.004219","sipas","2","0.008439","mund të"
"true_648","648","0","real","228","10","1262","4.48","22.8","59","1202","1","0","7","2","0","0.004386","0.0","0","0.0","0.013699","0","97","5","102","0.080824","0","","1","0.004386","shokuese","0","0.0","","1","0.004386","mund të"
"true_649","649","0","real","268","15","1739","5.37","17.87","66","1672","0","0","11","8","0","0.0","0.0","1","0.003731","0.044537","0","128","3","131","0.075331","0","","0","0.0","","1","0.003731","sipas","2","0.007463","thuhet"
"true_650","650","0","real","457","17","2346","4.05","26.88","99","2246","0","0","17","4","0","0.0","0.0","0","0.0","0.021104","0","168","5","173","0.073743","2","per, nje","0","0.0","","0","0.0","","3","0.006565","mund të"
"true_651","651","0","real","669","39","3366","3.93","17.15","110","3255","8","0","33","1","1","0.011958","0.0","0","0.0","0.017884","0","293","8","301","0.089424","0","","0","0.0","","0","0.0","","2","0.00299","mund të"
"true_652","652","0","real","93","5","520","4.49","18.6","33","486","0","0","9","0","0","0.0","0.0","0","0.0","0.021531","0","38","0","38","0.073077","0","","0","0.0","","0","0.0","","0","0.0",""
"true_653","653","0","real","126","9","669","4.18","14.0","40","628","0","2","5","2","0","0.0","0.015873","0","0.0","0.037951","0","46","0","46","0.068759","0","","0","0.0","","0","0.0","","1","0.007937","ndoshta"
"true_654","654","0","real","118","6","652","4.47","19.67","47","604","0","1","6","0","0","0.0","0.008475","0","0.0","0.030361","0","50","4","54","0.082822","0","","0","0.0","","0","0.0","","0","0.0",""
"true_655","655","0","real","277","20","1561","4.47","13.85","59","1501","1","0","16","0","0","0.00361","0.0","0","0.0","0.010501","0","120","3","123","0.078796","0","","0","0.0","","0","0.0","","4","0.01444","ndoshta, mund të"
"true_656","656","0","real","146","10","978","4.98","14.6","39","938","0","0","19","0","0","0.0","0.0","1","0.006849","0.045455","0","47","1","48","0.04908","0","","0","0.0","","0","0.0","","0","0.0",""
"true_657","657","0","real","97","7","520","4.28","13.86","65","454","0","0","5","2","0","0.0","0.0","0","0.0","0.036145","0","35","0","35","0.067308","0","","0","0.0","","0","0.0","","0","0.0",""
"true_658","658","0","real","131","11","822","4.69","11.91","45","776","0","0","9","0","0","0.0","0.0","4","0.030534","0.073529","0","53","1","54","0.065693","0","","0","0.0","","0","0.0","","0","0.0",""
"true_659","659","0","real","108","7","590","4.42","15.43","45","544","0","1","3","0","0","0.0","0.009259","0","0.0","0.020964","0","35","0","35","0.059322","0","","0","0.0","","0","0.0","","0","0.0",""
"true_660","660","0","real","259","6","1549","4.76","43.17","72","1476","0","0","15","2","0","0.0","0.0","10","0.03861","0.05515","0","146","1","147","0.0949","0","","0","0.0","","1","0.003861","ministria","1","0.003861","thuhet"
"true_661","661","0","real","747","47","4319","4.69","15.89","49","4269","0","0","12","0","0","0.0","0.0","0","0.0","0.015977","0","374","4","378","0.08752","0","","0","0.0","","0","0.0","","2","0.002677","mund të"
"true_662","662","0","real","119","8","662","4.51","14.88","48","613","0","0","5","0","0","0.0","0.0","0","0.0","0.031657","0","49","0","49","0.074018","0","","0","0.0","","0","0.0","","0","0.0",""
"true_663","663","0","real","277","15","1677","4.96","18.47","50","1626","0","1","19","0","0","0.0","0.00361","1","0.00361","0.014545","0","115","0","115","0.068575","0","","0","0.0","","1","0.00361","sipas","0","0.0",""
"true_664","664","0","real","105","5","561","4.28","21.0","66","494","0","0","7","0","0","0.0","0.0","0","0.0","0.037862","0","38","0","38","0.067736","0","","0","0.0","","0","0.0","","0","0.0",""
"true_665","665","0","real","84","9","449","4.3","9.33","41","407","0","0","2","0","0","0.0","0.0","0","0.0","0.030471","0","37","0","37","0.082405","0","","0","0.0","","0","0.0","","0","0.0",""
"true_666","666","0","real","450","32","2418","4.34","14.06","41","2376","0","0","12","0","0","0.0","0.0","0","0.0","0.018433","0","215","2","217","0.089744","0","","0","0.0","","1","0.002222","sipas","2","0.004444","mund të"
"true_667","667","0","real","121","9","695","4.69","13.44","67","627","0","0","0","0","0","0.0","0.0","3","0.024793","0.06338","0","53","1","54","0.077698","0","","0","0.0","","1","0.008264","raporti","0","0.0",""
"true_668","668","0","real","223","9","1320","4.68","24.78","38","1281","0","0","13","2","0","0.0","0.0","0","0.0","0.021073","0","92","0","92","0.069697","0","","0","0.0","","0","0.0","","0","0.0",""
"true_669","669","0","real","104","7","556","4.32","14.86","60","495","0","0","2","0","0","0.0","0.0","0","0.0","0.017817","0","38","1","39","0.070144","0","","0","0.0","","1","0.009615","bëri të ditur","0","0.0",""
"true_670","670","0","real","176","8","1054","4.84","22.0","60","993","0","0","15","4","1","0.0","0.0","0","0.0","0.030588","0","71","7","78","0.074004","0","","0","0.0","","0","0.0","","0","0.0",""
"true_671","671","0","real","100","3","561","4.49","33.33","55","505","0","0","5","2","0","0.0","0.0","0","0.0","0.042316","0","40","0","40","0.071301","0","","0","0.0","","0","0.0","","0","0.0",""
"true_672","672","0","real","409","23","2312","4.55","17.78","60","2251","0","1","23","0","0","0.0","0.002445","0","0.0","0.013426","0","208","4","212","0.091696","0","","0","0.0","","0","0.0","","5","0.012225","mund të"
"true_673","673","0","real","306","15","1680","4.38","20.4","127","1552","2","0","17","12","0","0.006536","0.0","0","0.0","0.038088","0","136","13","149","0.08869","0","","0","0.0","","0","0.0","","0","0.0",""
"true_674","674","0","real","279","12","1607","4.66","23.25","94","1512","0","0","16","12","0","0.0","0.0","2","0.007168","0.025404","0","127","1","128","0.079652","0","","0","0.0","","1","0.003584","sipas","0","0.0",""
"true_675","675","0","real","55","4","306","4.47","13.75","45","260","0","1","4","0","0","0.0","0.018182","0","0.0","0.03252","0","30","1","31","0.101307","0","","0","0.0","","0","0.0","","1","0.018182","mund të"
"true_676","676","0","real","95","8","552","4.75","11.88","66","485","0","0","3","2","0","0.0","0.0","1","0.010526","0.035477","0","41","0","41","0.074275","0","","0","0.0","","0","0.0","","0","0.0",""
"true_677","677","0","real","98","5","551","4.51","19.6","55","495","0","0","5","6","0","0.0","0.0","0","0.0","0.020362","0","35","0","35","0.063521","0","","0","0.0","","0","0.0","","0","0.0",""
"true_678","678","0","real","154","9","910","4.79","17.11","70","839","0","0","7","6","0","0.0","0.0","0","0.0","0.023098","0","70","2","72","0.079121","0","","0","0.0","","0","0.0","","0","0.0",""
"true_679","679","0","real","146","6","810","4.42","24.33","73","736","0","0","10","0","0","0.0","0.0","0","0.0","0.02322","0","61","5","66","0.081481","0","","0","0.0","","0","0.0","","0","0.0",""
"true_680","680","0","real","394","14","2263","4.66","28.14","104","2158","0","0","20","6","0","0.0","0.0","0","0.0","0.018519","0","146","7","153","0.067609","0","","0","0.0","","3","0.007614","sipas","0","0.0",""
"true_681","681","0","real","99","10","514","4.18","9.9","39","474","0","0","1","0","0","0.0","0.0","0","0.0","0.033816","0","27","1","28","0.054475","0","","0","0.0","","0","0.0","","0","0.0",""
"true_682","682","0","real","322","10","1702","4.17","32.2","57","1644","4","0","19","2","0","0.012422","0.0","0","0.0","0.014158","0","121","2","123","0.072268","1","eshte","0","0.0","","0","0.0","","1","0.003106","thuhet"
"true_683","683","0","real","261","9","1485","4.63","29.0","31","1453","0","0","10","4","0","0.0","0.0","0","0.0","0.016556","0","112","2","114","0.076768","0","","0","0.0","","0","0.0","","0","0.0",""
"true_684","684","0","real","454","34","2744","4.91","13.35","83","2660","0","0","15","8","0","0.0","0.0","2","0.004405","0.027367","0","184","2","186","0.067784","0","","0","0.0","","1","0.002203","studimi","0","0.0",""
"true_685","685","0","real","214","9","1214","4.53","23.78","101","1112","0","0","11","8","0","0.0","0.0","3","0.014019","0.04644","0","98","0","98","0.080725","0","","0","0.0","","1","0.004673","ministria","0","0.0",""
"true_686","686","0","real","317","13","1953","4.92","24.38","66","1886","0","0","29","8","0","0.0","0.0","0","0.0","0.023718","0","140","0","140","0.071685","0","","0","0.0","","7","0.022082","sipas, raportoi, ministria","2","0.006309","thuhet, mund të"
"true_687","687","0","real","270","11","1587","4.69","24.55","95","1491","0","0","16","6","1","0.0","0.0","1","0.003704","0.03083","0","100","1","101","0.063642","0","","0","0.0","","2","0.007407","sipas","0","0.0",""
"true_688","688","0","real","234","13","1445","4.79","18.0","95","1349","0","0","13","4","0","0.0","0.0","2","0.008547","0.037433","0","88","0","88","0.0609","0","","0","0.0","","0","0.0","","0","0.0",""
"true_689","689","0","real","147","9","785","4.26","16.33","64","720","0","0","4","0","0","0.0","0.0","0","0.0","0.027157","0","66","3","69","0.087898","0","","0","0.0","","0","0.0","","0","0.0",""
"true_690","690","0","real","368","8","2187","4.87","46.0","74","2112","0","0","17","6","0","0.0","0.0","1","0.002717","0.039731","0","125","3","128","0.058528","0","","0","0.0","","2","0.005435","sipas","2","0.005435","mund të"
"true_691","691","0","real","200","4","1236","4.82","50.0","66","1169","0","0","17","2","0","0.0","0.0","3","0.015","0.032225","0","96","3","99","0.080097","0","","0","0.0","","1","0.005","sipas","0","0.0",""
"true_692","692","0","real","138","10","763","4.46","13.8","39","723","1","2","4","0","0","0.007246","0.014493","0","0.0","0.022764","0","57","0","57","0.074705","0","","1","0.007246","e pabesueshme","0","0.0","","0","0.0",""
"true_693","693","0","real","530","43","3016","4.59","12.33","53","2962","0","0","37","12","0","0.0","0.0","2","0.003774","0.036641","0","207","9","216","0.071618","0","","0","0.0","","0","0.0","","1","0.001887","mund të"
"true_694","694","0","real","117","6","627","4.28","19.5","61","565","0","0","4","0","0","0.0","0.0","0","0.0","0.031936","0","40","0","40","0.063796","0","","0","0.0","","0","0.0","","0","0.0",""
"true_695","695","0","real","242","16","1311","4.36","15.12","35","1275","2","2","9","0","0","0.008264","0.008264","0","0.0","0.016114","0","112","4","116","0.088482","0","","1","0.004132","urgjente","0","0.0","","2","0.008264","mund të"
"true_696","696","0","real","114","6","685","4.94","19.0","81","603","0","0","5","0","0","0.0","0.0","1","0.008772","0.033808","0","75","0","75","0.109489","0","","0","0.0","","0","0.0","","0","0.0",""
"true_697","697","0","real","750","49","4636","5.14","15.31","47","4588","0","0","29","0","0","0.0","0.0","0","0.0","0.023884","0","357","3","360","0.077653","0","","0","0.0","","0","0.0","","10","0.013333","mund të"
"true_698","698","0","real","131","8","759","4.58","16.38","55","703","0","0","5","2","1","0.0","0.0","3","0.022901","0.041667","0","45","0","45","0.059289","0","","0","0.0","","1","0.007634","bëri të ditur","0","0.0",""
"true_699","699","0","real","791","57","4304","4.42","13.88","38","4265","2","0","3","4","0","0.002528","0.0","0","0.0","0.018868","0","138","11","149","0.034619","0","","0","0.0","","0","0.0","","0","0.0",""
"true_700","700","0","real","262","11","1743","5.58","23.82","47","1695","0","1","13","2","0","0.0","0.003817","1","0.003817","0.032854","0","115","3","118","0.067699","0","","0","0.0","","1","0.003817","sipas","1","0.003817","mund të"
"true_701","701","0","real","99","9","555","4.37","11.0","48","506","0","1","2","2","0","0.0","0.010101","2","0.020202","0.055427","0","24","0","24","0.043243","0","","0","0.0","","0","0.0","","0","0.0",""
"true_702","702","0","real","113","5","635","4.52","22.6","52","582","1","0","9","0","0","0.00885","0.0","0","0.0","0.035225","0","37","4","41","0.064567","0","","0","0.0","","0","0.0","","0","0.0",""
"true_703","703","0","real","169","7","938","4.48","24.14","93","844","0","2","8","0","0","0.0","0.011834","0","0.0","0.010568","0","80","3","83","0.088486","0","","0","0.0","","0","0.0","","1","0.005917","thuhet"
"true_704","704","0","real","74","11","410","4.51","6.73","52","357","0","0","2","0","0","0.0","0.0","0","0.0","0.023952","0","27","2","29","0.070732","0","","0","0.0","","0","0.0","","0","0.0",""
"true_705","705","0","real","86","8","513","4.48","10.75","53","459","1","0","8","4","0","0.011628","0.0","0","0.0","0.038961","0","28","2","30","0.05848","0","","0","0.0","","0","0.0","","0","0.0",""
"true_706","706","0","real","344","19","2030","4.71","18.11","106","1923","0","0","15","4","0","0.0","0.0","0","0.0","0.023486","0","171","3","174","0.085714","0","","0","0.0","","1","0.002907","sipas","2","0.005814","mund të"
"true_707","707","0","real","107","5","570","4.25","21.4","66","503","0","0","4","4","0","0.0","0.0","0","0.0","0.028571","0","45","0","45","0.078947","0","","0","0.0","","0","0.0","","0","0.0",""
"true_708","708","0","real","808","65","4417","4.45","12.43","38","4378","0","0","8","0","0","0.0","0.0","0","0.0","0.019477","0","174","13","187","0.042336","0","","0","0.0","","0","0.0","","0","0.0",""
"true_709","709","0","real","65","4","354","4.43","16.25","49","304","0","0","1","0","0","0.0","0.0","0","0.0","0.027778","0","25","1","26","0.073446","0","","0","0.0","","0","0.0","","0","0.0",""
"true_710","710","0","real","102","4","551","4.34","25.5","54","496","0","0","2","0","1","0.0","0.0","0","0.0","0.022573","0","45","3","48","0.087114","0","","0","0.0","","0","0.0","","0","0.0",""
"true_711","711","0","real","78","9","415","4.26","8.67","45","369","0","0","5","0","0","0.0","0.0","0","0.0","0.024096","0","33","1","34","0.081928","0","","0","0.0","","0","0.0","","0","0.0",""
"true_712","712","0","real","780","59","4219","4.39","13.22","37","4181","0","1","4","0","0","0.0","0.001282","0","0.0","0.020134","0","135","10","145","0.034368","1","per","0","0.0","","0","0.0","","0","0.0",""
"true_713","713","0","real","234","15","1394","4.69","15.6","63","1330","0","0","13","2","0","0.0","0.0","2","0.008547","0.038251","0","106","1","107","0.076758","0","","0","0.0","","0","0.0","","0","0.0",""
"true_714","714","0","real","458","25","2730","4.85","18.32","61","2668","4","0","20","0","0","0.008734","0.0","5","0.010917","0.036036","0","171","2","173","0.06337","0","","0","0.0","","0","0.0","","0","0.0",""
"true_715","715","0","real","225","8","1301","4.68","28.12","54","1246","0","0","12","6","0","0.0","0.0","1","0.004444","0.023787","0","104","2","106","0.081476","0","","0","0.0","","0","0.0","","0","0.0",""
"true_716","716","0","real","117","5","673","4.68","23.4","101","571","0","0","5","0","0","0.0","0.0","0","0.0","0.014599","0","55","0","55","0.081724","0","","0","0.0","","0","0.0","","1","0.008547","mund të"
"true_717","717","0","real","370","14","2173","4.77","26.43","74","2098","0","0","21","10","0","0.0","0.0","0","0.0","0.01813","0","169","1","170","0.078233","0","","0","0.0","","0","0.0","","1","0.002703","mund të"
"true_718","718","0","real","86","15","601","4.59","5.73","41","559","0","0","12","0","0","0.0","0.0","1","0.011628","0.078481","0","34","0","34","0.056572","0","","0","0.0","","0","0.0","","0","0.0",""
"true_719","719","0","real","281","20","1691","4.99","14.05","52","1638","0","0","6","0","0","0.0","0.0","1","0.003559","0.019258","0","169","1","170","0.100532","0","","0","0.0","","0","0.0","","3","0.010676","mund të"
"true_720","720","0","real","164","8","952","4.53","20.5","64","887","0","0","9","4","0","0.0","0.0","1","0.006098","0.044474","0","63","0","63","0.066176","0","","0","0.0","","0","0.0","","0","0.0",""
"true_721","721","0","real","198","14","1070","4.3","14.14","66","1003","0","0","10","4","0","0.0","0.0","0","0.0","0.026995","0","94","5","99","0.092523","0","","0","0.0","","0","0.0","","0","0.0",""
"true_722","722","0","real","170","5","1030","4.96","34.0","74","955","0","0","5","2","0","0.0","0.0","1","0.005882","0.024911","0","72","1","73","0.070874","0","","0","0.0","","0","0.0","","3","0.017647","mund të"
"true_723","723","0","real","210","11","1374","5.3","19.09","75","1298","0","0","7","6","0","0.0","0.0","0","0.0","0.04133","0","126","1","127","0.092431","0","","0","0.0","","0","0.0","","0","0.0",""
"true_724","724","0","real","161","8","863","4.27","20.12","80","782","0","0","11","0","0","0.0","0.0","0","0.0","0.020349","0","70","0","70","0.081112","0","","1","0.006211","shokuese","0","0.0","","0","0.0",""
"true_725","725","0","real","238","9","1365","4.62","26.44","85","1279","0","0","15","4","0","0.0","0.0","1","0.004202","0.031847","0","105","1","106","0.077656","0","","0","0.0","","0","0.0","","0","0.0",""
"true_726","726","0","real","73","5","402","4.42","14.6","55","346","0","0","4","0","0","0.0","0.0","0","0.0","0.034056","0","25","1","26","0.064677","0","","0","0.0","","0","0.0","","0","0.0",""
"true_727","727","0","real","219","10","1247","4.63","21.9","73","1173","0","0","9","0","0","0.0","0.0","0","0.0","0.011823","0","120","2","122","0.097835","0","","0","0.0","","0","0.0","","4","0.018265","mund të"
"true_728","728","0","real","134","5","749","4.47","26.8","96","652","0","0","6","8","0","0.0","0.0","1","0.007463","0.038397","0","62","5","67","0.089453","0","","0","0.0","","0","0.0","","1","0.007463","mund të"
"true_729","729","0","real","316","33","1774","4.48","9.58","77","1696","0","0","13","4","0","0.0","0.0","2","0.006329","0.030346","0","117","1","118","0.066516","0","","0","0.0","","4","0.012658","sipas, policia","0","0.0",""
"true_730","730","0","real","169","7","915","4.33","24.14","46","868","0","1","7","6","0","0.0","0.005917","0","0.0","0.02052","0","72","3","75","0.081967","0","","0","0.0","","0","0.0","","0","0.0",""
"true_731","731","0","real","101","7","581","4.71","14.43","55","525","0","0","3","0","0","0.0","0.0","0","0.0","0.033613","0","40","3","43","0.07401","0","","0","0.0","","0","0.0","","0","0.0",""
"true_732","732","0","real","798","62","4352","4.44","12.87","40","4311","1","0","4","0","0","0.001253","0.0","0","0.0","0.020616","0","144","13","157","0.036075","0","","0","0.0","","0","0.0","","0","0.0",""
"true_733","733","0","real","207","11","1110","4.29","18.82","76","1033","0","1","11","0","0","0.0","0.004831","0","0.0","0.020247","0","81","1","82","0.073874","0","","0","0.0","","0","0.0","","2","0.009662","mund të"
"true_734","734","0","real","233","11","1179","3.9","21.18","63","1115","0","5","14","0","5","0.0","0.021459","0","0.0","0.049559","0","92","2","94","0.079729","0","","0","0.0","","0","0.0","","2","0.008584","mund të"
"true_735","735","0","real","162","15","955","4.71","10.8","65","889","0","0","8","0","0","0.0","0.0","1","0.006173","0.035433","0","77","2","79","0.082723","0","","0","0.0","","1","0.006173","institucioni","0","0.0",""
"true_736","736","0","real","132","7","738","4.49","18.86","53","684","0","0","3","0","0","0.0","0.0","0","0.0","0.016863","0","56","3","59","0.079946","0","","1","0.007576","nuk do ta besoni","0","0.0","","0","0.0",""
"true_737","737","0","real","271","22","1608","4.7","12.32","48","1559","0","0","8","2","0","0.0","0.0","0","0.0","0.032993","0","106","2","108","0.067164","1","nje","0","0.0","","0","0.0","","1","0.00369","thuhet"
"true_738","738","0","real","60","4","326","4.37","15.0","49","276","0","0","4","0","0","0.0","0.0","0","0.0","0.030534","0","16","0","16","0.04908","0","","0","0.0","","0","0.0","","0","0.0",""
"true_739","739","0","real","114","5","599","4.12","22.8","36","562","0","0","13","2","0","0.0","0.0","0","0.0","0.025532","0","42","0","42","0.070117","0","","0","0.0","","0","0.0","","0","0.0",""
"true_740","740","0","real","68","5","421","5.12","13.6","51","369","0","0","3","0","0","0.0","0.0","0","0.0","0.031609","0","26","0","26","0.061758","0","","0","0.0","","0","0.0","","0","0.0",""
"true_741","741","0","real","196","7","1119","4.54","28.0","62","1056","0","0","16","0","0","0.0","0.0","1","0.005102","0.031461","0","90","1","91","0.081323","0","","0","0.0","","1","0.005102","sipas","0","0.0",""
"true_742","742","0","real","200","13","1209","4.71","15.38","77","1131","0","0","16","0","0","0.0","0.0","0","0.0","0.030753","0","65","3","68","0.056245","0","","0","0.0","","0","0.0","","0","0.0",""
"true_743","743","0","real","238","11","1328","4.53","21.64","77","1250","0","2","10","0","0","0.0","0.008403","0","0.0","0.013915","0","113","3","116","0.087349","0","","0","0.0","","1","0.004202","sipas","4","0.016807","mund të"
"true_744","744","0","real","229","13","1331","4.73","17.62","81","1249","0","0","7","6","1","0.0","0.0","1","0.004367","0.036111","0","91","0","91","0.06837","0","","0","0.0","","0","0.0","","0","0.0",""
"true_745","745","0","real","89","5","494","4.44","17.8","43","450","0","0","8","2","0","0.0","0.0","0","0.0","0.035533","0","40","0","40","0.080972","0","","0","0.0","","0","0.0","","0","0.0",""
"true_746","746","0","real","515","30","2829","4.39","17.17","49","2779","0","0","12","0","0","0.0","0.0","0","0.0","0.017249","0","257","1","258","0.091198","0","","0","0.0","","1","0.001942","sipas","1","0.001942","mund të"
"true_747","747","0","real","92","5","542","4.84","18.4","76","465","0","0","4","0","0","0.0","0.0","1","0.01087","0.054054","0","28","4","32","0.059041","0","","0","0.0","","0","0.0","","0","0.0",""
"true_748","748","0","real","140","8","774","4.44","17.5","52","721","0","0","5","6","0","0.0","0.0","0","0.0","0.038585","0","51","1","52","0.067183","0","","0","0.0","","0","0.0","","0","0.0",""
"true_749","749","0","real","113","8","638","4.44","14.12","79","558","0","0","8","6","0","0.0","0.0","0","0.0","0.047809","0","53","2","55","0.086207","0","","0","0.0","","0","0.0","","0","0.0",""
"true_750","750","0","real","191","10","1120","4.75","19.1","49","1070","0","0","10","4","0","0.0","0.0","3","0.015707","0.048565","0","81","2","83","0.074107","0","","0","0.0","","2","0.010471","sipas, studimi","3","0.015707","mendohet, mund të"
"true_751","751","0","real","110","6","627","4.49","18.33","51","575","0","1","5","6","0","0.0","0.009091","0","0.0","0.028398","0","38","0","38","0.060606","0","","0","0.0","","0","0.0","","0","0.0",""
"true_752","752","0","real","375","23","2252","4.85","16.3","35","2216","0","1","20","0","0","0.0","0.002667","1","0.002667","0.018152","0","159","3","162","0.071936","0","","0","0.0","","0","0.0","","1","0.002667","mund të"
"true_753","753","0","real","138","7","774","4.54","19.71","35","738","0","0","7","2","0","0.0","0.0","0","0.0","0.028754","0","52","3","55","0.071059","0","","0","0.0","","0","0.0","","0","0.0",""
"true_754","754","0","real","128","4","655","4.04","32.0","69","585","0","0","7","2","0","0.0","0.0","3","0.023438","0.044487","0","41","2","43","0.065649","0","","0","0.0","","0","0.0","","0","0.0",""
"true_755","755","0","real","383","14","2327","4.99","27.36","75","2251","0","0","18","4","0","0.0","0.0","1","0.002611","0.03731","0","178","1","179","0.076923","0","","0","0.0","","0","0.0","","3","0.007833","mund të"
"true_756","756","0","real","87","7","497","4.64","12.43","48","448","0","0","4","2","0","0.0","0.0","0","0.0","0.022277","0","29","0","29","0.05835","0","","0","0.0","","0","0.0","","0","0.0",""
"true_757","757","0","real","109","11","566","4.11","9.91","60","505","0","1","2","4","0","0.0","0.009174","0","0.0","0.033482","0","36","0","36","0.063604","0","","0","0.0","","0","0.0","","0","0.0",""
"true_758","758","0","real","98","4","529","4.39","24.5","67","461","0","0","1","0","0","0.0","0.0","0","0.0","0.027907","0","26","1","27","0.05104","0","","0","0.0","","0","0.0","","0","0.0",""
"true_759","759","0","real","69","6","398","4.7","11.5","50","347","0","2","5","0","0","0.0","0.028986","0","0.0","0.046296","0","44","4","48","0.120603","0","","0","0.0","","0","0.0","","0","0.0",""
"true_760","760","0","real","297","15","1647","4.39","19.8","68","1578","0","0","20","7","0","0.0","0.0","1","0.003367","0.023024","0","115","2","117","0.071038","0","","0","0.0","","0","0.0","","0","0.0",""
"true_761","761","0","real","241","7","1378","4.67","34.43","49","1328","0","0","9","2","0","0.0","0.0","0","0.0","0.031139","0","88","0","88","0.063861","0","","0","0.0","","0","0.0","","0","0.0",""
"true_762","762","0","real","136","12","889","5.07","11.33","48","840","0","0","7","0","0","0.0","0.0","1","0.007353","0.039187","0","43","4","47","0.052868","0","","0","0.0","","2","0.014706","sipas, raporti","0","0.0",""
"true_763","763","0","real","252","15","1454","4.61","16.8","74","1379","0","0","13","4","0","0.0","0.0","0","0.0","0.017212","0","114","1","115","0.079092","0","","0","0.0","","1","0.003968","sipas","3","0.011905","mund të"
"true_764","764","0","real","697","28","4078","4.71","24.89","47","4030","0","0","37","8","0","0.0","0.0","2","0.002869","0.025923","0","328","5","333","0.081658","0","","0","0.0","","1","0.001435","sipas","0","0.0",""
"true_765","765","0","real","57","4","320","4.46","14.25","63","256","0","0","4","4","0","0.0","0.0","0","0.0","0.031496","0","26","0","26","0.08125","0","","0","0.0","","0","0.0","","0","0.0",""
"true_766","766","0","real","158","6","821","4.11","26.33","54","766","1","0","12","2","0","0.006329","0.0","0","0.0","0.013867","0","74","2","76","0.09257","0","","0","0.0","","0","0.0","","0","0.0",""
"true_767","767","0","real","92","6","523","4.63","15.33","47","475","0","0","3","0","0","0.0","0.0","0","0.0","0.042254","0","33","0","33","0.063098","0","","0","0.0","","0","0.0","","0","0.0",""
"true_768","768","0","real","55","3","291","4.18","18.33","52","238","0","0","2","0","0","0.0","0.0","0","0.0","0.030435","0","16","0","16","0.054983","0","","0","0.0","","0","0.0","","0","0.0",""
"true_769","769","0","real","119","7","604","4.02","17.0","50","553","0","0","4","2","0","0.0","0.0","0","0.0","0.029289","0","42","0","42","0.069536","0","","0","0.0","","0","0.0","","0","0.0",""
"true_770","770","0","real","451","44","2855","4.99","10.25","66","2788","0","1","30","2","0","0.0","0.002217","7","0.015521","0.030249","0","243","2","245","0.085814","0","","0","0.0","","1","0.002217","sipas","2","0.004435","mund të"
"true_771","771","0","real","306","26","1779","4.77","11.77","57","1721","1","0","11","2","1","0.003268","0.0","0","0.0","0.021933","0","140","4","144","0.080944","0","","0","0.0","","0","0.0","","5","0.01634","mund të"
"true_772","772","0","real","445","34","2574","4.73","13.09","83","2490","0","0","19","2","0","0.0","0.0","0","0.0","0.017561","0","233","4","237","0.092075","0","","0","0.0","","0","0.0","","17","0.038202","mund të"
"true_773","773","0","real","145","6","885","4.94","24.17","72","812","0","0","8","6","1","0.0","0.0","1","0.006897","0.018131","0","65","3","68","0.076836","0","","0","0.0","","0","0.0","","1","0.006897","mund të"
"true_774","774","0","real","92","4","481","4.12","23.0","48","432","0","0","6","4","0","0.0","0.0","0","0.0","0.031662","0","46","0","46","0.095634","0","","0","0.0","","0","0.0","","0","0.0",""
"true_775","775","0","real","86","4","477","4.49","21.5","48","428","0","0","3","2","0","0.0","0.0","0","0.0","0.023316","0","48","0","48","0.100629","0","","0","0.0","","0","0.0","","1","0.011628","ndoshta"
"true_776","776","0","real","419","25","2264","4.37","16.76","57","2206","1","0","12","0","0","0.002387","0.0","0","0.0","0.016912","0","239","5","244","0.107774","0","","0","0.0","","0","0.0","","3","0.00716","mund të"
"true_777","777","0","real","2233","75","12982","4.73","29.77","87","12894","0","21","100","1","0","0.0","0.009404","21","0.009404","0.033788","0","1074","51","1125","0.086658","0","","0","0.0","","0","0.0","","11","0.004926","ndoshta, mund të"
"true_778","778","0","real","283","15","1554","4.41","18.87","61","1492","0","0","11","8","0","0.0","0.0","1","0.003534","0.036058","0","133","9","142","0.091377","0","","0","0.0","","0","0.0","","0","0.0",""
"true_779","779","0","real","107","5","581","4.36","21.4","55","525","0","0","5","2","0","0.0","0.0","0","0.0","0.03212","0","41","0","41","0.070568","0","","0","0.0","","0","0.0","","0","0.0",""
"true_780","780","0","real","257","14","1527","4.75","18.36","50","1476","0","0","27","0","0","0.0","0.0","0","0.0","0.029508","0","116","1","117","0.076621","0","","0","0.0","","1","0.003891","sipas","0","0.0",""
"true_781","781","0","real","105","7","543","4.13","15.0","69","473","0","0","4","0","0","0.0","0.0","0","0.0","0.016129","0","47","1","48","0.088398","0","","0","0.0","","0","0.0","","0","0.0",""
"true_782","782","0","real","299","15","1745","4.72","19.93","79","1665","0","0","18","4","0","0.0","0.0","2","0.006689","0.039716","0","36","7","43","0.024642","3","eshte, per, nje","0","0.0","","0","0.0","","0","0.0",""
"true_783","783","0","real","1952","68","11308","4.66","28.71","72","11235","1","6","119","57","2","0.000512","0.003074","4","0.002049","0.026391","0","827","12","839","0.074195","0","","0","0.0","","1","0.000512","sipas","2","0.001025","ndoshta, mund të"
"true_784","784","0","real","615","25","3675","4.91","24.6","111","3563","1","0","30","4","0","0.001626","0.0","3","0.004878","0.035536","0","290","16","306","0.083265","0","","0","0.0","","2","0.003252","deklaroi, ministria","0","0.0",""
"true_785","785","0","real","1380","50","9072","5.3","27.6","54","9017","10","0","90","2","0","0.007246","0.0","34","0.024638","0.048303","0","583","6","589","0.064925","0","","0","0.0","","17","0.012319","sipas, ministria","6","0.004348","mund të"
"true_786","786","0","real","46","5","305","5.33","9.2","87","217","0","0","0","2","0","0.0","0.0","0","0.0","0.044898","0","14","0","14","0.045902","0","","0","0.0","","0","0.0","","0","0.0",""
"true_787","787","0","real","1249","52","6883","4.39","24.02","94","6788","0","12","106","20","3","0.0","0.009608","5","0.004003","0.019891","0","493","14","507","0.07366","1","nje","0","0.0","","1","0.000801","sipas","5","0.004003","mund të"
"true_788","788","0","real","238","14","1378","4.55","17.0","80","1297","0","0","22","2","0","0.0","0.0","0","0.0","0.02214","0","90","2","92","0.066763","0","","0","0.0","","3","0.012605","studimi","1","0.004202","mund të"
"true_789","789","0","real","68","5","386","4.62","13.6","44","341","0","0","4","0","0","0.0","0.0","0","0.0","0.041534","0","32","1","33","0.085492","0","","0","0.0","","0","0.0","","0","0.0",""
"true_790","790","0","real","69","6","350","4.04","11.5","54","295","0","0","2","0","0","0.0","0.0","0","0.0","0.028674","0","25","1","26","0.074286","0","","0","0.0","","0","0.0","","0","0.0",""
"true_791","791","0","real","55","4","327","4.85","13.75","35","291","0","0","3","2","0","0.0","0.0","0","0.0","0.026217","0","27","0","27","0.082569","0","","0","0.0","","0","0.0","","0","0.0",""
"true_792","792","0","real","98","5","587","4.73","19.6","37","549","0","0","3","0","0","0.0","0.0","1","0.010204","0.051724","0","45","1","46","0.078365","0","","0","0.0","","0","0.0","","0","0.0",""
"true_793","793","0","real","942","28","5618","4.87","33.64","82","5535","0","0","44","12","2","0.0","0.0","1","0.001062","0.021147","0","422","14","436","0.077608","0","","0","0.0","","4","0.004246","sipas, deklaroi, ministria","4","0.004246","mund të"
"true_794","794","0","real","90","5","538","4.83","18.0","38","499","0","0","11","2","0","0.0","0.0","0","0.0","0.041379","0","35","0","35","0.065056","0","","0","0.0","","0","0.0","","0","0.0",""
"true_795","795","0","real","591","20","3378","4.64","29.55","82","3295","0","0","22","10","1","0.0","0.0","2","0.003384","0.030314","0","218","7","225","0.066607","0","","0","0.0","","1","0.001692","deklaroi","3","0.005076","thuhet, mund të"
"true_796","796","0","real","372","16","2288","5.02","23.25","76","2211","0","0","27","4","0","0.0","0.0","6","0.016129","0.049277","0","139","11","150","0.065559","0","","0","0.0","","3","0.008065","sipas","2","0.005376","dyshohet, mund të"
"true_797","797","0","real","90","4","529","4.62","22.5","67","461","0","0","2","0","0","0.0","0.0","0","0.0","0.045894","0","28","4","32","0.060491","0","","0","0.0","","0","0.0","","0","0.0",""
"true_798","798","0","real","278","14","1607","4.63","19.86","91","1515","0","0","24","6","0","0.0","0.0","1","0.003597","0.031153","0","119","8","127","0.079029","0","","0","0.0","","1","0.003597","sipas","0","0.0",""
"true_799","799","0","real","431","22","2763","5.26","19.59","52","2710","0","0","28","0","0","0.0","0.0","0","0.0","0.033245","0","171","2","173","0.062613","0","","0","0.0","","2","0.00464","sipas","1","0.00232","mund të"
"true_800","800","0","real","113","5","664","4.74","22.6","80","583","0","0","7","2","0","0.0","0.0","1","0.00885","0.037383","0","48","0","48","0.072289","0","","0","0.0","","0","0.0","","0","0.0",""
"true_801","801","0","real","213","10","1273","4.73","21.3","80","1192","0","0","12","6","0","0.0","0.0","0","0.0","0.026839","0","116","3","119","0.09348","0","","0","0.0","","0","0.0","","0","0.0",""
"true_802","802","0","real","102","8","598","4.75","12.75","53","544","0","4","10","0","0","0.0","0.039216","0","0.0","0.028866","0","41","0","41","0.068562","0","","1","0.009804","e pabesueshme","0","0.0","","0","0.0",""
"true_803","803","0","real","263","16","1723","5.3","16.44","96","1626","0","0","17","4","0","0.0","0.0","1","0.003802","0.038157","0","123","2","125","0.072548","0","","0","0.0","","1","0.003802","sipas","5","0.019011","thuhet, mund të"
"true_804","804","0","real","103","6","554","4.32","17.17","51","502","0","0","4","2","0","0.0","0.0","0","0.0","0.035955","0","44","3","47","0.084838","0","","0","0.0","","0","0.0","","0","0.0",""
"true_805","805","0","real","315","17","1928","4.87","18.53","64","1863","0","0","28","2","0","0.0","0.0","0","0.0","0.022164","0","149","2","151","0.07832","0","","0","0.0","","0","0.0","","0","0.0",""
"true_806","806","0","real","245","21","1512","4.76","11.67","54","1457","0","0","8","1","0","0.0","0.0","4","0.016327","0.05331","0","126","0","126","0.083333","0","","0","0.0","","2","0.008163","sipas","0","0.0",""
"true_807","807","0","real","146","5","937","5.18","29.2","97","839","0","0","11","0","0","0.0","0.0","0","0.0","0.03963","0","59","0","59","0.062967","0","","0","0.0","","2","0.013699","sipas","1","0.006849","thuhet"
"true_808","808","0","real","244","12","1416","4.68","20.33","91","1324","0","0","20","0","0","0.0","0.0","0","0.0","0.024518","0","87","1","88","0.062147","0","","0","0.0","","0","0.0","","0","0.0",""
"true_809","809","0","real","86","4","480","4.5","21.5","46","433","0","0","5","2","0","0.0","0.0","0","0.0","0.020672","0","50","2","52","0.108333","0","","0","0.0","","0","0.0","","0","0.0",""
"true_810","810","0","real","45","2","249","4.49","22.5","46","202","0","0","1","0","0","0.0","0.0","0","0.0","0.049505","0","18","0","18","0.072289","0","","0","0.0","","0","0.0","","0","0.0",""
"true_811","811","0","real","66","5","377","4.65","13.2","30","346","0","1","3","0","0","0.0","0.015152","0","0.0","0.029316","0","30","3","33","0.087533","0","","0","0.0","","0","0.0","","0","0.0",""
"true_812","812","0","real","103","10","582","4.51","10.3","49","532","0","0","8","0","0","0.0","0.0","0","0.0","0.021505","0","43","1","44","0.075601","0","","0","0.0","","0","0.0","","0","0.0",""
"true_813","813","0","real","117","6","686","4.74","19.5","94","591","0","0","5","6","0","0.0","0.0","0","0.0","0.059459","0","38","0","38","0.055394","0","","0","0.0","","0","0.0","","0","0.0",""
"true_814","814","0","real","821","43","4877","4.8","19.09","73","4803","0","2","44","4","0","0.0","0.002436","1","0.001218","0.032749","0","389","4","393","0.080582","0","","0","0.0","","6","0.007308","sipas, deklaroi","5","0.00609","thuhet, mund të"
"true_815","815","0","real","125","5","663","4.22","25.0","34","628","0","0","7","4","0","0.0","0.0","0","0.0","0.020873","0","47","0","47","0.07089","0","","0","0.0","","0","0.0","","0","0.0",""
"true_816","816","0","real","123","8","686","4.51","15.38","47","638","0","0","6","0","0","0.0","0.0","0","0.0","0.041516","0","38","3","41","0.059767","0","","0","0.0","","0","0.0","","1","0.00813","thuhet"
"true_817","817","0","real","120","9","706","4.83","13.33","53","652","0","0","4","2","0","0.0","0.0","0","0.0","0.031088","0","44","0","44","0.062323","0","","0","0.0","","0","0.0","","0","0.0",""
"true_818","818","0","real","260","10","1449","4.45","26.0","62","1386","4","0","19","10","0","0.015385","0.0","0","0.0","0.024263","0","113","7","120","0.082816","0","","0","0.0","","2","0.007692","sipas","0","0.0",""
"true_819","819","0","real","270","11","1577","4.74","24.55","57","1519","0","0","19","2","0","0.0","0.0","0","0.0","0.021875","0","131","0","131","0.083069","0","","0","0.0","","0","0.0","","0","0.0",""
"true_820","820","0","real","84","3","447","4.24","28.0","70","376","0","0","7","0","0","0.0","0.0","2","0.02381","0.047753","0","34","0","34","0.076063","0","","0","0.0","","0","0.0","","0","0.0",""
"true_821","821","0","real","310","18","1839","4.87","17.22","61","1777","4","0","11","4","0","0.012903","0.0","2","0.006452","0.017893","0","130","3","133","0.072322","0","","0","0.0","","0","0.0","","1","0.003226","mund të"
"true_822","822","0","real","45","3","252","4.51","15.0","44","207","0","0","1","0","1","0.0","0.0","0","0.0","0.029557","0","19","0","19","0.075397","0","","0","0.0","","0","0.0","","0","0.0",""
"true_823","823","0","real","243","11","1274","4.1","22.09","84","1189","0","0","18","6","0","0.0","0.0","1","0.004115","0.034137","0","79","11","90","0.070644","0","","0","0.0","","0","0.0","","0","0.0",""
"true_824","824","0","real","232","11","1406","4.9","21.09","66","1339","1","0","13","10","0","0.00431","0.0","0","0.0","0.018519","0","87","0","87","0.061878","0","","0","0.0","","0","0.0","","5","0.021552","mund të"
"true_825","825","0","real","258","14","1464","4.57","18.43","96","1367","0","0","17","10","0","0.0","0.0","0","0.0","0.028014","0","101","2","103","0.070355","0","","0","0.0","","0","0.0","","2","0.007752","ndoshta"
"true_826","826","0","real","199","9","1106","4.47","22.11","47","1058","0","0","13","4","0","0.0","0.0","0","0.0","0.025872","0","59","0","59","0.053345","0","","0","0.0","","0","0.0","","1","0.005025","mund të"
"true_827","827","0","real","91","3","504","4.46","30.33","44","459","0","0","6","0","0","0.0","0.0","0","0.0","0.027094","0","32","0","32","0.063492","0","","0","0.0","","0","0.0","","0","0.0",""
"true_828","828","0","real","298","46","2091","5.15","6.48","41","2049","0","1","7","6","0","0.0","0.003356","0","0.0","0.04824","0","179","0","179","0.085605","0","","0","0.0","","1","0.003356","sipas","2","0.006711","thuhet, mund të"
"true_829","829","0","real","130","7","746","4.68","18.57","62","683","0","1","7","0","0","0.0","0.007692","0","0.0","0.013158","0","71","3","74","0.099196","0","","0","0.0","","0","0.0","","2","0.015385","mund të"
"true_830","830","0","real","221","7","1373","5.14","31.57","65","1307","0","0","8","4","0","0.0","0.0","1","0.004525","0.036123","0","95","2","97","0.070648","0","","0","0.0","","0","0.0","","0","0.0",""
"true_831","831","0","real","121","7","715","4.8","17.29","54","660","0","0","4","2","0","0.0","0.0","1","0.008264","0.044828","0","48","0","48","0.067133","0","","0","0.0","","0","0.0","","0","0.0",""
"true_832","832","0","real","80","5","520","5.28","16.0","49","470","0","0","7","0","0","0.0","0.0","1","0.0125","0.068884","0","29","1","30","0.057692","0","","0","0.0","","1","0.0125","sipas","0","0.0",""
"true_833","833","0","real","529","42","2973","4.53","12.6","31","2941","0","0","38","0","0","0.0","0.0","0","0.0","0.02548","0","274","5","279","0.093845","0","","0","0.0","","0","0.0","","6","0.011342","ndoshta, mund të"
"true_834","834","0","real","754","29","4573","4.96","26.0","107","4465","0","3","31","28","0","0.0","0.003979","1","0.001326","0.033512","0","338","6","344","0.075224","0","","0","0.0","","0","0.0","","2","0.002653","mund të"
"true_835","835","0","real","115","4","722","5.22","28.75","68","653","0","0","5","2","0","0.0","0.0","1","0.008696","0.048333","0","39","3","42","0.058172","0","","0","0.0","","0","0.0","","0","0.0",""
"true_836","836","0","real","240","8","1598","5.32","30.0","84","1513","0","0","10","6","0","0.0","0.0","0","0.0","0.046238","0","115","1","116","0.072591","0","","0","0.0","","0","0.0","","0","0.0",""
"true_837","837","0","real","210","7","1330","5.24","30.0","97","1232","0","0","12","0","0","0.0","0.0","1","0.004762","0.032727","0","98","4","102","0.076692","0","","0","0.0","","0","0.0","","0","0.0",""
"true_838","838","0","real","122","4","667","4.41","30.5","48","618","0","0","7","0","0","0.0","0.0","0","0.0","0.027933","0","57","0","57","0.085457","0","","0","0.0","","1","0.008197","bëri të ditur","0","0.0",""
"true_839","839","0","real","122","6","780","5.2","20.33","120","659","0","0","8","8","0","0.0","0.0","0","0.0","0.03937","0","50","0","50","0.064103","0","","0","0.0","","0","0.0","","0","0.0",""
"true_840","840","0","real","413","34","2351","4.6","12.15","36","2314","0","0","31","0","0","0.0","0.0","0","0.0","0.025803","0","203","7","210","0.089324","0","","0","0.0","","0","0.0","","4","0.009685","mund të"
"true_841","841","0","real","149","10","795","4.32","14.9","42","752","0","0","1","0","0","0.0","0.0","0","0.0","0.020218","0","43","3","46","0.057862","0","","0","0.0","","0","0.0","","0","0.0",""
"true_842","842","0","real","105","7","592","4.51","15.0","44","547","0","0","4","2","0","0.0","0.0","0","0.0","0.040084","0","40","0","40","0.067568","0","","0","0.0","","2","0.019048","sipas","1","0.009524","mund të"
"true_843","843","0","real","402","37","2265","4.57","10.86","46","2218","0","0","12","0","0","0.0","0.0","0","0.0","0.025041","0","209","4","213","0.09404","0","","0","0.0","","0","0.0","","1","0.002488","mund të"
"true_844","844","0","real","94","7","535","4.63","13.43","40","494","0","0","4","2","0","0.0","0.0","0","0.0","0.036782","0","36","0","36","0.06729","0","","0","0.0","","0","0.0","","0","0.0",""
"true_845","845","0","real","255","13","1444","4.52","19.62","93","1350","0","0","21","4","0","0.0","0.0","1","0.003922","0.031223","0","97","6","103","0.07133","0","","1","0.003922","e pabesueshme","0","0.0","","2","0.007843","mund të"
"true_846","846","0","real","234","7","1378","4.65","33.43","71","1306","0","0","15","2","0","0.0","0.0","0","0.0","0.034926","0","92","2","94","0.068215","0","","0","0.0","","2","0.008547","sipas","0","0.0",""
"true_847","847","0","real","265","10","1568","4.77","26.5","98","1469","0","0","18","12","0","0.0","0.0","0","0.0","0.050199","0","115","12","127","0.080995","0","","0","0.0","","1","0.003774","deklaroi","1","0.003774","thuhet"
"true_848","848","0","real","163","13","919","4.43","12.54","56","862","0","0","15","10","0","0.0","0.0","1","0.006135","0.059639","0","56","3","59","0.0642","0","","0","0.0","","1","0.006135","sipas","0","0.0",""
"true_849","849","0","real","661","33","4123","4.89","20.03","87","4035","0","0","26","12","0","0.0","0.0","8","0.012103","0.026283","0","336","0","336","0.081494","0","","0","0.0","","1","0.001513","sipas","0","0.0",""
"true_850","850","0","real","549","18","3666","5.55","30.5","75","3590","0","0","13","4","0","0.0","0.0","5","0.009107","0.024622","0","239","0","239","0.065194","0","","0","0.0","","20","0.03643","sipas, ministria, raporti","2","0.003643","thuhet"
"true_851","851","0","real","434","16","2903","5.47","27.12","74","2828","0","0","26","8","0","0.0","0.0","1","0.002304","0.026182","0","174","3","177","0.060971","0","","0","0.0","","5","0.011521","sipas","3","0.006912","thuhet, mund të"
"true_852","852","0","real","707","28","4251","4.86","25.25","93","4157","2","0","23","6","0","0.002829","0.0","5","0.007072","0.029985","0","270","9","279","0.065632","0","","0","0.0","","0","0.0","","0","0.0",""
"true_853","853","0","real","228","8","1446","5.09","28.5","49","1396","0","0","15","4","0","0.0","0.0","4","0.017544","0.043141","0","93","1","94","0.065007","0","","0","0.0","","1","0.004386","sipas","1","0.004386","thuhet"
"true_854","854","0","real","438","16","2635","4.59","27.38","53","2581","0","0","19","6","0","0.0","0.0","4","0.009132","0.032354","0","37","0","37","0.014042","1","nje","0","0.0","","1","0.002283","sipas","0","0.0",""
"true_855","855","0","real","323","13","2077","5.31","24.85","80","1996","0","0","25","6","0","0.0","0.0","1","0.003096","0.034483","0","142","3","145","0.069812","0","","0","0.0","","0","0.0","","3","0.009288","mund të"
"true_856","856","0","real","60","4","398","5.48","15.0","45","352","0","0","3","0","0","0.0","0.0","1","0.016667","0.051672","0","27","1","28","0.070352","0","","0","0.0","","0","0.0","","0","0.0",""
"true_857","857","0","real","610","25","3582","4.81","24.4","68","3513","5","2","30","2","0","0.008197","0.003279","1","0.001639","0.034106","0","282","3","285","0.079564","0","","0","0.0","","5","0.008197","sipas","0","0.0",""
"true_858","858","0","real","185","5","1117","4.9","37.0","58","1058","0","0","7","4","0","0.0","0.0","1","0.005405","0.049669","0","93","2","95","0.085049","0","","0","0.0","","1","0.005405","ministria","2","0.010811","thuhet"
"true_859","859","0","real","119","7","734","5.1","17.0","64","669","0","0","6","0","0","0.0","0.0","2","0.016807","0.094842","0","48","0","48","0.065395","0","","0","0.0","","2","0.016807","policia","0","0.0",""
"true_860","860","0","real","121","6","852","5.75","20.17","50","801","0","0","10","4","0","0.0","0.0","0","0.0","0.05036","0","54","0","54","0.06338","0","","0","0.0","","0","0.0","","1","0.008264","thuhet"
"true_861","861","0","real","1596","79","9667","4.61","20.2","43","9623","0","0","101","16","0","0.0","0.0","19","0.011905","0.038697","0","619","4","623","0.064446","0","","0","0.0","","5","0.003133","sipas","3","0.00188","thuhet, mund të"
"true_862","862","0","real","184","13","1217","4.89","14.15","64","1152","0","0","7","2","0","0.0","0.0","3","0.016304","0.036913","0","81","0","81","0.066557","0","","0","0.0","","2","0.01087","sipas, ministria","2","0.01087","thuhet, mund të"
"true_863","863","0","real","223","8","1333","4.87","27.88","61","1271","0","0","7","2","0","0.0","0.0","2","0.008969","0.04797","0","97","2","99","0.074269","0","","0","0.0","","0","0.0","","0","0.0",""
"true_864","864","0","real","861","29","4888","4.54","29.69","88","4799","0","0","53","16","0","0.0","0.0","5","0.005807","0.025083","0","355","1","356","0.072831","0","","0","0.0","","6","0.006969","sipas, policia, raporti","2","0.002323","thuhet, mund të"
"true_865","865","0","real","1431","51","8540","4.83","28.06","47","8492","0","0","103","53","0","0.0","0.0","0","0.0","0.017653","0","667","6","673","0.078806","0","","0","0.0","","3","0.002096","sipas","4","0.002795","mund të"
"true_866","866","0","real","123","7","756","5.02","17.57","84","671","0","1","6","4","0","0.0","0.00813","1","0.00813","0.060458","0","57","5","62","0.082011","0","","0","0.0","","1","0.00813","sipas","0","0.0",""
"true_867","867","0","real","189","7","1183","5.08","27.0","94","1088","0","0","7","3","0","0.0","0.0","1","0.005291","0.028096","0","72","0","72","0.060862","0","","0","0.0","","4","0.021164","sipas, policia","0","0.0",""
"true_868","868","0","real","184","8","1263","5.31","23.0","59","1203","0","0","32","6","0","0.0","0.0","1","0.005435","0.015353","0","84","1","85","0.0673","0","","0","0.0","","3","0.016304","sipas, policia","2","0.01087","thuhet"
"true_869","869","0","real","199","10","1138","4.62","19.9","79","1058","0","0","9","4","0","0.0","0.0","9","0.045226","0.079607","0","71","0","71","0.06239","0","","0","0.0","","0","0.0","","0","0.0",""
"true_870","870","0","real","101","3","710","5.24","33.67","50","659","0","0","19","0","0","0.0","0.0","2","0.019802","0.077505","0","28","0","28","0.039437","0","","0","0.0","","0","0.0","","0","0.0",""
"true_871","871","0","real","85","3","561","4.89","28.33","49","511","0","0","9","0","0","0.0","0.0","4","0.047059","0.091346","0","34","0","34","0.060606","0","","0","0.0","","1","0.011765","sipas","0","0.0",""
"true_872","872","0","real","64","3","405","5.28","21.33","40","364","0","0","1","0","0","0.0","0.0","0","0.0","0.017804","0","27","3","30","0.074074","0","","0","0.0","","2","0.03125","sipas, policia","0","0.0",""
"true_873","873","0","real","62","3","378","4.95","20.67","56","321","0","0","1","2","0","0.0","0.0","0","0.0","0.022801","0","29","0","29","0.07672","0","","0","0.0","","1","0.016129","sipas","0","0.0",""
"true_874","874","0","real","328","19","1939","4.81","17.26","81","1857","0","0","16","6","0","0.0","0.0","5","0.015244","0.057143","0","136","2","138","0.071171","0","","0","0.0","","2","0.006098","sipas, raportoi","0","0.0",""
"true_875","875","0","real","107","5","600","4.52","21.4","88","511","0","0","3","0","0","0.0","0.0","1","0.009346","0.05176","0","48","0","48","0.08","0","","0","0.0","","1","0.009346","sipas","1","0.009346","thuhet"
"true_876","876","0","real","129","4","803","5.14","32.25","72","730","0","0","6","2","0","0.0","0.0","1","0.007752","0.057402","0","56","0","56","0.069738","0","","0","0.0","","2","0.015504","sipas","0","0.0",""
"true_877","877","0","real","52","3","323","5.1","17.33","54","268","0","0","1","0","0","0.0","0.0","0","0.0","0.018868","0","25","0","25","0.077399","0","","0","0.0","","1","0.019231","sipas","1","0.019231","thuhet"
"true_878","878","0","real","189","9","1229","5.36","21.0","115","1113","0","0","6","0","0","0.0","0.0","4","0.021164","0.065282","0","92","0","92","0.074858","0","","0","0.0","","3","0.015873","ministria","0","0.0",""
"true_879","879","0","real","82","5","503","4.74","16.4","47","455","0","0","3","0","0","0.0","0.0","1","0.012195","0.025773","0","31","0","31","0.06163","0","","0","0.0","","1","0.012195","sipas","1","0.012195","thuhet"
"true_880","880","0","real","356","12","2048","4.61","29.67","81","1966","0","0","19","10","0","0.0","0.0","2","0.005618","0.039658","0","134","5","139","0.067871","0","","0","0.0","","0","0.0","","0","0.0",""
"true_881","881","0","real","112","5","699","5.04","22.4","76","622","0","0","5","0","0","0.0","0.0","1","0.008929","0.031972","0","54","0","54","0.077253","0","","0","0.0","","1","0.008929","sipas","0","0.0",""
"true_882","882","0","real","250","12","1531","4.92","20.83","21","1509","0","0","17","2","0","0.0","0.0","1","0.004","0.030894","0","126","2","128","0.083605","0","","0","0.0","","2","0.008","sipas, ministria","1","0.004","mund të"
"true_883","883","0","real","226","13","1341","4.7","17.38","69","1271","0","0","17","10","0","0.0","0.0","1","0.004425","0.02354","0","97","1","98","0.07308","0","","0","0.0","","0","0.0","","2","0.00885","mund të"
"true_884","884","0","real","571","24","3529","4.96","23.79","54","3474","0","0","45","20","0","0.0","0.0","1","0.001751","0.030004","0","268","1","269","0.076226","0","","0","0.0","","1","0.001751","bëri të ditur","6","0.010508","thuhet, mund të"
"true_885","885","0","real","191","5","1147","4.82","38.2","78","1068","0","0","15","1","0","0.0","0.0","4","0.020942","0.040261","0","80","2","82","0.071491","0","","0","0.0","","2","0.010471","sipas, ministria","0","0.0",""
"true_886","886","0","real","166","6","1087","5.27","27.67","59","1027","0","0","23","2","0","0.0","0.0","2","0.012048","0.056064","0","74","3","77","0.070837","0","","0","0.0","","2","0.012048","sipas","1","0.006024","thuhet"
"true_887","887","0","real","1294","43","7735","4.84","30.09","81","7653","0","1","76","20","0","0.0","0.000773","4","0.003091","0.020803","0","600","2","602","0.077828","0","","0","0.0","","3","0.002318","sipas, raportoi","9","0.006955","thuhet, ndoshta, mund të"
"true_888","888","0","real","71","2","436","4.99","35.5","56","379","0","0","7","0","0","0.0","0.0","1","0.014085","0.094286","0","32","0","32","0.073394","0","","0","0.0","","0","0.0","","0","0.0",""
"true_889","889","0","real","721","30","4402","4.97","24.03","54","4347","0","0","55","6","0","0.0","0.0","1","0.001387","0.050644","0","275","0","275","0.062472","0","","0","0.0","","2","0.002774","sipas, raportoi","1","0.001387","mund të"
"true_890","890","0","real","178","8","1083","5.0","22.25","75","1007","1","0","7","2","0","0.005618","0.0","0","0.0","0.042697","0","75","0","75","0.069252","0","","0","0.0","","1","0.005618","deklaroi","0","0.0",""
"true_891","891","0","real","133","9","772","4.65","14.78","76","695","3","3","9","1","0","0.022556","0.022556","0","0.0","0.076175","0","46","0","46","0.059585","0","","0","0.0","","0","0.0","","0","0.0",""
"true_892","892","0","real","273","13","1724","5.21","21.0","67","1656","0","0","19","4","0","0.0","0.0","2","0.007326","0.05928","0","78","0","78","0.045244","0","","0","0.0","","2","0.007326","sipas, policia","1","0.003663","mund të"
"true_893","893","0","real","107","6","656","4.9","17.83","59","596","0","0","5","2","0","0.0","0.0","1","0.009346","0.04771","0","36","1","37","0.056402","0","","0","0.0","","0","0.0","","0","0.0",""
"true_894","894","0","real","1739","74","10958","5.01","23.5","76","10881","0","0","114","12","0","0.0","0.0","11","0.006325","0.049305","0","772","8","780","0.071181","0","","0","0.0","","6","0.00345","sipas, ministria","0","0.0",""
"true_895","895","0","real","129","5","814","5.15","25.8","63","750","0","0","7","4","0","0.0","0.0","0","0.0","0.02568","0","63","2","65","0.079853","0","","0","0.0","","0","0.0","","0","0.0",""
"true_896","896","0","real","481","15","2896","4.89","32.07","72","2823","0","0","33","8","0","0.0","0.0","0","0.0","0.036201","0","205","2","207","0.071478","0","","0","0.0","","3","0.006237","sipas, ministria","0","0.0",""
"true_897","897","0","real","173","6","1146","5.15","28.83","71","1074","0","0","7","0","0","0.0","0.0","9","0.052023","0.086614","0","85","0","85","0.074171","0","","0","0.0","","1","0.00578","sipas","0","0.0",""
"true_898","898","0","real","260","20","1609","4.99","13.0","76","1532","0","0","10","6","0","0.0","0.0","2","0.007692","0.052672","0","116","1","117","0.072716","0","","0","0.0","","1","0.003846","sipas","0","0.0",""
"true_899","899","0","real","387","15","2305","4.83","25.8","77","2227","0","0","31","2","0","0.0","0.0","0","0.0","0.036403","0","176","1","177","0.07679","0","","0","0.0","","3","0.007752","sipas, deklaroi","1","0.002584","thuhet"
"true_900","900","0","real","204","9","1234","4.92","22.67","51","1182","0","0","11","6","0","0.0","0.0","2","0.009804","0.032901","0","109","0","109","0.088331","0","","0","0.0","","0","0.0","","0","0.0",""
"true_901","901","0","real","117","4","775","5.52","29.25","68","706","0","0","10","0","0","0.0","0.0","0","0.0","0.065319","0","48","1","49","0.063226","0","","0","0.0","","2","0.017094","sipas","0","0.0",""
"true_902","902","0","real","262","11","1507","4.64","23.82","98","1408","0","0","9","2","0","0.0","0.0","2","0.007634","0.034539","0","123","1","124","0.082283","0","","0","0.0","","0","0.0","","0","0.0",""
"true_903","903","0","real","251","7","1599","5.29","35.86","94","1504","0","0","11","2","0","0.0","0.0","1","0.003984","0.018825","0","113","1","114","0.071295","0","","0","0.0","","1","0.003984","sipas","2","0.007968","thuhet, mund të"
"true_904","904","0","real","217","9","1251","4.66","24.11","78","1172","0","0","12","6","0","0.0","0.0","0","0.0","0.047619","0","91","1","92","0.073541","0","","0","0.0","","4","0.018433","sipas, policia","1","0.004608","mund të"
"true_905","905","0","real","213","9","1271","4.89","23.67","82","1188","0","0","8","4","0","0.0","0.0","1","0.004695","0.061836","0","87","0","87","0.06845","0","","0","0.0","","1","0.004695","sipas","0","0.0",""
"true_906","906","0","real","439","12","2704","5.09","36.58","90","2613","0","0","15","6","0","0.0","0.0","0","0.0","0.010733","0","196","0","196","0.072485","0","","0","0.0","","0","0.0","","3","0.006834","mund të"
"true_907","907","0","real","128","4","904","5.3","32.0","59","844","0","0","22","0","0","0.0","0.0","2","0.015625","0.064897","0","32","2","34","0.037611","0","","0","0.0","","0","0.0","","0","0.0",""
"true_908","908","0","real","95","3","562","4.82","31.67","54","507","0","0","6","0","0","0.0","0.0","0","0.0","0.0131","0","47","0","47","0.08363","0","","0","0.0","","2","0.021053","sipas, policia","0","0.0",""
"true_909","909","0","real","627","22","4010","5.23","28.5","84","3925","0","1","45","24","0","0.0","0.001595","15","0.023923","0.050305","0","251","5","256","0.06384","0","","0","0.0","","1","0.001595","sipas","2","0.00319","mund të"
"true_910","910","0","real","349","10","2090","4.89","34.9","96","1993","0","0","17","2","0","0.0","0.0","0","0.0","0.025806","0","141","2","143","0.068421","0","","0","0.0","","1","0.002865","deklaroi","1","0.002865","mund të"
"true_911","911","0","real","192","10","1225","5.17","19.2","61","1163","0","0","15","4","0","0.0","0.0","0","0.0","0.019153","0","68","1","69","0.056327","0","","0","0.0","","1","0.005208","sipas","4","0.020833","thuhet, dyshohet"
"true_912","912","0","real","148","6","979","5.56","24.67","81","897","0","0","4","2","0","0.0","0.0","0","0.0","0.03163","0","56","0","56","0.057201","0","","0","0.0","","2","0.013514","policia","0","0.0",""
"true_913","913","0","real","194","9","1157","4.87","21.56","49","1107","0","0","4","4","0","0.0","0.0","3","0.015464","0.051907","0","85","0","85","0.073466","0","","0","0.0","","0","0.0","","0","0.0",""
"true_914","914","0","real","367","18","2222","4.95","20.39","82","2139","0","0","21","8","0","0.0","0.0","2","0.00545","0.054787","0","162","0","162","0.072907","0","","0","0.0","","3","0.008174","sipas, raporti","0","0.0",""
"true_915","915","0","real","331","9","2017","4.9","36.78","43","1973","0","0","17","2","0","0.0","0.0","6","0.018127","0.040123","0","149","1","150","0.074368","0","","0","0.0","","1","0.003021","institucioni","0","0.0",""
"true_916","916","0","real","227","12","1383","4.86","18.92","53","1329","0","0","10","14","0","0.0","0.0","2","0.008811","0.028986","0","99","2","101","0.07303","0","","0","0.0","","0","0.0","","4","0.017621","mund të"
"true_917","917","0","real","271","9","1631","4.84","30.11","102","1528","0","0","12","6","0","0.0","0.0","3","0.01107","0.043678","0","142","1","143","0.087676","0","","0","0.0","","1","0.00369","bëri të ditur","0","0.0",""
"true_918","918","0","real","202","5","1172","4.73","40.4","94","1077","0","0","5","4","0","0.0","0.0","3","0.014851","0.036649","0","73","5","78","0.066553","0","","0","0.0","","1","0.00495","policia","2","0.009901","mund të"
"true_919","919","0","real","277","8","1775","5.3","34.62","68","1706","0","0","8","4","0","0.0","0.0","4","0.01444","0.056694","0","155","1","156","0.087887","0","","0","0.0","","1","0.00361","ministria","3","0.01083","thuhet"
"true_920","920","0","real","468","20","2909","5.06","23.4","62","2846","0","0","37","15","0","0.0","0.0","0","0.0","0.035578","0","188","10","198","0.068065","0","","0","0.0","","6","0.012821","sipas, raportoi","0","0.0",""
"true_921","921","0","real","205","6","1299","5.18","34.17","73","1225","0","0","16","0","0","0.0","0.0","1","0.004878","0.027384","0","102","2","104","0.080062","0","","0","0.0","","0","0.0","","1","0.004878","mund të"
"true_922","922","0","real","159","3","999","5.15","53.0","52","946","0","0","5","0","0","0.0","0.0","5","0.031447","0.051282","0","72","1","73","0.073073","0","","0","0.0","","1","0.006289","institucioni","0","0.0",""
"true_923","923","0","real","657","21","3909","4.72","31.29","37","3871","0","0","40","10","0","0.0","0.0","8","0.012177","0.035207","0","325","2","327","0.083653","0","","0","0.0","","2","0.003044","sipas","7","0.010654","mund të"
"true_924","924","0","real","752","32","4735","5.08","23.5","89","4645","0","0","46","0","0","0.0","0.0","1","0.00133","0.022769","0","327","4","331","0.069905","0","","0","0.0","","8","0.010638","sipas","1","0.00133","mund të"
"true_925","925","0","real","770","43","4269","4.42","17.91","55","4213","2","2","37","15","1","0.002597","0.002597","3","0.003896","0.022392","0","315","6","321","0.075193","0","","0","0.0","","1","0.001299","sipas","1","0.001299","mund të"
"true_926","926","0","real","159","6","997","4.86","26.5","50","946","0","0","7","2","0","0.0","0.0","2","0.012579","0.025907","0","74","0","74","0.074223","0","","0","0.0","","0","0.0","","0","0.0",""
"true_927","927","0","real","2552","146","16413","5.03","17.48","41","16371","0","0","135","43","0","0.0","0.0","36","0.014107","0.036517","0","1124","20","1144","0.069701","0","","1","0.000392","urgjente","14","0.005486","sipas, ministria","3","0.001176","thuhet"
"true_928","928","0","real","281","8","1753","5.18","35.12","58","1694","0","0","7","6","0","0.0","0.0","3","0.010676","0.021993","0","134","0","134","0.07644","0","","0","0.0","","1","0.003559","sipas","3","0.010676","thuhet, mund të"
"true_929","929","0","real","205","13","1255","4.87","15.77","69","1185","0","0","15","0","0","0.0","0.0","2","0.009756","0.03012","0","99","1","100","0.079681","0","","0","0.0","","0","0.0","","1","0.004878","mund të"
"true_930","930","0","real","245","14","1541","5.09","17.5","57","1483","0","0","13","4","0","0.0","0.0","4","0.016327","0.053055","0","94","1","95","0.061648","0","","0","0.0","","0","0.0","","0","0.0",""
"true_931","931","0","real","382","9","2316","4.99","42.44","69","2246","0","0","10","2","0","0.0","0.0","0","0.0","0.021511","0","183","0","183","0.079016","0","","0","0.0","","6","0.015707","sipas, policia","4","0.010471","thuhet, mund të"
"true_932","932","0","real","1167","35","6659","4.61","33.34","98","6560","0","0","38","12","0","0.0","0.0","31","0.026564","0.041837","0","462","4","466","0.06998","0","","0","0.0","","5","0.004284","sipas, ministria, institucioni","4","0.003428","mund të"
"true_933","933","0","real","238","6","1522","5.2","39.67","53","1468","0","0","22","4","0","0.0","0.0","1","0.004202","0.028271","0","99","0","99","0.065046","0","","0","0.0","","3","0.012605","sipas, ministria, policia","1","0.004202","thuhet"
"true_934","934","0","real","223","8","1324","4.76","27.88","47","1276","0","0","7","2","0","0.0","0.0","5","0.022422","0.04147","0","115","2","117","0.088369","0","","0","0.0","","1","0.004484","sipas","0","0.0",""
"true_935","935","0","real","547","36","2997","4.3","15.19","53","2943","0","1","23","28","0","0.0","0.001828","5","0.009141","0.034439","0","238","4","242","0.080747","0","","0","0.0","","1","0.001828","policia","2","0.003656","mund të"
"true_936","936","0","real","185","8","1207","5.1","23.12","44","1162","0","0","17","2","0","0.0","0.0","1","0.005405","0.037116","0","97","0","97","0.080365","0","","0","0.0","","3","0.016216","sipas, ministria","0","0.0",""
"true_937","937","0","real","432","23","2648","4.9","18.78","87","2560","0","0","25","12","0","0.0","0.0","5","0.011574","0.035478","0","202","0","202","0.076284","0","","0","0.0","","3","0.006944","ministria, policia","3","0.006944","mund të"
"true_938","938","0","real","474","15","2980","5.17","31.6","53","2926","0","0","17","2","0","0.0","0.0","0","0.0","0.025316","0","188","1","189","0.063423","0","","0","0.0","","3","0.006329","deklaroi, ministria, raporti","2","0.004219","mund të"
"true_939","939","0","real","414","21","2544","5.02","19.71","73","2470","0","0","14","8","0","0.0","0.0","17","0.041063","0.051998","0","157","3","160","0.062893","0","","0","0.0","","1","0.002415","sipas","3","0.007246","mund të"
"true_940","940","0","real","408","24","2394","4.63","17.0","107","2286","0","0","34","8","0","0.0","0.0","3","0.007353","0.034958","0","172","2","174","0.072682","0","","0","0.0","","6","0.014706","sipas, policia","1","0.002451","thuhet"
"true_941","941","0","real","159","7","902","4.62","22.71","122","779","0","0","6","2","0","0.0","0.0","0","0.0","0.036735","0","70","0","70","0.077605","0","","0","0.0","","1","0.006289","sipas","1","0.006289","thuhet"
"true_942","942","0","real","389","14","2353","4.9","27.79","42","2310","0","0","21","8","0","0.0","0.0","1","0.002571","0.024134","0","153","1","154","0.065448","0","","0","0.0","","0","0.0","","1","0.002571","mund të"
"true_943","943","0","real","421","13","2475","4.8","32.38","65","2409","0","0","8","0","0","0.0","0.0","6","0.014252","0.056987","0","187","1","188","0.07596","0","","0","0.0","","1","0.002375","sipas","0","0.0",""
"true_944","944","0","real","195","7","1330","5.19","27.86","47","1282","0","0","28","0","0","0.0","0.0","2","0.010256","0.051383","0","60","3","63","0.047368","0","","0","0.0","","1","0.005128","sipas","0","0.0",""
"true_945","945","0","real","216","9","1514","5.26","24.0","51","1462","0","0","28","0","0","0.0","0.0","10","0.046296","0.092593","0","67","3","70","0.046235","0","","0","0.0","","1","0.00463","bëri të ditur","0","0.0",""
"true_946","946","0","real","183","7","1165","5.22","26.14","61","1103","0","0","10","2","0","0.0","0.0","1","0.005464","0.039791","0","88","0","88","0.075536","0","","0","0.0","","1","0.005464","sipas","1","0.005464","thuhet"
"true_947","947","0","real","256","12","1444","4.59","21.33","64","1379","0","0","4","2","0","0.0","0.0","0","0.0","0.02466","0","108","1","109","0.075485","0","","0","0.0","","0","0.0","","3","0.011719","thuhet, dyshohet"
"true_948","948","0","real","101","5","605","4.94","20.2","61","543","0","0","5","0","0","0.0","0.0","0","0.0","0.016032","0","30","0","30","0.049587","0","","0","0.0","","1","0.009901","sipas","0","0.0",""
"true_949","949","0","real","100","4","602","4.98","25.0","76","525","0","0","4","0","0","0.0","0.0","0","0.0","0.018072","0","52","0","52","0.086379","0","","0","0.0","","3","0.03","policia","0","0.0",""
"true_950","950","0","real","263","11","1596","4.98","23.91","100","1495","0","0","14","4","0","0.0","0.0","0","0.0","0.035168","0","129","0","129","0.080827","0","","0","0.0","","2","0.007605","sipas","0","0.0",""
"true_951","951","0","real","165","6","976","4.57","27.5","84","891","0","0","4","0","0","0.0","0.0","5","0.030303","0.055703","0","76","0","76","0.077869","0","","0","0.0","","1","0.006061","raporti","1","0.006061","dyshohet"
"true_952","952","0","real","135","5","776","4.63","27.0","33","742","0","0","6","4","0","0.0","0.0","0","0.0","0.0192","0","60","0","60","0.07732","0","","0","0.0","","5","0.037037","policia","0","0.0",""
"true_953","953","0","real","218","10","1392","5.14","21.8","74","1317","0","0","11","2","0","0.0","0.0","4","0.018349","0.057092","0","88","5","93","0.06681","0","","0","0.0","","1","0.004587","sipas","0","0.0",""
"true_954","954","0","real","108","6","617","4.62","18.0","66","550","0","0","2","0","0","0.0","0.0","0","0.0","0.024048","0","52","0","52","0.084279","0","","0","0.0","","4","0.037037","sipas, policia","1","0.009259","dyshohet"
"true_955","955","0","real","90","3","535","4.86","30.0","62","472","0","0","2","6","0","0.0","0.0","0","0.0","0.02746","0","42","0","42","0.078505","0","","0","0.0","","0","0.0","","1","0.011111","thuhet"
"true_957","957","0","real","275","13","1719","5.07","21.15","85","1633","0","0","6","6","0","0.0","0.0","1","0.003636","0.024373","0","138","3","141","0.082024","0","","0","0.0","","0","0.0","","0","0.0",""
"true_958","958","0","real","344","10","2063","4.82","34.4","79","1983","0","0","32","2","0","0.0","0.0","0","0.0","0.02657","0","132","2","134","0.064954","0","","0","0.0","","6","0.017442","sipas","3","0.008721","thuhet, dyshohet"
"true_959","959","0","real","143","7","850","4.68","20.43","54","795","0","0","7","2","1","0.0","0.0","2","0.013986","0.043348","0","67","3","70","0.082353","0","","0","0.0","","0","0.0","","0","0.0",""
"true_960","960","0","real","97","4","642","5.53","24.25","57","584","0","0","6","2","0","0.0","0.0","0","0.0","0.06903","0","35","0","35","0.054517","0","","0","0.0","","0","0.0","","2","0.020619","thuhet"
"true_961","961","0","real","207","8","1291","5.12","25.88","27","1263","0","0","9","0","0","0.0","0.0","2","0.009662","0.033994","0","98","2","100","0.077459","0","","0","0.0","","0","0.0","","0","0.0",""
"true_962","962","0","real","135","9","860","5.1","15.0","41","818","0","0","7","2","0","0.0","0.0","1","0.007407","0.036284","0","69","1","70","0.081395","0","","0","0.0","","1","0.007407","sipas","0","0.0",""
"true_963","963","0","real","241","10","1448","4.83","24.1","58","1389","0","0","22","8","0","0.0","0.0","1","0.004149","0.054124","0","119","0","119","0.082182","0","","0","0.0","","0","0.0","","1","0.004149","mund të"
"true_964","964","0","real","313","11","1951","5.01","28.45","71","1879","0","0","16","6","0","0.0","0.0","0","0.0","0.014668","0","116","1","117","0.059969","0","","0","0.0","","7","0.022364","sipas, ministria","3","0.009585","thuhet, mund të"
"true_965","965","0","real","85","7","492","4.76","12.14","62","429","0","0","1","0","0","0.0","0.0","3","0.035294","0.066667","0","45","1","46","0.093496","0","","0","0.0","","0","0.0","","0","0.0",""
"true_966","966","0","real","620","33","3940","5.16","18.79","74","3865","0","4","38","4","0","0.0","0.006452","16","0.025806","0.038762","0","249","1","250","0.063452","0","","0","0.0","","1","0.001613","sipas","8","0.012903","mund të"
"true_967","967","0","real","639","23","3445","4.3","27.78","25","3419","0","0","31","10","0","0.0","0.0","0","0.0","0.016","0","265","10","275","0.079826","0","","0","0.0","","1","0.001565","sipas","0","0.0",""
"true_968","968","0","real","280","13","1737","5.11","21.54","64","1672","0","0","11","4","0","0.0","0.0","5","0.017857","0.043326","0","111","5","116","0.066782","0","","0","0.0","","1","0.003571","policia","0","0.0",""
"true_969","969","0","real","105","11","694","5.35","9.55","70","623","0","0","5","2","0","0.0","0.0","2","0.019048","0.051786","0","45","3","48","0.069164","0","","0","0.0","","4","0.038095","sipas, raportoi, policia","0","0.0",""
"true_970","970","0","real","105","10","654","5.21","10.5","59","594","0","0","2","0","0","0.0","0.0","4","0.038095","0.065934","0","49","2","51","0.077982","0","","0","0.0","","0","0.0","","0","0.0",""
"true_971","971","0","real","119","7","754","5.24","17.0","56","697","0","0","2","4","0","0.0","0.0","3","0.02521","0.05297","0","46","3","49","0.064987","0","","0","0.0","","3","0.02521","raportoi, policia","0","0.0",""
"true_972","972","0","real","137","8","841","4.93","17.12","33","807","0","0","2","0","0","0.0","0.0","2","0.014599","0.036982","0","60","0","60","0.071344","0","","0","0.0","","0","0.0","","0","0.0",""
"true_973","973","0","real","329","12","1885","4.62","27.42","89","1795","0","0","17","10","0","0.0","0.0","0","0.0","0.039578","0","156","11","167","0.088594","0","","0","0.0","","0","0.0","","1","0.00304","mund të"
"true_974","974","0","real","148","9","901","4.55","16.44","59","841","0","0","12","0","0","0.0","0.0","4","0.027027","0.053492","0","61","2","63","0.069922","0","","0","0.0","","1","0.006757","sipas","0","0.0",""
"true_975","975","0","real","465","14","2671","4.56","33.21","37","2633","0","0","30","8","0","0.0","0.0","1","0.002151","0.021216","0","180","5","185","0.069262","0","","0","0.0","","0","0.0","","1","0.002151","thuhet"
"true_976","976","0","real","102","5","630","5.1","20.4","80","549","0","0","3","0","0","0.0","0.0","0","0.0","0.025","0","48","0","48","0.07619","0","","0","0.0","","1","0.009804","sipas","2","0.019608","dyshohet"
"true_977","977","0","real","149","6","1062","5.5","24.83","60","1001","0","0","13","0","0","0.0","0.0","5","0.033557","0.077111","0","68","0","68","0.06403","0","","0","0.0","","1","0.006711","sipas","0","0.0",""
"true_978","978","0","real","269","10","1504","4.48","26.9","88","1415","0","0","15","4","0","0.0","0.0","1","0.003717","0.021595","0","122","1","123","0.081782","0","","0","0.0","","1","0.003717","raportoi","2","0.007435","dyshohet"
"true_979","979","0","real","146","7","902","5.12","20.86","76","825","0","0","2","4","0","0.0","0.0","1","0.006849","0.03079","0","73","0","73","0.080931","0","","0","0.0","","0","0.0","","0","0.0",""
"true_980","980","0","real","123","4","886","5.4","30.75","33","852","0","0","23","0","0","0.0","0.0","2","0.01626","0.063253","0","29","1","30","0.03386","0","","0","0.0","","1","0.00813","sipas","0","0.0",""
"true_981","981","0","real","73","4","419","4.71","18.25","96","322","0","0","2","0","0","0.0","0.0","0","0.0","0.034884","0","29","0","29","0.069212","0","","0","0.0","","0","0.0","","0","0.0",""
"true_982","982","0","real","71","5","437","5.1","14.2","52","384","0","0","3","0","0","0.0","0.0","1","0.014085","0.036011","0","30","2","32","0.073227","0","","0","0.0","","1","0.014085","policia","0","0.0",""
"true_983","983","0","real","420","19","2424","4.7","22.11","64","2359","0","0","11","2","0","0.0","0.0","7","0.016667","0.04264","0","186","4","190","0.078383","0","","0","0.0","","1","0.002381","sipas","6","0.014286","thuhet, dyshohet, mund të"
"true_984","984","0","real","161","7","940","4.77","23.0","64","875","0","0","6","0","0","0.0","0.0","3","0.018634","0.04824","0","81","3","84","0.089362","0","","0","0.0","","0","0.0","","1","0.006211","dyshohet"
"true_985","985","0","real","207","10","1274","4.87","20.7","70","1203","0","0","8","2","0","0.0","0.0","5","0.024155","0.048611","0","101","0","101","0.079278","0","","0","0.0","","0","0.0","","2","0.009662","mund të"
"true_986","986","0","real","198","12","1196","4.81","16.5","108","1087","0","0","8","2","0","0.0","0.0","5","0.025253","0.056723","0","81","3","84","0.070234","0","","0","0.0","","0","0.0","","0","0.0",""
"true_987","987","0","real","121","9","737","4.75","13.44","37","699","0","0","5","0","0","0.0","0.0","3","0.024793","0.057391","0","37","1","38","0.05156","0","","0","0.0","","0","0.0","","0","0.0",""
"true_988","988","0","real","320","12","1865","4.71","26.67","66","1798","2","0","18","8","0","0.00625","0.0","0","0.0","0.041833","0","126","13","139","0.074531","0","","0","0.0","","0","0.0","","0","0.0",""
"true_989","989","0","real","115","5","712","5.11","23.0","81","630","0","0","2","4","0","0.0","0.0","1","0.008696","0.030612","0","60","1","61","0.085674","0","","0","0.0","","0","0.0","","0","0.0",""
"true_990","990","0","real","295","18","1714","4.61","16.39","55","1658","0","0","28","4","0","0.0","0.0","0","0.0","0.032329","0","91","7","98","0.057176","0","","0","0.0","","0","0.0","","0","0.0",""
"true_991","991","0","real","1084","57","6899","5.22","19.02","78","6820","0","3","49","29","0","0.0","0.002768","5","0.004613","0.037957","0","481","6","487","0.07059","0","","0","0.0","","1","0.000923","sipas","2","0.001845","mund të"
"true_992","992","0","real","54","4","282","4.09","13.5","53","228","0","0","4","0","0","0.0","0.0","0","0.0","0.045249","0","34","1","35","0.124113","0","","0","0.0","","0","0.0","","0","0.0",""
"true_993","993","0","real","91","7","564","5.0","13.0","65","498","0","0","7","2","0","0.0","0.0","0","0.0","0.072848","0","33","0","33","0.058511","0","","0","0.0","","0","0.0","","0","0.0",""
"true_994","994","0","real","210","6","1349","5.24","35.0","82","1266","0","0","9","7","0","0.0","0.0","1","0.004762","0.031905","0","82","1","83","0.061527","0","","0","0.0","","3","0.014286","sipas, ministria","2","0.009524","mund të"
"true_995","995","0","real","81","5","447","4.47","16.2","52","394","0","0","2","0","0","0.0","0.0","2","0.024691","0.052486","0","46","0","46","0.102908","0","","0","0.0","","0","0.0","","1","0.012346","mund të"
"true_996","996","0","real","174","6","1052","4.93","29.0","132","919","0","0","11","0","0","0.0","0.0","1","0.005747","0.050292","0","63","0","63","0.059886","0","","0","0.0","","5","0.028736","policia","1","0.005747","mund të"
"true_997","997","0","real","259","4","1628","5.14","64.75","87","1540","0","0","12","4","0","0.0","0.0","5","0.019305","0.051243","0","122","4","126","0.077396","0","","0","0.0","","0","0.0","","1","0.003861","thuhet"
"true_998","998","0","real","185","8","1130","5.02","23.12","80","1049","0","0","7","2","0","0.0","0.0","1","0.005405","0.049622","0","59","0","59","0.052212","0","","0","0.0","","4","0.021622","sipas, policia","0","0.0",""
"true_999","999","0","real","718","32","4356","4.9","22.44","61","4294","0","2","32","14","0","0.0","0.002786","5","0.006964","0.023877","0","348","0","348","0.07989","0","","0","0.0","","1","0.001393","sipas","13","0.018106","mund të"
"true_1000","1000","0","real","629","33","3875","5.06","19.06","38","3836","0","0","24","8","0","0.0","0.0","12","0.019078","0.050063","0","239","1","240","0.061935","1","kosove","0","0.0","","2","0.00318","sipas","1","0.00159","mund të"
"true_1001","1001","0","real","149","6","947","5.29","24.83","60","886","0","0","9","0","0","0.0","0.0","1","0.006711","0.02665","0","73","4","77","0.081309","0","","0","0.0","","0","0.0","","1","0.006711","thuhet"
"true_1002","1002","0","real","639","23","4105","5.12","27.78","61","4043","0","0","49","8","0","0.0","0.0","9","0.014085","0.043704","0","276","2","278","0.067722","0","","0","0.0","","5","0.007825","sipas, policia","1","0.001565","mund të"
"true_1003","1003","0","real","285","22","1770","4.84","12.95","65","1704","0","0","24","5","0","0.0","0.0","1","0.003509","0.037708","0","108","5","113","0.063842","0","","0","0.0","","3","0.010526","policia","4","0.014035","dyshohet"
"true_1004","1004","0","real","285","22","1770","4.84","12.95","65","1704","0","0","24","5","0","0.0","0.0","1","0.003509","0.037708","0","108","5","113","0.063842","0","","0","0.0","","3","0.010526","policia","4","0.014035","dyshohet"
"true_1005","1005","0","real","219","8","1487","5.1","27.38","59","1427","0","0","30","0","0","0.0","0.0","4","0.018265","0.060987","0","81","2","83","0.055817","0","","0","0.0","","2","0.009132","sipas","0","0.0",""
"true_1006","1006","0","real","197","7","1347","5.15","28.14","67","1279","0","0","29","0","0","0.0","0.0","3","0.015228","0.056269","0","65","2","67","0.04974","0","","0","0.0","","3","0.015228","sipas","0","0.0",""
"true_1007","1007","0","real","67","4","440","4.91","16.75","39","400","0","0","5","0","0","0.0","0.0","2","0.029851","0.045593","0","27","0","27","0.061364","0","","0","0.0","","2","0.029851","sipas","0","0.0",""
"true_1008","1008","0","real","1882","71","11317","4.91","26.51","47","11269","0","0","101","38","0","0.0","0.0","22","0.01169","0.027943","0","968","21","989","0.087391","0","","0","0.0","","11","0.005845","sipas, ministria","9","0.004782","thuhet, mund të"
"true_1009","1009","0","real","95","5","576","4.96","19.0","50","525","0","0","4","0","0","0.0","0.0","0","0.0","0.025478","0","44","0","44","0.076389","0","","0","0.0","","1","0.010526","sipas","0","0.0",""
"true_1010","1010","0","real","61","4","393","5.2","15.25","58","334","0","0","2","0","0","0.0","0.0","0","0.0","0.037975","0","21","0","21","0.053435","0","","0","0.0","","0","0.0","","0","0.0",""
"true_1011","1011","0","real","293","11","1803","4.99","26.64","49","1753","0","0","17","2","0","0.0","0.0","8","0.027304","0.061728","0","111","1","112","0.062119","0","","0","0.0","","0","0.0","","0","0.0",""
"true_1012","1012","0","real","854","39","5139","4.85","21.9","22","5116","13","5","62","44","11","0.015222","0.005855","17","0.019906","0.057343","0","400","6","406","0.079004","0","","0","0.0","","1","0.001171","sipas","5","0.005855","mund të"
"true_1013","1013","0","real","232","4","1452","5.09","58.0","54","1397","0","0","25","6","0","0.0","0.0","1","0.00431","0.027942","0","92","3","95","0.065427","0","","0","0.0","","1","0.00431","sipas","1","0.00431","mund të"
"true_1014","1014","0","real","62","3","413","5.24","20.67","70","342","0","0","3","0","0","0.0","0.0","3","0.048387","0.070769","0","26","0","26","0.062954","0","","0","0.0","","2","0.032258","sipas","0","0.0",""
"true_1015","1015","0","real","153","7","957","5.19","21.86","76","880","0","0","4","2","0","0.0","0.0","1","0.006536","0.049242","0","69","0","69","0.0721","0","","0","0.0","","3","0.019608","deklaroi, ministria","1","0.006536","thuhet"
"true_1016","1016","0","real","185","9","1162","5.14","20.56","87","1074","0","0","13","0","0","0.0","0.0","1","0.005405","0.030623","0","84","0","84","0.072289","0","","0","0.0","","0","0.0","","0","0.0",""
"true_1017","1017","0","real","187","8","1188","5.13","23.38","79","1108","0","0","13","6","0","0.0","0.0","3","0.016043","0.058333","0","81","3","84","0.070707","0","","0","0.0","","0","0.0","","0","0.0",""
"true_1018","1018","0","real","175","9","1214","5.8","19.44","60","1153","0","0","12","2","0","0.0","0.0","3","0.017143","0.054241","0","96","2","98","0.080725","0","","0","0.0","","1","0.005714","sipas","2","0.011429","thuhet, mund të"
"true_1019","1019","0","real","113","5","713","4.87","22.6","94","618","0","0","6","0","0","0.0","0.0","5","0.044248","0.070909","0","48","1","49","0.068724","0","","0","0.0","","1","0.00885","sipas","1","0.00885","thuhet"
"true_1020","1020","0","real","266","13","1663","5.1","20.46","87","1575","0","0","9","3","0","0.0","0.0","4","0.015038","0.039823","0","122","1","123","0.073963","0","","0","0.0","","3","0.011278","sipas, ministria","1","0.003759","mund të"
"true_1021","1021","0","real","261","8","1667","5.25","32.62","65","1601","0","0","5","10","0","0.0","0.0","1","0.003831","0.02788","0","132","1","133","0.079784","0","","0","0.0","","1","0.003831","policia","2","0.007663","thuhet"
"true_1022","1022","0","real","2799","140","16983","4.86","19.99","22","16960","0","0","162","54","0","0.0","0.0","13","0.004645","0.033257","0","1257","14","1271","0.07484","0","","0","0.0","","12","0.004287","sipas, ministria","6","0.002144","thuhet, mund të"
"true_1023","1023","0","real","68","4","465","5.59","17.0","61","403","0","0","6","4","0","0.0","0.0","0","0.0","0.044737","0","23","0","23","0.049462","0","","0","0.0","","0","0.0","","0","0.0",""
"true_1024","1024","0","real","188","11","1114","4.71","17.09","54","1059","0","0","12","12","0","0.0","0.0","1","0.005319","0.032768","0","74","0","74","0.066427","0","","0","0.0","","1","0.005319","sipas","0","0.0",""
"true_1025","1025","0","real","204","11","1286","5.16","18.55","67","1218","0","0","12","6","0","0.0","0.0","1","0.004902","0.026769","0","103","0","103","0.080093","0","","0","0.0","","0","0.0","","0","0.0",""
"true_1026","1026","0","real","410","12","2593","5.09","34.17","83","2509","0","0","24","2","0","0.0","0.0","1","0.002439","0.023479","0","196","3","199","0.076745","0","","0","0.0","","0","0.0","","1","0.002439","mund të"
"true_1027","1027","0","real","366","10","2322","5.21","36.6","49","2272","0","0","22","4","0","0.0","0.0","4","0.010929","0.045216","0","168","0","168","0.072351","0","","0","0.0","","0","0.0","","2","0.005464","thuhet"
"true_1028","1028","0","real","158","5","1006","5.2","31.6","57","948","0","0","10","5","0","0.0","0.0","0","0.0","0.052311","0","86","0","86","0.085487","0","","0","0.0","","0","0.0","","3","0.018987","thuhet"
"true_1029","1029","0","real","179","11","1109","4.79","16.27","71","1037","0","0","8","0","0","0.0","0.0","7","0.039106","0.058275","0","77","0","77","0.069432","0","","0","0.0","","0","0.0","","0","0.0",""
"true_1030","1030","0","real","347","11","1900","4.36","31.55","52","1847","0","0","15","19","0","0.0","0.0","0","0.0","0.025099","0","167","6","173","0.091053","0","","0","0.0","","1","0.002882","sipas","1","0.002882","ndoshta"
"true_1031","1031","0","real","140","6","875","5.17","23.33","76","798","0","0","6","2","0","0.0","0.0","0","0.0","0.051176","0","68","1","69","0.078857","0","","0","0.0","","0","0.0","","0","0.0",""
"true_1032","1032","0","real","294","11","1654","4.52","26.73","54","1599","0","1","20","6","0","0.0","0.003401","2","0.006803","0.038491","0","105","13","118","0.071342","0","","0","0.0","","0","0.0","","0","0.0",""
"true_1033","1033","0","real","145","10","837","4.68","14.5","42","794","0","0","4","2","0","0.0","0.0","1","0.006897","0.050222","0","65","6","71","0.084827","0","","0","0.0","","0","0.0","","0","0.0",""
"true_1034","1034","0","real","275","12","1623","4.77","22.92","52","1570","0","0","7","0","0","0.0","0.0","2","0.007273","0.028223","0","128","1","129","0.079482","0","","0","0.0","","1","0.003636","sipas","0","0.0",""
"true_1035","1035","0","real","222","14","1346","4.8","15.86","59","1286","0","0","13","4","0","0.0","0.0","5","0.022523","0.059155","0","89","0","89","0.066122","1","eshte","0","0.0","","0","0.0","","0","0.0",""
"true_1036","1036","0","real","121","5","713","4.81","24.2","69","643","0","0","1","0","0","0.0","0.0","4","0.033058","0.079174","0","62","0","62","0.086957","0","","0","0.0","","0","0.0","","0","0.0",""
"true_1037","1037","0","real","186","6","1038","4.41","31.0","69","968","0","1","8","4","0","0.0","0.005376","0","0.0","0.039072","0","79","1","80","0.077071","0","","0","0.0","","0","0.0","","0","0.0",""
"true_1038","1038","0","real","256","12","1527","4.84","21.33","98","1428","0","0","9","0","0","0.0","0.0","4","0.015625","0.043619","0","116","2","118","0.077276","0","","0","0.0","","0","0.0","","0","0.0",""
"true_1039","1039","0","real","646","35","3509","4.3","18.46","97","3411","0","0","27","10","0","0.0","0.0","6","0.009288","0.031723","0","290","2","292","0.083215","0","","0","0.0","","4","0.006192","sipas","2","0.003096","mund të"
"true_1040","1040","0","real","897","29","4955","4.4","30.93","66","4888","0","0","57","34","0","0.0","0.0","2","0.00223","0.035217","0","346","5","351","0.070838","0","","0","0.0","","0","0.0","","2","0.00223","mund të"
"true_1041","1041","0","real","201","13","1208","4.82","15.46","33","1174","0","0","13","5","0","0.0","0.0","3","0.014925","0.06095","0","79","1","80","0.066225","0","","0","0.0","","0","0.0","","0","0.0",""
"true_1042","1042","0","real","773","24","4889","5.14","32.21","70","4818","0","0","60","23","0","0.0","0.0","0","0.0","0.040806","0","324","13","337","0.06893","0","","0","0.0","","11","0.01423","sipas, raporti","3","0.003881","thuhet, mund të"
"true_1043","1043","0","real","196","16","1244","4.93","12.25","51","1192","0","0","11","8","0","0.0","0.0","1","0.005102","0.034126","0","80","2","82","0.065916","0","","0","0.0","","1","0.005102","sipas","0","0.0",""
"true_1044","1044","0","real","480","18","3069","5.2","26.67","63","3005","0","0","20","18","0","0.0","0.0","10","0.020833","0.047734","0","208","4","212","0.069078","0","","0","0.0","","4","0.008333","sipas","1","0.002083","thuhet"
"true_1045","1045","0","real","70","4","472","5.3","17.5","44","427","0","0","2","0","0","0.0","0.0","2","0.028571","0.072973","0","28","0","28","0.059322","0","","0","0.0","","0","0.0","","0","0.0",""
"true_1046","1046","0","real","209","7","1344","5.23","29.86","97","1246","0","0","22","2","0","0.0","0.0","4","0.019139","0.055912","0","105","0","105","0.078125","0","","0","0.0","","2","0.009569","policia","3","0.014354","thuhet, mendohet"
"true_1047","1047","0","real","818","30","5117","5.12","27.27","86","5030","0","0","48","14","0","0.0","0.0","15","0.018337","0.058315","0","390","10","400","0.078171","0","","0","0.0","","4","0.00489","sipas, ministria","2","0.002445","mund të"
"true_1048","1048","0","real","122","5","790","5.21","24.4","64","725","0","0","9","2","0","0.0","0.0","1","0.008197","0.053543","0","60","1","61","0.077215","0","","0","0.0","","0","0.0","","0","0.0",""
"true_1049","1049","0","real","470","17","2855","4.98","27.65","81","2773","0","0","24","6","0","0.0","0.0","1","0.002128","0.025203","0","200","4","204","0.071454","0","","0","0.0","","2","0.004255","sipas","0","0.0",""
"true_1050","1050","0","real","367","12","2300","5.13","30.58","109","2190","0","0","7","8","0","0.0","0.0","0","0.0","0.013808","0","158","9","167","0.072609","0","","1","0.002725","urgjente","1","0.002725","sipas","0","0.0",""
"true_1051","1051","0","real","169","8","994","4.77","21.12","66","927","0","0","6","6","0","0.0","0.0","1","0.005917","0.044832","0","55","3","58","0.05835","0","","0","0.0","","0","0.0","","0","0.0",""
"true_1052","1052","0","real","185","9","1212","5.45","20.56","77","1134","0","0","9","4","0","0.0","0.0","0","0.0","0.039722","0","69","0","69","0.056931","0","","0","0.0","","0","0.0","","1","0.005405","thuhet"
"true_1053","1053","0","real","221","20","1239","4.44","11.05","75","1163","0","0","19","4","0","0.0","0.0","0","0.0","0.030581","0","101","1","102","0.082324","0","","0","0.0","","1","0.004525","sipas","3","0.013575","thuhet"
"true_1054","1054","0","real","328","15","2094","4.96","21.87","73","2020","0","0","16","8","0","0.0","0.0","13","0.039634","0.04182","0","133","3","136","0.064947","0","","0","0.0","","2","0.006098","sipas","0","0.0",""
"true_1055","1055","0","real","131","9","854","5.13","14.56","63","790","0","0","10","0","0","0.0","0.0","1","0.007634","0.03125","0","45","0","45","0.052693","0","","0","0.0","","2","0.015267","sipas, policia","1","0.007634","mund të"
"true_1056","1056","0","real","430","25","2608","4.96","17.2","89","2518","0","0","23","12","0","0.0","0.0","2","0.004651","0.034791","0","180","4","184","0.070552","0","","0","0.0","","2","0.004651","sipas, ministria","1","0.002326","mund të"
"true_1057","1057","0","real","214","11","1289","4.84","19.45","52","1236","0","0","6","6","0","0.0","0.0","0","0.0","0.023188","0","93","2","95","0.073701","0","","0","0.0","","0","0.0","","0","0.0",""
"true_1058","1058","0","real","184","7","1196","5.4","26.29","66","1129","0","0","12","4","0","0.0","0.0","0","0.0","0.026157","0","75","4","79","0.066054","0","","0","0.0","","1","0.005435","sipas","0","0.0",""
"true_1059","1059","0","real","94","4","613","5.38","23.5","70","542","0","0","4","0","0","0.0","0.0","3","0.031915","0.061265","0","41","0","41","0.066884","0","","0","0.0","","0","0.0","","0","0.0",""
"true_1060","1060","0","real","108","6","624","4.65","18.0","47","576","0","0","5","0","0","0.0","0.0","0","0.0","0.01992","0","53","3","56","0.089744","0","","0","0.0","","3","0.027778","sipas, policia","0","0.0",""
"true_1061","1061","0","real","95","7","607","5.01","13.57","58","548","0","0","10","2","0","0.0","0.0","3","0.031579","0.092437","0","37","0","37","0.060956","0","","0","0.0","","0","0.0","","0","0.0",""
"true_1062","1062","0","real","236","13","1385","4.78","18.15","61","1323","0","0","7","8","0","0.0","0.0","0","0.0","0.032","0","97","2","99","0.07148","0","","0","0.0","","0","0.0","","0","0.0",""
"true_1063","1063","0","real","235","14","1371","4.64","16.79","50","1320","0","0","7","2","0","0.0","0.0","0","0.0","0.033028","0","90","1","91","0.066375","0","","0","0.0","","0","0.0","","2","0.008511","thuhet"
"true_1064","1064","0","real","217","10","1294","4.86","21.7","37","1256","0","0","10","6","0","0.0","0.0","0","0.0","0.028517","0","95","3","98","0.075734","0","","0","0.0","","0","0.0","","1","0.004608","mund të"
"true_1065","1065","0","real","218","11","1298","4.76","19.82","76","1221","0","0","14","0","0","0.0","0.0","1","0.004587","0.035749","0","99","1","100","0.077042","0","","0","0.0","","0","0.0","","0","0.0",""
"true_1066","1066","0","real","52","5","341","5.27","10.4","58","282","0","0","3","2","0","0.0","0.0","0","0.0","0.062271","0","26","0","26","0.076246","0","","0","0.0","","0","0.0","","0","0.0",""
"true_1067","1067","0","real","62","5","373","4.97","12.4","23","349","0","0","1","0","0","0.0","0.0","1","0.016129","0.077922","0","20","3","23","0.061662","0","","0","0.0","","0","0.0","","0","0.0",""
"true_1068","1068","0","real","174","8","1075","5.01","21.75","49","1025","0","0","12","8","0","0.0","0.0","2","0.011494","0.05075","0","75","2","77","0.071628","0","","0","0.0","","0","0.0","","0","0.0",""
"true_1069","1069","0","real","934","36","5462","4.72","25.94","87","5374","0","0","72","18","0","0.0","0.0","2","0.002141","0.03582","0","418","9","427","0.078176","0","","0","0.0","","9","0.009636","sipas, institucioni","5","0.005353","mund të"
"true_1070","1070","0","real","200","9","1320","5.41","22.22","69","1250","0","0","12","4","0","0.0","0.0","1","0.005","0.02873","0","102","1","103","0.07803","0","","0","0.0","","0","0.0","","2","0.01","mund të"
"true_1071","1071","0","real","218","10","1297","4.83","21.8","46","1250","0","0","8","0","0","0.0","0.0","4","0.018349","0.046667","0","96","0","96","0.074017","0","","0","0.0","","0","0.0","","2","0.009174","mund të"
"true_1072","1072","0","real","235","10","1429","4.96","23.5","81","1347","0","0","13","10","0","0.0","0.0","2","0.008511","0.037005","0","117","1","118","0.082575","0","","0","0.0","","0","0.0","","1","0.004255","mund të"
"true_1073","1073","0","real","497","20","2792","4.5","24.85","66","2725","0","0","27","16","0","0.0","0.0","2","0.004024","0.034467","0","185","1","186","0.066619","0","","0","0.0","","0","0.0","","2","0.004024","mund të"
"true_1074","1074","0","real","186","6","1126","4.69","31.0","73","1052","0","0","14","4","0","0.0","0.0","5","0.026882","0.058553","0","43","1","44","0.039076","2","kosove, nje","0","0.0","","0","0.0","","0","0.0",""
"true_1075","1075","0","real","130","3","892","5.13","43.33","46","845","0","0","22","0","0","0.0","0.0","3","0.023077","0.068966","0","34","2","36","0.040359","0","","0","0.0","","0","0.0","","0","0.0",""
"true_1076","1076","0","real","143","8","917","4.79","17.88","63","853","0","0","17","0","0","0.0","0.0","4","0.027972","0.052555","0","62","0","62","0.067612","0","","0","0.0","","2","0.013986","sipas","0","0.0",""
"true_1077","1077","0","real","221","10","1318","4.79","22.1","65","1252","0","0","16","10","0","0.0","0.0","0","0.0","0.043519","0","75","1","76","0.057663","0","","0","0.0","","2","0.00905","sipas, policia","3","0.013575","dyshohet"
"true_1078","1078","0","real","244","10","1465","4.73","24.4","86","1378","0","0","7","0","0","0.0","0.0","3","0.012295","0.034692","0","124","2","126","0.086007","0","","0","0.0","","2","0.008197","sipas","0","0.0",""
"true_1079","1079","0","real","90","4","547","5.03","22.5","76","470","0","0","4","0","0","0.0","0.0","1","0.011111","0.057522","0","37","0","37","0.067642","0","","0","0.0","","0","0.0","","0","0.0",""
"true_1080","1080","0","real","1218","40","6980","4.65","30.45","72","6907","6","0","72","4","0","0.004926","0.0","0","0.0","0.022607","0","569","26","595","0.085244","0","","0","0.0","","0","0.0","","4","0.003284","mund të"
"true_1081","1081","0","real","1082","38","6646","5.0","28.47","86","6559","0","0","67","16","0","0.0","0.0","10","0.009242","0.024769","0","548","8","556","0.083659","0","","0","0.0","","6","0.005545","sipas, ministria","6","0.005545","thuhet, mund të"
"true_1082","1082","0","real","129","8","825","5.24","16.12","25","799","0","0","7","4","0","0.0","0.0","0","0.0","0.053254","0","60","2","62","0.075152","0","","0","0.0","","0","0.0","","0","0.0",""
"true_1083","1083","0","real","417","13","2624","5.12","32.08","57","2566","0","0","44","8","0","0.0","0.0","1","0.002398","0.018753","0","186","1","187","0.071265","0","","0","0.0","","1","0.002398","sipas","1","0.002398","mund të"
"true_1084","1084","0","real","244","11","1488","4.94","22.18","65","1422","1","0","17","2","0","0.004098","0.0","1","0.004098","0.047342","0","110","7","117","0.078629","0","","0","0.0","","0","0.0","","2","0.008197","thuhet, mund të"
"true_1085","1085","0","real","163","8","1070","5.32","20.38","44","1025","0","0","14","6","0","0.0","0.0","0","0.0","0.056647","0","66","2","68","0.063551","0","","0","0.0","","1","0.006135","sipas","0","0.0",""
"true_1086","1086","0","real","276","11","1703","5.07","25.09","54","1648","0","0","17","4","0","0.0","0.0","1","0.003623","0.027162","0","110","7","117","0.068702","0","","0","0.0","","2","0.007246","sipas","0","0.0",""
"true_1087","1087","0","real","621","19","3524","4.52","32.68","95","3428","0","0","30","15","0","0.0","0.0","1","0.00161","0.032143","0","251","3","254","0.072077","0","","0","0.0","","0","0.0","","1","0.00161","mund të"
"true_1088","1088","0","real","407","13","2449","4.87","31.31","75","2373","0","0","29","6","0","0.0","0.0","2","0.004914","0.038423","0","186","2","188","0.076766","0","","0","0.0","","0","0.0","","0","0.0",""
"true_1089","1089","0","real","150","9","968","4.86","16.67","47","920","0","0","8","2","0","0.0","0.0","3","0.02","0.061898","0","70","0","70","0.072314","0","","0","0.0","","1","0.006667","sipas","1","0.006667","thuhet"
"true_1090","1090","0","real","224","13","1364","5.0","17.23","62","1301","0","0","11","2","0","0.0","0.0","3","0.013393","0.034853","0","99","1","100","0.073314","0","","0","0.0","","1","0.004464","sipas","1","0.004464","mund të"
"true_1091","1091","0","real","249","11","1450","4.68","22.64","86","1363","0","0","13","2","0","0.0","0.0","4","0.016064","0.034305","0","98","0","98","0.067586","0","","0","0.0","","4","0.016064","ministria","0","0.0",""
"true_1092","1092","0","real","466","26","2874","4.85","17.92","50","2823","0","0","42","4","0","0.0","0.0","5","0.01073","0.034086","0","202","1","203","0.070633","0","","0","0.0","","4","0.008584","sipas, raportoi, ministria","0","0.0",""
"true_1093","1093","0","real","174","6","1106","5.2","29.0","58","1047","0","0","10","0","0","0.0","0.0","0","0.0","0.038674","0","80","0","80","0.072333","0","","0","0.0","","1","0.005747","sipas","1","0.005747","thuhet"
"true_1094","1094","0","real","101","4","570","4.56","25.25","83","486","0","0","4","2","0","0.0","0.0","0","0.0","0.047722","0","40","0","40","0.070175","0","","0","0.0","","1","0.009901","sipas","1","0.009901","thuhet"
"true_1095","1095","0","real","1037","49","6476","5.05","21.16","54","6421","0","0","86","16","0","0.0","0.0","15","0.014465","0.043595","0","513","8","521","0.080451","0","","0","0.0","","7","0.00675","sipas, policia","1","0.000964","ndoshta"
"true_1096","1096","0","real","172","7","1022","4.87","24.57","54","967","0","0","8","2","0","0.0","0.0","0","0.0","0.029833","0","73","6","79","0.077299","0","","0","0.0","","1","0.005814","bëri të ditur","0","0.0",""
"true_1097","1097","0","real","108","5","699","5.31","21.6","70","628","0","0","7","2","0","0.0","0.0","1","0.009259","0.052356","0","45","0","45","0.064378","0","","0","0.0","","0","0.0","","0","0.0",""
"true_1098","1098","0","real","182","8","1119","4.96","22.75","95","1023","0","0","8","4","0","0.0","0.0","0","0.0","0.019956","0","93","0","93","0.08311","0","","0","0.0","","1","0.005495","sipas","1","0.005495","mund të"
"true_1099","1099","0","real","187","8","1133","4.91","23.38","54","1078","0","0","15","4","0","0.0","0.0","3","0.016043","0.046943","0","86","0","86","0.075905","0","","0","0.0","","0","0.0","","0","0.0",""
"true_1100","1100","0","real","141","5","907","5.1","28.2","70","836","0","0","6","2","0","0.0","0.0","6","0.042553","0.079609","0","62","0","62","0.068357","0","","0","0.0","","1","0.007092","sipas","2","0.014184","thuhet"
"true_1101","1101","0","real","212","10","1331","5.05","21.2","69","1261","0","0","15","6","0","0.0","0.0","4","0.018868","0.076128","0","78","5","83","0.062359","0","","0","0.0","","1","0.004717","sipas","3","0.014151","thuhet"
"true_1102","1102","0","real","157","5","1067","5.1","31.4","41","1025","0","0","27","0","0","0.0","0.0","3","0.019108","0.067584","0","45","1","46","0.043112","0","","0","0.0","","1","0.006369","sipas","0","0.0",""
"true_1103","1103","0","real","146","5","905","5.12","29.2","55","849","0","0","8","0","0","0.0","0.0","2","0.013699","0.063257","0","68","0","68","0.075138","0","","0","0.0","","0","0.0","","0","0.0",""
"true_1104","1104","0","real","285","11","1857","5.39","25.91","57","1799","0","0","13","4","1","0.0","0.0","6","0.021053","0.039739","0","126","0","126","0.067851","0","","0","0.0","","0","0.0","","1","0.003509","mund të"
"true_1105","1105","0","real","313","18","1660","4.2","17.39","90","1569","0","0","18","8","0","0.0","0.0","2","0.00639","0.051028","0","91","2","93","0.056024","0","","0","0.0","","0","0.0","","0","0.0",""
"true_1106","1106","0","real","392","15","2407","4.99","26.13","89","2317","0","0","8","6","0","0.0","0.0","7","0.017857","0.043945","0","169","0","169","0.070212","0","","0","0.0","","0","0.0","","1","0.002551","mund të"
"true_1107","1107","0","real","102","6","668","5.01","17.0","45","622","0","0","6","0","0","0.0","0.0","3","0.029412","0.064579","0","50","0","50","0.07485","0","","0","0.0","","0","0.0","","1","0.009804","thuhet"
"true_1108","1108","0","real","123","11","710","4.5","11.18","46","663","0","0","5","1","0","0.0","0.0","6","0.04878","0.097826","0","41","1","42","0.059155","0","","0","0.0","","0","0.0","","1","0.00813","thuhet"
"true_1109","1109","0","real","1047","40","6282","4.87","26.18","61","6220","0","0","68","28","6","0.0","0.0","5","0.004776","0.028835","0","502","12","514","0.081821","0","","0","0.0","","2","0.00191","sipas","0","0.0",""
"true_1110","1110","0","real","151","7","951","5.19","21.57","62","888","0","0","9","2","0","0.0","0.0","0","0.0","0.069858","0","70","7","77","0.080967","0","","0","0.0","","0","0.0","","0","0.0",""
"true_1111","1111","0","real","199","8","1210","4.95","24.88","92","1117","0","0","11","2","0","0.0","0.0","4","0.020101","0.085128","0","106","0","106","0.087603","0","","0","0.0","","0","0.0","","1","0.005025","thuhet"
"true_1112","1112","0","real","127","6","717","4.61","21.17","26","690","0","0","2","2","0","0.0","0.0","0","0.0","0.023932","0","52","0","52","0.072524","0","","0","0.0","","1","0.007874","policia","1","0.007874","thuhet"
"true_1113","1113","0","real","1302","37","8016","5.07","35.19","62","7953","0","0","54","34","0","0.0","0.0","3","0.002304","0.030583","0","579","6","585","0.072979","0","","0","0.0","","2","0.001536","sipas, deklaroi","0","0.0",""
"true_1114","1114","0","real","164","7","1006","4.93","23.43","66","939","0","0","10","0","0","0.0","0.0","3","0.018293","0.038414","0","75","0","75","0.074553","0","","0","0.0","","0","0.0","","1","0.006098","mund të"
"true_1115","1115","0","real","126","4","821","4.89","31.5","78","742","0","0","21","0","0","0.0","0.0","3","0.02381","0.078049","0","41","0","41","0.049939","0","","0","0.0","","1","0.007937","sipas","0","0.0",""
"true_1116","1116","0","real","211","7","1366","5.35","30.14","108","1257","0","0","12","4","0","0.0","0.0","1","0.004739","0.044326","0","101","2","103","0.075403","0","","0","0.0","","1","0.004739","sipas","0","0.0",""
"true_1117","1117","0","real","113","7","676","4.88","16.14","44","631","0","0","5","4","0","0.0","0.0","0","0.0","0.048913","0","39","4","43","0.063609","0","","0","0.0","","0","0.0","","0","0.0",""
"true_1118","1118","0","real","286","11","1774","5.1","26.0","88","1685","0","0","13","4","0","0.0","0.0","0","0.0","0.036426","0","134","6","140","0.078918","0","","0","0.0","","1","0.003497","sipas","5","0.017483","thuhet"
"true_1119","1119","0","real","89","5","585","5.03","17.8","59","525","0","0","10","2","0","0.0","0.0","3","0.033708","0.069196","0","42","0","42","0.071795","0","","0","0.0","","1","0.011236","sipas","0","0.0",""
"true_1120","1120","0","real","158","7","1001","5.22","22.57","101","899","0","0","7","2","0","0.0","0.0","1","0.006329","0.041413","0","70","1","71","0.070929","0","","0","0.0","","1","0.006329","sipas","0","0.0",""
"true_1121","1121","0","real","297","17","1809","4.96","17.47","107","1701","0","0","16","8","0","0.0","0.0","0","0.0","0.029232","0","145","1","146","0.080708","0","","0","0.0","","1","0.003367","deklaroi","3","0.010101","mund të"
"true_1122","1122","0","real","729","22","4469","4.98","33.14","92","4376","0","0","28","26","0","0.0","0.0","10","0.013717","0.038918","0","313","5","318","0.071157","0","","0","0.0","","7","0.009602","sipas","2","0.002743","thuhet"
"true_1123","1123","0","real","336","11","1964","4.78","30.55","61","1902","0","0","11","6","0","0.0","0.0","5","0.014881","0.042527","0","149","0","149","0.075866","0","","0","0.0","","1","0.002976","sipas","1","0.002976","mund të"
"true_1124","1124","0","real","280","11","1835","5.39","25.45","56","1778","0","0","9","4","0","0.0","0.0","4","0.014286","0.062252","0","133","0","133","0.07248","0","","0","0.0","","0","0.0","","1","0.003571","thuhet"
"true_1125","1125","0","real","301","10","2073","5.78","30.1","93","1979","0","0","12","16","0","0.0","0.0","1","0.003322","0.036845","0","133","10","143","0.068982","0","","0","0.0","","4","0.013289","sipas, ministria","0","0.0",""
"true_1126","1126","0","real","103","5","628","4.74","20.6","60","567","0","0","9","2","0","0.0","0.0","3","0.029126","0.061475","0","39","1","40","0.063694","0","","0","0.0","","0","0.0","","0","0.0",""
"true_1127","1127","0","real","66","5","406","4.86","13.2","46","359","0","0","3","0","0","0.0","0.0","1","0.015152","0.034375","0","26","0","26","0.064039","0","","0","0.0","","0","0.0","","0","0.0",""
"true_1128","1128","0","real","146","11","1006","4.98","13.27","51","954","0","0","11","2","0","0.0","0.0","6","0.041096","0.073103","0","65","0","65","0.064612","0","","0","0.0","","1","0.006849","sipas","0","0.0",""
"true_1129","1129","0","real","174","9","1084","5.09","19.33","73","1010","0","0","4","2","0","0.0","0.0","1","0.005747","0.051919","0","74","6","80","0.073801","0","","0","0.0","","0","0.0","","1","0.005747","dyshohet"
"true_1130","1130","0","real","336","13","1881","4.51","25.85","92","1788","0","0","17","6","0","0.0","0.0","5","0.014881","0.063703","0","146","1","147","0.07815","0","","0","0.0","","1","0.002976","sipas","0","0.0",""
"true_1131","1131","0","real","61","4","368","4.89","15.25","27","340","0","0","1","2","0","0.0","0.0","0","0.0","0.040404","0","28","0","28","0.076087","0","","0","0.0","","1","0.016393","sipas","0","0.0",""
"true_1132","1132","0","real","908","21","5776","5.23","43.24","112","5663","0","0","63","16","0","0.0","0.0","4","0.004405","0.028234","0","475","3","478","0.082756","0","","0","0.0","","2","0.002203","bëri të ditur, ministria","0","0.0",""
"true_1133","1133","0","real","184","8","1086","4.71","23.0","57","1028","0","0","9","7","0","0.0","0.0","1","0.005435","0.058824","0","52","3","55","0.050645","0","","0","0.0","","2","0.01087","sipas, konfirmoi","0","0.0",""
"true_1134","1134","0","real","77","3","531","5.77","25.67","63","467","0","0","2","2","0","0.0","0.0","1","0.012987","0.036036","0","38","0","38","0.071563","0","","0","0.0","","1","0.012987","ministria","0","0.0",""
"true_1135","1135","0","real","952","39","5930","5.11","24.41","55","5874","0","0","47","12","0","0.0","0.0","1","0.00105","0.031886","0","432","13","445","0.075042","0","","0","0.0","","1","0.00105","deklaroi","1","0.00105","thuhet"
"true_1136","1136","0","real","52","3","307","4.77","17.33","43","263","0","0","0","0","0","0.0","0.0","0","0.0","0.032258","0","18","0","18","0.058632","0","","0","0.0","","2","0.038462","sipas, policia","0","0.0",""
"true_1137","1137","0","real","189","11","1184","5.04","17.18","49","1134","0","0","14","10","0","0.0","0.0","0","0.0","0.03043","0","83","3","86","0.072635","0","","0","0.0","","0","0.0","","0","0.0",""
"true_1138","1138","0","real","288","10","1799","5.09","28.8","77","1721","0","0","22","4","0","0.0","0.0","2","0.006944","0.032082","0","151","4","155","0.086159","0","","0","0.0","","3","0.010417","sipas","0","0.0",""
"true_1139","1139","0","real","259","14","1580","4.88","18.5","100","1479","0","0","16","10","0","0.0","0.0","5","0.019305","0.052215","0","130","0","130","0.082278","0","","0","0.0","","1","0.003861","sipas","0","0.0",""
"true_1140","1140","0","real","410","15","2495","4.91","27.33","74","2420","0","1","20","9","0","0.0","0.002439","4","0.009756","0.043825","0","171","0","171","0.068537","0","","0","0.0","","1","0.002439","ministria","2","0.004878","thuhet, mund të"
"true_1141","1141","0","real","372","15","2401","5.28","24.8","99","2301","0","0","15","7","0","0.0","0.0","2","0.005376","0.026986","0","161","2","163","0.067888","0","","0","0.0","","4","0.010753","sipas, raporti","2","0.005376","thuhet"
"true_1142","1142","0","real","307","18","1818","4.72","17.06","47","1770","0","0","19","6","0","0.0","0.0","1","0.003257","0.035343","0","138","2","140","0.077008","0","","0","0.0","","3","0.009772","sipas, deklaroi","0","0.0",""
"true_1143","1143","0","real","92","3","559","4.87","30.67","97","461","0","0","4","0","0","0.0","0.0","3","0.032609","0.044643","0","35","0","35","0.062612","0","","0","0.0","","3","0.032609","sipas, policia","0","0.0",""
"true_1144","1144","0","real","93","4","573","5.05","23.25","55","517","0","0","2","0","0","0.0","0.0","0","0.0","0.021277","0","45","0","45","0.078534","0","","0","0.0","","2","0.021505","sipas, policia","0","0.0",""
"true_1145","1145","0","real","464","19","2823","4.99","24.42","79","2743","1","0","18","12","0","0.002155","0.0","1","0.002155","0.034974","0","214","5","219","0.077577","0","","0","0.0","","3","0.006466","sipas","5","0.010776","thuhet"
"true_1146","1146","0","real","234","12","1389","4.73","19.5","76","1312","0","0","10","6","0","0.0","0.0","1","0.004274","0.029864","0","116","3","119","0.085673","0","","0","0.0","","1","0.004274","sipas","0","0.0",""
"true_1147","1147","0","real","170","6","996","4.72","28.33","74","921","0","0","9","4","0","0.0","0.0","1","0.005882","0.028678","0","75","0","75","0.075301","0","","0","0.0","","0","0.0","","0","0.0",""
"true_1148","1148","0","real","108","6","683","5.22","18.0","67","615","0","0","4","0","0","0.0","0.0","2","0.018519","0.053286","0","38","2","40","0.058565","0","","0","0.0","","0","0.0","","1","0.009259","mund të"
"true_1149","1149","0","real","334","13","2013","4.86","25.69","76","1936","0","0","12","0","0","0.0","0.0","0","0.0","0.035802","0","118","0","118","0.058619","0","","0","0.0","","2","0.005988","sipas","0","0.0",""
"true_1150","1150","0","real","107","7","757","5.79","15.29","83","673","0","0","8","0","0","0.0","0.0","0","0.0","0.027464","0","45","1","46","0.060766","0","","0","0.0","","1","0.009346","policia","0","0.0",""
"true_1151","1151","0","real","166","4","1038","5.1","41.5","77","960","0","0","10","2","0","0.0","0.0","0","0.0","0.042654","0","83","2","85","0.081888","0","","0","0.0","","3","0.018072","sipas, ministria","1","0.006024","thuhet"
"true_1152","1152","0","real","41","1","301","6.12","41.0","87","213","0","0","2","2","0","0.0","0.0","1","0.02439","0.035857","0","15","0","15","0.049834","0","","0","0.0","","1","0.02439","sipas","0","0.0",""
"true_1153","1153","0","real","822","54","4800","4.62","15.22","76","4723","1","0","56","24","1","0.001217","0.0","6","0.007299","0.062747","0","297","27","324","0.0675","0","","0","0.0","","3","0.00365","sipas, deklaroi","1","0.001217","thuhet"
"true_1154","1154","0","real","428","13","2650","5.01","32.92","72","2577","0","0","25","6","0","0.0","0.0","1","0.002336","0.034531","0","219","0","219","0.082642","0","","0","0.0","","2","0.004673","sipas, ministria","0","0.0",""
"true_1155","1155","0","real","526","23","3412","5.32","22.87","67","3344","0","0","36","8","0","0.0","0.0","3","0.005703","0.040729","0","268","3","271","0.079426","0","","0","0.0","","4","0.007605","sipas","0","0.0",""
"true_1156","1156","0","real","33","1","203","5.03","33.0","73","129","0","0","4","0","0","0.0","0.0","0","0.0","0.10241","0","10","2","12","0.059113","0","","0","0.0","","0","0.0","","0","0.0",""
"true_1157","1157","0","real","62","4","385","5.06","15.5","36","348","0","0","3","0","0","0.0","0.0","0","0.0","0.057508","0","20","0","20","0.051948","0","","0","0.0","","1","0.016129","sipas","0","0.0",""
"true_1158","1158","0","real","104","8","598","4.65","13.0","66","531","0","0","5","0","0","0.0","0.0","3","0.028846","0.070248","0","51","1","52","0.086957","0","","0","0.0","","3","0.028846","sipas, policia","1","0.009615","dyshohet"
"true_1159","1159","0","real","193","12","1134","4.73","16.08","70","1063","0","0","9","9","0","0.0","0.0","1","0.005181","0.064622","0","90","2","92","0.081129","0","","0","0.0","","0","0.0","","0","0.0",""
"true_1160","1160","0","real","181","7","1106","4.97","25.86","42","1063","0","0","14","6","0","0.0","0.0","2","0.01105","0.067929","0","80","0","80","0.072333","0","","0","0.0","","1","0.005525","sipas","0","0.0",""
"true_1161","1161","0","real","297","16","1681","4.46","18.56","44","1636","1","0","22","2","0","0.003367","0.0","1","0.003367","0.030943","0","163","2","165","0.098156","0","","0","0.0","","0","0.0","","0","0.0",""
"true_1162","1162","0","real","97","5","542","4.55","19.4","48","493","0","0","3","0","0","0.0","0.0","0","0.0","0.029478","0","42","1","43","0.079336","0","","0","0.0","","0","0.0","","0","0.0",""
"true_1163","1163","0","real","346","12","2214","5.31","28.83","95","2118","0","0","22","6","0","0.0","0.0","0","0.0","0.037664","0","152","3","155","0.070009","0","","0","0.0","","0","0.0","","3","0.008671","mund të"
"true_1164","1164","0","real","259","28","1576","4.72","9.25","44","1531","0","0","15","0","0","0.0","0.0","1","0.003861","0.030253","0","104","0","104","0.06599","0","","0","0.0","","1","0.003861","sipas","0","0.0",""
"true_1165","1165","0","real","187","12","1132","4.85","15.58","63","1068","0","0","13","2","0","0.0","0.0","2","0.010695","0.06505","0","73","0","73","0.064488","0","","0","0.0","","0","0.0","","1","0.005348","thuhet"
"true_1166","1166","0","real","104","7","603","4.67","14.86","130","472","0","1","4","6","0","0.0","0.009615","0","0.0","0.034979","0","36","2","38","0.063018","0","","0","0.0","","0","0.0","","0","0.0",""
"true_1167","1167","0","real","784","46","4845","5.01","17.04","101","4743","0","4","54","6","1","0.0","0.005102","5","0.006378","0.03852","0","321","3","324","0.066873","0","","0","0.0","","3","0.003827","ministria, policia","0","0.0",""
"true_1168","1168","0","real","76","6","510","5.26","12.67","54","455","0","0","7","2","0","0.0","0.0","0","0.0","0.0675","0","30","0","30","0.058824","0","","0","0.0","","0","0.0","","0","0.0",""
"true_1169","1169","0","real","153","9","925","4.9","17.0","123","801","0","0","7","6","0","0.0","0.0","1","0.006536","0.034667","0","61","1","62","0.067027","0","","0","0.0","","0","0.0","","0","0.0",""
"true_1170","1170","0","real","139","6","827","4.78","23.17","88","738","0","0","4","0","0","0.0","0.0","2","0.014388","0.043609","0","59","0","59","0.071342","0","","0","0.0","","0","0.0","","1","0.007194","mund të"
"true_1171","1171","0","real","123","5","668","4.37","24.6","74","593","0","0","4","0","0","0.0","0.0","0","0.0","0.040892","0","38","2","40","0.05988","0","","0","0.0","","0","0.0","","0","0.0",""
"true_1172","1172","0","real","69","7","408","4.86","9.86","49","358","0","0","1","0","0","0.0","0.0","0","0.0","0.035821","0","12","0","12","0.029412","0","","0","0.0","","0","0.0","","0","0.0",""
"true_1173","1173","0","real","389","21","2404","5.03","18.52","80","2323","0","0","16","4","0","0.0","0.0","5","0.012853","0.033231","0","181","2","183","0.076123","0","","0","0.0","","3","0.007712","sipas, studimi","5","0.012853","mendohet, mund të"
"true_1174","1174","0","real","219","13","1472","5.45","16.85","88","1383","0","0","5","0","0","0.0","0.0","1","0.004566","0.026823","0","99","0","99","0.067255","0","","0","0.0","","5","0.022831","sipas, raporti","0","0.0",""
"true_1175","1175","0","real","751","65","4029","4.14","11.55","66","3962","7","6","61","0","3","0.009321","0.007989","0","0.0","0.024783","0","304","9","313","0.077687","0","","0","0.0","","1","0.001332","sipas","1","0.001332","mund të"
"true_1176","1176","0","real","360","26","2064","4.64","13.85","69","1994","7","0","13","0","0","0.019444","0.0","0","0.0","0.022754","0","163","7","170","0.082364","0","","0","0.0","","0","0.0","","0","0.0",""
"true_1177","1177","0","real","167","8","1005","4.84","20.88","90","914","0","0","8","6","0","0.0","0.0","1","0.005988","0.042027","0","75","2","77","0.076617","0","","0","0.0","","3","0.017964","sipas","1","0.005988","mund të"
"true_1178","1178","0","real","167","10","959","4.53","16.7","46","912","0","0","4","0","0","0.0","0.0","2","0.011976","0.059445","0","94","3","97","0.101147","0","","0","0.0","","0","0.0","","0","0.0",""
"true_1179","1179","0","real","219","13","1361","4.89","16.85","61","1299","0","0","15","0","0","0.0","0.0","1","0.004566","0.033613","0","96","2","98","0.072006","0","","0","0.0","","0","0.0","","0","0.0",""
"true_1180","1180","0","real","140","7","784","4.46","20.0","72","711","0","0","12","6","0","0.0","0.0","0","0.0","0.030449","0","62","3","65","0.082908","0","","0","0.0","","0","0.0","","0","0.0",""
"true_1181","1181","0","real","183","8","977","4.27","22.88","63","913","1","0","5","4","0","0.005464","0.0","0","0.0","0.034571","0","86","2","88","0.090072","0","","0","0.0","","0","0.0","","0","0.0",""
"true_1182","1182","0","real","179","11","991","4.4","16.27","88","902","0","0","8","6","1","0.0","0.0","0","0.0","0.021684","0","91","0","91","0.091826","0","","0","0.0","","1","0.005587","sipas","0","0.0",""
"true_1183","1183","0","real","212","17","1287","4.67","12.47","38","1248","1","0","11","1","0","0.004717","0.0","0","0.0","0.022222","0","104","2","106","0.082362","0","","0","0.0","","1","0.004717","sipas","0","0.0",""
"true_1184","1184","0","real","78","4","440","4.49","19.5","63","376","0","0","4","0","1","0.0","0.0","0","0.0","0.028571","0","26","1","27","0.061364","0","","0","0.0","","0","0.0","","0","0.0",""
"true_1185","1185","0","real","170","6","1122","5.22","28.33","70","1051","0","0","14","0","0","0.0","0.0","0","0.0","0.021396","0","83","0","83","0.073975","0","","0","0.0","","2","0.011765","policia","1","0.005882","thuhet"
"true_1186","1186","0","real","119","8","631","4.25","14.88","53","577","1","1","2","2","0","0.008403","0.008403","1","0.008403","0.035573","0","53","3","56","0.088748","0","","0","0.0","","0","0.0","","0","0.0",""
"true_1187","1187","0","real","207","13","1215","4.76","15.92","31","1183","0","3","9","0","0","0.0","0.014493","1","0.004831","0.024365","0","120","1","121","0.099588","0","","0","0.0","","1","0.004831","sipas","5","0.024155","thuhet, mund të"
"true_1188","1188","0","real","558","35","3277","4.66","15.94","128","3148","0","2","44","18","1","0.0","0.003584","3","0.005376","0.033462","0","242","9","251","0.076594","0","","0","0.0","","0","0.0","","3","0.005376","ndoshta, mund të"
"true_1189","1189","0","real","312","10","1978","5.2","31.2","96","1881","0","0","9","6","0","0.0","0.0","5","0.016026","0.04509","0","119","0","119","0.060162","0","","0","0.0","","0","0.0","","2","0.00641","thuhet"
"true_1190","1190","0","real","353","15","1899","4.27","23.53","96","1802","0","0","15","12","0","0.0","0.0","1","0.002833","0.039841","0","133","3","136","0.071617","0","","0","0.0","","0","0.0","","0","0.0",""
"true_1191","1191","0","real","155","7","1007","5.21","22.14","80","926","0","0","12","0","1","0.0","0.0","0","0.0","0.022305","0","51","3","54","0.053625","0","","0","0.0","","0","0.0","","0","0.0",""
"true_1192","1192","0","real","248","17","1560","4.95","14.59","90","1469","0","0","22","0","1","0.0","0.0","1","0.004032","0.033415","0","121","7","128","0.082051","0","","1","0.004032","urgjente","0","0.0","","0","0.0",""
"true_1193","1193","0","real","129","8","746","4.59","16.12","48","697","0","0","5","0","0","0.0","0.0","2","0.015504","0.043919","0","56","0","56","0.075067","0","","0","0.0","","0","0.0","","0","0.0",""
"true_1194","1194","0","real","675","14","4043","4.89","48.21","100","3942","0","0","29","6","0","0.0","0.0","2","0.002963","0.02787","0","346","12","358","0.088548","0","","0","0.0","","2","0.002963","sipas","0","0.0",""
"true_1195","1195","0","real","397","9","2260","4.58","44.11","67","2192","0","0","23","12","0","0.0","0.0","4","0.010076","0.032009","0","159","4","163","0.072124","0","","0","0.0","","0","0.0","","5","0.012594","mund të"
"true_1196","1196","0","real","873","26","5046","4.64","33.58","84","4961","0","0","81","9","0","0.0","0.0","14","0.016037","0.035044","0","357","13","370","0.073325","0","","0","0.0","","0","0.0","","0","0.0",""
"true_1197","1197","0","real","189","8","1096","4.69","23.62","77","1018","0","0","10","4","0","0.0","0.0","0","0.0","0.033898","0","77","4","81","0.073905","0","","0","0.0","","0","0.0","","0","0.0",""
"true_1198","1198","0","real","180","12","1035","4.66","15.0","97","937","0","0","5","2","0","0.0","0.0","3","0.016667","0.057211","0","76","5","81","0.078261","0","","0","0.0","","0","0.0","","0","0.0",""
"true_1199","1199","0","real","177","9","967","4.37","19.67","51","915","0","1","9","0","0","0.0","0.00565","0","0.0","0.018158","0","66","2","68","0.070321","0","","0","0.0","","0","0.0","","0","0.0",""
"true_1200","1200","0","real","516","17","3338","5.38","30.35","93","3244","0","0","23","1","0","0.0","0.0","3","0.005814","0.020187","0","243","1","244","0.073098","0","","0","0.0","","0","0.0","","1","0.001938","thuhet"
"true_1201","1201","0","real","130","7","867","5.54","18.57","97","769","0","1","4","2","0","0.0","0.007692","2","0.015385","0.038889","0","45","0","45","0.051903","0","","0","0.0","","1","0.007692","raportoi","0","0.0",""
"true_1202","1202","0","real","144","8","973","5.61","18.0","94","878","0","0","7","0","0","0.0","0.0","1","0.006944","0.033416","0","50","0","50","0.051387","0","","0","0.0","","0","0.0","","0","0.0",""
"true_1203","1203","0","real","77","4","456","4.66","19.25","48","407","0","0","6","2","1","0.0","0.0","0","0.0","0.036212","0","33","0","33","0.072368","0","","0","0.0","","0","0.0","","0","0.0",""
"true_1204","1204","0","real","205","16","1303","4.97","12.81","70","1232","0","0","19","0","0","0.0","0.0","0","0.0","0.035363","0","103","6","109","0.083653","0","","1","0.004878","urgjente","0","0.0","","0","0.0",""
"true_1205","1205","0","real","108","7","645","4.82","15.43","61","583","0","0","2","2","0","0.0","0.0","0","0.0","0.044231","0","44","2","46","0.071318","0","","0","0.0","","0","0.0","","0","0.0",""
"true_1206","1206","0","real","265","17","1551","4.73","15.59","95","1455","0","0","7","8","0","0.0","0.0","2","0.007547","0.0415","0","86","2","88","0.056738","0","","0","0.0","","0","0.0","","2","0.007547","mund të"
"true_1207","1207","0","real","441","11","2621","4.88","40.09","76","2544","0","0","6","8","0","0.0","0.0","0","0.0","0.02278","0","150","2","152","0.057993","1","nje","0","0.0","","1","0.002268","sipas","0","0.0",""
"true_1208","1208","0","real","337","14","1863","4.42","24.07","97","1765","0","0","12","4","0","0.0","0.0","2","0.005935","0.028878","0","156","8","164","0.08803","0","","0","0.0","","0","0.0","","1","0.002967","mund të"
"true_1209","1209","0","real","209","12","1143","4.38","17.42","65","1077","0","0","6","4","0","0.0","0.0","2","0.009569","0.039344","0","91","2","93","0.081365","0","","0","0.0","","0","0.0","","1","0.004785","mund të"
"true_1210","1210","0","real","249","15","1435","4.67","16.6","68","1366","0","0","10","4","0","0.0","0.0","7","0.028112","0.050775","0","97","2","99","0.06899","0","","0","0.0","","0","0.0","","1","0.004016","mund të"
"true_1211","1211","0","real","317","13","1796","4.5","24.38","50","1745","0","0","16","4","0","0.0","0.0","0","0.0","0.037895","0","129","4","133","0.074053","0","","0","0.0","","1","0.003155","sipas","0","0.0",""
"true_1212","1212","0","real","667","49","3622","4.24","13.61","66","3555","6","7","46","7","0","0.008996","0.010495","0","0.0","0.024494","0","287","9","296","0.081723","0","","0","0.0","","0","0.0","","3","0.004498","mund të"
"true_1213","1213","0","real","428","23","2636","5.04","18.61","68","2567","0","0","31","8","1","0.0","0.0","3","0.007009","0.042169","0","199","2","201","0.076252","0","","0","0.0","","1","0.002336","policia","0","0.0",""
"true_1214","1214","0","real","166","7","1034","5.1","23.71","76","957","0","0","11","2","0","0.0","0.0","0","0.0","0.027219","0","91","0","91","0.088008","0","","0","0.0","","0","0.0","","0","0.0",""
"true_1215","1215","0","real","274","18","1563","4.6","15.22","73","1489","1","3","17","0","1","0.00365","0.010949","0","0.0","0.027778","0","125","7","132","0.084453","0","","0","0.0","","1","0.00365","sipas","3","0.010949","mund të"
"true_1216","1216","0","real","288","20","1616","4.41","14.4","50","1565","0","1","23","8","0","0.0","0.003472","3","0.010417","0.056738","0","90","2","92","0.056931","0","","0","0.0","","0","0.0","","2","0.006944","mund të"
"true_1217","1217","0","real","282","10","1546","4.4","28.2","68","1477","0","0","14","6","0","0.0","0.0","4","0.014184","0.035484","0","119","1","120","0.07762","0","","0","0.0","","1","0.003546","policia","1","0.003546","mund të"
"true_1218","1218","0","real","178","10","1052","4.71","17.8","52","999","0","0","6","0","0","0.0","0.0","0","0.0","0.040573","0","90","1","91","0.086502","0","","0","0.0","","1","0.005618","sipas","0","0.0",""
"true_1219","1219","0","real","224","9","1396","5.09","24.89","99","1296","0","0","15","6","0","0.0","0.0","5","0.022321","0.069359","0","88","0","88","0.063037","0","","0","0.0","","2","0.008929","raportoi, raporti","0","0.0",""
"true_1220","1220","0","real","364","11","2185","4.87","33.09","56","2128","0","0","29","4","0","0.0","0.0","0","0.0","0.044118","0","144","1","145","0.066362","0","","0","0.0","","2","0.005495","ministria","0","0.0",""
"true_1221","1221","0","real","156","8","1010","5.37","19.5","64","945","0","0","8","4","0","0.0","0.0","0","0.0","0.034648","0","78","1","79","0.078218","0","","0","0.0","","1","0.00641","ministria","0","0.0",""
"true_1222","1222","0","real","264","13","1692","5.23","20.31","81","1610","0","2","18","5","0","0.0","0.007576","1","0.003788","0.026182","0","125","0","125","0.073877","0","","0","0.0","","1","0.003788","studimi","5","0.018939","mund të"
"true_1223","1223","0","real","254","26","1510","4.53","9.77","28","1481","0","0","18","0","0","0.0","0.0","1","0.003937","0.033913","0","111","8","119","0.078808","0","","0","0.0","","1","0.003937","sipas","0","0.0",""
"true_1224","1224","0","real","145","5","872","4.9","29.0","79","792","0","0","10","2","0","0.0","0.0","0","0.0","0.037975","0","63","0","63","0.072248","0","","0","0.0","","1","0.006897","policia","0","0.0",""
"true_1225","1225","0","real","146","11","861","4.64","13.27","34","826","0","0","12","0","0","0.0","0.0","0","0.0","0.044379","0","58","0","58","0.067364","0","","0","0.0","","0","0.0","","2","0.013699","mund të"
"true_1226","1226","0","real","82","6","435","4.23","13.67","82","352","1","0","2","2","0","0.012195","0.0","0","0.0","0.054755","0","30","0","30","0.068966","0","","0","0.0","","0","0.0","","0","0.0",""
"true_1227","1227","0","real","643","17","3944","5.02","37.82","58","3885","2","0","35","0","0","0.00311","0.0","12","0.018663","0.04062","0","349","1","350","0.088742","0","","0","0.0","","0","0.0","","0","0.0",""
"true_1228","1228","0","real","233","11","1329","4.54","21.18","60","1268","0","0","14","2","0","0.0","0.0","0","0.0","0.034091","0","132","3","135","0.10158","0","","0","0.0","","0","0.0","","1","0.004292","mund të"
"true_1229","1229","0","real","225","11","1166","4.01","20.45","97","1068","0","0","19","7","1","0.0","0.0","0","0.0","0.03433","0","91","4","95","0.081475","0","","0","0.0","","0","0.0","","1","0.004444","mund të"
"true_1230","1230","0","real","114","5","661","4.74","22.8","37","623","0","0","2","2","0","0.0","0.0","0","0.0","0.040741","0","33","0","33","0.049924","0","","0","0.0","","0","0.0","","0","0.0",""
"true_1231","1231","0","real","65","4","387","4.8","16.25","76","310","0","0","4","2","0","0.0","0.0","1","0.015385","0.045016","0","30","0","30","0.077519","0","","0","0.0","","0","0.0","","0","0.0",""
"true_1232","1232","0","real","214","8","1286","4.89","26.75","68","1217","0","0","8","2","0","0.0","0.0","0","0.0","0.025837","0","109","2","111","0.086314","0","","0","0.0","","0","0.0","","1","0.004673","mund të"
"true_1233","1233","0","real","260","9","1553","4.78","28.89","78","1474","0","0","13","2","0","0.0","0.0","3","0.011538","0.041935","0","147","0","147","0.094656","0","","0","0.0","","0","0.0","","0","0.0",""
"true_1234","1234","0","real","155","8","902","4.68","19.38","46","855","0","0","10","6","0","0.0","0.0","0","0.0","0.030345","0","73","1","74","0.08204","0","","0","0.0","","0","0.0","","0","0.0",""
"true_1235","1235","0","real","131","9","732","4.44","14.56","41","690","4","0","6","2","0","0.030534","0.0","3","0.022901","0.05852","0","48","0","48","0.065574","0","","0","0.0","","0","0.0","","0","0.0",""
"true_1236","1236","0","real","177","6","1127","5.27","29.5","79","1047","0","0","10","0","0","0.0","0.0","0","0.0","0.02897","0","77","3","80","0.070985","0","","0","0.0","","1","0.00565","deklaroi","0","0.0",""
"true_1237","1237","0","real","754","19","4772","5.18","39.68","68","4703","0","1","62","22","0","0.0","0.001326","5","0.006631","0.037542","0","330","13","343","0.071878","0","","0","0.0","","0","0.0","","1","0.001326","thuhet"
"true_1238","1238","0","real","140","11","805","4.65","12.73","79","725","0","1","4","2","0","0.0","0.007143","0","0.0","0.030722","0","49","1","50","0.062112","0","","0","0.0","","0","0.0","","0","0.0",""
"true_1239","1239","0","real","511","20","2967","4.72","25.55","57","2909","3","0","26","19","0","0.005871","0.0","0","0.0","0.015372","0","204","1","205","0.069093","0","","0","0.0","","0","0.0","","0","0.0",""
"true_1240","1240","0","real","373","16","2196","4.78","23.31","76","2119","0","1","15","0","0","0.0","0.002681","4","0.010724","0.029742","0","194","3","197","0.089709","0","","0","0.0","","0","0.0","","0","0.0",""
"true_1241","1241","0","real","424","11","2555","4.94","38.55","95","2459","0","0","15","7","0","0.0","0.0","1","0.002358","0.030578","0","148","3","151","0.0591","0","","0","0.0","","0","0.0","","1","0.002358","dyshohet"
"true_1242","1242","0","real","139","7","837","4.82","19.86","56","780","2","0","10","2","0","0.014388","0.0","0","0.0","0.034328","0","53","0","53","0.063321","0","","0","0.0","","0","0.0","","0","0.0",""
"true_1243","1243","0","real","702","48","4044","4.58","14.62","74","3969","8","1","24","5","25","0.011396","0.001425","0","0.0","0.024284","0","316","2","318","0.078635","0","","0","0.0","","0","0.0","","2","0.002849","ndoshta, mund të"
"true_1244","1244","0","real","129","8","730","4.3","16.12","57","672","0","0","5","0","0","0.0","0.0","0","0.0","0.021661","0","59","2","61","0.083562","0","","0","0.0","","0","0.0","","0","0.0",""
"true_1245","1245","0","real","82","4","486","4.84","20.5","47","438","0","0","3","4","0","0.0","0.0","1","0.012195","0.05303","0","37","0","37","0.076132","0","","0","0.0","","0","0.0","","0","0.0",""
"true_1246","1246","0","real","142","8","901","5.13","17.75","82","818","0","0","15","0","0","0.0","0.0","0","0.0","0.020604","0","70","3","73","0.081021","0","","0","0.0","","0","0.0","","1","0.007042","mund të"
"true_1247","1247","0","real","137","5","787","4.64","27.4","50","736","0","0","2","2","0","0.0","0.0","0","0.0","0.028346","0","45","3","48","0.060991","0","","0","0.0","","1","0.007299","sipas","0","0.0",""
"true_1248","1248","0","real","175","10","1039","4.78","17.5","70","968","0","1","10","4","0","0.0","0.005714","1","0.005714","0.041866","0","68","0","68","0.065448","0","","0","0.0","","0","0.0","","0","0.0",""
"true_1249","1249","0","real","90","5","504","4.48","18.0","64","439","0","0","1","6","0","0.0","0.0","0","0.0","0.034739","0","17","0","17","0.03373","0","","0","0.0","","0","0.0","","0","0.0",""
"true_1250","1250","0","real","65","4","389","4.89","16.25","55","333","0","0","2","0","0","0.0","0.0","0","0.0","0.050314","0","18","1","19","0.048843","0","","0","0.0","","0","0.0","","1","0.015385","mund të"
"true_1251","1251","0","real","149","7","862","4.59","21.29","47","814","0","0","7","6","0","0.0","0.0","0","0.0","0.03655","0","72","1","73","0.084687","0","","0","0.0","","1","0.006711","sipas","1","0.006711","mund të"
"true_1252","1252","0","real","256","7","1510","4.77","36.57","118","1391","0","0","15","4","0","0.0","0.0","0","0.0","0.014742","0","121","2","123","0.081457","0","","0","0.0","","0","0.0","","0","0.0",""
"true_1253","1253","0","real","119","6","763","5.18","19.83","93","669","1","0","5","2","0","0.008403","0.0","0","0.0","0.037277","0","55","0","55","0.072084","0","","0","0.0","","2","0.016807","sipas, ministria","0","0.0",""
"true_1254","1254","0","real","229","8","1398","5.01","28.62","49","1348","0","0","9","4","0","0.0","0.0","0","0.0","0.02354","0","99","0","99","0.070815","0","","0","0.0","","2","0.008734","sipas, ministria","0","0.0",""
"true_1255","1255","0","real","222","13","1178","4.15","17.08","90","1087","0","0","12","4","1","0.0","0.0","0","0.0","0.040217","0","73","1","74","0.062818","0","","0","0.0","","0","0.0","","2","0.009009","ndoshta"
"true_1256","1256","0","real","274","9","1775","5.24","30.44","76","1698","0","0","24","8","0","0.0","0.0","1","0.00365","0.034892","0","101","0","101","0.056901","0","","0","0.0","","3","0.010949","sipas, deklaroi","1","0.00365","thuhet"
"true_1257","1257","0","real","288","22","1416","3.82","13.09","82","1333","0","1","9","2","1","0.0","0.003472","0","0.0","0.023615","0","119","3","122","0.086158","0","","0","0.0","","0","0.0","","0","0.0",""
"true_1258","1258","0","real","692","57","3760","4.2","12.14","66","3693","5","10","47","2","3","0.007225","0.014451","1","0.001445","0.028532","0","268","10","278","0.073936","0","","0","0.0","","0","0.0","","0","0.0",""
"true_1259","1259","0","real","512","25","3103","4.85","20.48","61","3041","1","1","34","6","0","0.001953","0.001953","9","0.017578","0.040371","0","259","1","260","0.08379","0","","0","0.0","","0","0.0","","2","0.003906","mund të"
"true_1260","1260","0","real","418","24","2548","4.89","17.42","72","2475","0","0","34","2","0","0.0","0.0","7","0.016746","0.045521","0","214","3","217","0.085165","0","","0","0.0","","1","0.002392","sipas","2","0.004785","mund të"
"true_1261","1261","0","real","209","8","1167","4.49","26.12","89","1077","0","0","10","4","0","0.0","0.0","0","0.0","0.03838","0","107","1","108","0.092545","0","","0","0.0","","0","0.0","","0","0.0",""
"true_1262","1262","0","real","178","15","1108","5.01","11.87","55","1052","0","0","10","4","0","0.0","0.0","1","0.005618","0.039282","0","70","3","73","0.065884","0","","0","0.0","","0","0.0","","0","0.0",""
"true_1263","1263","0","real","431","25","2540","4.66","17.24","76","2463","0","0","42","6","0","0.0","0.0","1","0.00232","0.029426","0","179","0","179","0.070472","0","","0","0.0","","0","0.0","","1","0.00232","mund të"
"true_1264","1264","0","real","241","8","1486","5.06","30.12","56","1429","0","0","13","4","0","0.0","0.0","2","0.008299","0.040984","0","110","0","110","0.074024","0","","0","0.0","","1","0.004149","sipas","2","0.008299","thuhet"
"true_1265","1265","0","real","411","15","2368","4.67","27.4","41","2326","2","0","24","4","0","0.004866","0.0","21","0.051095","0.079456","0","228","7","235","0.09924","0","","0","0.0","","0","0.0","","2","0.004866","thuhet"
"true_1266","1266","0","real","244","17","1469","4.61","14.35","26","1442","0","0","24","0","0","0.0","0.0","1","0.004098","0.029333","0","82","3","85","0.057862","0","","0","0.0","","1","0.004098","sipas","0","0.0",""
"true_1267","1267","0","real","275","14","1554","4.5","19.64","120","1433","1","0","16","4","0","0.003636","0.0","3","0.010909","0.044426","0","69","2","71","0.045689","0","","0","0.0","","2","0.007273","sipas, policia","0","0.0",""
"true_1268","1268","0","real","272","15","1685","4.73","18.13","67","1617","0","0","25","0","0","0.0","0.0","1","0.003676","0.038132","0","115","1","116","0.068843","0","","0","0.0","","2","0.007353","sipas, bëri të ditur","0","0.0",""
"true_1269","1269","0","real","436","22","2728","4.97","19.82","34","2693","0","0","66","6","0","0.0","0.0","5","0.011468","0.027239","0","172","4","176","0.064516","0","","0","0.0","","2","0.004587","studimi","4","0.009174","mund të"
"true_1270","1270","0","real","227","11","1329","4.73","20.64","66","1262","0","0","8","2","0","0.0","0.0","0","0.0","0.027959","0","96","0","96","0.072235","0","","0","0.0","","0","0.0","","0","0.0",""
"true_1271","1271","0","real","315","17","1856","4.76","18.53","57","1798","0","1","13","6","0","0.0","0.003175","0","0.0","0.024683","0","143","9","152","0.081897","0","","0","0.0","","1","0.003175","konfirmoi","2","0.006349","ndoshta, mund të"
"true_1272","1272","0","real","274","33","1868","5.3","8.3","48","1819","0","0","15","4","0","0.0","0.0","0","0.0","0.031013","0","104","0","104","0.055675","0","","0","0.0","","0","0.0","","0","0.0",""
"true_1273","1273","0","real","130","7","814","5.08","18.57","87","726","0","1","5","0","0","0.0","0.007692","4","0.030769","0.088012","0","54","1","55","0.067568","0","","0","0.0","","1","0.007692","sipas","0","0.0",""
"true_1274","1274","0","real","162","9","1028","5.2","18.0","42","985","0","0","4","0","0","0.0","0.0","0","0.0","0.032028","0","57","2","59","0.057393","0","","0","0.0","","0","0.0","","1","0.006173","mund të"
"true_1275","1275","0","real","442","17","2618","4.7","26.0","69","2548","0","1","37","4","1","0.0","0.002262","7","0.015837","0.040482","0","182","3","185","0.070665","0","","1","0.002262","alarm","1","0.002262","sipas","2","0.004525","thuhet, mund të"
"true_1276","1276","0","real","162","8","903","4.47","20.25","88","814","1","0","8","6","0","0.006173","0.0","1","0.006173","0.030387","0","79","1","80","0.088594","0","","0","0.0","","0","0.0","","0","0.0",""
"true_1277","1277","0","real","157","7","966","4.85","22.43","63","902","0","0","6","0","0","0.0","0.0","1","0.006369","0.038058","0","85","0","85","0.087992","0","","0","0.0","","0","0.0","","0","0.0",""
"true_1278","1278","0","real","60","4","354","4.82","15.0","39","314","0","0","0","0","0","0.0","0.0","0","0.0","0.055363","0","12","1","13","0.036723","0","","0","0.0","","0","0.0","","0","0.0",""
"true_1279","1279","0","real","590","28","3403","4.58","21.07","59","3343","1","1","38","24","0","0.001695","0.001695","6","0.010169","0.030764","0","249","4","253","0.074346","0","","0","0.0","","2","0.00339","sipas","3","0.005085","thuhet, ndoshta, mund të"
"true_1280","1280","0","real","252","12","1399","4.45","21.0","95","1303","1","0","11","2","0","0.003968","0.0","0","0.0","0.032316","0","82","1","83","0.059328","0","","0","0.0","","0","0.0","","0","0.0",""
"true_1281","1281","0","real","327","12","2068","5.09","27.25","61","2006","0","0","27","6","0","0.0","0.0","3","0.009174","0.036703","0","154","4","158","0.076402","0","","0","0.0","","0","0.0","","1","0.003058","thuhet"
"true_1282","1282","0","real","91","6","546","4.81","15.17","72","473","0","0","3","2","0","0.0","0.0","0","0.0","0.054795","0","37","0","37","0.067766","1","kosove","0","0.0","","0","0.0","","0","0.0",""
"true_1283","1283","0","real","98","6","604","4.87","16.33","93","510","0","0","5","2","0","0.0","0.0","0","0.0","0.037736","0","28","3","31","0.051325","0","","0","0.0","","0","0.0","","2","0.020408","dyshohet"
"true_1284","1284","0","real","1102","35","6228","4.52","31.49","124","6103","4","4","81","10","0","0.00363","0.00363","3","0.002722","0.026522","0","466","14","480","0.077071","0","","0","0.0","","5","0.004537","sipas","0","0.0",""
"true_1285","1285","0","real","189","7","1059","4.53","27.0","85","973","0","0","10","2","0","0.0","0.0","2","0.010582","0.038596","0","85","1","86","0.081209","0","","0","0.0","","0","0.0","","0","0.0",""
"true_1286","1286","0","real","260","9","1654","5.26","28.89","88","1565","0","0","15","2","0","0.0","0.0","2","0.007692","0.060806","0","122","1","123","0.074365","0","","0","0.0","","0","0.0","","0","0.0",""
"true_1287","1287","0","real","229","11","1411","5.03","20.82","38","1372","0","0","15","4","0","0.0","0.0","0","0.0","0.017406","0","118","2","120","0.085046","0","","0","0.0","","0","0.0","","1","0.004367","mund të"
"true_1288","1288","0","real","204","9","1133","4.45","22.67","99","1033","0","0","10","4","0","0.0","0.0","10","0.04902","0.068357","0","94","1","95","0.083848","0","","0","0.0","","0","0.0","","0","0.0",""
"true_1289","1289","0","real","470","32","2671","4.58","14.69","60","2610","0","0","27","2","0","0.0","0.0","0","0.0","0.024175","0","227","5","232","0.086859","0","","0","0.0","","0","0.0","","5","0.010638","mund të"
"true_1290","1290","0","real","262","13","1469","4.52","20.15","99","1369","0","0","9","4","0","0.0","0.0","4","0.015267","0.044764","0","113","5","118","0.080327","0","","0","0.0","","0","0.0","","1","0.003817","mund të"
"true_1291","1291","0","real","249","11","1509","4.9","22.64","69","1439","0","0","8","4","0","0.0","0.0","0","0.0","0.01638","0","103","2","105","0.069583","0","","0","0.0","","2","0.008032","policia","2","0.008032","thuhet, dyshohet"
"true_1292","1292","0","real","85","4","491","4.66","21.25","46","444","0","0","9","0","0","0.0","0.0","2","0.023529","0.060606","0","28","0","28","0.057026","0","","0","0.0","","0","0.0","","0","0.0",""
"true_1293","1293","0","real","118","7","675","4.55","16.86","82","592","0","0","8","0","0","0.0","0.0","0","0.0","0.031776","0","43","1","44","0.065185","0","","0","0.0","","2","0.016949","sipas","0","0.0",""
"true_1294","1294","0","real","208","12","1286","5.07","17.33","56","1229","0","0","12","2","0","0.0","0.0","0","0.0","0.021842","0","82","2","84","0.065319","0","","0","0.0","","0","0.0","","1","0.004808","mund të"
"true_1295","1295","0","real","531","22","2990","4.53","24.14","70","2919","0","0","33","6","0","0.0","0.0","0","0.0","0.013704","0","279","6","285","0.095318","0","","0","0.0","","0","0.0","","0","0.0",""
"true_1296","1296","0","real","168","10","1039","5.02","16.8","80","958","0","0","9","4","0","0.0","0.0","3","0.017857","0.065321","0","69","0","69","0.06641","0","","0","0.0","","0","0.0","","0","0.0",""
"true_1297","1297","0","real","162","11","1093","5.25","14.73","82","1010","0","0","13","0","0","0.0","0.0","2","0.012346","0.045882","0","90","1","91","0.083257","0","","0","0.0","","0","0.0","","0","0.0",""
"true_1298","1298","0","real","351","13","2098","4.84","27.0","83","2014","0","0","34","6","0","0.0","0.0","2","0.005698","0.045455","0","162","8","170","0.08103","0","","0","0.0","","0","0.0","","0","0.0",""
"true_1299","1299","0","real","263","26","1597","4.75","10.12","48","1548","0","0","12","0","0","0.0","0.0","1","0.003802","0.028846","0","99","1","100","0.062617","0","","0","0.0","","1","0.003802","sipas","2","0.007605","thuhet, mund të"
"true_1300","1300","0","real","595","37","2904","3.82","16.08","80","2823","0","0","9","0","1","0.0","0.0","0","0.0","0.01978","0","246","8","254","0.087466","0","","0","0.0","","0","0.0","","1","0.001681","mund të"
"true_1301","1301","0","real","441","22","2764","5.08","20.05","89","2674","0","2","29","7","0","0.0","0.004535","2","0.004535","0.022809","0","197","3","200","0.072359","0","","0","0.0","","5","0.011338","sipas, studimi","9","0.020408","mund të"
"true_1302","1302","0","real","141","6","919","5.15","23.5","94","824","0","0","14","4","0","0.0","0.0","2","0.014184","0.053793","0","60","0","60","0.065288","0","","0","0.0","","0","0.0","","0","0.0",""
"true_1303","1303","0","real","247","13","1418","4.59","19.0","54","1363","0","1","20","4","1","0.0","0.004049","0","0.0","0.034392","0","106","2","108","0.076164","0","","0","0.0","","0","0.0","","0","0.0",""
"true_1304","1304","0","real","752","41","4635","5.05","18.34","97","4537","0","0","19","0","1","0.0","0.0","1","0.00133","0.031423","0","311","8","319","0.068824","0","","0","0.0","","1","0.00133","sipas","2","0.00266","thuhet, mund të"
"true_1305","1305","0","real","253","9","1536","4.99","28.11","84","1451","0","0","12","4","0","0.0","0.0","0","0.0","0.043651","0","107","6","113","0.073568","0","","0","0.0","","0","0.0","","0","0.0",""
"true_1306","1306","0","real","147","7","852","4.63","21.0","94","757","0","0","7","2","0","0.0","0.0","0","0.0","0.032353","0","66","2","68","0.079812","0","","0","0.0","","2","0.013605","policia","0","0.0",""
"true_1307","1307","0","real","144","9","916","5.19","16.0","47","868","0","0","6","0","0","0.0","0.0","1","0.006944","0.041611","0","60","0","60","0.065502","0","","0","0.0","","1","0.006944","sipas","2","0.013889","mund të"
"true_1308","1308","0","real","183","11","1083","4.74","16.64","84","998","0","1","9","8","0","0.0","0.005464","1","0.005464","0.042627","0","72","1","73","0.067405","0","","0","0.0","","0","0.0","","1","0.005464","dyshohet"
"true_1309","1309","0","real","93","5","523","4.54","18.6","60","462","0","0","2","0","0","0.0","0.0","6","0.064516","0.087678","0","40","0","40","0.076482","0","","0","0.0","","0","0.0","","1","0.010753","mund të"
"true_1310","1310","0","real","129","7","761","4.74","18.43","107","653","0","0","4","2","0","0.0","0.0","0","0.0","0.03928","0","64","0","64","0.0841","0","","0","0.0","","1","0.007752","sipas","1","0.007752","thuhet"
"true_1311","1311","0","real","254","13","1467","4.7","19.54","122","1344","0","2","8","2","0","0.0","0.007874","0","0.0","0.048658","0","102","0","102","0.06953","0","","0","0.0","","0","0.0","","5","0.019685","ndoshta, mund të"
"true_1312","1312","0","real","199","9","1368","5.28","22.11","89","1278","0","0","35","2","0","0.0","0.0","4","0.020101","0.067555","0","58","2","60","0.04386","0","","0","0.0","","1","0.005025","sipas","1","0.005025","thuhet"
"true_1313","1313","0","real","263","16","1791","5.22","16.44","64","1726","0","0","24","4","0","0.0","0.0","1","0.003802","0.051863","0","107","1","108","0.060302","0","","0","0.0","","2","0.007605","sipas, raporti","1","0.003802","thuhet"
"true_1314","1314","0","real","94","4","579","4.94","23.5","58","520","0","0","7","0","0","0.0","0.0","1","0.010638","0.053996","0","34","4","38","0.06563","0","","0","0.0","","1","0.010638","policia","0","0.0",""
"true_1315","1315","0","real","263","10","1676","4.73","26.3","42","1633","0","0","21","32","0","0.0","0.0","0","0.0","0.038616","0","121","1","122","0.072792","0","","0","0.0","","2","0.007605","policia","0","0.0",""
"true_1316","1316","0","real","253","19","1518","4.81","13.32","50","1467","0","0","10","10","0","0.0","0.0","0","0.0","0.028759","0","113","0","113","0.07444","0","","0","0.0","","3","0.011858","raportoi, policia","1","0.003953","dyshohet"
"true_1317","1317","0","real","332","14","2126","5.3","23.71","71","2054","0","0","20","2","0","0.0","0.0","2","0.006024","0.057176","0","167","4","171","0.080433","0","","0","0.0","","0","0.0","","0","0.0",""
"true_1318","1318","0","real","48","3","291","4.73","16.0","61","229","0","0","3","0","0","0.0","0.0","0","0.0","0.035242","0","24","1","25","0.085911","0","","0","0.0","","1","0.020833","policia","0","0.0",""
"true_1319","1319","0","real","647","19","4201","5.34","34.05","86","4114","0","0","43","12","0","0.0","0.0","2","0.003091","0.025181","0","276","1","277","0.065937","0","","0","0.0","","2","0.003091","sipas","5","0.007728","thuhet, mund të"
"true_1320","1320","0","real","145","8","794","4.19","18.12","68","725","0","0","8","4","0","0.0","0.0","0","0.0","0.028007","0","59","4","63","0.079345","0","","0","0.0","","0","0.0","","0","0.0",""
"true_1321","1321","0","real","173","7","1052","4.64","24.71","83","968","0","0","7","0","0","0.0","0.0","1","0.00578","0.046135","0","83","0","83","0.078897","0","","0","0.0","","1","0.00578","sipas","0","0.0",""
"true_1322","1322","0","real","805","31","4685","4.62","25.97","50","4634","0","0","63","12","0","0.0","0.0","1","0.001242","0.01936","0","371","11","382","0.081537","0","","0","0.0","","4","0.004969","sipas","3","0.003727","thuhet, ndoshta, mund të"
"true_1323","1323","0","real","146","5","906","5.11","29.2","77","828","0","0","6","2","0","0.0","0.0","0","0.0","0.034946","0","64","1","65","0.071744","0","","0","0.0","","1","0.006849","sipas","1","0.006849","thuhet"
"true_1324","1324","0","real","200","8","1258","5.11","25.0","66","1191","0","0","9","2","0","0.0","0.0","0","0.0","0.035225","0","84","0","84","0.066773","0","","0","0.0","","2","0.01","raportoi, bëri të ditur","2","0.01","mund të"
"true_1325","1325","0","real","135","5","863","4.94","27.0","95","767","0","0","7","4","0","0.0","0.0","4","0.02963","0.076692","0","50","0","50","0.057937","0","","0","0.0","","1","0.007407","ministria","1","0.007407","thuhet"
"true_1326","1326","0","real","252","9","1500","4.83","28.0","71","1428","0","0","15","4","0","0.0","0.0","0","0.0","0.028854","0","122","0","122","0.081333","0","","0","0.0","","0","0.0","","6","0.02381","ndoshta, mund të"
"true_1327","1327","0","real","243","10","1438","4.76","24.3","67","1370","0","0","11","6","0","0.0","0.0","3","0.012346","0.027658","0","96","1","97","0.067455","0","","0","0.0","","2","0.00823","policia","4","0.016461","thuhet, dyshohet"
"true_1328","1328","0","real","105","6","639","4.87","17.5","47","591","0","0","5","0","0","0.0","0.0","0","0.0","0.041096","0","41","2","43","0.067293","0","","0","0.0","","0","0.0","","0","0.0",""
"true_1329","1329","0","real","617","23","3620","4.77","26.83","75","3544","1","0","27","10","0","0.001621","0.0","9","0.014587","0.054063","0","203","7","210","0.058011","0","","1","0.001621","skandal","0","0.0","","0","0.0",""
"true_1330","1330","0","real","87","5","559","5.18","17.4","43","515","0","0","5","2","0","0.0","0.0","0","0.0","0.031111","0","34","0","34","0.060823","0","","0","0.0","","0","0.0","","1","0.011494","thuhet"
"true_1331","1331","0","real","109","11","731","4.99","9.91","45","685","0","0","5","0","0","0.0","0.0","1","0.009174","0.049724","0","48","0","48","0.065663","0","","0","0.0","","1","0.009174","sipas","0","0.0",""
"true_1332","1332","0","real","689","27","4038","4.64","25.52","83","3954","0","1","44","8","0","0.0","0.001451","4","0.005806","0.030692","0","302","4","306","0.07578","0","","0","0.0","","0","0.0","","3","0.004354","mund të"
"true_1333","1333","0","real","506","36","3152","5.08","14.06","75","3076","1","3","12","3","1","0.001976","0.005929","0","0.0","0.037354","0","243","11","254","0.080584","0","","0","0.0","","0","0.0","","2","0.003953","thuhet, mund të"
"true_1334","1334","0","real","106","7","621","4.75","15.14","92","528","0","0","5","4","0","0.0","0.0","0","0.0","0.021825","0","37","1","38","0.061192","0","","0","0.0","","0","0.0","","0","0.0",""
"true_1335","1335","0","real","511","35","2817","4.34","14.6","53","2763","0","0","10","0","0","0.0","0.0","0","0.0","0.025271","0","232","0","232","0.082357","0","","0","0.0","","0","0.0","","0","0.0",""
"true_1336","1336","0","real","309","6","1832","4.85","51.5","100","1731","0","0","14","5","0","0.0","0.0","1","0.003236","0.028686","0","148","6","154","0.084061","0","","0","0.0","","0","0.0","","0","0.0",""
"true_1337","1337","0","real","298","11","1785","4.56","27.09","51","1733","0","0","16","2","0","0.0","0.0","4","0.013423","0.037555","0","114","0","114","0.063866","0","","0","0.0","","0","0.0","","1","0.003356","thuhet"
"true_1338","1338","0","real","141","5","910","5.38","28.2","109","800","0","0","7","0","0","0.0","0.0","0","0.0","0.05409","0","68","0","68","0.074725","0","","0","0.0","","1","0.007092","ministria","0","0.0",""
"true_1339","1339","0","real","151","12","907","4.74","12.58","88","818","2","0","7","2","0","0.013245","0.0","0","0.0","0.047552","0","56","4","60","0.066152","0","","0","0.0","","0","0.0","","0","0.0",""
"true_1340","1340","0","real","629","26","3878","5.04","24.19","56","3821","0","0","19","16","0","0.0","0.0","1","0.00159","0.032605","0","306","4","310","0.079938","0","","0","0.0","","0","0.0","","2","0.00318","mund të"
"true_1341","1341","0","real","190","8","1084","4.61","23.75","106","977","1","0","8","4","0","0.005263","0.0","3","0.015789","0.049087","0","80","5","85","0.078413","0","","0","0.0","","0","0.0","","0","0.0",""
"true_1342","1342","0","real","949","34","5956","5.14","27.91","63","5892","0","1","69","12","0","0.0","0.001054","1","0.001054","0.027886","0","469","19","488","0.081934","0","","0","0.0","","3","0.003161","sipas, deklaroi","4","0.004215","mund të"
"true_1343","1343","0","real","831","19","4702","4.53","43.74","70","4631","1","1","57","21","0","0.001203","0.001203","2","0.002407","0.028177","0","313","8","321","0.068269","0","","0","0.0","","0","0.0","","0","0.0",""
"true_1344","1344","0","real","125","7","719","4.64","17.86","46","672","0","0","7","2","0","0.0","0.0","0","0.0","0.046552","0","41","2","43","0.059805","0","","0","0.0","","0","0.0","","0","0.0",""
"true_1345","1345","0","real","134","10","881","5.46","13.4","66","814","5","0","7","0","0","0.037313","0.0","1","0.007463","0.058985","0","58","0","58","0.065834","0","","0","0.0","","0","0.0","","0","0.0",""
"true_1346","1346","0","real","75","5","396","4.03","15.0","54","341","0","0","4","0","0","0.0","0.0","0","0.0","0.033113","0","21","0","21","0.05303","0","","0","0.0","","0","0.0","","0","0.0",""
"true_1347","1347","0","real","132","7","840","5.22","18.86","43","796","0","0","7","0","0","0.0","0.0","3","0.022727","0.066763","0","48","1","49","0.058333","0","","0","0.0","","0","0.0","","0","0.0",""
"true_1348","1348","0","real","1703","101","10311","4.81","16.86","127","10183","2","1","134","46","3","0.001174","0.000587","24","0.014093","0.06165","0","660","55","715","0.069343","0","","0","0.0","","3","0.001762","sipas, ministria, policia","2","0.001174","ndoshta, mund të"
"true_1349","1349","0","real","247","14","1373","4.39","17.64","40","1332","1","0","16","0","0","0.004049","0.0","4","0.016194","0.047926","0","119","4","123","0.089585","0","","0","0.0","","0","0.0","","0","0.0",""
"true_1350","1350","0","real","64","4","394","5.03","16.0","37","356","0","0","4","0","0","0.0","0.0","0","0.0","0.043478","0","22","0","22","0.055838","0","","0","0.0","","0","0.0","","0","0.0",""
"true_1351","1351","0","real","157","12","967","4.66","13.08","31","935","0","0","19","0","0","0.0","0.0","1","0.006369","0.038304","0","68","2","70","0.072389","0","","0","0.0","","0","0.0","","0","0.0",""
"true_1352","1352","0","real","69","5","401","4.7","13.8","31","369","0","0","3","4","0","0.0","0.0","0","0.0","0.055556","0","25","1","26","0.064838","0","","0","0.0","","0","0.0","","0","0.0",""
"true_1353","1353","0","real","753","21","4520","4.98","35.86","34","4485","3","0","10","2","0","0.003984","0.0","0","0.0","0.031475","0","371","4","375","0.082965","0","","0","0.0","","0","0.0","","1","0.001328","mendohet"
"true_1354","1354","0","real","1101","75","6075","4.38","14.68","117","5957","0","10","79","2","2","0.0","0.009083","0","0.0","0.024289","0","507","4","511","0.084115","0","","0","0.0","","0","0.0","","8","0.007266","mund të"
"true_1355","1355","0","real","181","5","1137","5.2","36.2","84","1052","0","0","10","0","0","0.0","0.0","0","0.0","0.072727","0","80","7","87","0.076517","0","","0","0.0","","0","0.0","","0","0.0",""
"true_1356","1356","0","real","2670","126","16022","4.89","21.19","91","15930","1","16","150","6","0","0.000375","0.005993","1","0.000375","0.033914","0","1241","57","1298","0.081014","0","","0","0.0","","0","0.0","","27","0.010112","ndoshta, mund të, supozohet"
"true_1357","1357","0","real","170","12","1073","5.05","14.17","78","994","0","0","9","0","0","0.0","0.0","5","0.029412","0.074592","0","78","1","79","0.073625","0","","0","0.0","","0","0.0","","0","0.0",""
"true_1358","1358","0","real","139","8","831","4.82","17.38","59","771","0","0","7","2","0","0.0","0.0","0","0.0","0.029895","0","66","0","66","0.079422","0","","0","0.0","","0","0.0","","1","0.007194","mendohet"
"true_1359","1359","0","real","164","9","993","4.85","18.22","84","908","0","0","5","2","0","0.0","0.0","0","0.0","0.028931","0","66","4","70","0.070493","0","","0","0.0","","1","0.006098","sipas","0","0.0",""
"true_1360","1360","0","real","388","23","2115","4.3","16.87","130","1984","0","1","13","16","1","0.0","0.002577","0","0.0","0.020971","0","173","7","180","0.085106","0","","0","0.0","","0","0.0","","1","0.002577","mund të"
"true_1361","1361","0","real","143","10","861","4.96","14.3","42","818","2","0","4","0","0","0.013986","0.0","0","0.0","0.052186","0","64","8","72","0.083624","0","","0","0.0","","1","0.006993","sipas","0","0.0",""
"true_1362","1362","0","real","419","21","2687","5.17","19.95","75","2611","0","1","33","4","0","0.0","0.002387","12","0.02864","0.057763","0","190","11","201","0.074805","0","","0","0.0","","2","0.004773","sipas, studimi","1","0.002387","mund të"
"true_1363","1363","0","real","192","6","1130","4.76","32.0","99","1030","0","0","11","6","0","0.0","0.0","0","0.0","0.048299","0","67","0","67","0.059292","0","","0","0.0","","0","0.0","","0","0.0",""
"true_1364","1364","0","real","149","5","902","4.89","29.8","94","807","0","0","11","2","0","0.0","0.0","2","0.013423","0.050824","0","70","11","81","0.0898","0","","1","0.006711","e pabesueshme","0","0.0","","0","0.0",""
"true_1365","1365","0","real","450","23","2401","4.25","19.57","138","2262","0","1","18","0","0","0.0","0.002222","0","0.0","0.014652","0","212","5","217","0.090379","0","","0","0.0","","0","0.0","","1","0.002222","mund të"
"true_1366","1366","0","real","224","15","1396","5.04","14.93","47","1348","0","0","13","0","0","0.0","0.0","0","0.0","0.023009","0","114","4","118","0.084527","0","","0","0.0","","0","0.0","","0","0.0",""
"true_1367","1367","0","real","697","43","3899","4.44","16.21","96","3802","0","0","42","10","0","0.0","0.0","0","0.0","0.018129","0","259","5","264","0.06771","0","","0","0.0","","0","0.0","","2","0.002869","ndoshta"
"true_1368","1368","0","real","148","10","941","4.84","14.8","36","904","0","0","7","0","0","0.0","0.0","1","0.006757","0.037657","0","55","0","55","0.058448","0","","0","0.0","","0","0.0","","0","0.0",""
"true_1369","1369","0","real","117","5","696","4.88","23.4","85","610","0","0","5","0","0","0.0","0.0","1","0.008547","0.059649","0","36","4","40","0.057471","0","","0","0.0","","0","0.0","","0","0.0",""
"true_1370","1370","0","real","288","11","1754","5.01","26.18","53","1700","0","0","10","6","0","0.0","0.0","2","0.006944","0.044475","0","113","6","119","0.067845","0","","1","0.003472","urgjente","0","0.0","","1","0.003472","thuhet"
"true_1371","1371","0","real","77","8","434","4.39","9.62","20","413","0","5","4","3","1","0.0","0.064935","1","0.012987","0.059172","0","19","0","19","0.043779","0","","0","0.0","","0","0.0","","0","0.0",""
"true_1372","1372","0","real","188","10","1160","4.93","18.8","73","1086","0","0","11","6","0","0.0","0.0","1","0.005319","0.033441","0","102","0","102","0.087931","0","","0","0.0","","1","0.005319","deklaroi","1","0.005319","mund të"
"true_1373","1373","0","real","335","19","2019","4.8","17.63","35","1983","0","0","18","14","0","0.0","0.0","0","0.0","0.029247","0","144","4","148","0.073304","0","","0","0.0","","0","0.0","","2","0.00597","mund të"
"true_1374","1374","0","real","100","4","605","4.94","25.0","57","547","0","0","8","2","0","0.0","0.0","1","0.01","0.073022","0","38","4","42","0.069421","0","","0","0.0","","0","0.0","","0","0.0",""
"true_1375","1375","0","real","166","6","995","4.84","27.67","108","886","0","0","7","6","0","0.0","0.0","1","0.006024","0.041045","0","69","2","71","0.071357","0","","0","0.0","","0","0.0","","0","0.0",""
"true_1376","1376","0","real","234","11","1392","4.84","21.27","76","1315","0","0","11","2","0","0.0","0.0","1","0.004274","0.045896","0","100","6","106","0.076149","0","","0","0.0","","0","0.0","","0","0.0",""
"true_1377","1377","0","real","154","9","937","4.9","17.11","99","837","0","0","5","2","0","0.0","0.0","0","0.0","0.026525","0","56","1","57","0.060832","0","","0","0.0","","1","0.006494","policia","1","0.006494","thuhet"
"true_1378","1378","0","real","129","5","741","4.64","25.8","84","656","0","0","3","0","0","0.0","0.0","0","0.0","0.056856","0","45","4","49","0.066127","0","","0","0.0","","0","0.0","","0","0.0",""
"true_1379","1379","0","real","214","6","1328","5.1","35.67","58","1269","0","0","12","8","0","0.0","0.0","2","0.009346","0.045914","0","98","5","103","0.07756","0","","0","0.0","","0","0.0","","0","0.0",""
"true_1380","1380","0","real","348","15","2172","5.09","23.2","62","2109","0","1","30","6","0","0.0","0.002874","7","0.020115","0.065008","0","138","9","147","0.06768","0","","0","0.0","","0","0.0","","1","0.002874","mund të"
"true_1381","1381","0","real","88","4","581","5.4","22.0","53","527","0","0","4","0","0","0.0","0.0","0","0.0","0.072034","0","32","2","34","0.05852","0","","0","0.0","","0","0.0","","0","0.0",""
"true_1382","1382","0","real","206","10","1309","5.27","20.6","81","1227","0","0","11","2","0","0.0","0.0","0","0.0","0.045161","0","81","8","89","0.067991","0","","0","0.0","","2","0.009709","sipas","0","0.0",""
"true_1383","1383","0","real","153","6","991","5.18","25.5","93","897","0","0","12","2","0","0.0","0.0","3","0.019608","0.044136","0","65","4","69","0.069627","0","","0","0.0","","2","0.013072","ministria","0","0.0",""
"true_1384","1384","0","real","473","25","2796","4.77","18.92","91","2704","0","0","10","8","0","0.0","0.0","0","0.0","0.021258","0","209","2","211","0.075465","0","","0","0.0","","1","0.002114","sipas","2","0.004228","mund të"
"true_1385","1385","0","real","579","10","3364","4.73","57.9","97","3266","0","1","33","5","0","0.0","0.001727","5","0.008636","0.031158","0","246","3","249","0.074019","0","","0","0.0","","0","0.0","","1","0.001727","supozohet"
"true_1386","1386","0","real","268","11","1707","5.24","24.36","94","1612","0","0","16","6","0","0.0","0.0","1","0.003731","0.042705","0","118","3","121","0.070885","0","","0","0.0","","1","0.003731","ministria","0","0.0",""
"true_1387","1387","0","real","367","20","2130","4.67","18.35","76","2053","0","0","18","10","0","0.0","0.0","1","0.002725","0.034422","0","134","5","139","0.065258","0","","0","0.0","","1","0.002725","sipas","2","0.00545","thuhet, mund të"
"true_1388","1388","0","real","148","5","934","5.26","29.6","91","842","0","0","3","0","0","0.0","0.0","1","0.006757","0.044987","0","68","0","68","0.072805","0","","0","0.0","","1","0.006757","sipas","0","0.0",""
"true_1389","1389","0","real","144","9","893","4.91","16.0","42","850","0","0","8","2","0","0.0","0.0","3","0.020833","0.080622","0","54","4","58","0.06495","0","","0","0.0","","0","0.0","","1","0.006944","thuhet"
"true_1390","1390","0","real","246","13","1540","4.94","18.92","62","1477","0","0","10","2","0","0.0","0.0","2","0.00813","0.035362","0","109","1","110","0.071429","0","","0","0.0","","0","0.0","","1","0.004065","mund të"
"true_1391","1391","0","real","163","9","962","4.44","18.11","31","930","0","0","24","0","0","0.0","0.0","0","0.0","0.024862","0","70","1","71","0.073805","0","","0","0.0","","1","0.006135","sipas","0","0.0",""
"true_1392","1392","0","real","205","10","1247","4.85","20.5","80","1166","0","0","14","2","0","0.0","0.0","1","0.004878","0.035176","0","80","0","80","0.064154","0","","0","0.0","","0","0.0","","0","0.0",""
"true_1393","1393","0","real","121","7","750","5.08","17.29","54","695","0","0","9","4","0","0.0","0.0","0","0.0","0.065041","0","56","0","56","0.074667","0","","0","0.0","","0","0.0","","0","0.0",""
"true_1394","1394","0","real","766","15","4463","4.72","51.07","20","4442","6","2","59","20","0","0.007833","0.002611","8","0.010444","0.036051","0","321","5","326","0.073045","0","","0","0.0","","0","0.0","","2","0.002611","mund të"
"true_1395","1395","0","real","273","11","1600","4.69","24.82","74","1525","0","0","14","7","0","0.0","0.0","0","0.0","0.025","0","118","1","119","0.074375","0","","0","0.0","","1","0.003663","sipas","2","0.007326","mund të"
"true_1396","1396","0","real","310","15","1832","4.82","20.67","50","1781","0","0","14","7","0","0.0","0.0","0","0.0","0.039597","0","113","1","114","0.062227","0","","0","0.0","","0","0.0","","0","0.0",""
"true_1397","1397","0","real","225","9","1273","4.59","25.0","77","1195","0","0","5","8","0","0.0","0.0","3","0.013333","0.062317","0","90","0","90","0.070699","0","","0","0.0","","0","0.0","","0","0.0",""
"true_1398","1398","0","real","256","13","1504","4.74","19.69","93","1410","0","0","11","4","0","0.0","0.0","1","0.003906","0.02803","0","104","3","107","0.071144","0","","0","0.0","","1","0.003906","sipas","1","0.003906","mund të"
"true_1399","1399","0","real","225","11","1419","4.94","20.45","74","1344","0","0","12","0","0","0.0","0.0","2","0.008889","0.075249","0","113","0","113","0.079634","0","","0","0.0","","0","0.0","","0","0.0",""
"true_1400","1400","0","real","612","31","3617","4.78","19.74","72","3544","3","0","36","10","0","0.004902","0.0","8","0.013072","0.053228","0","235","5","240","0.066353","0","","0","0.0","","0","0.0","","4","0.006536","ndoshta, mund të"
"true_1401","1401","0","real","739","27","4347","4.77","27.37","87","4259","0","0","33","8","0","0.0","0.0","21","0.028417","0.05685","0","328","0","328","0.075454","0","","0","0.0","","0","0.0","","0","0.0",""
"true_1402","1402","0","real","232","14","1392","4.84","16.57","47","1344","0","1","12","0","0","0.0","0.00431","0","0.0","0.017825","0","109","9","118","0.08477","0","","0","0.0","","0","0.0","","0","0.0",""
"true_1403","1403","0","real","216","9","1225","4.59","24.0","73","1151","1","0","9","2","0","0.00463","0.0","3","0.013889","0.056452","0","90","3","93","0.075918","0","","0","0.0","","1","0.00463","sipas","1","0.00463","thuhet"
"true_1404","1404","0","real","152","5","909","4.89","30.4","87","821","0","0","6","0","0","0.0","0.0","4","0.026316","0.076819","0","72","1","73","0.080308","0","","0","0.0","","0","0.0","","0","0.0",""
"true_1405","1405","0","real","736","42","3924","4.17","17.52","63","3860","0","6","48","8","0","0.0","0.008152","0","0.0","0.01696","0","368","9","377","0.096075","0","","0","0.0","","0","0.0","","4","0.005435","ndoshta, mund të"
"true_1406","1406","0","real","256","11","1567","4.85","23.27","79","1487","0","0","14","4","0","0.0","0.0","0","0.0","0.03062","0","113","0","113","0.072112","0","","0","0.0","","2","0.007812","sipas, ministria","1","0.003906","mund të"
"true_1407","1407","0","real","166","10","950","4.63","16.6","70","879","0","0","3","4","0","0.0","0.0","2","0.012048","0.044271","0","76","5","81","0.085263","0","","0","0.0","","0","0.0","","0","0.0",""
"true_1408","1408","0","real","107","6","645","4.93","17.83","57","587","0","0","7","0","0","0.0","0.0","1","0.009346","0.043643","0","27","0","27","0.04186","0","","0","0.0","","0","0.0","","0","0.0",""
"true_1409","1409","0","real","308","27","1853","4.69","11.41","54","1798","0","0","21","2","0","0.0","0.0","0","0.0","0.024965","0","126","0","126","0.067998","0","","0","0.0","","0","0.0","","1","0.003247","thuhet"
"true_1410","1410","0","real","260","8","1551","4.9","32.5","69","1481","4","0","8","2","0","0.015385","0.0","5","0.019231","0.036164","0","113","6","119","0.076725","0","","0","0.0","","0","0.0","","1","0.003846","mund të"
"true_1411","1411","0","real","334","15","1942","4.67","22.27","77","1864","0","0","19","12","0","0.0","0.0","1","0.002994","0.028205","0","129","4","133","0.068486","0","","0","0.0","","0","0.0","","2","0.005988","ndoshta"
"true_1412","1412","0","real","1707","65","10206","4.81","26.26","157","10048","0","0","101","26","0","0.0","0.0","8","0.004687","0.02363","0","801","7","808","0.079169","0","","1","0.000586","urgjente","4","0.002343","sipas, konfirmoi","5","0.002929","mund të, ka gjasa"
"true_1413","1413","0","real","366","14","2291","4.93","26.14","59","2231","0","0","18","2","0","0.0","0.0","5","0.013661","0.049362","0","165","0","165","0.072021","0","","0","0.0","","2","0.005464","sipas, ministria","4","0.010929","thuhet, mund të"
"true_1414","1414","0","real","344","19","2208","5.19","18.11","72","2135","0","0","19","0","0","0.0","0.0","2","0.005814","0.038138","0","142","2","144","0.065217","0","","0","0.0","","5","0.014535","sipas, ministria","0","0.0",""
"true_1415","1415","0","real","344","14","2027","4.78","24.57","79","1947","0","0","18","8","0","0.0","0.0","1","0.002907","0.045648","0","127","3","130","0.064134","0","","0","0.0","","0","0.0","","2","0.005814","thuhet, mund të"
"true_1416","1416","0","real","201","13","1112","4.36","15.46","50","1061","0","1","9","0","0","0.0","0.004975","0","0.0","0.027397","0","86","5","91","0.081835","0","","0","0.0","","0","0.0","","0","0.0",""
"true_1417","1417","0","real","381","20","2248","4.78","19.05","107","2140","0","0","17","10","0","0.0","0.0","2","0.005249","0.039495","0","195","9","204","0.090747","0","","0","0.0","","1","0.002625","sipas","2","0.005249","mund të"
"true_1418","1418","0","real","539","26","3067","4.55","20.73","102","2964","1","0","25","8","0","0.001855","0.0","12","0.022263","0.035045","0","214","4","218","0.071079","0","","0","0.0","","0","0.0","","1","0.001855","mund të"
"true_1419","1419","0","real","200","5","1289","5.28","40.0","79","1209","0","0","13","6","0","0.0","0.0","3","0.015","0.068637","0","73","1","74","0.057409","0","","0","0.0","","2","0.01","sipas","0","0.0",""
"true_1420","1420","0","real","93","4","548","4.76","23.25","49","498","0","0","4","0","0","0.0","0.0","2","0.021505","0.06772","0","33","0","33","0.060219","0","","0","0.0","","0","0.0","","0","0.0",""
"true_1421","1421","0","real","178","7","1212","5.63","25.43","85","1126","0","0","14","2","0","0.0","0.0","0","0.0","0.024024","0","66","6","72","0.059406","0","","0","0.0","","2","0.011236","sipas, studimi","0","0.0",""
"true_1422","1422","0","real","398","23","2420","4.92","17.3","74","2345","0","0","23","6","0","0.0","0.0","1","0.002513","0.027055","0","160","4","164","0.067769","0","","0","0.0","","1","0.002513","konfirmoi","3","0.007538","mund të"
"true_1423","1423","0","real","333","11","1846","4.42","30.27","62","1783","0","0","26","6","0","0.0","0.0","13","0.039039","0.068614","0","114","10","124","0.067172","0","","0","0.0","","0","0.0","","3","0.009009","mund të"
"true_1424","1424","0","real","524","21","3058","4.73","24.95","80","2977","0","0","18","4","0","0.0","0.0","2","0.003817","0.033926","0","231","3","234","0.076521","0","","0","0.0","","0","0.0","","0","0.0",""
"true_1425","1425","0","real","161","8","906","4.55","20.12","83","822","0","0","5","2","0","0.0","0.0","2","0.012422","0.046448","0","63","0","63","0.069536","0","","0","0.0","","0","0.0","","0","0.0",""
"true_1426","1426","0","real","164","7","1008","5.01","23.43","85","922","1","0","6","2","0","0.006098","0.0","0","0.0","0.049878","0","73","1","74","0.073413","0","","0","0.0","","0","0.0","","0","0.0",""
"true_1427","1427","0","real","336","20","2124","5.19","16.8","26","2097","0","1","22","0","0","0.0","0.002976","2","0.005952","0.041261","0","149","1","150","0.070621","0","","0","0.0","","0","0.0","","2","0.005952","thuhet, mund të"
"true_1428","1428","0","real","110","6","715","5.29","18.33","63","651","0","0","7","2","0","0.0","0.0","0","0.0","0.04811","0","50","1","51","0.071329","0","","0","0.0","","0","0.0","","0","0.0",""
"true_1429","1429","0","real","55","4","284","4.05","13.75","26","257","0","0","3","2","0","0.0","0.0","0","0.0","0.049327","0","18","0","18","0.06338","0","","0","0.0","","0","0.0","","0","0.0",""
"true_1430","1430","0","real","62","4","425","5.23","15.5","75","349","0","0","1","0","0","0.0","0.0","2","0.032258","0.074074","0","28","0","28","0.065882","0","","0","0.0","","1","0.016129","ministria","0","0.0",""
"true_1431","1431","0","real","698","42","3863","4.35","16.62","67","3795","1","0","54","2","0","0.001433","0.0","0","0.0","0.017463","0","279","3","282","0.073","0","","0","0.0","","0","0.0","","1","0.001433","mund të"
"true_1432","1432","0","real","344","15","2023","4.7","22.93","64","1958","0","0","22","4","0","0.0","0.0","1","0.002907","0.022868","0","170","8","178","0.087988","0","","0","0.0","","0","0.0","","4","0.011628","mund të"
"true_1433","1433","0","real","301","12","1788","4.77","25.08","91","1696","0","0","20","8","0","0.0","0.0","0","0.0","0.039749","0","128","3","131","0.073266","0","","0","0.0","","0","0.0","","0","0.0",""
"true_1434","1434","0","real","148","6","862","4.74","24.67","89","772","0","0","7","0","0","0.0","0.0","0","0.0","0.041311","0","60","1","61","0.070766","0","","0","0.0","","0","0.0","","0","0.0",""
"true_1435","1435","0","real","330","14","2045","5.02","23.57","80","1964","0","0","17","8","1","0.0","0.0","0","0.0","0.02414","0","159","1","160","0.07824","0","","0","0.0","","3","0.009091","sipas, studimi","8","0.024242","mund të"
"true_1436","1436","0","real","198","11","1178","4.79","18.0","52","1125","0","0","10","1","0","0.0","0.0","7","0.035354","0.074895","0","97","1","98","0.083192","0","","0","0.0","","0","0.0","","4","0.020202","mund të"
"true_1437","1437","0","real","127","6","799","5.1","21.17","97","701","0","0","7","4","0","0.0","0.0","5","0.03937","0.078704","0","50","2","52","0.065081","0","","0","0.0","","0","0.0","","0","0.0",""
"true_1438","1438","0","real","327","23","1987","4.92","14.22","106","1880","1","1","16","6","0","0.003058","0.003058","5","0.015291","0.052336","0","128","12","140","0.070458","0","","0","0.0","","0","0.0","","0","0.0",""
"true_1439","1439","0","real","1180","79","6845","4.62","14.94","46","6798","0","1","42","4","0","0.0","0.000847","11","0.009322","0.038384","0","578","5","583","0.085172","0","","0","0.0","","0","0.0","","6","0.005085","mund të"
"true_1440","1440","0","real","285","15","1675","4.73","19.0","74","1600","1","0","17","4","0","0.003509","0.0","2","0.007018","0.034841","0","123","5","128","0.076418","0","","0","0.0","","0","0.0","","0","0.0",""
"true_1441","1441","0","real","107","6","594","4.46","17.83","30","563","1","0","4","0","0","0.009346","0.0","0","0.0","0.039832","0","38","2","40","0.06734","0","","0","0.0","","0","0.0","","0","0.0",""
"true_1442","1442","0","real","95","3","526","4.37","31.67","47","478","0","0","4","8","1","0.0","0.0","0","0.0","0.045783","0","37","0","37","0.070342","0","","0","0.0","","0","0.0","","1","0.010526","mund të"
"true_1443","1443","0","real","170","8","965","4.58","21.25","59","905","0","0","5","6","0","0.0","0.0","1","0.005882","0.039846","0","75","4","79","0.081865","0","","0","0.0","","0","0.0","","0","0.0",""
"true_1444","1444","0","real","330","15","1888","4.6","22.0","61","1826","1","0","15","4","0","0.00303","0.0","1","0.00303","0.031683","0","135","3","138","0.073093","0","","0","0.0","","1","0.00303","ministria","0","0.0",""
"true_1445","1445","0","real","590","19","3531","4.71","31.05","70","3460","0","0","43","20","0","0.0","0.0","2","0.00339","0.033153","0","254","4","258","0.073067","0","","0","0.0","","0","0.0","","0","0.0",""
"true_1446","1446","0","real","277","9","1747","5.17","30.78","100","1646","0","0","13","4","0","0.0","0.0","5","0.018051","0.054507","0","110","1","111","0.063537","0","","0","0.0","","2","0.00722","sipas, bëri të ditur","0","0.0",""
"true_1447","1447","0","real","113","6","675","4.87","18.83","52","622","0","0","4","2","0","0.0","0.0","0","0.0","0.027273","0","40","0","40","0.059259","0","","0","0.0","","1","0.00885","deklaroi","2","0.017699","mund të"
"true_1448","1448","0","real","123","6","758","5.1","20.5","92","665","0","0","1","0","0","0.0","0.0","1","0.00813","0.04","0","48","0","48","0.063325","0","","0","0.0","","0","0.0","","0","0.0",""
"true_1449","1449","0","real","202","6","1121","4.44","33.67","90","1030","0","0","9","0","0","0.0","0.0","1","0.00495","0.041295","0","99","1","100","0.089206","0","","0","0.0","","1","0.00495","ministria","1","0.00495","mund të"
"true_1450","1450","0","real","88","6","516","4.75","14.67","42","473","0","0","6","0","0","0.0","0.0","0","0.0","0.059809","0","40","0","40","0.077519","0","","0","0.0","","0","0.0","","0","0.0",""
"true_1451","1451","0","real","218","7","1416","5.39","31.14","84","1331","0","0","17","0","0","0.0","0.0","1","0.004587","0.067637","0","85","3","88","0.062147","0","","0","0.0","","0","0.0","","0","0.0",""
"true_1452","1452","0","real","145","9","891","4.75","16.11","67","823","0","0","16","0","0","0.0","0.0","3","0.02069","0.049347","0","54","0","54","0.060606","0","","0","0.0","","0","0.0","","0","0.0",""
"true_1453","1453","0","real","114","10","749","4.84","11.4","72","676","0","0","6","0","0","0.0","0.0","5","0.04386","0.061594","0","46","1","47","0.06275","0","","0","0.0","","1","0.008772","ministria","0","0.0",""
"true_1454","1454","0","real","188","6","1183","5.06","31.33","59","1123","0","0","10","0","0","0.0","0.0","1","0.005319","0.055966","0","77","7","84","0.071006","0","","0","0.0","","0","0.0","","0","0.0",""
"true_1455","1455","0","real","132","5","818","5.01","26.4","45","772","0","0","12","4","0","0.0","0.0","0","0.0","0.030303","0","62","2","64","0.07824","0","","0","0.0","","0","0.0","","0","0.0",""
"true_1456","1456","0","real","150","7","907","4.81","21.43","58","848","0","0","2","2","0","0.0","0.0","1","0.006667","0.027701","0","68","0","68","0.074972","0","","0","0.0","","1","0.006667","sipas","0","0.0",""
"true_1457","1457","0","real","318","16","1921","4.93","19.88","59","1861","0","0","9","0","0","0.0","0.0","0","0.0","0.016571","0","159","1","160","0.08329","0","","0","0.0","","1","0.003145","sipas","2","0.006289","thuhet, mund të"
"true_1458","1458","0","real","85","4","493","4.71","21.25","44","448","0","0","6","2","0","0.0","0.0","0","0.0","0.025","0","39","0","39","0.079108","0","","0","0.0","","0","0.0","","0","0.0",""
"true_1459","1459","0","real","79","4","603","5.42","19.75","39","563","0","0","19","0","0","0.0","0.0","0","0.0","0.086449","0","33","3","36","0.059701","0","","0","0.0","","2","0.025316","bëri të ditur, ministria","0","0.0",""
"true_1460","1460","0","real","80","5","506","5.22","16.0","52","453","0","0","6","0","0","0.0","0.0","0","0.0","0.045455","0","26","0","26","0.051383","0","","0","0.0","","0","0.0","","0","0.0",""
"true_1461","1461","0","real","65","3","419","5.18","21.67","98","320","0","0","4","0","0","0.0","0.0","0","0.0","0.023739","0","31","1","32","0.076372","0","","0","0.0","","1","0.015385","sipas","0","0.0",""
"true_1462","1462","0","real","201","12","1308","5.31","16.75","50","1257","0","0","12","0","0","0.0","0.0","0","0.0","0.026266","0","88","0","88","0.067278","0","","0","0.0","","0","0.0","","0","0.0",""
"true_1463","1463","0","real","298","12","1762","4.76","24.83","66","1695","0","0","20","12","0","0.0","0.0","1","0.003356","0.034678","0","142","5","147","0.083428","0","","0","0.0","","1","0.003356","sipas","0","0.0",""
"true_1464","1464","0","real","565","31","3386","4.81","18.23","78","3307","0","0","27","10","0","0.0","0.0","0","0.0","0.020603","0","243","1","244","0.072061","0","","0","0.0","","1","0.00177","policia","0","0.0",""
"true_1465","1465","0","real","340","22","1986","4.7","15.45","63","1922","0","0","13","0","0","0.0","0.0","0","0.0","0.030056","0","159","2","161","0.081067","0","","0","0.0","","2","0.005882","sipas","2","0.005882","mund të, supozohet"
"true_1466","1466","0","real","283","12","1799","4.6","23.58","61","1737","0","0","31","0","0","0.0","0.0","4","0.014134","0.039231","0","127","0","127","0.070595","0","","0","0.0","","1","0.003534","sipas","0","0.0",""
"true_1467","1467","0","real","58","4","347","4.81","14.5","46","300","0","0","2","2","0","0.0","0.0","0","0.0","0.053763","0","32","0","32","0.092219","0","","0","0.0","","1","0.017241","bëri të ditur","0","0.0",""
"true_1468","1468","0","real","487","34","3022","4.98","14.32","73","2948","0","1","25","20","0","0.0","0.002053","4","0.008214","0.03924","0","218","1","219","0.072469","0","","0","0.0","","3","0.00616","sipas","1","0.002053","mund të"
"true_1469","1469","0","real","143","9","902","4.94","15.89","69","832","0","0","6","0","0","0.0","0.0","0","0.0","0.038244","0","64","4","68","0.075388","0","","0","0.0","","0","0.0","","1","0.006993","thuhet"
"true_1470","1470","0","real","212","8","1328","4.99","26.5","74","1253","1","0","14","0","0","0.004717","0.0","0","0.0","0.026465","0","108","1","109","0.082078","0","","0","0.0","","0","0.0","","0","0.0",""
"true_1471","1471","0","real","374","15","2337","5.12","24.93","94","2242","0","0","18","0","0","0.0","0.0","17","0.045455","0.084249","0","179","7","186","0.079589","0","","0","0.0","","0","0.0","","0","0.0",""
"true_1472","1472","0","real","113","8","741","5.18","14.12","70","670","0","0","8","4","0","0.0","0.0","1","0.00885","0.041166","0","60","0","60","0.080972","0","","0","0.0","","1","0.00885","policia","0","0.0",""
"true_1473","1473","0","real","112","5","807","5.81","22.4","94","712","0","0","15","0","0","0.0","0.0","7","0.0625","0.094136","0","36","1","37","0.045849","0","","0","0.0","","0","0.0","","0","0.0",""
"true_1474","1474","0","real","341","10","2052","4.89","34.1","54","1997","0","0","18","14","0","0.0","0.0","1","0.002933","0.04089","0","137","0","137","0.066764","0","","0","0.0","","2","0.005865","deklaroi, ministria","0","0.0",""
"true_1475","1475","0","real","129","6","899","5.83","21.5","55","843","0","0","7","0","0","0.0","0.0","1","0.007752","0.031915","0","64","1","65","0.072303","0","","0","0.0","","3","0.023256","sipas, policia","0","0.0",""
"true_1476","1476","0","real","256","9","1601","5.05","28.44","62","1538","0","0","16","2","0","0.0","0.0","1","0.003906","0.036378","0","98","3","101","0.063086","0","","0","0.0","","1","0.003906","ministria","0","0.0",""
"true_1477","1477","0","real","116","4","741","5.26","29.0","96","644","0","0","3","2","0","0.0","0.0","2","0.017241","0.068852","0","60","0","60","0.080972","0","","0","0.0","","1","0.008621","sipas","1","0.008621","thuhet"
"true_1478","1478","0","real","153","7","933","4.9","21.86","75","857","0","0","8","2","0","0.0","0.0","1","0.006536","0.060322","0","60","1","61","0.06538","0","","0","0.0","","0","0.0","","0","0.0",""
"true_1479","1479","0","real","80","3","460","4.59","26.67","52","407","0","0","4","0","0","0.0","0.0","1","0.0125","0.057221","0","33","1","34","0.073913","0","","0","0.0","","0","0.0","","0","0.0",""
"true_1480","1480","0","real","92","5","632","5.68","18.4","76","555","0","0","4","0","0","0.0","0.0","2","0.021739","0.047893","0","46","0","46","0.072785","0","","0","0.0","","0","0.0","","0","0.0",""
"true_1481","1481","0","real","126","4","763","4.85","31.5","41","721","0","0","10","0","0","0.0","0.0","1","0.007937","0.042553","0","41","1","42","0.055046","0","","0","0.0","","0","0.0","","0","0.0",""
"true_1482","1482","0","real","32","1","191","4.78","32.0","58","132","0","0","1","0","0","0.0","0.0","1","0.03125","0.092105","0","8","0","8","0.041885","0","","0","0.0","","0","0.0","","0","0.0",""
"true_1483","1483","0","real","116","5","724","5.04","23.2","45","678","0","0","14","0","0","0.0","0.0","0","0.0","0.054795","0","37","0","37","0.051105","0","","0","0.0","","0","0.0","","0","0.0",""
"true_1484","1484","0","real","754","53","4902","5.19","14.23","69","4832","0","0","38","4","0","0.0","0.0","8","0.01061","0.033487","0","367","4","371","0.075683","0","","0","0.0","","4","0.005305","sipas, raporti","5","0.006631","mund të"
"true_1485","1485","0","real","240","11","1497","4.94","21.82","39","1457","0","0","11","0","0","0.0","0.0","2","0.008333","0.043038","0","98","6","104","0.069472","0","","0","0.0","","2","0.008333","sipas, ministria","0","0.0",""
"true_1486","1486","0","real","586","20","3648","5.1","29.3","90","3557","0","0","25","16","0","0.0","0.0","7","0.011945","0.047284","0","270","6","276","0.075658","0","","0","0.0","","3","0.005119","sipas, deklaroi","0","0.0",""
"true_1487","1487","0","real","110","7","652","4.76","15.71","65","586","0","0","5","2","0","0.0","0.0","0","0.0","0.053435","0","52","4","56","0.08589","0","","0","0.0","","0","0.0","","0","0.0",""
"true_1488","1488","0","real","339","19","1987","4.7","17.84","101","1885","0","0","15","8","0","0.0","0.0","3","0.00885","0.042059","0","131","0","131","0.065929","0","","0","0.0","","0","0.0","","0","0.0",""
"true_1489","1489","0","real","176","5","1351","6.56","35.2","51","1299","0","0","6","4","0","0.0","0.0","0","0.0","0.057143","0","97","0","97","0.071799","0","","0","0.0","","0","0.0","","0","0.0",""
"true_1490","1490","0","real","163","8","1002","5.06","20.38","72","929","0","0","11","0","0","0.0","0.0","0","0.0","0.026699","0","52","0","52","0.051896","0","","0","0.0","","0","0.0","","0","0.0",""
"true_1491","1491","0","real","264","13","1636","5.08","20.31","63","1572","0","0","18","7","0","0.0","0.0","1","0.003788","0.041854","0","112","3","115","0.070293","0","","0","0.0","","2","0.007576","sipas","0","0.0",""
"true_1492","1492","0","real","203","14","1331","5.05","14.5","56","1274","0","0","11","0","0","0.0","0.0","1","0.004926","0.046829","0","106","3","109","0.081893","0","","0","0.0","","0","0.0","","0","0.0",""
"true_1493","1493","0","real","114","3","666","4.75","38.0","72","593","0","0","5","0","0","0.0","0.0","0","0.0","0.040741","0","48","0","48","0.072072","0","","0","0.0","","0","0.0","","0","0.0",""
"true_1494","1494","0","real","85","7","500","4.76","12.14","38","461","0","0","4","2","0","0.0","0.0","1","0.011765","0.084158","0","28","2","30","0.06","0","","0","0.0","","0","0.0","","0","0.0",""
"true_1495","1495","0","real","588","24","3854","5.41","24.5","62","3791","0","0","32","6","0","0.0","0.0","2","0.003401","0.035591","0","245","3","248","0.064349","0","","0","0.0","","0","0.0","","3","0.005102","thuhet, mund të"
"true_1496","1496","0","real","247","13","1453","4.83","19.0","109","1343","1","0","9","0","0","0.004049","0.0","0","0.0","0.033557","0","112","3","115","0.079147","0","","0","0.0","","0","0.0","","1","0.004049","mund të"
"true_1497","1497","0","real","292","12","1739","4.86","24.33","79","1659","0","0","17","6","0","0.0","0.0","1","0.003425","0.026798","0","157","2","159","0.091432","0","","0","0.0","","0","0.0","","0","0.0",""
"true_1498","1498","0","real","349","16","2087","4.82","21.81","97","1989","0","0","38","4","1","0.0","0.0","0","0.0","0.027976","0","160","3","163","0.078103","0","","0","0.0","","2","0.005731","sipas","0","0.0",""
"true_1499","1499","0","real","113","6","699","5.09","18.83","87","611","0","0","4","2","0","0.0","0.0","0","0.0","0.054196","0","58","2","60","0.085837","0","","0","0.0","","0","0.0","","0","0.0",""
"true_1500","1500","0","real","163","9","960","4.72","18.11","64","895","2","0","10","0","1","0.01227","0.0","2","0.01227","0.057292","0","62","0","62","0.064583","0","","0","0.0","","0","0.0","","0","0.0",""
"true_1501","1501","0","real","181","6","1289","5.14","30.17","54","1234","0","0","29","2","0","0.0","0.0","4","0.022099","0.089151","0","82","3","85","0.065943","0","","0","0.0","","2","0.01105","sipas, ministria","0","0.0",""
"true_1502","1502","0","real","62","2","423","5.65","31.0","56","366","0","0","3","0","0","0.0","0.0","0","0.0","0.057143","0","34","0","34","0.080378","0","","0","0.0","","0","0.0","","0","0.0",""
"true_1503","1503","0","real","111","12","752","4.89","9.25","65","686","0","0","8","2","0","0.0","0.0","0","0.0","0.042514","0","57","0","57","0.075798","0","","0","0.0","","0","0.0","","1","0.009009","thuhet"
"true_1504","1504","0","real","92","4","545","4.73","23.0","66","478","0","0","4","2","0","0.0","0.0","0","0.0","0.060046","0","36","1","37","0.06789","0","","0","0.0","","0","0.0","","0","0.0",""
"true_1505","1505","0","real","350","24","2277","5.3","14.58","70","2206","0","0","23","12","0","0.0","0.0","7","0.02","0.059968","0","127","0","127","0.055775","0","","0","0.0","","1","0.002857","sipas","0","0.0",""
"true_1506","1506","0","real","406","20","2408","4.79","20.3","83","2324","0","0","14","2","0","0.0","0.0","9","0.022167","0.032973","0","198","2","200","0.083056","0","","0","0.0","","1","0.002463","bëri të ditur","0","0.0",""
"true_1507","1507","0","real","252","10","1543","5.01","25.2","19","1523","0","0","18","2","0","0.0","0.0","1","0.003968","0.043616","0","107","4","111","0.071938","0","","0","0.0","","0","0.0","","0","0.0",""
"true_1508","1508","0","real","192","9","1208","5.04","21.33","88","1119","0","0","11","0","0","0.0","0.0","0","0.0","0.019689","0","74","1","75","0.062086","0","","0","0.0","","0","0.0","","0","0.0",""
"true_1509","1509","0","real","139","11","902","5.14","12.64","74","827","1","0","10","0","0","0.007194","0.0","0","0.0","0.01958","0","72","0","72","0.079823","0","","0","0.0","","1","0.007194","sipas","0","0.0",""
"true_1510","1510","0","real","134","9","755","4.38","14.89","61","693","1","0","8","0","0","0.007463","0.0","0","0.0","0.02385","0","68","1","69","0.091391","0","","0","0.0","","1","0.007463","sipas","0","0.0",""
"true_1511","1511","0","real","178","6","1142","5.35","29.67","37","1104","0","0","6","6","0","0.0","0.0","0","0.0","0.031513","0","77","1","78","0.068301","0","","0","0.0","","2","0.011236","sipas","0","0.0",""
"true_1512","1512","0","real","242","6","1532","5.22","40.33","72","1459","0","0","14","4","0","0.0","0.0","1","0.004132","0.032488","0","97","2","99","0.064621","0","","0","0.0","","2","0.008264","sipas, deklaroi","0","0.0",""
"true_1513","1513","0","real","256","11","1610","4.87","23.27","94","1515","0","0","21","6","0","0.0","0.0","0","0.0","0.037721","0","120","5","125","0.07764","0","","0","0.0","","0","0.0","","1","0.003906","mund të"
"true_1514","1514","0","real","133","5","772","4.66","26.6","75","696","0","0","11","6","0","0.0","0.0","0","0.0","0.046774","0","51","1","52","0.067358","0","","0","0.0","","0","0.0","","0","0.0",""
"true_1515","1515","0","real","152","6","891","4.69","25.33","60","830","0","0","9","6","0","0.0","0.0","7","0.046053","0.072931","0","55","4","59","0.066218","0","","0","0.0","","0","0.0","","0","0.0",""
"true_1516","1516","0","real","116","4","731","5.23","29.0","102","628","0","0","6","2","0","0.0","0.0","0","0.0","0.047776","0","64","3","67","0.091655","0","","0","0.0","","0","0.0","","0","0.0",""
"true_1517","1517","0","real","176","5","1065","4.98","35.2","65","999","0","0","8","0","0","0.0","0.0","1","0.005682","0.043379","0","86","0","86","0.080751","0","","0","0.0","","2","0.011364","policia","0","0.0",""
"true_1518","1518","0","real","187","7","1182","5.22","26.71","28","1153","0","0","18","0","0","0.0","0.0","0","0.0","0.090909","0","73","3","76","0.064298","0","","0","0.0","","0","0.0","","0","0.0",""
"true_1519","1519","0","real","227","9","1354","4.71","25.22","58","1295","0","0","13","2","0","0.0","0.0","0","0.0","0.021495","0","93","0","93","0.068685","0","","0","0.0","","0","0.0","","0","0.0",""
"true_1520","1520","0","real","505","15","3139","5.05","33.67","66","3072","0","0","40","8","0","0.0","0.0","0","0.0","0.02828","0","237","4","241","0.076776","0","","0","0.0","","1","0.00198","sipas","0","0.0",""
"true_1521","1521","0","real","103","3","626","4.96","34.33","112","513","0","0","5","4","0","0.0","0.0","0","0.0","0.037255","0","49","0","49","0.078275","0","","0","0.0","","0","0.0","","2","0.019417","mund të"
"true_1522","1522","0","real","106","9","625","4.49","11.78","72","552","0","0","7","0","0","0.0","0.0","2","0.018868","0.042017","0","34","1","35","0.056","0","","0","0.0","","1","0.009434","sipas","0","0.0",""
"true_1523","1523","0","real","254","10","1755","5.1","25.4","68","1686","0","0","37","4","0","0.0","0.0","3","0.011811","0.073302","0","105","5","110","0.062678","0","","0","0.0","","3","0.011811","sipas, ministria","0","0.0",""
"true_1524","1524","0","real","94","6","542","4.59","15.67","40","501","0","0","3","0","0","0.0","0.0","0","0.0","0.039443","0","40","0","40","0.073801","0","","0","0.0","","2","0.021277","deklaroi, konfirmoi","0","0.0",""
"true_1525","1525","0","real","278","13","1707","5.01","21.38","66","1640","0","0","8","0","0","0.0","0.0","3","0.010791","0.043822","0","123","0","123","0.072056","0","","0","0.0","","1","0.003597","sipas","1","0.003597","mund të"
"true_1526","1526","0","real","548","30","3534","5.13","18.27","63","3470","12","0","51","0","0","0.021898","0.0","27","0.04927","0.077362","0","244","6","250","0.070741","0","","0","0.0","","1","0.001825","sipas","0","0.0",""
"true_1527","1527","0","real","117","7","683","4.77","16.71","53","629","0","0","5","0","0","0.0","0.0","0","0.0","0.032258","0","46","1","47","0.068814","0","","0","0.0","","0","0.0","","0","0.0",""
"true_1528","1528","0","real","204","8","1233","4.83","25.5","60","1172","0","0","9","10","0","0.0","0.0","3","0.014706","0.04065","0","89","0","89","0.072182","0","","0","0.0","","0","0.0","","0","0.0",""
"true_1529","1529","0","real","67","4","399","4.66","16.75","45","353","0","0","2","2","0","0.0","0.0","0","0.0","0.048077","0","29","3","32","0.080201","0","","0","0.0","","0","0.0","","0","0.0",""
"true_1530","1530","0","real","221","15","1329","4.81","14.73","86","1242","0","0","8","0","0","0.0","0.0","4","0.0181","0.027281","0","88","2","90","0.06772","0","","0","0.0","","3","0.013575","policia, raporti","1","0.004525","dyshohet"
"true_1531","1531","0","real","422","14","2654","4.99","30.14","89","2564","0","0","69","2","0","0.0","0.0","4","0.009479","0.021842","0","156","5","161","0.060663","0","","0","0.0","","1","0.00237","studimi","2","0.004739","mund të"
"true_1532","1532","0","real","141","6","878","4.86","23.5","98","779","0","0","7","0","0","0.0","0.0","1","0.007092","0.037956","0","62","0","62","0.070615","0","","0","0.0","","2","0.014184","sipas","0","0.0",""
"true_1533","1533","0","real","399","20","2490","5.14","19.95","52","2437","11","0","25","0","0","0.027569","0.0","21","0.052632","0.069722","0","195","5","200","0.080321","0","","0","0.0","","0","0.0","","0","0.0",""
"true_1534","1534","0","real","148","13","957","4.82","11.38","65","891","0","0","5","2","0","0.0","0.0","0","0.0","0.039381","0","65","0","65","0.067921","0","","0","0.0","","2","0.013514","sipas","0","0.0",""
"true_1535","1535","0","real","96","5","606","5.11","19.2","12","593","0","0","5","0","0","0.0","0.0","1","0.010417","0.03272","0","41","1","42","0.069307","0","","0","0.0","","1","0.010417","sipas","0","0.0",""
"true_1536","1536","0","real","1024","33","5854","4.64","31.03","115","5738","6","0","66","0","0","0.005859","0.0","0","0.0","0.021689","0","473","18","491","0.083874","0","","0","0.0","","0","0.0","","4","0.003906","mund të"
"true_1537","1537","0","real","158","10","951","4.78","15.8","58","892","0","0","9","2","0","0.0","0.0","0","0.0","0.029216","0","99","0","99","0.104101","0","","0","0.0","","3","0.018987","policia","0","0.0",""
"true_1538","1538","0","real","115","7","686","4.82","16.43","28","657","0","0","8","4","0","0.0","0.0","2","0.017391","0.064982","0","43","0","43","0.062682","0","","0","0.0","","2","0.017391","sipas","0","0.0",""
"true_1539","1539","0","real","242","15","1423","4.74","16.13","88","1334","0","0","13","8","1","0.0","0.0","0","0.0","0.036681","0","121","0","121","0.085032","0","","0","0.0","","1","0.004132","policia","0","0.0",""
"true_1540","1540","0","real","689","30","4315","5.1","22.97","71","4243","0","0","53","3","0","0.0","0.0","7","0.01016","0.034463","0","309","2","311","0.072074","0","","0","0.0","","3","0.004354","sipas, ministria","4","0.005806","mund të"
"true_1541","1541","0","real","386","18","2306","4.88","21.44","78","2227","0","0","16","8","0","0.0","0.0","0","0.0","0.029771","0","189","11","200","0.08673","0","","0","0.0","","0","0.0","","1","0.002591","mund të"
"true_1542","1542","0","real","177","11","1081","4.86","16.09","46","1034","1","0","14","4","0","0.00565","0.0","4","0.022599","0.05814","0","65","2","67","0.06198","0","","0","0.0","","1","0.00565","sipas","0","0.0",""
"true_1543","1543","0","real","407","17","2510","4.95","23.94","85","2424","0","0","22","4","0","0.0","0.0","10","0.02457","0.051639","0","191","2","193","0.076892","0","","0","0.0","","2","0.004914","sipas","1","0.002457","mund të"
"true_1544","1544","0","real","209","9","1256","4.9","23.22","66","1189","0","1","8","2","0","0.0","0.004785","0","0.0","0.037109","0","96","1","97","0.077229","0","","0","0.0","","3","0.014354","ministria","1","0.004785","thuhet"
"true_1545","1545","0","real","441","21","2707","5.03","21.0","65","2641","11","0","27","2","0","0.024943","0.0","21","0.047619","0.066757","0","211","5","216","0.079793","0","","0","0.0","","0","0.0","","0","0.0",""
"true_1546","1546","0","real","244","11","1510","5.09","22.18","58","1451","0","0","11","6","0","0.0","0.0","1","0.004098","0.032232","0","122","12","134","0.088742","0","","0","0.0","","1","0.004098","bëri të ditur","0","0.0",""
"true_1547","1547","0","real","172","9","1066","5.09","19.11","91","974","0","0","5","12","0","0.0","0.0","0","0.0","0.033219","0","80","5","85","0.079737","0","","0","0.0","","0","0.0","","2","0.011628","mund të"
"true_1548","1548","0","real","173","7","1101","5.1","24.71","78","1022","0","0","23","2","0","0.0","0.0","2","0.011561","0.056625","0","75","0","75","0.06812","0","","0","0.0","","0","0.0","","0","0.0",""
"true_1549","1549","0","real","218","9","1355","5.11","24.22","99","1255","0","0","12","8","0","0.0","0.0","1","0.004587","0.049372","0","81","4","85","0.062731","0","","1","0.004587","skandal","0","0.0","","0","0.0",""
"true_1550","1550","0","real","240","8","1448","4.9","30.0","87","1360","0","0","8","4","0","0.0","0.0","2","0.008333","0.040102","0","113","4","117","0.080801","0","","0","0.0","","0","0.0","","0","0.0",""
"true_1551","1551","0","real","408","23","2578","5.06","17.74","51","2526","0","0","31","6","0","0.0","0.0","0","0.0","0.019874","0","197","2","199","0.077192","0","","0","0.0","","0","0.0","","0","0.0",""
"true_1552","1552","0","real","203","9","1252","5.05","22.56","66","1185","0","0","15","3","0","0.0","0.0","0","0.0","0.034113","0","89","9","98","0.078275","0","","0","0.0","","0","0.0","","0","0.0",""
"true_1553","1553","0","real","230","10","1317","4.67","23.0","48","1268","2","0","11","0","0","0.008696","0.0","1","0.004348","0.029851","0","87","0","87","0.066059","0","","0","0.0","","0","0.0","","0","0.0",""
"true_1554","1554","0","real","89","7","584","5.0","12.71","45","538","0","0","9","2","0","0.0","0.0","4","0.044944","0.070295","0","33","0","33","0.056507","0","","0","0.0","","1","0.011236","sipas","0","0.0",""
"true_1555","1555","0","real","174","14","1091","4.8","12.43","41","1049","0","0","12","0","0","0.0","0.0","4","0.022989","0.05036","0","81","0","81","0.074244","0","","0","0.0","","2","0.011494","sipas, bëri të ditur","1","0.005747","thuhet"
"true_1556","1556","0","real","137","9","878","4.94","15.22","49","828","0","0","5","0","0","0.0","0.0","3","0.021898","0.051699","0","65","1","66","0.075171","0","","0","0.0","","1","0.007299","sipas","0","0.0",""
"true_1557","1557","0","real","211","10","1261","4.71","21.1","50","1210","0","0","12","0","0","0.0","0.0","2","0.009479","0.045363","0","102","1","103","0.081681","0","","0","0.0","","0","0.0","","0","0.0",""
"true_1558","1558","0","real","192","8","1173","5.0","24.0","55","1117","0","0","13","3","0","0.0","0.0","0","0.0","0.034375","0","88","9","97","0.082694","0","","0","0.0","","0","0.0","","0","0.0",""
"true_1559","1559","0","real","126","17","925","5.29","7.41","97","827","0","0","16","2","0","0.0","0.0","8","0.063492","0.129376","0","43","0","43","0.046486","0","","0","0.0","","0","0.0","","0","0.0",""
"true_1560","1560","0","real","316","16","2056","4.97","19.75","119","1936","0","0","27","4","0","0.0","0.0","6","0.018987","0.045948","0","156","2","158","0.076848","0","","0","0.0","","2","0.006329","sipas, deklaroi","0","0.0",""
"true_1561","1561","0","real","146","17","916","4.53","8.59","41","874","0","0","10","2","0","0.0","0.0","8","0.054795","0.074355","0","53","1","54","0.058952","0","","0","0.0","","0","0.0","","0","0.0",""
"true_1562","1562","0","real","195","9","1198","5.02","21.67","70","1127","0","0","18","3","0","0.0","0.0","0","0.0","0.036772","0","92","11","103","0.085977","0","","0","0.0","","0","0.0","","0","0.0",""
"true_1563","1563","0","real","214","9","1243","4.47","23.78","74","1168","0","0","7","0","0","0.0","0.0","6","0.028037","0.062762","0","88","2","90","0.072405","0","","0","0.0","","1","0.004673","sipas","0","0.0",""
"true_1564","1564","0","real","107","4","661","5.09","26.75","72","588","0","0","8","0","0","0.0","0.0","0","0.0","0.044037","0","64","0","64","0.096823","0","","0","0.0","","0","0.0","","0","0.0",""
"true_1565","1565","0","real","369","16","2200","4.73","23.06","73","2126","0","0","19","10","0","0.0","0.0","0","0.0","0.032055","0","157","2","159","0.072273","0","","0","0.0","","0","0.0","","0","0.0",""
"true_1566","1566","0","real","144","7","865","4.82","20.57","52","812","0","0","5","2","0","0.0","0.0","0","0.0","0.021614","0","62","4","66","0.076301","0","","0","0.0","","1","0.006944","ministria","0","0.0",""
"true_1567","1567","0","real","301","22","1959","5.15","13.68","71","1887","0","0","13","4","0","0.0","0.0","1","0.003322","0.034172","0","117","1","118","0.060235","0","","0","0.0","","3","0.009967","policia","1","0.003322","dyshohet"
"true_1568","1568","0","real","277","11","1677","4.86","25.18","83","1593","0","0","13","2","0","0.0","0.0","7","0.025271","0.041698","0","130","3","133","0.079308","0","","0","0.0","","0","0.0","","0","0.0",""
"true_1569","1569","0","real","163","6","977","4.82","27.17","57","919","0","0","10","2","0","0.0","0.0","0","0.0","0.033163","0","75","7","82","0.08393","0","","0","0.0","","1","0.006135","deklaroi","0","0.0",""
"true_1570","1570","0","real","1133","53","6712","4.81","21.38","73","6638","0","10","48","0","0","0.0","0.008826","0","0.0","0.020738","0","480","3","483","0.071961","0","","0","0.0","","1","0.000883","sipas","0","0.0",""
"true_1571","1571","0","real","492","26","3205","5.16","18.92","67","3137","11","0","47","0","0","0.022358","0.0","21","0.042683","0.068218","0","209","5","214","0.066771","0","","0","0.0","","0","0.0","","0","0.0",""
"true_1572","1572","0","real","350","8","2163","5.05","43.75","76","2086","0","0","18","10","0","0.0","0.0","4","0.011429","0.038462","0","163","4","167","0.077208","0","","0","0.0","","0","0.0","","4","0.011429","thuhet, mund të"
"true_1573","1573","0","real","186","9","1122","4.89","20.67","44","1077","0","0","5","2","0","0.0","0.0","4","0.021505","0.068357","0","89","1","90","0.080214","0","","0","0.0","","1","0.005376","ministria","0","0.0",""
"true_1574","1574","0","real","154","6","1037","5.24","25.67","47","989","0","0","12","0","0","0.0","0.0","2","0.012987","0.064516","0","68","0","68","0.065574","0","","0","0.0","","0","0.0","","0","0.0",""
"true_1575","1575","0","real","140","6","926","5.4","23.33","67","858","0","0","8","0","0","0.0","0.0","2","0.014286","0.037037","0","61","1","62","0.066955","0","","0","0.0","","3","0.021429","sipas, deklaroi","1","0.007143","mund të"
"true_1576","1576","0","real","160","7","974","4.72","22.86","91","882","0","0","8","0","0","0.0","0.0","3","0.01875","0.034437","0","84","0","84","0.086242","0","","0","0.0","","0","0.0","","0","0.0",""
"true_1577","1577","0","real","525","22","3346","5.01","23.86","59","3286","0","0","48","0","0","0.0","0.0","3","0.005714","0.034627","0","235","5","240","0.071727","0","","0","0.0","","3","0.005714","ministria","0","0.0",""
"true_1578","1578","0","real","372","21","2268","4.9","17.71","54","2213","0","0","26","10","0","0.0","0.0","1","0.002688","0.036204","0","173","1","174","0.07672","0","","0","0.0","","6","0.016129","sipas, deklaroi, bëri të ditur, policia","1","0.002688","dyshohet"
"true_1579","1579","0","real","243","8","1530","5.23","30.38","119","1410","1","0","10","2","0","0.004115","0.0","4","0.016461","0.058314","0","120","10","130","0.084967","0","","0","0.0","","1","0.004115","sipas","0","0.0",""
"true_1580","1580","0","real","318","17","2033","5.14","18.71","86","1946","0","0","13","6","0","0.0","0.0","6","0.018868","0.051471","0","100","0","100","0.049188","0","","0","0.0","","2","0.006289","sipas, institucioni","2","0.006289","thuhet"
"true_1581","1581","0","real","275","17","1629","4.81","16.18","75","1553","0","0","10","8","0","0.0","0.0","0","0.0","0.02118","0","130","0","130","0.079804","0","","0","0.0","","1","0.003636","policia","1","0.003636","mund të"
"true_1582","1582","0","real","235","6","1496","5.2","39.17","111","1384","0","0","11","6","0","0.0","0.0","6","0.025532","0.054143","0","106","1","107","0.071524","0","","0","0.0","","2","0.008511","sipas, ministria","1","0.004255","thuhet"
"true_1583","1583","0","real","143","7","897","4.97","20.43","28","868","0","0","11","0","0","0.0","0.0","0","0.0","0.063291","0","73","1","74","0.082497","0","","0","0.0","","0","0.0","","0","0.0",""
"true_1584","1584","0","real","181","9","1181","5.2","20.11","88","1092","2","0","21","0","0","0.01105","0.0","3","0.016575","0.048884","0","82","1","83","0.070279","0","","0","0.0","","0","0.0","","0","0.0",""
"true_1585","1585","0","real","229","14","1317","4.58","16.36","53","1263","0","0","14","2","0","0.0","0.0","0","0.0","0.028653","0","106","1","107","0.081245","0","","0","0.0","","1","0.004367","sipas","0","0.0",""
"true_1586","1586","0","real","285","9","1737","4.95","31.67","50","1686","0","0","28","4","0","0.0","0.0","0","0.0","0.031206","0","134","0","134","0.077145","0","","2","0.007018","urgjente","0","0.0","","0","0.0",""
"true_1587","1587","0","real","387","26","2340","4.93","14.88","88","2251","0","0","23","0","0","0.0","0.0","0","0.0","0.028332","0","172","2","174","0.074359","0","","0","0.0","","1","0.002584","sipas","1","0.002584","mund të"
"true_1588","1588","0","real","84","4","523","4.94","21.0","60","462","0","0","4","1","0","0.0","0.0","0","0.0","0.038554","0","41","4","45","0.086042","0","","0","0.0","","0","0.0","","1","0.011905","thuhet"
"true_1589","1589","0","real","256","14","1561","4.92","18.29","63","1497","0","0","19","17","0","0.0","0.0","5","0.019531","0.041368","0","123","1","124","0.079436","0","","0","0.0","","1","0.003906","deklaroi","0","0.0",""
"true_1590","1590","0","real","502","18","2915","4.7","27.89","43","2871","0","0","26","0","0","0.0","0.0","4","0.007968","0.030573","0","243","0","243","0.083362","0","","0","0.0","","0","0.0","","3","0.005976","mund të, supozohet"
"true_1591","1591","0","real","100","3","589","4.8","33.33","101","487","0","0","2","0","0","0.0","0.0","0","0.0","0.04375","0","46","0","46","0.078098","0","","0","0.0","","0","0.0","","2","0.02","mund të"
"true_1592","1592","0","real","243","7","1414","4.6","34.71","68","1345","0","0","12","2","0","0.0","0.0","6","0.024691","0.051167","0","134","1","135","0.095474","0","","0","0.0","","4","0.016461","sipas, ministria","1","0.004115","thuhet"
"true_1593","1593","0","real","221","6","1504","5.67","36.83","90","1413","0","0","5","4","0","0.0","0.0","0","0.0","0.059342","0","105","2","107","0.071144","0","","0","0.0","","0","0.0","","0","0.0",""
"true_1594","1594","0","real","169","8","1077","4.85","21.12","55","1021","0","0","17","2","0","0.0","0.0","7","0.04142","0.070732","0","77","2","79","0.073352","0","","0","0.0","","3","0.017751","sipas, ministria","0","0.0",""
"true_1595","1595","0","real","202","5","1208","4.91","40.4","129","1078","0","0","10","0","0","0.0","0.0","5","0.024752","0.043347","0","84","3","87","0.07202","0","","0","0.0","","1","0.00495","ministria","0","0.0",""
"true_1596","1596","0","real","72","4","482","5.07","18.0","49","432","0","0","8","4","0","0.0","0.0","1","0.013889","0.035616","0","31","0","31","0.064315","0","","0","0.0","","0","0.0","","1","0.013889","thuhet"
"true_1597","1597","0","real","179","6","1170","5.43","29.83","112","1057","0","0","11","4","0","0.0","0.0","1","0.005587","0.04128","0","78","0","78","0.066667","0","","0","0.0","","1","0.005587","deklaroi","0","0.0",""
"true_1598","1598","0","real","250","10","1488","4.85","25.0","73","1414","0","0","6","0","0","0.0","0.0","0","0.0","0.012376","0","128","6","134","0.090054","0","","0","0.0","","0","0.0","","3","0.012","mund të"
"true_1599","1599","0","real","97","6","632","4.93","16.17","67","564","0","0","9","0","0","0.0","0.0","3","0.030928","0.077568","0","30","0","30","0.047468","0","","0","0.0","","1","0.010309","sipas","0","0.0",""
"true_1600","1600","0","real","163","6","1049","5.13","27.17","56","992","0","0","11","2","0","0.0","0.0","1","0.006135","0.05042","0","96","0","96","0.091516","0","","0","0.0","","1","0.006135","sipas","2","0.01227","thuhet"
"true_1601","1601","0","real","128","7","745","4.62","18.29","51","693","0","0","13","0","0","0.0","0.0","1","0.007812","0.07445","0","46","0","46","0.061745","0","","0","0.0","","1","0.007812","sipas","0","0.0",""
"true_1602","1602","0","real","276","6","1715","5.07","46.0","55","1659","0","0","21","2","0","0.0","0.0","2","0.007246","0.046528","0","112","1","113","0.065889","0","","0","0.0","","0","0.0","","0","0.0",""
"true_1603","1603","0","real","66","2","465","4.95","33.0","69","395","0","0","12","0","0","0.0","0.0","0","0.0","0.076453","0","32","0","32","0.068817","0","","0","0.0","","1","0.015152","ministria","0","0.0",""
"true_1604","1604","0","real","182","18","1146","4.64","10.11","53","1092","0","0","11","2","0","0.0","0.0","9","0.049451","0.062945","0","60","2","62","0.054101","0","","0","0.0","","1","0.005495","sipas","0","0.0",""
"true_1605","1605","0","real","356","21","2155","4.91","16.95","99","2055","0","0","19","6","0","0.0","0.0","2","0.005618","0.026888","0","171","1","172","0.079814","0","","0","0.0","","2","0.005618","bëri të ditur","0","0.0",""
"true_1606","1606","0","real","162","8","992","4.99","20.25","64","927","0","0","12","6","0","0.0","0.0","0","0.0","0.033457","0","67","0","67","0.06754","0","","0","0.0","","0","0.0","","0","0.0",""
"true_1607","1607","0","real","269","11","1557","4.7","24.45","81","1475","0","0","15","4","0","0.0","0.0","1","0.003717","0.039651","0","107","5","112","0.071933","0","","0","0.0","","4","0.01487","sipas","0","0.0",""
"true_1608","1608","0","real","231","10","1497","5.34","23.1","96","1400","0","0","12","6","0","0.0","0.0","0","0.0","0.022709","0","117","3","120","0.08016","0","","0","0.0","","8","0.034632","sipas, policia","2","0.008658","thuhet"
"true_1609","1609","0","real","156","8","960","5.1","19.5","72","887","0","0","5","0","0","0.0","0.0","0","0.0","0.036478","0","84","4","88","0.091667","0","","0","0.0","","1","0.00641","sipas","0","0.0",""
"true_1610","1610","0","real","44","3","268","4.91","14.67","27","240","0","0","1","2","0","0.0","0.0","0","0.0","0.083721","0","23","0","23","0.085821","0","","0","0.0","","0","0.0","","0","0.0",""
"true_1611","1611","0","real","147","11","972","5.14","13.36","63","908","0","0","4","6","0","0.0","0.0","0","0.0","0.022546","0","64","0","64","0.065844","0","","0","0.0","","1","0.006803","raportoi","0","0.0",""
"true_1612","1612","0","real","109","5","627","4.5","21.8","82","544","0","0","7","2","0","0.0","0.0","0","0.0","0.069672","0","52","1","53","0.08453","0","","0","0.0","","2","0.018349","sipas, konfirmoi","0","0.0",""
"true_1613","1613","0","real","108","4","619","4.57","27.0","74","544","0","0","1","0","0","0.0","0.0","0","0.0","0.042596","0","58","0","58","0.0937","0","","0","0.0","","0","0.0","","0","0.0",""
"true_1614","1614","0","real","285","18","1664","4.73","15.83","91","1572","0","0","19","4","0","0.0","0.0","3","0.010526","0.03125","0","118","2","120","0.072115","0","","0","0.0","","1","0.003509","bëri të ditur","1","0.003509","mund të"
"true_1615","1615","0","real","144","6","855","4.88","24.0","55","799","0","0","5","0","0","0.0","0.0","1","0.006944","0.02849","0","73","0","73","0.08538","0","","0","0.0","","1","0.006944","ministria","0","0.0",""
"true_1616","1616","0","real","105","9","691","5.05","11.67","60","630","0","0","6","0","0","0.0","0.0","4","0.038095","0.098113","0","35","0","35","0.050651","0","","0","0.0","","1","0.009524","raporti","0","0.0",""
"true_1617","1617","0","real","194","13","1170","4.85","14.92","63","1106","0","0","10","0","0","0.0","0.0","2","0.010309","0.038298","0","77","1","78","0.066667","0","","0","0.0","","2","0.010309","sipas","0","0.0",""
"true_1618","1618","0","real","134","7","814","4.92","19.14","72","741","0","0","8","2","0","0.0","0.0","0","0.0","0.016692","0","74","2","76","0.093366","0","","0","0.0","","0","0.0","","0","0.0",""
"true_1619","1619","0","real","109","20","802","4.89","5.45","54","747","0","0","16","2","0","0.0","0.0","4","0.036697","0.065666","0","52","0","52","0.064838","0","","0","0.0","","1","0.009174","sipas","0","0.0",""
"true_1620","1620","0","real","102","7","658","4.82","14.57","79","578","0","0","7","0","0","0.0","0.0","6","0.058824","0.095918","0","43","1","44","0.066869","0","","0","0.0","","0","0.0","","0","0.0",""
"true_1621","1621","0","real","213","8","1308","5.07","26.62","74","1233","1","0","12","0","0","0.004695","0.0","1","0.004695","0.022284","0","86","3","89","0.068043","0","","0","0.0","","0","0.0","","0","0.0",""
"true_1622","1622","0","real","102","5","680","5.15","20.4","40","639","0","0","3","0","0","0.0","0.0","4","0.039216","0.076482","0","49","0","49","0.072059","0","","0","0.0","","1","0.009804","bëri të ditur","0","0.0",""
"true_1623","1623","0","real","154","7","1091","5.6","22.0","78","1012","0","0","16","4","0","0.0","0.0","0","0.0","0.048724","0","51","0","51","0.046746","0","","0","0.0","","2","0.012987","sipas, ministria","0","0.0",""
"true_1624","1624","0","real","223","8","1183","4.21","27.88","77","1105","0","0","10","4","0","0.0","0.0","0","0.0","0.015991","0","108","0","108","0.091293","0","","0","0.0","","0","0.0","","1","0.004484","mund të"
"true_1625","1625","0","real","269","12","1608","4.83","22.42","72","1535","0","0","9","4","0","0.0","0.0","4","0.01487","0.031538","0","137","1","138","0.085821","0","","0","0.0","","1","0.003717","ministria","5","0.018587","thuhet, mund të"
"true_1626","1626","0","real","161","10","1036","4.89","16.1","59","976","0","0","3","0","0","0.0","0.0","7","0.043478","0.063532","0","57","2","59","0.05695","0","","0","0.0","","2","0.012422","ministria","0","0.0",""
"true_1627","1627","0","real","152","5","793","4.11","30.4","54","738","0","0","8","0","0","0.0","0.0","1","0.006579","0.032","0","61","1","62","0.078184","0","","0","0.0","","1","0.006579","sipas","0","0.0",""
"true_1628","1628","0","real","152","7","1016","5.55","21.71","83","932","0","0","9","0","0","0.0","0.0","0","0.0","0.011876","0","65","3","68","0.066929","0","","0","0.0","","0","0.0","","6","0.039474","mund të"
"true_1629","1629","0","real","115","9","706","4.91","12.78","59","646","0","0","4","2","0","0.0","0.0","0","0.0","0.038938","0","64","0","64","0.090652","0","","0","0.0","","1","0.008696","sipas","0","0.0",""
"true_1630","1630","0","real","115","5","741","5.2","23.0","47","693","0","0","8","0","0","0.0","0.0","0","0.0","0.040336","0","62","0","62","0.083671","0","","0","0.0","","1","0.008696","sipas","0","0.0",""
"true_1631","1631","0","real","154","7","947","5.07","22.0","60","886","0","0","6","0","0","0.0","0.0","2","0.012987","0.052835","0","66","2","68","0.071806","0","","1","0.006494","urgjente","0","0.0","","0","0.0",""
"true_1633","1633","0","real","145","5","936","5.36","29.0","41","894","0","0","8","2","0","0.0","0.0","0","0.0","0.041184","0","53","2","55","0.058761","0","","0","0.0","","0","0.0","","1","0.006897","thuhet"
"true_1634","1634","0","real","132","9","893","5.28","14.67","71","821","0","0","9","0","0","0.0","0.0","3","0.022727","0.050287","0","60","0","60","0.067189","0","","0","0.0","","0","0.0","","0","0.0",""
"true_1635","1635","0","real","426","15","2642","4.96","28.4","60","2581","0","0","26","2","0","0.0","0.0","6","0.014085","0.029314","0","187","1","188","0.071158","0","","0","0.0","","2","0.004695","ministria","0","0.0",""
"true_1636","1636","0","real","153","6","1001","5.46","25.5","67","933","0","0","2","6","0","0.0","0.0","1","0.006536","0.034731","0","61","0","61","0.060939","0","","0","0.0","","1","0.006536","sipas","0","0.0",""
"true_1637","1637","0","real","139","6","861","5.03","23.17","74","786","0","0","5","6","0","0.0","0.0","1","0.007194","0.044413","0","61","2","63","0.073171","0","","0","0.0","","0","0.0","","0","0.0",""
"true_1638","1638","0","real","113","11","738","4.76","10.27","53","684","0","0","12","2","0","0.0","0.0","5","0.044248","0.05948","0","37","0","37","0.050136","0","","0","0.0","","1","0.00885","sipas","0","0.0",""
"true_1639","1639","0","real","156","13","938","4.79","12.0","63","874","0","0","4","0","0","0.0","0.0","0","0.0","0.048257","0","72","3","75","0.079957","0","","0","0.0","","1","0.00641","policia","0","0.0",""
"true_1640","1640","0","real","16","1","91","4.12","16.0","50","40","0","0","0","0","0","0.0","0.0","0","0.0","0.106061","0","3","0","3","0.032967","0","","0","0.0","","0","0.0","","0","0.0",""
"true_1641","1641","0","real","100","13","693","5.04","7.69","37","655","0","0","12","0","0","0.0","0.0","2","0.02","0.059524","0","38","0","38","0.054834","0","","0","0.0","","1","0.01","sipas","0","0.0",""
"true_1642","1642","0","real","292","15","1761","4.8","19.47","62","1698","0","2","17","0","0","0.0","0.006849","2","0.006849","0.026372","0","115","3","118","0.067007","0","","0","0.0","","3","0.010274","sipas","2","0.006849","mund të"
"true_1643","1643","0","real","101","6","585","4.72","16.83","59","525","0","0","2","2","0","0.0","0.0","2","0.019802","0.041929","0","46","0","46","0.078632","0","","0","0.0","","2","0.019802","sipas, policia","0","0.0",""
"true_1644","1644","0","real","231","9","1357","4.78","25.67","73","1283","0","0","11","4","0","0.0","0.0","3","0.012987","0.034514","0","97","5","102","0.075166","0","","0","0.0","","1","0.004329","sipas","1","0.004329","thuhet"
"true_1645","1645","0","real","158","7","982","5.09","22.57","105","876","0","0","3","0","1","0.0","0.0","4","0.025316","0.06592","0","72","0","72","0.07332","0","","0","0.0","","0","0.0","","1","0.006329","thuhet"
"true_1646","1646","0","real","193","6","1213","5.15","32.17","102","1110","0","0","12","0","0","0.0","0.0","3","0.015544","0.056452","0","91","1","92","0.075845","0","","0","0.0","","1","0.005181","ministria","0","0.0",""
"true_1647","1647","0","real","139","7","939","5.3","19.86","54","884","0","0","17","6","0","0.0","0.0","2","0.014388","0.029851","0","71","0","71","0.075612","0","","0","0.0","","1","0.007194","policia","0","0.0",""
"true_1648","1648","0","real","518","17","3102","4.89","30.47","70","3031","0","0","27","6","1","0.0","0.0","3","0.005792","0.032028","0","240","3","243","0.078337","0","","0","0.0","","2","0.003861","bëri të ditur, ministria","2","0.003861","ndoshta, mund të"
"true_1649","1649","0","real","153","10","903","4.76","15.3","54","848","0","0","8","0","0","0.0","0.0","4","0.026144","0.078621","0","56","0","56","0.062016","0","","0","0.0","","0","0.0","","2","0.013072","mund të"
"true_1650","1650","0","real","164","9","1010","5.0","18.22","44","965","0","0","9","4","0","0.0","0.0","4","0.02439","0.062271","0","91","1","92","0.091089","0","","0","0.0","","0","0.0","","0","0.0",""
"true_1651","1651","0","real","113","7","709","5.04","16.14","50","658","0","0","11","2","0","0.0","0.0","1","0.00885","0.040351","0","37","0","37","0.052186","0","","0","0.0","","0","0.0","","0","0.0",""
"true_1652","1652","0","real","89","8","547","4.54","11.12","39","507","0","0","3","0","0","0.0","0.0","6","0.067416","0.084158","0","44","0","44","0.080439","0","","0","0.0","","0","0.0","","0","0.0",""
"true_1653","1653","0","real","279","17","1669","4.86","16.41","76","1592","0","0","15","2","0","0.0","0.0","1","0.003584","0.054074","0","122","5","127","0.076093","0","","0","0.0","","2","0.007168","sipas, raportoi","0","0.0",""
"true_1654","1654","0","real","316","15","1899","4.89","21.07","78","1820","2","3","20","8","0","0.006329","0.009494","1","0.003165","0.033854","0","130","3","133","0.070037","0","","0","0.0","","1","0.003165","sipas","0","0.0",""
"true_1655","1655","0","real","304","15","1993","5.08","20.27","51","1941","0","0","35","71","0","0.0","0.0","3","0.009868","0.065584","0","88","1","89","0.044656","0","","0","0.0","","0","0.0","","0","0.0",""
"true_1656","1656","0","real","140","8","781","4.45","17.5","51","729","0","0","6","6","0","0.0","0.0","1","0.007143","0.035313","0","58","4","62","0.079385","0","","0","0.0","","0","0.0","","0","0.0",""
"true_1657","1657","0","real","88","7","531","4.86","12.57","73","457","0","0","5","2","0","0.0","0.0","1","0.011364","0.039813","0","30","0","30","0.056497","0","","0","0.0","","1","0.011364","sipas","1","0.011364","thuhet"
"true_1658","1658","0","real","194","14","1166","4.9","13.86","68","1097","0","0","9","2","0","0.0","0.0","2","0.010309","0.032632","0","106","0","106","0.090909","0","","0","0.0","","0","0.0","","0","0.0",""
"true_1659","1659","0","real","238","12","1437","4.81","19.83","49","1387","0","0","15","2","0","0.0","0.0","2","0.008403","0.041084","0","119","3","122","0.084899","0","","0","0.0","","2","0.008403","sipas, ministria","1","0.004202","mund të"
"true_1660","1660","0","real","716","40","4069","4.57","17.9","67","4001","0","0","33","10","0","0.0","0.0","1","0.001397","0.035758","0","312","2","314","0.077169","0","","0","0.0","","0","0.0","","2","0.002793","mund të"
"true_1661","1661","0","real","499","24","2918","4.69","20.79","45","2872","0","0","29","4","1","0.0","0.0","3","0.006012","0.025224","0","244","4","248","0.08499","0","","0","0.0","","0","0.0","","5","0.01002","mund të"
"true_1662","1662","0","real","185","9","1125","4.84","20.56","62","1062","1","0","9","12","0","0.005405","0.0","2","0.010811","0.04698","0","84","0","84","0.074667","0","","0","0.0","","0","0.0","","0","0.0",""
"true_1663","1663","0","real","98","5","613","5.08","19.6","52","560","0","0","6","4","0","0.0","0.0","2","0.020408","0.046185","0","44","0","44","0.071778","0","","0","0.0","","1","0.010204","ministria","0","0.0",""
"true_1664","1664","0","real","172","7","1053","4.9","24.57","64","988","0","0","12","2","0","0.0","0.0","3","0.017442","0.034442","0","92","0","92","0.087369","0","","0","0.0","","1","0.005814","raporti","0","0.0",""
"true_1665","1665","0","real","267","7","1763","5.45","38.14","73","1689","0","0","14","4","0","0.0","0.0","2","0.007491","0.038567","0","132","0","132","0.074872","0","","0","0.0","","0","0.0","","0","0.0",""
"true_1666","1666","0","real","170","10","1028","4.92","17.0","64","963","0","0","4","0","0","0.0","0.0","1","0.005882","0.027512","0","83","0","83","0.080739","0","","0","0.0","","0","0.0","","0","0.0",""
"true_1667","1667","0","real","189","9","1170","5.05","21.0","58","1111","0","0","9","4","0","0.0","0.0","1","0.005291","0.044025","0","80","0","80","0.068376","0","","0","0.0","","0","0.0","","1","0.005291","mund të"
"true_1668","1668","0","real","172","7","1060","4.98","24.57","80","979","0","0","12","9","0","0.0","0.0","2","0.011628","0.043275","0","77","0","77","0.072642","0","","0","0.0","","0","0.0","","0","0.0",""
"true_1669","1669","0","real","180","8","1106","5.03","22.5","74","1031","0","0","8","6","0","0.0","0.0","1","0.005556","0.019868","0","95","0","95","0.085895","0","","0","0.0","","0","0.0","","0","0.0",""
"true_1670","1670","0","real","66","6","403","4.74","11.0","37","365","0","0","1","0","0","0.0","0.0","2","0.030303","0.063898","0","28","0","28","0.069479","0","","0","0.0","","0","0.0","","0","0.0",""
"true_1671","1671","0","real","188","10","1018","4.28","18.8","55","962","0","0","9","8","0","0.0","0.0","3","0.015957","0.065163","0","66","1","67","0.065815","0","","0","0.0","","0","0.0","","0","0.0",""
"true_1672","1672","0","real","140","6","881","5.16","23.33","68","812","0","0","10","2","0","0.0","0.0","1","0.007143","0.066852","0","54","3","57","0.064699","0","","0","0.0","","0","0.0","","0","0.0",""
"true_1673","1673","0","real","412","22","2474","4.77","18.73","74","2399","0","0","23","6","0","0.0","0.0","7","0.01699","0.0412","0","205","0","205","0.082862","0","","0","0.0","","0","0.0","","3","0.007282","mund të"
"true_1674","1674","0","real","316","16","1878","4.8","19.75","101","1776","0","2","22","6","0","0.0","0.006329","3","0.009494","0.034392","0","143","2","145","0.07721","0","","0","0.0","","0","0.0","","0","0.0",""
"true_1675","1675","0","real","135","10","783","4.7","13.5","43","739","0","0","2","4","0","0.0","0.0","2","0.014815","0.050553","0","54","1","55","0.070243","0","","0","0.0","","0","0.0","","0","0.0",""
"true_1676","1676","0","real","118","9","732","4.64","13.11","64","667","0","0","6","0","0","0.0","0.0","4","0.033898","0.054745","0","59","0","59","0.080601","0","","0","0.0","","1","0.008475","sipas","0","0.0",""
"true_1677","1677","0","real","344","11","2082","4.94","31.27","75","2006","0","0","15","2","0","0.0","0.0","3","0.008721","0.018257","0","171","0","171","0.082133","0","","0","0.0","","0","0.0","","3","0.008721","thuhet, mund të"
"true_1678","1678","0","real","401","18","2266","4.52","22.28","75","2190","0","0","24","12","0","0.0","0.0","1","0.002494","0.032579","0","139","7","146","0.064431","0","","0","0.0","","1","0.002494","deklaroi","0","0.0",""
"true_1679","1679","0","real","88","7","548","4.94","12.57","52","495","0","0","5","2","0","0.0","0.0","2","0.022727","0.052874","0","30","1","31","0.056569","0","","0","0.0","","0","0.0","","0","0.0",""
"true_1680","1680","0","real","205","12","1267","4.96","17.08","73","1193","2","0","18","4","0","0.009756","0.0","4","0.019512","0.047291","0","108","1","109","0.08603","0","","0","0.0","","0","0.0","","0","0.0",""
"true_1681","1681","0","real","268","16","1578","4.78","16.75","76","1501","0","2","13","0","0","0.0","0.007463","0","0.0","0.032813","0","118","7","125","0.079214","0","","0","0.0","","0","0.0","","1","0.003731","mund të"
"true_1682","1682","0","real","140","7","849","4.95","20.0","76","772","0","0","6","2","0","0.0","0.0","3","0.021429","0.06686","0","59","0","59","0.069494","0","","0","0.0","","0","0.0","","2","0.014286","mund të"
"true_1683","1683","0","real","154","9","945","5.01","17.11","75","869","0","0","10","4","0","0.0","0.0","2","0.012987","0.069281","0","56","0","56","0.059259","0","","0","0.0","","0","0.0","","0","0.0",""
"true_1684","1684","0","real","64","4","411","5.33","16.0","61","349","0","0","1","0","0","0.0","0.0","1","0.015625","0.043988","0","37","0","37","0.090024","0","","0","0.0","","0","0.0","","0","0.0",""
"true_1685","1685","0","real","65","5","387","4.77","13.0","50","336","0","0","4","2","0","0.0","0.0","1","0.015385","0.03871","0","33","0","33","0.085271","0","","0","0.0","","0","0.0","","1","0.015385","thuhet"
"true_1686","1686","0","real","377","21","2237","4.79","17.95","59","2177","0","0","22","0","0","0.0","0.0","1","0.002653","0.015495","0","193","4","197","0.088064","0","","0","0.0","","0","0.0","","1","0.002653","mund të"
"true_1687","1687","0","real","307","20","1928","5.11","15.35","52","1875","0","0","21","0","0","0.0","0.0","0","0.0","0.017197","0","159","8","167","0.086618","0","","0","0.0","","2","0.006515","sipas","3","0.009772","mund të"
"true_1688","1688","0","real","621","17","3913","5.23","36.53","75","3837","0","0","31","0","0","0.0","0.0","4","0.006441","0.020622","0","280","6","286","0.07309","0","","0","0.0","","4","0.006441","sipas","0","0.0",""
"true_1689","1689","0","real","121","8","710","4.48","15.12","84","625","0","0","3","0","0","0.0","0.0","0","0.0","0.04428","0","44","2","46","0.064789","0","","0","0.0","","0","0.0","","0","0.0",""
"true_1690","1690","0","real","125","9","738","4.67","13.89","44","693","4","0","7","2","0","0.032","0.0","2","0.016","0.044521","0","47","0","47","0.063686","0","","0","0.0","","0","0.0","","0","0.0",""
"true_1691","1691","0","real","82","3","516","5.11","27.33","46","469","0","0","6","0","0","0.0","0.0","0","0.0","0.040573","0","38","0","38","0.073643","0","","0","0.0","","0","0.0","","0","0.0",""
"true_1692","1692","0","real","569","24","3380","4.75","23.71","48","3331","0","1","39","20","0","0.0","0.001757","3","0.005272","0.030011","0","235","14","249","0.073669","0","","0","0.0","","0","0.0","","3","0.005272","ndoshta, mund të"
"true_1693","1693","0","real","775","29","4747","4.99","26.72","24","4722","0","2","44","16","0","0.0","0.002581","1","0.00129","0.026139","0","330","4","334","0.07036","0","","1","0.00129","urgjente","1","0.00129","sipas","2","0.002581","mund të"
"true_1694","1694","0","real","264","13","1597","4.87","20.31","72","1524","0","0","11","2","0","0.0","0.0","5","0.018939","0.036576","0","127","2","129","0.080776","0","","0","0.0","","0","0.0","","0","0.0",""
"true_1695","1695","0","real","97","5","632","5.43","19.4","81","550","0","0","5","0","0","0.0","0.0","1","0.010309","0.049713","0","46","0","46","0.072785","0","","0","0.0","","0","0.0","","0","0.0",""
"true_1696","1696","0","real","104","7","634","4.95","14.86","56","577","0","0","5","2","0","0.0","0.0","1","0.009615","0.038835","0","57","0","57","0.089905","0","","0","0.0","","0","0.0","","0","0.0",""
"true_1697","1697","0","real","220","17","1262","4.58","12.94","66","1195","0","0","5","3","0","0.0","0.0","2","0.009091","0.046673","0","97","0","97","0.076862","0","","0","0.0","","0","0.0","","0","0.0",""
"true_1698","1698","0","real","226","12","1481","5.27","18.83","83","1397","0","0","12","2","0","0.0","0.0","9","0.039823","0.077637","0","96","3","99","0.066847","0","","0","0.0","","1","0.004425","sipas","1","0.004425","thuhet"
"true_1699","1699","0","real","188","9","1151","4.95","20.89","71","1079","0","0","18","2","0","0.0","0.0","2","0.010638","0.039871","0","82","0","82","0.071242","0","","0","0.0","","2","0.010638","ministria, policia","2","0.010638","mund të"
"true_1700","1700","0","real","115","7","686","4.79","16.43","53","632","0","0","7","2","0","0.0","0.0","4","0.034783","0.076364","0","46","0","46","0.067055","0","","0","0.0","","0","0.0","","0","0.0",""
"true_1701","1701","0","real","54","5","292","4.24","10.8","32","259","0","1","3","2","0","0.0","0.018519","3","0.055556","0.065502","0","28","0","28","0.09589","0","","0","0.0","","0","0.0","","0","0.0",""
"true_1702","1702","0","real","492","18","2975","4.97","27.33","65","2909","0","0","23","6","0","0.0","0.0","1","0.002033","0.02829","0","256","4","260","0.087395","0","","0","0.0","","0","0.0","","0","0.0",""
"true_1703","1703","0","real","106","5","715","5.43","21.2","65","649","0","0","5","6","0","0.0","0.0","3","0.028302","0.048696","0","54","0","54","0.075524","0","","0","0.0","","1","0.009434","deklaroi","0","0.0",""
"true_1704","1704","0","real","203","12","1350","4.68","16.92","62","1287","0","0","31","2","0","0.0","0.0","5","0.024631","0.081309","0","81","3","84","0.062222","0","","0","0.0","","0","0.0","","0","0.0",""
"true_1705","1705","0","real","56","3","324","4.66","18.67","45","278","0","0","2","1","0","0.0","0.0","0","0.0","0.015385","0","28","1","29","0.089506","0","","0","0.0","","0","0.0","","0","0.0",""
"true_1706","1706","0","real","338","15","1968","4.66","22.53","76","1891","0","0","18","4","0","0.0","0.0","7","0.02071","0.046467","0","155","3","158","0.080285","0","","0","0.0","","1","0.002959","studimi","1","0.002959","mund të"
"true_1707","1707","0","real","274","11","1693","5.05","24.91","47","1645","0","0","12","6","0","0.0","0.0","2","0.007299","0.030325","0","107","1","108","0.063792","0","","0","0.0","","2","0.007299","sipas","1","0.00365","mund të"
"true_1708","1708","0","real","186","16","1154","4.99","11.62","72","1081","0","0","10","4","0","0.0","0.0","2","0.010753","0.039828","0","78","3","81","0.070191","0","","0","0.0","","0","0.0","","0","0.0",""
"true_1709","1709","0","real","93","12","558","4.46","7.75","30","527","0","0","4","0","0","0.0","0.0","9","0.096774","0.096386","0","39","3","42","0.075269","0","","0","0.0","","0","0.0","","1","0.010753","mund të"
"true_1710","1710","0","real","119","13","775","5.11","9.15","69","705","0","0","3","6","0","0.0","0.0","2","0.016807","0.032895","0","50","0","50","0.064516","0","","0","0.0","","0","0.0","","1","0.008403","thuhet"
"true_1711","1711","0","real","345","13","1877","4.28","26.54","72","1804","0","0","16","12","0","0.0","0.0","1","0.002899","0.027759","0","154","2","156","0.083111","0","","0","0.0","","0","0.0","","1","0.002899","mund të"
"true_1712","1712","0","real","383","27","2399","5.15","14.19","57","2341","0","0","11","4","0","0.0","0.0","0","0.0","0.017241","0","196","13","209","0.08712","0","","0","0.0","","0","0.0","","0","0.0",""
"true_1713","1713","0","real","178","8","1051","4.79","22.25","66","984","0","0","10","6","0","0.0","0.0","2","0.011236","0.048235","0","83","7","90","0.085633","0","","0","0.0","","0","0.0","","0","0.0",""
"true_1714","1714","0","real","145","10","910","5.1","14.5","31","878","0","0","5","2","0","0.0","0.0","1","0.006897","0.03252","0","79","0","79","0.086813","0","","0","0.0","","3","0.02069","policia","0","0.0",""
"true_1715","1715","0","real","567","43","3547","4.67","13.19","74","3472","0","0","51","2","0","0.0","0.0","2","0.003527","0.029868","0","255","6","261","0.073583","0","","0","0.0","","1","0.001764","sipas","0","0.0",""
"true_1716","1716","0","real","306","13","1814","4.74","23.54","63","1750","0","0","15","0","0","0.0","0.0","5","0.01634","0.033793","0","119","3","122","0.067255","0","","1","0.003268","alarm","0","0.0","","0","0.0",""
"true_1717","1717","0","real","234","9","1386","4.77","26.0","62","1323","0","0","13","10","0","0.0","0.0","1","0.004274","0.037601","0","89","3","92","0.066378","0","","0","0.0","","1","0.004274","sipas","0","0.0",""
"true_1718","1718","0","real","227","11","1424","5.16","20.64","60","1363","0","0","13","2","0","0.0","0.0","2","0.008811","0.052271","0","119","1","120","0.08427","0","","0","0.0","","0","0.0","","0","0.0",""
"true_1719","1719","0","real","97","5","527","4.2","19.4","54","472","0","0","4","0","0","0.0","0.0","1","0.010309","0.044226","0","43","0","43","0.081594","0","","0","0.0","","1","0.010309","sipas","0","0.0",""
"true_1720","1720","0","real","148","9","894","4.82","16.44","41","852","0","0","2","0","0","0.0","0.0","2","0.013514","0.030812","0","64","0","64","0.071588","0","","0","0.0","","0","0.0","","0","0.0",""
"true_1721","1721","0","real","474","34","2894","4.59","13.94","57","2836","0","0","31","4","0","0.0","0.0","5","0.010549","0.032214","0","234","1","235","0.081202","0","","0","0.0","","1","0.00211","sipas","2","0.004219","mund të"
"true_1722","1722","0","real","319","17","1913","4.89","18.76","89","1823","0","0","13","6","0","0.0","0.0","2","0.00627","0.044459","0","134","0","134","0.070047","0","","0","0.0","","0","0.0","","3","0.009404","mund të"
"true_1723","1723","0","real","156","11","918","4.72","14.18","54","863","0","0","5","2","0","0.0","0.0","5","0.032051","0.058424","0","65","1","66","0.071895","0","","0","0.0","","1","0.00641","ministria","0","0.0",""
"true_1724","1724","0","real","303","12","1888","4.97","25.25","45","1842","0","0","26","4","0","0.0","0.0","5","0.016502","0.033887","0","159","0","159","0.084216","0","","1","0.0033","tronditëse","2","0.006601","sipas","1","0.0033","ndoshta"
"true_1725","1725","0","real","193","12","1134","4.56","16.08","54","1079","0","0","7","8","0","0.0","0.0","2","0.010363","0.061294","0","60","2","62","0.054674","0","","0","0.0","","0","0.0","","0","0.0",""
"true_1726","1726","0","real","94","6","541","4.35","15.67","41","499","0","0","3","0","0","0.0","0.0","3","0.031915","0.07335","0","42","1","43","0.079482","0","","0","0.0","","0","0.0","","0","0.0",""
"true_1727","1727","0","real","415","25","2522","4.97","16.6","46","2475","1","0","10","0","0","0.00241","0.0","1","0.00241","0.021359","0","250","0","250","0.099128","0","","0","0.0","","1","0.00241","sipas","1","0.00241","mund të"
"true_1728","1728","0","real","172","10","1100","5.12","17.2","53","1046","0","0","10","6","0","0.0","0.0","0","0.0","0.047891","0","86","4","90","0.081818","0","","0","0.0","","0","0.0","","0","0.0",""
"true_1729","1729","0","real","174","14","1033","4.74","12.43","45","987","0","0","5","2","0","0.0","0.0","3","0.017241","0.047503","0","75","1","76","0.073572","0","","0","0.0","","4","0.022989","policia","2","0.011494","dyshohet"
"true_1730","1730","0","real","401","33","2569","5.08","12.15","62","2506","0","0","16","2","0","0.0","0.0","6","0.014963","0.027505","0","180","0","180","0.070066","0","","0","0.0","","4","0.009975","sipas, studimi","2","0.004988","mund të"
"true_1731","1731","0","real","433","27","2502","4.57","16.04","47","2454","0","1","31","2","0","0.0","0.002309","8","0.018476","0.035371","0","186","2","188","0.07514","0","","0","0.0","","0","0.0","","2","0.004619","ndoshta, mund të"
"true_1732","1732","0","real","83","8","587","5.13","10.38","71","515","0","0","7","2","0","0.0","0.0","3","0.036145","0.037647","0","34","0","34","0.057922","0","","0","0.0","","1","0.012048","ministria","1","0.012048","thuhet"
"true_1733","1733","0","real","70","3","391","4.51","23.33","42","348","0","0","5","0","0","0.0","0.0","1","0.014286","0.025316","0","23","0","23","0.058824","0","","0","0.0","","0","0.0","","0","0.0",""
"true_1734","1734","0","real","421","20","2626","5.09","21.05","72","2553","0","0","30","2","0","0.0","0.0","4","0.009501","0.054383","0","190","11","201","0.076542","0","","0","0.0","","1","0.002375","sipas","0","0.0",""
"true_1735","1735","0","real","2345","96","14204","4.92","24.43","84","14119","4","0","175","60","0","0.001706","0.0","11","0.004691","0.044305","0","1058","59","1117","0.07864","1","kosove","0","0.0","","3","0.001279","sipas, institucioni","7","0.002985","thuhet, mund të"
"true_1736","1736","0","real","151","9","893","4.72","16.78","61","831","0","0","5","8","0","0.0","0.0","1","0.006623","0.042254","0","51","1","52","0.058231","0","","0","0.0","","0","0.0","","0","0.0",""
"true_1737","1737","0","real","2091","118","11898","4.55","17.72","57","11840","0","0","106","45","0","0.0","0.0","15","0.007174","0.045104","0","953","27","980","0.082367","0","","0","0.0","","13","0.006217","sipas","10","0.004782","thuhet, mendohet, mund të"
"true_1738","1738","0","real","302","22","1865","5.01","13.73","71","1793","0","0","15","4","0","0.0","0.0","2","0.006623","0.04828","0","138","0","138","0.073995","0","","0","0.0","","0","0.0","","2","0.006623","mund të"
"true_1739","1739","0","real","220","11","1367","5.08","20.0","70","1296","0","0","8","12","0","0.0","0.0","1","0.004545","0.046553","0","86","0","86","0.062911","0","","0","0.0","","0","0.0","","1","0.004545","thuhet"
"true_1740","1740","0","real","179","10","1071","4.89","17.9","62","1008","0","0","7","0","0","0.0","0.0","2","0.011173","0.044674","0","92","3","95","0.088702","0","","0","0.0","","1","0.005587","sipas","0","0.0",""
"true_1741","1741","0","real","139","12","842","4.55","11.58","65","776","0","0","9","0","0","0.0","0.0","6","0.043165","0.094937","0","61","0","61","0.072447","0","","0","0.0","","1","0.007194","sipas","0","0.0",""
"true_1742","1742","0","real","339","23","1932","4.56","14.74","97","1834","0","0","17","12","0","0.0","0.0","2","0.0059","0.039508","0","157","21","178","0.092133","0","","0","0.0","","3","0.00885","sipas","2","0.0059","mund të"
"true_1743","1743","0","real","237","14","1502","5.09","16.93","77","1424","0","1","13","8","0","0.0","0.004219","3","0.012658","0.039801","0","102","3","105","0.069907","0","","0","0.0","","3","0.012658","sipas, policia","0","0.0",""
"true_1744","1744","0","real","301","18","1893","4.94","16.72","56","1836","0","0","25","2","0","0.0","0.0","6","0.019934","0.060484","0","115","13","128","0.067618","0","","0","0.0","","5","0.016611","sipas","0","0.0",""
"true_1745","1745","0","real","205","9","1226","4.89","22.78","95","1130","0","0","11","4","0","0.0","0.0","2","0.009756","0.036926","0","98","2","100","0.081566","0","","0","0.0","","3","0.014634","sipas","0","0.0",""
"true_1746","1746","0","real","340","17","2223","5.2","20.0","80","2142","0","0","12","0","0","0.0","0.0","3","0.008824","0.035755","0","127","1","128","0.05758","0","","0","0.0","","1","0.002941","sipas","0","0.0",""
"true_1747","1747","0","real","69","4","438","5.12","17.25","56","381","0","0","2","0","0","0.0","0.0","1","0.014493","0.028329","0","40","0","40","0.091324","0","","0","0.0","","1","0.014493","ministria","0","0.0",""
"true_1748","1748","0","real","207","11","1186","4.67","18.82","83","1102","0","0","8","0","0","0.0","0.0","2","0.009662","0.048857","0","102","9","111","0.093592","0","","0","0.0","","0","0.0","","0","0.0",""
"true_1749","1749","0","real","265","16","1676","4.87","16.56","99","1576","0","0","15","2","0","0.0","0.0","4","0.015094","0.055081","0","112","0","112","0.066826","0","","0","0.0","","0","0.0","","0","0.0",""
"true_1750","1750","0","real","191","11","1125","4.74","17.36","101","1023","0","0","8","9","0","0.0","0.0","1","0.005236","0.057459","0","91","2","93","0.082667","0","","0","0.0","","0","0.0","","0","0.0",""
"true_1751","1751","0","real","119","14","812","4.96","8.5","81","730","0","0","11","0","0","0.0","0.0","2","0.016807","0.050847","0","48","0","48","0.059113","0","","0","0.0","","1","0.008403","sipas","0","0.0",""
"true_1752","1752","0","real","497","22","2919","4.71","22.59","127","2791","0","1","34","18","0","0.0","0.002012","0","0.0","0.023524","0","256","6","262","0.089757","0","","0","0.0","","1","0.002012","ministria","3","0.006036","mund të"
"true_1753","1753","0","real","276","8","1762","5.32","34.5","93","1668","3","0","7","2","0","0.01087","0.0","3","0.01087","0.050443","0","140","0","140","0.079455","0","","0","0.0","","1","0.003623","sipas","1","0.003623","thuhet"
"true_1754","1754","0","real","371","18","2372","5.17","20.61","63","2308","1","0","31","12","0","0.002695","0.0","2","0.005391","0.032881","0","131","7","138","0.058179","0","","0","0.0","","0","0.0","","1","0.002695","mund të"
"true_1755","1755","0","real","188","10","1043","4.44","18.8","45","997","0","0","8","2","0","0.0","0.0","0","0.0","0.02521","0","90","2","92","0.088207","0","","0","0.0","","0","0.0","","0","0.0",""
"true_1756","1756","0","real","160","8","988","4.88","20.0","75","912","0","0","3","0","0","0.0","0.0","0","0.0","0.034615","0","63","0","63","0.063765","0","","0","0.0","","0","0.0","","1","0.00625","mund të"
"true_1757","1757","0","real","268","10","1718","5.24","26.8","94","1623","0","0","13","0","0","0.0","0.0","1","0.003731","0.047755","0","142","2","144","0.083818","0","","0","0.0","","0","0.0","","1","0.003731","mund të"
"true_1758","1758","0","real","193","9","1327","5.3","21.44","97","1229","0","0","16","2","0","0.0","0.0","6","0.031088","0.069608","0","103","0","103","0.077619","0","","0","0.0","","1","0.005181","sipas","1","0.005181","thuhet"
"true_1759","1759","0","real","317","12","2066","5.32","26.42","119","1946","0","0","38","4","0","0.0","0.0","3","0.009464","0.057143","0","127","9","136","0.065828","0","","0","0.0","","1","0.003155","sipas","0","0.0",""
"true_1760","1760","0","real","116","8","715","5.04","14.5","87","627","0","0","7","0","0","0.0","0.0","0","0.0","0.041026","0","46","1","47","0.065734","0","","0","0.0","","1","0.008621","sipas","0","0.0",""
"true_1761","1761","0","real","322","10","1855","4.61","32.2","88","1766","0","0","14","0","0","0.0","0.0","1","0.003106","0.041077","0","109","3","112","0.060377","0","","0","0.0","","4","0.012422","sipas, raporti","1","0.003106","mund të"
"true_1762","1762","0","real","147","4","1012","5.31","36.75","83","928","0","0","25","0","0","0.0","0.0","2","0.013605","0.066667","0","49","1","50","0.049407","0","","0","0.0","","0","0.0","","0","0.0",""
"true_1763","1763","0","real","387","16","2211","4.59","24.19","79","2131","0","0","21","0","0","0.0","0.0","0","0.0","0.045557","0","156","0","156","0.070556","0","","0","0.0","","0","0.0","","1","0.002584","mund të"
"true_1764","1764","0","real","122","7","737","4.93","17.43","67","669","0","0","7","0","0","0.0","0.0","0","0.0","0.028239","0","55","0","55","0.074627","0","","0","0.0","","0","0.0","","0","0.0",""
"true_1765","1765","0","real","205","10","1218","4.81","20.5","122","1095","0","0","15","2","0","0.0","0.0","0","0.0","0.03854","0","88","6","94","0.077176","0","","0","0.0","","0","0.0","","0","0.0",""
"true_1766","1766","0","real","109","5","703","5.25","21.8","101","601","0","0","7","0","0","0.0","0.0","2","0.018349","0.054196","0","53","0","53","0.075391","0","","0","0.0","","0","0.0","","0","0.0",""
"true_1767","1767","0","real","263","8","1540","4.73","32.88","95","1444","0","0","18","6","0","0.0","0.0","2","0.007605","0.029743","0","123","2","125","0.081169","0","","0","0.0","","1","0.003802","sipas","0","0.0",""
"true_1768","1768","0","real","118","5","799","5.47","23.6","43","755","0","0","7","2","0","0.0","0.0","2","0.016949","0.032558","0","47","0","47","0.058824","0","","0","0.0","","1","0.008475","sipas","0","0.0",""
"true_1769","1769","0","real","299","14","1758","4.73","21.36","115","1642","0","0","12","6","0","0.0","0.0","0","0.0","0.025442","0","135","1","136","0.077361","0","","0","0.0","","3","0.010033","sipas, raporti","2","0.006689","thuhet, mund të"
"true_1770","1770","0","real","170","9","1221","5.5","18.89","84","1136","0","0","14","0","0","0.0","0.0","0","0.0","0.034225","0","78","2","80","0.06552","0","","0","0.0","","0","0.0","","0","0.0",""
"true_1771","1771","0","real","236","12","1424","4.85","19.67","77","1346","0","0","16","4","0","0.0","0.0","1","0.004237","0.027074","0","122","1","123","0.086376","0","","0","0.0","","1","0.004237","sipas","1","0.004237","mund të"
"true_1772","1772","0","real","929","67","5590","4.81","13.87","34","5555","1","3","42","22","0","0.001076","0.003229","7","0.007535","0.035594","0","435","0","435","0.077818","0","","0","0.0","","1","0.001076","sipas","3","0.003229","mund të"
"true_1773","1773","0","real","146","8","844","4.64","18.25","68","775","0","0","10","4","0","0.0","0.0","0","0.0","0.032496","0","68","3","71","0.084123","0","","0","0.0","","0","0.0","","0","0.0",""
"true_1774","1774","0","real","311","13","1984","5.13","23.92","72","1911","0","0","27","4","0","0.0","0.0","3","0.009646","0.026365","0","142","3","145","0.073085","0","","0","0.0","","0","0.0","","1","0.003215","thuhet"
"true_1775","1775","0","real","130","6","781","4.81","21.67","42","738","0","0","5","0","0","0.0","0.0","2","0.015385","0.0256","0","53","0","53","0.067862","0","","0","0.0","","0","0.0","","2","0.015385","thuhet, mund të"
"true_1776","1776","0","real","253","13","1467","4.68","19.46","85","1381","3","1","11","6","0","0.011858","0.003953","0","0.0","0.011814","0","114","2","116","0.079073","0","","0","0.0","","0","0.0","","2","0.007905","mund të"
"true_1777","1777","0","real","1131","47","6742","4.8","24.06","100","6641","2","2","82","14","0","0.001768","0.001768","4","0.003537","0.016384","0","569","12","581","0.086176","0","","0","0.0","","2","0.001768","sipas","5","0.004421","thuhet, mund të"
"true_1778","1778","0","real","237","21","1478","5.04","11.29","44","1433","0","1","13","0","1","0.0","0.004219","0","0.0","0.027615","0","110","3","113","0.076455","0","","0","0.0","","1","0.004219","sipas","0","0.0",""
"true_1779","1779","0","real","148","8","856","4.65","18.5","94","761","0","0","12","0","0","0.0","0.0","0","0.0","0.031977","0","68","2","70","0.081776","0","","0","0.0","","0","0.0","","0","0.0",""
"true_1780","1780","0","real","291","14","1725","4.76","20.79","97","1627","0","0","18","12","0","0.0","0.0","3","0.010309","0.030369","0","142","3","145","0.084058","0","","0","0.0","","1","0.003436","deklaroi","1","0.003436","mund të"
"true_1781","1781","0","real","304","13","1925","5.21","23.38","61","1863","0","0","20","8","0","0.0","0.0","0","0.0","0.039823","0","108","0","108","0.056104","0","","0","0.0","","1","0.003289","sipas","0","0.0",""
"true_1782","1782","0","real","204","10","1229","4.86","20.4","55","1173","0","0","13","6","0","0.0","0.0","1","0.004902","0.035318","0","85","5","90","0.07323","0","","0","0.0","","1","0.004902","sipas","1","0.004902","thuhet"
"true_1783","1783","0","real","123","7","698","4.51","17.57","65","632","0","0","5","4","0","0.0","0.0","2","0.01626","0.052347","0","48","3","51","0.073066","0","","0","0.0","","0","0.0","","0","0.0",""
"true_1784","1784","0","real","468","21","2942","5.04","22.29","95","2846","0","0","42","4","0","0.0","0.0","24","0.051282","0.072495","0","255","0","255","0.086676","0","","0","0.0","","2","0.004274","sipas","1","0.002137","mund të"
"true_1785","1785","0","real","161","7","992","5.09","23.0","83","908","0","0","4","0","0","0.0","0.0","0","0.0","0.028049","0","77","3","80","0.080645","0","","0","0.0","","0","0.0","","1","0.006211","mund të"
"true_1786","1786","0","real","91","4","606","5.52","22.75","71","534","0","0","4","2","0","0.0","0.0","2","0.021978","0.045817","0","32","3","35","0.057756","0","","0","0.0","","0","0.0","","1","0.010989","thuhet"
"true_1787","1787","0","real","148","8","893","4.94","18.5","69","823","0","0","10","2","0","0.0","0.0","0","0.0","0.021888","0","62","1","63","0.070549","0","","0","0.0","","0","0.0","","0","0.0",""
"true_1788","1788","0","real","299","17","1709","4.6","17.59","74","1634","0","1","19","8","0","0.0","0.003344","4","0.013378","0.059384","0","117","0","117","0.068461","0","","0","0.0","","1","0.003344","sipas","2","0.006689","ndoshta"
"true_1789","1789","0","real","146","7","867","4.88","20.86","82","784","0","0","6","0","0","0.0","0.0","0","0.0","0.026798","0","49","5","54","0.062284","0","","0","0.0","","0","0.0","","0","0.0",""
"true_1790","1790","0","real","352","20","1929","4.36","17.6","89","1839","0","3","15","13","0","0.0","0.008523","0","0.0","0.035225","0","113","1","114","0.059098","0","","0","0.0","","0","0.0","","3","0.008523","mund të"
"true_1791","1791","0","real","272","12","1664","5.01","22.67","95","1568","0","0","19","6","0","0.0","0.0","1","0.003676","0.050111","0","91","1","92","0.055288","0","","0","0.0","","2","0.007353","bëri të ditur, policia","1","0.003676","mund të"
"true_1792","1792","0","real","352","14","1992","4.54","25.14","126","1865","0","0","26","8","0","0.0","0.0","1","0.002841","0.054924","0","133","1","134","0.067269","0","","0","0.0","","0","0.0","","0","0.0",""
"true_1793","1793","0","real","188","9","1137","4.94","20.89","80","1056","0","0","12","4","0","0.0","0.0","0","0.0","0.055135","0","64","1","65","0.057168","0","","0","0.0","","0","0.0","","1","0.005319","mund të"
"true_1794","1794","0","real","135","7","809","4.86","19.29","82","726","0","0","10","0","0","0.0","0.0","0","0.0","0.027439","0","59","1","60","0.074166","0","","0","0.0","","0","0.0","","0","0.0",""
"true_1795","1795","0","real","245","10","1497","4.87","24.5","85","1411","0","0","17","14","1","0.0","0.0","2","0.008163","0.035205","0","121","0","121","0.080828","0","","0","0.0","","1","0.004082","sipas","3","0.012245","mund të"
"true_1796","1796","0","real","128","6","832","5.15","21.33","78","753","0","0","8","0","0","0.0","0.0","4","0.03125","0.051593","0","70","0","70","0.084135","0","","0","0.0","","2","0.015625","policia","0","0.0",""
"true_1797","1797","0","real","504","27","3302","5.21","18.67","91","3210","11","0","49","0","0","0.021825","0.0","21","0.041667","0.069386","0","212","6","218","0.066021","0","","0","0.0","","0","0.0","","0","0.0",""
"true_1798","1798","0","real","224","13","1427","5.24","17.23","44","1382","0","0","11","0","0","0.0","0.0","0","0.0","0.015332","0","98","1","99","0.069376","0","","0","0.0","","0","0.0","","2","0.008929","mund të"
"true_1799","1799","0","real","234","12","1319","4.53","19.5","76","1242","0","0","9","2","0","0.0","0.0","0","0.0","0.017908","0","104","3","107","0.081122","0","","0","0.0","","0","0.0","","6","0.025641","ndoshta, mund të"
"true_1800","1800","0","real","198","10","1177","4.82","19.8","103","1073","1","0","8","4","0","0.005051","0.0","2","0.010101","0.046122","0","85","0","85","0.072218","0","","0","0.0","","0","0.0","","0","0.0",""
"true_1801","1801","0","real","243","12","1532","5.11","20.25","98","1433","2","0","19","4","0","0.00823","0.0","3","0.012346","0.051012","0","119","3","122","0.079634","0","","0","0.0","","1","0.004115","sipas","0","0.0",""
"true_1802","1802","0","real","260","10","1514","4.73","26.0","118","1395","0","0","10","4","0","0.0","0.0","3","0.011538","0.04886","0","112","0","112","0.073976","0","","0","0.0","","0","0.0","","0","0.0",""
"true_1803","1803","0","real","317","18","1789","4.55","17.61","153","1635","0","2","10","2","0","0.0","0.006309","0","0.0","0.029146","0","149","13","162","0.090553","0","","0","0.0","","0","0.0","","1","0.003155","mund të"
"true_1804","1804","0","real","219","12","1342","5.02","18.25","53","1288","2","0","14","0","0","0.009132","0.0","0","0.0","0.011818","0","113","3","116","0.086438","0","","0","0.0","","0","0.0","","2","0.009132","mund të"
"true_1805","1805","0","real","141","8","826","4.62","17.62","85","740","0","0","7","4","0","0.0","0.0","4","0.028369","0.047546","0","51","2","53","0.064165","0","","0","0.0","","0","0.0","","0","0.0",""
"true_1806","1806","0","real","253","13","1320","4.08","19.46","60","1259","0","0","15","10","0","0.0","0.0","0","0.0","0.023278","0","110","3","113","0.085606","0","","0","0.0","","1","0.003953","deklaroi","0","0.0",""
"true_1807","1807","0","real","178","9","1110","4.93","19.78","128","981","0","0","18","16","0","0.0","0.0","1","0.005618","0.048975","0","67","0","67","0.06036","0","","0","0.0","","1","0.005618","deklaroi","0","0.0",""
"true_1808","1808","0","real","251","7","1430","4.58","35.86","49","1380","0","0","22","2","0","0.0","0.0","0","0.0","0.012174","0","166","5","171","0.11958","0","","0","0.0","","0","0.0","","2","0.007968","thuhet, mund të"
"true_1809","1809","0","real","156","11","905","4.64","14.18","97","807","0","0","14","4","0","0.0","0.0","0","0.0","0.033149","0","61","2","63","0.069613","0","","0","0.0","","0","0.0","","0","0.0",""
"true_1810","1810","0","real","186","9","1064","4.46","20.67","67","996","0","0","7","8","0","0.0","0.0","1","0.005376","0.041013","0","86","2","88","0.082707","0","","0","0.0","","1","0.005376","sipas","0","0.0",""
"true_1811","1811","0","real","657","42","3769","4.57","15.64","61","3707","7","1","22","2","25","0.010654","0.001522","2","0.003044","0.025641","0","301","3","304","0.080658","0","","0","0.0","","0","0.0","","2","0.003044","ndoshta, mund të"
"true_1812","1812","0","real","277","14","1743","4.96","19.79","115","1627","0","0","24","2","0","0.0","0.0","7","0.025271","0.06623","0","121","2","123","0.070568","0","","0","0.0","","3","0.01083","sipas","0","0.0",""
"true_1813","1813","0","real","172","10","958","4.45","17.2","102","855","0","0","10","2","0","0.0","0.0","1","0.005814","0.049803","0","77","0","77","0.080376","0","","0","0.0","","1","0.005814","deklaroi","0","0.0",""
"true_1814","1814","0","real","156","10","940","4.84","15.6","49","890","1","0","7","6","0","0.00641","0.0","3","0.019231","0.057105","0","58","0","58","0.061702","0","","0","0.0","","0","0.0","","1","0.00641","thuhet"
"true_1815","1815","0","real","130","5","728","4.43","26.0","64","663","0","0","6","0","0","0.0","0.0","1","0.007692","0.027778","0","43","0","43","0.059066","0","","0","0.0","","0","0.0","","0","0.0",""
"true_1816","1816","0","real","138","6","795","4.57","23.0","74","720","0","0","7","0","0","0.0","0.0","0","0.0","0.03645","0","48","2","50","0.062893","0","","0","0.0","","0","0.0","","3","0.021739","thuhet, ndoshta, mund të"
"true_1817","1817","0","real","270","18","1608","4.71","15.0","75","1532","0","0","19","6","0","0.0","0.0","2","0.007407","0.032207","0","100","0","100","0.062189","0","","0","0.0","","0","0.0","","0","0.0",""
"true_1818","1818","0","real","169","15","996","4.72","11.27","67","928","0","0","9","8","0","0.0","0.0","0","0.0","0.042607","0","60","6","66","0.066265","0","","0","0.0","","0","0.0","","0","0.0",""
"true_1819","1819","0","real","220","18","1278","4.64","12.22","62","1215","0","0","10","4","0","0.0","0.0","3","0.013636","0.036275","0","96","2","98","0.076682","0","","0","0.0","","0","0.0","","0","0.0",""
"true_1820","1820","0","real","163","4","1002","4.94","40.75","85","916","0","0","24","4","0","0.0","0.0","1","0.006135","0.054795","0","76","0","76","0.075848","0","","0","0.0","","0","0.0","","0","0.0",""
"true_1821","1821","0","real","136","7","804","4.81","19.43","87","716","0","0","10","2","0","0.0","0.0","0","0.0","0.022971","0","60","0","60","0.074627","0","","0","0.0","","0","0.0","","0","0.0",""
"true_1822","1822","0","real","178","10","968","4.31","17.8","60","907","0","0","12","4","0","0.0","0.0","4","0.022472","0.061358","0","78","0","78","0.080579","0","","0","0.0","","0","0.0","","0","0.0",""
"true_1823","1823","0","real","296","15","1739","4.72","19.73","123","1615","0","0","26","4","0","0.0","0.0","0","0.0","0.030043","0","129","4","133","0.076481","0","","0","0.0","","1","0.003378","sipas","4","0.013514","thuhet, dyshohet"
"true_1824","1824","0","real","166","7","916","4.38","23.71","75","840","0","0","12","0","0","0.0","0.0","5","0.03012","0.07978","0","61","0","61","0.066594","0","","0","0.0","","2","0.012048","sipas","0","0.0",""
"true_1825","1825","0","real","114","6","741","5.06","19.0","65","675","0","0","6","2","0","0.0","0.0","5","0.04386","0.069565","0","55","0","55","0.074224","0","","0","0.0","","0","0.0","","0","0.0",""
"true_1826","1826","0","real","421","19","2385","4.52","22.16","109","2275","0","0","26","2","0","0.0","0.0","1","0.002375","0.027851","0","192","3","195","0.081761","0","","0","0.0","","0","0.0","","0","0.0",""
"true_1827","1827","0","real","176","9","1093","5.03","19.56","50","1042","0","0","11","2","0","0.0","0.0","0","0.0","0.031674","0","94","0","94","0.086002","0","","0","0.0","","1","0.005682","policia","0","0.0",""
"true_1828","1828","0","real","145","5","873","4.87","29.0","64","808","0","0","8","0","0","0.0","0.0","0","0.0","0.033994","0","81","0","81","0.092784","0","","0","0.0","","0","0.0","","0","0.0",""
"true_1829","1829","0","real","349","18","2081","4.74","19.39","93","1987","0","0","27","10","0","0.0","0.0","1","0.002865","0.029625","0","151","5","156","0.074964","0","","0","0.0","","2","0.005731","sipas","0","0.0",""
"true_1830","1830","0","real","168","15","1090","5.11","11.2","44","1045","1","0","12","2","0","0.005952","0.0","2","0.011905","0.054779","0","61","2","63","0.057798","0","","0","0.0","","0","0.0","","0","0.0",""
"true_1831","1831","0","real","131","7","782","4.87","18.71","70","711","0","0","11","0","0","0.0","0.0","0","0.0","0.023511","0","54","0","54","0.069054","0","","0","0.0","","0","0.0","","0","0.0",""
"true_1832","1832","0","real","170","6","1003","4.76","28.33","94","908","0","0","12","0","0","0.0","0.0","0","0.0","0.02225","0","61","1","62","0.061815","0","","0","0.0","","2","0.011765","sipas, raportoi","0","0.0",""
"true_1833","1833","0","real","231","16","1347","4.72","14.44","58","1288","0","2","18","0","0","0.0","0.008658","0","0.0","0.017431","0","119","2","121","0.089829","0","","0","0.0","","0","0.0","","0","0.0",""
"true_1834","1834","0","real","170","10","1081","5.09","17.0","89","991","0","0","12","2","0","0.0","0.0","2","0.011765","0.033487","0","92","2","94","0.086957","0","","0","0.0","","2","0.011765","sipas","0","0.0",""
"true_1835","1835","0","real","319","12","2042","5.14","26.58","88","1953","0","0","30","6","0","0.0","0.0","3","0.009404","0.033578","0","153","4","157","0.076885","0","","0","0.0","","0","0.0","","2","0.00627","thuhet"
"true_1836","1836","0","real","292","11","1676","4.66","26.55","63","1612","0","0","18","0","0","0.0","0.0","0","0.0","0.01396","0","147","3","150","0.089499","0","","0","0.0","","1","0.003425","sipas","4","0.013699","mund të"
"true_1837","1837","0","real","187","15","1215","5.27","12.47","75","1139","0","0","23","0","0","0.0","0.0","0","0.0","0.024365","0","77","0","77","0.063374","0","","0","0.0","","2","0.010695","sipas","1","0.005348","mund të"
"true_1838","1838","0","real","150","11","895","4.8","13.64","53","841","0","0","7","0","0","0.0","0.0","0","0.0","0.043115","0","52","1","53","0.059218","0","","0","0.0","","2","0.013333","sipas","3","0.02","thuhet, ndoshta, supozohet"
"true_1839","1839","0","real","1619","99","9513","4.69","16.35","54","9458","0","0","90","0","0","0.0","0.0","12","0.007412","0.032657","0","717","33","750","0.078839","0","","0","0.0","","0","0.0","","10","0.006177","ndoshta, mund të, ka gjasa"
"true_1840","1840","0","real","179","7","1025","4.5","25.57","70","954","0","0","10","10","0","0.0","0.0","0","0.0","0.055901","0","63","2","65","0.063415","0","","0","0.0","","0","0.0","","0","0.0",""
"true_1841","1841","0","real","115","6","690","4.89","19.17","83","606","0","0","7","0","0","0.0","0.0","0","0.0","0.019573","0","45","0","45","0.065217","0","","0","0.0","","0","0.0","","0","0.0",""
"true_1842","1842","0","real","253","11","1404","4.43","23.0","94","1309","0","0","13","2","0","0.0","0.0","0","0.0","0.029596","0","91","1","92","0.065527","0","","0","0.0","","2","0.007905","sipas, raporti","0","0.0",""
"true_1843","1843","0","real","180","8","1158","5.07","22.5","63","1094","0","0","6","0","0","0.0","0.0","5","0.027778","0.053669","0","70","0","70","0.060449","0","","0","0.0","","0","0.0","","1","0.005556","ndoshta"
"true_1844","1844","0","real","131","6","772","4.79","21.83","68","703","0","0","8","2","0","0.0","0.0","0","0.0","0.02707","0","58","0","58","0.07513","0","","0","0.0","","0","0.0","","0","0.0",""
"true_1845","1845","0","real","125","12","806","5.18","10.42","52","753","0","0","9","2","0","0.0","0.0","0","0.0","0.029366","0","58","2","60","0.074442","0","","0","0.0","","3","0.024","sipas, policia","0","0.0",""
"true_1846","1846","0","real","258","12","1576","4.81","21.5","113","1462","0","0","22","4","0","0.0","0.0","0","0.0","0.012903","0","124","3","127","0.080584","0","","0","0.0","","3","0.011628","sipas, policia","1","0.003876","mund të"
"true_1847","1847","0","real","175","8","975","4.5","21.88","116","858","0","0","8","0","0","0.0","0.0","2","0.011429","0.047014","0","77","0","77","0.078974","0","","0","0.0","","0","0.0","","0","0.0",""
"true_1848","1848","0","real","255","13","1753","5.75","19.62","115","1637","0","0","18","6","0","0.0","0.0","0","0.0","0.037594","0","116","4","120","0.068454","0","","0","0.0","","0","0.0","","0","0.0",""
"true_1849","1849","0","real","192","7","1185","5.05","27.43","88","1096","0","0","13","0","0","0.0","0.0","0","0.0","0.024768","0","81","1","82","0.069198","0","","0","0.0","","0","0.0","","1","0.005208","dyshohet"
"true_1850","1850","0","real","432","17","2606","4.9","25.41","84","2521","0","0","24","10","0","0.0","0.0","1","0.002315","0.034026","0","209","14","223","0.085572","0","","0","0.0","","0","0.0","","0","0.0",""
"true_1851","1851","0","real","124","10","729","4.7","12.4","71","657","5","0","10","2","0","0.040323","0.0","0","0.0","0.020583","0","38","0","38","0.052126","0","","0","0.0","","0","0.0","","0","0.0",""
"true_1852","1852","0","real","186","12","1082","4.53","15.5","50","1031","0","0","14","2","0","0.0","0.0","3","0.016129","0.061684","0","72","3","75","0.069316","0","","0","0.0","","1","0.005376","sipas","0","0.0",""
"true_1853","1853","0","real","141","8","846","4.73","17.62","81","764","0","0","9","2","0","0.0","0.0","0","0.0","0.037481","0","59","5","64","0.07565","0","","0","0.0","","0","0.0","","0","0.0",""
"true_1854","1854","0","real","192","7","1259","5.48","27.43","111","1147","0","0","7","2","0","0.0","0.0","0","0.0","0.023787","0","75","0","75","0.059571","0","","0","0.0","","1","0.005208","sipas","1","0.005208","mund të"
"true_1855","1855","0","real","212","12","1249","4.7","17.67","85","1163","0","0","15","10","0","0.0","0.0","0","0.0","0.047189","0","86","3","89","0.071257","0","","0","0.0","","1","0.004717","sipas","0","0.0",""
"true_1856","1856","0","real","195","16","1184","4.68","12.19","47","1136","1","0","10","2","0","0.005128","0.0","6","0.030769","0.077851","0","66","2","68","0.057432","0","","0","0.0","","1","0.005128","sipas","0","0.0",""
"true_1857","1857","0","real","337","21","1844","4.28","16.05","106","1737","0","0","16","6","2","0.0","0.0","0","0.0","0.037474","0","124","4","128","0.069414","0","","0","0.0","","2","0.005935","konfirmoi, raporti","2","0.005935","ndoshta, mund të"
"true_1858","1858","0","real","129","9","789","4.8","14.33","65","723","0","0","7","0","0","0.0","0.0","3","0.023256","0.056543","0","51","0","51","0.064639","0","","0","0.0","","2","0.015504","sipas, deklaroi","0","0.0",""
"true_1859","1859","0","real","188","9","1073","4.59","20.89","86","986","0","0","11","6","0","0.0","0.0","0","0.0","0.023202","0","73","1","74","0.068966","0","","0","0.0","","0","0.0","","0","0.0",""
"true_1860","1860","0","real","279","18","1720","4.81","15.5","35","1684","0","0","15","2","0","0.0","0.0","2","0.007168","0.0522","0","98","12","110","0.063953","0","","0","0.0","","0","0.0","","0","0.0",""
"true_1861","1861","0","real","202","11","1253","5.12","18.36","56","1196","0","2","9","0","1","0.0","0.009901","0","0.0","0.01256","0","107","0","107","0.085395","0","","0","0.0","","0","0.0","","3","0.014851","mund të"
"true_1862","1862","0","real","297","15","1684","4.52","19.8","50","1633","0","1","14","0","0","0.0","0.003367","0","0.0","0.015648","0","135","5","140","0.083135","0","","0","0.0","","0","0.0","","1","0.003367","mund të"
"true_1863","1863","0","real","324","23","1760","4.31","14.09","55","1704","2","3","8","2","0","0.006173","0.009259","0","0.0","0.02149","0","152","12","164","0.093182","0","","0","0.0","","0","0.0","","3","0.009259","mund të"
"true_1864","1864","0","real","373","21","2340","5.15","17.76","59","2280","1","0","31","0","1","0.002681","0.0","0","0.0","0.015088","0","177","0","177","0.075641","0","","0","0.0","","0","0.0","","3","0.008043","mund të"
"true_1865","1865","0","real","234","9","1509","5.35","26.0","79","1429","0","0","11","2","0","0.0","0.0","1","0.004274","0.019984","0","120","1","121","0.080186","0","","0","0.0","","3","0.012821","sipas, studimi","8","0.034188","mund të"
"true_1866","1866","0","real","137","6","781","4.58","22.83","41","739","0","1","10","2","0","0.0","0.007299","0","0.0","0.020701","0","68","0","68","0.087068","0","","0","0.0","","0","0.0","","1","0.007299","mund të"
"true_1867","1867","0","real","272","20","1722","5.14","13.6","84","1637","0","0","23","6","0","0.0","0.0","1","0.003676","0.021475","0","121","5","126","0.073171","0","","0","0.0","","0","0.0","","1","0.003676","mund të"
"true_1868","1868","0","real","757","33","4349","4.62","22.94","118","4230","0","0","19","38","1","0.0","0.0","1","0.001321","0.037239","0","297","14","311","0.071511","0","","0","0.0","","1","0.001321","sipas","2","0.002642","thuhet"
"true_1869","1869","0","real","204","11","1205","4.76","18.55","126","1078","0","0","10","8","0","0.0","0.0","0","0.0","0.027778","0","67","3","70","0.058091","0","","0","0.0","","1","0.004902","konfirmoi","0","0.0",""
"true_1870","1870","0","real","197","14","1223","4.88","14.07","76","1146","4","0","20","6","0","0.020305","0.0","6","0.030457","0.082377","0","79","0","79","0.064595","0","","0","0.0","","1","0.005076","sipas","0","0.0",""
"true_1871","1871","0","real","221","9","1387","4.99","24.56","101","1285","0","0","17","4","0","0.0","0.0","2","0.00905","0.032668","0","113","1","114","0.082192","0","","0","0.0","","0","0.0","","0","0.0",""
"true_1872","1872","0","real","1006","46","6346","5.08","21.87","36","6309","0","0","79","6","0","0.0","0.0","2","0.001988","0.035946","0","441","4","445","0.070123","0","","0","0.0","","2","0.001988","sipas","6","0.005964","thuhet, mund të"
"true_1873","1873","0","real","245","11","1402","4.58","22.27","117","1284","1","0","13","4","0","0.004082","0.0","1","0.004082","0.034759","0","111","2","113","0.080599","0","","1","0.004082","e pabesueshme","0","0.0","","0","0.0",""
"true_1874","1874","0","real","92","6","575","5.02","15.33","53","521","0","0","4","2","0","0.0","0.0","1","0.01087","0.049784","0","39","1","40","0.069565","0","","0","0.0","","0","0.0","","0","0.0",""
"true_1875","1875","0","real","168","8","990","4.84","21.0","98","891","0","0","7","0","0","0.0","0.0","0","0.0","0.0246","0","60","1","61","0.061616","0","","0","0.0","","0","0.0","","0","0.0",""
"true_1876","1876","0","real","190","7","1222","5.33","27.14","81","1140","0","0","12","2","0","0.0","0.0","1","0.005263","0.021718","0","71","0","71","0.058101","0","","0","0.0","","0","0.0","","0","0.0",""
"true_1877","1877","0","real","270","7","1694","5.13","38.57","81","1612","0","0","17","4","0","0.0","0.0","4","0.014815","0.047688","0","117","6","123","0.072609","0","","0","0.0","","0","0.0","","3","0.011111","thuhet"
"true_1878","1878","0","real","119","9","800","5.31","13.22","91","708","0","0","10","6","0","0.0","0.0","1","0.008403","0.041401","0","67","0","67","0.08375","0","","0","0.0","","1","0.008403","policia","0","0.0",""
"true_1879","1879","0","real","176","8","1030","4.72","22.0","76","953","0","0","10","2","0","0.0","0.0","1","0.005682","0.031325","0","64","6","70","0.067961","0","","0","0.0","","0","0.0","","0","0.0",""
"true_1880","1880","0","real","304","9","1857","4.99","33.78","138","1718","0","0","15","2","0","0.0","0.0","0","0.0","0.02108","0","148","0","148","0.079698","0","","0","0.0","","0","0.0","","0","0.0",""
"true_1881","1881","0","real","251","15","1418","4.48","16.73","97","1320","0","2","14","10","0","0.0","0.007968","0","0.0","0.02669","0","109","2","111","0.078279","0","","0","0.0","","0","0.0","","1","0.003984","mund të"
"true_1882","1882","0","real","154","8","870","4.51","19.25","84","785","0","0","9","10","0","0.0","0.0","0","0.0","0.027378","0","59","1","60","0.068966","0","","0","0.0","","0","0.0","","1","0.006494","mund të"
"true_1883","1883","0","real","846","23","4903","4.68","36.78","83","4819","0","0","52","12","7","0.0","0.0","3","0.003546","0.037722","0","389","26","415","0.084642","0","","0","0.0","","3","0.003546","sipas","1","0.001182","mund të"
"true_1884","1884","0","real","226","10","1335","4.73","22.6","88","1246","0","0","12","6","0","0.0","0.0","0","0.0","0.027179","0","96","1","97","0.072659","0","","0","0.0","","0","0.0","","1","0.004425","mund të"
"true_1885","1885","0","real","588","31","3406","4.71","18.97","84","3321","1","0","28","0","0","0.001701","0.0","0","0.0","0.013723","0","290","19","309","0.090722","0","","0","0.0","","0","0.0","","3","0.005102","mund të"
"true_1886","1886","0","real","160","9","976","4.98","17.78","53","922","0","0","13","4","0","0.0","0.0","0","0.0","0.023899","0","71","0","71","0.072746","0","","0","0.0","","0","0.0","","0","0.0",""
"true_1887","1887","0","real","1030","53","6535","5.21","19.43","70","6464","0","2","48","28","0","0.0","0.001942","6","0.005825","0.036816","0","456","6","462","0.070696","0","","0","0.0","","1","0.000971","sipas","2","0.001942","mund të"
"true_1888","1888","0","real","139","10","913","5.16","13.9","43","869","0","0","13","2","0","0.0","0.0","0","0.0","0.025105","0","45","4","49","0.053669","0","","0","0.0","","2","0.014388","sipas, policia","0","0.0",""
"true_1889","1889","0","real","224","10","1436","5.21","22.4","75","1360","0","0","18","2","0","0.0","0.0","3","0.013393","0.055698","0","103","4","107","0.074513","0","","0","0.0","","1","0.004464","sipas","0","0.0",""
"true_1890","1890","0","real","864","24","5144","4.87","36.0","70","5073","0","0","35","6","0","0.0","0.0","0","0.0","0.015926","0","449","2","451","0.087675","0","","0","0.0","","0","0.0","","1","0.001157","mund të"
"true_1891","1891","0","real","283","9","1810","5.25","31.44","76","1733","0","0","6","8","0","0.0","0.0","1","0.003534","0.027647","0","141","1","142","0.078453","0","","0","0.0","","2","0.007067","sipas, policia","4","0.014134","thuhet, dyshohet"
"true_1892","1892","0","real","204","12","1304","4.96","17.0","73","1230","0","0","17","0","0","0.0","0.0","3","0.014706","0.042532","0","88","0","88","0.067485","0","","0","0.0","","1","0.004902","raportoi","0","0.0",""
"true_1893","1893","0","real","816","34","4918","4.91","24.0","50","4867","0","2","29","14","0","0.0","0.002451","6","0.007353","0.050801","0","368","5","373","0.075844","0","","0","0.0","","6","0.007353","sipas, raporti","1","0.001225","ka gjasa"
"true_1894","1894","0","real","137","8","862","4.92","17.12","57","804","0","0","6","2","0","0.0","0.0","2","0.014599","0.049034","0","65","2","67","0.077726","0","","0","0.0","","0","0.0","","2","0.014599","thuhet"
"true_1895","1895","0","real","175","7","1035","4.59","25.0","87","947","0","0","20","0","0","0.0","0.0","1","0.005714","0.041045","0","75","0","75","0.072464","0","","0","0.0","","1","0.005714","sipas","0","0.0",""
"true_1896","1896","0","real","393","16","2207","4.49","24.56","77","2129","0","0","20","4","0","0.0","0.0","4","0.010178","0.029478","0","192","4","196","0.088808","0","","0","0.0","","3","0.007634","sipas, bëri të ditur","1","0.002545","mund të"
"true_1897","1897","0","real","659","38","4142","5.16","17.34","45","4096","2","0","35","0","0","0.003035","0.0","0","0.0","0.013235","0","331","6","337","0.081362","0","","0","0.0","","0","0.0","","3","0.004552","mund të"
"true_1898","1898","0","real","695","39","4343","5.1","17.82","56","4286","0","0","39","2","0","0.0","0.0","1","0.001439","0.014677","0","323","7","330","0.075984","0","","0","0.0","","0","0.0","","15","0.021583","mund të"
"true_1899","1899","0","real","400","18","2282","4.53","22.22","75","2206","2","0","26","8","0","0.005","0.0","0","0.0","0.023192","0","216","2","218","0.09553","0","","0","0.0","","2","0.005","sipas","6","0.015","mund të"
"true_1900","1900","0","real","424","16","2233","4.18","26.5","55","2177","0","0","20","8","0","0.0","0.0","0","0.0","0.016356","0","197","8","205","0.091805","0","","0","0.0","","0","0.0","","3","0.007075","thuhet, mund të"
"true_1901","1901","0","real","284","12","1711","4.88","23.67","66","1644","0","0","19","2","0","0.0","0.0","0","0.0","0.022415","0","133","5","138","0.080655","0","","0","0.0","","0","0.0","","3","0.010563","mund të"
"true_1902","1902","0","real","396","19","2327","4.75","20.84","70","2256","0","0","17","2","0","0.0","0.0","0","0.0","0.021785","0","177","4","181","0.077783","0","","0","0.0","","0","0.0","","5","0.012626","mund të"
"true_1903","1903","0","real","179","7","1082","4.97","25.57","62","1019","1","0","11","0","0","0.005587","0.0","0","0.0","0.034949","0","83","1","84","0.077634","0","","0","0.0","","0","0.0","","2","0.011173","mund të"
"true_1904","1904","0","real","917","44","5731","5.0","20.84","81","5649","1","0","60","6","0","0.001091","0.0","10","0.010905","0.030534","0","363","1","364","0.063514","0","","0","0.0","","7","0.007634","sipas, konfirmoi, raportoi","0","0.0",""
"true_1905","1905","0","real","175","12","1000","4.45","14.58","37","962","0","0","6","0","0","0.0","0.0","0","0.0","0.041131","0","70","0","70","0.07","0","","0","0.0","","0","0.0","","0","0.0",""
"true_1906","1906","0","real","281","11","1619","4.53","25.55","86","1532","0","0","26","4","0","0.0","0.0","0","0.0","0.039277","0","124","2","126","0.077826","0","","0","0.0","","0","0.0","","3","0.010676","thuhet, mund të"
"true_1907","1907","0","real","241","11","1472","4.78","21.91","96","1375","1","0","20","2","0","0.004149","0.0","4","0.016598","0.037294","0","118","2","120","0.081522","0","","0","0.0","","1","0.004149","deklaroi","2","0.008299","dyshohet, mund të"
"true_1908","1908","0","real","107","6","597","4.38","17.83","58","538","0","0","7","6","0","0.0","0.0","3","0.028037","0.072805","0","37","1","38","0.063652","0","","0","0.0","","0","0.0","","0","0.0",""
"true_1909","1909","0","real","166","7","942","4.49","23.71","91","850","0","0","7","5","0","0.0","0.0","0","0.0","0.021448","0","91","1","92","0.097665","0","","0","0.0","","0","0.0","","1","0.006024","mund të"
"true_1910","1910","0","real","448","20","2907","5.36","22.4","102","2804","0","0","31","6","0","0.0","0.0","1","0.002232","0.039183","0","185","5","190","0.065359","0","","0","0.0","","2","0.004464","sipas, deklaroi","1","0.002232","thuhet"
"true_1911","1911","0","real","224","10","1408","5.17","22.4","54","1353","0","0","13","6","0","0.0","0.0","1","0.004464","0.049265","0","99","5","104","0.073864","0","","0","0.0","","1","0.004464","bëri të ditur","0","0.0",""
"true_1912","1912","0","real","284","12","1715","4.63","23.67","52","1662","0","0","30","2","0","0.0","0.0","4","0.014085","0.043313","0","139","3","142","0.082799","0","","0","0.0","","0","0.0","","0","0.0",""
"true_1913","1913","0","real","133","7","788","4.79","19.0","42","745","0","0","11","0","0","0.0","0.0","0","0.0","0.032967","0","50","1","51","0.064721","0","","0","0.0","","0","0.0","","0","0.0",""
"true_1914","1914","0","real","85","6","518","4.85","14.17","59","458","0","0","5","0","0","0.0","0.0","0","0.0","0.01699","0","23","0","23","0.044402","0","","0","0.0","","0","0.0","","0","0.0",""
"true_1915","1915","0","real","232","7","1363","4.78","33.14","85","1277","0","0","9","6","0","0.0","0.0","1","0.00431","0.0434","0","101","0","101","0.074101","0","","0","0.0","","0","0.0","","1","0.00431","mund të"
"true_1916","1916","0","real","199","12","1226","4.89","16.58","61","1164","0","0","5","4","0","0.0","0.0","3","0.015075","0.048304","0","87","4","91","0.074225","0","","0","0.0","","3","0.015075","policia, raporti","3","0.015075","thuhet"
"true_1917","1917","0","real","157","8","1011","5.24","19.62","85","925","1","0","13","2","0","0.006369","0.0","0","0.0","0.031592","0","71","2","73","0.072206","0","","0","0.0","","1","0.006369","sipas","0","0.0",""
"true_1918","1918","0","real","140","9","880","4.99","15.56","72","807","0","0","11","2","0","0.0","0.0","1","0.007143","0.054676","0","52","3","55","0.0625","0","","0","0.0","","1","0.007143","sipas","1","0.007143","thuhet"
"true_1919","1919","0","real","142","11","883","4.94","12.91","63","819","0","0","9","2","0","0.0","0.0","0","0.0","0.03","0","80","0","80","0.0906","0","","0","0.0","","3","0.021127","sipas, policia","0","0.0",""
"true_1920","1920","0","real","385","17","2389","4.87","22.65","109","2279","1","0","32","10","0","0.002597","0.0","5","0.012987","0.050829","0","157","1","158","0.066136","0","","0","0.0","","1","0.002597","sipas","0","0.0",""
"true_1921","1921","0","real","142","9","802","4.51","15.78","43","758","0","0","4","2","0","0.0","0.0","0","0.0","0.042122","0","62","1","63","0.078554","0","","0","0.0","","0","0.0","","0","0.0",""
"true_1922","1922","0","real","120","6","748","5.05","20.0","81","666","0","0","11","2","0","0.0","0.0","0","0.0","0.026403","0","38","3","41","0.054813","0","","0","0.0","","0","0.0","","0","0.0",""
"true_1923","1923","0","real","149","6","917","5.01","24.83","72","844","0","0","12","2","0","0.0","0.0","2","0.013423","0.06586","0","62","0","62","0.067612","0","","0","0.0","","3","0.020134","policia","2","0.013423","thuhet, dyshohet"
"true_1924","1924","0","real","104","4","545","4.13","26.0","70","474","0","0","3","2","0","0.0","0.0","0","0.0","0.048837","0","48","0","48","0.088073","0","","0","0.0","","0","0.0","","1","0.009615","thuhet"
"true_1925","1925","0","real","177","8","1007","4.52","22.12","71","935","0","0","8","4","0","0.0","0.0","0","0.0","0.055","0","77","1","78","0.077458","0","","0","0.0","","1","0.00565","deklaroi","0","0.0",""
"true_1926","1926","0","real","286","15","1752","4.82","19.07","72","1679","2","0","14","0","0","0.006993","0.0","0","0.0","0.034107","0","130","2","132","0.075342","0","","0","0.0","","1","0.003497","sipas","0","0.0",""
"true_1927","1927","0","real","307","11","1856","4.93","27.91","137","1718","0","0","24","4","0","0.0","0.0","0","0.0","0.025149","0","161","10","171","0.092134","0","","0","0.0","","1","0.003257","deklaroi","1","0.003257","mund të"
"true_1928","1928","0","real","364","16","2296","5.17","22.75","38","2257","0","0","18","4","0","0.0","0.0","0","0.0","0.047974","0","163","13","176","0.076655","0","","0","0.0","","0","0.0","","0","0.0",""
"true_1929","1929","0","real","167","8","1094","5.14","20.88","77","1016","0","0","10","2","0","0.0","0.0","3","0.017964","0.05951","0","87","0","87","0.079525","0","","0","0.0","","1","0.005988","ministria","2","0.011976","thuhet"
"true_1930","1930","0","real","321","19","1890","4.79","16.89","134","1755","3","1","13","0","0","0.009346","0.003115","0","0.0","0.047557","0","107","7","114","0.060317","0","","0","0.0","","1","0.003115","sipas","0","0.0",""
"true_1931","1931","0","real","292","36","1922","4.69","8.11","48","1873","1","0","12","2","1","0.003425","0.0","9","0.030822","0.047515","0","98","5","103","0.05359","0","","0","0.0","","0","0.0","","0","0.0",""
"true_1932","1932","0","real","435","20","2549","4.6","21.75","115","2433","0","0","17","8","0","0.0","0.0","0","0.0","0.032451","0","170","3","173","0.06787","0","","0","0.0","","0","0.0","","2","0.004598","thuhet"
"true_1933","1933","0","real","431","18","2556","4.82","23.94","80","2475","0","0","27","8","0","0.0","0.0","0","0.0","0.041546","0","191","18","209","0.081768","0","","0","0.0","","2","0.00464","sipas, raporti","1","0.00232","thuhet"
"true_1934","1934","0","real","801","29","4854","4.82","27.62","116","4737","0","0","55","12","0","0.0","0.0","4","0.004994","0.025389","0","391","4","395","0.081376","0","","1","0.001248","urgjente","4","0.004994","sipas, raporti","3","0.003745","mund të"
"true_1935","1935","0","real","155","6","945","4.97","25.83","90","854","0","0","11","6","0","0.0","0.0","1","0.006452","0.053455","0","65","6","71","0.075132","0","","0","0.0","","0","0.0","","0","0.0",""
"true_1936","1936","0","real","146","7","852","4.47","20.86","120","731","0","0","11","0","0","0.0","0.0","5","0.034247","0.062787","0","65","0","65","0.076291","0","","0","0.0","","1","0.006849","sipas","0","0.0",""
"true_1937","1937","0","real","371","16","2091","4.55","23.19","122","1968","0","0","24","0","0","0.0","0.0","0","0.0","0.013634","0","186","1","187","0.089431","0","","0","0.0","","0","0.0","","1","0.002695","mund të"
"true_1938","1938","0","real","428","30","2559","4.76","14.27","93","2465","0","1","16","0","0","0.0","0.002336","0","0.0","0.012273","0","208","5","213","0.083236","0","","0","0.0","","0","0.0","","2","0.004673","mund të"
"true_1939","1939","0","real","153","7","853","4.49","21.86","70","782","0","0","11","0","0","0.0","0.0","0","0.0","0.032023","0","47","2","49","0.057444","0","","0","0.0","","0","0.0","","0","0.0",""
"true_1940","1940","0","real","520","36","3332","5.22","14.44","93","3238","4","0","41","6","0","0.007692","0.0","5","0.009615","0.035741","0","207","7","214","0.064226","0","","0","0.0","","1","0.001923","ministria","1","0.001923","mund të"
"true_1941","1941","0","real","313","23","1880","4.86","13.61","117","1762","0","0","17","2","0","0.0","0.0","0","0.0","0.015789","0","161","6","167","0.08883","0","","0","0.0","","0","0.0","","3","0.009585","mund të"
"true_1942","1942","0","real","360","13","2419","5.57","27.69","90","2328","0","0","18","0","0","0.0","0.0","0","0.0","0.022433","0","151","5","156","0.064489","0","","0","0.0","","0","0.0","","3","0.008333","mund të"
"true_1943","1943","0","real","248","11","1600","5.27","22.55","78","1521","0","0","21","2","1","0.0","0.0","0","0.0","0.046815","0","115","8","123","0.076875","0","","0","0.0","","2","0.008065","sipas","1","0.004032","mund të"
"true_1944","1944","0","real","308","15","1772","4.67","20.53","81","1690","0","1","18","0","0","0.0","0.003247","0","0.0","0.015299","0","174","2","176","0.099323","0","","0","0.0","","0","0.0","","2","0.006494","mund të"
"true_1945","1945","0","real","214","11","1225","4.5","19.45","52","1172","0","0","11","2","0","0.0","0.0","0","0.0","0.040498","0","75","10","85","0.069388","0","","2","0.009346","e pabesueshme, nuk do ta besoni","0","0.0","","1","0.004673","mund të"
"true_1946","1946","0","real","144","7","847","4.8","20.57","58","788","0","0","10","0","0","0.0","0.0","0","0.0","0.027496","0","54","0","54","0.063754","0","","0","0.0","","0","0.0","","0","0.0",""
"true_1947","1947","0","real","223","11","1267","4.58","20.27","122","1144","0","0","8","2","0","0.0","0.0","0","0.0","0.03526","0","83","1","84","0.066298","0","","0","0.0","","0","0.0","","0","0.0",""
"true_1948","1948","0","real","118","6","691","4.75","19.67","63","627","0","0","8","2","0","0.0","0.0","0","0.0","0.0375","0","42","0","42","0.060781","0","","0","0.0","","0","0.0","","0","0.0",""
"true_1949","1949","0","real","188","6","1134","4.89","31.33","99","1034","0","0","13","4","0","0.0","0.0","1","0.005319","0.056831","0","79","4","83","0.073192","0","","0","0.0","","0","0.0","","1","0.005319","thuhet"
"true_1950","1950","0","real","463","31","2511","4.35","14.94","66","2444","0","0","12","0","0","0.0","0.0","0","0.0","0.020347","0","240","10","250","0.099562","0","","0","0.0","","0","0.0","","2","0.00432","mund të"
"true_1951","1951","0","real","212","9","1225","4.67","23.56","109","1115","0","0","3","4","0","0.0","0.0","8","0.037736","0.067745","0","119","5","124","0.101224","0","","0","0.0","","0","0.0","","1","0.004717","mund të"
"true_1952","1952","0","real","266","19","1547","4.7","14.0","66","1480","0","0","12","10","0","0.0","0.0","1","0.003759","0.058776","0","106","10","116","0.074984","0","","0","0.0","","1","0.003759","deklaroi","1","0.003759","mund të"
"true_1953","1953","0","real","297","41","2090","5.18","7.24","137","1952","0","0","10","0","0","0.0","0.0","2","0.006734","0.035111","0","120","2","122","0.058373","0","","0","0.0","","1","0.003367","raporti","0","0.0",""
"true_1954","1954","0","real","336","14","1869","4.46","24.0","99","1769","3","0","20","0","0","0.008929","0.0","1","0.002976","0.016689","0","167","4","171","0.091493","0","","0","0.0","","0","0.0","","5","0.014881","mund të"
"true_1955","1955","0","real","237","13","1400","4.72","18.23","74","1325","0","0","19","6","0","0.0","0.0","1","0.004219","0.05282","0","97","6","103","0.073571","0","","0","0.0","","2","0.008439","sipas, deklaroi","1","0.004219","thuhet"
"true_1956","1956","0","real","465","26","3085","5.53","17.88","100","2984","0","2","34","0","0","0.0","0.004301","0","0.0","0.012825","0","195","7","202","0.065478","0","","0","0.0","","0","0.0","","2","0.004301","mund të"
"true_1957","1957","0","real","193","10","1105","4.62","19.3","78","1026","0","0","9","0","0","0.0","0.0","0","0.0","0.037079","0","73","1","74","0.066968","0","","0","0.0","","1","0.005181","sipas","1","0.005181","mund të"
"true_1958","1958","0","real","170","9","1028","4.9","18.89","89","938","0","0","5","12","0","0.0","0.0","1","0.005882","0.066106","0","76","5","81","0.078794","0","","0","0.0","","1","0.005882","sipas","0","0.0",""
"true_1959","1959","0","real","130","7","763","4.77","18.57","50","712","0","0","11","0","0","0.0","0.0","0","0.0","0.024233","0","61","1","62","0.081258","0","","0","0.0","","0","0.0","","0","0.0",""
"true_1960","1960","0","real","305","12","1565","4.03","25.42","71","1493","0","0","17","6","0","0.0","0.0","1","0.003279","0.022764","0","121","7","128","0.081789","0","","0","0.0","","0","0.0","","0","0.0",""
"true_1961","1961","0","real","298","18","1779","4.83","16.56","96","1682","0","0","14","0","0","0.0","0.0","0","0.0","0.016667","0","150","5","155","0.087128","0","","0","0.0","","1","0.003356","studimi","9","0.030201","mund të"
"true_1962","1962","0","real","1315","64","7543","4.55","20.55","49","7493","1","1","56","2","1","0.00076","0.00076","11","0.008365","0.032237","0","611","16","627","0.083123","0","","0","0.0","","0","0.0","","4","0.003042","mund të"
"true_1963","1963","0","real","170","7","1000","4.74","24.29","134","865","0","0","6","4","0","0.0","0.0","0","0.0","0.03354","0","70","1","71","0.071","0","","0","0.0","","0","0.0","","0","0.0",""
"true_1964","1964","0","real","160","7","940","4.74","22.86","94","845","0","0","9","2","0","0.0","0.0","0","0.0","0.035573","0","59","3","62","0.065957","0","","0","0.0","","0","0.0","","0","0.0",""
"true_1965","1965","0","real","785","37","4479","4.49","21.22","93","4385","1","0","48","4","0","0.001274","0.0","4","0.005096","0.028117","0","320","11","331","0.0739","0","","0","0.0","","1","0.001274","sipas","3","0.003822","mund të"
"true_1966","1966","0","real","205","11","1211","4.81","18.64","94","1116","0","0","7","4","0","0.0","0.0","2","0.009756","0.049645","0","95","4","99","0.081751","0","","0","0.0","","0","0.0","","3","0.014634","mund të"
"true_1967","1967","0","real","142","5","868","4.98","28.4","71","796","0","0","12","4","0","0.0","0.0","0","0.0","0.039604","0","61","9","70","0.080645","0","","0","0.0","","0","0.0","","1","0.007042","mund të"
"true_1968","1968","0","real","74","5","487","5.41","14.8","67","419","0","0","5","0","0","0.0","0.0","2","0.027027","0.072682","0","21","0","21","0.043121","0","","0","0.0","","0","0.0","","0","0.0",""
"true_1969","1969","0","real","262","11","1478","4.58","23.82","48","1429","0","0","7","4","0","0.0","0.0","0","0.0","0.018349","0","128","1","129","0.08728","0","","0","0.0","","1","0.003817","sipas","2","0.007634","mund të"
"true_1970","1970","0","real","236","21","1344","4.52","11.24","61","1282","2","0","9","0","0","0.008475","0.0","0","0.0","0.022514","0","105","2","107","0.079613","0","","0","0.0","","0","0.0","","0","0.0",""
"true_1971","1971","0","real","233","11","1385","4.79","21.18","108","1276","0","0","14","8","0","0.0","0.0","0","0.0","0.023277","0","110","1","111","0.080144","0","","0","0.0","","0","0.0","","0","0.0",""
"true_1972","1972","0","real","1175","43","7520","5.31","27.33","85","7434","11","0","59","2","0","0.009362","0.0","29","0.024681","0.041065","0","555","6","561","0.074601","0","","0","0.0","","2","0.001702","sipas, ministria","6","0.005106","mund të"
"true_1973","1973","0","real","240","17","1480","4.94","14.12","32","1447","1","0","16","0","0","0.004167","0.0","0","0.0","0.014346","0","108","4","112","0.075676","0","","0","0.0","","0","0.0","","1","0.004167","mund të"
"true_1974","1974","0","real","224","8","1570","5.34","28.0","89","1480","0","0","23","0","0","0.0","0.0","3","0.013393","0.057741","0","68","3","71","0.045223","0","","0","0.0","","9","0.040179","sipas","0","0.0",""
"true_1975","1975","0","real","266","11","1603","4.91","24.18","117","1485","0","0","10","4","0","0.0","0.0","4","0.015038","0.042879","0","109","11","120","0.07486","0","","0","0.0","","1","0.003759","konfirmoi","0","0.0",""
"true_1976","1976","0","real","175","9","983","4.49","19.44","62","920","0","0","7","2","0","0.0","0.0","0","0.0","0.034483","0","92","0","92","0.093591","0","","0","0.0","","2","0.011429","policia","0","0.0",""
"true_1977","1977","0","real","138","5","795","4.56","27.6","79","715","0","0","7","0","0","0.0","0.0","1","0.007246","0.030207","0","55","0","55","0.069182","0","","0","0.0","","0","0.0","","0","0.0",""
"true_1978","1978","0","real","195","7","1164","4.86","27.86","63","1100","0","0","10","2","0","0.0","0.0","0","0.0","0.040426","0","79","2","81","0.069588","0","","0","0.0","","0","0.0","","0","0.0",""
"true_1979","1979","0","real","92","5","576","5.13","18.4","76","499","0","0","6","0","0","0.0","0.0","0","0.0","0.036093","0","41","2","43","0.074653","0","","0","0.0","","0","0.0","","0","0.0",""
"true_1980","1980","0","real","269","13","1670","5.03","20.69","100","1569","0","0","19","2","0","0.0","0.0","1","0.003717","0.045824","0","145","5","150","0.08982","0","","0","0.0","","0","0.0","","1","0.003717","mund të"
"true_1981","1981","0","real","176","7","1022","4.59","25.14","119","902","0","0","10","2","0","0.0","0.0","0","0.0","0.019802","0","84","5","89","0.087084","0","","0","0.0","","0","0.0","","0","0.0",""
"true_1982","1982","0","real","216","10","1278","4.78","21.6","110","1167","0","0","18","4","0","0.0","0.0","0","0.0","0.027106","0","125","0","125","0.097809","0","","0","0.0","","1","0.00463","sipas","0","0.0",""
"true_1983","1983","0","real","328","14","2128","5.23","23.43","54","2073","2","0","24","8","0","0.006098","0.0","12","0.036585","0.0629","0","131","0","131","0.06156","0","","0","0.0","","1","0.003049","sipas","2","0.006098","thuhet"
"true_1984","1984","0","real","130","7","784","4.93","18.57","44","739","0","0","11","0","0","0.0","0.0","0","0.0","0.026521","0","52","0","52","0.066327","0","","0","0.0","","0","0.0","","0","0.0",""
"true_1985","1985","0","real","704","30","4024","4.49","23.47","77","3946","0","0","46","24","0","0.0","0.0","0","0.0","0.04436","0","237","9","246","0.061133","0","","0","0.0","","0","0.0","","0","0.0",""
"true_1986","1986","0","real","132","7","908","5.76","18.86","56","851","0","0","12","2","0","0.0","0.0","1","0.007576","0.029024","0","61","0","61","0.067181","0","","0","0.0","","4","0.030303","sipas, policia","0","0.0",""
"true_1987","1987","0","real","157","9","976","5.01","17.44","68","907","0","0","3","2","0","0.0","0.0","1","0.006369","0.02799","0","68","1","69","0.070697","0","","0","0.0","","0","0.0","","0","0.0",""
"true_1988","1988","0","real","217","12","1292","4.87","18.08","65","1226","0","0","5","8","0","0.0","0.0","2","0.009217","0.05698","0","93","6","99","0.076625","0","","0","0.0","","2","0.009217","sipas","0","0.0",""
"true_1989","1989","0","real","562","27","3516","4.97","20.81","53","3462","0","0","47","6","0","0.0","0.0","7","0.012456","0.039828","0","258","2","260","0.073948","0","","0","0.0","","3","0.005338","sipas","1","0.001779","thuhet"
"true_1990","1990","0","real","303","18","1670","4.45","16.83","75","1594","4","1","9","0","0","0.013201","0.0033","0","0.0","0.014837","0","142","1","143","0.085629","0","","0","0.0","","0","0.0","","2","0.006601","mund të"
"true_1991","1991","0","real","272","15","1661","4.88","18.13","131","1529","0","2","10","16","0","0.0","0.007353","3","0.011029","0.036226","0","119","1","120","0.072246","0","","0","0.0","","0","0.0","","0","0.0",""
"true_1992","1992","0","real","121","7","671","4.44","17.29","38","632","0","0","7","4","0","0.0","0.0","1","0.008264","0.035382","0","48","0","48","0.071535","0","","0","0.0","","0","0.0","","0","0.0",""
"true_1993","1993","0","real","879","30","5623","5.26","29.3","67","5555","0","0","45","26","0","0.0","0.0","8","0.009101","0.02812","0","370","4","374","0.066513","0","","0","0.0","","7","0.007964","sipas, deklaroi, bëri të ditur","5","0.005688","mund të"
"true_1994","1994","0","real","417","15","2517","4.93","27.8","62","2454","0","0","10","12","1","0.0","0.0","0","0.0","0.026751","0","190","3","193","0.076679","0","","0","0.0","","0","0.0","","0","0.0",""
"true_1995","1995","0","real","637","30","4090","5.21","21.23","68","4021","3","0","30","18","0","0.00471","0.0","2","0.00314","0.035337","0","253","2","255","0.062347","0","","0","0.0","","1","0.00157","sipas","2","0.00314","mund të"
"true_1996","1996","0","real","754","32","4592","4.94","23.56","60","4531","0","0","27","30","0","0.0","0.0","10","0.013263","0.033351","0","344","9","353","0.076873","0","","0","0.0","","3","0.003979","sipas, studimi","2","0.002653","mund të"
"true_1997","1997","0","real","331","15","2022","4.98","22.07","65","1956","0","0","16","6","0","0.0","0.0","0","0.0","0.017011","0","156","3","159","0.078635","0","","0","0.0","","1","0.003021","sipas","7","0.021148","mund të"
"true_1998","1998","0","real","229","8","1489","5.41","28.62","61","1427","0","0","6","2","0","0.0","0.0","0","0.0","0.029079","0","83","3","86","0.057757","0","","0","0.0","","3","0.0131","raporti","1","0.004367","thuhet"
"true_1999","1999","0","real","273","12","1711","5.09","22.75","81","1629","0","0","6","6","0","0.0","0.0","0","0.0","0.023038","0","137","3","140","0.081823","0","","0","0.0","","0","0.0","","0","0.0",""
"true_2000","2000","0","real","1314","59","7852","4.85","22.27","49","7802","0","1","55","33","0","0.0","0.000761","2","0.001522","0.021661","0","641","4","645","0.082145","0","","0","0.0","","2","0.001522","sipas, ministria","14","0.010654","thuhet, mund të"
"fake_1","1","1","fake","67","2","422","5.21","33.5","76","345","0","0","2","0","0","0.0","0.0","0","0.0","0.008596","0","26","2","28","0.066351","0","","0","0.0","","0","0.0","","0","0.0",""
"fake_2","2","1","fake","88","6","518","4.67","14.67","115","402","0","2","4","0","0","0.0","0.022727","0","0.0","0.017032","0","46","0","46","0.088803","0","","0","0.0","","0","0.0","","1","0.011364","mund të"
"fake_3","3","1","fake","116","2","579","3.9","58.0","98","480","0","0","4","0","0","0.0","0.0","0","0.0","0.013274","0","11","0","11","0.018998","1","per","0","0.0","","0","0.0","","0","0.0",""
"fake_4","4","1","fake","83","3","511","4.71","27.67","70","440","0","0","6","0","0","0.0","0.0","0","0.0","0.02046","0","32","2","34","0.066536","0","","0","0.0","","0","0.0","","0","0.0",""
"fake_5","5","1","fake","58","3","346","4.81","19.33","40","305","0","0","3","0","0","0.0","0.0","1","0.017241","0.02518","0","17","0","17","0.049133","0","","0","0.0","","1","0.017241","sipas","0","0.0",""
"fake_6","6","1","fake","77","4","488","5.12","19.25","53","434","0","0","2","0","2","0.0","0.0","0","0.0","0.043147","0","36","0","36","0.07377","0","","0","0.0","","0","0.0","","0","0.0",""
"fake_7","7","1","fake","69","2","407","4.68","34.5","51","355","0","0","2","10","0","0.0","0.0","3","0.043478","0.105263","0","22","0","22","0.054054","0","","0","0.0","","0","0.0","","0","0.0",""
"fake_8","8","1","fake","77","1","418","4.32","77.0","96","321","0","0","5","0","0","0.0","0.0","0","0.0","0.126126","0","34","2","36","0.086124","0","","2","0.025974","e pabesueshme","0","0.0","","0","0.0",""
"fake_9","9","1","fake","82","6","435","4.17","13.67","91","343","0","0","5","0","0","0.0","0.0","3","0.036585","0.152493","0","27","2","29","0.066667","0","","0","0.0","","0","0.0","","0","0.0",""
"fake_10","10","1","fake","85","8","485","4.66","10.62","75","409","0","0","4","0","0","0.0","0.0","0","0.0","0.093434","0","27","0","27","0.05567","0","","0","0.0","","0","0.0","","0","0.0",""
"fake_11","11","1","fake","102","3","546","4.2","34.0","86","459","0","0","5","6","0","0.0","0.0","0","0.0","0.074766","0","40","3","43","0.078755","0","","0","0.0","","0","0.0","","0","0.0",""
"fake_12","12","1","fake","121","7","689","4.5","17.29","97","591","0","0","3","0","0","0.0","0.0","1","0.008264","0.082721","0","41","0","41","0.059507","0","","0","0.0","","0","0.0","","0","0.0",""
"fake_13","13","1","fake","80","2","420","4.17","40.0","77","342","0","0","3","0","0","0.0","0.0","0","0.0","0.008982","0","45","0","45","0.107143","0","","0","0.0","","0","0.0","","0","0.0",""
"fake_14","14","1","fake","69","5","399","4.7","13.8","47","351","0","2","1","0","0","0.0","0.028986","0","0.0","0.024691","0","39","0","39","0.097744","0","","0","0.0","","0","0.0","","1","0.014493","mund të"
"fake_15","15","1","fake","86","5","432","3.92","17.2","95","336","0","0","0","0","0","0.0","0.0","1","0.011628","0.074184","0","28","0","28","0.064815","0","","0","0.0","","0","0.0","","0","0.0",""
"fake_16","16","1","fake","79","3","433","4.34","26.33","91","341","0","0","3","0","3","0.0","0.0","2","0.025316","0.069971","0","28","0","28","0.064665","1","per","0","0.0","","0","0.0","","0","0.0",""
"fake_17","17","1","fake","68","5","428","5.21","13.6","60","367","0","2","2","0","0","0.0","0.029412","0","0.0","0.014124","0","23","1","24","0.056075","0","","0","0.0","","1","0.014706","raportoi","0","0.0",""
"fake_18","18","1","fake","86","3","563","5.38","28.67","87","475","0","0","4","0","0","0.0","0.0","0","0.0","0.04329","0","43","0","43","0.076377","0","","0","0.0","","1","0.011628","sipas","0","0.0",""
"fake_19","19","1","fake","69","3","412","4.64","23.0","55","356","0","0","5","2","0","0.0","0.0","0","0.0","0.015625","0","22","1","23","0.055825","0","","0","0.0","","0","0.0","","0","0.0",""
"fake_20","20","1","fake","86","5","518","4.85","17.2","84","433","2","0","3","2","0","0.023256","0.0","26","0.302326","0.334135","1","39","0","39","0.07529","0","","0","0.0","","1","0.011628","sipas","0","0.0",""
"fake_21","21","1","fake","92","3","526","4.42","30.67","87","438","0","0","5","0","0","0.0","0.0","0","0.0","0.027027","0","19","1","20","0.038023","0","","0","0.0","","0","0.0","","0","0.0",""
"fake_22","22","1","fake","323","36","2015","4.95","8.97","85","1929","0","0","12","2","1","0.0","0.0","13","0.040248","0.08015","0","0","4","4","0.001985","4","kosove, per, behet, kerkon","0","0.0","","1","0.003096","sipas","0","0.0",""
"fake_23","23","1","fake","78","11","445","4.55","7.09","66","378","0","0","3","0","1","0.0","0.0","0","0.0","0.039437","0","31","0","31","0.069663","0","","0","0.0","","0","0.0","","0","0.0",""
"fake_24","24","1","fake","66","10","326","3.83","6.6","91","234","0","0","4","0","1","0.0","0.0","1","0.015152","0.114625","0","18","0","18","0.055215","1","per","1","0.015152","nuk do ta besoni","0","0.0","","0","0.0",""
"fake_25","25","1","fake","146","5","852","4.62","29.2","94","757","0","0","10","2","0","0.0","0.0","0","0.0","0.034074","0","74","3","77","0.090376","0","","1","0.006849","e pabesueshme","0","0.0","","1","0.006849","mund të"
"fake_26","26","1","fake","111","6","669","4.71","18.5","83","585","2","0","8","4","0","0.018018","0.0","0","0.0","0.049713","0","55","0","55","0.082212","0","","0","0.0","","0","0.0","","0","0.0",""
"fake_27","27","1","fake","216","10","1129","4.18","21.6","79","1049","1","1","5","0","1","0.00463","0.00463","0","0.0","0.027685","0","100","0","100","0.088574","0","","0","0.0","","0","0.0","","2","0.009259","ndoshta, mund të"
"fake_28","28","1","fake","123","4","633","4.11","30.75","92","540","0","0","4","2","0","0.0","0.0","0","0.0","0.047525","0","57","5","62","0.097946","0","","0","0.0","","0","0.0","","0","0.0",""
"fake_29","29","1","fake","145","8","760","4.1","18.12","90","669","0","0","8","2","0","0.0","0.0","0","0.0","0.052101","0","54","0","54","0.071053","0","","0","0.0","","0","0.0","","0","0.0",""
"fake_30","30","1","fake","72","2","425","4.78","36.0","73","351","0","0","3","2","0","0.0","0.0","0","0.0","0.063953","0","38","0","38","0.089412","0","","0","0.0","","0","0.0","","0","0.0",""
"fake_31","31","1","fake","112","7","572","4.04","16.0","110","461","0","0","8","0","0","0.0","0.0","1","0.008929","0.086093","0","34","0","34","0.059441","1","nje","0","0.0","","0","0.0","","0","0.0",""
"fake_32","32","1","fake","83","4","508","5.02","20.75","93","414","0","0","6","0","0","0.0","0.0","1","0.012048","0.055156","0","32","0","32","0.062992","0","","0","0.0","","0","0.0","","0","0.0",""
"fake_33","33","1","fake","213","8","1196","4.43","26.62","64","1131","0","0","13","4","0","0.0","0.0","3","0.014085","0.042418","0","40","1","41","0.034281","3","eshte, per, nje","0","0.0","","0","0.0","","0","0.0",""
"fake_34","34","1","fake","103","6","508","3.86","17.17","117","390","0","1","4","2","0","0.0","0.009709","0","0.0","0.075377","0","52","0","52","0.102362","0","","0","0.0","","0","0.0","","0","0.0",""
"fake_35","35","1","fake","232","19","1400","4.91","12.21","82","1317","0","0","7","0","0","0.0","0.0","0","0.0","0.029825","0","126","8","134","0.095714","0","","0","0.0","","0","0.0","","1","0.00431","mund të"
"fake_36","36","1","fake","120","9","711","4.47","13.33","75","635","1","0","8","4","0","0.008333","0.0","0","0.0","0.054004","0","42","0","42","0.059072","1","per","0","0.0","","0","0.0","","1","0.008333","mund të"
"fake_37","37","1","fake","112","4","585","4.13","28.0","91","493","0","0","2","0","1","0.0","0.0","0","0.0","0.049676","0","26","3","29","0.049573","2","per, nje","0","0.0","","0","0.0","","0","0.0",""
"fake_38","38","1","fake","272","13","1612","4.74","20.92","60","1551","0","0","18","6","0","0.0","0.0","0","0.0","0.026377","0","130","5","135","0.083747","0","","0","0.0","","5","0.018382","policia","0","0.0",""
"fake_39","39","1","fake","105","8","596","4.5","13.12","69","526","0","0","3","0","0","0.0","0.0","0","0.0","0.044492","0","38","0","38","0.063758","0","","1","0.009524","e pabesueshme","1","0.009524","sipas","0","0.0",""
"fake_40","40","1","fake","137","4","762","4.5","34.25","77","684","0","0","7","0","0","0.0","0.0","0","0.0","0.035714","0","50","5","55","0.072178","0","","0","0.0","","0","0.0","","0","0.0",""
"fake_41","41","1","fake","38","1","220","4.53","38.0","69","150","0","0","3","0","1","0.0","0.0","0","0.0","0.081395","0","10","1","11","0.05","0","","0","0.0","","0","0.0","","0","0.0",""
"fake_42","42","1","fake","188","10","1003","4.17","18.8","80","922","1","1","6","2","0","0.005319","0.005319","1","0.005319","0.038265","0","107","2","109","0.108674","0","","0","0.0","","0","0.0","","0","0.0",""
"fake_43","43","1","fake","558","25","2931","4.15","22.32","143","2787","0","3","33","2","0","0.0","0.005376","0","0.0","0.023336","0","267","3","270","0.092119","0","","0","0.0","","1","0.001792","sipas","4","0.007168","thuhet, ndoshta, mund të"
"fake_44","44","1","fake","105","4","558","4.19","26.25","108","449","0","0","14","0","0","0.0","0.0","0","0.0","0.077273","0","44","0","44","0.078853","0","","0","0.0","","0","0.0","","0","0.0",""
"fake_45","45","1","fake","78","3","453","4.77","26.0","104","348","0","0","2","0","0","0.0","0.0","0","0.0","0.067204","0","37","0","37","0.081678","1","nje","0","0.0","","0","0.0","","1","0.012821","mund të"
"fake_46","46","1","fake","107","5","628","4.78","21.4","89","538","0","0","4","0","0","0.0","0.0","0","0.0","0.015656","0","41","0","41","0.065287","0","","0","0.0","","0","0.0","","1","0.009346","mendohet"
"fake_47","47","1","fake","180","8","981","4.34","22.5","87","893","1","0","12","0","0","0.005556","0.0","0","0.0","0.024297","0","83","0","83","0.084608","0","","0","0.0","","0","0.0","","0","0.0",""
"fake_48","48","1","fake","92","2","483","4.17","46.0","91","391","0","0","2","2","0","0.0","0.0","0","0.0","0.075916","0","35","1","36","0.074534","1","per","0","0.0","","0","0.0","","0","0.0",""
"fake_49","49","1","fake","66","1","345","3.94","66.0","76","268","0","0","2","4","1","0.0","0.0","0","0.0","0.038462","0","12","4","16","0.046377","0","","0","0.0","","0","0.0","","0","0.0",""
"fake_50","50","1","fake","94","2","507","4.23","47.0","91","415","0","0","1","6","3","0.0","0.0","5","0.053191","0.133166","0","5","0","5","0.009862","1","per","0","0.0","","0","0.0","","0","0.0",""
"fake_51","51","1","fake","156","8","827","4.15","19.5","99","727","0","0","6","8","0","0.0","0.0","1","0.00641","0.066563","0","51","0","51","0.061669","1","per","0","0.0","","0","0.0","","0","0.0",""
"fake_52","52","1","fake","109","4","594","4.28","27.25","67","526","0","0","3","0","0","0.0","0.0","2","0.018349","0.062099","0","28","1","29","0.048822","0","","0","0.0","","0","0.0","","0","0.0",""
"fake_53","53","1","fake","171","15","948","4.47","11.4","95","852","0","0","1","0","0","0.0","0.0","0","0.0","0.037958","0","40","0","40","0.042194","0","","0","0.0","","0","0.0","","0","0.0",""
"fake_54","54","1","fake","197","10","1239","5.18","19.7","63","1175","2","0","5","0","0","0.010152","0.0","0","0.0","0.02549","0","95","1","96","0.077482","0","","0","0.0","","0","0.0","","2","0.010152","mund të"
"fake_55","55","1","fake","170","8","917","4.25","21.25","52","864","0","0","7","7","0","0.0","0.0","0","0.0","0.036011","0","64","0","64","0.069793","0","","0","0.0","","0","0.0","","0","0.0",""
"fake_56","56","1","fake","230","10","1375","4.86","23.0","58","1316","0","1","12","4","0","0.0","0.004348","1","0.004348","0.024172","0","95","0","95","0.069091","0","","0","0.0","","0","0.0","","2","0.008696","ndoshta, mund të"
"fake_57","57","1","fake","188","23","1030","4.39","8.17","91","938","0","0","9","2","0","0.0","0.0","0","0.0","0.035194","0","61","4","65","0.063107","1","eshte","0","0.0","","0","0.0","","0","0.0",""
"fake_58","58","1","fake","117","2","597","4.02","58.5","98","498","0","0","4","0","0","0.0","0.0","3","0.025641","0.091684","0","27","0","27","0.045226","0","","0","0.0","","0","0.0","","0","0.0",""
"fake_59","59","1","fake","70","3","458","5.41","23.33","57","400","0","0","4","0","0","0.0","0.0","1","0.014286","0.05277","0","30","0","30","0.065502","0","","0","0.0","","0","0.0","","0","0.0",""
"fake_60","60","1","fake","99","7","509","3.97","14.14","84","424","2","0","4","0","2","0.020202","0.0","0","0.0","0.030534","0","38","0","38","0.074656","0","","0","0.0","","0","0.0","","0","0.0",""
"fake_61","61","1","fake","135","7","757","4.5","19.29","78","678","0","3","5","4","0","0.0","0.022222","0","0.0","0.069079","0","18","1","19","0.025099","1","nje","0","0.0","","0","0.0","","0","0.0",""
"fake_62","62","1","fake","91","5","477","3.96","18.2","106","370","0","0","4","2","0","0.0","0.0","11","0.120879","0.213889","0","21","0","21","0.044025","1","cfare","0","0.0","","0","0.0","","0","0.0",""
"fake_63","63","1","fake","54","2","298","4.48","27.0","47","250","0","0","1","0","0","0.0","0.0","10","0.185185","0.280992","0","19","0","19","0.063758","0","","0","0.0","","0","0.0","","1","0.018519","mendohet"
"fake_64","64","1","fake","75","6","352","3.57","12.5","90","261","2","0","4","0","2","0.026667","0.0","0","0.0","0.145522","0","23","0","23","0.065341","0","","0","0.0","","0","0.0","","0","0.0",""
"fake_65","65","1","fake","95","7","485","3.95","13.57","94","390","2","2","4","6","0","0.021053","0.021053","0","0.0","0.12","0","34","3","37","0.076289","1","per","0","0.0","","0","0.0","","0","0.0",""
"fake_66","66","1","fake","107","4","582","4.24","26.75","79","502","0","0","7","5","2","0.0","0.0","0","0.0","0.090308","0","43","1","44","0.075601","0","","0","0.0","","0","0.0","","0","0.0",""
"fake_67","67","1","fake","66","3","347","4.02","22.0","86","260","0","0","0","0","2","0.0","0.0","2","0.030303","0.162264","0","16","1","17","0.048991","0","","0","0.0","","0","0.0","","0","0.0",""
"fake_68","68","1","fake","121","6","681","4.43","20.17","135","545","0","0","4","0","2","0.0","0.0","0","0.0","0.104478","0","49","2","51","0.07489","0","","0","0.0","","0","0.0","","0","0.0",""
"fake_69","69","1","fake","91","7","536","4.66","13.0","76","459","0","0","5","8","0","0.0","0.0","0","0.0","0.07783","0","30","0","30","0.05597","0","","0","0.0","","0","0.0","","0","0.0",""
"fake_70","70","1","fake","93","3","629","5.48","31.0","97","531","0","0","4","1","0","0.0","0.0","2","0.021505","0.078431","0","40","0","40","0.063593","0","","0","0.0","","1","0.010753","sipas","0","0.0",""
"fake_71","71","1","fake","118","7","678","4.53","16.86","93","584","0","0","9","6","0","0.0","0.0","0","0.0","0.086142","0","36","0","36","0.053097","0","","0","0.0","","2","0.016949","sipas","0","0.0",""
"fake_72","72","1","fake","103","5","675","5.35","20.6","98","576","0","3","3","0","0","0.0","0.029126","0","0.0","0.068966","0","36","3","39","0.057778","0","","2","0.019417","skandal","1","0.009709","deklaroi","0","0.0",""
"fake_73","73","1","fake","83","3","459","4.28","27.67","70","388","0","0","5","0","0","0.0","0.0","0","0.0","0.087324","0","32","0","32","0.069717","0","","0","0.0","","0","0.0","","0","0.0",""
"fake_74","74","1","fake","90","8","525","4.67","11.25","61","463","1","0","4","0","0","0.011111","0.0","0","0.0","0.069048","0","24","0","24","0.045714","0","","0","0.0","","0","0.0","","0","0.0",""
"fake_75","75","1","fake","81","5","487","4.83","16.2","66","420","0","0","1","0","2","0.0","0.0","0","0.0","0.081841","0","37","1","38","0.078029","0","","0","0.0","","0","0.0","","1","0.012346","ndoshta"
"fake_76","76","1","fake","135","11","724","4.13","12.27","85","638","0","6","9","6","0","0.0","0.044444","0","0.0","0.103943","0","24","6","30","0.041436","0","","0","0.0","","0","0.0","","0","0.0",""
"fake_77","77","1","fake","120","3","612","4.05","40.0","95","516","0","0","3","2","0","0.0","0.0","0","0.0","0.055556","0","36","0","36","0.058824","1","per","0","0.0","","0","0.0","","0","0.0",""
"fake_78","78","1","fake","127","4","686","4.31","31.75","79","606","1","0","6","0","1","0.007874","0.0","0","0.0","0.040146","0","49","1","50","0.072886","0","","0","0.0","","0","0.0","","0","0.0",""
"fake_79","79","1","fake","132","4","671","3.98","33.0","79","591","0","0","6","2","0","0.0","0.0","0","0.0","0.04381","0","45","2","47","0.070045","1","per","0","0.0","","0","0.0","","0","0.0",""
"fake_80","80","1","fake","98","4","551","4.54","24.5","71","479","0","1","3","2","0","0.0","0.010204","0","0.0","0.049438","0","34","3","37","0.067151","1","per","0","0.0","","0","0.0","","0","0.0",""
"fake_81","81","1","fake","140","4","691","3.86","35.0","86","604","0","0","3","2","0","0.0","0.0","0","0.0","0.046211","0","57","0","57","0.082489","1","per","0","0.0","","1","0.007143","sipas","0","0.0",""
"fake_82","82","1","fake","104","2","581","4.53","52.0","79","501","0","0","3","0","0","0.0","0.0","0","0.0","0.065957","0","28","2","30","0.051635","1","per","0","0.0","","1","0.009615","sipas","0","0.0",""
"fake_83","83","1","fake","127","3","649","4.03","42.33","108","540","0","0","6","2","0","0.0","0.0","0","0.0","0.072407","0","26","2","28","0.043143","1","per","0","0.0","","0","0.0","","0","0.0",""
"fake_84","84","1","fake","100","4","521","4.16","25.0","76","444","1","1","2","0","0","0.01","0.01","0","0.0","0.072115","0","29","5","34","0.065259","1","per","0","0.0","","0","0.0","","0","0.0",""
"fake_85","85","1","fake","164","7","920","4.43","23.43","62","857","1","1","9","0","0","0.006098","0.006098","2","0.012195","0.045392","0","75","0","75","0.081522","1","per","0","0.0","","1","0.006098","sipas","0","0.0",""
"fake_86","86","1","fake","94","3","493","4.07","31.33","60","432","0","0","7","4","0","0.0","0.0","0","0.0","0.049608","0","28","0","28","0.056795","1","per","0","0.0","","0","0.0","","0","0.0",""
"fake_87","87","1","fake","115","4","575","3.92","28.75","105","469","0","0","2","2","0","0.0","0.0","0","0.0","0.050998","0","34","5","39","0.067826","1","per","0","0.0","","0","0.0","","1","0.008696","mund të"
"fake_88","88","1","fake","127","3","723","4.62","42.33","88","634","0","0","6","2","0","0.0","0.0","0","0.0","0.066667","0","30","2","32","0.04426","1","per","0","0.0","","0","0.0","","0","0.0",""
"fake_89","89","1","fake","139","4","727","4.15","34.75","93","633","0","0","7","0","0","0.0","0.0","0","0.0","0.032929","0","47","1","48","0.066025","0","","0","0.0","","0","0.0","","0","0.0",""
"fake_90","90","1","fake","129","8","761","4.78","16.12","64","696","2","0","8","0","1","0.015504","0.0","0","0.0","0.017886","0","65","3","68","0.089356","0","","0","0.0","","0","0.0","","0","0.0",""
"fake_91","91","1","fake","173","6","884","4.04","28.83","48","835","0","0","12","0","0","0.0","0.0","0","0.0","0.010014","0","94","2","96","0.108597","0","","0","0.0","","0","0.0","","0","0.0",""
"fake_92","92","1","fake","125","5","656","4.18","25.0","74","581","0","0","6","0","0","0.0","0.0","0","0.0","0.01912","0","53","3","56","0.085366","0","","0","0.0","","0","0.0","","0","0.0",""
"fake_93","93","1","fake","115","5","633","4.37","23.0","44","588","0","0","6","0","0","0.0","0.0","1","0.008696","0.051793","0","68","1","69","0.109005","0","","0","0.0","","0","0.0","","0","0.0",""
"fake_94","94","1","fake","136","7","728","4.27","19.43","83","644","1","0","5","0","0","0.007353","0.0","0","0.0","0.043029","0","59","2","61","0.083791","0","","0","0.0","","2","0.014706","sipas","1","0.007353","dyshohet"
"fake_95","95","1","fake","111","9","603","4.37","12.33","99","503","0","0","4","0","0","0.0","0.0","0","0.0","0.05567","0","61","4","65","0.107794","0","","0","0.0","","0","0.0","","0","0.0",""
"fake_96","96","1","fake","47","4","263","4.26","11.75","93","169","0","0","2","0","2","0.0","0.0","0","0.0","0.12","0","4","2","6","0.022814","1","cfare","2","0.042553","nuk do ta besoni","0","0.0","","0","0.0",""
"fake_97","97","1","fake","195","20","1098","4.28","9.75","79","1018","0","0","9","18","1","0.0","0.0","0","0.0","0.05509","0","66","2","68","0.061931","0","","0","0.0","","0","0.0","","0","0.0",""
"fake_98","98","1","fake","98","6","520","4.23","16.33","65","454","1","0","5","0","0","0.010204","0.0","0","0.0","0.050602","0","43","6","49","0.094231","0","","0","0.0","","0","0.0","","0","0.0",""
"fake_99","99","1","fake","109","8","584","4.21","13.62","79","504","0","0","5","0","0","0.0","0.0","0","0.0","0.043573","0","29","4","33","0.056507","0","","0","0.0","","0","0.0","","0","0.0",""
"fake_100","100","1","fake","75","9","416","4.37","8.33","54","361","0","0","5","2","2","0.0","0.0","0","0.0","0.079511","0","29","1","30","0.072115","0","","0","0.0","","0","0.0","","0","0.0",""
"fake_101","101","1","fake","163","8","888","4.31","20.38","106","781","0","0","10","4","0","0.0","0.0","1","0.006135","0.058571","0","58","1","59","0.066441","0","","0","0.0","","0","0.0","","0","0.0",""
"fake_102","102","1","fake","103","10","574","4.47","10.3","68","505","1","0","5","0","1","0.009709","0.0","0","0.0","0.03913","0","32","0","32","0.055749","0","","0","0.0","","0","0.0","","0","0.0",""
"fake_103","103","1","fake","110","6","624","4.51","18.33","80","543","2","0","5","0","0","0.018182","0.0","2","0.018182","0.072581","0","35","1","36","0.057692","0","","0","0.0","","0","0.0","","0","0.0",""
"fake_104","104","1","fake","92","2","483","4.17","46.0","91","391","0","0","2","2","0","0.0","0.0","0","0.0","0.075916","0","35","1","36","0.074534","1","per","0","0.0","","0","0.0","","0","0.0",""
"fake_105","105","1","fake","98","3","575","4.76","32.67","73","501","1","0","2","2","0","0.010204","0.0","0","0.0","0.051502","0","42","2","44","0.076522","0","","0","0.0","","0","0.0","","0","0.0",""
"fake_106","106","1","fake","104","9","584","4.49","11.56","92","491","0","0","7","0","0","0.0","0.0","0","0.0","0.014989","0","39","3","42","0.071918","0","","0","0.0","","0","0.0","","0","0.0",""
"fake_107","107","1","fake","102","3","599","4.78","34.0","65","533","0","0","5","0","0","0.0","0.0","0","0.0","0.069672","0","48","4","52","0.086811","0","","0","0.0","","0","0.0","","0","0.0",""
"fake_108","108","1","fake","122","5","613","3.95","24.4","70","542","0","0","4","0","0","0.0","0.0","0","0.0","0.072614","0","44","0","44","0.071778","0","","0","0.0","","0","0.0","","4","0.032787","mund të"
"fake_109","109","1","fake","104","4","609","4.65","26.0","64","544","0","0","6","2","2","0.0","0.0","1","0.009615","0.086777","0","29","0","29","0.047619","2","per, nje","0","0.0","","0","0.0","","0","0.0",""
"fake_110","110","1","fake","66","1","345","3.94","66.0","76","268","0","0","2","4","1","0.0","0.0","0","0.0","0.038462","0","12","4","16","0.046377","0","","0","0.0","","0","0.0","","0","0.0",""
"fake_111","111","1","fake","116","4","625","4.23","29.0","97","527","0","0","3","10","0","0.0","0.0","0","0.0","0.040816","0","43","3","46","0.0736","0","","0","0.0","","0","0.0","","0","0.0",""
"fake_112","112","1","fake","90","4","585","4.96","22.5","82","502","0","0","10","0","1","0.0","0.0","15","0.166667","0.195067","0","6","4","10","0.017094","1","per","0","0.0","","0","0.0","","0","0.0",""
"fake_113","113","1","fake","123","6","656","4.3","20.5","62","593","0","0","2","0","1","0.0","0.0","0","0.0","0.034026","0","37","4","41","0.0625","0","","0","0.0","","0","0.0","","0","0.0",""
"fake_114","114","1","fake","86","4","442","4.03","21.5","90","351","2","0","3","0","2","0.023256","0.0","0","0.0","0.089337","0","26","0","26","0.058824","0","","0","0.0","","0","0.0","","0","0.0",""
"fake_115","115","1","fake","97","4","555","4.57","24.25","81","473","0","0","0","0","1","0.0","0.0","0","0.0","0.022573","0","28","0","28","0.05045","0","","0","0.0","","0","0.0","","0","0.0",""
"fake_116","116","1","fake","96","4","535","4.47","24.0","50","484","0","0","4","0","1","0.0","0.0","0","0.0","0.084112","0","31","1","32","0.059813","0","","0","0.0","","0","0.0","","0","0.0",""
"fake_117","117","1","fake","80","2","425","4.22","40.0","64","360","0","0","1","0","2","0.0","0.0","0","0.0","0.011834","0","3","0","3","0.007059","1","per","0","0.0","","0","0.0","","0","0.0",""
"fake_118","118","1","fake","105","4","608","4.67","26.25","115","492","0","0","3","0","0","0.0","0.0","0","0.0","0.022449","0","40","0","40","0.065789","0","","0","0.0","","0","0.0","","0","0.0",""
"fake_119","119","1","fake","74","2","416","4.41","37.0","71","344","0","0","6","2","0","0.0","0.0","2","0.027027","0.046012","0","19","0","19","0.045673","0","","0","0.0","","0","0.0","","0","0.0",""
"fake_120","120","1","fake","91","3","517","4.49","30.33","82","434","0","0","5","4","0","0.0","0.0","0","0.0","0.026895","0","26","1","27","0.052224","2","eshte, per","0","0.0","","0","0.0","","0","0.0",""
"fake_121","121","1","fake","109","5","636","4.73","21.8","89","546","0","0","4","0","0","0.0","0.0","0","0.0","0.017442","0","41","0","41","0.064465","0","","0","0.0","","0","0.0","","1","0.009174","mendohet"
"fake_122","122","1","fake","117","5","632","4.27","23.4","76","555","0","0","3","2","0","0.0","0.0","0","0.0","0.012","0","47","3","50","0.079114","0","","0","0.0","","0","0.0","","0","0.0",""
"fake_123","123","1","fake","121","5","652","4.29","24.2","79","572","0","0","4","0","0","0.0","0.0","0","0.0","0.013487","0","47","5","52","0.079755","0","","0","0.0","","0","0.0","","1","0.008264","mund të"
"fake_124","124","1","fake","95","6","531","4.39","15.83","82","448","0","0","9","0","0","0.0","0.0","2","0.021053","0.079137","0","18","2","20","0.037665","1","per","0","0.0","","0","0.0","","0","0.0",""
"fake_125","125","1","fake","100","2","498","3.95","50.0","98","399","0","0","1","0","0","0.0","0.0","0","0.0","0.063291","0","23","1","24","0.048193","1","per","0","0.0","","0","0.0","","0","0.0",""
"fake_126","126","1","fake","161","5","861","4.2","32.2","94","766","0","0","6","2","0","0.0","0.0","0","0.0","0.042836","0","54","2","56","0.065041","1","per","0","0.0","","0","0.0","","1","0.006211","mund të"
"fake_127","127","1","fake","74","3","402","4.36","24.67","80","321","0","0","2","0","0","0.0","0.0","0","0.0","0.058824","0","16","1","17","0.042289","1","per","0","0.0","","0","0.0","","0","0.0",""
"fake_128","128","1","fake","127","3","667","4.18","42.33","95","571","0","0","6","0","0","0.0","0.0","0","0.0","0.052731","0","41","2","43","0.064468","1","per","0","0.0","","0","0.0","","0","0.0",""
"fake_129","129","1","fake","155","5","792","4.01","31.0","68","723","0","0","12","0","0","0.0","0.0","0","0.0","0.040258","0","33","2","35","0.044192","1","per","0","0.0","","0","0.0","","0","0.0",""
"fake_130","130","1","fake","138","4","794","4.67","34.5","80","713","0","0","7","4","0","0.0","0.0","2","0.014493","0.090062","0","41","0","41","0.051637","1","per","0","0.0","","0","0.0","","1","0.007246","thuhet"
"fake_131","131","1","fake","104","7","576","4.19","14.86","96","479","0","0","5","8","0","0.0","0.0","0","0.0","0.068966","0","22","4","26","0.045139","0","","0","0.0","","0","0.0","","0","0.0",""
"fake_132","132","1","fake","81","2","499","4.8","40.5","85","413","0","0","8","0","0","0.0","0.0","0","0.0","0.007712","0","46","0","46","0.092184","0","","0","0.0","","1","0.012346","sipas","0","0.0",""
"fake_133","133","1","fake","73","3","429","4.7","24.33","77","351","0","0","6","0","0","0.0","0.0","1","0.013699","0.029155","0","37","0","37","0.086247","0","","0","0.0","","1","0.013699","studimi","0","0.0",""
"fake_134","134","1","fake","117","4","638","4.38","29.25","68","569","0","0","0","2","1","0.0","0.0","0","0.0","0.039062","0","49","0","49","0.076803","1","per","0","0.0","","0","0.0","","0","0.0",""
"fake_135","135","1","fake","108","3","628","4.57","36.0","110","517","0","0","8","2","0","0.0","0.0","2","0.018519","0.040486","0","45","0","45","0.071656","0","","0","0.0","","0","0.0","","0","0.0",""
"fake_136","136","1","fake","85","4","459","4.15","21.25","93","365","0","1","1","0","0","0.0","0.011765","2","0.023529","0.050992","0","43","2","45","0.098039","1","per","0","0.0","","0","0.0","","1","0.011765","mund të"
"fake_137","137","1","fake","69","3","402","4.72","23.0","62","339","0","0","4","2","0","0.0","0.0","1","0.014493","0.052147","0","17","0","17","0.042289","1","per","0","0.0","","0","0.0","","0","0.0",""
"fake_138","138","1","fake","148","50","643","3.18","2.96","114","528","0","0","6","0","0","0.0","0.0","1","0.006757","0.025478","0","26","2","28","0.043546","1","per","0","0.0","","0","0.0","","0","0.0",""
"fake_139","139","1","fake","67","2","424","5.22","33.5","62","361","0","0","6","0","0","0.0","0.0","0","0.0","0.048851","0","34","0","34","0.080189","0","","0","0.0","","0","0.0","","1","0.014925","mund të"
"fake_140","140","1","fake","126","5","696","4.39","25.2","71","624","0","0","9","6","1","0.0","0.0","1","0.007937","0.038043","0","54","0","54","0.077586","0","","0","0.0","","0","0.0","","0","0.0",""
"fake_141","141","1","fake","377","25","2136","4.57","15.08","102","2033","0","1","11","0","0","0.0","0.002653","0","0.0","0.019153","0","198","3","201","0.094101","0","","0","0.0","","1","0.002653","sipas","1","0.002653","mund të"
"fake_142","142","1","fake","228","14","1307","4.65","16.29","84","1222","0","0","10","2","0","0.0","0.0","1","0.004386","0.024528","0","100","1","101","0.077276","0","","0","0.0","","1","0.004386","sipas","0","0.0",""
"fake_143","143","1","fake","71","4","390","4.42","17.75","79","310","0","0","4","0","0","0.0","0.0","1","0.014085","0.066879","0","34","2","36","0.092308","0","","0","0.0","","0","0.0","","0","0.0",""
"fake_144","144","1","fake","129","6","715","4.36","21.5","66","648","0","0","8","4","0","0.0","0.0","0","0.0","0.02669","0","57","4","61","0.085315","0","","0","0.0","","0","0.0","","0","0.0",""
"fake_145","145","1","fake","95","8","512","4.09","11.88","92","419","0","0","6","4","0","0.0","0.0","0","0.0","0.100257","0","36","3","39","0.076172","0","","0","0.0","","0","0.0","","0","0.0",""
"fake_146","146","1","fake","105","5","582","4.45","21.0","43","538","0","0","6","0","2","0.0","0.0","0","0.0","0.057816","0","36","3","39","0.06701","0","","0","0.0","","0","0.0","","0","0.0",""
"fake_147","147","1","fake","154","7","867","4.46","22.0","76","790","0","0","3","0","0","0.0","0.0","2","0.012987","0.074344","0","77","4","81","0.093426","0","","0","0.0","","0","0.0","","0","0.0",""
"fake_148","148","1","fake","77","3","480","5.17","25.67","45","434","0","0","0","0","0","0.0","0.0","0","0.0","0.040201","0","31","3","34","0.070833","0","","0","0.0","","0","0.0","","0","0.0",""
"fake_149","149","1","fake","93","5","560","4.88","18.6","59","500","0","0","6","2","0","0.0","0.0","0","0.0","0.064018","0","37","0","37","0.066071","0","","0","0.0","","0","0.0","","1","0.010753","thuhet"
"fake_150","150","1","fake","96","6","534","4.41","16.0","68","465","0","0","4","0","0","0.0","0.0","0","0.0","0.07565","0","44","2","46","0.086142","0","","0","0.0","","0","0.0","","0","0.0",""
"fake_151","151","1","fake","99","3","603","4.99","33.0","105","497","0","0","2","2","0","0.0","0.0","0","0.0","0.068826","0","57","1","58","0.096186","0","","0","0.0","","0","0.0","","1","0.010101","mund të"
"fake_152","152","1","fake","97","5","560","4.61","19.4","95","464","0","0","7","0","0","0.0","0.0","0","0.0","0.100897","0","31","4","35","0.0625","1","nje","0","0.0","","0","0.0","","0","0.0",""
"fake_153","153","1","fake","105","7","542","3.96","15.0","82","459","0","0","3","0","2","0.0","0.0","0","0.0","0.091346","0","47","0","47","0.086716","0","","0","0.0","","0","0.0","","0","0.0",""
"fake_154","154","1","fake","97","5","537","4.3","19.4","105","431","2","0","4","2","2","0.020619","0.0","0","0.0","0.038369","0","36","3","39","0.072626","0","","0","0.0","","0","0.0","","0","0.0",""
"fake_155","155","1","fake","105","10","551","4.05","10.5","109","441","0","0","4","2","0","0.0","0.0","0","0.0","0.011765","0","27","2","29","0.052632","1","per","0","0.0","","1","0.009524","sipas","0","0.0",""
"fake_156","156","1","fake","97","8","592","4.86","12.12","82","509","0","0","10","0","0","0.0","0.0","3","0.030928","0.057325","0","21","3","24","0.040541","1","per","0","0.0","","0","0.0","","0","0.0",""
"fake_157","157","1","fake","93","12","539","4.6","7.75","101","437","0","1","4","0","0","0.0","0.010753","0","0.0","0.016355","0","13","0","13","0.024119","2","eshte, per","0","0.0","","0","0.0","","0","0.0",""
"fake_158","158","1","fake","121","4","677","4.5","30.25","105","571","0","0","3","0","0","0.0","0.0","0","0.0","0.040441","0","27","1","28","0.041359","0","","0","0.0","","0","0.0","","0","0.0",""
"fake_159","159","1","fake","103","5","586","4.47","20.6","94","491","0","0","6","2","0","0.0","0.0","0","0.0","0.021739","0","41","1","42","0.071672","0","","0","0.0","","0","0.0","","0","0.0",""
"fake_160","160","1","fake","71","4","444","5.04","17.75","78","365","0","0","6","0","0","0.0","0.0","1","0.014085","0.041899","0","24","0","24","0.054054","0","","0","0.0","","0","0.0","","0","0.0",""
"fake_161","161","1","fake","89","11","501","4.52","8.09","93","407","2","0","3","0","0","0.022472","0.0","0","0.0","0.049751","0","18","0","18","0.035928","0","","0","0.0","","0","0.0","","0","0.0",""
"fake_162","162","1","fake","66","2","386","4.67","33.0","54","331","0","0","5","0","2","0.0","0.0","0","0.0","0.016234","0","23","1","24","0.062176","0","","0","0.0","","0","0.0","","0","0.0",""
"fake_163","163","1","fake","87","7","550","5.15","12.43","78","471","2","0","5","0","0","0.022989","0.0","2","0.022989","0.065315","0","19","3","22","0.04","0","","0","0.0","","0","0.0","","0","0.0",""
"fake_164","164","1","fake","73","3","402","4.15","24.33","90","311","0","2","2","0","1","0.0","0.027397","0","0.0","0.108911","0","24","2","26","0.064677","1","per","0","0.0","","0","0.0","","0","0.0",""
"fake_165","165","1","fake","91","5","471","3.99","18.2","109","361","0","0","3","0","2","0.0","0.0","0","0.0","0.130194","0","21","3","24","0.050955","1","per","0","0.0","","0","0.0","","0","0.0",""
"fake_166","166","1","fake","73","2","408","4.48","36.5","75","332","0","0","3","0","2","0.0","0.0","0","0.0","0.08589","0","10","0","10","0.02451","2","per, nje","0","0.0","","0","0.0","","0","0.0",""
"fake_167","167","1","fake","119","7","696","4.81","17.0","70","625","0","1","3","0","0","0.0","0.008403","1","0.008403","0.054386","0","47","1","48","0.068966","1","per","0","0.0","","0","0.0","","0","0.0",""
"fake_168","168","1","fake","76","2","387","3.99","38.0","81","305","0","0","2","0","2","0.0","0.0","0","0.0","0.079208","0","5","0","5","0.01292","1","per","0","0.0","","0","0.0","","0","0.0",""
"fake_169","169","1","fake","98","3","479","3.84","32.67","48","430","0","0","3","0","1","0.0","0.0","0","0.0","0.045213","0","28","2","30","0.06263","1","per","0","0.0","","0","0.0","","0","0.0",""
"fake_170","170","1","fake","139","5","700","3.92","27.8","72","627","0","0","9","2","0","0.0","0.0","0","0.0","0.036697","0","51","2","53","0.075714","1","per","0","0.0","","0","0.0","","0","0.0",""
"fake_171","171","1","fake","151","10","777","3.93","15.1","117","659","0","0","11","10","0","0.0","0.0","0","0.0","0.060708","0","44","0","44","0.056628","1","per","0","0.0","","0","0.0","","0","0.0",""
"fake_172","172","1","fake","118","3","621","4.13","39.33","82","538","0","0","6","6","0","0.0","0.0","0","0.0","0.055441","0","28","0","28","0.045089","1","per","0","0.0","","0","0.0","","0","0.0",""
"fake_173","173","1","fake","105","3","541","4.08","35.0","97","443","0","0","2","0","0","0.0","0.0","0","0.0","0.049065","0","30","1","31","0.057301","1","per","0","0.0","","0","0.0","","0","0.0",""
"fake_174","174","1","fake","97","3","495","3.96","32.33","120","374","0","0","4","0","0","0.0","0.0","2","0.020619","0.109375","0","18","1","19","0.038384","1","per","0","0.0","","0","0.0","","0","0.0",""
"fake_175","175","1","fake","91","8","506","4.44","11.38","87","418","0","0","3","0","0","0.0","0.0","0","0.0","0.049505","0","33","0","33","0.065217","0","","0","0.0","","0","0.0","","0","0.0",""
"fake_176","176","1","fake","107","5","613","4.62","21.4","77","535","2","0","3","0","0","0.018692","0.0","1","0.009346","0.018219","0","28","0","28","0.045677","1","per","0","0.0","","1","0.009346","sipas","0","0.0",""
"fake_177","177","1","fake","85","4","492","4.61","21.25","61","430","1","0","1","2","0","0.011765","0.0","0","0.0","0.064267","0","27","0","27","0.054878","0","","0","0.0","","0","0.0","","3","0.035294","thuhet, mund të"
"fake_178","178","1","fake","93","6","508","4.34","15.5","67","440","0","0","3","3","1","0.0","0.0","3","0.032258","0.069307","0","26","0","26","0.051181","1","per","0","0.0","","0","0.0","","0","0.0",""
"fake_179","179","1","fake","96","4","577","4.89","24.0","76","500","1","0","7","1","0","0.010417","0.0","3","0.03125","0.059701","0","36","2","38","0.065858","1","per","0","0.0","","0","0.0","","0","0.0",""
"fake_180","180","1","fake","84","4","489","4.67","21.0","79","409","0","0","4","4","0","0.0","0.0","3","0.035714","0.091837","0","19","0","19","0.038855","1","per","0","0.0","","0","0.0","","0","0.0",""
"fake_181","181","1","fake","94","3","543","4.67","31.33","54","488","0","0","8","2","1","0.0","0.0","0","0.0","0.061503","0","37","0","37","0.06814","0","","0","0.0","","0","0.0","","0","0.0",""
"fake_182","182","1","fake","102","4","638","5.18","25.5","68","569","0","0","6","0","0","0.0","0.0","0","0.0","0.035985","0","46","0","46","0.0721","0","","0","0.0","","0","0.0","","0","0.0",""
"fake_183","183","1","fake","98","4","573","4.81","24.5","90","482","0","0","2","2","0","0.0","0.0","0","0.0","0.040426","0","26","3","29","0.050611","1","cfare","0","0.0","","0","0.0","","0","0.0",""
"fake_184","184","1","fake","107","6","602","4.58","17.83","99","502","2","0","5","0","0","0.018692","0.0","0","0.0","0.044898","0","32","0","32","0.053156","0","","2","0.018692","nuk do ta besoni","1","0.009346","policia","0","0.0",""
"fake_185","185","1","fake","247","12","1324","4.21","20.58","95","1228","3","1","13","0","0","0.012146","0.004049","0","0.0","0.027885","0","106","5","111","0.083837","1","per","0","0.0","","0","0.0","","0","0.0",""
"fake_186","186","1","fake","76","5","476","5.01","15.2","90","385","0","2","5","8","0","0.0","0.026316","4","0.052632","0.097625","0","27","0","27","0.056723","1","per","0","0.0","","0","0.0","","0","0.0",""
"fake_187","187","1","fake","106","6","615","4.64","17.67","106","508","0","0","3","2","0","0.0","0.0","3","0.028302","0.042683","0","36","1","37","0.060163","0","","0","0.0","","0","0.0","","0","0.0",""
"fake_188","188","1","fake","97","5","521","4.3","19.4","116","404","1","0","5","0","0","0.010309","0.0","1","0.010309","0.067146","0","23","2","25","0.047985","0","","0","0.0","","0","0.0","","1","0.010309","mund të"
"fake_189","189","1","fake","114","13","609","4.26","8.77","95","513","0","0","3","0","1","0.0","0.0","0","0.0","0.024691","0","34","3","37","0.060755","1","eshte","0","0.0","","0","0.0","","0","0.0",""
"fake_190","190","1","fake","101","5","547","4.33","20.2","64","482","2","0","2","0","0","0.019802","0.0","0","0.0","0.01373","0","29","3","32","0.058501","0","","0","0.0","","0","0.0","","0","0.0",""
"fake_191","191","1","fake","84","1","481","4.7","84.0","60","420","0","0","7","0","0","0.0","0.0","0","0.0","0.032911","0","40","0","40","0.08316","0","","0","0.0","","0","0.0","","0","0.0",""
"fake_192","192","1","fake","83","2","447","4.23","41.5","110","336","0","0","4","3","0","0.0","0.0","0","0.0","0.037037","0","24","4","28","0.06264","0","","0","0.0","","0","0.0","","0","0.0",""
"fake_193","193","1","fake","101","4","537","4.23","25.25","95","441","0","0","4","1","1","0.0","0.0","0","0.0","0.032787","0","33","1","34","0.063315","0","","0","0.0","","0","0.0","","0","0.0",""
"fake_194","194","1","fake","128","7","707","4.45","18.29","78","628","0","0","4","1","1","0.0","0.0","0","0.0","0.047452","0","45","0","45","0.063649","0","","0","0.0","","1","0.007812","sipas","0","0.0",""
"fake_195","195","1","fake","66","1","383","4.53","66.0","58","324","0","0","1","0","0","0.0","0.0","0","0.0","0.046823","0","0","0","0","0.0","2","eshte, nje","0","0.0","","0","0.0","","0","0.0",""
"fake_196","196","1","fake","95","4","535","4.56","23.75","79","455","0","0","7","0","0","0.0","0.0","0","0.0","0.046189","0","43","1","44","0.082243","0","","0","0.0","","0","0.0","","0","0.0",""
"fake_197","197","1","fake","95","5","545","4.54","19.0","127","417","2","0","3","2","0","0.021053","0.0","0","0.0","0.032634","0","18","0","18","0.033028","1","per","0","0.0","","0","0.0","","0","0.0",""
"fake_198","198","1","fake","91","2","483","4.15","45.5","111","371","0","0","4","0","2","0.0","0.0","0","0.0","0.042328","0","18","1","19","0.039337","0","","0","0.0","","0","0.0","","0","0.0",""
"fake_199","199","1","fake","112","2","560","3.91","56.0","105","454","0","0","4","4","0","0.0","0.0","0","0.0","0.10274","0","40","0","40","0.071429","1","per","0","0.0","","0","0.0","","1","0.008929","mund të"
"fake_200","200","1","fake","155","15","835","4.26","10.33","98","736","0","0","4","2","0","0.0","0.0","0","0.0","0.016641","0","5","0","5","0.005988","2","per, nje","0","0.0","","0","0.0","","0","0.0",""
"fake_201","201","1","fake","102","3","557","4.38","34.0","80","476","0","0","5","0","0","0.0","0.0","1","0.009804","0.033557","0","37","0","37","0.066427","0","","2","0.019608","nuk do ta besoni","0","0.0","","0","0.0",""
"fake_202","202","1","fake","128","3","759","4.77","42.67","118","640","0","0","11","2","0","0.0","0.0","0","0.0","0.076923","0","56","1","57","0.075099","1","kosove","0","0.0","","0","0.0","","0","0.0",""
"fake_203","203","1","fake","123","8","752","4.86","15.38","75","676","2","2","7","0","0","0.01626","0.01626","0","0.0","0.060302","0","58","0","58","0.077128","0","","0","0.0","","0","0.0","","0","0.0",""
"fake_204","204","1","fake","98","4","539","4.34","24.5","81","457","0","0","5","0","0","0.0","0.0","0","0.0","0.089412","0","48","4","52","0.096475","0","","0","0.0","","0","0.0","","0","0.0",""
"fake_205","205","1","fake","111","4","606","4.34","27.75","68","537","0","0","6","0","0","0.0","0.0","0","0.0","0.085239","0","33","0","33","0.054455","0","","0","0.0","","0","0.0","","0","0.0",""
"fake_206","206","1","fake","97","5","572","4.75","19.4","54","517","0","0","2","0","0","0.0","0.0","0","0.0","0.062907","0","23","4","27","0.047203","0","","0","0.0","","0","0.0","","0","0.0",""
"fake_207","207","1","fake","93","4","516","4.35","23.25","56","459","0","0","4","4","0","0.0","0.0","1","0.010753","0.089109","0","36","7","43","0.083333","0","","0","0.0","","0","0.0","","0","0.0",""
"fake_208","208","1","fake","88","5","539","4.9","17.6","69","469","0","0","4","0","0","0.0","0.0","0","0.0","0.081206","0","21","0","21","0.038961","0","","0","0.0","","0","0.0","","0","0.0",""
"fake_209","209","1","fake","73","4","424","4.6","18.25","35","388","0","0","6","0","0","0.0","0.0","0","0.0","0.074405","0","19","0","19","0.044811","1","per","0","0.0","","0","0.0","","0","0.0",""
"fake_210","210","1","fake","96","4","543","4.42","24.0","76","466","0","0","2","4","0","0.0","0.0","0","0.0","0.035377","0","23","3","26","0.047882","0","","0","0.0","","0","0.0","","0","0.0",""
"fake_211","211","1","fake","71","5","431","4.94","14.2","80","350","0","2","2","0","0","0.0","0.028169","0","0.0","0.017094","0","33","1","34","0.078886","0","","0","0.0","","0","0.0","","0","0.0",""
"fake_212","212","1","fake","118","5","627","4.06","23.6","97","529","0","0","7","0","0","0.0","0.0","0","0.0","0.016701","0","35","0","35","0.055821","0","","0","0.0","","0","0.0","","0","0.0",""
"fake_213","213","1","fake","142","17","727","3.99","8.35","81","645","0","0","4","6","0","0.0","0.0","0","0.0","0.024735","0","30","2","32","0.044017","0","","0","0.0","","0","0.0","","0","0.0",""
"fake_214","214","1","fake","90","9","503","4.41","10.0","109","393","0","0","3","0","0","0.0","0.0","0","0.0","0.040302","0","13","0","13","0.025845","3","eshte, per, nje","0","0.0","","0","0.0","","0","0.0",""
"fake_215","215","1","fake","82","4","470","4.59","20.5","95","374","2","0","1","2","0","0.02439","0.0","0","0.0","0.06117","0","19","0","19","0.040426","1","eshte","0","0.0","","0","0.0","","0","0.0",""
"fake_216","216","1","fake","108","11","574","4.11","9.82","98","475","0","2","1","0","0","0.0","0.018519","0","0.0","0.031532","0","22","1","23","0.04007","0","","0","0.0","","0","0.0","","0","0.0",""
"fake_217","217","1","fake","124","5","668","4.14","24.8","108","559","1","0","5","2","0","0.008065","0.0","0","0.0","0.02729","0","39","2","41","0.061377","0","","0","0.0","","0","0.0","","0","0.0",""
"fake_218","218","1","fake","110","11","614","4.45","10.0","103","510","3","2","2","2","0","0.027273","0.018182","0","0.0","0.04908","0","27","0","27","0.043974","1","eshte","0","0.0","","0","0.0","","0","0.0",""
"fake_219","219","1","fake","94","2","518","4.48","47.0","120","397","0","0","5","0","0","0.0","0.0","12","0.12766","0.168646","0","26","0","26","0.050193","0","","0","0.0","","0","0.0","","0","0.0",""
"fake_220","220","1","fake","95","6","531","4.53","15.83","80","450","0","0","2","0","0","0.0","0.0","2","0.021053","0.074419","0","31","0","31","0.05838","0","","0","0.0","","0","0.0","","1","0.010526","mund të"
"fake_221","221","1","fake","82","3","463","4.56","27.33","71","391","1","0","2","3","0","0.012195","0.0","1","0.012195","0.042781","0","20","2","22","0.047516","1","nje","0","0.0","","0","0.0","","0","0.0",""
"fake_222","222","1","fake","50","2","259","4.08","25.0","89","169","0","0","1","0","3","0.0","0.0","1","0.02","0.083333","0","2","0","2","0.007722","0","","0","0.0","","0","0.0","","0","0.0",""
"fake_223","223","1","fake","78","4","474","4.88","19.5","121","352","0","0","3","4","1","0.0","0.0","1","0.012821","0.081579","0","30","1","31","0.065401","0","","0","0.0","","0","0.0","","0","0.0",""
"fake_224","224","1","fake","275","12","1616","4.75","22.92","94","1521","0","0","13","0","0","0.0","0.0","2","0.007273","0.02144","0","124","4","128","0.079208","1","per","0","0.0","","1","0.003636","sipas","1","0.003636","mund të"
"fake_225","225","1","fake","123","5","620","3.98","24.6","109","510","0","0","6","0","0","0.0","0.0","1","0.00813","0.059184","0","35","1","36","0.058065","1","per","0","0.0","","0","0.0","","0","0.0",""
"fake_226","226","1","fake","108","8","547","3.91","13.5","106","440","0","0","7","1","0","0.0","0.0","0","0.0","0.061611","0","43","3","46","0.084095","0","","0","0.0","","0","0.0","","0","0.0",""
"fake_227","227","1","fake","106","2","539","3.81","53.0","74","464","0","0","11","2","0","0.0","0.0","0","0.0","0.059406","0","28","3","31","0.057514","1","per","0","0.0","","0","0.0","","0","0.0",""
"fake_228","228","1","fake","106","6","498","3.56","17.67","102","395","0","0","4","2","1","0.0","0.0","0","0.0","0.074271","0","26","2","28","0.056225","1","per","0","0.0","","0","0.0","","1","0.009434","ndoshta"
"fake_229","229","1","fake","107","4","551","4.09","26.75","104","446","0","0","3","0","0","0.0","0.0","0","0.0","0.050228","0","32","0","32","0.058076","1","per","0","0.0","","0","0.0","","0","0.0",""
"fake_230","230","1","fake","199","6","1137","4.53","33.17","151","985","1","0","14","0","1","0.005025","0.0","2","0.01005","0.031042","0","81","6","87","0.076517","0","","0","0.0","","0","0.0","","0","0.0",""
"fake_231","231","1","fake","151","5","924","5.03","30.2","147","776","0","0","8","4","0","0.0","0.0","0","0.0","0.019737","0","71","2","73","0.079004","0","","0","0.0","","0","0.0","","0","0.0",""
"fake_232","232","1","fake","150","7","781","4.04","21.43","99","681","0","0","6","4","0","0.0","0.0","0","0.0","0.033003","0","59","4","63","0.080666","0","","0","0.0","","0","0.0","","4","0.026667","mund të"
"fake_233","233","1","fake","124","7","735","4.78","17.71","72","662","1","0","8","1","1","0.008065","0.0","0","0.0","0.028668","0","42","2","44","0.059864","1","per","0","0.0","","0","0.0","","0","0.0",""
"fake_234","234","1","fake","156","6","919","4.77","26.0","63","855","1","1","10","0","0","0.00641","0.00641","1","0.00641","0.025572","0","73","2","75","0.08161","0","","0","0.0","","0","0.0","","0","0.0",""
"fake_235","235","1","fake","149","5","852","4.56","29.8","78","773","0","0","4","2","0","0.0","0.0","0","0.0","0.02651","0","56","2","58","0.068075","1","per","0","0.0","","0","0.0","","0","0.0",""
"fake_236","236","1","fake","157","8","909","4.71","19.62","97","811","0","0","4","0","0","0.0","0.0","0","0.0","0.012179","0","72","1","73","0.080308","0","","0","0.0","","0","0.0","","2","0.012739","mund të"
"fake_237","237","1","fake","107","5","586","4.41","21.4","96","489","0","0","5","0","0","0.0","0.0","0","0.0","0.055085","0","31","0","31","0.052901","0","","0","0.0","","0","0.0","","1","0.009346","mund të"
"fake_238","238","1","fake","79","4","443","4.53","19.75","75","367","0","0","3","2","0","0.0","0.0","1","0.012658","0.027933","0","37","3","40","0.090293","0","","0","0.0","","0","0.0","","0","0.0",""
"fake_239","239","1","fake","107","4","558","4.12","26.75","109","448","0","0","4","2","0","0.0","0.0","0","0.0","0.038636","0","25","1","26","0.046595","0","","0","0.0","","0","0.0","","0","0.0",""
"fake_240","240","1","fake","84","9","472","4.49","9.33","79","392","0","1","4","0","0","0.0","0.011905","0","0.0","0.015915","0","27","1","28","0.059322","0","","0","0.0","","0","0.0","","0","0.0",""
"fake_241","241","1","fake","172","12","962","4.53","14.33","83","878","0","1","6","0","0","0.0","0.005814","0","0.0","0.019231","0","78","0","78","0.081081","0","","0","0.0","","0","0.0","","1","0.005814","mund të"
"fake_242","242","1","fake","123","5","710","4.69","24.6","110","599","0","0","2","0","0","0.0","0.0","0","0.0","0.010399","0","68","1","69","0.097183","0","","0","0.0","","0","0.0","","0","0.0",""
"fake_243","243","1","fake","124","4","655","4.2","31.0","56","598","0","0","6","0","0","0.0","0.0","0","0.0","0.013462","0","68","4","72","0.109924","0","","0","0.0","","0","0.0","","0","0.0",""
"fake_244","244","1","fake","101","11","562","4.26","9.18","85","476","0","1","3","2","0","0.0","0.009901","0","0.0","0.016279","0","37","3","40","0.071174","0","","0","0.0","","0","0.0","","0","0.0",""
"fake_245","245","1","fake","144","6","747","4.12","24.0","75","671","1","0","7","0","0","0.006944","0.0","0","0.0","0.033727","0","81","0","81","0.108434","0","","0","0.0","","0","0.0","","1","0.006944","mund të"
"fake_246","246","1","fake","129","5","731","4.57","25.8","86","644","0","0","6","0","0","0.0","0.0","0","0.0","0.016949","0","61","1","62","0.084815","0","","0","0.0","","0","0.0","","0","0.0",""
"fake_247","247","1","fake","117","12","696","4.8","9.75","103","592","0","1","5","0","0","0.0","0.008547","0","0.0","0.021352","0","43","0","43","0.061782","0","","0","0.0","","0","0.0","","0","0.0",""
"fake_248","248","1","fake","92","4","503","4.38","23.0","72","430","1","0","4","2","0","0.01087","0.0","0","0.0","0.039702","0","32","1","33","0.065606","0","","0","0.0","","0","0.0","","0","0.0",""
"fake_249","249","1","fake","97","9","607","4.94","10.78","83","523","2","0","4","0","0","0.020619","0.0","24","0.247423","0.275574","1","48","0","48","0.079077","0","","0","0.0","","0","0.0","","0","0.0",""
"fake_250","250","1","fake","109","7","652","4.83","15.57","73","578","0","0","5","0","4","0.0","0.0","0","0.0","0.013308","0","60","0","60","0.092025","0","","0","0.0","","0","0.0","","1","0.009174","mund të"
"fake_251","251","1","fake","92","3","453","3.83","30.67","48","404","0","0","5","0","0","0.0","0.0","0","0.0","0.011364","0","47","1","48","0.10596","0","","0","0.0","","0","0.0","","0","0.0",""
"fake_252","252","1","fake","189","11","1048","4.44","17.18","95","952","0","4","5","0","2","0.0","0.021164","2","0.010582","0.02503","0","89","1","90","0.085878","0","","0","0.0","","0","0.0","","3","0.015873","mund të"
"fake_253","253","1","fake","110","4","641","4.69","27.5","78","562","0","0","7","0","2","0.0","0.0","0","0.0","0.00969","0","60","1","61","0.095164","0","","0","0.0","","0","0.0","","0","0.0",""
"fake_254","254","1","fake","94","3","510","4.27","31.33","80","429","0","0","5","0","0","0.0","0.0","0","0.0","0.104738","0","27","1","28","0.054902","0","","0","0.0","","0","0.0","","0","0.0",""
"fake_255","255","1","fake","105","5","667","5.0","21.0","67","599","2","0","7","1","0","0.019048","0.0","2","0.019048","0.093333","0","47","1","48","0.071964","0","","0","0.0","","0","0.0","","1","0.009524","thuhet"
"fake_256","256","1","fake","157","13","814","4.08","12.08","66","747","0","0","1","0","0","0.0","0.0","0","0.0","0.062402","0","67","2","69","0.084767","0","","0","0.0","","0","0.0","","0","0.0",""
"fake_257","257","1","fake","87","3","571","5.37","29.0","71","499","0","0","1","0","0","0.0","0.0","0","0.0","0.059957","0","34","3","37","0.064799","0","","0","0.0","","0","0.0","","3","0.034483","mund të"
"fake_258","258","1","fake","106","4","557","4.1","26.5","105","451","0","0","5","0","0","0.0","0.0","0","0.0","0.108046","0","56","4","60","0.10772","0","","0","0.0","","0","0.0","","0","0.0",""
"fake_259","259","1","fake","117","6","753","5.24","19.5","70","682","0","0","7","0","0","0.0","0.0","0","0.0","0.045677","0","71","0","71","0.09429","0","","0","0.0","","0","0.0","","1","0.008547","mund të"
"fake_260","260","1","fake","137","10","698","3.91","13.7","100","597","4","0","10","4","2","0.029197","0.0","0","0.0","0.091418","0","41","3","44","0.063037","0","","0","0.0","","0","0.0","","0","0.0",""
"fake_261","261","1","fake","97","8","485","3.89","12.12","70","414","2","0","3","0","0","0.020619","0.0","0","0.0","0.013263","0","45","3","48","0.098969","0","","0","0.0","","0","0.0","","0","0.0",""
"fake_262","262","1","fake","106","9","610","4.46","11.78","105","504","3","1","2","4","0","0.028302","0.009434","0","0.0","0.040169","0","28","2","30","0.04918","0","","0","0.0","","0","0.0","","0","0.0",""
"fake_263","263","1","fake","87","3","536","4.94","29.0","88","447","0","0","7","0","0","0.0","0.0","0","0.0","0.018605","0","27","0","27","0.050373","0","","0","0.0","","0","0.0","","0","0.0",""
"fake_264","264","1","fake","94","3","567","4.9","31.33","110","456","0","0","3","0","0","0.0","0.0","0","0.0","0.015184","0","38","1","39","0.068783","0","","0","0.0","","0","0.0","","0","0.0",""
"fake_265","265","1","fake","98","5","535","4.37","19.6","76","458","0","0","4","0","0","0.0","0.0","0","0.0","0.021028","0","39","2","41","0.076636","0","","0","0.0","","0","0.0","","0","0.0",""
"fake_266","266","1","fake","90","4","502","4.44","22.5","82","419","0","0","4","4","0","0.0","0.0","1","0.011111","0.0925","0","39","2","41","0.081673","0","","0","0.0","","0","0.0","","0","0.0",""
"fake_267","267","1","fake","81","4","502","4.89","20.25","64","437","0","0","4","4","0","0.0","0.0","0","0.0","0.055838","0","19","3","22","0.043825","0","","0","0.0","","0","0.0","","0","0.0",""
"fake_268","268","1","fake","78","5","474","4.67","15.6","46","427","0","0","4","4","0","0.0","0.0","0","0.0","0.038462","0","23","2","25","0.052743","0","","0","0.0","","0","0.0","","0","0.0",""
"fake_269","269","1","fake","87","2","534","4.91","43.5","109","424","0","0","6","6","2","0.0","0.0","0","0.0","0.025761","0","37","0","37","0.069288","0","","0","0.0","","0","0.0","","0","0.0",""
"fake_270","270","1","fake","91","5","497","4.3","18.2","109","387","2","0","2","4","2","0.021978","0.0","0","0.0","0.038363","0","21","0","21","0.042254","0","","0","0.0","","0","0.0","","0","0.0",""
"fake_271","271","1","fake","92","2","480","4.08","46.0","166","313","0","0","6","4","0","0.0","0.0","11","0.119565","0.218667","0","22","0","22","0.045833","1","cfare","0","0.0","","0","0.0","","0","0.0",""
"fake_272","272","1","fake","66","2","376","4.5","33.0","95","280","0","0","7","4","0","0.0","0.0","11","0.166667","0.225589","0","20","0","20","0.053191","0","","0","0.0","","0","0.0","","0","0.0",""
"fake_273","273","1","fake","562","35","3089","4.34","16.06","97","2991","7","1","13","2","0","0.012456","0.001779","0","0.0","0.029122","0","238","3","241","0.078019","0","","0","0.0","","0","0.0","","0","0.0",""
"fake_274","274","1","fake","163","7","893","4.25","23.29","118","774","1","0","10","2","1","0.006135","0.0","0","0.0","0.015873","0","79","1","80","0.089586","0","","0","0.0","","1","0.006135","sipas","2","0.01227","mund të"
"fake_275","275","1","fake","128","3","628","3.79","42.67","99","528","0","0","4","4","1","0.0","0.0","0","0.0","0.061856","0","24","0","24","0.038217","1","per","0","0.0","","1","0.007812","sipas","0","0.0",""
"fake_276","276","1","fake","102","3","608","4.77","34.0","114","493","0","0","7","0","0","0.0","0.0","1","0.009804","0.055556","0","41","1","42","0.069079","1","per","0","0.0","","0","0.0","","0","0.0",""
"fake_277","277","1","fake","90","1","506","4.52","90.0","86","419","0","0","0","0","8","0.0","0.0","2","0.022222","0.125307","0","8","0","8","0.01581","2","cfare, nje","3","0.033333","e pabesueshme","0","0.0","","0","0.0",""
"fake_278","278","1","fake","96","3","507","4.22","32.0","81","425","0","0","3","0","0","0.0","0.0","1","0.010417","0.064198","0","27","0","27","0.053254","1","per","0","0.0","","0","0.0","","0","0.0",""
"fake_279","279","1","fake","141","6","740","4.02","23.5","106","633","0","0","5","3","2","0.0","0.0","0","0.0","0.081129","0","44","2","46","0.062162","0","","0","0.0","","0","0.0","","0","0.0",""
"fake_280","280","1","fake","84","5","536","4.93","16.8","85","450","0","0","8","0","0","0.0","0.0","0","0.0","0.086957","0","37","3","40","0.074627","0","","0","0.0","","3","0.035714","sipas, policia","0","0.0",""
"fake_281","281","1","fake","111","14","539","3.72","7.93","103","435","0","0","4","2","1","0.0","0.0","0","0.0","0.123487","0","22","1","23","0.042672","1","per","0","0.0","","0","0.0","","0","0.0",""
"fake_282","282","1","fake","91","9","504","4.34","10.11","85","418","0","0","3","4","2","0.0","0.0","0","0.0","0.025316","0","16","2","18","0.035714","0","","0","0.0","","0","0.0","","0","0.0",""
"fake_283","283","1","fake","101","6","588","4.71","16.83","78","509","0","0","5","2","0","0.0","0.0","0","0.0","0.010504","0","55","2","57","0.096939","0","","0","0.0","","0","0.0","","1","0.009901","mund të"
"fake_284","284","1","fake","123","4","598","3.76","30.75","99","498","1","0","3","4","0","0.00813","0.0","0","0.0","0.049676","0","38","2","40","0.06689","1","per","0","0.0","","0","0.0","","0","0.0",""
"fake_285","285","1","fake","119","4","636","4.29","29.75","94","541","0","0","7","0","0","0.0","0.0","0","0.0","0.027397","0","37","1","38","0.059748","0","","0","0.0","","0","0.0","","0","0.0",""
"fake_286","286","1","fake","95","2","525","4.45","47.5","89","435","0","0","2","0","2","0.0","0.0","0","0.0","0.023641","0","32","2","34","0.064762","0","","0","0.0","","0","0.0","","0","0.0",""
"fake_287","287","1","fake","104","4","639","4.8","26.0","87","551","0","0","6","4","0","0.0","0.0","2","0.019231","0.048096","0","29","0","29","0.045383","0","","0","0.0","","0","0.0","","1","0.009615","mund të"
"fake_288","288","1","fake","81","5","497","4.96","16.2","44","452","1","0","7","2","1","0.012346","0.0","1","0.012346","0.062189","0","42","1","43","0.086519","1","per","0","0.0","","0","0.0","","0","0.0",""
"fake_289","289","1","fake","157","11","991","5.1","14.27","72","918","0","0","5","4","0","0.0","0.0","5","0.031847","0.075094","0","21","0","21","0.021191","1","per","0","0.0","","0","0.0","","0","0.0",""
"fake_290","290","1","fake","67","5","391","4.58","13.4","69","321","0","0","7","0","0","0.0","0.0","2","0.029851","0.094463","0","21","2","23","0.058824","0","","0","0.0","","0","0.0","","0","0.0",""
"fake_291","291","1","fake","102","13","632","4.92","7.85","93","538","2","0","5","0","0","0.019608","0.0","0","0.0","0.091633","0","35","0","35","0.05538","0","","0","0.0","","0","0.0","","0","0.0",""
"fake_292","292","1","fake","77","2","379","3.71","38.5","70","308","0","0","2","2","1","0.0","0.0","0","0.0","0.104895","0","41","3","44","0.116095","0","","0","0.0","","0","0.0","","0","0.0",""
"fake_293","293","1","fake","157","5","812","4.09","31.4","101","710","0","2","7","0","0","0.0","0.012739","0","0.0","0.065421","0","60","3","63","0.077586","1","per","0","0.0","","0","0.0","","0","0.0",""
"fake_294","294","1","fake","153","6","808","4.24","25.5","95","712","0","0","0","0","2","0.0","0.0","0","0.0","0.075501","0","31","1","32","0.039604","1","per","0","0.0","","0","0.0","","0","0.0",""
"fake_295","295","1","fake","137","8","740","4.23","17.12","104","635","2","0","7","0","0","0.014599","0.0","0","0.0","0.018998","0","49","4","53","0.071622","0","","0","0.0","","0","0.0","","0","0.0",""
"fake_296","296","1","fake","120","3","630","4.17","40.0","71","558","0","0","5","0","0","0.0","0.0","0","0.0","0.011976","0","36","2","38","0.060317","0","","0","0.0","","1","0.008333","policia","0","0.0",""
"fake_297","297","1","fake","121","8","589","3.72","15.12","68","520","0","4","5","2","0","0.0","0.033058","0","0.0","0.037778","0","34","0","34","0.057725","0","","0","0.0","","0","0.0","","1","0.008264","mund të"
"fake_298","298","1","fake","66","3","351","4.14","22.0","69","281","0","0","2","0","0","0.0","0.0","0","0.0","0.054945","0","22","5","27","0.076923","0","","0","0.0","","0","0.0","","0","0.0",""
"fake_299","299","1","fake","163","5","908","4.49","32.6","109","798","0","0","5","2","0","0.0","0.0","0","0.0","0.054645","0","58","0","58","0.063877","0","","0","0.0","","0","0.0","","0","0.0",""
"fake_300","300","1","fake","95","3","556","4.41","31.67","81","474","0","0","7","0","0","0.0","0.0","0","0.0","0.045346","0","36","2","38","0.068345","0","","0","0.0","","1","0.010526","sipas","0","0.0",""
"fake_301","301","1","fake","114","3","576","3.95","38.0","74","501","1","0","4","2","0","0.008772","0.0","0","0.0","0.037778","0","46","0","46","0.079861","1","behet","0","0.0","","0","0.0","","1","0.008772","mund të"
"fake_302","302","1","fake","102","6","550","4.29","17.0","90","459","0","0","6","1","0","0.0","0.0","0","0.0","0.041096","0","43","1","44","0.08","0","","0","0.0","","0","0.0","","0","0.0",""
"fake_303","303","1","fake","122","5","693","4.57","24.4","72","620","0","0","12","0","2","0.0","0.0","0","0.0","0.046847","0","30","3","33","0.047619","1","per","0","0.0","","0","0.0","","0","0.0",""
"fake_304","304","1","fake","88","3","469","4.31","29.33","75","393","0","0","4","0","1","0.0","0.0","0","0.0","0.07124","0","17","0","17","0.036247","0","","0","0.0","","0","0.0","","0","0.0",""
"fake_305","305","1","fake","91","3","536","4.64","30.33","98","437","0","0","5","0","1","0.0","0.0","0","0.0","0.066351","0","20","0","20","0.037313","1","per","0","0.0","","0","0.0","","0","0.0",""
"fake_306","306","1","fake","89","3","522","4.81","29.67","76","445","0","0","4","1","0","0.0","0.0","2","0.022472","0.067916","0","36","1","37","0.070881","0","","0","0.0","","0","0.0","","0","0.0",""
"fake_307","307","1","fake","80","3","481","4.72","26.67","112","368","0","0","7","10","0","0.0","0.0","1","0.0125","0.068783","0","25","0","25","0.051975","0","","0","0.0","","0","0.0","","0","0.0",""
"fake_308","308","1","fake","111","6","582","4.18","18.5","108","473","1","0","11","0","0","0.009009","0.0","0","0.0","0.058315","0","30","0","30","0.051546","4","eshte, per, nje, behet","0","0.0","","0","0.0","","0","0.0",""
"fake_309","309","1","fake","52","1","280","4.29","52.0","83","196","0","0","3","0","3","0.0","0.0","1","0.019231","0.210762","0","0","0","0","0.0","1","per","3","0.057692","nuk do ta besoni","0","0.0","","0","0.0",""
"fake_310","310","1","fake","159","9","904","4.54","17.67","60","843","2","0","6","0","0","0.012579","0.0","1","0.006289","0.024931","0","55","2","57","0.063053","1","per","0","0.0","","0","0.0","","0","0.0",""
"fake_311","311","1","fake","215","5","1166","4.34","43.0","87","1078","0","0","12","2","1","0.0","0.0","0","0.0","0.015005","0","74","0","74","0.063465","1","per","0","0.0","","1","0.004651","policia","0","0.0",""
"fake_312","312","1","fake","72","3","382","4.22","24.0","67","314","0","0","3","0","0","0.0","0.0","0","0.0","0.052632","0","30","2","32","0.08377","0","","0","0.0","","0","0.0","","0","0.0",""
"fake_313","313","1","fake","112","4","553","3.86","28.0","127","425","0","0","5","0","0","0.0","0.0","0","0.0","0.0625","0","26","4","30","0.05425","0","","0","0.0","","0","0.0","","0","0.0",""
"fake_314","314","1","fake","85","11","432","3.92","7.73","71","360","0","2","1","0","2","0.0","0.023529","0","0.0","0.078078","0","23","3","26","0.060185","0","","0","0.0","","0","0.0","","0","0.0",""
"fake_315","315","1","fake","133","10","738","4.46","13.3","71","666","3","1","8","0","0","0.022556","0.007519","0","0.0","0.055649","0","58","3","61","0.082656","0","","0","0.0","","0","0.0","","0","0.0",""
"fake_316","316","1","fake","112","5","652","4.78","22.4","93","558","0","0","3","0","0","0.0","0.0","1","0.008929","0.048598","0","37","2","39","0.059816","0","","0","0.0","","0","0.0","","0","0.0",""
"fake_317","317","1","fake","87","7","466","4.3","12.43","65","400","0","0","3","0","0","0.0","0.0","0","0.0","0.050938","0","24","1","25","0.053648","0","","0","0.0","","0","0.0","","1","0.011494","mund të"
"fake_318","318","1","fake","65","4","351","4.15","16.25","64","286","0","0","5","1","3","0.0","0.0","0","0.0","0.074074","0","0","0","0","0.0","1","per","0","0.0","","0","0.0","","0","0.0",""
"fake_319","319","1","fake","114","3","627","4.39","38.0","110","516","0","0","8","0","0","0.0","0.0","0","0.0","0.065868","0","40","3","43","0.068581","0","","0","0.0","","0","0.0","","0","0.0",""
"fake_320","320","1","fake","128","7","629","3.77","18.29","106","522","2","1","5","4","1","0.015625","0.007812","0","0.0","0.058091","0","39","1","40","0.063593","0","","0","0.0","","0","0.0","","0","0.0",""
"fake_321","321","1","fake","93","4","531","4.62","23.25","81","449","0","0","2","2","1","0.0","0.0","3","0.032258","0.055944","0","22","0","22","0.041431","0","","0","0.0","","0","0.0","","0","0.0",""
"fake_322","322","1","fake","85","6","518","4.99","14.17","75","442","1","0","2","0","0","0.011765","0.0","0","0.0","0.042453","0","31","0","31","0.059846","0","","0","0.0","","0","0.0","","0","0.0",""
"fake_323","323","1","fake","370","15","1974","4.25","24.67","94","1879","0","1","14","0","0","0.0","0.002703","0","0.0","0.027954","0","149","7","156","0.079027","0","","0","0.0","","0","0.0","","1","0.002703","ndoshta"
"fake_324","324","1","fake","56","4","293","4.04","14.0","78","214","0","0","4","0","4","0.0","0.0","6","0.107143","0.20354","0","6","0","6","0.020478","1","cfare","2","0.035714","nuk do ta besoni","0","0.0","","0","0.0",""
"fake_325","325","1","fake","78","4","426","4.15","19.5","96","329","0","0","5","8","0","0.0","0.0","0","0.0","0.065015","0","19","3","22","0.051643","0","","0","0.0","","0","0.0","","0","0.0",""
"fake_326","326","1","fake","96","9","510","4.18","10.67","127","382","0","0","7","2","0","0.0","0.0","0","0.0","0.052369","0","32","5","37","0.072549","0","","0","0.0","","0","0.0","","0","0.0",""
"fake_327","327","1","fake","101","7","607","4.28","14.43","73","533","0","1","4","0","0","0.0","0.009901","1","0.009901","0.041667","0","31","3","34","0.056013","0","","0","0.0","","0","0.0","","0","0.0",""
"fake_328","328","1","fake","115","10","620","4.28","11.5","95","524","1","0","6","0","1","0.008696","0.0","0","0.0","0.075203","0","39","0","39","0.062903","0","","0","0.0","","0","0.0","","0","0.0",""
"fake_329","329","1","fake","91","11","436","3.68","8.27","111","324","1","0","4","2","1","0.010989","0.0","0","0.0","0.074627","0","23","2","25","0.057339","0","","0","0.0","","0","0.0","","0","0.0",""
"fake_330","330","1","fake","128","9","699","4.27","14.22","114","584","2","0","10","6","4","0.015625","0.0","0","0.0","0.055046","0","29","1","30","0.042918","1","per","0","0.0","","0","0.0","","0","0.0",""
"fake_331","331","1","fake","88","4","446","3.98","22.0","60","385","0","0","0","0","3","0.0","0.0","0","0.0","0.06","0","12","0","12","0.026906","2","per, nje","0","0.0","","0","0.0","","1","0.011364","ndoshta"
"fake_332","332","1","fake","79","5","471","4.76","15.8","64","406","1","0","5","2","0","0.012658","0.0","3","0.037975","0.087766","0","25","0","25","0.053079","0","","0","0.0","","0","0.0","","0","0.0",""
"fake_333","333","1","fake","163","9","861","4.13","18.11","97","763","0","1","11","6","0","0.0","0.006135","0","0.0","0.050445","0","58","0","58","0.067364","0","","0","0.0","","0","0.0","","0","0.0",""
"fake_334","334","1","fake","536","31","3167","4.84","17.29","93","3073","0","2","23","0","0","0.0","0.003731","0","0.0","0.016197","0","289","4","293","0.092517","1","per","0","0.0","","1","0.001866","sipas","0","0.0",""
"fake_335","335","1","fake","189","9","942","3.83","21.0","85","856","0","1","8","6","1","0.0","0.005291","0","0.0","0.026243","0","64","1","65","0.069002","0","","0","0.0","","0","0.0","","0","0.0",""
"fake_336","336","1","fake","92","3","518","4.55","30.67","82","435","0","0","8","0","0","0.0","0.0","0","0.0","0.026253","0","42","0","42","0.081081","0","","0","0.0","","0","0.0","","0","0.0",""
"fake_337","337","1","fake","123","2","646","4.11","61.5","166","479","0","0","7","4","0","0.0","0.0","12","0.097561","0.142574","0","31","0","31","0.047988","1","cfare","0","0.0","","0","0.0","","0","0.0",""
"fake_338","338","1","fake","88","1","522","4.77","88.0","112","409","0","0","3","6","4","0.0","0.0","0","0.0","0.021429","0","15","0","15","0.028736","3","cfare, per, nje","0","0.0","","0","0.0","","0","0.0",""
"fake_339","339","1","fake","93","16","570","4.58","5.81","64","505","3","0","1","8","0","0.032258","0.0","5","0.053763","0.213615","0","0","0","0","0.0","1","per","0","0.0","","0","0.0","","0","0.0",""
"fake_340","340","1","fake","166","7","918","4.45","23.71","85","832","1","0","2","0","0","0.006024","0.0","0","0.0","0.052774","0","56","6","62","0.067538","0","","0","0.0","","0","0.0","","2","0.012048","thuhet"
"fake_341","341","1","fake","120","5","612","4.04","24.0","61","550","0","0","4","2","0","0.0","0.0","1","0.008333","0.028866","0","59","4","63","0.102941","0","","0","0.0","","0","0.0","","0","0.0",""
"fake_342","342","1","fake","151","10","861","4.68","15.1","58","802","0","0","0","0","0","0.0","0.0","3","0.019868","0.050992","0","65","1","66","0.076655","0","","0","0.0","","0","0.0","","0","0.0",""
"fake_343","343","1","fake","96","3","483","3.93","32.0","95","387","1","0","8","0","0","0.010417","0.0","0","0.0","0.037135","0","51","0","51","0.10559","0","","0","0.0","","1","0.010417","sipas","0","0.0",""
"fake_344","344","1","fake","94","3","513","4.38","31.33","53","459","0","0","4","4","0","0.0","0.0","0","0.0","0.046117","0","27","0","27","0.052632","0","","0","0.0","","0","0.0","","0","0.0",""
"fake_345","345","1","fake","82","3","432","4.22","27.33","79","352","0","0","4","0","1","0.0","0.0","0","0.0","0.057803","0","32","1","33","0.076389","0","","0","0.0","","0","0.0","","0","0.0",""
"fake_346","346","1","fake","76","3","458","4.91","25.33","92","365","0","2","7","2","0","0.0","0.026316","0","0.0","0.008043","0","51","1","52","0.113537","0","","0","0.0","","0","0.0","","0","0.0",""
"fake_347","347","1","fake","330","22","1678","3.87","15.0","98","1579","3","0","3","0","0","0.009091","0.0","0","0.0","0.028974","0","165","3","168","0.100119","2","eshte, per","0","0.0","","0","0.0","","0","0.0",""
"fake_348","348","1","fake","76","4","402","4.2","19.0","105","296","0","0","3","0","0","0.0","0.0","12","0.157895","0.226415","0","22","1","23","0.057214","1","kerkon","0","0.0","","0","0.0","","0","0.0",""
"fake_349","349","1","fake","100","4","535","4.16","25.0","96","438","0","0","9","0","0","0.0","0.0","12","0.12","0.177885","0","17","1","18","0.033645","0","","0","0.0","","0","0.0","","0","0.0",""
"fake_350","350","1","fake","79","4","439","4.49","19.75","77","361","0","1","3","0","0","0.0","0.012658","2","0.025316","0.101408","0","26","4","30","0.068337","1","per","0","0.0","","0","0.0","","1","0.012658","mund të"
"fake_351","351","1","fake","488","60","2924","4.89","8.13","98","2825","1","0","18","0","0","0.002049","0.0","0","0.0","0.016779","0","183","6","189","0.064637","0","","0","0.0","","0","0.0","","7","0.014344","ndoshta, mund të"
"fake_352","352","1","fake","112","5","595","4.19","22.4","72","522","1","0","9","0","0","0.008929","0.0","1","0.008929","0.08547","0","33","1","34","0.057143","0","","0","0.0","","0","0.0","","2","0.017857","mund të"
"fake_353","353","1","fake","600","15","3016","3.97","40.0","99","2916","0","0","23","0","1","0.0","0.0","2","0.003333","0.010504","0","7","0","7","0.002321","3","eshte, per, nje","0","0.0","","1","0.001667","policia","0","0.0",""
"fake_354","354","1","fake","270","18","1624","4.97","15.0","46","1577","1","1","7","0","0","0.003704","0.003704","0","0.0","0.028316","0","132","7","139","0.085591","0","","0","0.0","","0","0.0","","0","0.0",""
"fake_355","355","1","fake","332","27","2095","5.1","12.3","47","2047","0","0","16","4","0","0.0","0.0","11","0.033133","0.068007","0","99","8","107","0.051074","1","kosove","0","0.0","","0","0.0","","1","0.003012","mund të"
"fake_356","356","1","fake","171","11","1028","4.92","15.55","82","945","0","1","7","2","0","0.0","0.005848","1","0.005848","0.053957","0","74","5","79","0.076848","0","","0","0.0","","0","0.0","","1","0.005848","mund të"
"fake_357","357","1","fake","249","14","1504","4.91","17.79","84","1419","0","0","4","2","0","0.0","0.0","0","0.0","0.03437","0","84","12","96","0.06383","0","","0","0.0","","3","0.012048","sipas, deklaroi","0","0.0",""
"fake_358","358","1","fake","193","11","1228","5.17","17.55","65","1162","1","0","10","0","0","0.005181","0.0","0","0.0","0.02004","0","100","2","102","0.083062","1","eshte","0","0.0","","1","0.005181","sipas","2","0.010363","ndoshta, mund të"
"fake_359","359","1","fake","148","4","854","4.59","37.0","82","771","0","0","10","14","0","0.0","0.0","0","0.0","0.044248","0","53","6","59","0.069087","0","","0","0.0","","1","0.006757","sipas","0","0.0",""
"fake_360","360","1","fake","73","2","410","4.51","36.5","113","296","0","1","5","0","3","0.0","0.013699","1","0.013699","0.085106","0","18","0","18","0.043902","1","per","2","0.027397","nuk do ta besoni","0","0.0","","0","0.0",""
"fake_361","361","1","fake","83","3","535","5.33","27.67","101","433","0","0","7","0","0","0.0","0.0","12","0.144578","0.156109","0","26","0","26","0.048598","0","","0","0.0","","0","0.0","","0","0.0",""
"fake_363","363","1","fake","94","9","596","5.0","10.44","50","545","1","1","6","0","1","0.010638","0.010638","2","0.021277","0.070362","0","21","0","21","0.035235","0","","0","0.0","","1","0.010638","bëri të ditur","0","0.0",""
"fake_364","364","1","fake","46","3","246","4.2","15.33","72","173","2","0","2","0","0","0.043478","0.0","3","0.065217","0.124352","0","2","0","2","0.00813","1","eshte","0","0.0","","0","0.0","","0","0.0",""
"fake_365","365","1","fake","107","6","704","5.41","17.83","50","653","0","0","4","2","0","0.0","0.0","1","0.009346","0.031088","0","38","0","38","0.053977","0","","0","0.0","","0","0.0","","0","0.0",""
"fake_366","366","1","fake","70","4","418","4.77","17.5","48","369","0","0","3","2","0","0.0","0.0","1","0.014286","0.050898","0","18","0","18","0.043062","0","","0","0.0","","0","0.0","","0","0.0",""
"fake_367","367","1","fake","96","4","582","5.0","24.0","66","515","1","0","4","2","0","0.010417","0.0","1","0.010417","0.050104","0","37","0","37","0.063574","0","","0","0.0","","2","0.020833","sipas, ministria","0","0.0",""
"fake_368","368","1","fake","143","4","832","4.78","35.75","52","779","0","0","5","0","0","0.0","0.0","0","0.0","0.023392","0","47","2","49","0.058894","1","kosove","0","0.0","","0","0.0","","0","0.0",""
"fake_369","369","1","fake","95","5","535","4.43","19.0","88","446","0","0","8","1","1","0.0","0.0","1","0.010526","0.049881","0","25","1","26","0.048598","0","","0","0.0","","0","0.0","","0","0.0",""
"fake_370","370","1","fake","71","3","403","4.54","23.67","59","343","0","0","3","0","1","0.0","0.0","1","0.014085","0.034161","0","18","0","18","0.044665","0","","0","0.0","","0","0.0","","0","0.0",""
"fake_371","371","1","fake","83","5","474","4.59","16.6","92","381","0","0","4","0","0","0.0","0.0","1","0.012048","0.057743","0","12","0","12","0.025316","0","","0","0.0","","0","0.0","","0","0.0",""
"fake_372","372","1","fake","91","3","551","4.89","30.33","72","478","0","0","6","0","0","0.0","0.0","1","0.010989","0.042697","0","31","1","32","0.058076","1","eshte","0","0.0","","0","0.0","","0","0.0",""
"fake_373","373","1","fake","67","5","387","4.67","13.4","25","361","0","1","4","0","0","0.0","0.014925","0","0.0","0.031949","0","25","1","26","0.067183","0","","0","0.0","","0","0.0","","0","0.0",""
"fake_374","374","1","fake","76","4","441","4.7","19.0","60","380","0","1","3","0","0","0.0","0.013158","2","0.026316","0.064426","0","15","1","16","0.036281","0","","0","0.0","","1","0.013158","sipas","0","0.0",""
"fake_375","375","1","fake","75","5","449","4.85","15.0","60","388","0","1","2","4","0","0.0","0.013333","0","0.0","0.052198","0","14","2","16","0.035635","0","","0","0.0","","1","0.013333","sipas","0","0.0",""
"fake_376","376","1","fake","133","5","728","4.37","26.6","43","684","0","0","7","0","0","0.0","0.0","1","0.007519","0.037866","0","48","0","48","0.065934","0","","0","0.0","","0","0.0","","0","0.0",""
"fake_377","377","1","fake","78","3","441","4.63","26.0","96","344","0","0","3","0","0","0.0","0.0","0","0.0","0.066667","0","17","1","18","0.040816","0","","0","0.0","","0","0.0","","0","0.0",""
"fake_378","378","1","fake","138","5","743","4.18","27.6","45","697","0","0","2","0","0","0.0","0.0","0","0.0","0.055459","0","0","0","0","0.0","3","kosove, per, nje","0","0.0","","0","0.0","","0","0.0",""
"fake_379","379","1","fake","106","6","665","5.13","17.67","84","580","2","0","8","2","1","0.018868","0.0","0","0.0","0.038674","0","5","0","5","0.007519","1","per","0","0.0","","0","0.0","","0","0.0",""
"fake_380","380","1","fake","149","9","872","4.74","16.56","95","776","0","0","0","0","0","0.0","0.0","3","0.020134","0.049575","0","43","2","45","0.051606","0","","0","0.0","","0","0.0","","0","0.0",""
"fake_381","381","1","fake","132","5","769","4.65","26.4","58","710","0","0","7","2","1","0.0","0.0","0","0.0","0.032573","0","46","0","46","0.059818","0","","0","0.0","","0","0.0","","0","0.0",""
"fake_382","382","1","fake","66","3","372","4.52","22.0","73","298","0","0","5","0","1","0.0","0.0","0","0.0","0.054054","0","20","0","20","0.053763","1","nje","0","0.0","","0","0.0","","0","0.0",""
"fake_383","383","1","fake","83","3","469","4.55","27.67","76","392","0","0","7","0","0","0.0","0.0","0","0.0","0.037037","0","20","2","22","0.046908","1","per","0","0.0","","0","0.0","","0","0.0",""
"fake_384","384","1","fake","139","5","738","4.24","27.8","80","657","0","0","7","1","0","0.0","0.0","0","0.0","0.013582","0","46","2","48","0.065041","0","","1","0.007194","skandal","1","0.007194","policia","0","0.0",""
"fake_385","385","1","fake","100","4","635","5.29","25.0","89","545","0","0","1","0","0","0.0","0.0","7","0.07","0.119093","0","45","0","45","0.070866","1","kosove","0","0.0","","0","0.0","","0","0.0",""
"fake_386","386","1","fake","110","8","640","4.72","13.75","65","574","1","0","2","0","0","0.009091","0.0","2","0.018182","0.07529","0","25","0","25","0.039062","1","per","0","0.0","","0","0.0","","0","0.0",""
"fake_387","387","1","fake","75","7","454","4.88","10.71","52","401","0","0","4","0","0","0.0","0.0","1","0.013333","0.060109","0","22","0","22","0.048458","0","","0","0.0","","0","0.0","","0","0.0",""
"fake_388","388","1","fake","88","7","504","4.61","12.57","75","428","0","1","5","0","0","0.0","0.011364","2","0.022727","0.041975","0","28","0","28","0.055556","1","per","0","0.0","","0","0.0","","0","0.0",""
"fake_389","389","1","fake","106","4","641","4.91","26.5","84","556","0","0","12","0","1","0.0","0.0","0","0.0","0.044316","0","33","3","36","0.056162","0","","0","0.0","","0","0.0","","0","0.0",""
"fake_390","390","1","fake","74","3","443","4.91","24.67","57","385","0","0","5","2","0","0.0","0.0","0","0.0","0.035813","0","29","1","30","0.06772","0","","0","0.0","","0","0.0","","0","0.0",""
"fake_391","391","1","fake","64","4","376","4.86","16.0","49","326","0","0","0","0","0","0.0","0.0","0","0.0","0.022508","0","12","0","12","0.031915","0","","0","0.0","","0","0.0","","0","0.0",""
"fake_392","392","1","fake","168","7","946","4.55","24.0","138","807","0","0","9","0","0","0.0","0.0","0","0.0","0.024902","0","49","1","50","0.052854","2","eshte, nje","0","0.0","","0","0.0","","0","0.0",""
"fake_393","393","1","fake","148","6","735","3.94","24.67","109","625","0","0","2","0","0","0.0","0.0","0","0.0","0.013722","0","44","2","46","0.062585","1","nje","0","0.0","","0","0.0","","0","0.0",""
"fake_394","394","1","fake","77","4","447","4.62","19.25","82","364","0","1","5","2","0","0.0","0.012987","0","0.0","0.025281","0","6","1","7","0.01566","1","nje","0","0.0","","1","0.012987","policia","0","0.0",""
"fake_395","395","1","fake","87","4","451","4.15","21.75","87","363","0","0","1","2","0","0.0","0.0","1","0.011494","0.030471","0","31","2","33","0.073171","0","","0","0.0","","1","0.011494","sipas","0","0.0",""
"fake_396","396","1","fake","114","3","609","4.24","38.0","78","530","0","0","9","0","0","0.0","0.0","0","0.0","0.018634","0","41","0","41","0.067323","0","","0","0.0","","0","0.0","","0","0.0",""
"fake_397","397","1","fake","147","8","843","4.63","18.38","79","763","0","0","3","2","0","0.0","0.0","0","0.0","0.025","0","53","0","53","0.062871","0","","1","0.006803","e pabesueshme","0","0.0","","0","0.0",""
"fake_398","398","1","fake","83","5","489","4.82","16.6","73","415","0","1","1","2","0","0.0","0.012048","1","0.012048","0.047619","0","31","0","31","0.063395","0","","0","0.0","","0","0.0","","0","0.0",""
"fake_399","399","1","fake","99","4","628","5.17","24.75","79","548","0","0","6","4","0","0.0","0.0","0","0.0","0.046875","0","41","2","43","0.068471","0","","0","0.0","","0","0.0","","0","0.0",""
"fake_400","400","1","fake","103","4","587","4.63","25.75","74","512","1","0","4","2","0","0.009709","0.0","2","0.019417","0.042017","0","32","2","34","0.057922","0","","0","0.0","","0","0.0","","0","0.0",""
"fake_401","401","1","fake","85","3","552","5.41","28.33","127","424","0","0","5","2","0","0.0","0.0","0","0.0","0.056769","0","28","2","30","0.054348","0","","0","0.0","","0","0.0","","0","0.0",""
"fake_402","402","1","fake","123","7","670","4.35","17.57","68","601","0","0","2","2","0","0.0","0.0","0","0.0","0.031776","0","33","2","35","0.052239","1","eshte","0","0.0","","0","0.0","","0","0.0",""
"fake_403","403","1","fake","67","3","387","4.78","22.33","31","355","0","0","1","0","0","0.0","0.0","0","0.0","0.050314","0","1","4","5","0.01292","3","eshte, per, nje","0","0.0","","0","0.0","","0","0.0",""
"fake_404","404","1","fake","171","7","1027","4.96","24.43","80","946","0","0","7","0","0","0.0","0.0","0","0.0","0.016509","0","68","1","69","0.067186","0","","0","0.0","","1","0.005848","sipas","0","0.0",""
"fake_405","405","1","fake","114","4","685","4.95","28.5","124","560","0","0","5","2","0","0.0","0.0","0","0.0","0.035524","0","42","2","44","0.064234","0","","0","0.0","","0","0.0","","0","0.0",""
"fake_406","406","1","fake","95","3","432","3.48","31.67","83","348","0","0","1","0","0","0.0","0.0","0","0.0","0.060423","0","27","2","29","0.06713","0","","0","0.0","","0","0.0","","0","0.0",""
"fake_407","407","1","fake","91","4","518","4.56","22.75","86","431","0","0","3","0","1","0.0","0.0","1","0.010989","0.043373","0","29","0","29","0.055985","0","","0","0.0","","0","0.0","","0","0.0",""
"fake_408","408","1","fake","68","4","409","4.9","17.0","78","330","0","0","2","0","0","0.0","0.0","1","0.014706","0.045045","0","12","0","12","0.02934","0","","0","0.0","","0","0.0","","0","0.0",""
"fake_409","409","1","fake","80","5","459","4.67","16.0","54","404","0","0","1","0","0","0.0","0.0","2","0.025","0.074866","0","3","1","4","0.008715","2","eshte, nje","0","0.0","","0","0.0","","0","0.0",""
"fake_410","410","1","fake","97","7","543","4.49","13.86","85","457","1","0","3","0","0","0.010309","0.0","0","0.0","0.027523","0","35","0","35","0.064457","0","","0","0.0","","0","0.0","","0","0.0",""
"fake_411","411","1","fake","115","3","645","4.49","38.33","68","576","0","0","6","4","0","0.0","0.0","0","0.0","0.023301","0","55","1","56","0.086822","0","","0","0.0","","0","0.0","","0","0.0",""
"fake_412","412","1","fake","85","4","499","4.75","21.25","69","429","0","0","7","4","0","0.0","0.0","0","0.0","0.069652","0","21","0","21","0.042084","0","","0","0.0","","0","0.0","","0","0.0",""
"fake_413","413","1","fake","83","4","522","5.16","20.75","84","437","1","0","6","6","0","0.012048","0.0","0","0.0","0.039813","0","27","0","27","0.051724","0","","0","0.0","","0","0.0","","0","0.0",""
"fake_414","414","1","fake","93","4","565","5.02","23.25","89","475","0","0","5","0","0","0.0","0.0","0","0.0","0.058065","0","32","0","32","0.056637","0","","0","0.0","","0","0.0","","1","0.010753","mund të"
"fake_415","415","1","fake","109","5","581","4.28","21.8","93","487","0","0","3","2","1","0.0","0.0","0","0.0","0.034335","0","31","0","31","0.053356","0","","0","0.0","","1","0.009174","policia","0","0.0",""
"fake_416","416","1","fake","174","8","1029","4.78","21.75","95","933","1","0","7","7","0","0.005747","0.0","3","0.017241","0.036101","0","58","3","61","0.059281","0","","0","0.0","","1","0.005747","sipas","1","0.005747","mund të"
"fake_417","417","1","fake","147","8","818","4.49","18.38","49","768","0","0","6","0","0","0.0","0.0","2","0.013605","0.054545","0","42","0","42","0.051345","0","","0","0.0","","0","0.0","","0","0.0",""
"fake_418","418","1","fake","111","5","708","5.18","22.2","96","611","0","0","2","0","0","0.0","0.0","2","0.018018","0.050699","0","42","5","47","0.066384","0","","0","0.0","","0","0.0","","1","0.009009","mund të"
"fake_419","419","1","fake","186","8","920","3.91","23.25","71","848","0","0","5","0","0","0.0","0.0","0","0.0","0.016506","0","35","0","35","0.038043","2","per, nje","0","0.0","","0","0.0","","0","0.0",""
"fake_420","420","1","fake","85","5","528","5.11","17.0","40","487","1","0","4","0","0","0.011765","0.0","0","0.0","0.039261","0","33","5","38","0.07197","0","","0","0.0","","1","0.011765","sipas","0","0.0",""
"fake_421","421","1","fake","66","4","371","4.58","16.5","50","320","0","0","1","0","0","0.0","0.0","1","0.015152","0.053156","0","17","1","18","0.048518","0","","0","0.0","","0","0.0","","0","0.0",""
"fake_422","422","1","fake","71","4","397","4.55","17.75","54","342","0","1","1","2","0","0.0","0.014085","0","0.0","0.03096","0","24","2","26","0.065491","0","","0","0.0","","0","0.0","","0","0.0",""
"fake_423","423","1","fake","70","3","401","4.64","23.33","66","334","0","0","3","2","0","0.0","0.0","0","0.0","0.024615","0","19","1","20","0.049875","0","","0","0.0","","0","0.0","","0","0.0",""
"fake_424","424","1","fake","75","5","446","4.69","15.0","56","389","0","0","2","3","0","0.0","0.0","0","0.0","0.042614","0","20","1","21","0.047085","0","","0","0.0","","0","0.0","","0","0.0",""
"fake_426","426","1","fake","100","5","586","4.8","20.0","67","518","0","0","2","0","0","0.0","0.0","0","0.0","0.027083","0","32","0","32","0.054608","2","eshte, per","3","0.03","skandal, bombë","0","0.0","","0","0.0",""
"fake_427","427","1","fake","145","7","793","4.41","20.71","77","715","0","0","6","0","0","0.0","0.0","0","0.0","0.0125","0","59","3","62","0.078184","0","","0","0.0","","0","0.0","","0","0.0",""
"fake_428","428","1","fake","87","3","522","4.93","29.0","58","463","0","0","4","2","0","0.0","0.0","1","0.011494","0.056338","0","27","3","30","0.057471","0","","0","0.0","","0","0.0","","0","0.0",""
"fake_429","429","1","fake","104","4","583","4.53","26.0","69","513","0","0","5","0","0","0.0","0.0","0","0.0","0.036093","0","40","0","40","0.068611","0","","0","0.0","","0","0.0","","0","0.0",""
"fake_430","430","1","fake","78","3","483","5.17","26.0","68","414","0","0","2","0","0","0.0","0.0","0","0.0","0.047146","0","20","3","23","0.047619","0","","0","0.0","","0","0.0","","0","0.0",""
"fake_431","431","1","fake","118","3","651","4.43","39.33","126","524","0","0","6","2","1","0.0","0.0","0","0.0","0.036329","0","32","4","36","0.0553","0","","0","0.0","","0","0.0","","0","0.0",""
"fake_432","432","1","fake","94","6","574","5.0","15.67","55","518","1","1","6","2","0","0.010638","0.010638","0","0.0","0.023404","0","27","2","29","0.050523","0","","0","0.0","","0","0.0","","0","0.0",""
"fake_433","433","1","fake","57","3","323","4.56","19.0","40","282","0","0","1","0","0","0.0","0.0","0","0.0","0.053846","0","0","0","0","0.0","1","nje","0","0.0","","0","0.0","","0","0.0",""
"fake_434","434","1","fake","78","2","444","4.67","39.0","72","371","0","0","2","0","0","0.0","0.0","0","0.0","0.021978","0","16","1","17","0.038288","3","eshte, kosove, behet","0","0.0","","0","0.0","","0","0.0",""
"fake_435","435","1","fake","85","6","562","5.55","14.17","58","503","0","0","4","0","0","0.0","0.0","3","0.035294","0.061441","0","39","0","39","0.069395","0","","0","0.0","","1","0.011765","policia","0","0.0",""
"fake_436","436","1","fake","128","2","774","4.98","64.0","52","721","0","0","7","2","0","0.0","0.0","1","0.007812","0.043956","0","56","1","57","0.073643","0","","0","0.0","","0","0.0","","0","0.0",""
"fake_437","437","1","fake","108","4","690","5.31","27.0","51","638","0","0","4","0","0","0.0","0.0","1","0.009259","0.066318","0","27","0","27","0.03913","0","","0","0.0","","0","0.0","","0","0.0",""
"fake_438","438","1","fake","120","4","709","4.88","30.0","74","634","0","0","3","0","0","0.0","0.0","0","0.0","0.052901","0","23","5","28","0.039492","2","eshte, per","0","0.0","","0","0.0","","0","0.0",""
"fake_439","439","1","fake","93","5","592","5.25","18.6","56","535","0","0","5","4","0","0.0","0.0","1","0.010753","0.078189","0","22","2","24","0.040541","0","","0","0.0","","0","0.0","","0","0.0",""
"fake_440","440","1","fake","76","3","457","4.96","25.33","68","388","0","0","4","1","0","0.0","0.0","0","0.0","0.042553","0","24","1","25","0.054705","0","","0","0.0","","0","0.0","","0","0.0",""
"fake_441","441","1","fake","71","4","435","5.06","17.75","65","369","0","0","2","2","0","0.0","0.0","0","0.0","0.050139","0","33","0","33","0.075862","0","","0","0.0","","0","0.0","","0","0.0",""
"fake_442","442","1","fake","70","3","426","5.0","23.33","42","383","0","0","5","2","0","0.0","0.0","0","0.0","0.028571","0","24","0","24","0.056338","0","","0","0.0","","0","0.0","","0","0.0",""
"fake_443","443","1","fake","63","3","391","5.11","21.0","49","341","0","0","4","0","0","0.0","0.0","0","0.0","0.05625","0","14","1","15","0.038363","0","","0","0.0","","0","0.0","","0","0.0",""
"fake_444","444","1","fake","80","2","476","4.89","40.0","84","391","0","0","5","0","0","0.0","0.0","0","0.0","0.064433","0","15","0","15","0.031513","0","","0","0.0","","0","0.0","","0","0.0",""
"fake_445","445","1","fake","147","7","840","4.6","21.0","60","779","0","1","6","0","0","0.0","0.006803","0","0.0","0.034024","0","42","1","43","0.05119","1","kosove","0","0.0","","1","0.006803","sipas","0","0.0",""
"fake_446","446","1","fake","84","3","477","4.56","28.0","45","431","0","0","4","4","0","0.0","0.0","0","0.0","0.04712","0","20","0","20","0.041929","0","","0","0.0","","0","0.0","","0","0.0",""
"fake_447","447","1","fake","61","3","333","4.43","20.33","62","270","0","0","3","0","0","0.0","0.0","0","0.0","0.037037","0","17","0","17","0.051051","0","","0","0.0","","0","0.0","","0","0.0",""
"fake_448","448","1","fake","86","3","502","4.74","28.67","56","445","0","0","5","1","0","0.0","0.0","0","0.0","0.029484","0","23","1","24","0.047809","0","","0","0.0","","0","0.0","","0","0.0",""
"fake_449","449","1","fake","97","6","504","4.11","16.17","69","434","0","2","2","4","0","0.0","0.020619","1","0.010309","0.055416","0","31","5","36","0.071429","0","","0","0.0","","0","0.0","","0","0.0",""
"fake_450","450","1","fake","103","4","572","4.52","25.75","41","530","0","0","4","0","0","0.0","0.0","1","0.009709","0.047312","0","32","2","34","0.059441","1","per","0","0.0","","0","0.0","","0","0.0",""
"fake_451","451","1","fake","78","4","438","4.59","19.5","79","358","0","0","2","0","0","0.0","0.0","1","0.012821","0.053073","0","20","0","20","0.045662","0","","0","0.0","","0","0.0","","1","0.012821","mund të"
"fake_452","452","1","fake","128","7","769","4.72","18.29","82","686","0","0","7","6","0","0.0","0.0","1","0.007812","0.02649","0","39","10","49","0.063719","0","","0","0.0","","1","0.007812","sipas","0","0.0",""
"fake_453","453","1","fake","63","2","373","4.89","31.5","73","299","0","0","4","0","0","0.0","0.0","0","0.0","0.029221","0","15","0","15","0.040214","0","","0","0.0","","0","0.0","","0","0.0",""
"fake_454","454","1","fake","98","5","580","4.71","19.6","58","521","0","0","1","0","0","0.0","0.0","1","0.010204","0.043384","0","45","0","45","0.077586","0","","0","0.0","","0","0.0","","0","0.0",""
"fake_455","455","1","fake","141","4","727","3.94","35.25","53","673","3","0","3","0","0","0.021277","0.0","0","0.0","0.019784","0","11","0","11","0.015131","2","eshte, nje","0","0.0","","0","0.0","","0","0.0",""
"fake_456","456","1","fake","62","3","371","4.84","20.67","78","292","0","0","6","4","0","0.0","0.0","0","0.0","0.036667","0","22","0","22","0.059299","0","","2","0.032258","bombë","0","0.0","","0","0.0",""
"fake_457","457","1","fake","89","3","496","4.46","29.67","68","427","0","0","6","4","0","0.0","0.0","1","0.011236","0.04534","0","17","0","17","0.034274","1","eshte","0","0.0","","0","0.0","","0","0.0",""
"fake_458","458","1","fake","79","4","444","4.56","19.75","40","403","0","0","2","2","0","0.0","0.0","0","0.0","0.019444","0","23","1","24","0.054054","0","","0","0.0","","0","0.0","","0","0.0",""
"fake_459","459","1","fake","53","2","327","5.17","26.5","81","245","0","0","1","0","0","0.0","0.0","0","0.0","0.036496","0","0","0","0","0.0","2","eshte, nje","0","0.0","","1","0.018868","sipas","0","0.0",""
"fake_460","460","1","fake","94","6","570","4.98","15.67","93","476","1","0","2","2","0","0.010638","0.0","2","0.021277","0.083691","0","22","0","22","0.038596","0","","0","0.0","","0","0.0","","0","0.0",""
"fake_461","461","1","fake","104","3","595","4.62","34.67","121","473","1","0","8","2","0","0.009615","0.0","0","0.0","0.04375","0","33","0","33","0.055462","0","","0","0.0","","0","0.0","","0","0.0",""
"fake_462","462","1","fake","78","5","457","4.77","15.6","18","438","2","0","4","0","0","0.025641","0.0","0","0.0","0.054054","0","23","5","28","0.061269","0","","0","0.0","","0","0.0","","0","0.0",""
"fake_463","463","1","fake","94","6","524","4.56","15.67","61","462","0","0","2","0","0","0.0","0.0","0","0.0","0.02331","0","27","0","27","0.051527","0","","0","0.0","","0","0.0","","0","0.0",""
"fake_464","464","1","fake","82","5","523","5.24","16.4","106","416","2","0","5","0","1","0.02439","0.0","0","0.0","0.067442","0","22","0","22","0.042065","0","","0","0.0","","0","0.0","","0","0.0",""
"fake_465","465","1","fake","136","4","718","4.16","34.0","92","625","0","0","6","2","2","0.0","0.0","0","0.0","0.051418","0","61","2","63","0.087744","0","","0","0.0","","0","0.0","","0","0.0",""
"fake_466","466","1","fake","69","3","418","5.03","23.0","80","337","0","0","2","0","0","0.0","0.0","0","0.0","0.028818","0","10","0","10","0.023923","1","eshte","0","0.0","","0","0.0","","0","0.0",""
"fake_467","467","1","fake","103","5","632","5.12","20.6","61","570","0","0","3","0","0","0.0","0.0","0","0.0","0.053131","0","34","1","35","0.05538","0","","0","0.0","","0","0.0","","0","0.0",""
"fake_468","468","1","fake","85","5","509","4.96","17.0","54","454","0","0","3","0","0","0.0","0.0","0","0.0","0.047619","0","36","2","38","0.074656","0","","0","0.0","","0","0.0","","0","0.0",""
"fake_469","469","1","fake","61","3","366","4.92","20.33","47","318","0","0","5","0","0","0.0","0.0","1","0.016393","0.076923","0","18","0","18","0.04918","1","eshte","0","0.0","","0","0.0","","0","0.0",""
"fake_470","470","1","fake","71","5","456","5.13","14.2","34","421","1","0","2","2","0","0.014085","0.0","0","0.0","0.07967","0","19","0","19","0.041667","0","","0","0.0","","0","0.0","","0","0.0",""
"fake_471","471","1","fake","109","6","667","4.95","18.17","46","620","0","0","8","2","0","0.0","0.0","1","0.009174","0.051852","0","34","0","34","0.050975","1","eshte","0","0.0","","2","0.018349","sipas, bëri të ditur","1","0.009174","thuhet"
"fake_472","472","1","fake","101","3","652","5.31","33.67","69","582","0","0","8","0","0","0.0","0.0","0","0.0","0.041121","0","37","3","40","0.06135","0","","0","0.0","","0","0.0","","0","0.0",""
"fake_473","473","1","fake","76","5","470","5.12","15.2","77","392","0","0","5","2","0","0.0","0.0","0","0.0","0.059126","0","15","3","18","0.038298","0","","0","0.0","","0","0.0","","0","0.0",""
"fake_474","474","1","fake","83","4","477","4.63","20.75","61","415","0","0","4","0","1","0.0","0.0","0","0.0","0.041667","0","26","0","26","0.054507","0","","0","0.0","","0","0.0","","0","0.0",""
"fake_475","475","1","fake","140","6","829","4.79","23.33","79","749","0","1","11","4","0","0.0","0.007143","1","0.007143","0.022388","0","60","0","60","0.072376","0","","0","0.0","","0","0.0","","0","0.0",""
"fake_476","476","1","fake","1280","92","7409","4.61","13.91","73","7335","8","6","43","22","0","0.00625","0.004687","1","0.000781","0.020007","0","594","14","608","0.082062","0","","0","0.0","","0","0.0","","17","0.013281","ndoshta, mund të, supozohet"
"fake_477","477","1","fake","182","11","984","4.31","16.55","62","921","1","0","7","0","0","0.005495","0.0","0","0.0","0.016582","0","82","1","83","0.08435","0","","0","0.0","","0","0.0","","2","0.010989","mund të"
"fake_478","478","1","fake","129","4","710","4.46","32.25","62","647","0","0","5","0","0","0.0","0.0","0","0.0","0.012174","0","47","1","48","0.067606","0","","0","0.0","","0","0.0","","0","0.0",""
"fake_479","479","1","fake","112","7","667","4.88","16.0","63","603","0","0","5","0","0","0.0","0.0","1","0.008929","0.02381","0","49","0","49","0.073463","0","","0","0.0","","0","0.0","","2","0.017857","mund të"
"fake_480","480","1","fake","78","7","448","4.58","11.14","66","381","2","1","2","0","0","0.025641","0.012821","0","0.0","0.07563","0","25","4","29","0.064732","0","","0","0.0","","0","0.0","","0","0.0",""
"fake_481","481","1","fake","85","6","498","4.75","14.17","100","397","0","0","3","4","0","0.0","0.0","0","0.0","0.042079","0","25","3","28","0.056225","0","","0","0.0","","0","0.0","","0","0.0",""
"fake_482","482","1","fake","113","7","713","5.18","16.14","71","641","0","1","6","0","1","0.0","0.00885","0","0.0","0.02906","0","36","0","36","0.050491","0","","0","0.0","","0","0.0","","0","0.0",""
"fake_483","483","1","fake","80","4","467","4.74","20.0","65","401","2","0","4","0","1","0.025","0.0","0","0.0","0.05277","0","23","0","23","0.049251","0","","0","0.0","","0","0.0","","0","0.0",""
"fake_484","484","1","fake","153","9","905","4.82","17.0","101","803","1","1","5","6","0","0.006536","0.006536","2","0.013072","0.044898","0","54","3","57","0.062983","1","eshte","0","0.0","","0","0.0","","0","0.0",""
"fake_485","485","1","fake","112","5","619","4.44","22.4","64","554","0","0","2","3","0","0.0","0.0","3","0.026786","0.072435","0","40","1","41","0.066236","0","","0","0.0","","0","0.0","","2","0.017857","mund të"
"fake_486","486","1","fake","203","12","1229","4.84","16.92","114","1114","0","0","10","4","2","0.0","0.0","1","0.004926","0.050865","0","70","5","75","0.061025","0","","0","0.0","","1","0.004926","sipas","0","0.0",""
"fake_487","487","1","fake","75","7","442","4.67","10.71","45","396","0","0","3","2","0","0.0","0.0","1","0.013333","0.054286","0","33","0","33","0.074661","0","","0","0.0","","0","0.0","","0","0.0",""
"fake_488","488","1","fake","51","2","334","5.31","25.5","51","282","0","0","1","8","0","0.0","0.0","0","0.0","0.03321","0","24","0","24","0.071856","0","","0","0.0","","0","0.0","","0","0.0",""
"fake_489","489","1","fake","232","9","1369","4.73","25.78","88","1280","0","0","12","6","0","0.0","0.0","0","0.0","0.028285","0","97","1","98","0.071585","0","","0","0.0","","0","0.0","","1","0.00431","mund të"
"fake_490","490","1","fake","203","12","1229","4.84","16.92","114","1114","0","0","10","4","2","0.0","0.0","1","0.004926","0.050865","0","70","5","75","0.061025","0","","0","0.0","","1","0.004926","sipas","0","0.0",""
"fake_491","491","1","fake","102","4","545","4.28","25.5","86","458","0","0","5","0","0","0.0","0.0","0","0.0","0.032037","0","24","0","24","0.044037","0","","0","0.0","","0","0.0","","1","0.009804","ndoshta"
"fake_492","492","1","fake","654","8","3000","3.56","81.75","87","2912","1","0","2","0","1","0.001529","0.0","0","0.0","0.00429","0","0","0","0","0.0","2","per, kerkon","0","0.0","","0","0.0","","0","0.0",""
"fake_493","493","1","fake","81","3","513","5.2","27.0","86","426","0","0","5","0","0","0.0","0.0","3","0.037037","0.068884","0","23","0","23","0.044834","0","","0","0.0","","0","0.0","","0","0.0",""
"fake_494","494","1","fake","189","13","968","3.99","14.54","90","877","1","0","9","2","1","0.005291","0.0","0","0.0","0.018543","0","80","0","80","0.082645","0","","0","0.0","","0","0.0","","0","0.0",""
"fake_495","495","1","fake","197","11","1112","4.36","17.91","65","1046","0","1","12","4","1","0.0","0.005076","0","0.0","0.038462","0","80","1","81","0.072842","0","","0","0.0","","0","0.0","","0","0.0",""
"fake_496","496","1","fake","81","4","494","4.93","20.25","66","427","0","0","6","0","0","0.0","0.0","0","0.0","0.082707","0","23","2","25","0.050607","0","","0","0.0","","0","0.0","","0","0.0",""
"fake_497","497","1","fake","57","5","321","4.56","11.4","75","245","0","1","0","0","0","0.0","0.017544","0","0.0","0.034615","0","28","0","28","0.087227","0","","0","0.0","","0","0.0","","0","0.0",""
"fake_498","498","1","fake","151","8","921","5.07","18.88","85","835","0","0","2","0","0","0.0","0.0","1","0.006623","0.030065","0","63","0","63","0.068404","0","","0","0.0","","0","0.0","","0","0.0",""
"fake_499","499","1","fake","99","5","544","4.42","19.8","44","499","0","0","5","2","0","0.0","0.0","0","0.0","0.027397","0","43","4","47","0.086397","0","","0","0.0","","0","0.0","","0","0.0",""
"fake_500","500","1","fake","80","5","420","4.01","16.0","74","345","0","0","6","1","0","0.0","0.0","2","0.025","0.074766","0","13","0","13","0.030952","0","","0","0.0","","0","0.0","","0","0.0",""
"fake_501","501","1","fake","132","8","733","4.41","16.5","70","662","0","0","4","6","0","0.0","0.0","1","0.007576","0.051903","0","35","2","37","0.050477","0","","0","0.0","","0","0.0","","0","0.0",""
"fake_502","502","1","fake","79","5","436","4.29","15.8","71","364","0","0","3","0","0","0.0","0.0","0","0.0","0.047337","0","39","0","39","0.08945","0","","0","0.0","","0","0.0","","1","0.012658","mund të"
"fake_503","503","1","fake","84","4","452","4.33","21.0","41","410","0","0","3","0","0","0.0","0.0","0","0.0","0.024725","0","37","1","38","0.084071","0","","1","0.011905","e pabesueshme","0","0.0","","1","0.011905","mund të"
"fake_504","504","1","fake","135","11","800","4.79","12.27","75","724","0","0","1","0","0","0.0","0.0","1","0.007407","0.040248","0","45","0","45","0.05625","0","","0","0.0","","0","0.0","","0","0.0",""
"fake_505","505","1","fake","76","4","464","4.99","19.0","80","383","0","0","3","0","0","0.0","0.0","0","0.0","0.047493","0","33","0","33","0.071121","0","","0","0.0","","0","0.0","","0","0.0",""
"fake_506","506","1","fake","124","10","747","4.83","12.4","66","680","0","0","7","0","0","0.0","0.0","1","0.008065","0.068908","0","50","0","50","0.066934","0","","0","0.0","","0","0.0","","0","0.0",""
"fake_507","507","1","fake","52","4","282","4.33","13.0","56","225","0","0","1","0","1","0.0","0.0","0","0.0","0.022222","0","25","0","25","0.088652","0","","0","0.0","","0","0.0","","1","0.019231","mund të"
"fake_508","508","1","fake","82","4","493","4.98","20.5","71","421","0","0","2","0","0","0.0","0.0","0","0.0","0.044118","0","42","0","42","0.085193","0","","0","0.0","","0","0.0","","0","0.0",""
"fake_509","509","1","fake","130","2","710","4.43","65.0","67","642","0","0","4","0","0","0.0","0.0","0","0.0","0.038194","0","45","0","45","0.06338","0","","0","0.0","","2","0.015385","sipas","0","0.0",""
"fake_510","510","1","fake","107","5","615","4.62","21.4","77","537","2","0","3","0","0","0.018692","0.0","1","0.009346","0.038462","0","28","0","28","0.045528","1","per","0","0.0","","1","0.009346","sipas","0","0.0",""
"fake_511","511","1","fake","305","17","1597","4.11","17.94","71","1525","0","0","9","0","0","0.0","0.0","0","0.0","0.018327","0","120","11","131","0.082029","0","","0","0.0","","1","0.003279","policia","1","0.003279","mund të"
"fake_512","512","1","fake","135","5","846","5.08","27.0","67","778","0","0","8","0","0","0.0","0.0","8","0.059259","0.072886","0","63","5","68","0.080378","0","","0","0.0","","0","0.0","","0","0.0",""
"fake_513","513","1","fake","135","7","801","4.87","19.29","83","717","0","0","4","2","0","0.0","0.0","0","0.0","0.018321","0","58","0","58","0.072409","0","","0","0.0","","0","0.0","","0","0.0",""
"fake_514","514","1","fake","162","4","944","4.72","40.5","94","849","0","0","13","4","0","0.0","0.0","2","0.012346","0.04205","0","65","3","68","0.072034","0","","0","0.0","","0","0.0","","0","0.0",""
"fake_515","515","1","fake","352","17","2051","4.68","20.71","83","1967","2","0","25","14","0","0.005682","0.0","0","0.0","0.048544","0","144","0","144","0.07021","1","eshte","0","0.0","","0","0.0","","0","0.0",""
"fake_516","516","1","fake","110","4","617","4.45","27.5","65","551","0","0","6","5","0","0.0","0.0","5","0.045455","0.106122","0","28","0","28","0.045381","0","","0","0.0","","1","0.009091","ministria","1","0.009091","thuhet"
"fake_517","517","1","fake","100","6","542","4.32","16.67","47","494","1","0","7","2","0","0.01","0.0","0","0.0","0.023148","0","22","0","22","0.04059","0","","0","0.0","","0","0.0","","0","0.0",""
"fake_518","518","1","fake","149","7","824","4.49","21.29","86","737","0","0","3","2","0","0.0","0.0","0","0.0","0.043413","0","70","8","78","0.09466","0","","0","0.0","","0","0.0","","1","0.006711","mund të"
"fake_519","519","1","fake","158","11","860","4.27","14.36","60","799","0","0","7","2","2","0.0","0.0","0","0.0","0.054978","0","53","0","53","0.061628","1","eshte","0","0.0","","0","0.0","","0","0.0",""
"fake_520","520","1","fake","162","3","882","4.27","54.0","76","805","0","0","12","0","0","0.0","0.0","3","0.018519","0.087209","0","55","0","55","0.062358","1","per","0","0.0","","0","0.0","","3","0.018519","mund të"
"fake_521","521","1","fake","140","8","819","4.6","17.5","113","705","0","0","7","2","0","0.0","0.0","2","0.014286","0.046584","0","55","0","55","0.067155","0","","0","0.0","","1","0.007143","policia","0","0.0",""
"fake_522","522","1","fake","107","6","597","4.44","17.83","39","557","0","0","6","2","0","0.0","0.0","2","0.018692","0.065263","0","38","0","38","0.063652","0","","0","0.0","","0","0.0","","0","0.0",""
"fake_523","523","1","fake","686","88","3822","4.33","7.8","112","3709","2","0","26","2","2","0.002915","0.0","1","0.001458","0.020202","0","296","4","300","0.078493","0","","0","0.0","","0","0.0","","11","0.016035","mund të"
"fake_524","524","1","fake","43","1","227","4.21","43.0","81","145","0","0","2","0","3","0.0","0.0","0","0.0","0.038674","0","8","0","8","0.035242","0","","0","0.0","","0","0.0","","0","0.0",""
"fake_525","525","1","fake","301","25","1692","4.51","12.04","69","1622","3","1","10","0","0","0.009967","0.003322","0","0.0","0.02651","0","134","4","138","0.08156","0","","0","0.0","","0","0.0","","2","0.006645","ndoshta, mund të"
"fake_526","526","1","fake","73","6","386","4.11","12.17","71","314","0","0","2","6","0","0.0","0.0","4","0.054795","0.16","0","12","6","18","0.046632","0","","0","0.0","","0","0.0","","0","0.0",""
"fake_527","527","1","fake","76","4","447","4.76","19.0","59","387","0","1","4","2","0","0.0","0.013158","0","0.0","0.038674","0","19","0","19","0.042506","0","","0","0.0","","0","0.0","","0","0.0",""
"fake_528","528","1","fake","189","8","1024","4.36","23.62","70","953","1","0","1","0","0","0.005291","0.0","1","0.005291","0.046398","0","60","1","61","0.05957","0","","0","0.0","","0","0.0","","0","0.0",""
"fake_529","529","1","fake","192","10","1127","4.76","19.2","104","1022","1","0","6","14","0","0.005208","0.0","2","0.010417","0.050494","0","88","1","89","0.078971","0","","0","0.0","","1","0.005208","sipas","0","0.0",""
"fake_530","530","1","fake","142","5","784","4.38","28.4","64","719","0","0","6","4","0","0.0","0.0","0","0.0","0.027331","0","51","1","52","0.066327","0","","0","0.0","","0","0.0","","0","0.0",""
"fake_531","531","1","fake","86","4","529","5.13","21.5","44","484","0","1","2","0","0","0.0","0.011628","1","0.011628","0.0839","0","1","1","2","0.003781","0","","0","0.0","","0","0.0","","0","0.0",""
"fake_532","532","1","fake","157","8","821","4.09","19.62","57","763","3","0","2","0","0","0.019108","0.0","6","0.038217","0.137008","0","0","0","0","0.0","3","eshte, per, nje","0","0.0","","0","0.0","","0","0.0",""
"fake_533","533","1","fake","63","3","419","5.52","21.0","97","321","1","0","3","0","0","0.015873","0.0","0","0.0","0.034483","0","29","0","29","0.069212","0","","0","0.0","","1","0.015873","ministria","0","0.0",""
"fake_534","534","1","fake","170","12","931","4.38","14.17","118","812","1","0","9","2","0","0.005882","0.0","0","0.0","0.044295","0","45","3","48","0.051557","0","","0","0.0","","0","0.0","","0","0.0",""
"fake_535","535","1","fake","96","4","589","5.02","24.0","74","514","0","0","5","0","0","0.0","0.0","1","0.010417","0.060166","0","27","4","31","0.052632","0","","0","0.0","","0","0.0","","0","0.0",""
"fake_536","536","1","fake","65","3","386","4.75","21.67","58","327","0","0","4","6","0","0.0","0.0","1","0.015385","0.038961","0","23","0","23","0.059585","0","","0","0.0","","1","0.015385","sipas","0","0.0",""
"fake_537","537","1","fake","79","4","458","4.73","19.75","56","401","0","0","4","0","0","0.0","0.0","0","0.0","0.045455","0","29","2","31","0.067686","0","","0","0.0","","0","0.0","","0","0.0",""
"fake_538","538","1","fake","74","3","401","4.31","24.67","71","329","0","0","4","4","0","0.0","0.0","0","0.0","0.050314","0","22","3","25","0.062344","0","","0","0.0","","0","0.0","","0","0.0",""
"fake_539","539","1","fake","96","4","517","4.34","24.0","70","446","0","0","4","0","1","0.0","0.0","1","0.010417","0.064748","0","27","0","27","0.052224","0","","0","0.0","","0","0.0","","0","0.0",""
"fake_540","540","1","fake","87","5","544","5.05","17.4","72","471","0","0","11","0","0","0.0","0.0","1","0.011494","0.071101","0","31","0","31","0.056985","0","","0","0.0","","0","0.0","","0","0.0",""
"fake_541","541","1","fake","140","14","925","4.96","10.0","67","857","2","0","6","0","0","0.014286","0.0","4","0.028571","0.063584","0","48","0","48","0.051892","0","","0","0.0","","0","0.0","","0","0.0",""
"fake_542","542","1","fake","50","2","272","4.3","25.0","79","192","0","0","1","0","1","0.0","0.0","3","0.06","0.139535","0","11","0","11","0.040441","0","","0","0.0","","0","0.0","","0","0.0",""
"fake_543","543","1","fake","156","4","928","4.88","39.0","69","858","1","0","0","0","0","0.00641","0.0","0","0.0","0.053947","0","65","0","65","0.070043","0","","0","0.0","","0","0.0","","0","0.0",""
"fake_544","544","1","fake","209","9","1256","4.9","23.22","66","1189","0","1","8","2","0","0.0","0.004785","0","0.0","0.037109","0","96","1","97","0.077229","0","","0","0.0","","3","0.014354","ministria","1","0.004785","thuhet"
"fake_545","545","1","fake","84","6","494","4.79","14.0","82","411","0","0","6","0","0","0.0","0.0","0","0.0","0.024938","0","35","0","35","0.07085","0","","1","0.011905","e pabesueshme","1","0.011905","sipas","0","0.0",""
"fake_546","546","1","fake","76","4","457","4.8","19.0","53","403","0","0","5","2","0","0.0","0.0","1","0.013158","0.041096","0","26","1","27","0.059081","0","","0","0.0","","1","0.013158","policia","0","0.0",""
"fake_547","547","1","fake","97","6","547","4.58","16.17","50","496","0","0","2","2","0","0.0","0.0","0","0.0","0.022523","0","28","0","28","0.051188","0","","0","0.0","","0","0.0","","0","0.0",""
"fake_548","548","1","fake","105","4","612","4.76","26.25","66","545","0","0","2","2","0","0.0","0.0","0","0.0","0.034","0","42","0","42","0.068627","0","","0","0.0","","0","0.0","","1","0.009524","thuhet"
"fake_549","549","1","fake","152","7","1039","5.61","21.71","79","959","0","0","13","2","0","0.0","0.0","2","0.013158","0.058754","0","61","0","61","0.05871","0","","0","0.0","","2","0.013158","sipas","1","0.006579","thuhet"
"fake_550","550","1","fake","122","4","730","4.84","30.5","63","666","0","0","8","0","0","0.0","0.0","0","0.0","0.042373","0","49","6","55","0.075342","0","","0","0.0","","0","0.0","","0","0.0",""
"fake_551","551","1","fake","134","4","771","4.69","33.5","111","659","0","0","8","0","2","0.0","0.0","6","0.044776","0.084665","0","18","0","18","0.023346","1","eshte","0","0.0","","0","0.0","","0","0.0",""
"fake_552","552","1","fake","154","10","991","5.35","15.4","98","892","0","0","3","0","0","0.0","0.0","1","0.006494","0.038835","0","72","0","72","0.072654","0","","0","0.0","","0","0.0","","0","0.0",""
"fake_553","553","1","fake","97","6","529","4.35","16.17","86","442","0","0","4","0","0","0.0","0.0","0","0.0","0.030806","0","42","1","43","0.081285","0","","1","0.010309","nuk do ta besoni","0","0.0","","0","0.0",""
"fake_554","554","1","fake","593","22","3401","4.62","26.95","55","3345","0","0","21","14","0","0.0","0.0","2","0.003373","0.021549","0","267","2","269","0.079094","1","kosove","0","0.0","","2","0.003373","sipas","2","0.003373","mund të"
"fake_555","555","1","fake","158","7","898","4.37","22.57","78","819","0","0","5","0","0","0.0","0.0","4","0.025316","0.068116","0","64","0","64","0.071269","0","","0","0.0","","1","0.006329","sipas","0","0.0",""
"fake_556","556","1","fake","86","2","525","4.99","43.0","53","471","0","0","7","2","0","0.0","0.0","1","0.011628","0.042155","0","36","1","37","0.070476","0","","0","0.0","","0","0.0","","1","0.011628","supozohet"
"fake_557","557","1","fake","77","3","454","4.82","25.67","96","357","0","0","1","0","0","0.0","0.0","1","0.012987","0.043127","0","24","0","24","0.052863","2","eshte, behet","0","0.0","","0","0.0","","0","0.0",""
"fake_558","558","1","fake","256","8","1337","4.14","32.0","96","1240","0","2","16","4","0","0.0","0.007812","2","0.007812","0.04524","0","98","6","104","0.077786","2","eshte, behet","0","0.0","","0","0.0","","0","0.0",""
"fake_559","559","1","fake","186","7","998","4.32","26.57","89","908","0","0","6","1","0","0.0","0.0","1","0.005376","0.038557","0","72","0","72","0.072144","1","eshte","0","0.0","","0","0.0","","0","0.0",""
"fake_560","560","1","fake","349","12","2125","4.91","29.08","91","2033","0","0","20","2","0","0.0","0.0","5","0.014327","0.034422","0","150","0","150","0.070588","0","","0","0.0","","2","0.005731","raportoi, studimi","1","0.002865","mund të"
"fake_561","561","1","fake","274","16","1732","5.19","17.12","88","1643","1","0","14","4","0","0.00365","0.0","1","0.00365","0.040874","0","115","2","117","0.067552","0","","0","0.0","","1","0.00365","sipas","0","0.0",""
"fake_562","562","1","fake","106","4","628","4.85","26.5","84","543","0","0","5","1","0","0.0","0.0","0","0.0","0.019455","0","33","1","34","0.05414","2","eshte, per","0","0.0","","0","0.0","","0","0.0",""
"fake_563","563","1","fake","139","6","875","5.24","23.17","57","817","0","0","7","0","0","0.0","0.0","0","0.0","0.016484","0","64","1","65","0.074286","0","","0","0.0","","0","0.0","","1","0.007194","mund të"
"fake_564","564","1","fake","396","18","2382","4.86","22.0","83","2298","0","0","26","7","1","0.0","0.0","0","0.0","0.028052","0","153","2","155","0.065071","0","","0","0.0","","1","0.002525","sipas","1","0.002525","mund të"
"fake_566","566","1","fake","157","7","835","4.23","22.43","101","733","0","0","8","0","0","0.0","0.0","0","0.0","0.037651","0","74","3","77","0.092216","0","","0","0.0","","0","0.0","","0","0.0",""
"fake_567","567","1","fake","116","7","681","4.64","16.57","58","622","0","0","10","4","0","0.0","0.0","2","0.017241","0.048689","0","26","0","26","0.038179","0","","0","0.0","","2","0.017241","sipas","0","0.0",""
"fake_568","568","1","fake","93","2","530","4.61","46.5","53","476","0","0","2","4","0","0.0","0.0","1","0.010753","0.041958","0","32","0","32","0.060377","3","kosove, per, nje","0","0.0","","0","0.0","","0","0.0",""
"fake_569","569","1","fake","227","8","1318","4.59","28.38","83","1234","0","0","9","20","0","0.0","0.0","4","0.017621","0.026871","0","94","0","94","0.07132","1","per","0","0.0","","0","0.0","","0","0.0",""
"fake_570","570","1","fake","118","6","644","4.36","19.67","61","582","0","0","5","2","0","0.0","0.0","0","0.0","0.033074","0","40","0","40","0.062112","0","","0","0.0","","0","0.0","","0","0.0",""
"fake_571","571","1","fake","98","3","673","5.39","32.67","53","619","0","0","10","2","0","0.0","0.0","0","0.0","0.045541","0","42","1","43","0.063893","0","","0","0.0","","0","0.0","","1","0.010204","thuhet"
"fake_572","572","1","fake","115","5","625","4.34","23.0","50","574","0","0","9","0","0","0.0","0.0","2","0.017391","0.100402","0","31","1","32","0.0512","1","eshte","0","0.0","","0","0.0","","2","0.017391","mund të"
"fake_573","573","1","fake","105","5","625","4.84","21.0","64","560","0","0","7","0","0","0.0","0.0","1","0.009524","0.057087","0","37","5","42","0.0672","0","","0","0.0","","1","0.009524","sipas","0","0.0",""
"fake_574","574","1","fake","94","7","555","4.62","13.43","65","489","0","0","3","0","0","0.0","0.0","2","0.021277","0.069124","0","36","0","36","0.064865","1","behet","0","0.0","","0","0.0","","0","0.0",""
"fake_575","575","1","fake","87","5","502","4.57","17.4","43","458","0","1","10","6","0","0.0","0.011494","0","0.0","0.037688","0","35","1","36","0.071713","0","","0","0.0","","0","0.0","","0","0.0",""
"fake_576","576","1","fake","93","5","528","4.58","18.6","85","442","1","1","4","0","0","0.010753","0.010753","2","0.021505","0.093897","0","27","2","29","0.054924","0","","0","0.0","","1","0.010753","sipas","1","0.010753","mund të"
"fake_577","577","1","fake","126","2","741","4.86","63.0","69","671","0","0","3","0","0","0.0","0.0","0","0.0","0.021242","0","0","0","0","0.0","3","eshte, per, nje","0","0.0","","0","0.0","","0","0.0",""
"fake_578","578","1","fake","131","4","785","4.89","32.75","75","709","0","0","4","4","0","0.0","0.0","2","0.015267","0.039062","0","56","2","58","0.073885","0","","0","0.0","","0","0.0","","1","0.007634","mund të"
"fake_579","579","1","fake","455","20","2919","5.28","22.75","56","2862","0","0","27","10","0","0.0","0.0","2","0.004396","0.020391","0","210","4","214","0.073313","0","","0","0.0","","0","0.0","","9","0.01978","mund të"
"fake_580","580","1","fake","146","7","813","4.42","20.86","45","767","0","0","4","4","0","0.0","0.0","0","0.0","0.023256","0","77","1","78","0.095941","0","","0","0.0","","2","0.013699","sipas","2","0.013699","mund të"
"fake_581","581","1","fake","91","6","572","5.18","15.17","88","483","0","0","2","0","0","0.0","0.0","3","0.032967","0.072495","0","39","0","39","0.068182","0","","0","0.0","","0","0.0","","0","0.0",""
"fake_582","582","1","fake","111","5","550","3.87","22.2","66","483","0","1","4","2","0","0.0","0.009009","0","0.0","0.049065","0","33","2","35","0.063636","1","per","0","0.0","","0","0.0","","0","0.0",""
"fake_583","583","1","fake","191","4","998","4.17","47.75","91","906","0","0","3","2","1","0.0","0.0","1","0.005236","0.04534","0","50","2","52","0.052104","0","","0","0.0","","0","0.0","","1","0.005236","ndoshta"
"fake_584","584","1","fake","90","5","538","4.89","18.0","29","508","0","0","5","0","0","0.0","0.0","0","0.0","0.027273","0","38","1","39","0.072491","0","","0","0.0","","0","0.0","","0","0.0",""
"fake_585","585","1","fake","152","8","836","4.36","19.0","101","734","1","0","6","1","0","0.006579","0.0","3","0.019737","0.055891","0","32","1","33","0.039474","0","","0","0.0","","0","0.0","","0","0.0",""
"fake_586","586","1","fake","165","6","1068","5.39","27.5","62","1005","0","0","7","2","0","0.0","0.0","0","0.0","0.011249","0","60","1","61","0.057116","0","","0","0.0","","0","0.0","","0","0.0",""
"fake_587","587","1","fake","118","5","691","4.81","23.6","68","622","0","0","0","6","0","0.0","0.0","0","0.0","0.040564","0","57","0","57","0.082489","0","","0","0.0","","0","0.0","","0","0.0",""
"fake_588","588","1","fake","158","7","805","3.92","22.57","75","729","0","1","14","1","1","0.0","0.006329","0","0.0","0.024233","0","57","3","60","0.074534","0","","0","0.0","","1","0.006329","sipas","0","0.0",""
"fake_589","589","1","fake","108","7","606","4.48","15.43","58","547","0","1","5","2","2","0.0","0.009259","0","0.0","0.037267","0","34","0","34","0.056106","0","","0","0.0","","0","0.0","","0","0.0",""
"fake_590","590","1","fake","173","3","932","4.31","57.67","105","826","1","0","8","0","0","0.00578","0.0","0","0.0","0.032172","0","59","2","61","0.065451","1","per","0","0.0","","0","0.0","","0","0.0",""
"fake_591","591","1","fake","170","7","1104","5.39","24.29","102","1001","0","0","6","1","0","0.0","0.0","5","0.029412","0.04476","0","72","3","75","0.067935","0","","0","0.0","","0","0.0","","0","0.0",""
"fake_592","592","1","fake","97","3","511","4.11","32.33","88","422","0","0","4","0","0","0.0","0.0","0","0.0","0.032581","0","32","0","32","0.062622","0","","0","0.0","","1","0.010309","deklaroi","0","0.0",""
"fake_593","593","1","fake","272","9","1539","4.61","30.22","95","1443","0","0","1","0","0","0.0","0.0","3","0.011029","0.0408","0","92","3","95","0.061728","0","","0","0.0","","0","0.0","","0","0.0",""
"fake_594","594","1","fake","102","5","580","4.52","20.4","87","492","0","0","7","0","1","0.0","0.0","0","0.0","0.02603","0","52","1","53","0.091379","0","","0","0.0","","0","0.0","","1","0.009804","dyshohet"
"fake_595","595","1","fake","146","7","879","4.85","20.86","91","787","2","0","0","0","1","0.013699","0.0","0","0.0","0.031073","0","75","0","75","0.085324","0","","0","0.0","","1","0.006849","sipas","0","0.0",""
"fake_596","596","1","fake","154","6","858","4.5","25.67","52","805","1","0","6","2","0","0.006494","0.0","0","0.0","0.052098","0","56","2","58","0.067599","0","","0","0.0","","0","0.0","","2","0.012987","mund të"
"fake_597","597","1","fake","145","10","922","5.23","14.5","91","830","4","0","12","0","2","0.027586","0.0","1","0.006897","0.055482","0","31","0","31","0.033623","0","","0","0.0","","0","0.0","","0","0.0",""
"fake_598","598","1","fake","99","5","546","4.31","19.8","114","431","0","0","5","2","0","0.0","0.0","1","0.010101","0.065574","0","40","3","43","0.078755","0","","0","0.0","","0","0.0","","0","0.0",""
"fake_599","599","1","fake","120","8","732","4.94","15.0","51","680","1","0","9","2","0","0.008333","0.0","2","0.016667","0.059022","0","23","2","25","0.034153","1","per","0","0.0","","0","0.0","","0","0.0",""
"fake_600","600","1","fake","145","5","824","4.59","29.0","71","752","1","1","7","0","0","0.006897","0.006897","2","0.013793","0.04812","0","54","8","62","0.075243","0","","1","0.006897","nuk do ta besoni","0","0.0","","0","0.0",""
"fake_601","601","1","fake","134","11","870","5.36","12.18","69","800","0","0","2","0","0","0.0","0.0","2","0.014925","0.043175","0","42","0","42","0.048276","0","","0","0.0","","0","0.0","","4","0.029851","ndoshta"
"fake_602","602","1","fake","161","9","941","4.71","17.89","68","872","0","0","9","0","0","0.0","0.0","0","0.0","0.013175","0","84","1","85","0.090329","0","","0","0.0","","0","0.0","","2","0.012422","mund të"
"fake_603","603","1","fake","501","16","3020","4.88","31.31","98","2921","0","0","29","9","0","0.0","0.0","1","0.001996","0.018837","0","243","5","248","0.082119","0","","0","0.0","","0","0.0","","7","0.013972","mund të"
"fake_604","604","1","fake","228","12","1362","4.7","19.0","29","1332","0","0","16","2","0","0.0","0.0","3","0.013158","0.033582","0","93","1","94","0.069016","0","","0","0.0","","2","0.008772","sipas, ministria","0","0.0",""
"fake_605","605","1","fake","83","7","553","5.31","11.86","50","502","1","0","3","0","0","0.012048","0.0","5","0.060241","0.130137","0","38","0","38","0.068716","0","","0","0.0","","1","0.012048","ministria","0","0.0",""
"fake_606","606","1","fake","80","4","445","4.5","20.0","74","370","0","0","5","0","0","0.0","0.0","0","0.0","0.033333","0","28","0","28","0.062921","0","","0","0.0","","0","0.0","","0","0.0",""
"fake_607","607","1","fake","105","5","618","4.84","21.0","80","537","1","0","3","0","0","0.009524","0.0","0","0.0","0.057199","0","26","6","32","0.05178","0","","0","0.0","","0","0.0","","0","0.0",""
"fake_608","608","1","fake","164","7","1127","5.75","23.43","95","1031","0","0","6","6","0","0.0","0.0","7","0.042683","0.109226","0","60","0","60","0.053239","0","","0","0.0","","0","0.0","","0","0.0",""
"fake_609","609","1","fake","131","7","711","4.32","18.71","110","600","0","0","5","2","0","0.0","0.0","3","0.022901","0.064057","0","51","1","52","0.073136","0","","0","0.0","","0","0.0","","0","0.0",""
"fake_610","610","1","fake","134","9","720","4.19","14.89","72","647","0","0","6","2","0","0.0","0.0","0","0.0","0.02669","0","62","0","62","0.086111","0","","0","0.0","","0","0.0","","0","0.0",""
"fake_611","611","1","fake","124","7","731","4.82","17.71","63","667","1","1","5","0","0","0.008065","0.008065","3","0.024194","0.056856","0","26","1","27","0.036936","0","","0","0.0","","0","0.0","","0","0.0",""
"fake_612","612","1","fake","89","5","555","5.01","17.8","97","457","0","0","8","0","0","0.0","0.0","3","0.033708","0.058296","0","27","0","27","0.048649","3","eshte, per, nje","0","0.0","","0","0.0","","0","0.0",""
"fake_613","613","1","fake","151","7","852","4.44","21.57","86","765","2","0","9","0","0","0.013245","0.0","0","0.0","0.025335","0","74","0","74","0.086854","0","","0","0.0","","2","0.013245","ministria","0","0.0",""
"fake_614","614","1","fake","465","14","3224","5.33","33.21","54","3169","0","1","32","0","0","0.0","0.002151","5","0.010753","0.06255","0","96","0","96","0.029777","0","","0","0.0","","24","0.051613","sipas","0","0.0",""
"fake_615","615","1","fake","167","4","1099","5.39","41.75","70","1028","0","0","8","2","0","0.0","0.0","0","0.0","0.021111","0","73","0","73","0.066424","0","","0","0.0","","1","0.005988","institucioni","2","0.011976","thuhet"
"fake_616","616","1","fake","92","5","505","4.35","18.4","103","401","2","0","7","0","0","0.021739","0.0","4","0.043478","0.11809","0","27","2","29","0.057426","0","","0","0.0","","0","0.0","","0","0.0",""
"fake_617","617","1","fake","89","3","609","5.71","29.67","95","513","0","0","3","4","0","0.0","0.0","4","0.044944","0.120079","0","31","0","31","0.050903","0","","0","0.0","","0","0.0","","0","0.0",""
"fake_618","618","1","fake","97","5","524","4.33","19.4","71","452","0","0","4","0","0","0.0","0.0","1","0.010309","0.045238","0","0","1","1","0.001908","3","eshte, kosove, nje","0","0.0","","0","0.0","","0","0.0",""
"fake_619","619","1","fake","85","5","478","4.47","17.0","93","384","0","0","3","8","0","0.0","0.0","0","0.0","0.052632","0","17","0","17","0.035565","0","","0","0.0","","0","0.0","","0","0.0",""
"fake_620","620","1","fake","225","15","1351","4.8","15.0","49","1301","1","0","16","4","0","0.004444","0.0","1","0.004444","0.030556","0","84","1","85","0.062916","1","nje","0","0.0","","1","0.004444","sipas","0","0.0",""
"fake_621","621","1","fake","280","11","1480","4.19","25.45","86","1393","0","1","13","2","1","0.0","0.003571","0","0.0","0.01448","0","97","8","105","0.070946","0","","0","0.0","","0","0.0","","0","0.0",""
"fake_622","622","1","fake","232","10","1572","5.68","23.2","60","1511","0","1","21","0","0","0.0","0.00431","1","0.00431","0.014438","0","98","0","98","0.062341","0","","0","0.0","","0","0.0","","3","0.012931","thuhet, mund të"
"fake_623","623","1","fake","87","4","494","4.59","21.75","55","438","0","0","5","0","0","0.0","0.0","1","0.011494","0.027569","0","2","0","2","0.004049","2","per, nje","0","0.0","","0","0.0","","0","0.0",""
"fake_624","624","1","fake","98","5","601","4.98","19.6","104","496","0","0","5","0","0","0.0","0.0","3","0.030612","0.081967","0","25","1","26","0.043261","1","per","0","0.0","","0","0.0","","0","0.0",""
"fake_625","625","1","fake","124","8","738","4.72","15.5","80","657","2","0","8","2","0","0.016129","0.0","1","0.008065","0.041026","0","51","0","51","0.069106","0","","0","0.0","","0","0.0","","0","0.0",""
"fake_626","626","1","fake","86","6","532","5.07","14.33","95","436","0","0","3","0","0","0.0","0.0","1","0.011628","0.027523","0","26","0","26","0.048872","1","eshte","0","0.0","","0","0.0","","0","0.0",""
"fake_627","627","1","fake","63","3","372","4.79","21.0","60","311","0","0","2","0","0","0.0","0.0","2","0.031746","0.06","0","21","1","22","0.05914","0","","0","0.0","","0","0.0","","0","0.0",""
"fake_628","628","1","fake","110","4","674","5.05","27.5","113","560","0","0","2","0","0","0.0","0.0","2","0.018182","0.039568","0","36","0","36","0.053412","0","","0","0.0","","0","0.0","","0","0.0",""
"fake_629","629","1","fake","93","4","542","4.7","23.25","43","498","0","0","9","2","0","0.0","0.0","0","0.0","0.020595","0","40","0","40","0.073801","0","","0","0.0","","0","0.0","","0","0.0",""
"fake_630","630","1","fake","116","1","673","4.78","116.0","80","592","0","0","0","0","2","0.0","0.0","6","0.051724","0.099099","0","0","0","0","0.0","2","per, nje","0","0.0","","0","0.0","","0","0.0",""
"fake_631","631","1","fake","128","4","772","4.81","32.0","103","668","0","0","10","4","2","0.0","0.0","0","0.0","0.050325","0","34","4","38","0.049223","0","","0","0.0","","0","0.0","","0","0.0",""
"fake_632","632","1","fake","181","10","1051","4.74","18.1","92","958","1","0","2","6","1","0.005525","0.0","2","0.01105","0.04662","0","75","6","81","0.077069","0","","0","0.0","","0","0.0","","4","0.022099","thuhet, mund të"
"fake_633","633","1","fake","272","11","1506","4.43","24.73","149","1356","0","2","17","6","0","0.0","0.007353","0","0.0","0.016598","0","130","3","133","0.088313","0","","0","0.0","","1","0.003676","sipas","0","0.0",""
"fake_634","634","1","fake","114","3","729","5.3","38.0","77","651","0","0","6","2","0","0.0","0.0","2","0.017544","0.056385","0","42","1","43","0.058985","1","per","0","0.0","","1","0.008772","sipas","0","0.0",""
"fake_635","635","1","fake","169","22","976","4.6","7.68","91","884","2","0","8","4","0","0.011834","0.0","0","0.0","0.03856","0","69","0","69","0.070697","0","","0","0.0","","3","0.017751","sipas","0","0.0",""
"fake_636","636","1","fake","101","2","526","4.15","50.5","54","471","0","0","3","0","0","0.0","0.0","2","0.019802","0.071599","0","41","2","43","0.081749","0","","0","0.0","","0","0.0","","0","0.0",""
"fake_637","637","1","fake","161","9","797","3.78","17.89","123","673","0","1","8","1","0","0.0","0.006211","0","0.0","0.057566","0","64","4","68","0.08532","0","","0","0.0","","0","0.0","","0","0.0",""
"fake_638","638","1","fake","174","7","982","4.59","24.86","99","882","1","0","5","0","0","0.005747","0.0","0","0.0","0.021303","0","71","0","71","0.072301","0","","1","0.005747","urgjente","0","0.0","","1","0.005747","mund të"
"fake_639","639","1","fake","156","6","892","4.53","26.0","75","816","0","0","7","4","0","0.0","0.0","0","0.0","0.014164","0","82","2","84","0.09417","0","","0","0.0","","0","0.0","","0","0.0",""
"fake_640","640","1","fake","127","6","761","4.87","21.17","39","721","1","1","9","0","0","0.007874","0.007874","6","0.047244","0.088997","0","53","1","54","0.070959","0","","0","0.0","","0","0.0","","0","0.0",""
"fake_641","641","1","fake","87","5","487","4.54","17.4","63","423","0","1","3","0","0","0.0","0.011494","0","0.0","0.040609","0","28","0","28","0.057495","0","","0","0.0","","1","0.011494","sipas","0","0.0",""
"fake_642","642","1","fake","168","4","898","4.28","42.0","93","804","0","0","9","2","0","0.0","0.0","0","0.0","0.020862","0","39","0","39","0.04343","3","eshte, per, nje","1","0.005952","alarm","0","0.0","","0","0.0",""
"fake_643","643","1","fake","101","6","640","4.94","16.83","52","587","0","0","6","2","0","0.0","0.0","0","0.0","0.044177","0","29","1","30","0.046875","1","eshte","0","0.0","","0","0.0","","0","0.0",""
"fake_644","644","1","fake","251","10","1601","5.24","25.1","62","1538","0","0","20","4","0","0.0","0.0","2","0.007968","0.025856","0","127","3","130","0.081199","0","","0","0.0","","1","0.003984","sipas","0","0.0",""
"fake_645","645","1","fake","190","19","1211","4.88","10.0","79","1131","0","0","13","0","0","0.0","0.0","0","0.0","0.014009","0","94","0","94","0.077622","0","","0","0.0","","0","0.0","","1","0.005263","mund të"
"fake_646","646","1","fake","242","8","1288","4.23","30.25","99","1188","0","0","12","0","0","0.0","0.0","8","0.033058","0.065494","0","84","0","84","0.065217","1","eshte","0","0.0","","0","0.0","","0","0.0",""
"fake_647","647","1","fake","96","5","534","4.49","19.2","49","484","0","0","4","2","0","0.0","0.0","0","0.0","0.025522","0","29","1","30","0.05618","0","","0","0.0","","0","0.0","","0","0.0",""
"fake_648","648","1","fake","150","10","853","4.45","15.0","90","762","0","0","9","1","0","0.0","0.0","0","0.0","0.031437","0","71","2","73","0.08558","0","","0","0.0","","1","0.006667","sipas","1","0.006667","thuhet"
"fake_649","649","1","fake","136","7","811","4.88","19.43","69","741","0","0","7","2","0","0.0","0.0","1","0.007353","0.06231","0","71","1","72","0.088779","0","","0","0.0","","1","0.007353","deklaroi","0","0.0",""
"fake_650","650","1","fake","244","43","1355","4.47","5.67","132","1222","2","0","8","0","0","0.008197","0.0","0","0.0","0.017431","0","107","5","112","0.082657","0","","0","0.0","","0","0.0","","0","0.0",""
"fake_651","651","1","fake","105","3","677","5.36","35.0","110","566","0","0","8","0","0","0.0","0.0","0","0.0","0.060932","0","43","3","46","0.067947","0","","0","0.0","","0","0.0","","0","0.0",""
"fake_652","652","1","fake","78","4","480","4.96","19.5","68","411","0","0","5","0","0","0.0","0.0","0","0.0","0.031008","0","27","2","29","0.060417","0","","0","0.0","","0","0.0","","0","0.0",""
"fake_653","653","1","fake","189","7","1069","4.49","27.0","114","954","0","0","8","2","0","0.0","0.0","0","0.0","0.034198","0","68","2","70","0.065482","0","","0","0.0","","2","0.010582","deklaroi","2","0.010582","mund të"
"fake_654","654","1","fake","126","4","756","4.93","31.5","113","642","0","0","2","0","0","0.0","0.0","2","0.015873","0.040258","0","36","0","36","0.047619","0","","0","0.0","","0","0.0","","0","0.0",""
"fake_655","655","1","fake","161","26","891","4.38","6.19","85","805","0","0","11","6","0","0.0","0.0","0","0.0","0.051136","0","48","0","48","0.053872","0","","0","0.0","","1","0.006211","sipas","3","0.018634","ndoshta, mund të"
"fake_656","656","1","fake","446","24","2626","4.81","18.58","53","2572","0","0","15","0","0","0.0","0.0","0","0.0","0.014911","0","212","9","221","0.084158","0","","0","0.0","","1","0.002242","sipas","1","0.002242","mund të"
"fake_657","657","1","fake","150","6","863","4.68","25.0","99","763","0","0","7","0","0","0.0","0.0","0","0.0","0.024251","0","74","2","76","0.088065","0","","0","0.0","","0","0.0","","0","0.0",""
"fake_658","658","1","fake","110","7","710","5.28","15.71","78","631","0","0","6","4","1","0.0","0.0","3","0.027273","0.070568","0","35","0","35","0.049296","0","","0","0.0","","2","0.018182","policia","2","0.018182","thuhet"
"fake_659","659","1","fake","145","7","920","5.12","20.71","97","822","1","3","8","2","0","0.006897","0.02069","4","0.027586","0.086253","0","46","1","47","0.051087","0","","0","0.0","","0","0.0","","0","0.0",""
"fake_660","660","1","fake","127","8","734","4.7","15.88","45","688","0","1","8","0","0","0.0","0.007874","0","0.0","0.030151","0","63","0","63","0.085831","0","","0","0.0","","0","0.0","","0","0.0",""
"fake_661","661","1","fake","164","6","1016","5.08","27.33","86","929","0","0","9","4","0","0.0","0.0","5","0.030488","0.055222","0","79","0","79","0.077756","0","","0","0.0","","0","0.0","","0","0.0",""
"fake_662","662","1","fake","189","10","1009","4.17","18.9","86","922","1","1","6","2","0","0.005291","0.005291","0","0.0","0.017744","0","107","2","109","0.108028","0","","0","0.0","","0","0.0","","0","0.0",""
"fake_663","663","1","fake","94","4","611","5.38","23.5","38","572","0","0","9","0","0","0.0","0.0","0","0.0","0.043478","0","29","0","29","0.047463","1","per","0","0.0","","0","0.0","","0","0.0",""
"fake_664","664","1","fake","117","4","710","4.98","29.25","68","641","1","0","9","0","0","0.008547","0.0","0","0.0","0.044597","0","40","2","42","0.059155","2","eshte, behet","0","0.0","","0","0.0","","2","0.017094","mund të"
"fake_665","665","1","fake","123","4","723","4.82","30.75","54","668","0","0","3","0","0","0.0","0.0","4","0.03252","0.057336","0","38","0","38","0.052559","1","eshte","0","0.0","","0","0.0","","1","0.00813","mund të"
"fake_666","666","1","fake","182","5","1103","4.82","36.4","92","1010","1","3","6","0","0","0.005495","0.016484","10","0.054945","0.097365","0","66","0","66","0.059837","2","eshte, per","0","0.0","","0","0.0","","0","0.0",""
"fake_667","667","1","fake","235","13","1428","4.93","18.08","61","1366","2","0","20","12","0","0.008511","0.0","2","0.008511","0.065744","0","70","7","77","0.053922","0","","0","0.0","","0","0.0","","6","0.025532","thuhet, mund të"
"fake_668","668","1","fake","196","7","1234","5.22","28.0","113","1120","0","0","4","0","0","0.0","0.0","3","0.015306","0.036168","0","72","0","72","0.058347","0","","0","0.0","","0","0.0","","0","0.0",""
"fake_669","669","1","fake","522","19","3010","4.65","27.47","66","2943","0","0","26","8","0","0.0","0.0","2","0.003831","0.026815","0","237","0","237","0.078738","0","","0","0.0","","0","0.0","","8","0.015326","ndoshta, mund të"
"fake_670","670","1","fake","231","9","1351","4.73","25.67","56","1294","0","0","15","4","0","0.0","0.0","1","0.004329","0.04136","0","102","0","102","0.0755","0","","0","0.0","","0","0.0","","0","0.0",""
"fake_671","671","1","fake","94","2","572","4.93","47.0","97","474","0","0","6","6","0","0.0","0.0","2","0.021277","0.086393","0","46","0","46","0.08042","0","","0","0.0","","0","0.0","","0","0.0",""
"fake_672","672","1","fake","212","16","1230","4.68","13.25","84","1145","1","0","15","0","3","0.004717","0.0","4","0.018868","0.063572","0","72","6","78","0.063415","0","","0","0.0","","2","0.009434","sipas","0","0.0",""
"fake_673","673","1","fake","235","9","1452","5.06","26.11","61","1390","0","0","18","2","0","0.0","0.0","1","0.004255","0.053963","0","105","3","108","0.07438","0","","0","0.0","","0","0.0","","1","0.004255","mund të"
"fake_674","674","1","fake","136","3","825","4.83","45.33","73","751","0","0","8","0","0","0.0","0.0","0","0.0","0.019787","0","51","2","53","0.064242","1","eshte","0","0.0","","2","0.014706","sipas","0","0.0",""
"fake_675","675","1","fake","70","3","429","5.03","23.33","86","342","0","0","4","0","0","0.0","0.0","0","0.0","0.051136","0","20","1","21","0.048951","1","per","0","0.0","","0","0.0","","0","0.0",""
"fake_676","676","1","fake","68","2","461","5.62","34.0","63","397","0","0","9","0","0","0.0","0.0","0","0.0","0.062827","0","20","2","22","0.047722","0","","0","0.0","","0","0.0","","1","0.014706","thuhet"
"fake_677","677","1","fake","91","5","516","4.55","18.2","54","461","1","0","10","0","0","0.010989","0.0","0","0.0","0.070388","0","24","0","24","0.046512","0","","0","0.0","","0","0.0","","0","0.0",""
"fake_678","678","1","fake","148","7","823","4.38","21.14","153","669","0","0","7","12","0","0.0","0.0","0","0.0","0.027778","0","61","1","62","0.075334","0","","0","0.0","","2","0.013514","sipas","0","0.0",""
"fake_679","679","1","fake","154","10","985","5.31","15.4","92","892","0","0","3","0","0","0.0","0.0","2","0.012987","0.059976","0","72","0","72","0.073096","0","","0","0.0","","0","0.0","","0","0.0",""
"fake_680","680","1","fake","196","9","1063","4.37","21.78","104","958","1","0","1","0","0","0.005102","0.0","1","0.005102","0.046948","0","60","1","61","0.057385","0","","0","0.0","","0","0.0","","0","0.0",""
"fake_681","681","1","fake","1008","50","5055","3.9","20.16","62","4992","5","2","51","10","5","0.00496","0.001984","0","0.0","0.016569","0","456","11","467","0.092384","0","","0","0.0","","0","0.0","","2","0.001984","mund të"
"fake_682","682","1","fake","166","4","1014","4.9","41.5","90","923","0","1","6","0","0","0.0","0.006024","9","0.054217","0.093827","0","61","0","61","0.060158","2","eshte, per","0","0.0","","0","0.0","","0","0.0",""
"fake_683","683","1","fake","94","3","563","4.82","31.33","87","475","0","0","5","2","0","0.0","0.0","0","0.0","0.055188","0","25","1","26","0.046181","0","","0","0.0","","0","0.0","","1","0.010638","thuhet"
"fake_684","684","1","fake","164","27","867","4.14","6.07","78","788","0","0","6","2","1","0.0","0.0","0","0.0","0.061856","0","49","0","49","0.056517","0","","0","0.0","","0","0.0","","0","0.0",""
"fake_685","685","1","fake","90","6","544","4.96","15.0","73","470","0","0","2","4","1","0.0","0.0","1","0.011111","0.040359","0","39","2","41","0.075368","0","","0","0.0","","0","0.0","","0","0.0",""
"fake_686","686","1","fake","266","14","1490","4.53","19.0","58","1431","0","0","15","0","0","0.0","0.0","0","0.0","0.024106","0","107","9","116","0.077852","0","","0","0.0","","0","0.0","","0","0.0",""
"fake_687","687","1","fake","264","10","1378","4.08","26.4","58","1319","3","5","11","0","0","0.011364","0.018939","2","0.007576","0.029712","0","7","0","7","0.00508","3","eshte, per, nje","0","0.0","","0","0.0","","0","0.0",""
"fake_688","688","1","fake","186","7","998","4.32","26.57","89","908","0","0","6","1","0","0.0","0.0","1","0.005376","0.038557","0","72","0","72","0.072144","1","eshte","0","0.0","","0","0.0","","0","0.0",""
"fake_689","689","1","fake","118","7","634","4.3","16.86","78","555","0","0","3","0","0","0.0","0.0","2","0.016949","0.057199","0","39","3","42","0.066246","0","","0","0.0","","0","0.0","","0","0.0",""
"fake_690","690","1","fake","172","9","942","4.31","19.11","94","847","0","0","13","2","0","0.0","0.0","0","0.0","0.03504","0","82","0","82","0.087049","0","","0","0.0","","0","0.0","","0","0.0",""
"fake_691","691","1","fake","107","5","581","4.36","21.4","82","498","2","0","1","0","0","0.018692","0.0","0","0.0","0.08137","0","34","6","40","0.068847","0","","0","0.0","","0","0.0","","1","0.009346","thuhet"
"fake_692","692","1","fake","160","5","921","4.66","32.0","57","863","1","0","4","2","0","0.00625","0.0","0","0.0","0.022849","0","83","2","85","0.092291","0","","0","0.0","","0","0.0","","0","0.0",""
"fake_693","693","1","fake","109","4","663","4.94","27.25","116","546","0","0","5","6","2","0.0","0.0","0","0.0","0.06308","0","35","4","39","0.058824","0","","0","0.0","","1","0.009174","sipas","0","0.0",""
"fake_694","694","1","fake","148","3","880","4.86","49.33","76","803","0","0","12","2","0","0.0","0.0","3","0.02027","0.052999","0","86","0","86","0.097727","0","","0","0.0","","0","0.0","","0","0.0",""
"fake_695","695","1","fake","138","4","717","4.12","34.5","96","620","0","1","8","2","0","0.0","0.007246","1","0.007246","0.043937","0","49","3","52","0.072524","2","eshte, behet","0","0.0","","0","0.0","","0","0.0",""
"fake_696","696","1","fake","145","2","779","4.26","72.5","67","711","0","0","9","0","0","0.0","0.0","0","0.0","0.058252","0","63","0","63","0.080873","0","","0","0.0","","0","0.0","","2","0.013793","mendohet, mund të"
"fake_697","697","1","fake","110","3","666","4.84","36.67","81","584","0","1","3","0","0","0.0","0.009091","6","0.054545","0.103774","0","33","0","33","0.04955","3","kosove, per, nje","0","0.0","","0","0.0","","0","0.0",""
"fake_698","698","1","fake","121","3","797","5.38","40.33","112","684","0","0","6","0","0","0.0","0.0","10","0.082645","0.138675","0","39","0","39","0.048934","1","kosove","1","0.008264","nuk do ta besoni","2","0.016529","sipas","0","0.0",""
"fake_699","699","1","fake","151","5","921","4.97","30.2","73","847","1","0","7","6","0","0.006623","0.0","2","0.013245","0.042724","0","67","0","67","0.072747","0","","0","0.0","","2","0.013245","sipas, ministria","1","0.006623","mund të"
"fake_700","700","1","fake","166","4","971","4.66","41.5","77","893","0","0","9","4","0","0.0","0.0","0","0.0","0.03881","0","20","4","24","0.024717","1","kosove","0","0.0","","0","0.0","","0","0.0",""
"fake_701","701","1","fake","98","6","511","4.11","16.33","46","464","0","0","2","3","0","0.0","0.0","1","0.010204","0.037313","0","38","2","40","0.078278","0","","0","0.0","","0","0.0","","0","0.0",""
"fake_702","702","1","fake","2233","75","13012","4.73","29.77","84","12927","0","21","99","1","1","0.0","0.009404","23","0.0103","0.03475","0","1073","51","1124","0.086382","0","","0","0.0","","0","0.0","","11","0.004926","ndoshta, mund të"
"fake_703","703","1","fake","145","5","819","4.55","29.0","71","747","1","1","7","0","0","0.006897","0.006897","2","0.013793","0.04697","0","54","8","62","0.075702","0","","1","0.006897","nuk do ta besoni","0","0.0","","0","0.0",""
"fake_704","704","1","fake","191","10","1085","4.51","19.1","100","984","0","0","8","0","0","0.0","0.0","0","0.0","0.039443","0","89","2","91","0.083871","0","","0","0.0","","0","0.0","","9","0.04712","ndoshta, mund të"
"fake_705","705","1","fake","169","7","1006","4.85","24.14","68","937","0","0","11","4","1","0.0","0.0","0","0.0","0.034146","0","27","2","29","0.028827","0","","0","0.0","","0","0.0","","0","0.0",""
"fake_706","706","1","fake","117","6","673","4.63","19.5","78","594","0","0","1","1","0","0.0","0.0","2","0.017094","0.04428","0","46","0","46","0.068351","2","per, nje","0","0.0","","0","0.0","","1","0.008547","mund të"
"fake_707","707","1","fake","155","7","907","4.77","22.14","64","842","0","1","10","0","0","0.0","0.006452","0","0.0","0.020298","0","72","0","72","0.079383","0","","0","0.0","","0","0.0","","1","0.006452","thuhet"
"fake_708","708","1","fake","223","13","1299","4.68","17.15","72","1226","0","0","18","0","0","0.0","0.0","0","0.0","0.017241","0","108","0","108","0.083141","0","","0","0.0","","0","0.0","","2","0.008969","mund të"
"fake_709","709","1","fake","167","5","1020","4.97","33.4","112","907","0","0","14","0","0","0.0","0.0","13","0.077844","0.146489","0","46","2","48","0.047059","0","","0","0.0","","2","0.011976","institucioni","0","0.0",""
"fake_710","710","1","fake","152","7","866","4.53","21.71","65","800","0","0","16","4","0","0.0","0.0","4","0.026316","0.071325","0","61","1","62","0.071594","1","per","0","0.0","","1","0.006579","deklaroi","2","0.013158","mund të"
"fake_711","711","1","fake","223","9","1407","5.19","24.78","72","1334","0","0","7","2","0","0.0","0.0","0","0.0","0.017271","0","90","0","90","0.063966","0","","0","0.0","","2","0.008969","studimi","0","0.0",""
"fake_712","712","1","fake","148","7","819","4.44","21.14","65","753","0","0","6","4","2","0.0","0.0","2","0.013514","0.048706","0","52","1","53","0.064713","0","","0","0.0","","2","0.013514","sipas","2","0.013514","ndoshta"
"fake_713","713","1","fake","489","29","2677","4.34","16.86","126","2550","4","0","23","18","0","0.00818","0.0","0","0.0","0.018868","0","197","3","200","0.07471","0","","0","0.0","","0","0.0","","1","0.002045","mund të"
"fake_714","714","1","fake","180","7","879","3.81","25.71","97","781","0","0","10","2","0","0.0","0.0","0","0.0","0.014599","0","70","0","70","0.079636","0","","0","0.0","","0","0.0","","0","0.0",""
"fake_715","715","1","fake","206","9","1070","4.11","22.89","87","982","0","0","5","0","0","0.0","0.0","0","0.0","0.013002","0","81","0","81","0.075701","0","","0","0.0","","0","0.0","","0","0.0",""
"fake_716","716","1","fake","233","24","1206","4.06","9.71","73","1132","1","1","10","8","0","0.004292","0.004292","4","0.017167","0.049841","0","82","3","85","0.070481","0","","0","0.0","","0","0.0","","0","0.0",""
"fake_717","717","1","fake","104","6","601","4.66","17.33","71","529","0","1","8","0","0","0.0","0.009615","0","0.0","0.03719","0","38","1","39","0.064892","0","","0","0.0","","0","0.0","","0","0.0",""
"fake_718","718","1","fake","169","6","851","3.88","28.17","94","756","0","0","6","0","0","0.0","0.0","0","0.0","0.047256","0","16","0","16","0.018801","1","eshte","0","0.0","","0","0.0","","0","0.0",""
"fake_719","719","1","fake","119","6","682","4.57","19.83","86","595","0","0","5","1","0","0.0","0.0","0","0.0","0.099265","0","50","5","55","0.080645","0","","0","0.0","","0","0.0","","0","0.0",""
"fake_720","720","1","fake","162","5","989","4.88","32.4","70","918","0","2","6","0","0","0.0","0.012346","8","0.049383","0.09264","0","61","0","61","0.061678","1","per","0","0.0","","0","0.0","","0","0.0",""
"fake_721","721","1","fake","83","3","475","4.7","27.67","61","413","0","0","4","0","1","0.0","0.0","0","0.0","0.028205","0","0","0","0","0.0","2","eshte, nje","0","0.0","","0","0.0","","0","0.0",""
"fake_722","722","1","fake","107","6","610","4.61","17.83","39","570","0","2","6","0","0","0.0","0.018692","2","0.018692","0.097561","0","19","5","24","0.039344","1","nje","0","0.0","","0","0.0","","0","0.0",""
"fake_723","723","1","fake","59","2","369","5.05","29.5","75","293","0","0","3","0","1","0.0","0.0","1","0.016949","0.087248","0","23","0","23","0.062331","0","","0","0.0","","0","0.0","","0","0.0",""
"fake_724","724","1","fake","553","25","2826","3.97","22.12","77","2748","5","0","59","0","1","0.009042","0.0","0","0.0","0.01275","0","235","2","237","0.083864","0","","0","0.0","","0","0.0","","2","0.003617","mund të"
"fake_725","725","1","fake","150","8","1004","5.45","18.75","67","936","0","0","8","0","0","0.0","0.0","4","0.026667","0.051471","0","59","2","61","0.060757","0","","0","0.0","","3","0.02","sipas, studimi","0","0.0",""
"fake_726","726","1","fake","177","6","1013","4.67","29.5","72","940","0","0","8","0","0","0.0","0.0","1","0.00565","0.06691","0","58","0","58","0.057256","0","","0","0.0","","2","0.011299","sipas","0","0.0",""
"fake_727","727","1","fake","198","8","1167","4.64","24.75","69","1097","0","0","11","2","0","0.0","0.0","0","0.0","0.026172","0","90","1","91","0.077978","0","","0","0.0","","1","0.005051","sipas","3","0.015152","mund të"
"fake_728","728","1","fake","112","4","606","4.29","28.0","78","527","0","0","8","0","0","0.0","0.0","0","0.0","0.089397","0","24","2","26","0.042904","1","per","0","0.0","","0","0.0","","0","0.0",""
"fake_729","729","1","fake","96","4","580","4.9","24.0","56","523","0","0","7","0","0","0.0","0.0","1","0.010417","0.040426","0","33","1","34","0.058621","0","","0","0.0","","0","0.0","","0","0.0",""
"fake_730","730","1","fake","400","26","2413","4.88","15.38","47","2365","0","1","24","0","0","0.0","0.0025","0","0.0","0.016923","0","213","5","218","0.090344","0","","0","0.0","","0","0.0","","2","0.005","mund të"
"fake_731","731","1","fake","136","6","866","5.1","22.67","73","792","0","0","12","0","0","0.0","0.0","1","0.007353","0.02886","0","44","0","44","0.050808","0","","0","0.0","","2","0.014706","sipas, policia","1","0.007353","mund të"
"fake_732","732","1","fake","266","7","1632","5.03","38.0","96","1535","0","0","10","6","0","0.0","0.0","0","0.0","0.028379","0","54","1","55","0.033701","1","nje","0","0.0","","2","0.007519","sipas, ministria","0","0.0",""
"fake_733","733","1","fake","177","9","1224","5.41","19.67","30","1193","0","1","10","4","0","0.0","0.00565","0","0.0","0.070084","0","74","2","76","0.062092","0","","0","0.0","","0","0.0","","0","0.0",""
"fake_734","734","1","fake","250","12","1573","5.0","20.83","111","1461","0","0","17","8","0","0.0","0.0","1","0.004","0.044","0","89","0","89","0.05658","0","","0","0.0","","0","0.0","","1","0.004","thuhet"
"fake_736","736","1","fake","86","3","490","4.58","28.67","36","453","0","0","9","2","0","0.0","0.0","0","0.0","0.040609","0","26","0","26","0.053061","0","","0","0.0","","0","0.0","","0","0.0",""
"fake_737","737","1","fake","151","7","845","4.47","21.57","85","759","0","0","7","0","0","0.0","0.0","2","0.013245","0.037037","0","62","0","62","0.073373","0","","0","0.0","","0","0.0","","0","0.0",""
"fake_738","738","1","fake","136","7","751","4.37","19.43","37","713","0","0","12","2","0","0.0","0.0","0","0.0","0.031987","0","50","1","51","0.067909","0","","0","0.0","","0","0.0","","0","0.0",""
"fake_739","739","1","fake","105","4","619","4.61","26.25","83","535","0","0","5","0","0","0.0","0.0","4","0.038095","0.047521","0","41","0","41","0.066236","0","","0","0.0","","0","0.0","","1","0.009524","mendohet"
"fake_740","740","1","fake","227","14","1340","4.67","16.21","114","1225","0","0","11","2","0","0.0","0.0","2","0.008811","0.041549","0","80","0","80","0.059701","0","","0","0.0","","0","0.0","","3","0.013216","mund të"
"fake_741","741","1","fake","274","11","1713","5.15","24.91","34","1678","0","0","18","2","0","0.0","0.0","0","0.0","0.01204","0","146","2","148","0.086398","0","","0","0.0","","1","0.00365","studimi","0","0.0",""
"fake_742","742","1","fake","245","14","1471","4.89","17.5","43","1427","0","0","12","2","0","0.0","0.0","0","0.0","0.030962","0","27","1","28","0.019035","2","per, nje","0","0.0","","1","0.004082","sipas","0","0.0",""
"fake_743","743","1","fake","195","8","1183","4.92","24.38","98","1084","0","0","15","0","0","0.0","0.0","2","0.010256","0.028125","0","76","3","79","0.066779","0","","0","0.0","","1","0.005128","sipas","2","0.010256","mund të"
"fake_744","744","1","fake","121","3","765","5.07","40.33","79","685","0","0","4","0","0","0.0","0.0","3","0.024793","0.032733","0","50","0","50","0.065359","1","cfare","0","0.0","","2","0.016529","studimi","0","0.0",""
"fake_745","745","1","fake","99","2","634","5.16","49.5","95","538","0","0","5","4","0","0.0","0.0","3","0.030303","0.046967","0","38","1","39","0.061514","1","cfare","0","0.0","","0","0.0","","0","0.0",""
"fake_746","746","1","fake","92","5","496","4.25","18.4","62","433","2","1","5","0","0","0.021739","0.01087","0","0.0","0.028133","0","30","0","30","0.060484","1","cfare","0","0.0","","0","0.0","","0","0.0",""
"fake_747","747","1","fake","89","3","514","4.71","29.67","92","421","0","0","1","0","0","0.0","0.0","0","0.0","0.047733","0","30","0","30","0.058366","1","cfare","0","0.0","","1","0.011236","sipas","0","0.0",""
"fake_748","748","1","fake","129","5","733","4.52","25.8","64","668","0","1","7","0","0","0.0","0.007752","1","0.007752","0.02926","0","45","0","45","0.061392","0","","0","0.0","","1","0.007752","ministria","0","0.0",""
"fake_749","749","1","fake","150","5","914","4.95","30.0","139","774","0","0","13","2","0","0.0","0.0","2","0.013333","0.059459","0","51","3","54","0.059081","0","","0","0.0","","0","0.0","","0","0.0",""
"fake_750","750","1","fake","214","7","1158","4.33","30.57","80","1077","0","0","13","3","0","0.0","0.0","1","0.004673","0.043243","0","94","0","94","0.081174","0","","0","0.0","","1","0.004673","sipas","0","0.0",""
"fake_751","751","1","fake","189","10","1034","4.38","18.9","59","974","0","1","13","4","0","0.0","0.005291","0","0.0","0.015719","0","75","0","75","0.072534","0","","0","0.0","","0","0.0","","1","0.005291","mund të"
"fake_752","752","1","fake","88","6","472","4.27","14.67","64","407","0","0","2","0","0","0.0","0.0","0","0.0","0.031915","0","30","1","31","0.065678","1","cfare","0","0.0","","0","0.0","","1","0.011364","dyshohet"
"fake_753","753","1","fake","101","3","590","4.79","33.67","80","509","0","0","4","0","0","0.0","0.0","0","0.0","0.047619","0","39","0","39","0.066102","1","cfare","0","0.0","","0","0.0","","0","0.0",""
"fake_754","754","1","fake","84","5","482","4.65","16.8","81","400","0","0","6","0","0","0.0","0.0","1","0.011905","0.043478","0","28","0","28","0.058091","0","","0","0.0","","0","0.0","","0","0.0",""
"fake_755","755","1","fake","130","5","756","4.75","26.0","32","723","2","0","6","2","0","0.015385","0.0","0","0.0","0.056911","0","48","0","48","0.063492","0","","0","0.0","","0","0.0","","1","0.007692","mund të"
"fake_756","756","1","fake","251","15","1427","4.5","16.73","106","1320","0","0","19","4","0","0.0","0.0","2","0.007968","0.05151","0","107","1","108","0.075683","0","","0","0.0","","0","0.0","","0","0.0",""
"fake_757","757","1","fake","79","4","478","4.94","19.75","63","414","0","1","3","0","0","0.0","0.012658","1","0.012658","0.028351","0","30","0","30","0.062762","1","cfare","0","0.0","","0","0.0","","0","0.0",""
"fake_758","758","1","fake","100","5","638","5.31","20.0","85","552","0","1","5","0","0","0.0","0.01","0","0.0","0.020716","0","36","1","37","0.057994","1","cfare","0","0.0","","2","0.02","sipas, studimi","1","0.01","mund të"
"fake_759","759","1","fake","110","5","635","4.71","22.0","56","578","0","0","4","0","0","0.0","0.0","0","0.0","0.021236","0","33","0","33","0.051969","1","cfare","0","0.0","","0","0.0","","0","0.0",""
"fake_760","760","1","fake","126","4","637","3.98","31.5","84","552","0","0","4","1","0","0.0","0.0","0","0.0","0.017928","0","24","0","24","0.037677","1","eshte","0","0.0","","1","0.007937","sipas","2","0.015873","mund të"
"fake_761","761","1","fake","93","4","548","4.72","23.25","94","453","0","0","3","2","1","0.0","0.0","0","0.0","0.04328","0","31","0","31","0.056569","1","cfare","0","0.0","","0","0.0","","2","0.021505","mund të"
"fake_762","762","1","fake","122","6","688","4.61","20.33","78","609","0","0","1","0","0","0.0","0.0","0","0.0","0.030249","0","37","1","38","0.055233","1","cfare","0","0.0","","0","0.0","","2","0.016393","mund të"
"fake_763","763","1","fake","80","4","426","4.24","20.0","76","349","1","1","4","0","0","0.0125","0.0125","0","0.0","0.029499","0","22","0","22","0.051643","2","cfare, per","0","0.0","","0","0.0","","0","0.0",""
"fake_764","764","1","fake","111","3","619","4.18","37.0","111","507","0","0","5","2","0","0.0","0.0","1","0.009009","0.030172","0","34","0","34","0.054927","1","cfare","0","0.0","","0","0.0","","0","0.0",""
"fake_765","765","1","fake","210","7","1211","4.69","30.0","79","1131","0","0","14","2","0","0.0","0.0","0","0.0","0.037602","0","81","7","88","0.072667","0","","0","0.0","","0","0.0","","1","0.004762","mund të"
"fake_766","766","1","fake","106","5","606","4.59","21.2","63","542","1","0","9","0","0","0.009434","0.0","0","0.0","0.024641","0","31","1","32","0.052805","0","","0","0.0","","0","0.0","","0","0.0",""
"fake_767","767","1","fake","162","7","927","4.67","23.14","58","868","0","0","4","4","0","0.0","0.0","0","0.0","0.021136","0","74","0","74","0.079827","0","","0","0.0","","0","0.0","","0","0.0",""
"fake_768","768","1","fake","288","14","1703","4.76","20.57","52","1650","1","0","14","8","0","0.003472","0.0","0","0.0","0.021137","0","140","3","143","0.083969","0","","0","0.0","","0","0.0","","1","0.003472","mund të"
"fake_769","769","1","fake","167","4","927","4.47","41.75","129","797","0","0","8","2","0","0.0","0.0","0","0.0","0.048257","0","44","4","48","0.05178","1","cfare","0","0.0","","1","0.005988","sipas","0","0.0",""
"fake_770","770","1","fake","158","7","917","4.69","22.57","106","810","0","0","9","1","0","0.0","0.0","2","0.012658","0.059621","0","74","1","75","0.081788","1","cfare","0","0.0","","0","0.0","","0","0.0",""
"fake_771","771","1","fake","73","4","405","4.47","18.25","87","317","0","0","5","0","0","0.0","0.0","0","0.0","0.03681","0","20","0","20","0.049383","0","","0","0.0","","0","0.0","","0","0.0",""
"fake_772","772","1","fake","143","7","788","4.42","20.43","97","690","0","0","5","2","0","0.0","0.0","0","0.0","0.02057","0","47","1","48","0.060914","0","","0","0.0","","0","0.0","","1","0.006993","mund të"
"fake_773","773","1","fake","154","8","836","4.3","19.25","77","758","2","1","7","0","0","0.012987","0.006494","0","0.0","0.015106","0","66","0","66","0.078947","1","eshte","0","0.0","","0","0.0","","0","0.0",""
"fake_774","774","1","fake","120","4","702","4.78","30.0","56","645","0","0","8","2","0","0.0","0.0","0","0.0","0.017452","0","47","5","52","0.074074","0","","0","0.0","","0","0.0","","0","0.0",""
"fake_775","775","1","fake","148","8","739","3.82","18.5","125","613","1","2","10","0","0","0.006757","0.013514","1","0.006757","0.040636","0","41","0","41","0.05548","0","","0","0.0","","0","0.0","","0","0.0",""
"fake_776","776","1","fake","71","4","386","4.28","17.75","47","338","0","0","4","8","0","0.0","0.0","0","0.0","0.049342","0","15","0","15","0.03886","0","","0","0.0","","0","0.0","","0","0.0",""
"fake_777","777","1","fake","218","10","1347","4.72","21.8","65","1281","0","0","18","1","0","0.0","0.0","0","0.0","0.020388","0","110","2","112","0.083148","0","","0","0.0","","3","0.013761","sipas, studimi","0","0.0",""
"fake_778","778","1","fake","159","17","815","3.99","9.35","88","726","0","0","3","2","0","0.0","0.0","0","0.0","0.037855","0","72","2","74","0.090798","1","cfare","0","0.0","","0","0.0","","0","0.0",""
"fake_779","779","1","fake","64","3","354","4.3","21.33","85","268","1","0","7","1","1","0.015625","0.0","0","0.0","0.036364","0","27","2","29","0.081921","0","","0","0.0","","0","0.0","","0","0.0",""
"fake_780","780","1","fake","106","6","586","4.4","17.67","99","486","0","0","8","2","0","0.0","0.0","0","0.0","0.027897","0","39","0","39","0.066553","0","","0","0.0","","0","0.0","","0","0.0",""
"fake_781","781","1","fake","120","5","742","5.08","24.0","39","702","0","0","8","4","0","0.0","0.0","0","0.0","0.032949","0","55","3","58","0.078167","0","","0","0.0","","0","0.0","","0","0.0",""
"fake_782","782","1","fake","239","13","1297","4.33","18.38","110","1186","8","0","13","0","1","0.033473","0.0","6","0.025105","0.051208","0","66","0","66","0.050887","2","per, nje","0","0.0","","0","0.0","","0","0.0",""
"fake_783","783","1","fake","135","4","792","4.69","33.75","99","692","0","0","6","4","1","0.0","0.0","0","0.0","0.034755","0","52","1","53","0.066919","1","cfare","0","0.0","","0","0.0","","0","0.0",""
"fake_784","784","1","fake","94","4","511","4.37","23.5","66","444","0","0","5","2","0","0.0","0.0","0","0.0","0.026764","0","26","1","27","0.052838","0","","0","0.0","","0","0.0","","0","0.0",""
"fake_785","785","1","fake","94","4","511","4.37","23.5","66","444","0","0","5","2","0","0.0","0.0","0","0.0","0.026764","0","26","1","27","0.052838","0","","0","0.0","","0","0.0","","0","0.0",""
"fake_786","786","1","fake","84","5","482","4.65","16.8","81","400","0","0","6","0","0","0.0","0.0","1","0.011905","0.043478","0","28","0","28","0.058091","0","","0","0.0","","0","0.0","","0","0.0",""
"fake_787","787","1","fake","46","3","273","4.8","15.33","37","235","0","0","4","0","0","0.0","0.0","0","0.0","0.063348","0","11","2","13","0.047619","0","","0","0.0","","0","0.0","","0","0.0",""
"fake_788","788","1","fake","257","14","1430","4.47","18.36","49","1380","0","0","16","0","0","0.0","0.0","0","0.0","0.023499","0","119","2","121","0.084615","0","","0","0.0","","0","0.0","","2","0.007782","mund të"
"fake_789","789","1","fake","246","13","1385","4.49","18.92","84","1300","0","0","15","8","0","0.0","0.0","4","0.01626","0.048007","0","97","2","99","0.07148","0","","0","0.0","","0","0.0","","0","0.0",""
"fake_790","790","1","fake","107","4","668","5.17","26.75","94","573","0","0","3","2","0","0.0","0.0","0","0.0","0.032609","0","40","5","45","0.067365","1","cfare","0","0.0","","0","0.0","","0","0.0",""
"fake_791","791","1","fake","81","4","485","4.86","20.25","51","433","0","0","3","0","0","0.0","0.0","3","0.037037","0.094148","0","24","0","24","0.049485","0","","0","0.0","","0","0.0","","0","0.0",""
"fake_792","792","1","fake","129","5","816","5.05","25.8","67","748","1","0","9","4","0","0.007752","0.0","0","0.0","0.046083","0","53","1","54","0.066176","1","cfare","0","0.0","","1","0.007752","sipas","0","0.0",""
"fake_793","793","1","fake","134","7","772","4.53","19.14","111","660","0","0","10","2","0","0.0","0.0","0","0.0","0.031405","0","42","2","44","0.056995","1","cfare","0","0.0","","0","0.0","","0","0.0",""
"fake_794","794","1","fake","184","7","1045","4.59","26.29","86","958","0","0","9","4","0","0.0","0.0","0","0.0","0.029586","0","84","1","85","0.08134","0","","0","0.0","","0","0.0","","0","0.0",""
"fake_795","795","1","fake","79","6","457","4.75","13.17","75","381","0","0","4","0","0","0.0","0.0","0","0.0","0.021333","0","15","0","15","0.032823","0","","0","0.0","","0","0.0","","0","0.0",""
"fake_796","796","1","fake","183","12","1045","4.49","15.25","85","959","1","0","17","3","1","0.005464","0.0","0","0.0","0.030414","0","71","3","74","0.070813","0","","0","0.0","","1","0.005464","sipas","0","0.0",""
"fake_797","797","1","fake","142","4","803","4.61","35.5","86","716","0","0","4","3","0","0.0","0.0","0","0.0","0.025994","0","52","0","52","0.064757","0","","0","0.0","","0","0.0","","0","0.0",""
"fake_798","798","1","fake","132","4","715","4.36","33.0","48","666","0","0","4","0","0","0.0","0.0","0","0.0","0.022609","0","42","1","43","0.06014","1","cfare","0","0.0","","1","0.007576","sipas","0","0.0",""
"fake_799","799","1","fake","104","7","603","4.73","14.86","67","535","0","0","8","0","0","0.0","0.0","0","0.0","0.030488","0","24","0","24","0.039801","0","","0","0.0","","0","0.0","","0","0.0",""
"fake_800","800","1","fake","59","5","356","4.88","11.8","50","305","0","0","6","0","0","0.0","0.0","0","0.0","0.038194","0","11","1","12","0.033708","0","","0","0.0","","0","0.0","","0","0.0",""
"fake_801","801","1","fake","103","4","578","4.54","25.75","36","541","0","0","3","0","0","0.0","0.0","0","0.0","0.021368","0","27","1","28","0.048443","0","","0","0.0","","0","0.0","","0","0.0",""
"fake_802","802","1","fake","53","3","266","3.92","17.67","57","208","0","0","1","0","0","0.0","0.0","0","0.0","0.028986","0","22","0","22","0.082707","0","","0","0.0","","0","0.0","","0","0.0",""
"fake_803","803","1","fake","71","3","456","5.31","23.67","30","425","0","1","4","0","0","0.0","0.014085","0","0.0","0.06366","0","28","0","28","0.061404","1","cfare","0","0.0","","0","0.0","","0","0.0",""
"fake_804","804","1","fake","138","8","775","4.46","17.25","71","703","0","0","7","2","0","0.0","0.0","0","0.0","0.024351","0","64","0","64","0.082581","0","","0","0.0","","2","0.014493","sipas","0","0.0",""
"fake_805","805","1","fake","143","7","825","4.54","20.43","70","754","0","0","14","0","1","0.0","0.0","0","0.0","0.032357","0","65","0","65","0.078788","0","","0","0.0","","0","0.0","","0","0.0",""
"fake_806","806","1","fake","80","6","455","4.58","13.33","35","419","0","1","6","2","0","0.0","0.0125","1","0.0125","0.038251","0","27","0","27","0.059341","0","","0","0.0","","0","0.0","","0","0.0",""
"fake_807","807","1","fake","146","7","786","4.3","20.86","51","734","0","0","3","0","0","0.0","0.0","2","0.013699","0.036624","0","47","0","47","0.059796","2","cfare, per","0","0.0","","0","0.0","","0","0.0",""
"fake_808","808","1","fake","146","8","796","4.31","18.25","79","716","1","0","6","6","0","0.006849","0.0","0","0.0","0.06051","0","67","2","69","0.086683","0","","0","0.0","","0","0.0","","0","0.0",""
"fake_809","809","1","fake","109","6","639","4.65","18.17","68","570","0","2","2","0","0","0.0","0.018349","0","0.0","0.025641","0","46","0","46","0.071987","1","cfare","0","0.0","","1","0.009174","ministria","1","0.009174","mund të"
"fake_810","810","1","fake","112","4","705","5.19","28.0","95","609","0","0","7","0","0","0.0","0.0","0","0.0","0.027539","0","46","0","46","0.065248","0","","0","0.0","","0","0.0","","0","0.0",""
"fake_811","811","1","fake","148","8","896","4.92","18.5","90","805","0","2","5","2","0","0.0","0.013514","0","0.0","0.046832","0","42","0","42","0.046875","0","","0","0.0","","1","0.006757","ministria","0","0.0",""
"fake_812","812","1","fake","105","6","579","4.46","17.5","82","496","0","2","5","0","0","0.0","0.019048","1","0.009524","0.068376","0","46","0","46","0.079447","0","","0","0.0","","0","0.0","","0","0.0",""
"fake_813","813","1","fake","140","8","799","4.64","17.5","61","737","0","2","7","0","0","0.0","0.014286","0","0.0","0.040062","0","71","0","71","0.088861","0","","0","0.0","","0","0.0","","0","0.0",""
"fake_814","814","1","fake","104","4","621","4.88","26.0","83","537","0","0","4","0","0","0.0","0.0","0","0.0","0.04142","0","39","0","39","0.062802","0","","0","0.0","","0","0.0","","0","0.0",""
"fake_815","815","1","fake","161","9","867","4.3","17.89","73","793","1","0","6","2","0","0.006211","0.0","1","0.006211","0.041847","0","56","1","57","0.065744","0","","0","0.0","","1","0.006211","konfirmoi","0","0.0",""
"fake_816","816","1","fake","84","5","496","4.77","16.8","84","411","0","0","6","2","1","0.0","0.0","0","0.0","0.017456","0","30","1","31","0.0625","0","","0","0.0","","0","0.0","","0","0.0",""
"fake_817","817","1","fake","137","5","782","4.52","27.4","96","685","0","1","8","2","0","0.0","0.007299","0","0.0","0.045234","0","49","4","53","0.067775","1","cfare","0","0.0","","1","0.007299","sipas","0","0.0",""
"fake_818","818","1","fake","87","2","487","4.46","43.5","81","405","0","0","6","1","0","0.0","0.0","1","0.011494","0.033505","0","21","0","21","0.043121","0","","0","0.0","","0","0.0","","0","0.0",""
"fake_819","819","1","fake","92","3","518","4.58","30.67","86","431","2","1","3","2","1","0.021739","0.01087","0","0.0","0.026128","0","32","0","32","0.061776","2","cfare, nje","0","0.0","","0","0.0","","0","0.0",""
"fake_820","820","1","fake","158","6","976","5.09","26.33","69","906","0","0","7","0","0","0.0","0.0","0","0.0","0.029851","0","75","1","76","0.077869","1","cfare","0","0.0","","0","0.0","","0","0.0",""
"fake_821","821","1","fake","114","7","698","5.02","16.29","59","638","0","0","6","0","0","0.0","0.0","0","0.0","0.031524","0","41","1","42","0.060172","0","","0","0.0","","0","0.0","","0","0.0",""
"fake_822","822","1","fake","103","6","572","4.5","17.17","72","499","0","0","7","0","0","0.0","0.0","0","0.0","0.017279","0","30","1","31","0.054196","0","","0","0.0","","0","0.0","","1","0.009709","ndoshta"
"fake_823","823","1","fake","79","2","472","4.91","39.5","80","391","0","0","3","0","0","0.0","0.0","1","0.012658","0.051546","0","22","0","22","0.04661","0","","0","0.0","","0","0.0","","0","0.0",""
"fake_824","824","1","fake","91","5","535","4.63","18.2","108","426","0","0","4","0","0","0.0","0.0","0","0.0","0.028504","0","31","2","33","0.061682","0","","0","0.0","","0","0.0","","0","0.0",""
"fake_825","825","1","fake","99","8","666","5.57","12.38","54","611","0","0","8","2","0","0.0","0.0","0","0.0","0.025408","0","32","2","34","0.051051","0","","0","0.0","","1","0.010101","sipas","0","0.0",""
"fake_826","826","1","fake","113","5","723","5.35","22.6","24","698","0","0","7","0","0","0.0","0.0","0","0.0","0.014901","0","50","0","50","0.069156","0","","0","0.0","","1","0.00885","policia","0","0.0",""
"fake_827","827","1","fake","97","6","541","4.43","16.17","48","492","0","1","2","8","1","0.0","0.010309","4","0.041237","0.06993","0","39","2","41","0.075786","0","","0","0.0","","0","0.0","","0","0.0",""
"fake_828","828","1","fake","154","6","878","4.61","25.67","59","818","0","0","4","2","0","0.0","0.0","0","0.0","0.028169","0","41","1","42","0.047836","0","","0","0.0","","0","0.0","","0","0.0",""
"fake_829","829","1","fake","132","4","759","4.66","33.0","68","690","0","0","9","0","2","0.0","0.0","0","0.0","0.037398","0","46","0","46","0.060606","1","per","0","0.0","","0","0.0","","0","0.0",""
"fake_830","830","1","fake","100","5","577","4.69","20.0","70","506","0","0","5","0","0","0.0","0.0","0","0.0","0.044776","0","32","2","34","0.058925","0","","0","0.0","","1","0.01","sipas","0","0.0",""
"fake_831","831","1","fake","90","5","507","4.56","18.0","68","438","2","0","6","0","0","0.022222","0.0","0","0.0","0.04878","0","32","0","32","0.063116","0","","0","0.0","","0","0.0","","0","0.0",""
"fake_832","832","1","fake","295","13","1731","4.72","22.69","98","1632","1","0","22","2","0","0.00339","0.0","2","0.00678","0.038129","0","133","3","136","0.078567","0","","0","0.0","","1","0.00339","sipas","0","0.0",""
"fake_833","833","1","fake","251","11","1516","4.9","22.82","92","1423","0","2","19","4","0","0.0","0.007968","0","0.0","0.019496","0","126","4","130","0.085752","0","","0","0.0","","1","0.003984","sipas","3","0.011952","thuhet, ndoshta, mund të"
"fake_834","834","1","fake","97","1","569","4.71","97.0","141","427","0","0","7","0","0","0.0","0.0","4","0.041237","0.133772","0","28","0","28","0.049209","0","","0","0.0","","0","0.0","","0","0.0",""
"fake_835","835","1","fake","127","5","671","4.14","25.4","150","520","2","0","10","4","0","0.015748","0.0","0","0.0","0.074144","0","40","2","42","0.062593","0","","0","0.0","","0","0.0","","0","0.0",""
"fake_836","836","1","fake","99","3","535","4.37","33.0","102","432","0","0","3","0","0","0.0","0.0","0","0.0","0.053118","0","19","2","21","0.039252","0","","0","0.0","","0","0.0","","0","0.0",""
"fake_837","837","1","fake","123","5","702","4.59","24.6","67","634","0","0","9","0","0","0.0","0.0","1","0.00813","0.028369","0","63","0","63","0.089744","0","","0","0.0","","1","0.00813","sipas","0","0.0",""
"fake_838","838","1","fake","88","5","507","4.72","17.6","85","421","0","0","0","0","0","0.0","0.0","2","0.022727","0.045783","0","39","0","39","0.076923","1","cfare","0","0.0","","1","0.011364","ministria","0","0.0",""
"fake_839","839","1","fake","121","5","623","4.06","24.2","63","559","0","0","4","0","0","0.0","0.0","0","0.0","0.038697","0","42","0","42","0.067416","0","","0","0.0","","0","0.0","","0","0.0",""
"fake_840","840","1","fake","137","10","769","4.47","13.7","58","710","1","0","5","2","0","0.007299","0.0","0","0.0","0.019608","0","46","1","47","0.061118","1","nje","0","0.0","","2","0.014599","sipas, policia","1","0.007299","thuhet"
"fake_841","841","1","fake","85","5","532","5.19","17.0","97","434","4","0","4","0","0","0.047059","0.0","1","0.011765","0.061224","0","29","0","29","0.054511","0","","0","0.0","","0","0.0","","0","0.0",""
"fake_842","842","1","fake","107","6","584","4.33","17.83","58","525","1","0","7","0","0","0.009346","0.0","0","0.0","0.034557","0","27","2","29","0.049658","0","","0","0.0","","0","0.0","","0","0.0",""
"fake_843","843","1","fake","78","2","452","4.78","39.0","42","409","0","0","3","0","0","0.0","0.0","1","0.012821","0.040431","0","36","2","38","0.084071","0","","0","0.0","","0","0.0","","0","0.0",""
"fake_844","844","1","fake","405","29","2314","4.51","13.97","101","2212","0","0","23","2","1","0.0","0.0","2","0.004938","0.022989","0","191","3","194","0.083838","0","","0","0.0","","0","0.0","","7","0.017284","thuhet, ndoshta, mund të"
"fake_845","845","1","fake","85","3","477","4.55","28.33","64","412","0","0","5","0","0","0.0","0.0","0","0.0","0.05168","0","18","1","19","0.039832","0","","0","0.0","","0","0.0","","0","0.0",""
"fake_846","846","1","fake","128","3","685","4.2","42.67","80","604","0","0","2","4","1","0.0","0.0","2","0.015625","0.04461","0","22","2","24","0.035036","1","per","1","0.007812","nuk do ta besoni","0","0.0","","0","0.0",""
"fake_847","847","1","fake","175","31","977","4.48","5.65","82","894","0","0","7","2","0","0.0","0.0","1","0.005714","0.016582","0","63","1","64","0.065507","1","cfare","0","0.0","","0","0.0","","1","0.005714","mund të"
"fake_848","848","1","fake","103","6","650","5.18","17.17","80","569","3","2","3","2","3","0.029126","0.019417","8","0.07767","0.155431","0","21","0","21","0.032308","0","","0","0.0","","1","0.009709","policia","1","0.009709","thuhet"
"fake_849","849","1","fake","111","6","610","4.37","18.5","46","563","1","0","4","2","0","0.009009","0.0","0","0.0","0.037113","0","40","1","41","0.067213","0","","0","0.0","","0","0.0","","0","0.0",""
"fake_850","850","1","fake","108","5","635","4.74","21.6","64","570","0","0","3","4","0","0.0","0.0","0","0.0","0.029297","0","34","1","35","0.055118","1","cfare","0","0.0","","0","0.0","","0","0.0",""
"fake_851","851","1","fake","80","4","452","4.47","20.0","79","372","1","0","3","4","0","0.0125","0.0","0","0.0","0.027933","0","32","1","33","0.073009","0","","0","0.0","","0","0.0","","0","0.0",""
"fake_852","852","1","fake","117","14","597","4.06","8.36","104","492","0","0","2","3","0","0.0","0.0","0","0.0","0.048832","0","33","2","35","0.058626","1","cfare","0","0.0","","0","0.0","","0","0.0",""
"fake_853","853","1","fake","95","4","545","4.68","23.75","87","457","0","0","5","0","0","0.0","0.0","1","0.010526","0.040449","0","29","0","29","0.053211","1","cfare","0","0.0","","0","0.0","","0","0.0",""
"fake_854","854","1","fake","67","3","426","5.28","22.33","63","362","0","0","5","0","0","0.0","0.0","1","0.014925","0.076487","0","14","3","17","0.039906","2","cfare, per","0","0.0","","0","0.0","","0","0.0",""
"fake_855","855","1","fake","96","21","441","3.57","4.57","77","363","2","0","1","0","0","0.020833","0.0","2","0.020833","0.119534","0","24","0","24","0.054422","0","","0","0.0","","0","0.0","","0","0.0",""
"fake_856","856","1","fake","149","33","803","4.28","4.52","63","739","0","0","5","1","0","0.0","0.0","0","0.0","0.032967","0","52","1","53","0.066002","0","","0","0.0","","3","0.020134","ministria","1","0.006711","thuhet"
"fake_857","857","1","fake","140","5","841","4.94","28.0","147","693","0","0","5","4","0","0.0","0.0","0","0.0","0.108696","0","25","0","25","0.029727","0","","0","0.0","","0","0.0","","0","0.0",""
"fake_858","858","1","fake","134","28","686","3.9","4.79","91","594","1","1","9","0","1","0.007463","0.007463","0","0.0","0.032505","0","44","1","45","0.065598","1","cfare","0","0.0","","0","0.0","","0","0.0",""
"fake_859","859","1","fake","92","11","504","4.4","8.36","82","421","2","0","4","0","0","0.021739","0.0","3","0.032609","0.064198","0","32","1","33","0.065476","0","","0","0.0","","0","0.0","","1","0.01087","mund të"
"fake_860","860","1","fake","95","9","480","3.94","10.56","96","383","0","0","2","3","0","0.0","0.0","0","0.0","0.082888","0","26","0","26","0.054167","1","per","0","0.0","","0","0.0","","0","0.0",""
"fake_861","861","1","fake","113","2","656","4.7","56.5","100","555","0","0","7","2","0","0.0","0.0","2","0.017699","0.067797","0","37","0","37","0.056402","1","per","0","0.0","","0","0.0","","0","0.0",""
"fake_862","862","1","fake","103","11","542","4.03","9.36","76","465","0","1","6","0","0","0.0","0.009709","2","0.019417","0.05314","0","3","0","3","0.005535","4","cfare, kosove, per, nje","0","0.0","","0","0.0","","0","0.0",""
"fake_863","863","1","fake","105","5","593","4.47","21.0","111","481","0","0","5","6","0","0.0","0.0","0","0.0","0.070362","0","31","5","36","0.060708","0","","0","0.0","","0","0.0","","0","0.0",""
"fake_864","864","1","fake","119","1","677","4.62","119.0","73","603","0","0","7","0","0","0.0","0.0","2","0.016807","0.070909","0","31","1","32","0.047267","1","cfare","0","0.0","","0","0.0","","0","0.0",""
"fake_865","865","1","fake","116","3","657","4.59","38.67","77","579","0","0","4","2","1","0.0","0.0","4","0.034483","0.052533","0","46","0","46","0.070015","1","cfare","0","0.0","","1","0.008621","sipas","0","0.0",""
"fake_866","866","1","fake","110","17","614","4.48","6.47","129","484","2","4","4","2","0","0.018182","0.036364","0","0.0","0.032454","0","40","1","41","0.066775","1","cfare","0","0.0","","0","0.0","","0","0.0",""
"fake_867","867","1","fake","133","29","661","3.87","4.59","71","589","0","0","2","2","0","0.0","0.0","0","0.0","0.013619","0","39","4","43","0.065053","1","cfare","0","0.0","","0","0.0","","1","0.007519","mund të"
"fake_868","868","1","fake","140","8","817","4.72","17.5","100","716","0","2","6","8","0","0.0","0.014286","0","0.0","0.05303","0","50","0","50","0.0612","0","","0","0.0","","0","0.0","","0","0.0",""
"fake_869","869","1","fake","72","4","423","4.81","18.0","56","366","0","0","1","0","0","0.0","0.0","1","0.013889","0.046377","0","17","0","17","0.040189","0","","0","0.0","","0","0.0","","0","0.0",""
"fake_870","870","1","fake","87","2","550","5.24","43.5","65","484","0","0","3","2","0","0.0","0.0","0","0.0","0.043956","0","25","3","28","0.050909","2","cfare, per","0","0.0","","0","0.0","","0","0.0",""
"fake_871","871","1","fake","114","5","653","4.54","22.8","86","566","0","0","8","2","0","0.0","0.0","2","0.017544","0.050485","0","24","2","26","0.039816","0","","0","0.0","","0","0.0","","0","0.0",""
"fake_872","872","1","fake","82","4","466","4.66","20.5","55","410","0","0","2","0","0","0.0","0.0","0","0.0","0.036649","0","8","0","8","0.017167","3","cfare, per, nje","0","0.0","","0","0.0","","0","0.0",""
"fake_873","873","1","fake","110","19","547","3.86","5.79","88","458","1","0","2","2","0","0.009091","0.0","0","0.0","0.018824","0","40","1","41","0.074954","1","cfare","0","0.0","","0","0.0","","0","0.0",""
"fake_874","874","1","fake","134","7","767","4.66","19.14","115","651","0","0","8","2","0","0.0","0.0","0","0.0","0.044872","0","30","2","32","0.041721","1","per","0","0.0","","0","0.0","","1","0.007463","mund të"
"fake_875","875","1","fake","139","7","743","4.24","19.86","78","664","0","0","11","2","0","0.0","0.0","1","0.007194","0.033956","0","55","2","57","0.076716","0","","0","0.0","","0","0.0","","0","0.0",""
"fake_876","876","1","fake","126","6","758","4.82","21.0","71","686","0","0","11","8","0","0.0","0.0","0","0.0","0.046281","0","35","5","40","0.05277","0","","0","0.0","","0","0.0","","0","0.0",""
"fake_877","877","1","fake","153","23","776","4.0","6.65","64","711","0","0","7","2","0","0.0","0.0","0","0.0","0.052459","0","48","5","53","0.068299","1","cfare","0","0.0","","0","0.0","","0","0.0",""
"fake_878","878","1","fake","111","4","564","3.96","27.75","87","476","0","0","0","2","2","0.0","0.0","0","0.0","0.081818","0","33","0","33","0.058511","1","per","0","0.0","","0","0.0","","1","0.009009","ndoshta"
"fake_879","879","1","fake","98","3","586","4.86","32.67","89","496","0","0","8","0","0","0.0","0.0","0","0.0","0.059197","0","17","0","17","0.02901","0","","0","0.0","","0","0.0","","0","0.0",""
"fake_880","880","1","fake","112","16","595","4.17","7.0","52","542","0","0","6","6","0","0.0","0.0","0","0.0","0.034261","0","41","0","41","0.068908","1","cfare","0","0.0","","2","0.017857","sipas, deklaroi","0","0.0",""
"fake_881","881","1","fake","103","14","477","3.53","7.36","80","396","0","1","5","0","3","0.0","0.009709","2","0.019417","0.112637","0","0","0","0","0.0","0","","0","0.0","","0","0.0","","0","0.0",""
"fake_882","882","1","fake","110","2","615","4.54","55.0","65","549","0","0","5","0","0","0.0","0.0","0","0.0","0.056112","0","28","0","28","0.045528","1","per","0","0.0","","0","0.0","","0","0.0",""
"fake_883","883","1","fake","112","2","631","4.53","56.0","92","538","0","0","6","0","2","0.0","0.0","0","0.0","0.053254","0","42","0","42","0.066561","0","","0","0.0","","0","0.0","","0","0.0",""
"fake_884","884","1","fake","103","4","573","4.47","25.75","96","476","0","0","6","2","0","0.0","0.0","1","0.009709","0.063043","0","34","0","34","0.059337","0","","0","0.0","","0","0.0","","0","0.0",""
"fake_885","885","1","fake","99","4","560","4.53","24.75","68","491","0","0","1","0","0","0.0","0.0","1","0.010101","0.055928","0","36","5","41","0.073214","0","","0","0.0","","1","0.010101","sipas","1","0.010101","mund të"
"fake_886","886","1","fake","89","3","513","4.69","29.67","47","465","0","0","5","2","0","0.0","0.0","0","0.0","0.014388","0","29","0","29","0.05653","1","cfare","0","0.0","","0","0.0","","0","0.0",""
"fake_887","887","1","fake","112","7","623","4.41","16.0","65","557","2","0","6","2","0","0.017857","0.0","4","0.035714","0.068826","0","46","0","46","0.073836","1","cfare","0","0.0","","0","0.0","","1","0.008929","mund të"
"fake_888","888","1","fake","92","4","545","4.79","23.0","84","460","0","0","6","0","0","0.0","0.0","1","0.01087","0.050114","0","32","2","34","0.062385","1","cfare","0","0.0","","1","0.01087","sipas","0","0.0",""
"fake_889","889","1","fake","62","1","412","5.5","62.0","78","333","0","0","3","0","2","0.0","0.0","4","0.064516","0.1261","0","9","0","9","0.021845","2","cfare, nje","0","0.0","","0","0.0","","0","0.0",""
"fake_890","890","1","fake","139","9","797","4.56","15.44","132","664","0","0","10","0","1","0.0","0.0","0","0.0","0.039494","0","40","10","50","0.062735","0","","0","0.0","","2","0.014388","policia","0","0.0",""
"fake_891","891","1","fake","116","18","586","3.98","6.44","86","499","0","0","5","0","1","0.0","0.0","0","0.0","0.036797","0","32","1","33","0.056314","1","cfare","0","0.0","","0","0.0","","0","0.0",""
"fake_892","892","1","fake","135","28","694","4.06","4.82","92","601","0","0","5","2","0","0.0","0.0","1","0.007407","0.032907","0","41","1","42","0.060519","1","cfare","0","0.0","","0","0.0","","0","0.0",""
"fake_893","893","1","fake","151","27","813","4.24","5.59","80","732","1","0","5","0","0","0.006623","0.0","0","0.0","0.023438","0","40","5","45","0.055351","2","cfare, per","0","0.0","","0","0.0","","0","0.0",""
"fake_894","894","1","fake","96","12","517","4.33","8.0","63","453","0","0","4","0","0","0.0","0.0","0","0.0","0.014423","0","26","3","29","0.056093","1","cfare","0","0.0","","0","0.0","","0","0.0",""
"fake_895","895","1","fake","117","5","687","4.78","23.4","83","603","0","0","2","2","0","0.0","0.0","0","0.0","0.021467","0","42","0","42","0.061135","1","cfare","0","0.0","","0","0.0","","0","0.0",""
"fake_896","896","1","fake","81","4","502","4.98","20.25","60","441","0","0","1","0","0","0.0","0.0","0","0.0","0.032258","0","39","0","39","0.077689","1","cfare","0","0.0","","1","0.012346","sipas","0","0.0",""
"fake_897","897","1","fake","158","30","901","4.65","5.27","73","827","0","0","9","0","0","0.0","0.0","0","0.0","0.036785","0","53","1","54","0.059933","1","cfare","0","0.0","","0","0.0","","0","0.0",""
"fake_898","898","1","fake","97","2","576","4.84","48.5","82","493","0","0","5","3","0","0.0","0.0","1","0.010309","0.046908","0","44","4","48","0.083333","1","cfare","0","0.0","","0","0.0","","0","0.0",""
"fake_899","899","1","fake","96","13","515","4.33","7.38","65","449","0","0","3","0","0","0.0","0.0","1","0.010417","0.043373","0","27","1","28","0.054369","1","cfare","0","0.0","","0","0.0","","0","0.0",""
"fake_900","900","1","fake","110","10","582","4.21","11.0","41","540","0","0","4","3","0","0.0","0.0","1","0.009091","0.034632","0","35","1","36","0.061856","1","cfare","0","0.0","","0","0.0","","1","0.009091","mund të"
"fake_901","901","1","fake","84","6","440","4.2","14.0","89","350","0","0","3","0","0","0.0","0.0","0","0.0","0.022663","0","29","0","29","0.065909","1","cfare","0","0.0","","0","0.0","","1","0.011905","mund të"
"fake_902","902","1","fake","100","5","591","4.79","20.0","76","514","2","0","1","6","1","0.02","0.0","3","0.03","0.05428","0","30","0","30","0.050761","1","cfare","0","0.0","","0","0.0","","0","0.0",""
"fake_903","903","1","fake","68","3","413","5.0","22.67","62","350","0","0","3","2","0","0.0","0.0","4","0.058824","0.129412","0","33","0","33","0.079903","0","","0","0.0","","0","0.0","","0","0.0",""
"fake_904","904","1","fake","107","21","551","4.05","5.1","88","462","1","0","4","0","0","0.009346","0.0","1","0.009346","0.039261","0","36","0","36","0.065336","0","","0","0.0","","0","0.0","","0","0.0",""
"fake_905","905","1","fake","94","15","442","3.68","6.27","83","358","0","0","2","0","0","0.0","0.0","0","0.0","0.078947","0","15","0","15","0.033937","1","cfare","0","0.0","","0","0.0","","0","0.0",""
"fake_906","906","1","fake","95","10","532","4.55","9.5","58","473","0","0","2","0","0","0.0","0.0","2","0.021053","0.064965","0","37","0","37","0.069549","0","","0","0.0","","0","0.0","","0","0.0",""
"fake_907","907","1","fake","98","7","551","4.47","14.0","74","476","0","0","6","2","2","0.0","0.0","5","0.05102","0.149083","0","20","1","21","0.038113","2","cfare, per","0","0.0","","0","0.0","","0","0.0",""
"fake_908","908","1","fake","138","6","743","4.31","23.0","122","620","0","0","5","2","2","0.0","0.0","4","0.028986","0.114286","0","16","0","16","0.021534","3","eshte, cfare, nje","0","0.0","","0","0.0","","0","0.0",""
"fake_909","909","1","fake","76","14","411","4.32","5.43","71","339","0","0","4","0","0","0.0","0.0","1","0.013158","0.045732","0","24","0","24","0.058394","1","cfare","0","0.0","","0","0.0","","1","0.013158","mund të"
"fake_910","910","1","fake","79","10","444","4.49","7.9","58","385","0","0","3","2","0","0.0","0.0","0","0.0","0.033803","0","31","0","31","0.06982","1","per","0","0.0","","0","0.0","","0","0.0",""
"fake_911","911","1","fake","140","7","754","4.26","20.0","78","675","1","0","8","0","0","0.007143","0.0","0","0.0","0.018456","0","61","1","62","0.082228","1","cfare","0","0.0","","0","0.0","","1","0.007143","mund të"
"fake_912","912","1","fake","78","6","495","5.28","13.0","81","413","0","0","1","0","0","0.0","0.0","2","0.025641","0.034063","0","33","0","33","0.066667","0","","0","0.0","","0","0.0","","0","0.0",""
"fake_913","913","1","fake","99","4","556","4.53","24.75","72","483","0","0","2","0","0","0.0","0.0","0","0.0","0.051339","0","35","2","37","0.066547","1","per","0","0.0","","0","0.0","","0","0.0",""
"fake_914","914","1","fake","111","7","589","4.12","15.86","85","503","2","0","8","6","2","0.018018","0.0","12","0.108108","0.153173","0","40","0","40","0.067912","0","","0","0.0","","1","0.009009","deklaroi","0","0.0",""
"fake_915","915","1","fake","126","9","654","4.03","14.0","117","536","0","0","5","1","2","0.0","0.0","12","0.095238","0.145957","0","30","3","33","0.050459","0","","0","0.0","","0","0.0","","0","0.0",""
"fake_916","916","1","fake","122","17","605","3.75","7.18","134","470","0","0","2","0","0","0.0","0.0","1","0.008197","0.034934","0","22","2","24","0.039669","1","cfare","0","0.0","","0","0.0","","0","0.0",""
"fake_917","917","1","fake","83","18","429","4.11","4.61","72","356","0","0","5","0","0","0.0","0.0","0","0.0","0.020528","0","16","0","16","0.037296","0","","0","0.0","","0","0.0","","0","0.0",""
"fake_918","918","1","fake","108","5","641","4.8","21.6","92","548","0","0","7","2","0","0.0","0.0","0","0.0","0.040619","0","41","3","44","0.068643","1","per","0","0.0","","0","0.0","","0","0.0",""
"fake_919","919","1","fake","104","13","594","4.63","8.0","109","484","0","0","6","1","0","0.0","0.0","0","0.0","0.024896","0","34","4","38","0.063973","1","cfare","0","0.0","","0","0.0","","1","0.009615","mund të"
"fake_920","920","1","fake","87","16","493","4.55","5.44","164","328","0","0","4","0","0","0.0","0.0","2","0.022989","0.058081","0","26","1","27","0.054767","1","nje","0","0.0","","0","0.0","","0","0.0",""
"fake_921","921","1","fake","95","4","526","4.42","23.75","128","397","0","0","4","0","1","0.0","0.0","1","0.010526","0.045238","0","40","0","40","0.076046","1","cfare","0","0.0","","0","0.0","","0","0.0",""
"fake_922","922","1","fake","79","3","451","4.65","26.33","97","353","0","0","3","0","0","0.0","0.0","0","0.0","0.076503","0","22","2","24","0.053215","1","cfare","0","0.0","","0","0.0","","0","0.0",""
"fake_923","923","1","fake","94","9","495","4.07","10.44","95","399","0","0","5","2","0","0.0","0.0","0","0.0","0.023499","0","31","0","31","0.062626","1","cfare","0","0.0","","0","0.0","","0","0.0",""
"fake_924","924","1","fake","103","15","538","4.17","6.87","87","450","0","0","2","2","0","0.0","0.0","0","0.0","0.032558","0","35","1","36","0.066914","0","","0","0.0","","0","0.0","","0","0.0",""
"fake_925","925","1","fake","95","4","535","4.58","23.75","65","469","0","1","3","2","0","0.0","0.010526","1","0.010526","0.066667","0","27","1","28","0.052336","1","per","0","0.0","","0","0.0","","0","0.0",""
"fake_926","926","1","fake","121","3","717","4.78","40.33","98","618","0","0","2","4","1","0.0","0.0","0","0.0","0.019031","0","50","3","53","0.073919","0","","0","0.0","","0","0.0","","0","0.0",""
"fake_927","927","1","fake","97","2","552","4.61","48.5","68","483","0","0","5","2","0","0.0","0.0","0","0.0","0.026906","0","40","1","41","0.074275","1","cfare","0","0.0","","0","0.0","","0","0.0",""
"fake_928","928","1","fake","142","11","790","4.45","12.91","103","686","0","0","5","2","0","0.0","0.0","2","0.014085","0.031646","0","46","3","49","0.062025","2","cfare, per","0","0.0","","0","0.0","","1","0.007042","mund të"
"fake_929","929","1","fake","176","44","853","3.69","4.0","97","755","0","0","7","4","0","0.0","0.0","0","0.0","0.021572","0","36","3","39","0.045721","0","","0","0.0","","0","0.0","","0","0.0",""
"fake_930","930","1","fake","80","4","440","4.42","20.0","75","364","1","0","3","2","0","0.0125","0.0","2","0.025","0.09887","0","21","1","22","0.05","0","","0","0.0","","0","0.0","","0","0.0",""
"fake_931","931","1","fake","89","2","491","4.44","44.5","75","415","0","0","4","2","0","0.0","0.0","2","0.022472","0.04557","0","28","0","28","0.057026","1","cfare","0","0.0","","0","0.0","","0","0.0",""
"fake_932","932","1","fake","71","2","408","4.69","35.5","78","329","0","0","5","0","0","0.0","0.0","10","0.140845","0.171687","0","13","0","13","0.031863","0","","0","0.0","","0","0.0","","0","0.0",""
"fake_933","933","1","fake","95","4","517","4.34","23.75","62","454","0","0","1","0","0","0.0","0.0","0","0.0","0.014563","0","33","1","34","0.065764","3","eshte, cfare, per","0","0.0","","0","0.0","","1","0.010526","mund të"
"fake_934","934","1","fake","91","5","557","5.01","18.2","53","503","0","0","4","2","0","0.0","0.0","1","0.010989","0.035088","0","18","0","18","0.032316","2","cfare, per","0","0.0","","1","0.010989","deklaroi","0","0.0",""
"fake_935","935","1","fake","137","5","761","4.47","27.4","106","654","0","0","10","2","0","0.0","0.0","10","0.072993","0.106209","0","43","2","45","0.059133","0","","0","0.0","","0","0.0","","0","0.0",""
"fake_936","936","1","fake","91","5","535","4.77","18.2","53","481","0","0","9","0","0","0.0","0.0","10","0.10989","0.147806","0","35","3","38","0.071028","0","","0","0.0","","0","0.0","","0","0.0",""
"fake_937","937","1","fake","90","2","532","4.8","45.0","68","463","0","0","6","2","0","0.0","0.0","1","0.011111","0.037037","0","51","0","51","0.095865","2","cfare, per","0","0.0","","0","0.0","","3","0.033333","mund të"
"fake_938","938","1","fake","104","2","598","4.59","52.0","95","502","0","0","4","0","2","0.0","0.0","0","0.0","0.014675","0","52","0","52","0.086957","1","per","0","0.0","","0","0.0","","4","0.038462","mund të"
"fake_939","939","1","fake","106","7","595","4.49","15.14","81","513","0","2","2","0","1","0.0","0.018868","2","0.018868","0.069474","0","37","1","38","0.063866","1","eshte","0","0.0","","0","0.0","","0","0.0",""
"fake_940","940","1","fake","124","4","601","3.78","31.0","100","500","0","0","3","4","0","0.0","0.0","0","0.0","0.066098","0","56","0","56","0.093178","1","nje","0","0.0","","0","0.0","","0","0.0",""
"fake_941","941","1","fake","118","3","707","4.87","39.33","103","603","0","0","8","4","0","0.0","0.0","0","0.0","0.050435","0","32","2","34","0.048091","2","per, nje","0","0.0","","0","0.0","","0","0.0",""
"fake_942","942","1","fake","141","6","887","5.01","23.5","94","792","0","0","8","4","0","0.0","0.0","0","0.0","0.05949","0","60","6","66","0.074408","0","","0","0.0","","1","0.007092","sipas","1","0.007092","thuhet"
"fake_943","943","1","fake","81","3","417","4.1","27.0","90","326","0","0","2","0","0","0.0","0.0","4","0.049383","0.120482","0","25","0","25","0.059952","0","","0","0.0","","0","0.0","","0","0.0",""
"fake_944","944","1","fake","126","2","721","4.64","63.0","56","664","0","0","8","0","0","0.0","0.0","1","0.007937","0.051282","0","45","0","45","0.062413","0","","0","0.0","","0","0.0","","0","0.0",""
"fake_945","945","1","fake","125","6","742","4.87","20.83","76","665","0","0","3","0","0","0.0","0.0","0","0.0","0.034483","0","35","0","35","0.04717","0","","0","0.0","","0","0.0","","0","0.0",""
"fake_946","946","1","fake","88","1","512","4.62","88.0","101","410","0","0","3","0","0","0.0","0.0","0","0.0","0.014742","0","4","0","4","0.007812","0","","0","0.0","","0","0.0","","0","0.0",""
"fake_947","947","1","fake","94","7","551","4.59","13.43","117","433","0","0","6","0","0","0.0","0.0","0","0.0","0.046404","0","47","0","47","0.085299","0","","0","0.0","","0","0.0","","0","0.0",""
"fake_948","948","1","fake","163","5","791","3.76","32.6","103","687","0","0","11","2","0","0.0","0.0","0","0.0","0.030995","0","34","0","34","0.042984","3","eshte, cfare, per","0","0.0","","0","0.0","","0","0.0",""
"fake_949","949","1","fake","116","3","617","4.22","38.67","62","554","0","0","3","6","0","0.0","0.0","3","0.025862","0.05123","0","36","0","36","0.058347","2","cfare, kosove","0","0.0","","0","0.0","","1","0.008621","mund të"
"fake_950","950","1","fake","83","3","495","4.78","27.67","65","429","0","0","4","2","0","0.0","0.0","0","0.0","0.050378","0","29","0","29","0.058586","1","cfare","0","0.0","","0","0.0","","3","0.036145","mund të"
"fake_951","951","1","fake","83","1","496","4.9","83.0","82","413","0","0","6","0","0","0.0","0.0","0","0.0","0.051597","0","26","0","26","0.052419","1","cfare","0","0.0","","0","0.0","","0","0.0",""
"fake_952","952","1","fake","118","6","671","4.46","19.67","106","564","2","0","4","0","0","0.016949","0.0","10","0.084746","0.114068","0","57","7","64","0.09538","0","","0","0.0","","0","0.0","","0","0.0",""
"fake_953","953","1","fake","85","11","498","4.79","7.73","61","436","0","0","4","0","0","0.0","0.0","0","0.0","0.024631","0","30","1","31","0.062249","0","","0","0.0","","0","0.0","","0","0.0",""
"fake_954","954","1","fake","117","3","632","4.3","39.0","94","537","0","0","9","0","0","0.0","0.0","2","0.017094","0.055666","0","61","0","61","0.096519","1","per","0","0.0","","0","0.0","","0","0.0",""
"fake_955","955","1","fake","89","5","528","4.87","17.8","66","461","2","0","0","0","0","0.022472","0.0","1","0.011236","0.053118","0","28","0","28","0.05303","1","per","0","0.0","","0","0.0","","0","0.0",""
"fake_956","956","1","fake","111","4","575","3.97","27.75","108","466","1","0","8","0","0","0.009009","0.0","0","0.0","0.068027","0","49","0","49","0.085217","0","","0","0.0","","0","0.0","","0","0.0",""
"fake_957","957","1","fake","82","5","450","4.29","16.4","58","391","6","0","2","0","2","0.073171","0.0","0","0.0","0.105114","0","15","0","15","0.033333","0","","0","0.0","","1","0.012195","sipas","0","0.0",""
"fake_958","958","1","fake","140","7","787","4.48","20.0","122","664","2","0","12","1","0","0.014286","0.0","10","0.071429","0.114833","0","41","5","46","0.05845","1","eshte","1","0.007143","skandal","1","0.007143","policia","0","0.0",""
"fake_959","959","1","fake","49","3","301","5.08","16.33","56","244","0","2","2","0","1","0.0","0.040816","0","0.0","0.084677","0","15","1","16","0.053156","1","per","0","0.0","","0","0.0","","0","0.0",""
"fake_960","960","1","fake","66","5","423","5.23","13.2","64","358","0","0","3","0","0","0.0","0.0","0","0.0","0.052326","0","16","0","16","0.037825","1","eshte","0","0.0","","1","0.015152","konfirmoi","0","0.0",""
"fake_961","961","1","fake","76","2","400","4.26","38.0","53","346","0","0","1","0","1","0.0","0.0","1","0.013158","0.034056","0","27","0","27","0.0675","0","","0","0.0","","0","0.0","","1","0.013158","mund të"
"fake_962","962","1","fake","91","8","545","4.86","11.38","41","503","2","1","6","2","0","0.021978","0.010989","1","0.010989","0.038462","0","34","0","34","0.062385","1","cfare","0","0.0","","0","0.0","","0","0.0",""
"fake_963","963","1","fake","76","2","484","5.22","38.0","103","380","0","0","4","2","0","0.0","0.0","2","0.026316","0.047859","0","22","3","25","0.051653","1","cfare","0","0.0","","0","0.0","","0","0.0",""
"fake_964","964","1","fake","103","1","559","4.3","103.0","105","453","0","0","6","0","0","0.0","0.0","1","0.009709","0.040632","0","24","4","28","0.050089","1","cfare","0","0.0","","1","0.009709","sipas","0","0.0",""
"fake_965","965","1","fake","79","5","463","4.67","15.8","37","425","0","1","0","2","0","0.0","0.012658","1","0.012658","0.04336","0","16","1","17","0.036717","0","","0","0.0","","0","0.0","","0","0.0",""
"fake_966","966","1","fake","107","4","627","4.79","26.75","21","605","0","1","1","0","0","0.0","0.009346","0","0.0","0.023438","0","43","1","44","0.070175","1","cfare","0","0.0","","2","0.018692","ministria","1","0.009346","dyshohet"
"fake_967","967","1","fake","533","19","3240","4.97","28.05","64","3175","0","0","18","10","0","0.0","0.0","0","0.0","0.027558","0","235","9","244","0.075309","0","","0","0.0","","2","0.003752","ministria","4","0.007505","thuhet, mund të"
"fake_968","968","1","fake","130","5","712","4.35","26.0","77","634","0","0","10","6","2","0.0","0.0","0","0.0","0.088129","0","47","4","51","0.071629","0","","0","0.0","","0","0.0","","0","0.0",""
"fake_969","969","1","fake","93","3","531","4.67","31.0","88","442","0","0","4","0","0","0.0","0.0","0","0.0","0.073903","0","23","0","23","0.043315","0","","0","0.0","","0","0.0","","0","0.0",""
"fake_970","970","1","fake","130","3","773","4.76","43.33","109","663","0","0","12","4","0","0.0","0.0","0","0.0","0.050489","0","48","2","50","0.064683","0","","0","0.0","","1","0.007692","sipas","0","0.0",""
"fake_971","971","1","fake","125","4","710","4.46","31.25","63","646","0","0","6","2","1","0.0","0.0","2","0.016","0.064632","0","43","2","45","0.06338","0","","0","0.0","","0","0.0","","0","0.0",""
"fake_972","972","1","fake","233","11","1299","4.47","21.18","62","1236","1","0","9","13","0","0.004292","0.0","2","0.008584","0.051873","0","89","2","91","0.070054","0","","0","0.0","","0","0.0","","3","0.012876","mund të"
"fake_973","973","1","fake","139","6","733","4.18","23.17","65","667","2","0","7","2","0","0.014388","0.0","1","0.007194","0.069324","0","40","11","51","0.069577","0","","0","0.0","","0","0.0","","0","0.0",""
"fake_974","974","1","fake","90","7","499","4.48","12.86","64","434","1","1","4","0","0","0.011111","0.011111","0","0.0","0.034739","0","37","0","37","0.074148","0","","0","0.0","","0","0.0","","0","0.0",""
"fake_975","975","1","fake","88","3","480","4.25","29.33","58","421","0","0","8","6","0","0.0","0.0","0","0.0","0.029412","0","28","0","28","0.058333","0","","0","0.0","","0","0.0","","0","0.0",""
"fake_976","976","1","fake","204","10","1115","4.41","20.4","79","1035","3","0","5","0","0","0.014706","0.0","1","0.004902","0.056054","0","64","1","65","0.058296","0","","0","0.0","","0","0.0","","0","0.0",""
"fake_977","977","1","fake","409","19","2416","4.68","21.53","66","2349","2","0","61","0","0","0.00489","0.0","5","0.012225","0.060178","0","163","2","165","0.068295","0","","0","0.0","","0","0.0","","2","0.00489","mund të"
"fake_978","978","1","fake","196","9","1231","5.08","21.78","67","1163","0","0","11","6","0","0.0","0.0","0","0.0","0.024121","0","93","2","95","0.077173","0","","0","0.0","","0","0.0","","0","0.0",""
"fake_979","979","1","fake","186","10","1100","4.82","18.6","54","1045","2","0","15","0","0","0.010753","0.0","0","0.0","0.041249","0","80","0","80","0.072727","0","","0","0.0","","1","0.005376","sipas","1","0.005376","mund të"
"fake_980","980","1","fake","191","5","1085","4.57","38.2","70","1014","0","0","14","4","0","0.0","0.0","0","0.0","0.028637","0","90","4","94","0.086636","0","","0","0.0","","0","0.0","","0","0.0",""
"fake_981","981","1","fake","191","10","998","4.1","19.1","76","921","2","0","11","4","0","0.010471","0.0","0","0.0","0.029374","0","92","9","101","0.101202","0","","0","0.0","","0","0.0","","0","0.0",""
"fake_982","982","1","fake","104","9","609","4.68","11.56","76","532","2","2","7","0","0","0.019231","0.019231","0","0.0","0.041068","0","43","2","45","0.073892","0","","0","0.0","","1","0.009615","sipas","0","0.0",""
"fake_983","983","1","fake","134","8","809","4.85","16.75","52","756","0","1","6","8","0","0.0","0.007463","2","0.014925","0.046225","0","76","1","77","0.095179","0","","0","0.0","","0","0.0","","0","0.0",""
"fake_984","984","1","fake","177","7","974","4.33","25.29","38","935","0","0","10","8","0","0.0","0.0","5","0.028249","0.06291","0","72","0","72","0.073922","0","","0","0.0","","0","0.0","","0","0.0",""
"fake_985","985","1","fake","213","6","1011","3.46","35.5","80","930","0","0","10","4","0","0.0","0.0","8","0.037559","0.061392","0","0","0","0","0.0","1","nje","0","0.0","","0","0.0","","1","0.004695","thuhet"
"fake_986","986","1","fake","317","19","1883","4.74","16.68","69","1813","0","1","19","8","0","0.0","0.003155","1","0.003155","0.030687","0","149","1","150","0.07966","0","","0","0.0","","0","0.0","","1","0.003155","mund të"
"fake_987","987","1","fake","97","5","568","4.78","19.4","86","481","0","0","3","0","0","0.0","0.0","0","0.0","0.049569","0","24","1","25","0.044014","0","","0","0.0","","0","0.0","","0","0.0",""
"fake_988","988","1","fake","99","4","510","4.01","24.75","77","432","0","0","8","0","0","0.0","0.0","2","0.020202","0.073048","0","24","1","25","0.04902","0","","0","0.0","","1","0.010101","sipas","0","0.0",""
"fake_989","989","1","fake","126","5","682","4.27","25.2","74","607","0","0","10","0","0","0.0","0.0","0","0.0","0.040892","0","47","0","47","0.068915","0","","0","0.0","","0","0.0","","0","0.0",""
"fake_990","990","1","fake","204","9","1160","4.51","22.67","79","1080","1","0","16","12","0","0.004902","0.0","3","0.014706","0.038002","0","97","7","104","0.089655","0","","0","0.0","","0","0.0","","0","0.0",""
"fake_991","991","1","fake","107","5","689","5.36","21.4","88","600","0","0","6","0","0","0.0","0.0","0","0.0","0.045296","0","42","6","48","0.069666","0","","0","0.0","","0","0.0","","0","0.0",""
"fake_992","992","1","fake","189","13","1171","5.05","14.54","77","1093","0","0","9","8","1","0.0","0.0","0","0.0","0.049266","0","90","4","94","0.080273","0","","0","0.0","","1","0.005291","sipas","0","0.0",""
"fake_993","993","1","fake","153","6","730","3.66","25.5","79","650","1","0","11","4","0","0.006536","0.0","2","0.013072","0.066308","0","52","3","55","0.075342","0","","0","0.0","","0","0.0","","0","0.0",""
"fake_994","994","1","fake","172","4","938","4.31","43.0","98","839","0","0","13","2","0","0.0","0.0","1","0.005814","0.036437","0","66","1","67","0.071429","0","","0","0.0","","0","0.0","","0","0.0",""
"fake_995","995","1","fake","116","2","677","4.62","58.0","83","593","0","0","6","10","0","0.0","0.0","2","0.017241","0.031716","0","51","0","51","0.075332","0","","0","0.0","","0","0.0","","0","0.0",""
"fake_996","996","1","fake","106","5","543","3.99","21.2","62","480","2","0","8","2","0","0.018868","0.0","2","0.018868","0.078014","0","33","4","37","0.06814","1","kosove","0","0.0","","0","0.0","","0","0.0",""
"fake_997","997","1","fake","65","3","381","4.72","21.67","43","337","0","0","2","0","0","0.0","0.0","0","0.0","0.078431","0","19","0","19","0.049869","0","","0","0.0","","0","0.0","","0","0.0",""
"fake_998","998","1","fake","218","4","1193","4.32","54.5","72","1120","0","0","14","6","2","0.0","0.0","14","0.06422","0.07906","0","95","3","98","0.082146","0","","0","0.0","","0","0.0","","0","0.0",""
"fake_999","999","1","fake","254","8","1425","4.54","31.75","47","1377","0","0","7","6","0","0.0","0.0","3","0.011811","0.032958","0","89","0","89","0.062456","0","","0","0.0","","1","0.003937","sipas","2","0.007874","mendohet, mund të"
"fake_1000","1000","1","fake","126","5","739","4.82","25.2","58","680","0","0","0","6","0","0.0","0.0","0","0.0","0.044481","0","61","0","61","0.082544","0","","0","0.0","","0","0.0","","0","0.0",""
"fake_1001","1001","1","fake","116","6","649","4.48","19.33","58","590","2","0","12","0","0","0.017241","0.0","0","0.0","0.067698","0","43","1","44","0.067797","0","","0","0.0","","0","0.0","","0","0.0",""
"fake_1002","1002","1","fake","92","6","560","4.99","15.33","59","500","0","1","7","0","0","0.0","0.01087","1","0.01087","0.048035","0","28","0","28","0.05","0","","0","0.0","","0","0.0","","0","0.0",""
"fake_1003","1003","1","fake","104","3","518","3.86","34.67","69","448","0","0","6","0","0","0.0","0.0","0","0.0","0.037406","0","31","3","34","0.065637","0","","0","0.0","","0","0.0","","0","0.0",""
"fake_1004","1004","1","fake","133","8","640","3.69","16.62","90","549","1","0","7","2","0","0.007519","0.0","0","0.0","0.069246","0","33","2","35","0.054688","2","eshte, per","0","0.0","","0","0.0","","0","0.0",""
"fake_1005","1005","1","fake","105","4","605","4.67","26.25","75","529","2","0","2","0","0","0.019048","0.0","2","0.019048","0.07771","0","44","0","44","0.072727","0","","0","0.0","","0","0.0","","0","0.0",""
"fake_1006","1006","1","fake","125","7","631","3.93","17.86","77","553","0","0","4","6","0","0.0","0.0","0","0.0","0.063136","0","33","4","37","0.058637","2","eshte, per","0","0.0","","0","0.0","","0","0.0",""
"fake_1007","1007","1","fake","142","10","768","4.2","14.2","82","685","3","2","7","1","0","0.021127","0.014085","2","0.014085","0.058725","0","37","1","38","0.049479","0","","0","0.0","","0","0.0","","0","0.0",""
"fake_1008","1008","1","fake","208","9","1252","4.89","23.11","46","1205","2","0","10","2","0","0.009615","0.0","3","0.014423","0.044248","0","85","4","89","0.071086","0","","0","0.0","","1","0.004808","sipas","1","0.004808","thuhet"
"fake_1009","1009","1","fake","129","9","702","4.22","14.33","81","620","2","2","7","8","2","0.015504","0.015504","2","0.015504","0.027675","0","43","1","44","0.062678","1","per","0","0.0","","1","0.007752","sipas","0","0.0",""
"fake_1010","1010","1","fake","127","6","758","4.67","21.17","45","712","0","0","8","0","0","0.0","0.0","2","0.015748","0.042159","0","49","0","49","0.064644","0","","0","0.0","","0","0.0","","0","0.0",""
"fake_1011","1011","1","fake","172","10","1024","4.69","17.2","80","943","0","0","13","0","0","0.0","0.0","1","0.005814","0.052045","0","69","0","69","0.067383","0","","0","0.0","","0","0.0","","0","0.0",""
"fake_1012","1012","1","fake","98","2","513","4.17","49.0","48","464","0","0","3","0","0","0.0","0.0","0","0.0","0.036675","0","41","2","43","0.083821","0","","0","0.0","","0","0.0","","0","0.0",""
"fake_1013","1013","1","fake","263","10","1432","4.27","26.3","80","1351","0","0","13","8","0","0.0","0.0","0","0.0","0.026738","0","119","0","119","0.083101","0","","0","0.0","","1","0.003802","sipas","1","0.003802","supozohet"
"fake_1014","1014","1","fake","204","11","1158","4.55","18.55","51","1106","0","1","10","4","2","0.0","0.004902","1","0.004902","0.033369","0","97","1","98","0.084629","0","","0","0.0","","0","0.0","","1","0.004902","mund të"
"fake_1015","1015","1","fake","61","3","347","4.66","20.33","40","306","0","0","2","0","0","0.0","0.0","4","0.065574","0.084507","0","22","2","24","0.069164","0","","0","0.0","","0","0.0","","0","0.0",""
"fake_1016","1016","1","fake","238","7","1340","4.54","34.0","71","1268","0","2","10","4","0","0.0","0.008403","0","0.0","0.040037","0","84","1","85","0.063433","0","","0","0.0","","0","0.0","","0","0.0",""
"fake_1017","1017","1","fake","435","18","2429","4.52","24.17","68","2360","0","0","10","3","0","0.0","0.0","3","0.006897","0.025419","0","205","4","209","0.086044","0","","0","0.0","","0","0.0","","1","0.002299","mund të"
"fake_1018","1018","1","fake","183","10","1108","4.92","18.3","69","1038","2","0","16","0","0","0.010929","0.0","2","0.010929","0.053393","0","85","6","91","0.08213","0","","0","0.0","","2","0.010929","sipas","1","0.005464","mund të"
"fake_1019","1019","1","fake","163","7","960","4.77","23.29","85","874","0","0","6","6","0","0.0","0.0","1","0.006135","0.030848","0","57","2","59","0.061458","0","","0","0.0","","1","0.006135","deklaroi","0","0.0",""
"fake_1020","1020","1","fake","129","6","702","4.35","21.5","42","659","0","0","6","0","0","0.0","0.0","1","0.007752","0.040998","0","59","4","63","0.089744","0","","0","0.0","","0","0.0","","0","0.0",""
"fake_1021","1021","1","fake","110","9","597","4.37","12.22","48","548","0","0","5","1","0","0.0","0.0","0","0.0","0.039501","0","49","0","49","0.082077","0","","0","0.0","","0","0.0","","0","0.0",""
"fake_1022","1022","1","fake","360","22","2169","4.78","16.36","76","2092","1","0","16","0","0","0.002778","0.0","4","0.011111","0.025611","0","165","1","166","0.076533","0","","1","0.002778","urgjente","0","0.0","","0","0.0",""
"fake_1023","1023","1","fake","195","8","1190","4.93","24.38","68","1121","1","0","18","2","0","0.005128","0.0","7","0.035897","0.070686","0","86","1","87","0.073109","0","","0","0.0","","2","0.010256","sipas","0","0.0",""
"fake_1024","1024","1","fake","431","14","2609","4.96","30.79","55","2553","0","0","20","4","0","0.0","0.0","2","0.00464","0.046305","0","175","7","182","0.069759","0","","0","0.0","","2","0.00464","sipas, deklaroi","5","0.011601","thuhet, mund të"
"fake_1025","1025","1","fake","129","6","770","4.79","21.5","75","694","1","1","11","8","1","0.007752","0.007752","0","0.0","0.061688","0","38","3","41","0.053247","0","","0","0.0","","0","0.0","","3","0.023256","mund të"
"fake_1026","1026","1","fake","107","4","611","4.66","26.75","58","552","0","1","4","0","0","0.0","0.009346","0","0.0","0.04829","0","39","5","44","0.072013","0","","0","0.0","","0","0.0","","1","0.009346","mund të"
"fake_1027","1027","1","fake","263","9","1570","4.78","29.22","81","1488","0","0","19","4","0","0.0","0.0","3","0.011407","0.036624","0","97","1","98","0.06242","0","","0","0.0","","2","0.007605","sipas","0","0.0",""
"fake_1028","1028","1","fake","261","11","1591","4.98","23.73","86","1504","0","2","12","0","0","0.0","0.007663","2","0.007663","0.050887","0","106","5","111","0.069767","0","","0","0.0","","0","0.0","","0","0.0",""
"fake_1029","1029","1","fake","83","4","499","4.73","20.75","86","412","1","0","3","0","0","0.012048","0.0","5","0.060241","0.104592","0","21","0","21","0.042084","0","","0","0.0","","1","0.012048","ministria","0","0.0",""
"fake_1030","1030","1","fake","96","3","553","4.62","32.0","87","465","0","0","10","2","0","0.0","0.0","0","0.0","0.042793","0","39","4","43","0.077758","0","","0","0.0","","0","0.0","","0","0.0",""
"fake_1031","1031","1","fake","52","2","299","4.58","26.0","74","224","0","0","2","6","0","0.0","0.0","2","0.038462","0.096639","0","12","0","12","0.040134","1","eshte","0","0.0","","0","0.0","","0","0.0",""
"fake_1032","1032","1","fake","94","3","523","4.48","31.33","72","450","0","0","5","2","0","0.0","0.0","0","0.0","0.052506","0","39","2","41","0.078394","0","","0","0.0","","0","0.0","","0","0.0",""
"fake_1033","1033","1","fake","93","6","610","5.0","15.5","86","523","0","0","7","0","0","0.0","0.0","1","0.010753","0.064795","0","42","0","42","0.068852","0","","1","0.010753","nuk do ta besoni","0","0.0","","0","0.0",""
"fake_1034","1034","1","fake","115","7","636","4.39","16.43","70","565","0","0","4","2","0","0.0","0.0","0","0.0","0.035644","0","44","0","44","0.069182","0","","0","0.0","","0","0.0","","0","0.0",""
"fake_1035","1035","1","fake","91","4","588","5.32","22.75","68","519","0","1","6","0","0","0.0","0.010989","1","0.010989","0.043388","0","42","1","43","0.073129","0","","0","0.0","","0","0.0","","0","0.0",""
"fake_1036","1036","1","fake","77","3","450","4.75","25.67","51","398","0","0","1","0","0","0.0","0.0","0","0.0","0.046448","0","28","0","28","0.062222","0","","0","0.0","","0","0.0","","0","0.0",""
"fake_1037","1037","1","fake","344","12","2011","4.74","28.67","62","1948","1","1","19","6","1","0.002907","0.002907","1","0.002907","0.041718","0","144","4","148","0.073595","0","","0","0.0","","2","0.005814","sipas","1","0.002907","mund të"
"fake_1038","1038","1","fake","77","4","456","4.77","19.25","56","399","0","0","6","1","1","0.0","0.0","0","0.0","0.06267","0","33","2","35","0.076754","0","","0","0.0","","0","0.0","","0","0.0",""
"fake_1039","1039","1","fake","78","4","462","4.74","19.5","62","399","0","0","5","3","1","0.0","0.0","0","0.0","0.062162","0","33","5","38","0.082251","0","","0","0.0","","0","0.0","","0","0.0",""
"fake_1040","1040","1","fake","84","4","517","5.01","21.0","78","438","0","0","5","2","0","0.0","0.0","2","0.02381","0.042755","0","42","0","42","0.081238","0","","0","0.0","","0","0.0","","0","0.0",""
"fake_1041","1041","1","fake","187","10","1211","5.29","18.7","69","1141","2","0","9","6","0","0.010695","0.0","0","0.0","0.037412","0","91","4","95","0.078448","0","","0","0.0","","0","0.0","","0","0.0",""
"fake_1042","1042","1","fake","166","10","973","4.65","16.6","81","891","0","0","12","4","0","0.0","0.0","0","0.0","0.025907","0","71","3","74","0.076053","0","","0","0.0","","0","0.0","","0","0.0",""
"fake_1043","1043","1","fake","164","6","849","4.03","27.33","74","774","1","0","8","0","0","0.006098","0.0","3","0.018293","0.03177","0","8","4","12","0.014134","2","per, nje","0","0.0","","0","0.0","","0","0.0",""
"fake_1044","1044","1","fake","139","8","836","4.94","17.38","69","766","0","0","7","2","0","0.0","0.0","3","0.021583","0.049491","0","65","7","72","0.086124","0","","0","0.0","","0","0.0","","0","0.0",""
"fake_1045","1045","1","fake","89","3","485","4.35","29.67","75","409","1","0","4","0","2","0.011236","0.0","0","0.0","0.028571","0","33","0","33","0.068041","0","","0","0.0","","0","0.0","","2","0.022472","mund të"
"fake_1046","1046","1","fake","94","4","531","4.49","23.5","53","477","1","0","8","0","0","0.010638","0.0","0","0.0","0.045024","0","33","0","33","0.062147","0","","0","0.0","","0","0.0","","0","0.0",""
"fake_1047","1047","1","fake","123","5","730","4.81","24.6","62","667","0","0","9","2","0","0.0","0.0","3","0.02439","0.064189","0","42","3","45","0.061644","0","","0","0.0","","1","0.00813","deklaroi","1","0.00813","mund të"
"fake_1048","1048","1","fake","123","4","701","4.59","30.75","88","612","0","0","9","4","0","0.0","0.0","0","0.0","0.02669","0","53","2","55","0.078459","0","","0","0.0","","0","0.0","","0","0.0",""
"fake_1049","1049","1","fake","863","30","5289","4.94","28.77","82","5206","0","0","47","24","0","0.0","0.0","8","0.00927","0.042068","0","365","11","376","0.071091","0","","0","0.0","","1","0.001159","sipas","1","0.001159","mund të"
"fake_1050","1050","1","fake","88","3","509","4.72","29.33","78","430","0","0","3","2","0","0.0","0.0","1","0.011364","0.048309","0","36","0","36","0.070727","0","","0","0.0","","0","0.0","","0","0.0",""
"fake_1051","1051","1","fake","98","3","538","4.36","32.67","72","465","0","0","9","4","0","0.0","0.0","0","0.0","0.046838","0","41","5","46","0.085502","0","","0","0.0","","1","0.010204","sipas","0","0.0",""
"fake_1052","1052","1","fake","227","8","1323","4.66","28.38","52","1270","0","0","19","6","0","0.0","0.0","1","0.004405","0.037002","0","101","3","104","0.078609","0","","0","0.0","","0","0.0","","0","0.0",""
"fake_1053","1053","1","fake","109","3","620","4.62","36.33","43","576","0","0","6","0","0","0.0","0.0","0","0.0","0.047904","0","50","0","50","0.080645","0","","0","0.0","","0","0.0","","1","0.009174","mund të"
"fake_1054","1054","1","fake","96","5","566","4.84","19.2","64","501","0","0","3","0","0","0.0","0.0","4","0.041667","0.07957","0","35","0","35","0.061837","0","","0","0.0","","0","0.0","","0","0.0",""
"fake_1055","1055","1","fake","286","10","1728","4.97","28.6","35","1692","0","0","14","2","0","0.0","0.0","2","0.006993","0.033803","0","148","0","148","0.085648","0","","0","0.0","","0","0.0","","2","0.006993","thuhet, mund të"
"fake_1056","1056","1","fake","93","2","533","4.61","46.5","78","454","0","0","9","0","1","0.0","0.0","0","0.0","0.03271","0","30","0","30","0.056285","0","","0","0.0","","0","0.0","","0","0.0",""
"fake_1057","1057","1","fake","98","4","489","3.92","24.5","73","415","1","0","6","0","0","0.010204","0.0","0","0.0","0.039062","0","28","2","30","0.06135","0","","0","0.0","","0","0.0","","0","0.0",""
"fake_1058","1058","1","fake","95","2","577","4.94","47.5","73","503","0","0","4","0","0","0.0","0.0","0","0.0","0.036247","0","40","0","40","0.069324","0","","0","0.0","","0","0.0","","1","0.010526","mund të"
"fake_1059","1059","1","fake","149","5","832","4.49","29.8","37","794","0","0","6","2","0","0.0","0.0","1","0.006711","0.064759","0","58","7","65","0.078125","0","","0","0.0","","0","0.0","","1","0.006711","mund të"
"fake_1060","1060","1","fake","1039","57","5825","4.52","18.23","100","5724","1","1","33","0","0","0.000962","0.000962","12","0.01155","0.026204","0","492","14","506","0.086867","0","","0","0.0","","1","0.000962","sipas","3","0.002887","mund të"
"fake_1061","1061","1","fake","263","9","1497","4.56","29.22","81","1415","0","0","15","6","1","0.0","0.0","1","0.003802","0.026711","0","112","6","118","0.078824","0","","0","0.0","","3","0.011407","sipas, raporti","1","0.003802","mund të"
"fake_1062","1062","1","fake","125","4","734","4.66","31.25","84","649","0","0","10","4","0","0.0","0.0","0","0.0","0.024014","0","46","2","48","0.065395","0","","0","0.0","","0","0.0","","0","0.0",""
"fake_1063","1063","1","fake","214","24","1261","4.71","8.92","112","1148","0","0","3","2","0","0.0","0.0","0","0.0","0.019861","0","126","2","128","0.101507","0","","0","0.0","","0","0.0","","1","0.004673","mund të"
"fake_1064","1064","1","fake","132","6","722","4.36","22.0","58","663","1","0","10","2","0","0.007576","0.0","0","0.0","0.036585","0","56","1","57","0.078947","0","","1","0.007576","nuk do ta besoni","0","0.0","","0","0.0",""
"fake_1065","1065","1","fake","190","15","974","3.96","12.67","50","923","0","0","7","1","0","0.0","0.0","4","0.021053","0.057257","0","59","1","60","0.061602","0","","0","0.0","","0","0.0","","1","0.005263","mund të"
"fake_1066","1066","1","fake","120","8","614","3.97","15.0","52","561","0","0","5","1","0","0.0","0.0","4","0.033333","0.071579","0","40","2","42","0.068404","0","","1","0.008333","nuk do ta besoni","0","0.0","","0","0.0",""
"fake_1067","1067","1","fake","48","2","272","4.56","24.0","69","202","0","0","3","2","0","0.0","0.0","0","0.0","0.045872","0","24","0","24","0.088235","0","","0","0.0","","0","0.0","","0","0.0",""
"fake_1068","1068","1","fake","302","11","1786","4.78","27.45","106","1679","0","0","17","10","0","0.0","0.0","3","0.009934","0.049306","0","119","6","125","0.069989","0","","0","0.0","","1","0.003311","sipas","4","0.013245","mund të"
"fake_1069","1069","1","fake","198","13","1043","4.14","15.23","89","953","6","1","13","3","0","0.030303","0.005051","20","0.10101","0.129268","0","65","2","67","0.064238","0","","0","0.0","","0","0.0","","0","0.0",""
"fake_1070","1070","1","fake","108","4","609","4.53","27.0","65","543","0","0","6","0","0","0.0","0.0","0","0.0","0.05317","0","51","0","51","0.083744","0","","0","0.0","","1","0.009259","sipas","0","0.0",""
"fake_1071","1071","1","fake","82","3","501","5.04","27.33","80","420","0","0","2","2","0","0.0","0.0","1","0.012195","0.082324","0","17","4","21","0.041916","0","","0","0.0","","0","0.0","","0","0.0",""
"fake_1072","1072","1","fake","118","7","705","4.86","16.86","92","612","0","1","7","0","0","0.0","0.008475","1","0.008475","0.061296","0","43","1","44","0.062411","0","","0","0.0","","0","0.0","","0","0.0",""
"fake_1073","1073","1","fake","67","3","415","5.07","22.33","51","363","1","0","3","4","0","0.014925","0.0","0","0.0","0.064706","0","20","0","20","0.048193","0","","0","0.0","","0","0.0","","0","0.0",""
"fake_1074","1074","1","fake","99","3","605","4.96","33.0","64","540","0","0","7","2","0","0.0","0.0","0","0.0","0.042945","0","42","4","46","0.076033","0","","0","0.0","","0","0.0","","0","0.0",""
"fake_1075","1075","1","fake","69","3","427","5.14","23.0","52","374","0","0","3","0","0","0.0","0.0","0","0.0","0.033803","0","23","0","23","0.053864","0","","0","0.0","","1","0.014493","sipas","0","0.0",""
"fake_1076","1076","1","fake","103","3","574","4.54","34.33","76","497","0","0","2","0","0","0.0","0.0","2","0.019417","0.055794","0","48","0","48","0.083624","0","","0","0.0","","0","0.0","","0","0.0",""
"fake_1077","1077","1","fake","69","5","401","4.78","13.8","68","332","1","0","1","0","0","0.014493","0.0","0","0.0","0.024242","0","24","0","24","0.05985","0","","0","0.0","","0","0.0","","0","0.0",""
"fake_1078","1078","1","fake","139","4","779","4.46","34.75","76","702","1","0","8","4","0","0.007194","0.0","0","0.0","0.043619","0","62","1","63","0.080873","0","","0","0.0","","0","0.0","","2","0.014388","mund të"
"fake_1079","1079","1","fake","152","8","840","4.37","19.0","72","767","0","0","10","6","1","0.0","0.0","0","0.0","0.027108","0","44","1","45","0.053571","0","","0","0.0","","0","0.0","","0","0.0",""
"fake_1080","1080","1","fake","82","4","488","4.71","20.5","83","404","0","0","12","2","1","0.0","0.0","1","0.012195","0.072539","0","27","0","27","0.055328","0","","0","0.0","","0","0.0","","0","0.0",""
"fake_1081","1081","1","fake","81","3","509","5.15","27.0","74","434","0","0","6","2","1","0.0","0.0","0","0.0","0.057554","0","36","0","36","0.070727","0","","0","0.0","","0","0.0","","0","0.0",""
"fake_1082","1082","1","fake","133","9","769","4.74","14.78","52","716","1","0","2","0","0","0.007519","0.0","4","0.030075","0.049206","0","56","0","56","0.072822","0","","0","0.0","","0","0.0","","0","0.0",""
"fake_1083","1083","1","fake","126","6","729","4.66","21.0","56","672","1","0","10","2","0","0.007937","0.0","3","0.02381","0.061329","0","42","2","44","0.060357","0","","0","0.0","","1","0.007937","deklaroi","1","0.007937","mund të"
"fake_1084","1084","1","fake","107","4","615","4.66","26.75","77","537","0","0","5","2","1","0.0","0.0","0","0.0","0.044088","0","44","5","49","0.079675","0","","1","0.009346","e pabesueshme","0","0.0","","1","0.009346","mund të"
"fake_1085","1085","1","fake","170","7","1008","4.78","24.29","53","954","1","0","13","2","1","0.005882","0.0","3","0.017647","0.051852","0","94","1","95","0.094246","0","","0","0.0","","0","0.0","","0","0.0",""
"fake_1086","1086","1","fake","81","6","495","4.99","13.5","70","424","1","0","3","0","0","0.012346","0.0","0","0.0","0.047146","0","32","0","32","0.064646","0","","0","0.0","","0","0.0","","0","0.0",""
"fake_1087","1087","1","fake","73","4","436","4.77","18.25","56","379","0","0","3","1","1","0.0","0.0","0","0.0","0.066282","0","22","1","23","0.052752","0","","0","0.0","","0","0.0","","0","0.0",""
"fake_1088","1088","1","fake","80","2","476","4.86","40.0","91","384","0","0","4","0","0","0.0","0.0","0","0.0","0.03856","0","35","1","36","0.07563","0","","0","0.0","","0","0.0","","0","0.0",""
"fake_1089","1089","1","fake","81","4","429","4.14","20.25","97","331","2","1","6","1","0","0.024691","0.012346","1","0.012346","0.038806","0","23","2","25","0.058275","1","nje","0","0.0","","0","0.0","","0","0.0",""
"fake_1090","1090","1","fake","176","8","1069","4.92","22.0","73","995","0","0","11","4","1","0.0","0.0","0","0.0","0.043931","0","82","1","83","0.077643","0","","0","0.0","","2","0.011364","sipas","1","0.005682","mund të"
"fake_1091","1091","1","fake","85","4","497","4.76","21.25","65","431","0","0","3","1","0","0.0","0.0","0","0.0","0.041975","0","29","1","30","0.060362","0","","0","0.0","","0","0.0","","3","0.035294","mund të"
"fake_1092","1092","1","fake","112","5","645","4.64","22.4","59","585","1","0","3","2","0","0.008929","0.0","1","0.008929","0.05029","0","55","1","56","0.086822","0","","0","0.0","","1","0.008929","sipas","0","0.0",""
"fake_1093","1093","1","fake","117","3","713","5.0","39.0","64","648","0","0","6","2","1","0.0","0.0","0","0.0","0.044597","0","45","0","45","0.063114","0","","0","0.0","","0","0.0","","1","0.008547","mund të"
"fake_1094","1094","1","fake","150","7","845","4.5","21.43","65","779","0","0","10","2","0","0.0","0.0","0","0.0","0.031111","0","52","8","60","0.071006","0","","0","0.0","","0","0.0","","0","0.0",""
"fake_1095","1095","1","fake","90","5","520","4.72","18.0","71","448","1","0","2","0","0","0.011111","0.0","0","0.0","0.056471","0","4","0","4","0.007692","0","","0","0.0","","0","0.0","","0","0.0",""
"fake_1096","1096","1","fake","120","5","647","4.22","24.0","62","584","0","0","10","4","0","0.0","0.0","5","0.041667","0.071006","0","29","5","34","0.05255","0","","0","0.0","","0","0.0","","0","0.0",""
"fake_1097","1097","1","fake","365","11","2029","4.48","33.18","76","1952","0","0","13","4","0","0.0","0.0","3","0.008219","0.032456","0","177","7","184","0.090685","0","","0","0.0","","0","0.0","","0","0.0",""
"fake_1098","1098","1","fake","133","7","773","4.65","19.0","68","704","0","0","11","2","0","0.0","0.0","1","0.007519","0.040388","0","50","1","51","0.065977","0","","0","0.0","","0","0.0","","0","0.0",""
"fake_1099","1099","1","fake","167","5","946","4.57","33.4","77","868","0","0","10","2","0","0.0","0.0","1","0.005988","0.031455","0","78","2","80","0.084567","0","","0","0.0","","0","0.0","","2","0.011976","mund të"
"fake_1100","1100","1","fake","571","21","3404","4.82","27.19","61","3342","0","0","46","4","0","0.0","0.0","1","0.001751","0.033103","0","226","2","228","0.06698","0","","0","0.0","","3","0.005254","sipas, bëri të ditur","3","0.005254","thuhet, mund të"
"fake_1101","1101","1","fake","194","11","1106","4.61","17.64","69","1036","0","0","9","4","0","0.0","0.0","0","0.0","0.020179","0","124","2","126","0.113924","0","","0","0.0","","0","0.0","","0","0.0",""
"fake_1102","1102","1","fake","92","2","507","4.39","46.0","63","443","0","0","10","0","0","0.0","0.0","0","0.0","0.066998","0","26","3","29","0.057199","0","","0","0.0","","0","0.0","","1","0.01087","mund të"
"fake_1103","1103","1","fake","77","3","407","4.22","25.67","72","334","0","0","1","2","0","0.0","0.0","2","0.025974","0.049231","0","20","0","20","0.04914","0","","0","0.0","","0","0.0","","0","0.0",""
"fake_1104","1104","1","fake","378","12","2088","4.45","31.5","84","2003","0","0","9","8","0","0.0","0.0","3","0.007937","0.033929","0","185","0","185","0.088602","0","","0","0.0","","0","0.0","","2","0.005291","mund të"
"fake_1105","1105","1","fake","342","20","1763","4.04","17.1","88","1674","0","0","15","6","0","0.0","0.0","1","0.002924","0.02248","0","139","0","139","0.078843","0","","0","0.0","","2","0.005848","sipas, institucioni","0","0.0",""
"fake_1106","1106","1","fake","75","2","438","4.67","37.5","103","334","0","0","6","6","0","0.0","0.0","1","0.013333","0.071633","0","22","0","22","0.050228","0","","0","0.0","","0","0.0","","0","0.0",""
"fake_1107","1107","1","fake","67","4","416","5.12","16.75","76","339","0","0","1","0","0","0.0","0.0","0","0.0","0.029155","0","26","0","26","0.0625","0","","0","0.0","","1","0.014925","ministria","0","0.0",""
"fake_1108","1108","1","fake","44","3","244","4.36","14.67","51","192","1","0","0","0","1","0.022727","0.0","3","0.068182","0.145833","0","10","0","10","0.040984","0","","0","0.0","","0","0.0","","0","0.0",""
"fake_1109","1109","1","fake","257","9","1428","4.47","28.56","77","1350","0","0","15","0","0","0.0","0.0","0","0.0","0.018261","0","94","1","95","0.066527","0","","0","0.0","","0","0.0","","3","0.011673","dyshohet, mund të"
"fake_1110","1110","1","fake","96","5","525","4.38","19.2","78","446","1","0","4","2","0","0.010417","0.0","0","0.0","0.045238","0","28","3","31","0.059048","1","behet","0","0.0","","1","0.010417","sipas","0","0.0",""
"fake_1111","1111","1","fake","125","3","684","4.39","41.67","52","631","0","0","8","2","0","0.0","0.0","1","0.008","0.052823","0","44","5","49","0.071637","0","","0","0.0","","0","0.0","","0","0.0",""
"fake_1112","1112","1","fake","113","4","591","4.12","28.25","64","526","1","0","2","0","0","0.00885","0.0","3","0.026549","0.071274","0","2","0","2","0.003384","3","eshte, per, nje","0","0.0","","0","0.0","","0","0.0",""
"fake_1113","1113","1","fake","350","21","2126","4.93","16.67","77","2048","1","1","14","1","1","0.002857","0.002857","2","0.005714","0.026682","0","170","6","176","0.082785","0","","0","0.0","","2","0.005714","ministria, policia","0","0.0",""
"fake_1114","1114","1","fake","35","3","214","4.94","11.67","64","149","0","0","5","0","0","0.0","0.0","0","0.0","0.092486","0","4","0","4","0.018692","1","per","0","0.0","","0","0.0","","0","0.0",""
"fake_1115","1115","1","fake","31","3","201","5.29","10.33","51","149","0","0","4","0","1","0.0","0.0","0","0.0","0.091463","0","3","0","3","0.014925","1","per","0","0.0","","0","0.0","","0","0.0",""
"fake_1116","1116","1","fake","353","13","2119","4.8","27.15","60","2058","0","0","20","2","0","0.0","0.0","1","0.002833","0.030769","0","161","0","161","0.075979","0","","0","0.0","","0","0.0","","1","0.002833","mund të"
"fake_1117","1117","1","fake","362","20","1885","4.1","18.1","65","1819","0","0","18","4","0","0.0","0.0","1","0.002762","0.034367","0","154","8","162","0.085942","0","","0","0.0","","0","0.0","","0","0.0",""
"fake_1118","1118","1","fake","107","3","587","4.4","35.67","44","542","0","0","5","4","0","0.0","0.0","0","0.0","0.042463","0","43","0","43","0.073254","0","","0","0.0","","0","0.0","","0","0.0",""
"fake_1119","1119","1","fake","84","2","484","4.64","42.0","102","381","0","0","6","0","0","0.0","0.0","0","0.0","0.046154","0","34","2","36","0.07438","0","","0","0.0","","2","0.02381","sipas","0","0.0",""
"fake_1120","1120","1","fake","125","9","806","5.28","13.89","76","729","0","0","10","6","1","0.0","0.0","0","0.0","0.039514","0","37","0","37","0.045906","0","","0","0.0","","1","0.008","sipas","0","0.0",""
"fake_1121","1121","1","fake","73","5","386","4.12","14.6","71","314","1","0","0","2","1","0.013699","0.0","0","0.0","0.066445","0","23","2","25","0.064767","0","","0","0.0","","0","0.0","","0","0.0",""
"fake_1122","1122","1","fake","116","5","766","5.42","23.2","71","694","0","0","9","2","0","0.0","0.0","1","0.008621","0.046105","0","53","0","53","0.069191","0","","0","0.0","","0","0.0","","0","0.0",""
"fake_1123","1123","1","fake","137","8","811","4.66","17.12","58","752","1","0","9","4","0","0.007299","0.0","8","0.058394","0.092622","0","40","1","41","0.050555","0","","0","0.0","","0","0.0","","0","0.0",""
"fake_1124","1124","1","fake","66","3","418","5.18","22.0","69","348","0","0","1","4","0","0.0","0.0","0","0.0","0.05","0","20","1","21","0.050239","0","","0","0.0","","1","0.015152","ministria","0","0.0",""
"fake_1125","1125","1","fake","111","4","657","4.86","27.75","107","549","0","0","3","4","0","0.0","0.0","0","0.0","0.033395","0","45","1","46","0.070015","0","","0","0.0","","0","0.0","","0","0.0",""
"fake_1126","1126","1","fake","765","29","4603","4.9","26.38","111","4491","0","0","46","0","0","0.0","0.0","4","0.005229","0.030975","0","358","12","370","0.080382","0","","0","0.0","","1","0.001307","deklaroi","5","0.006536","mund të"
"fake_1127","1127","1","fake","97","10","562","4.6","9.7","107","454","1","0","2","0","0","0.010309","0.0","0","0.0","0.040359","0","35","4","39","0.069395","0","","0","0.0","","0","0.0","","0","0.0",""
"fake_1128","1128","1","fake","100","15","537","4.24","6.67","101","435","1","0","3","0","0","0.01","0.0","0","0.0","0.014151","0","44","0","44","0.081937","0","","0","0.0","","1","0.01","sipas","0","0.0",""
"fake_1129","1129","1","fake","91","14","478","4.14","6.5","92","385","1","1","2","0","0","0.010989","0.010989","0","0.0","0.023873","0","31","4","35","0.073222","0","","0","0.0","","0","0.0","","0","0.0",""
"fake_1130","1130","1","fake","104","14","565","4.31","7.43","94","470","1","0","3","0","1","0.009615","0.0","0","0.0","0.024609","0","48","0","48","0.084956","0","","0","0.0","","0","0.0","","0","0.0",""
"fake_1131","1131","1","fake","95","17","520","4.33","5.59","88","431","1","1","0","1","0","0.010526","0.010526","0","0.0","0.02934","0","32","2","34","0.065385","0","","0","0.0","","0","0.0","","0","0.0",""
"fake_1132","1132","1","fake","102","15","600","4.71","6.8","111","488","1","0","6","0","0","0.009804","0.0","0","0.0","0.035417","0","39","0","39","0.065","0","","0","0.0","","0","0.0","","0","0.0",""
"fake_1133","1133","1","fake","88","4","513","4.59","22.0","78","434","1","1","5","0","0","0.011364","0.011364","1","0.011364","0.032178","0","30","1","31","0.060429","0","","0","0.0","","0","0.0","","0","0.0",""
"fake_1134","1134","1","fake","88","3","523","4.86","29.33","84","438","0","0","4","0","0","0.0","0.0","1","0.011364","0.046838","0","33","0","33","0.063098","0","","0","0.0","","0","0.0","","0","0.0",""
"fake_1135","1135","1","fake","107","3","613","4.59","35.67","72","540","1","0","9","0","0","0.009346","0.0","1","0.009346","0.059305","0","44","0","44","0.071778","0","","0","0.0","","0","0.0","","0","0.0",""
"fake_1136","1136","1","fake","95","5","523","4.32","19.0","109","413","1","0","4","2","0","0.010526","0.0","0","0.0","0.026829","0","35","1","36","0.068834","0","","0","0.0","","1","0.010526","sipas","0","0.0",""
"fake_1137","1137","1","fake","85","4","546","5.24","21.25","99","446","1","0","5","4","0","0.011765","0.0","0","0.0","0.044944","0","29","1","30","0.054945","0","","0","0.0","","0","0.0","","0","0.0",""
"fake_1138","1138","1","fake","104","7","615","4.8","14.86","73","541","1","0","5","0","0","0.009615","0.0","0","0.0","0.044088","0","39","0","39","0.063415","0","","0","0.0","","1","0.009615","konfirmoi","0","0.0",""
"fake_1139","1139","1","fake","94","4","591","5.07","23.5","105","485","1","0","3","0","0","0.010638","0.0","1","0.010638","0.027254","0","30","0","30","0.050761","0","","0","0.0","","0","0.0","","0","0.0",""
"fake_1140","1140","1","fake","98","5","618","5.04","19.6","96","521","1","0","5","4","0","0.010204","0.0","0","0.0","0.048583","0","30","0","30","0.048544","0","","0","0.0","","0","0.0","","0","0.0",""
"fake_1141","1141","1","fake","77","4","528","5.56","19.25","82","445","1","0","3","2","0","0.012987","0.0","0","0.0","0.035129","0","31","0","31","0.058712","0","","0","0.0","","0","0.0","","0","0.0",""
"fake_1142","1142","1","fake","86","4","522","4.86","21.5","116","405","1","0","5","2","1","0.011628","0.0","1","0.011628","0.038278","0","45","0","45","0.086207","0","","0","0.0","","0","0.0","","0","0.0",""
"fake_1143","1143","1","fake","104","7","620","4.77","14.86","92","527","1","0","9","2","0","0.009615","0.0","0","0.0","0.022177","0","29","4","33","0.053226","0","","0","0.0","","0","0.0","","0","0.0",""
"fake_1144","1144","1","fake","88","4","530","4.91","22.0","89","440","1","0","1","2","0","0.011364","0.0","0","0.0","0.032407","0","33","0","33","0.062264","0","","0","0.0","","0","0.0","","0","0.0",""
"fake_1145","1145","1","fake","107","8","558","4.08","13.38","94","463","2","0","4","0","0","0.018692","0.0","0","0.0","0.029748","0","40","0","40","0.071685","0","","0","0.0","","0","0.0","","0","0.0",""
"fake_1146","1146","1","fake","75","5","432","4.59","15.0","78","353","1","0","3","2","0","0.013333","0.0","1","0.013333","0.061047","0","27","0","27","0.0625","0","","0","0.0","","0","0.0","","1","0.013333","mund të"
"fake_1147","1147","1","fake","86","6","496","4.58","14.33","98","397","2","2","1","0","0","0.023256","0.023256","0","0.0","0.030457","0","38","0","38","0.076613","0","","0","0.0","","0","0.0","","0","0.0",""
"fake_1148","1148","1","fake","88","5","523","4.82","17.6","66","456","1","0","0","2","0","0.011364","0.0","0","0.0","0.028302","0","36","0","36","0.068834","0","","0","0.0","","0","0.0","","0","0.0",""
"fake_1149","1149","1","fake","95","3","625","5.4","31.67","118","506","0","0","8","2","0","0.0","0.0","0","0.0","0.054902","0","30","0","30","0.048","0","","0","0.0","","0","0.0","","0","0.0",""
"fake_1150","1150","1","fake","98","5","575","4.71","19.6","93","481","1","0","4","5","0","0.010204","0.0","1","0.010204","0.034632","0","43","0","43","0.074783","0","","0","0.0","","1","0.010204","sipas","0","0.0",""
"fake_1151","1151","1","fake","90","5","540","4.84","18.0","97","442","2","0","5","2","0","0.022222","0.0","0","0.0","0.057471","0","26","0","26","0.048148","0","","0","0.0","","0","0.0","","0","0.0",""
"fake_1152","1152","1","fake","82","4","572","5.8","20.5","78","493","1","0","4","0","1","0.012195","0.0","0","0.0","0.048421","0","26","3","29","0.050699","0","","0","0.0","","0","0.0","","0","0.0",""
"fake_1153","1153","1","fake","90","4","562","5.09","22.5","103","458","1","1","3","4","0","0.011111","0.011111","0","0.0","0.039387","0","43","0","43","0.076512","0","","0","0.0","","0","0.0","","0","0.0",""
"fake_1154","1154","1","fake","70","4","467","5.46","17.5","83","383","2","0","2","0","0","0.028571","0.0","1","0.014286","0.065445","0","24","0","24","0.051392","0","","0","0.0","","1","0.014286","sipas","0","0.0",""
"fake_1155","1155","1","fake","81","4","539","5.47","20.25","91","447","1","1","6","0","0","0.012346","0.012346","0","0.0","0.058824","0","30","1","31","0.057514","0","","0","0.0","","0","0.0","","0","0.0",""
"fake_1156","1156","1","fake","111","4","625","4.55","27.75","104","520","1","0","2","0","1","0.009009","0.0","0","0.0","0.035644","0","39","0","39","0.0624","0","","0","0.0","","0","0.0","","1","0.009009","mund të"
"fake_1157","1157","1","fake","105","5","593","4.43","21.0","79","513","1","0","10","6","0","0.009524","0.0","0","0.0","0.034409","0","34","3","37","0.062395","0","","0","0.0","","1","0.009524","sipas","0","0.0",""
"fake_1158","1158","1","fake","106","5","586","4.4","21.2","106","479","1","0","5","0","0","0.009434","0.0","0","0.0","0.025751","0","44","0","44","0.075085","0","","0","0.0","","1","0.009434","sipas","0","0.0",""
"fake_1159","1159","1","fake","89","4","510","4.57","22.25","90","419","1","0","4","0","0","0.011236","0.0","3","0.033708","0.066339","0","42","1","43","0.084314","0","","0","0.0","","0","0.0","","0","0.0",""
"fake_1160","1160","1","fake","78","4","453","4.63","19.5","88","364","1","0","5","0","0","0.012821","0.0","0","0.0","0.055402","0","25","3","28","0.06181","0","","0","0.0","","0","0.0","","0","0.0",""
"fake_1161","1161","1","fake","82","4","511","5.05","20.5","107","403","1","0","4","0","0","0.012195","0.0","0","0.0","0.041063","0","31","3","34","0.066536","0","","0","0.0","","2","0.02439","deklaroi","0","0.0",""
"fake_1162","1162","1","fake","81","5","511","5.16","16.2","88","422","1","1","3","1","0","0.012346","0.012346","0","0.0","0.043062","0","24","3","27","0.052838","1","eshte","0","0.0","","0","0.0","","0","0.0",""
"fake_1163","1163","1","fake","81","3","507","5.14","27.0","100","406","1","0","3","2","0","0.012346","0.0","0","0.0","0.038462","0","21","0","21","0.04142","0","","0","0.0","","0","0.0","","0","0.0",""
"fake_1164","1164","1","fake","91","4","512","4.49","22.75","105","406","1","1","3","0","0","0.010989","0.010989","0","0.0","0.02445","0","45","2","47","0.091797","0","","0","0.0","","1","0.010989","deklaroi","0","0.0",""
"fake_1165","1165","1","fake","86","4","518","4.84","21.5","103","414","2","0","6","2","0","0.023256","0.0","0","0.0","0.028916","0","32","1","33","0.063707","0","","0","0.0","","0","0.0","","0","0.0",""
"fake_1166","1166","1","fake","107","4","628","4.74","26.75","77","550","1","1","7","0","0","0.009346","0.009346","2","0.018692","0.043478","0","40","0","40","0.063694","0","","0","0.0","","1","0.009346","sipas","1","0.009346","thuhet"
"fake_1167","1167","1","fake","82","4","481","4.77","20.5","65","415","1","0","2","0","0","0.012195","0.0","1","0.012195","0.043478","0","45","2","47","0.097713","0","","0","0.0","","0","0.0","","0","0.0",""
"fake_1168","1168","1","fake","89","6","540","4.92","14.83","83","456","2","0","3","0","0","0.022472","0.0","0","0.0","0.027397","0","47","0","47","0.087037","0","","0","0.0","","1","0.011236","sipas","0","0.0",""
"fake_1169","1169","1","fake","95","3","555","4.65","31.67","89","465","1","0","5","4","2","0.010526","0.0","0","0.0","0.049774","0","34","1","35","0.063063","0","","0","0.0","","0","0.0","","0","0.0",""
"fake_1170","1170","1","fake","88","3","534","4.95","29.33","107","426","1","0","2","0","0","0.011364","0.0","0","0.0","0.062069","0","26","0","26","0.048689","0","","0","0.0","","0","0.0","","0","0.0",""
"fake_1171","1171","1","fake","105","5","630","4.86","21.0","81","548","1","1","3","4","0","0.009524","0.009524","0","0.0","0.047151","0","41","0","41","0.065079","0","","0","0.0","","0","0.0","","0","0.0",""
"fake_1172","1172","1","fake","80","3","490","4.91","26.67","113","376","1","1","5","2","1","0.0125","0.0125","0","0.0","0.048346","0","36","1","37","0.07551","0","","0","0.0","","0","0.0","","0","0.0",""
"fake_1173","1173","1","fake","87","3","528","4.87","29.0","77","450","1","0","8","0","0","0.011494","0.0","0","0.0","0.033019","0","28","0","28","0.05303","0","","0","0.0","","0","0.0","","1","0.011494","mund të"
"fake_1174","1174","1","fake","104","3","619","4.88","34.67","96","522","1","0","2","0","0","0.009615","0.0","0","0.0","0.035433","0","39","1","40","0.06462","0","","0","0.0","","0","0.0","","0","0.0",""
"fake_1175","1175","1","fake","102","5","653","5.29","20.4","104","548","1","1","5","0","0","0.009804","0.009804","1","0.009804","0.062963","0","35","0","35","0.053599","0","","0","0.0","","0","0.0","","0","0.0",""
"fake_1176","1176","1","fake","90","7","535","4.8","12.86","94","440","1","1","5","0","0","0.011111","0.011111","0","0.0","0.043981","0","30","0","30","0.056075","0","","0","0.0","","0","0.0","","0","0.0",""
"fake_1177","1177","1","fake","95","4","569","4.85","23.75","87","481","1","1","6","0","0","0.010526","0.010526","0","0.0","0.019523","0","28","0","28","0.049209","0","","0","0.0","","1","0.010526","sipas","0","0.0",""
"fake_1178","1178","1","fake","73","3","476","5.26","24.33","85","390","1","0","4","0","0","0.013699","0.0","1","0.013699","0.049479","0","22","0","22","0.046218","0","","0","0.0","","0","0.0","","0","0.0",""
"fake_1179","1179","1","fake","110","4","603","4.37","27.5","75","527","3","0","2","0","0","0.027273","0.0","0","0.0","0.029106","0","31","2","33","0.054726","0","","0","0.0","","0","0.0","","0","0.0",""
"fake_1180","1180","1","fake","81","4","516","5.17","20.25","84","431","1","1","3","0","1","0.012346","0.012346","0","0.0","0.026253","0","32","0","32","0.062016","0","","0","0.0","","0","0.0","","0","0.0",""
"fake_1181","1181","1","fake","94","3","523","4.36","31.33","101","421","1","0","1","2","0","0.010638","0.0","0","0.0","0.017073","0","36","1","37","0.070746","0","","0","0.0","","0","0.0","","2","0.021277","mund të"
"fake_1182","1182","1","fake","87","4","513","4.64","21.75","90","422","1","0","5","6","0","0.011494","0.0","0","0.0","0.052109","0","31","0","31","0.060429","0","","0","0.0","","0","0.0","","0","0.0",""
"fake_1183","1183","1","fake","88","4","476","4.3","22.0","92","383","0","1","4","2","0","0.0","0.011364","0","0.0","0.021164","0","33","2","35","0.073529","0","","1","0.011364","nuk do ta besoni","0","0.0","","0","0.0",""
"fake_1184","1184","1","fake","84","3","523","5.1","28.0","85","437","1","0","5","0","0","0.011905","0.0","1","0.011905","0.0726","0","34","0","34","0.06501","0","","0","0.0","","0","0.0","","0","0.0",""
"fake_1185","1185","1","fake","92","4","562","4.96","23.0","80","481","1","0","7","0","0","0.01087","0.0","0","0.0","0.04185","0","32","1","33","0.058719","0","","0","0.0","","0","0.0","","0","0.0",""
"fake_1186","1186","1","fake","99","4","606","4.93","24.75","87","518","1","0","4","0","0","0.010101","0.0","2","0.020202","0.05123","0","38","2","40","0.066007","0","","1","0.010101","alarm","0","0.0","","0","0.0",""
"fake_1187","1187","1","fake","99","4","595","4.82","24.75","83","511","1","0","7","2","0","0.010101","0.0","0","0.0","0.039832","0","41","0","41","0.068908","0","","0","0.0","","0","0.0","","0","0.0",""
"fake_1188","1188","1","fake","75","2","454","4.88","37.5","85","368","0","0","9","0","0","0.0","0.0","0","0.0","0.040984","0","26","0","26","0.057269","0","","0","0.0","","0","0.0","","0","0.0",""
"fake_1189","1189","1","fake","93","6","539","4.66","15.5","120","418","1","0","3","0","0","0.010753","0.0","0","0.0","0.027714","0","25","1","26","0.048237","2","eshte, nje","0","0.0","","1","0.010753","konfirmoi","0","0.0",""
"fake_1190","1190","1","fake","97","4","535","4.4","24.25","99","435","1","1","2","0","0","0.010309","0.010309","0","0.0","0.037471","0","33","0","33","0.061682","0","","0","0.0","","0","0.0","","0","0.0",""
"fake_1191","1191","1","fake","91","9","503","4.32","10.11","119","383","1","0","3","2","0","0.010989","0.0","0","0.0","0.025445","0","30","1","31","0.06163","1","nje","0","0.0","","0","0.0","","0","0.0",""
"fake_1192","1192","1","fake","81","6","462","4.57","13.5","95","366","1","2","3","0","0","0.012346","0.024691","2","0.024691","0.040541","0","39","0","39","0.084416","0","","0","0.0","","0","0.0","","0","0.0",""
"fake_1193","1193","1","fake","101","4","560","4.34","25.25","112","447","1","0","2","0","0","0.009901","0.0","0","0.0","0.016018","0","45","0","45","0.080357","0","","0","0.0","","0","0.0","","1","0.009901","mund të"
"fake_1194","1194","1","fake","90","4","591","5.37","22.5","98","492","1","2","2","0","0","0.011111","0.022222","0","0.0","0.031056","0","31","2","33","0.055838","0","","1","0.011111","skandal","1","0.011111","deklaroi","0","0.0",""
"fake_1195","1195","1","fake","110","3","640","4.65","36.67","118","521","1","0","6","0","0","0.009091","0.0","2","0.018182","0.041016","0","46","2","48","0.075","0","","0","0.0","","0","0.0","","0","0.0",""
"fake_1196","1196","1","fake","99","6","609","4.92","16.5","114","494","2","0","3","0","0","0.020202","0.0","0","0.0","0.049281","0","43","3","46","0.075534","0","","0","0.0","","0","0.0","","0","0.0",""
"fake_1197","1197","1","fake","96","3","594","4.97","32.0","88","505","0","0","5","0","0","0.0","0.0","1","0.010417","0.039832","0","44","1","45","0.075758","0","","0","0.0","","0","0.0","","0","0.0",""
"fake_1198","1198","1","fake","129","8","791","4.88","16.12","91","699","2","1","7","2","1","0.015504","0.007752","1","0.007752","0.055556","0","43","0","43","0.054362","2","per, nje","0","0.0","","0","0.0","","0","0.0",""
"fake_1199","1199","1","fake","109","7","634","4.65","15.57","81","552","1","4","8","2","0","0.009174","0.036697","0","0.0","0.015779","0","58","1","59","0.09306","0","","0","0.0","","0","0.0","","0","0.0",""
"fake_1200","1200","1","fake","80","3","552","5.65","26.67","77","474","0","0","5","2","2","0.0","0.0","0","0.0","0.075893","0","33","3","36","0.065217","0","","0","0.0","","0","0.0","","0","0.0",""
"fake_1201","1201","1","fake","160","8","803","3.95","20.0","82","720","1","1","3","0","0","0.00625","0.00625","1","0.00625","0.023734","0","60","1","61","0.075965","0","","0","0.0","","0","0.0","","2","0.0125","mund të"
"fake_1202","1202","1","fake","83","4","506","4.94","20.75","93","412","0","1","6","1","0","0.0","0.012048","0","0.0","0.022005","0","31","0","31","0.061265","0","","0","0.0","","0","0.0","","0","0.0",""
"fake_1203","1203","1","fake","127","6","737","4.63","21.17","78","658","1","1","8","0","0","0.007874","0.007874","0","0.0","0.022184","0","48","0","48","0.065129","0","","0","0.0","","1","0.007874","ministria","0","0.0",""
"fake_1204","1204","1","fake","127","7","751","4.72","18.14","100","650","2","0","5","0","0","0.015748","0.0","1","0.007874","0.036667","0","46","2","48","0.063915","0","","0","0.0","","1","0.007874","sipas","0","0.0",""
"fake_1205","1205","1","fake","96","3","528","4.38","32.0","92","435","1","0","5","0","0","0.010417","0.0","0","0.0","0.02148","0","37","0","37","0.070076","0","","0","0.0","","0","0.0","","0","0.0",""
"fake_1206","1206","1","fake","108","2","613","4.58","54.0","109","503","1","0","4","0","0","0.009259","0.0","0","0.0","0.022222","0","50","0","50","0.081566","0","","0","0.0","","0","0.0","","0","0.0",""
"fake_1207","1207","1","fake","73","2","480","5.37","36.5","81","398","0","0","8","0","0","0.0","0.0","1","0.013699","0.063776","0","14","3","17","0.035417","0","","0","0.0","","0","0.0","","0","0.0",""
"fake_1208","1208","1","fake","95","4","577","4.89","23.75","86","490","1","0","3","1","0","0.010526","0.0","1","0.010526","0.034409","0","44","0","44","0.076256","0","","0","0.0","","0","0.0","","0","0.0",""
"fake_1209","1209","1","fake","105","4","592","4.4","26.25","114","477","0","0","6","0","0","0.0","0.0","2","0.019048","0.061002","0","38","4","42","0.070946","0","","0","0.0","","1","0.009524","sipas","0","0.0",""
"fake_1210","1210","1","fake","100","3","596","4.58","33.33","97","498","1","0","2","1","0","0.01","0.0","0","0.0","0.019651","0","45","0","45","0.075503","0","","0","0.0","","0","0.0","","0","0.0",""
"fake_1211","1211","1","fake","100","4","616","4.99","25.0","99","516","0","0","9","4","0","0.0","0.0","2","0.02","0.05835","0","27","0","27","0.043831","0","","0","0.0","","0","0.0","","0","0.0",""
"fake_1212","1212","1","fake","376","28","2011","4.19","13.43","98","1912","5","4","16","4","5","0.013298","0.010638","0","0.0","0.024112","0","151","4","155","0.077076","0","","0","0.0","","0","0.0","","2","0.005319","ndoshta"
"fake_1213","1213","1","fake","139","6","819","4.71","23.17","115","703","1","0","9","4","0","0.007194","0.0","0","0.0","0.024427","0","57","0","57","0.069597","0","","0","0.0","","0","0.0","","0","0.0",""
"fake_1214","1214","1","fake","95","5","594","5.05","19.0","95","498","0","1","4","0","0","0.0","0.010526","0","0.0","0.041667","0","42","2","44","0.074074","0","","0","0.0","","0","0.0","","0","0.0",""
"fake_1215","1215","1","fake","72","3","527","6.12","24.0","93","433","0","0","4","0","0","0.0","0.0","3","0.041667","0.086168","0","27","3","30","0.056926","0","","0","0.0","","0","0.0","","0","0.0",""
"fake_1216","1216","1","fake","274","13","1601","4.75","21.08","87","1513","2","0","21","0","0","0.007299","0.0","0","0.0","0.040707","0","111","0","111","0.069332","0","","0","0.0","","2","0.007299","sipas","1","0.00365","mund të"
"fake_1217","1217","1","fake","85","3","503","4.8","28.33","105","397","1","0","4","0","0","0.011765","0.0","3","0.035294","0.058824","0","41","1","42","0.083499","0","","0","0.0","","0","0.0","","0","0.0",""
"fake_1218","1218","1","fake","105","6","660","4.92","17.5","77","582","0","0","6","2","0","0.0","0.0","0","0.0","0.021277","0","39","0","39","0.059091","0","","0","0.0","","0","0.0","","0","0.0",""
"fake_1219","1219","1","fake","86","2","511","4.79","43.0","81","429","0","0","1","0","0","0.0","0.0","1","0.011628","0.039024","0","37","1","38","0.074364","0","","1","0.011628","alarm","1","0.011628","sipas","0","0.0",""
"fake_1220","1220","1","fake","92","4","540","4.78","23.0","89","450","0","0","0","0","1","0.0","0.0","0","0.0","0.027273","0","8","1","9","0.016667","4","eshte, per, nje, behet","0","0.0","","1","0.01087","sipas","0","0.0",""
"fake_1221","1221","1","fake","86","3","496","4.73","28.67","57","438","0","0","0","0","0","0.0","0.0","1","0.011628","0.041769","0","36","0","36","0.072581","0","","0","0.0","","1","0.011628","deklaroi","0","0.0",""
"fake_1222","1222","1","fake","99","7","522","4.08","14.14","89","432","0","2","5","0","0","0.0","0.020202","0","0.0","0.032258","0","30","1","31","0.059387","0","","0","0.0","","0","0.0","","0","0.0",""
"fake_1223","1223","1","fake","71","3","465","5.42","23.67","77","387","0","0","3","0","0","0.0","0.0","0","0.0","0.023438","0","20","0","20","0.043011","0","","0","0.0","","0","0.0","","0","0.0",""
"fake_1224","1224","1","fake","77","5","460","4.83","15.4","104","355","1","0","5","1","0","0.012987","0.0","0","0.0","0.056452","0","28","0","28","0.06087","0","","0","0.0","","0","0.0","","0","0.0",""
"fake_1225","1225","1","fake","90","4","536","4.71","22.5","90","445","0","0","9","2","0","0.0","0.0","0","0.0","0.044917","0","24","0","24","0.044776","0","","0","0.0","","0","0.0","","0","0.0",""
"fake_1226","1226","1","fake","74","3","468","5.18","24.67","93","374","0","0","0","0","0","0.0","0.0","3","0.040541","0.044386","0","22","1","23","0.049145","0","","0","0.0","","0","0.0","","1","0.013514","mund të"
"fake_1227","1227","1","fake","74","3","471","5.26","24.67","69","401","0","0","2","0","0","0.0","0.0","2","0.027027","0.064267","0","24","1","25","0.053079","0","","0","0.0","","0","0.0","","0","0.0",""
"fake_1228","1228","1","fake","84","3","553","5.43","28.0","91","461","0","0","6","0","0","0.0","0.0","1","0.011905","0.050549","0","38","0","38","0.068716","0","","0","0.0","","0","0.0","","0","0.0",""
"fake_1229","1229","1","fake","69","2","433","4.87","34.5","85","347","0","0","3","0","0","0.0","0.0","3","0.043478","0.074405","0","4","3","7","0.016166","1","per","0","0.0","","0","0.0","","0","0.0",""
"fake_1230","1230","1","fake","87","4","512","4.66","21.75","85","426","0","1","9","2","1","0.0","0.011494","1","0.011494","0.042079","0","24","0","24","0.046875","0","","0","0.0","","0","0.0","","0","0.0",""
"fake_1231","1231","1","fake","86","6","525","5.0","14.33","87","437","1","0","4","0","0","0.011628","0.0","2","0.023256","0.074766","0","28","0","28","0.053333","0","","0","0.0","","1","0.011628","policia","0","0.0",""
"fake_1232","1232","1","fake","85","4","493","4.69","21.25","77","415","0","1","2","0","0","0.0","0.011765","0","0.0","0.037594","0","28","4","32","0.064909","0","","0","0.0","","0","0.0","","0","0.0",""
"fake_1233","1233","1","fake","85","3","546","5.19","28.33","83","462","0","0","3","4","0","0.0","0.0","0","0.0","0.052273","0","28","3","31","0.056777","0","","0","0.0","","0","0.0","","0","0.0",""
"fake_1234","1234","1","fake","103","3","631","4.98","34.33","119","511","0","0","7","0","0","0.0","0.0","0","0.0","0.035156","0","35","0","35","0.055468","0","","0","0.0","","0","0.0","","0","0.0",""
"fake_1235","1235","1","fake","87","5","512","4.6","17.4","92","419","0","0","2","0","0","0.0","0.0","0","0.0","0.035","0","38","0","38","0.074219","0","","0","0.0","","1","0.011494","sipas","0","0.0",""
"fake_1236","1236","1","fake","80","3","521","5.36","26.67","62","458","0","0","3","1","0","0.0","0.0","1","0.0125","0.074766","0","32","1","33","0.06334","0","","0","0.0","","0","0.0","","0","0.0",""
"fake_1237","1237","1","fake","73","5","447","5.03","14.6","70","376","0","1","2","0","0","0.0","0.013699","0","0.0","0.013624","0","32","0","32","0.071588","0","","0","0.0","","0","0.0","","0","0.0",""
"fake_1238","1238","1","fake","72","4","395","4.39","18.0","70","324","0","0","1","0","0","0.0","0.0","0","0.0","0.028571","0","15","3","18","0.04557","0","","0","0.0","","0","0.0","","0","0.0",""
"fake_1239","1239","1","fake","72","2","423","4.79","36.0","88","334","0","1","5","0","0","0.0","0.013889","0","0.0","0.028986","0","35","0","35","0.082742","0","","0","0.0","","0","0.0","","0","0.0",""
"fake_1240","1240","1","fake","77","4","420","4.35","19.25","83","336","0","0","3","0","0","0.0","0.0","0","0.0","0.01791","0","20","2","22","0.052381","0","","0","0.0","","0","0.0","","0","0.0",""
"fake_1241","1241","1","fake","82","6","467","4.52","13.67","68","398","0","0","3","0","0","0.0","0.0","0","0.0","0.013477","0","37","1","38","0.08137","0","","0","0.0","","0","0.0","","0","0.0",""
"fake_1242","1242","1","fake","76","4","447","4.8","19.0","77","369","0","0","2","0","0","0.0","0.0","1","0.013158","0.041096","0","26","0","26","0.058166","0","","0","0.0","","0","0.0","","0","0.0",""
"fake_1243","1243","1","fake","99","5","605","4.91","19.8","109","495","0","0","7","1","0","0.0","0.0","3","0.030303","0.072314","0","35","1","36","0.059504","0","","0","0.0","","0","0.0","","1","0.010101","mund të"
"fake_1244","1244","1","fake","90","3","545","5.0","30.0","119","425","0","0","1","0","0","0.0","0.0","0","0.0","0.02","0","35","0","35","0.06422","0","","0","0.0","","3","0.033333","sipas, policia","0","0.0",""
"fake_1245","1245","1","fake","84","4","474","4.52","21.0","110","363","0","1","3","0","0","0.0","0.011905","0","0.0","0.010526","0","31","3","34","0.07173","0","","0","0.0","","0","0.0","","0","0.0",""
"fake_1246","1246","1","fake","87","2","532","5.02","43.5","79","452","0","0","4","0","0","0.0","0.0","2","0.022989","0.048055","0","38","4","42","0.078947","0","","0","0.0","","0","0.0","","1","0.011494","mund të"
"fake_1247","1247","1","fake","83","5","536","5.25","16.6","79","456","0","0","1","2","0","0.0","0.0","0","0.0","0.025229","0","29","2","31","0.057836","0","","0","0.0","","0","0.0","","1","0.012048","dyshohet"
"fake_1248","1248","1","fake","88","2","552","5.16","44.0","115","436","0","0","3","0","1","0.0","0.0","0","0.0","0.028634","0","30","1","31","0.056159","0","","0","0.0","","0","0.0","","0","0.0",""
"fake_1249","1249","1","fake","100","4","586","4.67","25.0","82","503","0","0","5","0","0","0.0","0.0","0","0.0","0.023555","0","37","3","40","0.068259","0","","0","0.0","","0","0.0","","1","0.01","dyshohet"
"fake_1250","1250","1","fake","109","4","631","4.66","27.25","101","529","0","0","7","0","0","0.0","0.0","1","0.009174","0.045365","0","35","5","40","0.063391","1","cfare","0","0.0","","0","0.0","","0","0.0",""
"fake_1251","1251","1","fake","92","3","552","4.89","30.67","88","463","0","0","6","0","0","0.0","0.0","0","0.0","0.035635","0","31","1","32","0.057971","0","","0","0.0","","0","0.0","","0","0.0",""
"fake_1252","1252","1","fake","1184","37","6730","4.61","32.0","79","6650","6","0","75","2","0","0.005068","0.0","0","0.0","0.02055","0","547","22","569","0.084547","0","","0","0.0","","0","0.0","","4","0.003378","mund të"
"fake_1253","1253","1","fake","80","6","500","5.11","13.33","70","429","0","1","3","1","0","0.0","0.0125","1","0.0125","0.068966","0","26","1","27","0.054","0","","0","0.0","","0","0.0","","0","0.0",""
"fake_1254","1254","1","fake","97","4","586","4.88","24.25","97","488","0","0","7","0","0","0.0","0.0","1","0.010309","0.057203","0","40","3","43","0.073379","0","","0","0.0","","0","0.0","","0","0.0",""
"fake_1255","1255","1","fake","98","6","561","4.39","16.33","99","461","0","1","11","0","0","0.0","0.010204","1","0.010204","0.030233","0","40","1","41","0.073084","0","","0","0.0","","2","0.020408","sipas","0","0.0",""
"fake_1256","1256","1","fake","85","5","489","4.59","17.0","76","412","0","1","6","2","0","0.0","0.011765","0","0.0","0.035897","0","28","1","29","0.059305","0","","0","0.0","","0","0.0","","0","0.0",""
"fake_1257","1257","1","fake","76","3","516","5.62","25.33","102","413","0","0","3","2","0","0.0","0.0","0","0.0","0.051765","0","27","1","28","0.054264","0","","0","0.0","","0","0.0","","1","0.013158","mund të"
"fake_1258","1258","1","fake","99","4","637","5.26","24.75","75","561","0","1","8","0","0","0.0","0.010101","3","0.030303","0.065259","0","40","1","41","0.064364","0","","0","0.0","","0","0.0","","0","0.0",""
"fake_1259","1259","1","fake","80","4","490","5.03","20.0","96","393","0","1","1","2","0","0.0","0.0125","0","0.0","0.029925","0","31","2","33","0.067347","0","","0","0.0","","0","0.0","","0","0.0",""
"fake_1260","1260","1","fake","93","5","563","4.95","18.6","93","469","0","0","2","0","0","0.0","0.0","0","0.0","0.03913","0","25","2","27","0.047957","0","","0","0.0","","0","0.0","","0","0.0",""
"fake_1261","1261","1","fake","78","6","484","4.83","13.0","82","401","0","0","4","0","0","0.0","0.0","0","0.0","0.023873","0","26","0","26","0.053719","0","","0","0.0","","1","0.012821","sipas","0","0.0",""
"fake_1262","1262","1","fake","78","5","470","4.71","15.6","80","389","0","1","4","0","0","0.0","0.012821","0","0.0","0.024523","0","31","0","31","0.065957","0","","0","0.0","","0","0.0","","0","0.0",""
"fake_1263","1263","1","fake","83","3","517","5.01","27.67","81","435","0","0","4","0","0","0.0","0.0","0","0.0","0.043269","0","31","4","35","0.067698","0","","0","0.0","","0","0.0","","0","0.0",""
"fake_1264","1264","1","fake","86","4","555","5.27","21.5","95","459","0","0","3","0","0","0.0","0.0","0","0.0","0.015453","0","29","0","29","0.052252","0","","0","0.0","","0","0.0","","0","0.0",""
"fake_1265","1265","1","fake","86","4","526","4.93","21.5","61","464","0","1","4","0","0","0.0","0.011628","0","0.0","0.030733","0","13","2","15","0.028517","0","","0","0.0","","1","0.011628","sipas","0","0.0",""
"fake_1266","1266","1","fake","98","3","636","5.36","32.67","80","555","0","0","5","2","0","0.0","0.0","2","0.020408","0.059273","0","33","1","34","0.053459","0","","0","0.0","","0","0.0","","0","0.0",""
"fake_1267","1267","1","fake","84","3","525","5.1","28.0","80","444","0","0","4","0","0","0.0","0.0","0","0.0","0.044393","0","22","2","24","0.045714","0","","0","0.0","","0","0.0","","0","0.0",""
"fake_1268","1268","1","fake","91","5","569","5.09","18.2","88","480","0","0","3","6","0","0.0","0.0","0","0.0","0.030238","0","35","1","36","0.063269","0","","0","0.0","","0","0.0","","0","0.0",""
"fake_1269","1269","1","fake","82","4","502","4.98","20.5","95","406","1","0","3","0","0","0.012195","0.0","0","0.0","0.039216","0","31","0","31","0.061753","0","","0","0.0","","0","0.0","","0","0.0",""
"fake_1270","1270","1","fake","88","4","564","5.27","22.0","86","477","0","0","4","0","0","0.0","0.0","0","0.0","0.049676","0","36","4","40","0.070922","0","","0","0.0","","1","0.011364","deklaroi","0","0.0",""
"fake_1271","1271","1","fake","79","5","476","4.77","15.8","82","393","1","0","3","2","0","0.012658","0.0","0","0.0","0.061008","0","31","3","34","0.071429","0","","0","0.0","","0","0.0","","0","0.0",""
"fake_1272","1272","1","fake","90","4","578","5.29","22.5","95","482","0","0","5","2","0","0.0","0.0","2","0.022222","0.035714","0","36","0","36","0.062284","0","","0","0.0","","0","0.0","","0","0.0",""
"fake_1273","1273","1","fake","85","4","539","5.14","21.25","95","443","0","0","4","0","0","0.0","0.0","0","0.0","0.02069","0","34","1","35","0.064935","0","","0","0.0","","0","0.0","","0","0.0",""
"fake_1274","1274","1","fake","78","4","454","4.67","19.5","94","359","0","0","4","2","0","0.0","0.0","0","0.0","0.049451","0","30","0","30","0.066079","0","","0","0.0","","1","0.012821","sipas","0","0.0",""
"fake_1275","1275","1","fake","98","4","571","4.67","24.5","96","474","0","0","6","0","0","0.0","0.0","1","0.010204","0.050328","0","39","5","44","0.077058","0","","0","0.0","","0","0.0","","0","0.0",""
"fake_1276","1276","1","fake","89","4","541","4.94","22.25","77","463","0","0","4","0","0","0.0","0.0","1","0.011236","0.022727","0","41","1","42","0.077634","0","","0","0.0","","0","0.0","","1","0.011236","mund të"
"fake_1277","1277","1","fake","203","7","1173","4.69","29.0","78","1094","0","1","12","2","0","0.0","0.004926","1","0.004926","0.041973","0","79","8","87","0.074169","0","","0","0.0","","0","0.0","","1","0.004926","mund të"
"fake_1278","1278","1","fake","94","4","575","5.01","23.5","65","509","0","0","0","0","0","0.0","0.0","2","0.021277","0.061571","0","26","3","29","0.050435","0","","0","0.0","","0","0.0","","0","0.0",""
"fake_1279","1279","1","fake","106","5","546","3.97","21.2","92","453","0","1","7","2","0","0.0","0.009434","2","0.018868","0.030879","0","37","1","38","0.069597","0","","0","0.0","","0","0.0","","0","0.0",""
"fake_1280","1280","1","fake","78","3","495","5.13","26.0","86","408","0","0","5","5","0","0.0","0.0","0","0.0","0.042607","0","32","5","37","0.074747","0","","0","0.0","","0","0.0","","1","0.012821","mund të"
"fake_1281","1281","1","fake","85","4","470","4.4","21.25","72","397","0","1","3","0","0","0.0","0.011765","1","0.011765","0.053476","0","29","0","29","0.061702","0","","0","0.0","","0","0.0","","0","0.0",""
"fake_1282","1282","1","fake","89","4","552","4.75","22.25","88","463","0","0","6","4","0","0.0","0.0","0","0.0","0.026005","0","24","2","26","0.047101","0","","0","0.0","","0","0.0","","0","0.0",""
"fake_1283","1283","1","fake","100","6","657","5.45","16.67","91","565","0","1","3","3","0","0.0","0.01","2","0.02","0.046041","0","43","0","43","0.065449","0","","0","0.0","","0","0.0","","0","0.0",""
"fake_1284","1284","1","fake","77","3","551","6.04","25.67","85","465","0","0","3","1","0","0.0","0.0","0","0.0","0.043103","0","28","2","30","0.054446","0","","0","0.0","","0","0.0","","0","0.0",""
"fake_1285","1285","1","fake","111","7","629","4.52","15.86","89","539","0","1","4","4","0","0.0","0.009009","0","0.0","0.033865","0","36","4","40","0.063593","0","","0","0.0","","0","0.0","","2","0.018018","ndoshta, mund të"
"fake_1286","1286","1","fake","100","5","599","4.86","20.0","85","513","0","0","9","0","0","0.0","0.0","0","0.0","0.057613","0","29","0","29","0.048414","0","","0","0.0","","0","0.0","","1","0.01","mund të"
"fake_1287","1287","1","fake","91","3","572","5.14","30.33","106","465","0","0","5","4","0","0.0","0.0","0","0.0","0.062232","0","42","1","43","0.075175","0","","0","0.0","","0","0.0","","0","0.0",""
"fake_1288","1288","1","fake","92","3","528","4.61","30.67","94","433","0","0","5","2","0","0.0","0.0","1","0.01087","0.04717","0","30","0","30","0.056818","0","","0","0.0","","0","0.0","","0","0.0",""
"fake_1289","1289","1","fake","88","6","553","4.9","14.67","93","459","0","0","6","2","0","0.0","0.0","0","0.0","0.018561","0","32","0","32","0.057866","0","","0","0.0","","1","0.011364","sipas","1","0.011364","mund të"
"fake_1290","1290","1","fake","89","8","622","5.58","11.12","100","521","0","0","5","0","0","0.0","0.0","3","0.033708","0.058586","0","27","1","28","0.045016","0","","0","0.0","","3","0.033708","sipas, institucioni","0","0.0",""
"fake_1291","1291","1","fake","99","4","609","5.03","24.75","113","495","0","1","5","0","0","0.0","0.010101","2","0.020202","0.070565","0","28","4","32","0.052545","0","","0","0.0","","0","0.0","","0","0.0",""
"fake_1292","1292","1","fake","86","4","535","5.08","21.5","98","436","0","1","3","0","0","0.0","0.011628","0","0.0","0.036613","0","32","0","32","0.059813","0","","0","0.0","","0","0.0","","0","0.0",""
"fake_1293","1293","1","fake","87","4","480","4.32","21.75","84","395","1","0","5","3","0","0.011494","0.0","0","0.0","0.026596","0","41","1","42","0.0875","0","","0","0.0","","0","0.0","","0","0.0",""
"fake_1294","1294","1","fake","88","4","511","4.65","22.0","82","428","0","1","9","0","0","0.0","0.011364","0","0.0","0.046683","0","33","4","37","0.072407","0","","0","0.0","","0","0.0","","0","0.0",""
"fake_1295","1295","1","fake","109","5","626","4.65","21.8","96","529","1","0","4","0","0","0.009174","0.0","0","0.0","0.009862","0","52","0","52","0.083067","0","","0","0.0","","0","0.0","","0","0.0",""
"fake_1296","1296","1","fake","89","6","534","4.84","14.83","84","449","0","0","0","0","0","0.0","0.0","4","0.044944","0.095128","0","30","0","30","0.05618","0","","0","0.0","","0","0.0","","0","0.0",""
"fake_1297","1297","1","fake","81","4","551","5.56","20.25","103","447","0","0","5","0","1","0.0","0.0","2","0.024691","0.031111","0","33","1","34","0.061706","0","","0","0.0","","0","0.0","","0","0.0",""
"fake_1298","1298","1","fake","85","5","567","5.34","17.0","125","441","0","0","5","0","1","0.0","0.0","0","0.0","0.039735","0","33","0","33","0.058201","0","","0","0.0","","0","0.0","","2","0.023529","mund të"
"fake_1299","1299","1","fake","110","6","678","5.0","18.33","94","583","0","0","1","2","0","0.0","0.0","0","0.0","0.032787","0","34","2","36","0.053097","0","","0","0.0","","3","0.027273","konfirmoi, policia","0","0.0",""
"fake_1300","1300","1","fake","100","6","613","4.95","16.67","85","527","0","0","4","2","1","0.0","0.0","1","0.01","0.060729","0","49","0","49","0.079935","0","","0","0.0","","0","0.0","","0","0.0",""
"fake_1301","1301","1","fake","98","5","581","4.68","19.6","78","502","0","1","7","2","1","0.0","0.010204","1","0.010204","0.061002","0","37","0","37","0.063683","0","","1","0.010204","e pabesueshme","0","0.0","","0","0.0",""
"fake_1302","1302","1","fake","94","8","630","5.46","11.75","83","546","0","0","3","0","0","0.0","0.0","2","0.021277","0.098039","0","35","1","36","0.057143","0","","0","0.0","","0","0.0","","0","0.0",""
"fake_1303","1303","1","fake","87","4","538","5.02","21.75","99","438","0","0","3","0","1","0.0","0.0","7","0.08046","0.105263","0","33","3","36","0.066914","0","","0","0.0","","0","0.0","","0","0.0",""
"fake_1304","1304","1","fake","110","4","558","3.9","27.5","84","473","0","0","5","4","1","0.0","0.0","1","0.009091","0.039627","0","40","2","42","0.075269","0","","0","0.0","","0","0.0","","0","0.0",""
"fake_1305","1305","1","fake","104","7","662","5.06","14.86","93","568","0","1","5","0","0","0.0","0.009615","0","0.0","0.04","0","45","1","46","0.069486","0","","0","0.0","","0","0.0","","1","0.009615","mund të"
"fake_1306","1306","1","fake","99","4","621","5.09","24.75","103","517","0","0","7","4","0","0.0","0.0","0","0.0","0.031746","0","33","4","37","0.059581","0","","0","0.0","","1","0.010101","deklaroi","0","0.0",""
"fake_1307","1307","1","fake","101","5","644","5.23","20.2","90","553","0","0","5","0","0","0.0","0.0","0","0.0","0.035985","0","36","5","41","0.063665","0","","0","0.0","","0","0.0","","0","0.0",""
"fake_1308","1308","1","fake","78","3","496","5.26","26.0","76","419","0","0","4","0","0","0.0","0.0","0","0.0","0.04878","0","31","2","33","0.066532","0","","0","0.0","","0","0.0","","0","0.0",""
"fake_1309","1309","1","fake","83","6","507","4.95","13.83","86","420","0","3","2","0","0","0.0","0.036145","0","0.0","0.070732","0","28","1","29","0.057199","0","","1","0.012048","bombë","0","0.0","","0","0.0",""
"fake_1310","1310","1","fake","89","3","532","4.78","29.67","105","426","0","0","4","0","0","0.0","0.0","0","0.0","0.028235","0","28","0","28","0.052632","0","","0","0.0","","0","0.0","","0","0.0",""
"fake_1311","1311","1","fake","100","3","607","4.94","33.33","99","507","0","0","0","0","1","0.0","0.0","1","0.01","0.052738","0","50","2","52","0.085667","0","","0","0.0","","0","0.0","","0","0.0",""
"fake_1312","1312","1","fake","94","3","543","4.62","31.33","90","452","0","0","3","2","0","0.0","0.0","0","0.0","0.011521","0","33","4","37","0.06814","0","","0","0.0","","1","0.010638","sipas","0","0.0",""
"fake_1313","1313","1","fake","99","3","566","4.64","33.0","107","458","0","0","4","0","0","0.0","0.0","1","0.010101","0.039216","0","35","1","36","0.063604","0","","0","0.0","","0","0.0","","0","0.0",""
"fake_1314","1314","1","fake","112","3","647","4.66","37.33","85","561","0","0","7","0","0","0.0","0.0","2","0.017857","0.049808","0","49","6","55","0.085008","0","","0","0.0","","0","0.0","","1","0.008929","mund të"
"fake_1315","1315","1","fake","105","4","659","4.9","26.25","94","564","0","0","5","0","0","0.0","0.0","1","0.009524","0.035088","0","39","0","39","0.059181","0","","0","0.0","","0","0.0","","0","0.0",""
"fake_1316","1316","1","fake","93","3","550","4.76","31.0","78","471","0","0","8","0","0","0.0","0.0","2","0.021505","0.070455","0","36","4","40","0.072727","0","","0","0.0","","0","0.0","","0","0.0",""
"fake_1317","1317","1","fake","79","5","474","4.82","15.8","95","378","0","0","2","0","0","0.0","0.0","0","0.0","0.03937","0","37","0","37","0.078059","0","","0","0.0","","0","0.0","","0","0.0",""
"fake_1318","1318","1","fake","73","2","437","4.84","36.5","66","370","0","0","5","2","0","0.0","0.0","1","0.013699","0.071225","0","16","2","18","0.04119","0","","0","0.0","","0","0.0","","0","0.0",""
"fake_1319","1319","1","fake","82","4","482","4.76","20.5","84","397","0","0","3","0","0","0.0","0.0","0","0.0","0.033333","0","16","2","18","0.037344","0","","0","0.0","","0","0.0","","0","0.0",""
"fake_1320","1320","1","fake","86","3","511","4.83","28.67","84","426","0","0","3","0","0","0.0","0.0","1","0.011628","0.060386","0","38","2","40","0.078278","0","","0","0.0","","0","0.0","","0","0.0",""
"fake_1321","1321","1","fake","103","4","608","4.81","25.75","121","486","0","0","4","0","0","0.0","0.0","0","0.0","0.060976","0","36","3","39","0.064145","0","","0","0.0","","0","0.0","","0","0.0",""
"fake_1322","1322","1","fake","82","3","475","4.66","27.33","98","376","0","0","2","2","0","0.0","0.0","0","0.0","0.036649","0","33","1","34","0.071579","0","","0","0.0","","0","0.0","","0","0.0",""
"fake_1323","1323","1","fake","90","5","535","4.73","18.0","100","434","0","0","4","0","0","0.0","0.0","2","0.022222","0.077647","0","29","0","29","0.054206","0","","0","0.0","","1","0.011111","konfirmoi","0","0.0",""
"fake_1324","1324","1","fake","87","4","526","4.98","21.75","90","435","0","0","2","0","0","0.0","0.0","0","0.0","0.051044","0","38","5","43","0.081749","0","","0","0.0","","0","0.0","","0","0.0",""
"fake_1325","1325","1","fake","103","12","575","4.41","8.58","84","490","0","0","4","1","0","0.0","0.0","0","0.0","0.039648","0","29","0","29","0.050435","0","","0","0.0","","0","0.0","","0","0.0",""
"fake_1326","1326","1","fake","94","4","577","4.83","23.5","98","478","0","0","5","4","2","0.0","0.0","1","0.010638","0.050661","0","15","0","15","0.025997","0","","0","0.0","","0","0.0","","0","0.0",""
"fake_1327","1327","1","fake","79","2","454","4.7","39.5","94","359","0","0","4","0","0","0.0","0.0","0","0.0","0.02965","0","45","1","46","0.101322","0","","0","0.0","","0","0.0","","0","0.0",""
"fake_1328","1328","1","fake","89","6","529","4.8","14.83","79","449","0","0","1","0","0","0.0","0.0","4","0.044944","0.096019","0","29","0","29","0.05482","0","","0","0.0","","0","0.0","","0","0.0",""
"fake_1329","1329","1","fake","81","3","507","5.06","27.0","80","426","0","0","6","2","0","0.0","0.0","0","0.0","0.043902","0","21","2","23","0.045365","1","kosove","0","0.0","","0","0.0","","0","0.0",""
"fake_1330","1330","1","fake","78","5","467","4.91","15.6","65","401","0","1","3","0","0","0.0","0.012821","0","0.0","0.020888","0","25","0","25","0.053533","0","","0","0.0","","0","0.0","","0","0.0",""
"fake_1331","1331","1","fake","84","5","507","4.85","16.8","89","417","0","0","2","0","0","0.0","0.0","0","0.0","0.049261","0","31","0","31","0.061144","0","","0","0.0","","0","0.0","","0","0.0",""
"fake_1332","1332","1","fake","98","4","564","4.64","24.5","89","474","0","0","5","0","0","0.0","0.0","0","0.0","0.035165","0","30","4","34","0.060284","0","","0","0.0","","0","0.0","","0","0.0",""
"fake_1333","1333","1","fake","90","3","567","4.96","30.0","78","488","0","0","8","0","0","0.0","0.0","0","0.0","0.03139","0","41","0","41","0.07231","0","","0","0.0","","0","0.0","","1","0.011111","mund të"
"fake_1334","1334","1","fake","97","5","606","5.05","19.4","87","518","0","1","5","0","0","0.0","0.010309","0","0.0","0.034694","0","36","0","36","0.059406","0","","0","0.0","","0","0.0","","0","0.0",""
"fake_1335","1335","1","fake","77","5","455","4.64","15.4","78","376","0","1","5","0","0","0.0","0.012987","0","0.0","0.047619","0","28","3","31","0.068132","0","","0","0.0","","0","0.0","","0","0.0",""
"fake_1336","1336","1","fake","102","6","554","4.31","17.0","93","460","0","1","5","0","0","0.0","0.009804","0","0.0","0.050114","0","30","1","31","0.055957","0","","0","0.0","","0","0.0","","0","0.0",""
"fake_1337","1337","1","fake","78","4","500","5.29","19.5","52","447","0","0","2","0","0","0.0","0.0","2","0.025641","0.05569","0","32","0","32","0.064","0","","0","0.0","","0","0.0","","0","0.0",""
"fake_1338","1338","1","fake","86","11","504","4.73","7.82","47","456","0","10","2","0","1","0.0","0.116279","1","0.011628","0.061425","0","12","3","15","0.029762","2","cfare, nje","0","0.0","","0","0.0","","0","0.0",""
"fake_1339","1339","1","fake","111","8","660","4.91","13.88","91","568","1","0","2","0","0","0.009009","0.0","0","0.0","0.016514","0","61","1","62","0.093939","0","","0","0.0","","0","0.0","","0","0.0",""
"fake_1340","1340","1","fake","100","4","616","4.99","25.0","99","516","0","0","9","4","0","0.0","0.0","2","0.02","0.05835","0","27","0","27","0.043831","0","","0","0.0","","0","0.0","","0","0.0",""
"fake_1341","1341","1","fake","98","6","570","4.71","16.33","106","463","0","1","5","0","0","0.0","0.010204","0","0.0","0.049892","0","34","0","34","0.059649","0","","0","0.0","","1","0.010204","bëri të ditur","0","0.0",""
"fake_1342","1342","1","fake","96","4","584","4.96","24.0","111","472","0","0","3","0","0","0.0","0.0","1","0.010417","0.052521","0","42","0","42","0.071918","0","","0","0.0","","0","0.0","","0","0.0",""
"fake_1343","1343","1","fake","77","3","500","5.25","25.67","90","409","2","1","5","0","0","0.025974","0.012987","0","0.0","0.037129","0","19","1","20","0.04","0","","0","0.0","","0","0.0","","0","0.0",""
"fake_1344","1344","1","fake","95","5","594","5.05","19.0","95","498","0","1","4","0","0","0.0","0.010526","0","0.0","0.041667","0","42","2","44","0.074074","0","","0","0.0","","0","0.0","","0","0.0",""
"fake_1345","1345","1","fake","94","3","546","4.68","31.33","128","417","0","0","3","2","0","0.0","0.0","0","0.0","0.05","0","25","5","30","0.054945","0","","0","0.0","","0","0.0","","0","0.0",""
"fake_1346","1346","1","fake","95","5","602","5.24","19.0","77","524","0","1","4","0","0","0.0","0.010526","0","0.0","0.016064","0","41","1","42","0.069767","0","","0","0.0","","1","0.010526","sipas","0","0.0",""
"fake_1347","1347","1","fake","96","4","618","5.33","24.0","97","520","0","0","4","0","0","0.0","0.0","0","0.0","0.039293","0","33","0","33","0.053398","0","","0","0.0","","0","0.0","","0","0.0",""
"fake_1348","1348","1","fake","106","7","580","4.39","15.14","124","455","0","1","2","0","0","0.0","0.009434","1","0.009434","0.045161","0","29","5","34","0.058621","0","","0","0.0","","1","0.009434","sipas","0","0.0",""
"fake_1349","1349","1","fake","99","3","587","4.89","33.0","107","479","0","0","0","0","0","0.0","0.0","0","0.0","0.022727","0","39","0","39","0.06644","0","","0","0.0","","0","0.0","","0","0.0",""
"fake_1350","1350","1","fake","88","5","542","5.07","17.6","66","475","0","0","3","0","0","0.0","0.0","0","0.0","0.053933","0","36","5","41","0.075646","0","","0","0.0","","0","0.0","","0","0.0",""
"fake_1351","1351","1","fake","98","4","600","4.99","24.5","84","515","0","1","0","0","0","0.0","0.010204","2","0.020408","0.059426","0","38","0","38","0.063333","0","","0","0.0","","0","0.0","","0","0.0",""
"fake_1352","1352","1","fake","73","3","445","4.9","24.33","81","363","0","0","0","0","0","0.0","0.0","0","0.0","0.030726","0","33","1","34","0.076404","0","","0","0.0","","1","0.013699","bëri të ditur","0","0.0",""
"fake_1353","1353","1","fake","90","6","531","4.6","15.0","100","430","0","0","5","2","0","0.0","0.0","0","0.0","0.033898","0","38","1","39","0.073446","0","","0","0.0","","0","0.0","","0","0.0",""
"fake_1354","1354","1","fake","76","4","443","4.76","19.0","75","367","0","0","1","0","0","0.0","0.0","1","0.013158","0.066298","0","0","0","0","0.0","3","eshte, per, nje","0","0.0","","0","0.0","","0","0.0",""
"fake_1355","1355","1","fake","98","4","611","5.12","24.5","79","531","0","0","3","0","0","0.0","0.0","1","0.010204","0.021912","0","37","2","39","0.06383","0","","0","0.0","","0","0.0","","0","0.0",""
"fake_1356","1356","1","fake","81","3","479","4.83","27.0","85","393","0","0","3","0","0","0.0","0.0","0","0.0","0.048718","0","25","0","25","0.052192","0","","0","0.0","","0","0.0","","0","0.0",""
"fake_1357","1357","1","fake","90","5","530","4.78","18.0","76","453","0","0","1","2","0","0.0","0.0","4","0.044444","0.074766","0","32","2","34","0.064151","0","","0","0.0","","0","0.0","","1","0.011111","mund të"
"fake_1358","1358","1","fake","105","6","645","5.0","17.5","92","552","0","1","4","0","0","0.0","0.009524","0","0.0","0.030476","0","48","0","48","0.074419","0","","0","0.0","","0","0.0","","0","0.0",""
"fake_1359","1359","1","fake","78","3","514","5.31","26.0","90","423","0","0","9","0","0","0.0","0.0","2","0.025641","0.036232","0","25","0","25","0.048638","0","","0","0.0","","1","0.012821","sipas","0","0.0",""
"fake_1360","1360","1","fake","77","3","497","5.27","25.67","87","409","0","0","4","2","0","0.0","0.0","1","0.012987","0.036946","0","36","2","38","0.076459","0","","0","0.0","","0","0.0","","0","0.0",""
"fake_1361","1361","1","fake","77","6","491","5.09","12.83","96","394","0","0","3","0","0","0.0","0.0","0","0.0","0.043367","0","32","0","32","0.065173","0","","0","0.0","","0","0.0","","0","0.0",""
"fake_1362","1362","1","fake","80","4","484","4.89","20.0","98","385","0","0","2","0","0","0.0","0.0","2","0.025","0.053708","0","26","2","28","0.057851","0","","0","0.0","","0","0.0","","0","0.0",""
"fake_1363","1363","1","fake","87","5","577","5.41","17.4","102","474","0","1","7","2","0","0.0","0.011494","0","0.0","0.03838","0","37","0","37","0.064125","0","","0","0.0","","1","0.011494","sipas","0","0.0",""
"fake_1364","1364","1","fake","76","7","467","4.88","10.86","95","371","0","1","6","2","0","0.0","0.013158","0","0.0","0.03504","0","31","0","31","0.066381","0","","0","0.0","","0","0.0","","0","0.0",""
"fake_1365","1365","1","fake","99","3","555","4.43","33.0","68","486","0","0","6","2","0","0.0","0.0","3","0.030303","0.06621","0","36","2","38","0.068468","0","","0","0.0","","0","0.0","","0","0.0",""
"fake_1366","1366","1","fake","93","4","560","4.84","23.25","101","458","0","1","10","0","0","0.0","0.010753","0","0.0","0.035556","0","33","2","35","0.0625","0","","0","0.0","","1","0.010753","sipas","0","0.0",""
"fake_1367","1367","1","fake","81","7","492","4.84","11.57","101","390","0","0","3","2","0","0.0","0.0","1","0.012346","0.035714","0","33","1","34","0.069106","0","","0","0.0","","0","0.0","","0","0.0",""
"fake_1368","1368","1","fake","85","4","517","4.87","21.25","109","407","0","0","3","2","0","0.0","0.0","0","0.0","0.050725","0","29","2","31","0.059961","0","","0","0.0","","0","0.0","","0","0.0",""
"fake_1369","1369","1","fake","94","6","584","4.85","15.67","87","496","0","0","2","2","0","0.0","0.0","1","0.010638","0.041667","0","41","0","41","0.070205","0","","0","0.0","","0","0.0","","2","0.021277","thuhet"
"fake_1370","1370","1","fake","94","4","594","5.12","23.5","87","506","1","0","6","2","0","0.010638","0.0","0","0.0","0.064718","0","43","2","45","0.075758","0","","0","0.0","","2","0.021277","sipas","0","0.0",""
"fake_1371","1371","1","fake","101","3","623","4.96","33.67","75","547","0","0","11","0","0","0.0","0.0","1","0.009901","0.025948","0","43","0","43","0.069021","0","","0","0.0","","0","0.0","","0","0.0",""
"fake_1372","1372","1","fake","99","6","555","4.49","16.5","94","460","0","1","5","0","0","0.0","0.010101","1","0.010101","0.042697","0","33","0","33","0.059459","0","","0","0.0","","0","0.0","","1","0.010101","mund të"
"fake_1373","1373","1","fake","81","3","444","4.27","27.0","96","347","0","0","4","2","1","0.0","0.0","0","0.0","0.069364","0","26","0","26","0.058559","0","","0","0.0","","0","0.0","","0","0.0",""
"fake_1374","1374","1","fake","114","5","600","4.18","22.8","89","510","0","0","1","0","0","0.0","0.0","0","0.0","0.035639","0","40","3","43","0.071667","0","","0","0.0","","0","0.0","","0","0.0",""
"fake_1375","1375","1","fake","122","4","734","4.92","30.5","96","637","0","0","8","0","0","0.0","0.0","0","0.0","0.041806","0","50","3","53","0.072207","0","","0","0.0","","1","0.008197","konfirmoi","1","0.008197","mund të"
"fake_1376","1376","1","fake","99","6","600","4.85","16.5","110","489","0","0","6","2","0","0.0","0.0","2","0.020202","0.058333","0","37","2","39","0.065","0","","0","0.0","","0","0.0","","0","0.0",""
"fake_1377","1377","1","fake","90","4","529","4.74","22.5","97","431","0","1","4","0","0","0.0","0.011111","0","0.0","0.039813","0","26","0","26","0.049149","0","","0","0.0","","0","0.0","","0","0.0",""
"fake_1378","1378","1","fake","102","4","583","4.48","25.5","128","454","0","0","6","0","0","0.0","0.0","0","0.0","0.030635","0","32","2","34","0.058319","0","","0","0.0","","1","0.009804","sipas","0","0.0",""
"fake_1379","1379","1","fake","86","4","484","4.56","21.5","97","386","1","0","4","0","0","0.011628","0.0","0","0.0","0.040816","0","22","1","23","0.047521","0","","0","0.0","","0","0.0","","1","0.011628","mund të"
"fake_1380","1380","1","fake","94","5","566","4.83","18.8","115","450","1","1","8","6","0","0.010638","0.010638","1","0.010638","0.046358","0","30","0","30","0.053004","0","","0","0.0","","0","0.0","","0","0.0",""
"fake_1381","1381","1","fake","84","4","535","5.26","21.0","89","445","0","1","4","0","0","0.0","0.011905","0","0.0","0.033937","0","29","0","29","0.054206","0","","0","0.0","","0","0.0","","1","0.011905","thuhet"
"fake_1382","1382","1","fake","74","4","452","4.84","18.5","81","370","0","0","5","1","0","0.0","0.0","0","0.0","0.036313","0","26","0","26","0.057522","0","","0","0.0","","1","0.013514","bëri të ditur","0","0.0",""
"fake_1383","1383","1","fake","102","5","613","4.87","20.4","134","478","0","1","8","0","0","0.0","0.009804","0","0.0","0.046465","0","43","5","48","0.078303","0","","0","0.0","","0","0.0","","0","0.0",""
"fake_1384","1384","1","fake","86","5","567","5.37","17.2","95","471","0","1","3","0","0","0.0","0.011628","1","0.011628","0.036797","0","35","0","35","0.061728","0","","0","0.0","","0","0.0","","0","0.0",""
"fake_1385","1385","1","fake","87","3","552","5.26","29.0","107","444","0","0","3","0","0","0.0","0.0","0","0.0","0.052402","0","30","1","31","0.056159","0","","0","0.0","","0","0.0","","0","0.0",""
"fake_1386","1386","1","fake","88","2","504","4.66","44.0","110","393","0","0","2","0","0","0.0","0.0","0","0.0","0.066502","0","15","3","18","0.035714","0","","0","0.0","","0","0.0","","0","0.0",""
"fake_1387","1387","1","fake","85","4","562","5.41","21.25","146","415","0","1","6","0","0","0.0","0.011765","0","0.0","0.045652","0","23","0","23","0.040925","0","","0","0.0","","0","0.0","","0","0.0",""
"fake_1388","1388","1","fake","81","5","528","5.33","16.2","75","452","0","0","7","2","0","0.0","0.0","2","0.024691","0.074246","0","26","2","28","0.05303","0","","0","0.0","","0","0.0","","0","0.0",""
"fake_1389","1389","1","fake","79","6","481","4.82","13.17","102","378","0","0","2","0","0","0.0","0.0","1","0.012658","0.049869","0","24","2","26","0.054054","0","","0","0.0","","1","0.012658","policia","0","0.0",""
"fake_1390","1390","1","fake","79","5","498","5.16","15.8","83","414","0","1","4","0","0","0.0","0.012658","0","0.0","0.029412","0","30","0","30","0.060241","0","","0","0.0","","0","0.0","","0","0.0",""
"fake_1391","1391","1","fake","85","4","595","5.82","21.25","109","485","0","0","2","4","0","0.0","0.0","2","0.023529","0.034343","0","30","0","30","0.05042","0","","0","0.0","","0","0.0","","0","0.0",""
"fake_1392","1392","1","fake","82","3","540","5.49","27.33","89","450","0","0","3","0","0","0.0","0.0","1","0.012195","0.06","0","24","2","26","0.048148","0","","0","0.0","","0","0.0","","0","0.0",""
"fake_1393","1393","1","fake","93","3","598","5.28","31.0","92","505","0","0","8","2","0","0.0","0.0","0","0.0","0.02863","0","29","3","32","0.053512","0","","0","0.0","","0","0.0","","0","0.0",""
"fake_1394","1394","1","fake","84","4","480","4.63","21.0","86","393","0","0","3","0","0","0.0","0.0","0","0.0","0.043814","0","27","0","27","0.05625","0","","0","0.0","","0","0.0","","0","0.0",""
"fake_1395","1395","1","fake","85","5","484","4.55","17.0","90","393","0","0","4","2","0","0.0","0.0","1","0.011765","0.028424","0","31","1","32","0.066116","0","","0","0.0","","0","0.0","","0","0.0",""
"fake_1396","1396","1","fake","93","6","542","4.69","15.5","106","435","0","0","2","0","0","0.0","0.0","0","0.0","0.043678","0","41","1","42","0.077491","0","","0","0.0","","0","0.0","","1","0.010753","mund të"
"fake_1397","1397","1","fake","90","5","560","5.06","18.0","101","458","0","0","3","0","0","0.0","0.0","0","0.0","0.041943","0","25","0","25","0.044643","0","","0","0.0","","0","0.0","","0","0.0",""
"fake_1398","1398","1","fake","80","3","491","5.03","26.67","88","402","0","0","5","0","0","0.0","0.0","0","0.0","0.0399","0","24","1","25","0.050916","0","","0","0.0","","0","0.0","","2","0.025","thuhet, mund të"
"fake_1399","1399","1","fake","81","4","524","5.33","20.25","82","441","0","1","5","0","0","0.0","0.012346","0","0.0","0.074766","0","27","3","30","0.057252","0","","0","0.0","","0","0.0","","0","0.0",""
"fake_1400","1400","1","fake","96","4","561","4.71","24.0","89","471","0","0","3","0","0","0.0","0.0","1","0.010417","0.048889","0","43","2","45","0.080214","0","","0","0.0","","0","0.0","","0","0.0",""
"fake_1401","1401","1","fake","90","3","558","5.04","30.0","98","459","0","0","6","0","0","0.0","0.0","1","0.011111","0.066079","0","27","3","30","0.053763","0","","0","0.0","","0","0.0","","0","0.0",""
"fake_1402","1402","1","fake","101","4","545","4.26","25.25","69","475","0","0","3","1","0","0.0","0.0","1","0.009901","0.032558","0","46","0","46","0.084404","0","","0","0.0","","0","0.0","","1","0.009901","mund të"
"fake_1403","1403","1","fake","105","5","571","4.22","21.0","89","481","0","0","5","0","0","0.0","0.0","0","0.0","0.022573","0","39","0","39","0.068301","0","","0","0.0","","1","0.009524","sipas","0","0.0",""
"fake_1404","1404","1","fake","103","4","657","5.22","25.75","90","566","0","1","7","0","0","0.0","0.009709","1","0.009709","0.039106","0","34","1","35","0.053272","0","","0","0.0","","1","0.009709","sipas","0","0.0",""
"fake_1405","1405","1","fake","110","4","623","4.34","27.5","81","541","0","0","6","0","0","0.0","0.0","0","0.0","0.010504","0","38","2","40","0.064205","0","","0","0.0","","0","0.0","","1","0.009091","mund të"
"fake_1406","1406","1","fake","81","3","475","4.63","27.0","50","424","0","0","5","0","0","0.0","0.0","0","0.0","0.016","0","31","2","33","0.069474","0","","0","0.0","","0","0.0","","0","0.0",""
"fake_1407","1407","1","fake","103","4","553","4.25","25.75","108","444","0","0","4","3","0","0.0","0.0","0","0.0","0.045662","0","21","0","21","0.037975","0","","0","0.0","","0","0.0","","1","0.009709","mund të"
"fake_1408","1408","1","fake","81","4","529","5.43","20.25","73","455","0","0","4","0","0","0.0","0.0","0","0.0","0.031818","0","26","0","26","0.049149","0","","0","0.0","","1","0.012346","sipas","0","0.0",""
"fake_1409","1409","1","fake","77","3","490","5.21","25.67","60","429","0","0","6","2","0","0.0","0.0","0","0.0","0.091139","0","29","3","32","0.065306","0","","0","0.0","","0","0.0","","0","0.0",""
"fake_1410","1410","1","fake","82","3","547","5.51","27.33","90","456","0","0","3","0","1","0.0","0.0","1","0.012195","0.017699","0","27","2","29","0.053016","0","","0","0.0","","0","0.0","","0","0.0",""
"fake_1411","1411","1","fake","89","5","492","4.39","17.8","99","392","0","0","2","3","0","0.0","0.0","0","0.0","0.069231","0","21","0","21","0.042683","0","","0","0.0","","0","0.0","","0","0.0",""
"fake_1412","1412","1","fake","100","6","598","4.66","16.67","91","506","0","0","5","0","0","0.0","0.0","1","0.01","0.036481","0","33","1","34","0.056856","0","","0","0.0","","1","0.01","policia","2","0.02","dyshohet"
"fake_1413","1413","1","fake","100","3","580","4.61","33.33","72","507","0","0","5","2","0","0.0","0.0","0","0.0","0.032538","0","44","1","45","0.077586","0","","0","0.0","","0","0.0","","0","0.0",""
"fake_1414","1414","1","fake","97","4","556","4.45","24.25","110","445","0","0","5","0","0","0.0","0.0","0","0.0","0.025463","0","39","0","39","0.070144","0","","0","0.0","","0","0.0","","0","0.0",""
"fake_1415","1415","1","fake","86","5","581","5.47","17.2","102","478","0","1","13","0","0","0.0","0.011628","0","0.0","0.057447","0","32","0","32","0.055077","0","","0","0.0","","1","0.011628","ministria","0","0.0",""
"fake_1416","1416","1","fake","83","4","517","5.1","20.75","83","433","0","1","3","2","0","0.0","0.012048","0","0.0","0.035545","0","30","2","32","0.061896","0","","0","0.0","","0","0.0","","0","0.0",""
"fake_1417","1417","1","fake","96","7","546","4.52","13.71","97","448","0","0","2","2","0","0.0","0.0","0","0.0","0.02765","0","29","1","30","0.054945","0","","0","0.0","","0","0.0","","0","0.0",""
"fake_1418","1418","1","fake","78","3","494","5.18","26.0","65","428","0","0","8","2","0","0.0","0.0","0","0.0","0.042184","0","21","2","23","0.046559","0","","0","0.0","","0","0.0","","0","0.0",""
"fake_1419","1419","1","fake","75","3","408","4.32","25.0","50","357","0","0","4","0","0","0.0","0.0","3","0.04","0.090343","0","21","7","28","0.068627","0","","0","0.0","","0","0.0","","0","0.0",""
"fake_1420","1420","1","fake","71","4","450","5.11","17.75","64","385","1","0","7","4","0","0.014085","0.0","0","0.0","0.063889","0","22","4","26","0.057778","0","","0","0.0","","0","0.0","","0","0.0",""
"fake_1421","1421","1","fake","70","3","427","5.01","23.33","41","385","1","0","1","0","0","0.014286","0.0","1","0.014286","0.034286","0","30","2","32","0.074941","0","","0","0.0","","0","0.0","","0","0.0",""
"fake_1422","1422","1","fake","76","3","452","4.88","25.33","68","383","0","0","2","0","0","0.0","0.0","0","0.0","0.032432","0","36","1","37","0.081858","0","","0","0.0","","0","0.0","","1","0.013158","thuhet"
"fake_1423","1423","1","fake","85","3","504","4.88","28.33","85","418","0","0","1","0","0","0.0","0.0","1","0.011765","0.045783","0","27","2","29","0.05754","0","","0","0.0","","0","0.0","","3","0.035294","mund të"
"fake_1424","1424","1","fake","72","4","416","4.67","18.0","43","372","0","0","2","0","0","0.0","0.0","0","0.0","0.02381","0","32","1","33","0.079327","0","","0","0.0","","0","0.0","","0","0.0",""
"fake_1425","1425","1","fake","74","2","468","5.22","37.0","65","402","0","0","3","1","0","0.0","0.0","0","0.0","0.036364","0","24","0","24","0.051282","0","","0","0.0","","0","0.0","","0","0.0",""
"fake_1426","1426","1","fake","86","3","475","4.43","28.67","78","396","0","0","2","0","0","0.0","0.0","2","0.023256","0.073491","0","21","3","24","0.050526","0","","1","0.011628","lajm i fundit","0","0.0","","0","0.0",""
"fake_1427","1427","1","fake","105","2","534","3.88","52.5","103","430","0","0","5","2","0","0.0","0.0","1","0.009524","0.044335","0","0","0","0","0.0","1","nje","0","0.0","","0","0.0","","0","0.0",""
"fake_1428","1428","1","fake","83","3","457","4.35","27.67","80","376","0","0","4","0","0","0.0","0.0","2","0.024096","0.085873","0","15","3","18","0.039387","0","","0","0.0","","0","0.0","","0","0.0",""
"fake_1429","1429","1","fake","79","5","454","4.63","15.8","59","394","0","0","5","0","0","0.0","0.0","0","0.0","0.030055","0","30","0","30","0.066079","0","","0","0.0","","0","0.0","","0","0.0",""
"fake_1430","1430","1","fake","77","4","487","5.23","19.25","68","418","0","1","3","0","0","0.0","0.012987","0","0.0","0.047382","0","3","0","3","0.00616","2","eshte, per","0","0.0","","0","0.0","","0","0.0",""
"fake_1431","1431","1","fake","83","3","459","4.43","27.67","64","394","0","0","3","2","0","0.0","0.0","0","0.0","0.024457","0","37","0","37","0.08061","0","","0","0.0","","0","0.0","","0","0.0",""
"fake_1432","1432","1","fake","76","6","421","4.38","12.67","69","351","1","1","0","0","0","0.013158","0.013158","1","0.013158","0.075758","0","25","0","25","0.059382","0","","0","0.0","","0","0.0","","0","0.0",""
"fake_1433","1433","1","fake","81","3","490","4.75","27.0","89","400","0","0","7","0","0","0.0","0.0","2","0.024691","0.033766","0","23","2","25","0.05102","0","","0","0.0","","0","0.0","","0","0.0",""
"fake_1434","1434","1","fake","77","3","424","4.4","25.67","60","363","0","1","3","0","0","0.0","0.012987","1","0.012987","0.053097","0","33","2","35","0.082547","0","","0","0.0","","0","0.0","","0","0.0",""
"fake_1435","1435","1","fake","95","3","451","3.62","31.67","49","401","1","0","7","0","0","0.010526","0.0","0","0.0","0.043605","0","5","0","5","0.011086","0","","0","0.0","","0","0.0","","0","0.0",""
"fake_1436","1436","1","fake","75","3","451","4.88","25.0","79","371","1","0","6","2","0","0.013333","0.0","0","0.0","0.051913","0","14","1","15","0.033259","1","eshte","0","0.0","","0","0.0","","0","0.0",""
"fake_1437","1437","1","fake","120","4","731","4.97","30.0","101","629","1","0","5","5","0","0.008333","0.0","0","0.0","0.026801","0","51","3","54","0.073871","0","","0","0.0","","0","0.0","","0","0.0",""
"fake_1438","1438","1","fake","114","6","648","4.56","19.0","73","574","0","1","8","0","1","0.0","0.008772","1","0.008772","0.052023","0","33","1","34","0.052469","0","","0","0.0","","1","0.008772","sipas","0","0.0",""
"fake_1439","1439","1","fake","104","7","579","4.47","14.86","136","442","1","1","3","0","0","0.009615","0.009615","0","0.0","0.015054","0","45","1","46","0.079447","0","","0","0.0","","0","0.0","","2","0.019231","ndoshta, mund të"
"fake_1440","1440","1","fake","84","7","520","4.92","12.0","90","429","0","1","6","0","0","0.0","0.011905","1","0.011905","0.050847","0","28","1","29","0.055769","0","","0","0.0","","0","0.0","","0","0.0",""
"fake_1441","1441","1","fake","103","6","615","4.79","17.17","40","574","1","0","3","0","0","0.009709","0.0","0","0.0","0.028398","0","38","1","39","0.063415","0","","0","0.0","","0","0.0","","1","0.009709","thuhet"
"fake_1442","1442","1","fake","73","4","464","5.16","18.25","84","379","0","0","3","2","0","0.0","0.0","0","0.0","0.026525","0","27","0","27","0.05819","0","","0","0.0","","0","0.0","","0","0.0",""
"fake_1443","1443","1","fake","75","3","490","5.39","25.0","79","410","0","1","5","2","0","0.0","0.013333","0","0.0","0.05985","0","32","1","33","0.067347","0","","0","0.0","","0","0.0","","0","0.0",""
"fake_1444","1444","1","fake","65","4","427","5.46","16.25","65","361","0","0","1","0","0","0.0","0.0","1","0.015385","0.056657","0","22","0","22","0.051522","0","","0","0.0","","0","0.0","","0","0.0",""
"fake_1445","1445","1","fake","76","3","499","5.45","25.33","97","401","0","0","4","0","0","0.0","0.0","0","0.0","0.007246","0","38","2","40","0.08016","0","","0","0.0","","0","0.0","","0","0.0",""
"fake_1446","1446","1","fake","81","4","457","4.53","20.25","75","381","0","0","4","0","0","0.0","0.0","2","0.024691","0.040872","0","26","1","27","0.059081","0","","0","0.0","","0","0.0","","0","0.0",""
"fake_1447","1447","1","fake","90","4","494","4.42","22.5","94","399","0","0","3","1","0","0.0","0.0","0","0.0","0.042714","0","23","6","29","0.058704","0","","0","0.0","","0","0.0","","0","0.0",""
"fake_1448","1448","1","fake","79","3","477","4.84","26.33","84","392","0","0","6","4","0","0.0","0.0","0","0.0","0.044619","0","26","0","26","0.054507","0","","0","0.0","","0","0.0","","0","0.0",""
"fake_1449","1449","1","fake","76","2","469","5.11","38.0","96","372","0","0","1","0","0","0.0","0.0","0","0.0","0.078329","0","35","5","40","0.085288","0","","0","0.0","","0","0.0","","0","0.0",""
"fake_1450","1450","1","fake","91","4","536","4.78","22.75","79","456","0","0","5","0","0","0.0","0.0","1","0.010989","0.066667","0","25","1","26","0.048507","0","","0","0.0","","0","0.0","","0","0.0",""
"fake_1451","1451","1","fake","86","3","529","5.01","28.67","91","437","0","0","5","3","0","0.0","0.0","0","0.0","0.027842","0","32","1","33","0.062382","0","","0","0.0","","0","0.0","","0","0.0",""
"fake_1452","1452","1","fake","70","4","411","4.73","17.5","89","321","0","0","2","2","0","0.0","0.0","0","0.0","0.018127","0","27","0","27","0.065693","0","","2","0.028571","tronditëse","0","0.0","","0","0.0",""
"fake_1453","1453","1","fake","65","4","395","4.89","16.25","59","335","1","0","3","2","0","0.015385","0.0","0","0.0","0.059748","0","14","1","15","0.037975","0","","0","0.0","","0","0.0","","0","0.0",""
"fake_1454","1454","1","fake","96","4","564","4.73","24.0","74","489","0","0","7","2","0","0.0","0.0","0","0.0","0.013216","0","28","1","29","0.051418","0","","0","0.0","","0","0.0","","0","0.0",""
"fake_1455","1455","1","fake","93","5","571","5.04","18.6","74","496","1","0","3","1","0","0.010753","0.0","1","0.010753","0.06823","0","58","0","58","0.101576","0","","0","0.0","","1","0.010753","ministria","0","0.0",""
"fake_1456","1456","1","fake","105","4","645","5.05","26.25","65","579","0","0","5","0","0","0.0","0.0","0","0.0","0.055028","0","21","0","21","0.032558","1","per","0","0.0","","2","0.019048","sipas","0","0.0",""
"fake_1457","1457","1","fake","131","2","620","3.64","65.5","130","489","0","0","6","2","0","0.0","0.0","0","0.0","0.012579","0","25","0","25","0.040323","0","","0","0.0","","0","0.0","","0","0.0",""
"fake_1458","1458","1","fake","107","5","585","4.36","21.4","98","486","0","1","4","1","0","0.0","0.009346","0","0.0","0.015021","0","57","0","57","0.097436","0","","0","0.0","","0","0.0","","0","0.0",""
"fake_1459","1459","1","fake","99","8","564","4.53","12.38","99","464","0","0","4","3","1","0.0","0.0","0","0.0","0.040179","0","29","0","29","0.051418","1","per","0","0.0","","0","0.0","","0","0.0",""
"fake_1460","1460","1","fake","100","9","499","3.82","11.11","63","435","0","0","5","2","1","0.0","0.0","0","0.0","0.020942","0","31","0","31","0.062124","1","per","0","0.0","","0","0.0","","1","0.01","mund të"
"fake_1461","1461","1","fake","99","4","549","4.25","24.75","62","486","0","0","2","0","0","0.0","0.0","0","0.0","0.028571","0","0","0","0","0.0","3","eshte, per, nje","0","0.0","","0","0.0","","0","0.0",""
"fake_1462","1462","1","fake","82","7","450","4.37","11.71","91","358","0","0","2","0","0","0.0","0.0","0","0.0","0.036313","0","29","3","32","0.071111","1","per","0","0.0","","0","0.0","","0","0.0",""
"fake_1463","1463","1","fake","103","4","555","4.32","25.75","112","442","2","0","2","2","0","0.019417","0.0","0","0.0","0.029213","0","45","1","46","0.082883","1","per","0","0.0","","0","0.0","","0","0.0",""
"fake_1464","1464","1","fake","83","6","463","4.3","13.83","41","421","0","0","10","0","0","0.0","0.0","0","0.0","0.030986","0","27","3","30","0.064795","1","per","0","0.0","","0","0.0","","0","0.0",""
"fake_1465","1465","1","fake","88","5","549","5.01","17.6","77","471","0","0","5","0","0","0.0","0.0","0","0.0","0.022676","0","45","0","45","0.081967","1","per","0","0.0","","0","0.0","","1","0.011364","thuhet"
"fake_1466","1466","1","fake","94","16","496","4.03","5.88","55","440","0","0","7","0","0","0.0","0.0","0","0.0","0.023747","0","29","2","31","0.0625","1","per","0","0.0","","0","0.0","","0","0.0",""
"fake_1467","1467","1","fake","100","21","527","3.95","4.76","47","479","0","0","5","2","0","0.0","0.0","0","0.0","0.045685","0","23","1","24","0.045541","1","per","0","0.0","","0","0.0","","0","0.0",""
"fake_1468","1468","1","fake","115","9","650","4.52","12.78","110","539","0","0","8","2","0","0.0","0.0","0","0.0","0.034749","0","54","3","57","0.087692","1","per","0","0.0","","0","0.0","","1","0.008696","mund të"
"fake_1469","1469","1","fake","109","9","611","4.54","12.11","97","513","0","1","3","0","0","0.0","0.009174","0","0.0","0.016194","0","55","3","58","0.094926","3","cfare, per, nje","0","0.0","","0","0.0","","0","0.0",""
"fake_1470","1470","1","fake","101","14","549","4.2","7.21","98","450","0","0","3","0","0","0.0","0.0","0","0.0","0.033019","0","32","3","35","0.063752","1","per","0","0.0","","1","0.009901","sipas","0","0.0",""
"fake_1471","1471","1","fake","80","9","480","4.66","8.89","63","416","0","0","7","0","0","0.0","0.0","0","0.0","0.018767","0","38","4","42","0.0875","1","per","0","0.0","","1","0.0125","policia","0","0.0",""
"fake_1472","1472","1","fake","83","5","490","4.83","16.6","76","413","0","1","0","0","0","0.0","0.012048","0","0.0","0.01995","0","6","0","6","0.012245","4","eshte, per, nje, behet","0","0.0","","0","0.0","","0","0.0",""
"fake_1473","1473","1","fake","93","4","555","4.92","23.25","73","481","0","0","4","0","0","0.0","0.0","0","0.0","0.024017","0","29","0","29","0.052252","0","","0","0.0","","0","0.0","","0","0.0",""
"fake_1474","1474","1","fake","101","7","556","4.44","14.43","102","453","0","0","3","2","0","0.0","0.0","1","0.009901","0.065169","0","33","5","38","0.068345","0","","0","0.0","","0","0.0","","0","0.0",""
"fake_1475","1475","1","fake","96","5","500","4.18","19.2","68","431","0","0","2","0","0","0.0","0.0","0","0.0","0.01995","0","51","0","51","0.102","1","nje","0","0.0","","0","0.0","","0","0.0",""
"fake_1476","1476","1","fake","85","4","504","4.81","21.25","51","452","0","0","2","0","0","0.0","0.0","0","0.0","0.034314","0","45","1","46","0.09127","0","","0","0.0","","0","0.0","","0","0.0",""
"fake_1477","1477","1","fake","101","2","582","4.57","50.5","84","497","0","0","5","2","1","0.0","0.0","1","0.009901","0.051948","0","45","3","48","0.082474","1","per","0","0.0","","0","0.0","","0","0.0",""
"fake_1478","1478","1","fake","105","13","591","4.54","8.08","89","501","1","0","5","0","0","0.009524","0.0","0","0.0","0.025157","0","48","0","48","0.081218","1","per","0","0.0","","0","0.0","","0","0.0",""
"fake_1479","1479","1","fake","119","11","674","4.5","10.82","79","594","0","0","6","2","0","0.0","0.0","1","0.008403","0.05618","0","43","0","43","0.063798","0","","0","0.0","","0","0.0","","0","0.0",""
"fake_1480","1480","1","fake","97","4","503","4.11","24.25","74","428","1","0","3","0","1","0.010309","0.0","0","0.0","0.015038","0","29","6","35","0.069583","2","per, nje","0","0.0","","0","0.0","","0","0.0",""
"fake_1481","1481","1","fake","82","5","499","4.94","16.4","102","396","0","1","4","0","1","0.0","0.012195","0","0.0","0.059259","0","30","3","33","0.066132","0","","0","0.0","","1","0.012195","sipas","0","0.0",""
"fake_1482","1482","1","fake","101","5","537","4.24","20.2","128","408","1","0","5","0","0","0.009901","0.0","0","0.0","0.016355","0","45","3","48","0.089385","0","","0","0.0","","0","0.0","","0","0.0",""
"fake_1483","1483","1","fake","86","4","505","4.78","21.5","93","411","0","0","4","2","0","0.0","0.0","0","0.0","0.024331","0","33","0","33","0.065347","0","","0","0.0","","0","0.0","","0","0.0",""
"fake_1484","1484","1","fake","88","3","492","4.53","29.33","69","422","0","0","3","0","0","0.0","0.0","0","0.0","0.025063","0","43","1","44","0.089431","1","per","0","0.0","","0","0.0","","0","0.0",""
"fake_1485","1485","1","fake","87","11","538","5.03","7.91","54","483","1","0","2","0","0","0.011494","0.0","1","0.011494","0.071101","0","25","2","27","0.050186","1","per","0","0.0","","0","0.0","","0","0.0",""
"fake_1486","1486","1","fake","97","12","475","3.77","8.08","42","432","1","0","4","0","0","0.010309","0.0","0","0.0","0.068306","0","22","1","23","0.048421","1","per","0","0.0","","0","0.0","","0","0.0",""
"fake_1487","1487","1","fake","98","6","505","4.08","16.33","73","431","0","0","4","0","0","0.0","0.0","0","0.0","0.015","0","36","1","37","0.073267","1","per","0","0.0","","0","0.0","","0","0.0",""
"fake_1488","1488","1","fake","80","6","498","4.75","13.33","54","443","0","0","6","0","0","0.0","0.0","0","0.0","0.034211","0","40","0","40","0.080321","1","per","0","0.0","","0","0.0","","0","0.0",""
"fake_1489","1489","1","fake","80","2","440","4.36","40.0","74","365","0","0","4","0","0","0.0","0.0","0","0.0","0.014327","0","41","1","42","0.095455","1","per","0","0.0","","1","0.0125","studimi","2","0.025","ndoshta, mund të"
"fake_1490","1490","1","fake","85","7","541","5.09","12.14","73","467","3","0","4","0","0","0.035294","0.0","2","0.023529","0.080831","0","29","0","29","0.053604","1","per","0","0.0","","0","0.0","","0","0.0",""
"fake_1491","1491","1","fake","106","6","574","4.27","17.67","84","489","0","0","2","1","0","0.0","0.0","2","0.018868","0.073661","0","38","1","39","0.067944","1","per","0","0.0","","1","0.009434","sipas","0","0.0",""
"fake_1492","1492","1","fake","92","5","537","4.67","18.4","63","473","0","1","5","2","1","0.0","0.01087","1","0.01087","0.027907","0","36","1","37","0.068901","1","per","0","0.0","","0","0.0","","0","0.0",""
"fake_1493","1493","1","fake","84","4","496","4.8","21.0","58","437","0","0","3","2","0","0.0","0.0","1","0.011905","0.049628","0","22","0","22","0.044355","1","per","0","0.0","","0","0.0","","0","0.0",""
"fake_1494","1494","1","fake","105","8","551","4.12","13.12","77","473","0","0","3","1","0","0.0","0.0","1","0.009524","0.053241","0","7","0","7","0.012704","3","per, nje, behet","0","0.0","","0","0.0","","0","0.0",""
"fake_1495","1495","1","fake","100","7","531","4.13","14.29","79","451","0","0","10","2","0","0.0","0.0","0","0.0","0.058111","0","42","0","42","0.079096","1","per","0","0.0","","0","0.0","","0","0.0",""
"fake_1496","1496","1","fake","94","17","517","4.41","5.53","106","410","0","2","4","0","0","0.0","0.021277","0","0.0","0.038554","0","23","3","26","0.05029","2","eshte, per","0","0.0","","0","0.0","","0","0.0",""
"fake_1497","1497","1","fake","103","17","574","4.34","6.06","96","477","0","0","4","0","0","0.0","0.0","0","0.0","0.035794","0","41","0","41","0.071429","2","per, kerkon","0","0.0","","0","0.0","","0","0.0",""
"fake_1498","1498","1","fake","95","8","573","4.91","11.88","71","501","0","0","4","2","0","0.0","0.0","2","0.021053","0.05794","0","30","0","30","0.052356","1","per","0","0.0","","2","0.021053","policia","1","0.010526","thuhet"
"fake_1499","1499","1","fake","79","3","465","4.76","26.33","58","406","0","0","5","0","0","0.0","0.0","0","0.0","0.037234","0","24","2","26","0.055914","0","","0","0.0","","0","0.0","","0","0.0",""
"fake_1500","1500","1","fake","80","4","444","4.42","20.0","78","365","0","0","5","1","0","0.0","0.0","4","0.05","0.107649","0","24","0","24","0.054054","1","per","0","0.0","","1","0.0125","sipas","0","0.0",""
"fake_1501","1501","1","fake","88","6","459","4.08","14.67","79","379","0","0","4","1","0","0.0","0.0","0","0.0","0.030726","0","16","0","16","0.034858","2","per, nje","0","0.0","","0","0.0","","0","0.0",""
"fake_1502","1502","1","fake","71","4","453","5.28","17.75","71","381","0","0","3","0","0","0.0","0.0","1","0.014085","0.04","0","24","0","24","0.05298","0","","0","0.0","","1","0.014085","sipas","1","0.014085","mund të"
"fake_1503","1503","1","fake","83","3","506","5.0","27.67","85","420","0","0","3","0","0","0.0","0.0","0","0.0","0.024096","0","34","2","36","0.071146","0","","0","0.0","","0","0.0","","0","0.0",""
"fake_1504","1504","1","fake","78","3","459","4.81","26.0","69","389","0","0","2","0","0","0.0","0.0","0","0.0","0.018667","0","42","2","44","0.095861","0","","0","0.0","","0","0.0","","0","0.0",""
"fake_1505","1505","1","fake","81","4","476","4.77","20.25","73","402","0","0","2","0","0","0.0","0.0","0","0.0","0.020725","0","22","0","22","0.046218","1","per","0","0.0","","0","0.0","","0","0.0",""
"fake_1506","1506","1","fake","100","9","541","4.33","11.11","73","467","0","0","2","0","0","0.0","0.0","0","0.0","0.023095","0","44","1","45","0.083179","0","","0","0.0","","0","0.0","","0","0.0",""
"fake_1507","1507","1","fake","87","10","571","5.32","8.7","53","517","0","0","6","0","1","0.0","0.0","2","0.022989","0.069114","0","33","0","33","0.057793","0","","0","0.0","","1","0.011494","sipas","0","0.0",""
"fake_1508","1508","1","fake","92","8","494","4.28","11.5","62","431","0","0","4","0","0","0.0","0.0","0","0.0","0.058524","0","31","0","31","0.062753","0","","0","0.0","","0","0.0","","0","0.0",""
"fake_1509","1509","1","fake","98","3","493","3.98","32.67","72","420","0","0","1","2","0","0.0","0.0","0","0.0","0.020513","0","26","0","26","0.052738","3","eshte, cfare, per","0","0.0","","0","0.0","","0","0.0",""
"fake_1510","1510","1","fake","87","5","546","5.1","17.4","84","461","3","0","8","0","0","0.034483","0.0","1","0.011494","0.058824","0","35","0","35","0.064103","1","per","0","0.0","","0","0.0","","1","0.011494","mund të"
"fake_1511","1511","1","fake","90","3","456","3.91","30.0","60","395","0","0","6","0","0","0.0","0.0","0","0.0","0.022727","0","34","0","34","0.074561","1","per","0","0.0","","1","0.011111","sipas","0","0.0",""
"fake_1512","1512","1","fake","107","10","615","4.54","10.7","130","484","1","0","5","0","0","0.009346","0.0","0","0.0","0.020576","0","36","4","40","0.065041","0","","0","0.0","","0","0.0","","0","0.0",""
"fake_1513","1513","1","fake","99","9","571","4.62","11.0","68","502","0","1","6","4","0","0.0","0.010101","0","0.0","0.015351","0","42","1","43","0.075306","1","per","0","0.0","","1","0.010101","sipas","0","0.0",""
"fake_1514","1514","1","fake","91","4","476","4.03","22.75","90","385","0","0","3","8","0","0.0","0.0","0","0.0","0.032698","0","36","0","36","0.07563","0","","0","0.0","","0","0.0","","0","0.0",""
"fake_1515","1515","1","fake","97","7","582","4.9","13.86","72","509","0","0","6","0","0","0.0","0.0","2","0.020619","0.065539","0","36","0","36","0.061856","0","","1","0.010309","nuk do ta besoni","1","0.010309","institucioni","0","0.0",""
"fake_1516","1516","1","fake","98","12","494","3.95","8.17","76","417","0","0","2","1","0","0.0","0.0","1","0.010204","0.064599","0","27","1","28","0.05668","0","","0","0.0","","0","0.0","","0","0.0",""
"fake_1517","1517","1","fake","93","7","507","4.27","13.29","93","413","0","0","5","0","0","0.0","0.0","3","0.032258","0.040302","0","29","1","30","0.059172","0","","0","0.0","","0","0.0","","0","0.0",""
"fake_1518","1518","1","fake","114","21","625","4.37","5.43","93","531","0","0","3","0","0","0.0","0.0","0","0.0","0.014056","0","38","0","38","0.0608","0","","0","0.0","","0","0.0","","0","0.0",""
"fake_1519","1519","1","fake","73","4","441","4.88","18.25","81","359","0","1","7","0","0","0.0","0.013699","0","0.0","0.044944","0","37","1","38","0.086168","0","","0","0.0","","0","0.0","","0","0.0",""
"fake_1520","1520","1","fake","96","3","516","4.25","32.0","92","423","0","0","5","1","1","0.0","0.0","0","0.0","0.022059","0","41","0","41","0.079457","0","","0","0.0","","0","0.0","","2","0.020833","mund të"
"fake_1521","1521","1","fake","101","5","544","4.34","20.2","131","412","0","0","3","0","0","0.0","0.0","0","0.0","0.018265","0","49","1","50","0.091912","1","per","0","0.0","","0","0.0","","1","0.009901","thuhet"
"fake_1522","1522","1","fake","91","5","496","4.35","18.2","78","417","0","0","4","0","1","0.0","0.0","0","0.0","0.04557","0","15","1","16","0.032258","2","cfare, per","0","0.0","","0","0.0","","0","0.0",""
"fake_1523","1523","1","fake","105","8","598","4.54","13.12","80","517","0","0","6","2","0","0.0","0.0","0","0.0","0.046218","0","36","1","37","0.061873","0","","0","0.0","","0","0.0","","0","0.0",""
"fake_1524","1524","1","fake","89","5","504","4.48","17.8","75","428","0","0","5","0","0","0.0","0.0","0","0.0","0.037594","0","32","0","32","0.063492","0","","1","0.011236","nuk do ta besoni","0","0.0","","0","0.0",""
"fake_1525","1525","1","fake","89","6","521","4.66","14.83","76","444","0","1","7","2","0","0.0","0.011236","1","0.011236","0.060241","0","29","0","29","0.055662","0","","0","0.0","","0","0.0","","0","0.0",""
"fake_1526","1526","1","fake","73","3","432","4.77","24.33","89","342","0","0","4","0","0","0.0","0.0","1","0.013699","0.08046","0","27","0","27","0.0625","0","","0","0.0","","0","0.0","","0","0.0",""
"fake_1527","1527","1","fake","82","7","434","4.17","11.71","81","352","2","1","1","0","0","0.02439","0.012195","0","0.0","0.02924","0","17","0","17","0.039171","0","","0","0.0","","0","0.0","","0","0.0",""
"fake_1528","1528","1","fake","86","5","479","4.43","17.2","75","403","0","0","6","0","1","0.0","0.0","2","0.023256","0.047244","0","26","0","26","0.05428","0","","0","0.0","","1","0.011628","sipas","0","0.0",""
"fake_1529","1529","1","fake","75","3","442","4.77","25.0","83","358","0","0","4","0","0","0.0","0.0","0","0.0","0.076056","0","20","2","22","0.049774","0","","0","0.0","","0","0.0","","0","0.0",""
"fake_1530","1530","1","fake","77","4","448","4.65","19.25","65","382","0","0","2","0","0","0.0","0.0","2","0.025974","0.069832","0","24","0","24","0.053571","0","","0","0.0","","0","0.0","","0","0.0",""
"fake_1531","1531","1","fake","92","10","485","4.22","9.2","69","415","1","0","1","0","0","0.01087","0.0","0","0.0","0.023196","0","52","0","52","0.107216","0","","0","0.0","","0","0.0","","0","0.0",""
"fake_1532","1532","1","fake","98","3","557","4.56","32.67","83","473","0","0","5","4","1","0.0","0.0","0","0.0","0.045045","0","31","1","32","0.057451","0","","0","0.0","","0","0.0","","0","0.0",""
"fake_1533","1533","1","fake","87","3","529","4.95","29.0","72","456","0","0","7","0","0","0.0","0.0","1","0.011494","0.067442","0","29","1","30","0.056711","1","kerkon","1","0.011494","nuk do ta besoni","0","0.0","","0","0.0",""
"fake_1534","1534","1","fake","91","5","479","4.11","18.2","74","404","0","1","7","2","0","0.0","0.010989","0","0.0","0.024064","0","39","2","41","0.085595","0","","0","0.0","","1","0.010989","sipas","0","0.0",""
"fake_1535","1535","1","fake","81","4","435","4.27","20.25","61","373","0","0","5","0","0","0.0","0.0","0","0.0","0.020231","0","42","2","44","0.101149","0","","0","0.0","","0","0.0","","2","0.024691","mund të"
"fake_1536","1536","1","fake","97","3","573","4.71","32.33","99","473","0","0","6","0","1","0.0","0.0","1","0.010309","0.02407","0","45","1","46","0.080279","0","","0","0.0","","0","0.0","","4","0.041237","mendohet, mund të"
"fake_1537","1537","1","fake","86","8","502","4.7","10.75","49","452","0","0","3","1","0","0.0","0.0","0","0.0","0.056931","0","21","0","21","0.041833","0","","0","0.0","","0","0.0","","0","0.0",""
"fake_1538","1538","1","fake","78","6","420","4.23","13.0","54","365","0","0","3","0","0","0.0","0.0","1","0.012821","0.048485","0","30","1","31","0.07381","0","","0","0.0","","0","0.0","","0","0.0",""
"fake_1539","1539","1","fake","86","4","491","4.66","21.5","93","397","1","0","0","0","0","0.011628","0.0","0","0.0","0.01995","0","44","0","44","0.089613","0","","0","0.0","","0","0.0","","1","0.011628","thuhet"
"fake_1540","1540","1","fake","84","5","507","4.95","16.8","89","417","0","0","4","0","1","0.0","0.0","0","0.0","0.048077","0","26","1","27","0.053254","1","per","0","0.0","","0","0.0","","0","0.0",""
"fake_1541","1541","1","fake","69","4","441","5.06","17.25","42","398","0","0","3","2","0","0.0","0.0","0","0.0","0.046243","0","16","1","17","0.038549","1","per","0","0.0","","0","0.0","","0","0.0",""
"fake_1542","1542","1","fake","100","5","552","4.35","20.0","92","459","1","0","5","1","0","0.01","0.0","0","0.0","0.055172","0","25","2","27","0.048913","1","per","0","0.0","","0","0.0","","0","0.0",""
"fake_1543","1543","1","fake","93","2","578","5.1","46.5","90","487","0","0","6","1","0","0.0","0.0","1","0.010753","0.031646","0","37","2","39","0.067474","1","per","0","0.0","","0","0.0","","0","0.0",""
"fake_1544","1544","1","fake","88","3","481","4.25","29.33","61","419","0","0","3","2","0","0.0","0.0","3","0.034091","0.064171","0","27","0","27","0.056133","0","","0","0.0","","0","0.0","","0","0.0",""
"fake_1545","1545","1","fake","90","4","507","4.51","22.5","62","444","0","0","2","4","0","0.0","0.0","1","0.011111","0.061881","0","29","1","30","0.059172","1","per","1","0.011111","nuk do ta besoni","0","0.0","","1","0.011111","mund të"
"fake_1546","1546","1","fake","95","4","567","4.71","23.75","96","470","0","0","5","0","0","0.0","0.0","0","0.0","0.026846","0","40","0","40","0.070547","0","","0","0.0","","1","0.010526","sipas","0","0.0",""
"fake_1547","1547","1","fake","81","4","452","4.43","20.25","51","400","0","0","4","2","0","0.0","0.0","0","0.0","0.038997","0","32","0","32","0.070796","0","","0","0.0","","0","0.0","","1","0.012346","thuhet"
"fake_1548","1548","1","fake","95","5","618","5.18","19.0","99","518","0","0","5","0","0","0.0","0.0","0","0.0","0.028455","0","38","1","39","0.063107","0","","0","0.0","","0","0.0","","0","0.0",""
"fake_1549","1549","1","fake","85","4","505","4.81","21.25","73","431","0","0","5","2","0","0.0","0.0","0","0.0","0.0489","0","35","1","36","0.071287","0","","1","0.011765","nuk do ta besoni","0","0.0","","0","0.0",""
"fake_1550","1550","1","fake","91","4","523","4.6","22.75","103","419","0","0","7","2","0","0.0","0.0","0","0.0","0.054893","0","8","0","8","0.015296","2","per, nje","0","0.0","","0","0.0","","0","0.0",""
"fake_1551","1551","1","fake","91","5","559","5.04","18.2","152","406","1","0","4","0","0","0.010989","0.0","0","0.0","0.080963","0","42","0","42","0.075134","0","","0","0.0","","0","0.0","","0","0.0",""
"fake_1552","1552","1","fake","90","4","506","4.51","22.5","87","418","0","0","3","0","0","0.0","0.0","0","0.0","0.022167","0","25","1","26","0.051383","0","","1","0.011111","e pabesueshme","0","0.0","","0","0.0",""
"fake_1553","1553","1","fake","81","4","461","4.64","20.25","73","387","1","0","2","0","0","0.012346","0.0","0","0.0","0.042553","0","35","1","36","0.078091","0","","0","0.0","","0","0.0","","0","0.0",""
"fake_1554","1554","1","fake","91","1","510","4.47","91.0","81","428","0","0","5","0","1","0.0","0.0","0","0.0","0.019656","0","42","0","42","0.082353","0","","0","0.0","","0","0.0","","0","0.0",""
"fake_1555","1555","1","fake","86","6","493","4.63","14.33","122","370","1","0","2","0","0","0.011628","0.0","0","0.0","0.020101","0","29","3","32","0.064909","1","nje","0","0.0","","0","0.0","","0","0.0",""
"fake_1556","1556","1","fake","92","12","490","4.23","7.67","68","421","0","0","2","1","0","0.0","0.0","0","0.0","0.041344","0","33","1","34","0.069388","0","","0","0.0","","0","0.0","","0","0.0",""
"fake_1557","1557","1","fake","96","7","515","4.27","13.71","59","455","0","0","3","3","0","0.0","0.0","1","0.010417","0.046341","0","33","1","34","0.066019","0","","0","0.0","","0","0.0","","2","0.020833","mund të"
"fake_1558","1558","1","fake","118","11","594","3.89","10.73","99","494","3","0","2","0","0","0.025424","0.0","0","0.0","0.045752","0","20","1","21","0.035354","0","","0","0.0","","0","0.0","","0","0.0",""
"fake_1559","1559","1","fake","91","9","464","4.01","10.11","79","384","0","0","1","0","0","0.0","0.0","2","0.021978","0.057534","0","21","0","21","0.045259","0","","0","0.0","","0","0.0","","0","0.0",""
"fake_1560","1560","1","fake","88","7","520","4.84","12.57","72","447","0","0","5","0","0","0.0","0.0","0","0.0","0.039906","0","27","3","30","0.057692","0","","0","0.0","","1","0.011364","policia","0","0.0",""
"fake_1561","1561","1","fake","92","13","469","4.04","7.08","77","391","0","2","1","0","0","0.0","0.021739","0","0.0","0.021505","0","22","1","23","0.049041","1","nje","0","0.0","","0","0.0","","0","0.0",""
"fake_1562","1562","1","fake","91","6","533","4.76","15.17","57","475","0","0","6","0","0","0.0","0.0","1","0.010989","0.04157","0","43","3","46","0.086304","0","","0","0.0","","0","0.0","","0","0.0",""
"fake_1563","1563","1","fake","100","11","561","4.47","9.09","89","471","2","0","5","2","0","0.02","0.0","0","0.0","0.035874","0","39","0","39","0.069519","0","","0","0.0","","0","0.0","","0","0.0",""
"fake_1564","1564","1","fake","92","6","560","4.98","15.33","87","472","0","0","7","0","0","0.0","0.0","1","0.01087","0.04814","0","37","0","37","0.066071","0","","0","0.0","","0","0.0","","0","0.0",""
"fake_1565","1565","1","fake","101","6","578","4.56","16.83","75","502","0","0","3","0","0","0.0","0.0","0","0.0","0.023913","0","27","1","28","0.048443","0","","1","0.009901","nuk do ta besoni","0","0.0","","0","0.0",""
"fake_1566","1566","1","fake","83","5","493","4.84","16.6","58","434","0","0","3","2","0","0.0","0.0","0","0.0","0.0199","0","29","1","30","0.060852","0","","0","0.0","","0","0.0","","0","0.0",""
"fake_1567","1567","1","fake","114","9","617","4.32","12.67","96","520","0","0","9","0","0","0.0","0.0","0","0.0","0.018293","0","36","1","37","0.059968","0","","0","0.0","","0","0.0","","0","0.0",""
"fake_1568","1568","1","fake","97","3","536","4.37","32.33","73","462","0","0","0","0","0","0.0","0.0","0","0.0","0.016509","0","11","0","11","0.020522","1","per","0","0.0","","0","0.0","","0","0.0",""
"fake_1569","1569","1","fake","111","9","605","4.28","12.33","97","507","1","1","6","0","0","0.009009","0.009009","3","0.027027","0.063158","0","32","1","33","0.054545","0","","0","0.0","","2","0.018018","sipas","0","0.0",""
"fake_1570","1570","1","fake","86","3","513","4.72","28.67","73","439","0","0","4","0","0","0.0","0.0","1","0.011628","0.05665","0","29","0","29","0.05653","0","","0","0.0","","0","0.0","","0","0.0",""
"fake_1571","1571","1","fake","99","3","576","4.64","33.0","84","491","0","0","5","6","0","0.0","0.0","0","0.0","0.039301","0","30","1","31","0.053819","0","","0","0.0","","0","0.0","","0","0.0",""
"fake_1572","1572","1","fake","95","2","566","4.76","47.5","53","512","0","0","2","1","0","0.0","0.0","1","0.010526","0.028825","0","45","0","45","0.079505","0","","0","0.0","","0","0.0","","0","0.0",""
"fake_1573","1573","1","fake","110","14","578","4.18","7.86","82","495","0","0","3","5","0","0.0","0.0","0","0.0","0.028261","0","46","1","47","0.081315","0","","0","0.0","","0","0.0","","0","0.0",""
"fake_1574","1574","1","fake","99","8","587","4.76","12.38","67","519","1","0","8","0","1","0.010101","0.0","0","0.0","0.014862","0","40","2","42","0.07155","0","","0","0.0","","0","0.0","","0","0.0",""
"fake_1575","1575","1","fake","114","6","611","4.32","19.0","103","507","0","0","3","0","0","0.0","0.0","0","0.0","0.036585","0","18","0","18","0.02946","3","eshte, kosove, nje","0","0.0","","0","0.0","","0","0.0",""
"fake_1576","1576","1","fake","74","8","406","4.42","9.25","59","346","1","0","1","0","0","0.013514","0.0","0","0.0","0.033639","0","32","0","32","0.078818","0","","0","0.0","","0","0.0","","1","0.013514","mund të"
"fake_1577","1577","1","fake","87","5","475","4.39","17.4","78","396","0","0","0","2","0","0.0","0.0","0","0.0","0.039267","0","28","0","28","0.058947","0","","0","0.0","","0","0.0","","0","0.0",""
"fake_1578","1578","1","fake","86","8","504","4.6","10.75","76","427","1","0","2","2","0","0.011628","0.0","0","0.0","0.020202","0","23","1","24","0.047619","0","","0","0.0","","1","0.011628","sipas","0","0.0",""
"fake_1579","1579","1","fake","89","5","470","4.19","17.8","88","381","0","1","2","0","0","0.0","0.011236","2","0.022472","0.058981","0","22","0","22","0.046809","2","eshte, behet","0","0.0","","1","0.011236","sipas","1","0.011236","mund të"
"fake_1580","1580","1","fake","94","5","545","4.55","18.8","123","421","0","0","4","4","0","0.0","0.0","1","0.010638","0.046729","0","34","1","35","0.06422","0","","0","0.0","","0","0.0","","0","0.0",""
"fake_1581","1581","1","fake","88","3","534","4.85","29.33","63","470","0","0","5","6","0","0.0","0.0","2","0.022727","0.077465","0","16","1","17","0.031835","0","","1","0.011364","nuk do ta besoni","1","0.011364","konfirmoi","0","0.0",""
"fake_1582","1582","1","fake","111","6","614","4.4","18.5","168","445","0","0","3","0","1","0.0","0.0","2","0.018018","0.043121","0","42","0","42","0.068404","0","","0","0.0","","1","0.009009","sipas","0","0.0",""
"fake_1583","1583","1","fake","75","3","470","5.09","25.0","90","379","0","0","9","0","0","0.0","0.0","0","0.0","0.047244","0","24","1","25","0.053191","0","","0","0.0","","1","0.013333","sipas","1","0.013333","thuhet"
"fake_1584","1584","1","fake","87","3","539","5.08","29.0","103","435","0","0","4","0","0","0.0","0.0","0","0.0","0.042986","0","37","0","37","0.068646","0","","0","0.0","","0","0.0","","0","0.0",""
"fake_1585","1585","1","fake","93","4","560","4.84","23.25","98","461","0","0","3","0","0","0.0","0.0","0","0.0","0.022222","0","36","4","40","0.071429","0","","0","0.0","","0","0.0","","0","0.0",""
"fake_1586","1586","1","fake","98","5","545","4.21","19.6","77","467","0","0","1","0","0","0.0","0.0","2","0.020408","0.024213","0","17","0","17","0.031193","0","","0","0.0","","0","0.0","","0","0.0",""
"fake_1587","1587","1","fake","100","3","523","4.18","33.33","70","452","0","0","1","1","0","0.0","0.0","0","0.0","0.021531","0","18","0","18","0.034417","3","eshte, per, nje","0","0.0","","0","0.0","","0","0.0",""
"fake_1588","1588","1","fake","81","3","498","5.0","27.0","87","410","0","0","3","0","0","0.0","0.0","2","0.024691","0.05679","0","33","0","33","0.066265","1","per","0","0.0","","0","0.0","","0","0.0",""
"fake_1589","1589","1","fake","99","6","511","4.03","16.5","61","449","0","0","6","0","1","0.0","0.0","2","0.020202","0.055138","0","20","5","25","0.048924","1","per","0","0.0","","1","0.010101","policia","0","0.0",""
"fake_1590","1590","1","fake","91","3","552","4.77","30.33","96","455","0","0","7","2","0","0.0","0.0","0","0.0","0.060046","0","23","3","26","0.047101","1","per","0","0.0","","0","0.0","","0","0.0",""
"fake_1591","1591","1","fake","98","7","556","4.52","14.0","109","446","1","1","5","0","0","0.010204","0.010204","0","0.0","0.018059","0","43","9","52","0.093525","1","per","0","0.0","","0","0.0","","0","0.0",""
"fake_1592","1592","1","fake","81","3","493","4.85","27.0","49","443","0","1","6","2","0","0.0","0.012346","3","0.037037","0.073791","0","32","1","33","0.066937","1","per","0","0.0","","0","0.0","","0","0.0",""
"fake_1593","1593","1","fake","101","4","587","4.66","25.25","67","519","0","0","7","0","1","0.0","0.0","0","0.0","0.03397","0","45","1","46","0.078365","1","per","0","0.0","","0","0.0","","0","0.0",""
"fake_1594","1594","1","fake","55","4","298","4.29","13.75","64","233","1","0","1","0","0","0.018182","0.0","1","0.018182","0.059322","0","22","0","22","0.073826","0","","1","0.018182","shokuese","0","0.0","","0","0.0",""
"fake_1595","1595","1","fake","159","6","874","4.42","26.5","57","816","1","0","6","2","1","0.006289","0.0","4","0.025157","0.044097","0","60","1","61","0.069794","0","","0","0.0","","0","0.0","","1","0.006289","mund të"
"fake_1596","1596","1","fake","111","4","644","4.59","27.75","61","582","1","0","10","6","0","0.009009","0.0","0","0.0","0.049213","0","47","0","47","0.072981","1","eshte","0","0.0","","0","0.0","","0","0.0",""
"fake_1597","1597","1","fake","98","11","605","4.89","8.91","66","538","3","2","6","0","2","0.030612","0.020408","6","0.061224","0.114823","0","19","0","19","0.031405","0","","0","0.0","","1","0.010204","bëri të ditur","0","0.0",""
"fake_1598","1598","1","fake","137","10","742","4.11","13.7","71","670","1","2","11","0","0","0.007299","0.014599","1","0.007299","0.044405","0","37","6","43","0.057951","0","","0","0.0","","1","0.007299","sipas","0","0.0",""
"fake_1599","1599","1","fake","151","11","941","4.82","13.73","86","854","1","0","14","2","0","0.006623","0.0","3","0.019868","0.05227","0","59","0","59","0.062699","0","","0","0.0","","0","0.0","","2","0.013245","mund të"
"fake_1600","1600","1","fake","183","9","1022","4.45","20.33","80","941","1","0","7","4","1","0.005464","0.0","0","0.0","0.015971","0","70","0","70","0.068493","0","","0","0.0","","0","0.0","","0","0.0",""
"fake_1601","1601","1","fake","192","8","1081","4.54","24.0","86","994","0","0","8","3","0","0.0","0.0","4","0.020833","0.036866","0","78","1","79","0.07308","0","","0","0.0","","0","0.0","","6","0.03125","mund të"
"fake_1602","1602","1","fake","146","8","870","4.86","18.25","78","791","0","0","2","2","0","0.0","0.0","0","0.0","0.019774","0","53","0","53","0.06092","0","","0","0.0","","1","0.006849","sipas","2","0.013699","mund të"
"fake_1603","1603","1","fake","147","10","864","4.68","14.7","96","767","1","0","4","2","1","0.006803","0.0","0","0.0","0.03343","0","49","0","49","0.056713","0","","0","0.0","","0","0.0","","0","0.0",""
"fake_1604","1604","1","fake","141","7","854","4.9","20.14","65","788","3","0","7","3","0","0.021277","0.0","2","0.014184","0.059507","0","55","0","55","0.064403","1","eshte","0","0.0","","0","0.0","","0","0.0",""
"fake_1605","1605","1","fake","94","4","608","5.4","23.5","64","543","1","0","4","2","0","0.010638","0.0","0","0.0","0.017717","0","32","4","36","0.059211","0","","0","0.0","","0","0.0","","0","0.0",""
"fake_1606","1606","1","fake","122","7","745","4.89","17.43","73","671","1","0","7","0","1","0.008197","0.0","4","0.032787","0.057047","0","41","2","43","0.057718","0","","0","0.0","","0","0.0","","0","0.0",""
"fake_1607","1607","1","fake","128","7","745","4.6","18.29","84","660","2","1","6","0","0","0.015625","0.007812","2","0.015625","0.04584","0","46","0","46","0.061745","1","eshte","2","0.015625","e pabesueshme","0","0.0","","0","0.0",""
"fake_1608","1608","1","fake","94","5","541","4.63","18.8","84","456","3","0","4","6","0","0.031915","0.0","0","0.0","0.052995","0","32","2","34","0.062847","0","","0","0.0","","0","0.0","","1","0.010638","mund të"
"fake_1609","1609","1","fake","127","9","707","4.41","14.11","99","607","1","0","6","2","0","0.007874","0.0","3","0.023622","0.058929","0","50","0","50","0.070721","0","","0","0.0","","0","0.0","","0","0.0",""
"fake_1610","1610","1","fake","150","12","873","4.71","12.5","114","758","1","0","3","3","1","0.006667","0.0","2","0.013333","0.052334","0","66","0","66","0.075601","0","","0","0.0","","0","0.0","","1","0.006667","mund të"
"fake_1611","1611","1","fake","113","6","667","4.84","18.83","79","587","0","1","4","0","0","0.0","0.00885","1","0.00885","0.058608","0","32","1","33","0.049475","0","","0","0.0","","0","0.0","","0","0.0",""
"fake_1612","1612","1","fake","136","12","842","5.08","11.33","77","764","4","0","5","1","0","0.029412","0.0","3","0.022059","0.053546","0","46","0","46","0.054632","1","per","0","0.0","","1","0.007353","sipas","0","0.0",""
"fake_1613","1613","1","fake","122","9","697","4.52","13.56","62","634","2","0","5","8","1","0.016393","0.0","6","0.04918","0.061594","0","32","13","45","0.064562","0","","0","0.0","","0","0.0","","0","0.0",""
"fake_1614","1614","1","fake","121","8","658","4.21","15.12","95","562","4","0","2","0","1","0.033058","0.0","0","0.0","0.033333","0","42","7","49","0.074468","0","","0","0.0","","0","0.0","","0","0.0",""
"fake_1615","1615","1","fake","73","3","395","4.37","24.33","53","341","3","0","0","0","0","0.041096","0.0","1","0.013699","0.025078","0","18","1","19","0.048101","2","cfare, per","1","0.013699","e pabesueshme","0","0.0","","0","0.0",""
"fake_1616","1616","1","fake","149","5","837","4.54","29.8","83","753","2","1","9","0","0","0.013423","0.006711","3","0.020134","0.06213","0","42","3","45","0.053763","0","","0","0.0","","0","0.0","","2","0.013423","mund të"
"fake_1617","1617","1","fake","117","5","748","5.26","23.4","108","639","1","0","10","0","0","0.008547","0.0","2","0.017094","0.058537","0","32","0","32","0.042781","0","","0","0.0","","0","0.0","","0","0.0",""
"fake_1618","1618","1","fake","104","5","631","4.99","20.8","82","548","1","0","6","0","1","0.009615","0.0","0","0.0","0.03668","0","40","0","40","0.063391","0","","0","0.0","","0","0.0","","0","0.0",""
"fake_1619","1619","1","fake","114","5","699","5.02","22.8","93","605","1","1","2","2","0","0.008772","0.008772","2","0.017544","0.045455","0","36","0","36","0.051502","0","","0","0.0","","0","0.0","","0","0.0",""
"fake_1620","1620","1","fake","110","4","613","4.47","27.5","96","516","2","0","6","0","0","0.018182","0.0","4","0.036364","0.079268","0","43","1","44","0.071778","0","","0","0.0","","0","0.0","","0","0.0",""
"fake_1621","1621","1","fake","89","4","520","4.65","22.25","66","453","2","0","5","2","1","0.022472","0.0","2","0.022472","0.072464","0","25","1","26","0.05","1","nje","0","0.0","","0","0.0","","1","0.011236","thuhet"
"fake_1622","1622","1","fake","118","7","663","4.51","16.86","63","599","2","0","3","4","1","0.016949","0.0","0","0.0","0.05104","0","33","0","33","0.049774","0","","0","0.0","","1","0.008475","sipas","0","0.0",""
"fake_1623","1623","1","fake","133","10","812","4.71","13.3","67","744","1","0","10","8","0","0.007519","0.0","0","0.0","0.033546","0","40","1","41","0.050493","0","","0","0.0","","1","0.007519","sipas","0","0.0",""
"fake_1624","1624","1","fake","132","4","827","5.16","33.0","99","727","2","0","7","2","0","0.015152","0.0","5","0.037879","0.057353","0","49","4","53","0.064087","0","","0","0.0","","0","0.0","","1","0.007576","thuhet"
"fake_1625","1625","1","fake","85","4","470","4.46","21.25","87","382","2","0","2","0","0","0.023529","0.0","0","0.0","0.050132","0","25","1","26","0.055319","0","","0","0.0","","0","0.0","","0","0.0",""
"fake_1626","1626","1","fake","142","7","798","4.48","20.29","97","700","0","0","10","2","1","0.0","0.0","0","0.0","0.050314","0","37","6","43","0.053885","0","","0","0.0","","0","0.0","","1","0.007042","ndoshta"
"fake_1627","1627","1","fake","111","4","609","4.41","27.75","66","542","2","0","3","2","0","0.018018","0.0","2","0.018018","0.0409","0","25","0","25","0.041051","1","per","0","0.0","","1","0.009009","sipas","1","0.009009","ndoshta"
"fake_1628","1628","1","fake","120","6","706","4.82","20.0","90","615","3","0","6","0","0","0.025","0.0","2","0.016667","0.036332","0","59","2","61","0.086402","0","","0","0.0","","1","0.008333","sipas","0","0.0",""
"fake_1629","1629","1","fake","95","4","506","4.27","23.75","74","431","0","0","2","0","0","0.0","0.0","1","0.010526","0.064039","0","23","3","26","0.051383","0","","0","0.0","","0","0.0","","0","0.0",""
"fake_1630","1630","1","fake","94","5","512","4.4","18.8","39","472","0","2","4","0","0","0.0","0.021277","0","0.0","0.019324","0","30","1","31","0.060547","0","","0","0.0","","0","0.0","","0","0.0",""
"fake_1631","1631","1","fake","125","3","701","4.53","41.67","95","605","1","0","6","4","0","0.008","0.0","0","0.0","0.053381","0","40","5","45","0.064194","0","","0","0.0","","0","0.0","","0","0.0",""
"fake_1632","1632","1","fake","134","11","826","4.94","12.18","94","731","0","0","6","0","0","0.0","0.0","1","0.007463","0.028832","0","46","0","46","0.05569","0","","0","0.0","","3","0.022388","sipas, studimi","1","0.007463","mund të"
"fake_1633","1633","1","fake","102","4","523","4.01","25.5","77","445","0","0","1","2","2","0.0","0.0","2","0.019608","0.085575","0","33","0","33","0.063098","0","","0","0.0","","0","0.0","","1","0.009804","ndoshta"
"fake_1634","1634","1","fake","142","5","855","4.85","28.4","70","784","0","0","10","8","0","0.0","0.0","2","0.014085","0.048035","0","51","3","54","0.063158","0","","0","0.0","","0","0.0","","0","0.0",""
"fake_1635","1635","1","fake","135","6","770","4.63","22.5","99","670","1","0","7","0","0","0.007407","0.0","1","0.007407","0.0512","0","41","5","46","0.05974","0","","0","0.0","","0","0.0","","0","0.0",""
"fake_1636","1636","1","fake","110","16","619","4.55","6.88","80","538","2","0","6","0","1","0.018182","0.0","3","0.027273","0.05","0","36","1","37","0.059774","0","","0","0.0","","0","0.0","","0","0.0",""
"fake_1637","1637","1","fake","121","4","658","4.3","30.25","97","560","2","0","5","2","1","0.016529","0.0","0","0.0","0.023077","0","49","2","51","0.077508","1","per","0","0.0","","1","0.008264","deklaroi","0","0.0",""
"fake_1638","1638","1","fake","90","4","488","4.4","22.5","57","430","1","0","2","0","0","0.011111","0.0","0","0.0","0.030303","0","31","0","31","0.063525","0","","0","0.0","","0","0.0","","0","0.0",""
"fake_1639","1639","1","fake","86","3","500","4.78","28.67","52","447","0","0","3","0","0","0.0","0.0","0","0.0","0.04878","0","32","0","32","0.064","1","eshte","0","0.0","","0","0.0","","0","0.0",""
"fake_1640","1640","1","fake","111","5","658","4.77","22.2","54","603","2","0","4","0","0","0.018018","0.0","0","0.0","0.032075","0","42","3","45","0.068389","0","","0","0.0","","0","0.0","","0","0.0",""
"fake_1641","1641","1","fake","78","4","442","4.63","19.5","49","392","1","0","3","0","1","0.012821","0.0","0","0.0","0.022222","0","34","0","34","0.076923","0","","0","0.0","","0","0.0","","0","0.0",""
"fake_1642","1642","1","fake","126","5","708","4.51","25.2","38","669","1","0","7","0","1","0.007937","0.0","2","0.015873","0.036972","0","58","0","58","0.081921","0","","0","0.0","","1","0.007937","sipas","0","0.0",""
"fake_1643","1643","1","fake","71","4","398","4.48","17.75","82","315","1","0","4","0","0","0.014085","0.0","0","0.0","0.022013","0","24","0","24","0.060302","0","","0","0.0","","0","0.0","","0","0.0",""
"fake_1644","1644","1","fake","152","6","857","4.58","25.33","97","759","0","0","4","0","0","0.0","0.0","2","0.013158","0.028736","0","88","2","90","0.105018","0","","0","0.0","","0","0.0","","0","0.0",""
"fake_1645","1645","1","fake","102","6","582","4.6","17.0","70","511","2","2","3","2","1","0.019608","0.019608","6","0.058824","0.125813","0","20","0","20","0.034364","0","","0","0.0","","0","0.0","","0","0.0",""
"fake_1646","1646","1","fake","85","3","467","4.46","28.33","82","384","0","0","2","0","0","0.0","0.0","0","0.0","0.01847","0","40","0","40","0.085653","0","","0","0.0","","0","0.0","","0","0.0",""
"fake_1647","1647","1","fake","104","5","604","4.8","20.8","83","520","0","0","2","0","0","0.0","0.0","0","0.0","0.042084","0","41","0","41","0.067881","1","per","0","0.0","","0","0.0","","0","0.0",""
"fake_1648","1648","1","fake","92","2","476","4.1","46.0","106","369","0","1","1","0","3","0.0","0.01087","0","0.0","0.023873","0","0","0","0","0.0","3","eshte, kosove, per","0","0.0","","0","0.0","","1","0.01087","ndoshta"
"fake_1649","1649","1","fake","118","3","590","3.83","39.33","62","527","1","1","11","4","0","0.008475","0.008475","2","0.016949","0.055556","0","41","0","41","0.069492","0","","0","0.0","","1","0.008475","sipas","1","0.008475","mund të"
"fake_1650","1650","1","fake","85","5","476","4.49","17.0","68","407","2","2","3","0","0","0.023529","0.023529","0","0.0","0.018325","0","29","1","30","0.063025","0","","0","0.0","","0","0.0","","0","0.0",""
"fake_1651","1651","1","fake","400","20","2414","4.95","20.0","52","2361","0","0","15","2","0","0.0","0.0","12","0.03","0.065723","0","29","4","33","0.01367","4","kosove, per, behet, kerkon","0","0.0","","1","0.0025","sipas","0","0.0",""
"fake_1652","1652","1","fake","104","4","607","4.67","26.0","74","532","0","0","9","6","0","0.0","0.0","0","0.0","0.041152","0","32","2","34","0.056013","0","","0","0.0","","0","0.0","","0","0.0",""
"fake_1653","1653","1","fake","375","21","2040","4.31","17.86","86","1953","0","2","18","6","0","0.0","0.005333","4","0.010667","0.039628","0","153","5","158","0.077451","0","","0","0.0","","0","0.0","","0","0.0",""
"fake_1654","1654","1","fake","204","14","1256","5.08","14.57","69","1186","1","0","6","0","0","0.004902","0.0","3","0.014706","0.054211","0","75","0","75","0.059713","0","","0","0.0","","0","0.0","","0","0.0",""
"fake_1655","1655","1","fake","118","6","700","4.72","19.67","79","620","1","0","6","2","1","0.008475","0.0","3","0.025424","0.079137","0","35","0","35","0.05","2","per, nje","0","0.0","","0","0.0","","0","0.0",""
"fake_1656","1656","1","fake","173","6","1045","4.9","28.83","63","981","1","0","13","4","1","0.00578","0.0","2","0.011561","0.049587","0","61","4","65","0.062201","0","","0","0.0","","0","0.0","","0","0.0",""
"fake_1657","1657","1","fake","398","18","2350","4.73","22.11","95","2254","0","1","31","6","0","0.0","0.002513","1","0.002513","0.028662","0","161","6","167","0.071064","0","","0","0.0","","0","0.0","","3","0.007538","mund të"
"fake_1658","1658","1","fake","145","3","703","3.82","48.33","60","642","0","0","2","0","0","0.0","0.0","0","0.0","0.018051","0","0","0","0","0.0","2","eshte, per","0","0.0","","0","0.0","","0","0.0",""
"fake_1659","1659","1","fake","151","2","732","3.83","75.5","89","642","0","0","2","0","1","0.0","0.0","0","0.0","0.039792","0","1","0","1","0.001366","2","eshte, per","0","0.0","","0","0.0","","0","0.0",""
"fake_1660","1660","1","fake","129","1","705","4.34","129.0","81","623","0","0","4","4","1","0.0","0.0","0","0.0","0.042857","0","37","0","37","0.052482","1","per","0","0.0","","0","0.0","","0","0.0",""
"fake_1661","1661","1","fake","100","2","541","4.34","50.0","80","460","0","0","4","0","0","0.0","0.0","0","0.0","0.018433","0","0","0","0","0.0","2","cfare, nje","0","0.0","","0","0.0","","0","0.0",""
"fake_1662","1662","1","fake","183","9","1022","4.45","20.33","80","941","1","0","7","4","1","0.005464","0.0","0","0.0","0.015971","0","70","0","70","0.068493","0","","0","0.0","","0","0.0","","0","0.0",""
"fake_1663","1663","1","fake","140","5","779","4.47","28.0","114","664","1","0","10","0","0","0.007143","0.0","0","0.0","0.017572","0","68","0","68","0.087291","0","","0","0.0","","0","0.0","","0","0.0",""
"fake_1664","1664","1","fake","182","6","983","4.35","30.33","65","917","0","0","3","4","1","0.0","0.0","4","0.021978","0.070707","0","0","0","0","0.0","1","per","0","0.0","","0","0.0","","0","0.0",""
"fake_1665","1665","1","fake","177","10","1149","5.33","17.7","76","1072","0","0","5","0","0","0.0","0.0","3","0.016949","0.076596","0","42","0","42","0.036554","0","","0","0.0","","0","0.0","","0","0.0",""
"fake_1666","1666","1","fake","129","5","785","4.96","25.8","90","694","0","0","8","0","2","0.0","0.0","4","0.031008","0.089063","0","10","0","10","0.012739","3","eshte, per, nje","0","0.0","","0","0.0","","0","0.0",""
"fake_1667","1667","1","fake","196","11","1039","4.12","17.82","84","954","0","0","20","0","0","0.0","0.0","4","0.020408","0.075682","0","86","2","88","0.084697","0","","0","0.0","","0","0.0","","4","0.020408","ndoshta, mund të"
"fake_1668","1668","1","fake","247","12","1506","4.92","20.58","65","1440","5","0","14","6","0","0.020243","0.0","4","0.016194","0.065235","0","108","0","108","0.071713","1","eshte","0","0.0","","0","0.0","","0","0.0",""
"fake_1669","1669","1","fake","302","12","1541","3.8","25.17","112","1428","3","0","25","0","0","0.009934","0.0","4","0.013245","0.025283","0","93","4","97","0.062946","1","per","0","0.0","","0","0.0","","0","0.0",""
"fake_1670","1670","1","fake","169","6","1043","5.09","28.17","89","953","0","0","11","0","0","0.0","0.0","0","0.0","0.033682","0","70","0","70","0.067114","0","","0","0.0","","0","0.0","","4","0.023669","mund të"
"fake_1671","1671","1","fake","122","8","656","4.3","15.25","57","598","2","0","5","4","0","0.016393","0.0","0","0.0","0.03619","0","53","0","53","0.080793","0","","0","0.0","","0","0.0","","0","0.0",""
"fake_1672","1672","1","fake","216","7","1091","3.76","30.86","136","954","4","0","3","3","0","0.018519","0.0","18","0.083333","0.150062","0","49","3","52","0.047663","1","per","0","0.0","","0","0.0","","0","0.0",""
"fake_1673","1673","1","fake","227","6","1090","3.76","37.83","87","1002","1","0","1","5","1","0.004405","0.0","0","0.0","0.032825","0","87","2","89","0.081651","1","per","0","0.0","","0","0.0","","0","0.0",""
"fake_1674","1674","1","fake","145","7","885","4.93","20.71","81","803","0","0","5","0","0","0.0","0.0","2","0.013793","0.036364","0","68","1","69","0.077966","3","per, nje, behet","0","0.0","","0","0.0","","0","0.0",""
"fake_1675","1675","1","fake","198","6","1082","4.32","33.0","97","984","1","0","10","4","1","0.005051","0.0","0","0.0","0.022196","0","98","3","101","0.093346","1","per","0","0.0","","2","0.010101","deklaroi","0","0.0",""
"fake_1676","1676","1","fake","247","11","1344","4.39","22.45","91","1252","4","0","6","2","0","0.016194","0.0","2","0.008097","0.041513","0","55","5","60","0.044643","0","","0","0.0","","0","0.0","","0","0.0",""
"fake_1677","1677","1","fake","198","8","1049","4.24","24.75","51","997","0","0","10","0","0","0.0","0.0","0","0.0","0.032143","0","36","0","36","0.034318","0","","0","0.0","","0","0.0","","2","0.010101","ndoshta"
"fake_1678","1678","1","fake","127","6","735","4.72","21.17","45","689","0","1","5","0","0","0.0","0.007874","3","0.023622","0.056761","0","48","1","49","0.066667","0","","0","0.0","","0","0.0","","0","0.0",""
"fake_1679","1679","1","fake","164","15","956","4.6","10.93","68","887","0","0","8","0","0","0.0","0.0","3","0.018293","0.047809","0","73","1","74","0.077406","0","","1","0.006098","nuk do ta besoni","1","0.006098","institucioni","0","0.0",""
"fake_1680","1680","1","fake","208","15","1283","4.93","13.87","76","1206","0","0","21","8","0","0.0","0.0","2","0.009615","0.055937","0","32","0","32","0.024942","3","kosove, per, nje","0","0.0","","2","0.009615","sipas","0","0.0",""
"fake_1681","1681","1","fake","217","8","1268","4.78","27.12","47","1220","0","0","11","0","0","0.0","0.0","6","0.02765","0.072464","0","80","2","82","0.064669","1","eshte","0","0.0","","1","0.004608","sipas","0","0.0",""
"fake_1682","1682","1","fake","153","8","838","4.35","19.12","63","774","0","0","6","0","0","0.0","0.0","1","0.006536","0.033083","0","58","0","58","0.069212","1","nje","1","0.006536","nuk do ta besoni","0","0.0","","0","0.0",""
"fake_1683","1683","1","fake","523","32","3026","4.65","16.34","53","2972","0","0","37","12","0","0.0","0.0","2","0.003824","0.036641","0","207","9","216","0.071381","0","","0","0.0","","0","0.0","","1","0.001912","mund të"
"fake_1684","1684","1","fake","150","6","858","4.63","25.0","82","775","1","0","6","0","0","0.006667","0.0","2","0.013333","0.04611","0","66","2","68","0.079254","1","eshte","0","0.0","","2","0.013333","sipas","0","0.0",""
"fake_1685","1685","1","fake","165","6","931","4.55","27.5","66","864","0","0","13","2","0","0.0","0.0","1","0.006061","0.0253","0","78","0","78","0.083781","0","","0","0.0","","0","0.0","","0","0.0",""
"fake_1686","1686","1","fake","155","5","868","4.51","31.0","61","806","0","0","5","4","0","0.0","0.0","0","0.0","0.02432","0","24","2","26","0.029954","0","","0","0.0","","0","0.0","","0","0.0",""
"fake_1687","1687","1","fake","134","5","699","4.17","26.8","79","619","0","0","3","0","0","0.0","0.0","0","0.0","0.037567","0","70","3","73","0.104435","0","","0","0.0","","0","0.0","","0","0.0",""
"fake_1688","1688","1","fake","125","5","829","5.24","25.0","76","752","2","0","10","2","0","0.016","0.0","2","0.016","0.055046","0","43","1","44","0.053076","0","","0","0.0","","0","0.0","","1","0.008","thuhet"
"fake_1689","1689","1","fake","193","13","1083","4.48","14.85","100","982","1","1","10","4","0","0.005181","0.005181","0","0.0","0.020833","0","71","1","72","0.066482","0","","0","0.0","","0","0.0","","1","0.005181","mund të"
"fake_1690","1690","1","fake","106","6","608","4.6","17.67","91","516","0","0","0","0","10","0.0","0.0","2","0.018868","0.215321","0","0","0","0","0.0","1","cfare","0","0.0","","0","0.0","","0","0.0",""
"fake_1691","1691","1","fake","148","14","813","4.47","10.57","92","720","0","0","4","0","0","0.0","0.0","0","0.0","0.01059","0","55","3","58","0.071341","0","","0","0.0","","0","0.0","","0","0.0",""
"fake_1692","1692","1","fake","135","5","795","4.8","27.0","61","733","0","0","6","2","0","0.0","0.0","2","0.014815","0.050926","0","50","1","51","0.064151","1","kosove","1","0.007407","nuk do ta besoni","0","0.0","","0","0.0",""
"fake_1693","1693","1","fake","137","9","767","4.53","15.22","82","684","0","0","9","0","0","0.0","0.0","0","0.0","0.090323","0","44","0","44","0.057366","0","","0","0.0","","0","0.0","","0","0.0",""
"fake_1694","1694","1","fake","227","9","1360","4.82","25.22","88","1271","0","0","10","4","1","0.0","0.0","0","0.0","0.022831","0","121","1","122","0.089706","1","kosove","1","0.004405","alarm","0","0.0","","2","0.008811","mund të"
"fake_1695","1695","1","fake","132","9","672","3.96","14.67","77","594","0","0","8","0","0","0.0","0.0","0","0.0","0.030593","0","40","6","46","0.068452","1","nje","0","0.0","","0","0.0","","0","0.0",""
"fake_1696","1696","1","fake","401","24","2343","4.73","16.71","96","2246","2","0","26","12","0","0.004988","0.0","0","0.0","0.051133","0","151","0","151","0.064447","0","","0","0.0","","2","0.004988","sipas","0","0.0",""
"fake_1697","1697","1","fake","167","7","981","4.83","23.86","81","899","0","0","6","0","0","0.0","0.0","0","0.0","0.01487","0","61","1","62","0.063201","0","","0","0.0","","1","0.005988","sipas","0","0.0",""
"fake_1698","1698","1","fake","221","10","1243","4.49","22.1","114","1128","0","0","8","4","0","0.0","0.0","2","0.00905","0.027218","0","80","6","86","0.069187","0","","0","0.0","","0","0.0","","0","0.0",""
"fake_1699","1699","1","fake","177","5","927","4.18","35.4","105","821","0","0","9","0","0","0.0","0.0","0","0.0","0.031081","0","36","0","36","0.038835","2","per, behet","0","0.0","","0","0.0","","2","0.011299","ndoshta"
"fake_1700","1700","1","fake","229","10","1216","4.23","22.9","79","1136","0","0","4","2","1","0.0","0.0","1","0.004367","0.020661","0","97","0","97","0.07977","0","","0","0.0","","0","0.0","","1","0.004367","mund të"
"fake_1701","1701","1","fake","236","8","1374","4.76","29.5","61","1312","0","0","7","2","0","0.0","0.0","3","0.012712","0.032028","0","86","0","86","0.062591","0","","0","0.0","","1","0.004237","sipas","2","0.008475","mendohet, mund të"
"fake_1702","1702","1","fake","185","12","942","4.05","15.42","102","839","0","0","5","0","0","0.0","0.0","2","0.010811","0.052069","0","65","0","65","0.069002","1","per","0","0.0","","0","0.0","","4","0.021622","ndoshta, mund të"
"fake_1703","1703","1","fake","151","4","780","4.06","37.75","81","698","2","1","6","0","2","0.013245","0.006623","3","0.019868","0.076672","0","48","0","48","0.061538","1","nje","0","0.0","","0","0.0","","0","0.0",""
"fake_1704","1704","1","fake","186","8","946","4.03","23.25","92","853","0","0","8","0","0","0.0","0.0","0","0.0","0.038667","0","59","0","59","0.062368","1","per","0","0.0","","0","0.0","","0","0.0",""
"fake_1705","1705","1","fake","244","10","1146","3.66","24.4","70","1075","0","0","7","0","0","0.0","0.0","0","0.0","0.012318","0","67","2","69","0.060209","0","","0","0.0","","0","0.0","","1","0.004098","mund të"
"fake_1706","1706","1","fake","187","4","1064","4.58","46.75","75","988","0","0","2","0","0","0.0","0.0","1","0.005348","0.0726","0","76","0","76","0.071429","1","kosove","0","0.0","","0","0.0","","0","0.0",""
"fake_1707","1707","1","fake","87","5","503","4.71","17.4","48","454","0","0","5","0","0","0.0","0.0","0","0.0","0.05868","0","35","0","35","0.069583","2","per, nje","0","0.0","","0","0.0","","0","0.0",""
"fake_1708","1708","1","fake","253","10","1459","4.68","25.3","72","1386","1","0","15","0","0","0.003953","0.0","7","0.027668","0.03973","0","71","0","71","0.048663","0","","0","0.0","","0","0.0","","10","0.039526","thuhet, mund të"
"fake_1709","1709","1","fake","164","15","956","4.6","10.93","68","887","0","0","8","0","0","0.0","0.0","3","0.018293","0.047809","0","73","1","74","0.077406","0","","1","0.006098","nuk do ta besoni","1","0.006098","institucioni","0","0.0",""
"fake_1710","1710","1","fake","150","6","837","4.46","25.0","76","760","0","0","3","6","1","0.0","0.0","0","0.0","0.017937","0","70","1","71","0.084827","0","","0","0.0","","0","0.0","","4","0.026667","mund të"
"fake_1711","1711","1","fake","173","7","987","4.62","24.71","80","906","0","0","4","4","0","0.0","0.0","0","0.0","0.04125","0","40","4","44","0.04458","0","","0","0.0","","2","0.011561","sipas","0","0.0",""
"fake_1712","1712","1","fake","317","15","1753","4.39","21.13","83","1669","0","1","15","16","0","0.0","0.003155","4","0.012618","0.061328","0","137","0","137","0.078152","0","","1","0.003155","nuk do ta besoni","2","0.006309","ministria","0","0.0",""
"fake_1713","1713","1","fake","177","10","1149","5.33","17.7","76","1072","0","0","5","0","0","0.0","0.0","3","0.016949","0.076596","0","42","0","42","0.036554","0","","0","0.0","","0","0.0","","0","0.0",""
"fake_1714","1714","1","fake","159","1","793","3.96","159.0","55","737","0","0","0","0","3","0.0","0.0","0","0.0","0.009539","0","0","0","0","0.0","2","eshte, per","1","0.006289","nuk do ta besoni","0","0.0","","0","0.0",""
"fake_1715","1715","1","fake","221","6","1374","5.15","36.83","85","1288","0","0","10","4","1","0.0","0.0","0","0.0","0.044092","0","87","0","87","0.063319","0","","0","0.0","","0","0.0","","2","0.00905","mund të"
"fake_1716","1716","1","fake","175","5","929","4.18","35.0","44","884","0","0","12","6","2","0.0","0.0","0","0.0","0.036885","0","56","2","58","0.062433","0","","0","0.0","","0","0.0","","2","0.011429","dyshohet"
"fake_1717","1717","1","fake","227","10","1236","4.33","22.7","59","1176","1","0","16","0","0","0.004405","0.0","3","0.013216","0.087576","0","62","2","64","0.05178","0","","0","0.0","","0","0.0","","4","0.017621","mund të"
"fake_1718","1718","1","fake","154","5","841","4.4","30.8","64","776","0","0","4","0","0","0.0","0.0","0","0.0","0.069322","0","50","6","56","0.066587","0","","0","0.0","","0","0.0","","0","0.0",""
"fake_1719","1719","1","fake","247","6","1205","3.8","41.17","87","1117","0","0","0","0","4","0.0","0.0","10","0.040486","0.076759","0","0","0","0","0.0","0","","0","0.0","","0","0.0","","0","0.0",""
"fake_1720","1720","1","fake","180","6","1028","4.66","30.0","87","940","0","0","8","0","0","0.0","0.0","1","0.005556","0.063549","0","58","0","58","0.05642","0","","0","0.0","","2","0.011111","sipas","0","0.0",""
"fake_1721","1721","1","fake","229","9","1363","4.86","25.44","88","1274","0","0","18","4","0","0.0","0.0","0","0.0","0.017071","0","103","4","107","0.078503","0","","0","0.0","","0","0.0","","0","0.0",""
"fake_1722","1722","1","fake","151","7","858","4.5","21.57","62","795","2","0","16","4","0","0.013245","0.0","3","0.019868","0.060472","0","62","1","63","0.073427","0","","1","0.006623","e pabesueshme","1","0.006623","deklaroi","2","0.013245","mund të"
"fake_1723","1723","1","fake","159","13","952","4.79","12.23","85","866","0","0","8","0","0","0.0","0.0","0","0.0","0.043307","0","67","0","67","0.070378","0","","0","0.0","","3","0.018868","sipas","0","0.0",""
"fake_1724","1724","1","fake","139","4","695","3.91","34.75","82","612","0","0","0","0","0","0.0","0.0","0","0.0","0.040441","0","18","0","18","0.025899","2","eshte, nje","0","0.0","","0","0.0","","0","0.0",""
"fake_1725","1725","1","fake","157","7","848","4.33","22.43","99","748","0","0","1","0","0","0.0","0.0","1","0.006369","0.027941","0","54","0","54","0.063679","0","","0","0.0","","0","0.0","","0","0.0",""
"fake_1726","1726","1","fake","224","5","1080","3.67","44.8","130","949","0","0","26","6","0","0.0","0.0","0","0.0","0.037759","0","51","11","62","0.057407","0","","0","0.0","","0","0.0","","0","0.0",""
"fake_1727","1727","1","fake","110","5","641","4.59","22.0","85","555","0","0","5","2","0","0.0","0.0","4","0.036364","0.09901","0","27","7","34","0.053042","0","","0","0.0","","0","0.0","","2","0.018182","dyshohet"
"fake_1728","1728","1","fake","155","1","812","4.21","155.0","111","700","0","0","0","0","2","0.0","0.0","0","0.0","0.050613","0","0","0","0","0.0","3","eshte, kosove, per","0","0.0","","0","0.0","","2","0.012903","ndoshta"
"fake_1729","1729","1","fake","177","8","994","4.51","22.12","44","949","0","3","8","2","0","0.0","0.016949","0","0.0","0.045113","0","59","3","62","0.062374","0","","0","0.0","","0","0.0","","1","0.00565","mund të"
"fake_1730","1730","1","fake","130","4","757","4.72","32.5","94","662","0","0","11","4","0","0.0","0.0","0","0.0","0.034258","0","45","4","49","0.064729","0","","0","0.0","","1","0.007692","sipas","0","0.0",""
"fake_1731","1731","1","fake","129","7","716","4.47","18.43","81","634","0","0","2","1","0","0.0","0.0","0","0.0","0.029565","0","54","4","58","0.081006","0","","0","0.0","","0","0.0","","1","0.007752","mund të"
"fake_1732","1732","1","fake","162","6","989","5.05","27.0","59","929","1","0","6","0","0","0.006173","0.0","0","0.0","0.01224","0","62","0","62","0.06269","2","kosove, nje","0","0.0","","0","0.0","","0","0.0",""
"fake_1733","1733","1","fake","68","3","416","4.97","22.67","68","347","0","0","5","2","0","0.0","0.0","0","0.0","0.05638","0","19","0","19","0.045673","1","nje","0","0.0","","1","0.014706","sipas","0","0.0",""
"fake_1734","1734","1","fake","75","4","454","4.89","18.75","64","389","0","0","4","0","0","0.0","0.0","4","0.053333","0.084699","0","17","3","20","0.044053","0","","0","0.0","","0","0.0","","0","0.0",""
"fake_1735","1735","1","fake","151","5","869","4.65","30.2","103","765","0","0","9","4","0","0.0","0.0","0","0.0","0.019943","0","55","1","56","0.064442","1","eshte","0","0.0","","0","0.0","","1","0.006623","mund të"
"fake_1736","1736","1","fake","122","4","753","5.1","30.5","105","647","0","0","7","0","0","0.0","0.0","0","0.0","0.019293","0","46","4","50","0.066401","0","","0","0.0","","0","0.0","","0","0.0",""
"fake_1737","1737","1","fake","88","4","516","4.77","22.0","85","430","0","0","5","0","0","0.0","0.0","0","0.0","0.067308","0","30","3","33","0.063953","0","","0","0.0","","0","0.0","","0","0.0",""
"fake_1738","1738","1","fake","122","4","711","4.77","30.5","69","641","0","0","6","2","0","0.0","0.0","0","0.0","0.039519","0","34","3","37","0.052039","0","","0","0.0","","1","0.008197","sipas","0","0.0",""
"fake_1739","1739","1","fake","113","4","574","3.9","28.25","74","499","0","0","7","0","0","0.0","0.0","1","0.00885","0.068182","0","0","1","1","0.001742","2","eshte, kosove","1","0.00885","shokuese","1","0.00885","sipas","0","0.0",""
"fake_1740","1740","1","fake","99","6","571","4.66","16.5","60","510","0","0","5","0","0","0.0","0.0","0","0.0","0.045852","0","31","2","33","0.057793","0","","0","0.0","","3","0.030303","policia","0","0.0",""
"fake_1741","1741","1","fake","98","5","557","4.54","19.6","54","502","0","0","9","4","0","0.0","0.0","1","0.010204","0.047297","0","27","1","28","0.050269","0","","0","0.0","","0","0.0","","0","0.0",""
"fake_1742","1742","1","fake","107","6","641","4.85","17.83","85","555","0","1","7","0","0","0.0","0.009346","0","0.0","0.030829","0","35","2","37","0.057722","2","eshte, per","0","0.0","","1","0.009346","sipas","0","0.0",""
"fake_1743","1743","1","fake","113","6","626","4.46","18.83","67","558","0","0","4","2","1","0.0","0.0","0","0.0","0.05754","0","39","2","41","0.065495","1","eshte","0","0.0","","1","0.00885","sipas","1","0.00885","mund të"
"fake_1744","1744","1","fake","85","3","506","4.86","28.33","46","459","0","0","3","0","0","0.0","0.0","0","0.0","0.038929","0","15","0","15","0.029644","1","per","0","0.0","","0","0.0","","0","0.0",""
"fake_1745","1745","1","fake","102","9","568","4.4","11.33","64","503","1","0","5","4","0","0.009804","0.0","0","0.0","0.049107","0","20","4","24","0.042254","1","per","0","0.0","","1","0.009804","sipas","2","0.019608","mund të"
"fake_1746","1746","1","fake","98","5","571","4.8","19.6","74","496","0","0","2","0","0","0.0","0.0","0","0.0","0.044776","0","34","0","34","0.059545","1","eshte","0","0.0","","0","0.0","","1","0.010204","thuhet"
"fake_1747","1747","1","fake","90","3","495","4.44","30.0","87","407","0","0","4","2","0","0.0","0.0","0","0.0","0.055","0","17","0","17","0.034343","0","","0","0.0","","0","0.0","","1","0.011111","thuhet"
"fake_1748","1748","1","fake","86","3","568","5.56","28.67","68","499","0","1","4","0","0","0.0","0.011628","0","0.0","0.029412","0","41","0","41","0.072183","0","","0","0.0","","0","0.0","","0","0.0",""
"fake_1749","1749","1","fake","112","4","608","4.38","28.0","46","561","0","0","2","0","0","0.0","0.0","0","0.0","0.018367","0","42","2","44","0.072368","0","","0","0.0","","0","0.0","","0","0.0",""
"fake_1750","1750","1","fake","74","3","460","5.12","24.67","39","420","0","0","2","0","0","0.0","0.0","0","0.0","0.021108","0","17","6","23","0.05","0","","0","0.0","","0","0.0","","0","0.0",""
"fake_1751","1751","1","fake","118","6","684","4.69","19.67","72","611","1","1","3","0","0","0.008475","0.008475","2","0.016949","0.055957","0","31","0","31","0.045322","0","","0","0.0","","0","0.0","","0","0.0",""
"fake_1752","1752","1","fake","298","11","1649","4.43","27.09","70","1578","0","1","27","0","0","0.0","0.003356","4","0.013423","0.040971","0","102","3","105","0.063675","0","","0","0.0","","0","0.0","","2","0.006711","mund të"
"fake_1753","1753","1","fake","82","5","482","4.8","16.4","80","401","1","0","2","0","0","0.012195","0.0","4","0.04878","0.101523","0","22","0","22","0.045643","0","","0","0.0","","0","0.0","","0","0.0",""
"fake_1754","1754","1","fake","90","3","595","5.52","30.0","120","474","0","0","7","0","0","0.0","0.0","0","0.0","0.03252","0","20","2","22","0.036975","0","","0","0.0","","0","0.0","","0","0.0",""
"fake_1755","1755","1","fake","65","4","410","5.15","16.25","128","281","2","1","3","2","0","0.030769","0.015385","0","0.0","0.041791","0","16","1","17","0.041463","0","","0","0.0","","0","0.0","","0","0.0",""
"fake_1756","1756","1","fake","180","11","1036","4.71","16.36","75","960","0","2","3","0","0","0.0","0.011111","2","0.011111","0.07109","0","62","0","62","0.059846","0","","0","0.0","","0","0.0","","2","0.011111","mund të"
"fake_1757","1757","1","fake","69","8","430","5.06","8.62","67","362","0","0","2","0","0","0.0","0.0","0","0.0","0.034384","0","19","0","19","0.044186","0","","1","0.014493","shokuese","0","0.0","","0","0.0",""
"fake_1758","1758","1","fake","89","4","571","5.25","22.25","66","504","1","1","6","0","0","0.011236","0.011236","2","0.022472","0.068522","0","26","3","29","0.050788","0","","0","0.0","","0","0.0","","0","0.0",""
"fake_1759","1759","1","fake","86","4","526","5.07","21.5","55","470","0","0","5","0","0","0.0","0.0","0","0.0","0.043578","0","28","0","28","0.053232","2","eshte, per","0","0.0","","0","0.0","","0","0.0",""
"fake_1760","1760","1","fake","108","4","648","4.94","27.0","72","575","0","0","6","2","0","0.0","0.0","0","0.0","0.043152","0","34","6","40","0.061728","1","per","1","0.009259","nuk do ta besoni","0","0.0","","1","0.009259","mund të"
"fake_1761","1761","1","fake","88","5","520","4.86","17.6","63","456","0","0","2","2","0","0.0","0.0","0","0.0","0.042056","0","23","5","28","0.053846","0","","0","0.0","","0","0.0","","0","0.0",""
"fake_1762","1762","1","fake","82","5","474","4.66","16.4","61","412","0","0","4","4","0","0.0","0.0","0","0.0","0.02356","0","22","0","22","0.046414","0","","0","0.0","","0","0.0","","0","0.0",""
"fake_1763","1763","1","fake","145","9","860","4.78","16.11","98","761","0","0","8","4","0","0.0","0.0","0","0.0","0.034632","0","39","1","40","0.046512","0","","0","0.0","","0","0.0","","0","0.0",""
"fake_1764","1764","1","fake","74","4","452","4.95","18.5","62","389","0","0","3","0","0","0.0","0.0","1","0.013514","0.060274","0","17","3","20","0.044248","0","","0","0.0","","0","0.0","","0","0.0",""
"fake_1765","1765","1","fake","96","3","555","4.72","32.0","118","436","0","0","5","0","1","0.0","0.0","0","0.0","0.068433","0","33","1","34","0.061261","1","nje","0","0.0","","0","0.0","","0","0.0",""
"fake_1766","1766","1","fake","77","4","477","5.1","19.25","42","434","0","0","3","2","0","0.0","0.0","2","0.025974","0.061069","0","16","1","17","0.035639","0","","0","0.0","","1","0.012987","policia","0","0.0",""
"fake_1767","1767","1","fake","95","4","520","4.42","23.75","73","446","0","0","5","0","0","0.0","0.0","1","0.010526","0.035714","0","41","1","42","0.080769","0","","0","0.0","","0","0.0","","0","0.0",""
"fake_1768","1768","1","fake","79","3","486","5.06","26.33","56","429","0","0","4","0","0","0.0","0.0","0","0.0","0.035","0","33","1","34","0.069959","0","","0","0.0","","0","0.0","","0","0.0",""
"fake_1769","1769","1","fake","111","2","622","4.53","55.5","55","566","0","0","4","0","0","0.0","0.0","1","0.009009","0.0499","0","38","0","38","0.061093","1","eshte","1","0.009009","nuk do ta besoni","1","0.009009","sipas","0","0.0",""
"fake_1770","1770","1","fake","92","17","457","3.83","5.41","88","368","1","0","2","0","0","0.01087","0.0","0","0.0","0.065341","0","17","1","18","0.039387","0","","0","0.0","","0","0.0","","0","0.0",""
"fake_1771","1771","1","fake","68","4","426","5.18","17.0","79","346","2","0","3","0","0","0.029412","0.0","0","0.0","0.048295","0","31","1","32","0.075117","0","","0","0.0","","0","0.0","","1","0.014706","mund të"
"fake_1772","1772","1","fake","63","2","363","4.71","31.5","34","328","0","0","2","0","2","0.0","0.0","0","0.0","0.020202","0","13","0","13","0.035813","0","","0","0.0","","0","0.0","","0","0.0",""
"fake_1773","1773","1","fake","65","3","390","4.98","21.67","71","318","0","0","2","0","0","0.0","0.0","0","0.0","0.04321","0","13","0","13","0.033333","0","","0","0.0","","2","0.030769","policia","0","0.0",""
"fake_1774","1774","1","fake","105","5","625","4.87","21.0","102","522","0","0","6","0","0","0.0","0.0","0","0.0","0.027397","0","39","0","39","0.0624","0","","0","0.0","","0","0.0","","0","0.0",""
"fake_1775","1775","1","fake","114","5","738","5.41","22.8","80","657","0","0","5","0","0","0.0","0.0","0","0.0","0.038961","0","56","0","56","0.075881","0","","0","0.0","","0","0.0","","0","0.0",""
"fake_1776","1776","1","fake","113","4","584","4.07","28.25","103","480","1","0","4","0","0","0.00885","0.0","0","0.0","0.069565","0","31","1","32","0.054795","1","per","0","0.0","","0","0.0","","0","0.0",""
"fake_1777","1777","1","fake","108","4","592","4.34","27.0","103","488","0","0","6","0","0","0.0","0.0","0","0.0","0.078891","0","33","2","35","0.059122","0","","0","0.0","","1","0.009259","deklaroi","0","0.0",""
"fake_1778","1778","1","fake","100","5","578","4.66","20.0","84","493","0","0","6","2","0","0.0","0.0","0","0.0","0.04721","0","24","2","26","0.044983","1","kosove","0","0.0","","0","0.0","","0","0.0",""
"fake_1779","1779","1","fake","78","5","464","4.83","15.6","56","407","0","0","5","0","0","0.0","0.0","0","0.0","0.03183","0","26","2","28","0.060345","0","","0","0.0","","0","0.0","","0","0.0",""
"fake_1780","1780","1","fake","85","3","490","4.62","28.33","35","454","0","0","3","0","0","0.0","0.0","0","0.0","0.017812","0","31","0","31","0.063265","0","","0","0.0","","0","0.0","","0","0.0",""
"fake_1781","1781","1","fake","94","2","514","4.41","47.0","57","456","0","0","4","0","0","0.0","0.0","0","0.0","0.014458","0","18","1","19","0.036965","0","","0","0.0","","0","0.0","","0","0.0",""
"fake_1782","1782","1","fake","63","4","377","4.9","15.75","58","318","1","0","2","2","0","0.015873","0.0","0","0.0","0.038835","0","14","0","14","0.037135","1","per","0","0.0","","0","0.0","","0","0.0",""
"fake_1783","1783","1","fake","66","3","393","4.89","22.0","72","320","0","0","3","0","0","0.0","0.0","0","0.0","0.03096","0","17","1","18","0.045802","0","","0","0.0","","0","0.0","","0","0.0",""
"fake_1784","1784","1","fake","72","3","395","4.43","24.0","79","315","0","0","2","0","0","0.0","0.0","0","0.0","0.025078","0","14","1","15","0.037975","0","","0","0.0","","0","0.0","","0","0.0",""
"fake_1785","1785","1","fake","76","3","469","5.01","25.33","80","388","0","0","5","4","0","0.0","0.0","0","0.0","0.041995","0","23","0","23","0.049041","0","","0","0.0","","0","0.0","","0","0.0",""
"fake_1786","1786","1","fake","87","4","483","4.43","21.75","47","435","0","0","7","0","0","0.0","0.0","0","0.0","0.033766","0","22","1","23","0.047619","2","per, nje","0","0.0","","0","0.0","","0","0.0",""
"fake_1787","1787","1","fake","91","5","486","4.22","18.2","67","418","0","0","6","2","0","0.0","0.0","2","0.021978","0.067708","0","29","3","32","0.065844","2","eshte, kosove","0","0.0","","0","0.0","","0","0.0",""
"fake_1788","1788","1","fake","107","6","577","4.35","17.83","79","497","0","0","2","0","0","0.0","0.0","0","0.0","0.045161","0","48","2","50","0.086655","0","","0","0.0","","0","0.0","","0","0.0",""
"fake_1789","1789","1","fake","113","4","725","5.28","28.25","56","668","1","0","6","4","0","0.00885","0.0","1","0.00885","0.025126","0","41","0","41","0.056552","1","per","0","0.0","","1","0.00885","sipas","0","0.0",""
"fake_1790","1790","1","fake","104","2","621","4.85","52.0","66","554","1","0","11","2","0","0.009615","0.0","0","0.0","0.039761","0","19","0","19","0.030596","2","per, nje","0","0.0","","1","0.009615","sipas","0","0.0",""
"fake_1791","1791","1","fake","89","4","566","5.16","22.25","94","471","0","0","7","4","1","0.0","0.0","0","0.0","0.023965","0","23","1","24","0.042403","1","nje","0","0.0","","0","0.0","","0","0.0",""
"fake_1792","1792","1","fake","93","4","546","4.78","23.25","52","493","0","0","6","2","0","0.0","0.0","3","0.032258","0.060674","0","33","1","34","0.062271","0","","0","0.0","","0","0.0","","0","0.0",""
"fake_1793","1793","1","fake","97","4","558","4.63","24.25","49","508","0","0","5","2","0","0.0","0.0","1","0.010309","0.060134","0","29","1","30","0.053763","0","","0","0.0","","0","0.0","","0","0.0",""
"fake_1794","1794","1","fake","143","8","926","5.32","17.88","55","870","2","0","10","8","0","0.013986","0.0","1","0.006993","0.030263","0","62","8","70","0.075594","0","","0","0.0","","0","0.0","","0","0.0",""
"fake_1795","1795","1","fake","100","5","504","3.98","20.0","86","417","0","0","7","0","0","0.0","0.0","0","0.0","0.025126","0","20","2","22","0.043651","1","per","0","0.0","","0","0.0","","0","0.0",""
"fake_1796","1796","1","fake","115","4","641","4.5","28.75","78","562","0","0","8","3","2","0.0","0.0","0","0.0","0.028958","0","39","1","40","0.062402","0","","0","0.0","","0","0.0","","0","0.0",""
"fake_1797","1797","1","fake","91","3","535","4.78","30.33","60","474","0","0","3","2","0","0.0","0.0","0","0.0","0.027586","0","12","1","13","0.024299","0","","0","0.0","","0","0.0","","0","0.0",""
"fake_1798","1798","1","fake","91","4","557","5.02","22.75","76","480","0","0","1","2","0","0.0","0.0","0","0.0","0.028446","0","20","0","20","0.035907","1","kosove","0","0.0","","0","0.0","","0","0.0",""
"fake_1799","1799","1","fake","67","4","410","5.0","16.75","57","352","0","0","2","0","0","0.0","0.0","1","0.014925","0.053731","0","22","0","22","0.053659","1","kosove","0","0.0","","0","0.0","","0","0.0",""
"fake_1800","1800","1","fake","71","5","392","4.42","14.2","41","350","0","0","4","0","0","0.0","0.0","0","0.0","0.041401","0","13","2","15","0.038265","0","","0","0.0","","0","0.0","","0","0.0",""
"fake_1801","1801","1","fake","62","4","365","4.87","15.5","56","308","0","0","1","0","0","0.0","0.0","0","0.0","0.029801","0","26","0","26","0.071233","0","","0","0.0","","0","0.0","","0","0.0",""
"fake_1802","1802","1","fake","73","3","450","5.15","24.33","61","388","0","0","2","0","0","0.0","0.0","0","0.0","0.045333","0","17","0","17","0.037778","0","","1","0.013699","nuk do ta besoni","0","0.0","","0","0.0",""
"fake_1803","1803","1","fake","61","3","382","5.23","20.33","55","326","0","0","3","0","0","0.0","0.0","0","0.0","0.028213","0","23","0","23","0.060209","0","","0","0.0","","0","0.0","","0","0.0",""
"fake_1804","1804","1","fake","165","23","1001","4.96","7.17","65","935","0","0","7","0","0","0.0","0.0","5","0.030303","0.08802","0","41","6","47","0.046953","0","","0","0.0","","1","0.006061","policia","0","0.0",""
"fake_1805","1805","1","fake","92","4","526","4.57","23.0","66","459","0","0","8","0","0","0.0","0.0","0","0.0","0.033333","0","35","1","36","0.068441","0","","1","0.01087","shokuese","0","0.0","","0","0.0",""
"fake_1806","1806","1","fake","78","3","480","5.06","26.0","68","411","0","0","5","2","0","0.0","0.0","0","0.0","0.048346","0","21","0","21","0.04375","1","eshte","0","0.0","","0","0.0","","0","0.0",""
"fake_1807","1807","1","fake","83","5","474","4.63","16.6","63","410","0","0","2","0","0","0.0","0.0","2","0.024096","0.054688","0","29","1","30","0.063291","0","","0","0.0","","0","0.0","","0","0.0",""
"fake_1808","1808","1","fake","94","4","526","4.51","23.5","91","434","0","0","2","0","1","0.0","0.0","1","0.010638","0.035377","0","30","0","30","0.057034","0","","0","0.0","","0","0.0","","0","0.0",""
"fake_1809","1809","1","fake","89","4","552","5.1","22.25","56","495","0","0","8","2","0","0.0","0.0","0","0.0","0.030837","0","29","2","31","0.056159","0","","0","0.0","","0","0.0","","1","0.011236","mund të"
"fake_1810","1810","1","fake","128","6","713","4.47","21.33","77","635","0","0","13","0","0","0.0","0.0","0","0.0","0.020979","0","47","1","48","0.067321","0","","0","0.0","","0","0.0","","1","0.007812","mund të"
"fake_1811","1811","1","fake","85","4","506","4.89","21.25","55","450","2","0","1","3","0","0.023529","0.0","0","0.0","0.036058","0","43","0","43","0.08498","0","","0","0.0","","0","0.0","","0","0.0",""
"fake_1812","1812","1","fake","128","6","779","4.97","21.33","76","702","0","0","8","2","0","0.0","0.0","0","0.0","0.040881","0","38","1","39","0.050064","2","eshte, per","1","0.007812","shokuese","0","0.0","","1","0.007812","mund të"
"fake_1813","1813","1","fake","101","3","608","4.98","33.67","68","539","0","0","4","0","0","0.0","0.0","1","0.009901","0.045726","0","28","1","29","0.047697","0","","0","0.0","","1","0.009901","sipas","0","0.0",""
"fake_1814","1814","1","fake","226","8","1359","4.85","28.25","88","1270","0","0","9","4","1","0.0","0.0","0","0.0","0.024658","0","104","1","105","0.077263","1","kosove","1","0.004425","alarm","0","0.0","","2","0.00885","mund të"
"fake_1815","1815","1","fake","96","4","579","4.92","24.0","49","529","0","1","2","0","0","0.0","0.010417","2","0.020833","0.04661","0","30","0","30","0.051813","1","eshte","0","0.0","","0","0.0","","0","0.0",""
"fake_1816","1816","1","fake","110","3","670","4.87","36.67","76","593","0","0","6","0","0","0.0","0.0","0","0.0","0.037383","0","44","3","47","0.070149","0","","0","0.0","","0","0.0","","0","0.0",""
"fake_1817","1817","1","fake","103","4","658","5.28","25.75","43","614","0","0","4","2","0","0.0","0.0","0","0.0","0.029412","0","30","0","30","0.045593","0","","0","0.0","","0","0.0","","0","0.0",""
"fake_1818","1818","1","fake","96","4","557","4.73","24.0","66","490","0","0","5","0","0","0.0","0.0","1","0.010417","0.03304","0","24","0","24","0.043088","1","eshte","0","0.0","","0","0.0","","0","0.0",""
"fake_1819","1819","1","fake","112","8","710","5.19","14.0","77","632","1","0","5","4","0","0.008929","0.0","1","0.008929","0.025818","0","40","0","40","0.056338","0","","0","0.0","","1","0.008929","sipas","0","0.0",""
"fake_1820","1820","1","fake","89","7","478","4.26","12.71","77","400","1","0","6","0","0","0.011236","0.0","0","0.0","0.026385","0","22","2","24","0.050209","1","nje","0","0.0","","0","0.0","","0","0.0",""
"fake_1821","1821","1","fake","116","5","688","4.87","23.2","75","612","0","0","6","0","0","0.0","0.0","0","0.0","0.015929","0","48","0","48","0.069767","0","","0","0.0","","1","0.008621","sipas","0","0.0",""
"fake_1822","1822","1","fake","96","7","587","4.92","13.71","86","500","1","1","3","0","0","0.010417","0.010417","0","0.0","0.021186","0","37","4","41","0.069847","0","","0","0.0","","1","0.010417","sipas","0","0.0",""
"fake_1823","1823","1","fake","79","3","444","4.54","26.33","71","372","0","0","1","2","0","0.0","0.0","0","0.0","0.038997","0","25","0","25","0.056306","1","per","0","0.0","","0","0.0","","0","0.0",""
"fake_1824","1824","1","fake","109","5","650","4.94","21.8","80","569","0","1","3","0","0","0.0","0.009174","0","0.0","0.041045","0","36","0","36","0.055385","0","","0","0.0","","0","0.0","","0","0.0",""
"fake_1825","1825","1","fake","123","2","673","4.38","61.5","107","565","1","0","6","0","0","0.00813","0.0","0","0.0","0.007421","0","37","1","38","0.056464","1","per","0","0.0","","0","0.0","","0","0.0",""
"fake_1826","1826","1","fake","96","6","566","4.67","16.0","100","465","0","0","5","2","0","0.0","0.0","0","0.0","0.026846","0","38","1","39","0.068905","0","","0","0.0","","0","0.0","","0","0.0",""
"fake_1827","1827","1","fake","83","4","500","4.94","20.75","59","440","0","0","6","0","0","0.0","0.0","0","0.0","0.029268","0","25","0","25","0.05","0","","0","0.0","","0","0.0","","0","0.0",""
"fake_1828","1828","1","fake","84","5","526","5.21","16.8","118","407","1","0","4","0","0","0.011905","0.0","0","0.0","0.050228","0","28","3","31","0.058935","0","","0","0.0","","0","0.0","","0","0.0",""
"fake_1829","1829","1","fake","46","4","303","5.43","11.5","62","240","1","0","4","0","0","0.021739","0.0","0","0.0","0.032","0","13","0","13","0.042904","0","","0","0.0","","0","0.0","","0","0.0",""
"fake_1830","1830","1","fake","131","9","728","4.42","14.56","99","628","2","0","10","2","1","0.015267","0.0","0","0.0","0.034542","0","5","0","5","0.006868","2","per, nje","0","0.0","","0","0.0","","0","0.0",""
"fake_1831","1831","1","fake","70","3","476","5.74","23.33","48","427","0","0","0","2","0","0.0","0.0","0","0.0","0.034826","0","25","0","25","0.052521","0","","0","0.0","","0","0.0","","0","0.0",""
"fake_1832","1832","1","fake","109","4","711","5.44","27.25","89","621","0","0","2","4","0","0.0","0.0","0","0.0","0.035413","0","37","2","39","0.054852","0","","0","0.0","","0","0.0","","0","0.0",""
"fake_1833","1833","1","fake","81","5","489","4.95","16.2","76","412","1","0","4","2","0","0.012346","0.0","0","0.0","0.047382","0","23","1","24","0.04908","0","","0","0.0","","0","0.0","","0","0.0",""
"fake_1834","1834","1","fake","109","5","689","5.19","21.8","94","594","0","1","9","0","0","0.0","0.009174","1","0.009174","0.040636","0","45","2","47","0.068215","0","","0","0.0","","0","0.0","","0","0.0",""
"fake_1835","1835","1","fake","106","7","609","4.59","15.14","78","530","1","0","7","3","0","0.009434","0.0","0","0.0","0.030801","0","37","0","37","0.060755","0","","0","0.0","","0","0.0","","0","0.0",""
"fake_1836","1836","1","fake","94","6","535","4.55","15.67","68","466","0","0","3","2","0","0.0","0.0","0","0.0","0.028103","0","27","0","27","0.050467","1","nje","1","0.010638","nuk do ta besoni","0","0.0","","0","0.0",""
"fake_1837","1837","1","fake","80","5","459","4.67","16.0","54","404","0","0","1","0","0","0.0","0.0","2","0.025","0.074866","0","3","1","4","0.008715","2","eshte, nje","0","0.0","","0","0.0","","0","0.0",""
"fake_1838","1838","1","fake","125","3","686","4.42","41.67","85","600","0","0","3","0","0","0.0","0.0","0","0.0","0.014493","0","0","0","0","0.0","0","","0","0.0","","0","0.0","","0","0.0",""
"fake_1839","1839","1","fake","104","4","588","4.55","26.0","93","494","0","0","6","0","0","0.0","0.0","0","0.0","0.054968","0","38","0","38","0.064626","0","","0","0.0","","0","0.0","","0","0.0",""
"fake_1840","1840","1","fake","108","4","589","4.31","27.0","49","539","0","0","9","4","0","0.0","0.0","0","0.0","0.025751","0","39","2","41","0.06961","0","","0","0.0","","0","0.0","","0","0.0",""
"fake_1841","1841","1","fake","108","8","615","4.59","13.5","88","526","3","0","6","2","0","0.027778","0.0","0","0.0","0.046371","0","47","4","51","0.082927","0","","0","0.0","","0","0.0","","0","0.0",""
"fake_1842","1842","1","fake","133","5","766","4.67","26.6","71","694","0","0","8","0","0","0.0","0.0","4","0.030075","0.043478","0","39","0","39","0.050914","0","","0","0.0","","0","0.0","","5","0.037594","thuhet, mund të"
"fake_1843","1843","1","fake","91","5","518","4.52","18.2","72","445","1","0","5","0","0","0.010989","0.0","0","0.0","0.017032","0","38","0","38","0.073359","2","per, nje","0","0.0","","0","0.0","","0","0.0",""
"fake_1844","1844","1","fake","40","1","193","3.7","40.0","63","129","0","0","2","0","1","0.0","0.0","1","0.025","0.047297","0","2","0","2","0.010363","0","","0","0.0","","0","0.0","","0","0.0",""
"fake_1845","1845","1","fake","64","4","392","4.91","16.0","53","338","1","1","1","0","0","0.015625","0.015625","0","0.0","0.06051","0","0","0","0","0.0","4","eshte, kosove, per, nje","0","0.0","","0","0.0","","0","0.0",""
"fake_1846","1846","1","fake","93","8","555","4.59","11.62","79","475","1","0","6","0","0","0.010753","0.0","4","0.043011","0.105386","0","35","0","35","0.063063","0","","0","0.0","","1","0.010753","sipas","0","0.0",""
"fake_1847","1847","1","fake","92","5","528","4.63","18.4","74","453","2","0","5","2","0","0.021739","0.0","0","0.0","0.044601","0","30","4","34","0.064394","0","","0","0.0","","0","0.0","","0","0.0",""
"fake_1848","1848","1","fake","96","3","509","4.28","32.0","69","439","0","0","2","0","0","0.0","0.0","0","0.0","0.019465","0","44","0","44","0.086444","0","","0","0.0","","0","0.0","","0","0.0",""
"fake_1849","1849","1","fake","136","6","795","4.75","22.67","75","719","1","0","5","2","0","0.007353","0.0","0","0.0","0.056162","0","49","0","49","0.061635","1","per","0","0.0","","0","0.0","","0","0.0",""
"fake_1850","1850","1","fake","148","3","843","4.57","49.33","82","760","0","0","10","1","0","0.0","0.0","0","0.0","0.035503","0","70","9","79","0.093713","0","","0","0.0","","0","0.0","","3","0.02027","mund të"
"fake_1851","1851","1","fake","103","8","562","4.22","12.88","68","493","4","0","6","3","0","0.038835","0.0","5","0.048544","0.078161","0","44","0","44","0.078292","0","","0","0.0","","0","0.0","","1","0.009709","mund të"
"fake_1852","1852","1","fake","120","3","731","5.03","40.0","86","644","0","0","5","2","1","0.0","0.0","0","0.0","0.046589","0","47","0","47","0.064295","0","","0","0.0","","0","0.0","","1","0.008333","mund të"
"fake_1853","1853","1","fake","139","4","695","3.91","34.75","82","612","0","0","0","0","0","0.0","0.0","0","0.0","0.040441","0","18","0","18","0.025899","2","eshte, nje","0","0.0","","0","0.0","","0","0.0",""
"fake_1854","1854","1","fake","141","5","755","4.13","28.2","99","655","0","0","8","0","0","0.0","0.0","1","0.007092","0.022298","0","59","2","61","0.080795","0","","0","0.0","","1","0.007092","sipas","1","0.007092","mund të"
"fake_1855","1855","1","fake","105","3","578","4.37","35.0","75","502","0","0","5","2","0","0.0","0.0","0","0.0","0.028322","0","49","2","51","0.088235","0","","0","0.0","","1","0.009524","deklaroi","0","0.0",""
"fake_1856","1856","1","fake","545","23","3235","4.79","23.7","54","3180","1","0","41","8","1","0.001835","0.0","2","0.00367","0.041522","0","231","10","241","0.074498","1","eshte","0","0.0","","1","0.001835","sipas","2","0.00367","mund të"
"fake_1857","1857","1","fake","79","4","469","4.89","19.75","68","400","0","0","2","2","0","0.0","0.0","0","0.0","0.044156","0","26","3","29","0.061834","0","","0","0.0","","0","0.0","","0","0.0",""
"fake_1858","1858","1","fake","326","23","1734","4.24","14.17","78","1655","0","1","19","8","0","0.0","0.003067","0","0.0","0.022431","0","160","1","161","0.092849","0","","0","0.0","","1","0.003067","sipas","1","0.003067","mund të"
"fake_1859","1859","1","fake","247","18","1353","4.41","13.72","77","1275","2","3","7","0","0","0.008097","0.012146","0","0.0","0.020202","0","138","1","139","0.102735","0","","0","0.0","","0","0.0","","0","0.0",""
"fake_1860","1860","1","fake","155","9","851","4.37","17.22","85","765","0","0","5","2","0","0.0","0.0","0","0.0","0.022124","0","55","2","57","0.06698","0","","0","0.0","","1","0.006452","sipas","0","0.0",""
"fake_1861","1861","1","fake","375","20","2263","4.93","18.75","102","2160","1","0","12","4","0","0.002667","0.0","4","0.010667","0.029268","0","198","5","203","0.089704","0","","0","0.0","","0","0.0","","0","0.0",""
"fake_1862","1862","1","fake","163","9","950","4.66","18.11","66","883","1","0","10","0","0","0.006135","0.0","0","0.0","0.017128","0","81","1","82","0.086316","0","","0","0.0","","0","0.0","","0","0.0",""
"fake_1863","1863","1","fake","176","8","1052","4.8","22.0","93","958","0","0","13","0","0","0.0","0.0","1","0.005682","0.024911","0","82","8","90","0.085551","0","","0","0.0","","0","0.0","","1","0.005682","mund të"
"fake_1864","1864","1","fake","111","7","636","4.13","15.86","88","547","0","0","4","0","0","0.0","0.0","0","0.0","0.030568","0","40","1","41","0.064465","0","","0","0.0","","0","0.0","","0","0.0",""
"fake_1865","1865","1","fake","106","6","625","4.75","17.67","51","573","0","0","5","2","0","0.0","0.0","0","0.0","0.025845","0","57","1","58","0.0928","0","","0","0.0","","0","0.0","","1","0.009434","mund të"
"fake_1866","1866","1","fake","406","19","2440","4.74","21.37","72","2367","0","2","22","0","0","0.0","0.004926","1","0.002463","0.015057","0","211","9","220","0.090164","0","","0","0.0","","0","0.0","","8","0.019704","mund të"
"fake_1867","1867","1","fake","488","38","2858","4.72","12.84","52","2805","1","0","22","0","0","0.002049","0.0","0","0.0","0.01692","0","245","7","252","0.088174","0","","0","0.0","","0","0.0","","5","0.010246","mund të"
"fake_1868","1868","1","fake","433","22","2347","4.37","19.68","77","2269","0","0","13","0","0","0.0","0.0","0","0.0","0.02113","0","233","3","236","0.100554","0","","0","0.0","","0","0.0","","0","0.0",""
"fake_1869","1869","1","fake","345","16","2125","4.97","21.56","98","2026","1","0","14","2","0","0.002899","0.0","2","0.005797","0.022767","0","173","2","175","0.082353","0","","0","0.0","","1","0.002899","sipas","4","0.011594","mund të"
"fake_1870","1870","1","fake","315","29","1726","4.36","10.86","133","1592","1","1","16","2","0","0.003175","0.003175","0","0.0","0.01312","0","118","2","120","0.069525","0","","0","0.0","","0","0.0","","7","0.022222","mund të"
"fake_1871","1871","1","fake","1760","71","9821","4.47","24.79","63","9757","0","1","60","22","0","0.0","0.000568","8","0.004545","0.018954","0","848","12","860","0.087567","0","","0","0.0","","2","0.001136","studimi","4","0.002273","mund të"
"fake_1872","1872","1","fake","119","7","602","4.02","17.0","55","546","0","1","2","0","0","0.0","0.008403","0","0.0","0.020921","0","60","0","60","0.099668","0","","0","0.0","","0","0.0","","0","0.0",""
"fake_1873","1873","1","fake","448","21","2715","4.97","21.33","74","2640","0","0","29","2","0","0.0","0.0","3","0.006696","0.020674","0","191","6","197","0.07256","0","","0","0.0","","0","0.0","","8","0.017857","ndoshta, mund të"
"fake_1874","1874","1","fake","441","20","2449","4.39","22.05","60","2388","0","0","51","0","0","0.0","0.0","0","0.0","0.040248","0","182","1","183","0.074724","0","","0","0.0","","0","0.0","","0","0.0",""
"fake_1875","1875","1","fake","93","5","556","4.84","18.6","61","494","0","0","4","0","1","0.0","0.0","0","0.0","0.047085","0","36","0","36","0.064748","0","","0","0.0","","0","0.0","","0","0.0",""
"fake_1876","1876","1","fake","198","7","1059","4.31","28.29","70","988","0","0","4","2","0","0.0","0.0","0","0.0","0.022274","0","87","5","92","0.086874","0","","0","0.0","","1","0.005051","bëri të ditur","0","0.0",""
"fake_1877","1877","1","fake","63","5","394","5.13","12.6","57","336","0","0","4","0","0","0.0","0.0","0","0.0","0.040248","0","23","0","23","0.058376","0","","0","0.0","","0","0.0","","0","0.0",""
"fake_1878","1878","1","fake","108","6","556","4.06","18.0","54","501","0","2","3","2","0","0.0","0.018519","0","0.0","0.027335","0","34","2","36","0.064748","0","","0","0.0","","0","0.0","","0","0.0",""
"fake_1879","1879","1","fake","216","8","1198","4.45","27.0","83","1114","0","0","6","2","1","0.0","0.0","2","0.009259","0.06048","0","91","1","92","0.076795","0","","0","0.0","","0","0.0","","1","0.00463","mund të"
"fake_1880","1880","1","fake","114","5","606","4.13","22.8","76","529","0","0","5","6","0","0.0","0.0","0","0.0","0.027601","0","42","0","42","0.069307","0","","0","0.0","","0","0.0","","0","0.0",""
"fake_1881","1881","1","fake","100","7","550","4.42","14.29","59","490","0","1","7","0","0","0.0","0.01","0","0.0","0.024887","0","42","0","42","0.076364","0","","0","0.0","","0","0.0","","0","0.0",""
"fake_1882","1882","1","fake","105","5","572","4.3","21.0","54","517","0","0","5","6","0","0.0","0.0","0","0.0","0.037611","0","30","1","31","0.054196","0","","0","0.0","","0","0.0","","0","0.0",""
"fake_1883","1883","1","fake","122","4","729","4.86","30.5","104","624","0","0","9","0","0","0.0","0.0","1","0.008197","0.025295","0","46","0","46","0.0631","0","","0","0.0","","3","0.02459","sipas","0","0.0",""
"fake_1884","1884","1","fake","441","28","2550","4.6","15.75","83","2466","0","1","27","11","0","0.0","0.002268","0","0.0","0.017241","0","188","16","204","0.08","0","","0","0.0","","1","0.002268","sipas","2","0.004535","mund të"
"fake_1885","1885","1","fake","247","11","1326","4.24","22.45","85","1240","0","0","15","2","0","0.0","0.0","52","0.210526","0.221585","0","108","5","113","0.085219","0","","0","0.0","","0","0.0","","0","0.0",""
"fake_1886","1886","1","fake","241","14","1374","4.59","17.21","92","1281","0","0","5","0","0","0.0","0.0","0","0.0","0.014493","0","138","2","140","0.101892","0","","0","0.0","","0","0.0","","1","0.004149","mund të"
"fake_1887","1887","1","fake","94","4","566","4.93","23.5","99","466","0","0","7","0","1","0.0","0.0","0","0.0","0.02381","0","43","0","43","0.075972","0","","0","0.0","","0","0.0","","0","0.0",""
"fake_1888","1888","1","fake","367","28","2172","4.79","13.11","64","2107","0","1","24","2","0","0.0","0.002725","3","0.008174","0.035308","0","182","6","188","0.086556","0","","0","0.0","","0","0.0","","6","0.016349","mund të"
"fake_1889","1889","1","fake","124","7","712","4.61","17.71","69","642","0","1","3","3","0","0.0","0.008065","4","0.032258","0.062937","0","47","3","50","0.070225","0","","0","0.0","","0","0.0","","0","0.0",""
"fake_1890","1890","1","fake","151","9","922","5.0","16.78","78","843","1","0","9","2","1","0.006623","0.0","0","0.0","0.018543","0","75","3","78","0.084599","0","","0","0.0","","0","0.0","","1","0.006623","mund të"
"fake_1891","1891","1","fake","402","18","2573","5.24","22.33","53","2519","0","0","27","0","0","0.0","0.0","0","0.0","0.034696","0","179","1","180","0.069957","0","","0","0.0","","2","0.004975","bëri të ditur, ministria","0","0.0",""
"fake_1892","1892","1","fake","236","12","1351","4.58","19.67","96","1254","1","0","17","0","2","0.004237","0.0","1","0.004237","0.040703","0","87","3","90","0.066617","0","","0","0.0","","1","0.004237","ministria","4","0.016949","thuhet, ndoshta, mund të"
"fake_1893","1893","1","fake","133","5","687","4.02","26.6","91","595","0","0","8","0","0","0.0","0.0","1","0.007519","0.043071","0","38","1","39","0.056769","0","","0","0.0","","0","0.0","","0","0.0",""
"fake_1894","1894","1","fake","162","7","1004","5.08","23.14","73","930","0","0","8","2","0","0.0","0.0","3","0.018519","0.034022","0","75","3","78","0.077689","0","","0","0.0","","0","0.0","","3","0.018519","mund të"
"fake_1895","1895","1","fake","267","18","1579","4.48","14.83","107","1471","0","2","17","0","0","0.0","0.007491","0","0.0","0.028428","0","111","2","113","0.071564","0","","0","0.0","","0","0.0","","1","0.003745","ndoshta"
"fake_1896","1896","1","fake","189","9","1093","4.65","21.0","80","1012","0","1","6","0","0","0.0","0.005291","1","0.005291","0.021615","0","83","3","86","0.078683","0","","1","0.005291","alarm","0","0.0","","2","0.010582","mendohet"
"fake_1897","1897","1","fake","191","8","1124","4.77","23.88","79","1044","0","4","10","0","2","0.0","0.020942","1","0.005236","0.041712","0","66","5","71","0.063167","0","","0","0.0","","0","0.0","","0","0.0",""
"fake_1898","1898","1","fake","100","6","524","4.04","16.67","134","389","2","1","6","5","7","0.02","0.01","2","0.02","0.054455","0","33","2","35","0.066794","0","","0","0.0","","0","0.0","","0","0.0",""
"fake_1899","1899","1","fake","167","10","992","4.78","16.7","50","941","0","1","7","4","0","0.0","0.005988","0","0.0","0.027604","0","92","1","93","0.09375","0","","0","0.0","","0","0.0","","0","0.0",""
"fake_1900","1900","1","fake","118","4","715","4.99","29.5","85","629","1","0","5","0","0","0.008475","0.0","1","0.008475","0.076792","0","47","0","47","0.065734","0","","0","0.0","","0","0.0","","0","0.0",""
"fake_1901","1901","1","fake","152","13","875","4.67","11.69","73","801","0","1","4","0","0","0.0","0.006579","0","0.0","0.026761","0","79","1","80","0.091429","0","","0","0.0","","0","0.0","","0","0.0",""
"fake_1902","1902","1","fake","151","7","889","4.75","21.57","68","820","0","0","6","0","1","0.0","0.0","0","0.0","0.019499","0","55","0","55","0.061867","0","","0","0.0","","3","0.019868","policia","0","0.0",""
"fake_1903","1903","1","fake","247","13","1398","4.54","19.0","103","1294","3","0","14","0","0","0.012146","0.0","85","0.34413","0.393208","0","114","2","116","0.082976","0","","1","0.004049","tronditëse","0","0.0","","1","0.004049","mund të"
"fake_1904","1904","1","fake","130","8","722","4.48","16.25","69","652","0","0","3","2","0","0.0","0.0","0","0.0","0.02916","0","54","1","55","0.076177","0","","0","0.0","","0","0.0","","0","0.0",""
"fake_1905","1905","1","fake","225","10","1358","4.81","22.5","64","1293","0","0","10","8","0","0.0","0.0","0","0.0","0.030499","0","115","1","116","0.08542","0","","0","0.0","","0","0.0","","2","0.008889","mund të"
"fake_1906","1906","1","fake","826","59","4922","4.81","14.0","79","4842","4","12","35","2","1","0.004843","0.014528","3","0.003632","0.037783","0","374","4","378","0.076798","0","","0","0.0","","3","0.003632","sipas","1","0.001211","mund të"
"fake_1907","1907","1","fake","95","4","550","4.72","23.75","47","502","0","0","7","1","0","0.0","0.0","0","0.0","0.026786","0","39","1","40","0.072727","0","","0","0.0","","0","0.0","","0","0.0",""
"fake_1908","1908","1","fake","157","7","876","4.45","22.43","79","796","0","0","10","6","1","0.0","0.0","0","0.0","0.040172","0","66","0","66","0.075342","0","","0","0.0","","0","0.0","","0","0.0",""
"fake_1909","1909","1","fake","127","6","677","4.26","21.17","64","612","0","0","3","2","0","0.0","0.0","0","0.0","0.027726","0","42","0","42","0.062038","0","","0","0.0","","0","0.0","","0","0.0",""
"fake_1910","1910","1","fake","914","35","5054","4.38","26.11","66","4987","12","1","43","14","4","0.013129","0.001094","1","0.001094","0.014978","0","401","6","407","0.08053","0","","0","0.0","","2","0.002188","sipas, policia","7","0.007659","mund të"
"fake_1911","1911","1","fake","146","5","824","4.6","29.2","67","756","0","0","5","2","0","0.0","0.0","0","0.0","0.017884","0","66","1","67","0.081311","0","","0","0.0","","0","0.0","","0","0.0",""
"fake_1912","1912","1","fake","206","16","1343","5.23","12.88","85","1257","0","0","12","0","0","0.0","0.0","3","0.014563","0.038033","0","81","0","81","0.060313","0","","0","0.0","","2","0.009709","sipas, raportoi","0","0.0",""
"fake_1913","1913","1","fake","130","4","670","4.12","32.5","59","610","0","0","3","2","0","0.0","0.0","0","0.0","0.020561","0","52","1","53","0.079104","0","","0","0.0","","1","0.007692","bëri të ditur","1","0.007692","mund të"
"fake_1914","1914","1","fake","143","6","784","4.35","23.83","103","680","0","0","7","0","0","0.0","0.0","0","0.0","0.030645","0","56","2","58","0.07398","0","","0","0.0","","0","0.0","","0","0.0",""
"fake_1915","1915","1","fake","90","6","548","5.02","15.0","63","484","0","0","4","2","0","0.0","0.0","0","0.0","0.022124","0","42","1","43","0.078467","0","","0","0.0","","0","0.0","","0","0.0",""
"fake_1916","1916","1","fake","84","3","467","4.52","28.0","81","385","0","0","3","0","1","0.0","0.0","0","0.0","0.021053","0","33","0","33","0.070664","0","","0","0.0","","0","0.0","","0","0.0",""
"fake_1917","1917","1","fake","370","20","2086","4.54","18.5","73","2012","2","0","16","0","0","0.005405","0.0","0","0.0","0.014294","0","184","4","188","0.090125","0","","0","0.0","","0","0.0","","0","0.0",""
"fake_1918","1918","1","fake","147","6","940","5.18","24.5","98","841","0","0","9","2","0","0.0","0.0","0","0.0","0.032852","0","65","0","65","0.069149","0","","0","0.0","","1","0.006803","sipas","0","0.0",""
"fake_1919","1919","1","fake","267","19","1612","4.81","14.05","107","1504","0","0","6","6","0","0.0","0.0","6","0.022472","0.050584","0","144","1","145","0.08995","0","","3","0.011236","bombë","1","0.003745","sipas","1","0.003745","mund të"
"fake_1920","1920","1","fake","332","22","1998","4.89","15.09","81","1916","1","0","11","0","0","0.003012","0.0","0","0.0","0.01601","0","158","5","163","0.081582","0","","0","0.0","","1","0.003012","sipas","4","0.012048","mund të"
"fake_1921","1921","1","fake","120","6","680","4.56","20.0","44","635","0","0","5","1","0","0.0","0.0","0","0.0","0.032907","0","51","1","52","0.076471","0","","0","0.0","","0","0.0","","0","0.0",""
"fake_1922","1922","1","fake","361","15","2004","4.45","24.07","68","1935","0","0","22","6","0","0.0","0.0","1","0.00277","0.034225","0","148","15","163","0.081337","0","","0","0.0","","2","0.00554","sipas","0","0.0",""
"fake_1923","1923","1","fake","129","5","670","4.11","25.8","86","583","0","0","5","2","0","0.0","0.0","0","0.0","0.045369","0","42","0","42","0.062687","0","","0","0.0","","0","0.0","","1","0.007752","mund të"
"fake_1924","1924","1","fake","255","12","1528","4.82","21.25","124","1403","0","0","0","16","0","0.0","0.0","7","0.027451","0.05533","0","90","2","92","0.060209","0","","0","0.0","","0","0.0","","0","0.0",""
"fake_1925","1925","1","fake","472","49","2913","5.09","9.63","124","2788","0","0","17","0","0","0.0","0.0","0","0.0","0.024126","0","208","5","213","0.07312","2","cfare, per","0","0.0","","0","0.0","","3","0.006356","mund të"
"fake_1926","1926","1","fake","56","5","313","4.36","11.2","75","237","0","0","0","0","0","0.0","0.0","0","0.0","0.069672","0","19","2","21","0.067093","0","","0","0.0","","0","0.0","","0","0.0",""
"fake_1927","1927","1","fake","174","5","947","4.29","34.8","88","858","0","0","6","10","0","0.0","0.0","0","0.0","0.032172","0","46","2","48","0.050686","1","per","0","0.0","","0","0.0","","0","0.0",""
"fake_1928","1928","1","fake","180","12","983","4.33","15.0","126","856","0","1","21","0","0","0.0","0.005556","0","0.0","0.017972","0","51","5","56","0.056968","0","","0","0.0","","0","0.0","","1","0.005556","mund të"
"fake_1929","1929","1","fake","149","7","822","4.34","21.29","87","734","0","0","6","2","0","0.0","0.0","0","0.0","0.020124","0","62","3","65","0.079075","0","","0","0.0","","0","0.0","","0","0.0",""
"fake_1930","1930","1","fake","331","20","1898","4.62","16.55","66","1831","0","0","13","0","0","0.0","0.0","4","0.012085","0.034031","0","182","3","185","0.097471","0","","0","0.0","","0","0.0","","0","0.0",""
"fake_1931","1931","1","fake","171","8","1100","5.26","21.38","76","1023","0","0","10","0","0","0.0","0.0","2","0.011696","0.030033","0","71","1","72","0.065455","0","","0","0.0","","0","0.0","","0","0.0",""
"fake_1932","1932","1","fake","2376","133","14066","4.74","17.86","77","13988","1","10","175","4","0","0.000421","0.004209","16","0.006734","0.021494","0","1148","23","1171","0.08325","0","","0","0.0","","0","0.0","","8","0.003367","mund të"
"fake_1933","1933","1","fake","77","4","459","4.87","19.25","53","405","0","0","4","0","0","0.0","0.0","0","0.0","0.021333","0","38","0","38","0.082789","0","","0","0.0","","0","0.0","","0","0.0",""
"fake_1934","1934","1","fake","262","14","1632","5.04","18.71","93","1538","0","0","13","0","0","0.0","0.0","79","0.301527","0.315909","0","127","0","127","0.077819","0","","0","0.0","","0","0.0","","2","0.007634","mund të"
"fake_1935","1935","1","fake","103","4","549","4.28","25.75","78","470","0","0","2","0","0","0.0","0.0","0","0.0","0.040816","0","39","0","39","0.071038","0","","0","0.0","","0","0.0","","0","0.0",""
"fake_1936","1936","1","fake","142","8","823","4.71","17.75","78","744","0","0","5","2","0","0.0","0.0","0","0.0","0.031437","0","55","2","57","0.069259","0","","0","0.0","","2","0.014085","policia","0","0.0",""
"fake_1937","1937","1","fake","502","25","2689","4.24","20.08","185","2503","1","1","30","10","0","0.001992","0.001992","0","0.0","0.015038","0","181","8","189","0.070286","0","","0","0.0","","0","0.0","","2","0.003984","ndoshta"
"fake_1938","1938","1","fake","353","16","2064","4.71","22.06","115","1948","0","0","23","2","0","0.0","0.0","0","0.0","0.024684","0","147","2","149","0.07219","0","","0","0.0","","2","0.005666","sipas","1","0.002833","mund të"
"fake_1939","1939","1","fake","146","7","827","4.59","20.86","83","743","0","0","7","2","0","0.0","0.0","0","0.0","0.041979","0","59","0","59","0.071342","0","","0","0.0","","0","0.0","","0","0.0",""
"fake_1940","1940","1","fake","249","13","1485","4.74","19.15","92","1392","0","0","16","2","0","0.0","0.0","0","0.0","0.020322","0","115","2","117","0.078788","0","","0","0.0","","1","0.004016","sipas","0","0.0",""
"fake_1941","1941","1","fake","280","9","1646","4.8","31.11","49","1596","0","0","10","6","0","0.0","0.0","0","0.0","0.036594","0","114","1","115","0.069866","0","","0","0.0","","1","0.003571","raporti","2","0.007143","mund të"
"fake_1942","1942","1","fake","336","17","2053","5.01","19.76","90","1962","0","0","13","6","0","0.0","0.0","1","0.002976","0.027365","0","141","8","149","0.072577","0","","0","0.0","","0","0.0","","5","0.014881","mund të"
"fake_1943","1943","1","fake","117","6","631","4.32","19.5","68","562","1","0","2","0","0","0.008547","0.0","0","0.0","0.031683","0","45","1","46","0.0729","2","kosove, per","0","0.0","","0","0.0","","0","0.0",""
"fake_1944","1944","1","fake","77","2","471","5.04","38.5","72","398","0","0","4","0","1","0.0","0.0","0","0.0","0.054124","0","29","3","32","0.067941","0","","0","0.0","","0","0.0","","0","0.0",""
"fake_1945","1945","1","fake","137","10","742","4.11","13.7","71","670","1","2","11","0","0","0.007299","0.014599","1","0.007299","0.044405","0","37","6","43","0.057951","0","","0","0.0","","1","0.007299","sipas","0","0.0",""
"fake_1946","1946","1","fake","145","11","853","4.76","13.18","43","809","5","0","8","0","1","0.034483","0.0","2","0.013793","0.068116","0","49","0","49","0.057444","0","","0","0.0","","0","0.0","","0","0.0",""
"fake_1947","1947","1","fake","146","5","824","4.55","29.2","74","749","1","0","5","2","0","0.006849","0.0","0","0.0","0.036199","0","50","0","50","0.06068","0","","0","0.0","","0","0.0","","0","0.0",""
"fake_1948","1948","1","fake","155","7","880","4.56","22.14","74","805","1","0","4","0","0","0.006452","0.0","2","0.012903","0.043847","0","68","0","68","0.077273","1","kosove","0","0.0","","0","0.0","","0","0.0",""
"fake_1949","1949","1","fake","124","6","652","4.19","20.67","91","560","1","0","4","0","1","0.008065","0.0","0","0.0","0.025","0","46","2","48","0.07362","0","","0","0.0","","0","0.0","","0","0.0",""
"fake_1950","1950","1","fake","275","18","1600","4.68","15.28","83","1516","5","1","23","0","0","0.018182","0.003636","0","0.0","0.020202","0","135","0","135","0.084375","0","","0","0.0","","0","0.0","","5","0.018182","thuhet, mund të, ka gjasa"
"fake_1951","1951","1","fake","189","10","1040","4.32","18.9","73","966","1","1","5","14","1","0.005291","0.005291","0","0.0","0.034272","0","90","1","91","0.0875","0","","0","0.0","","0","0.0","","0","0.0",""
"fake_1952","1952","1","fake","174","8","953","4.37","21.75","95","857","2","0","4","10","1","0.011494","0.0","1","0.005747","0.034166","0","55","2","57","0.059811","0","","0","0.0","","0","0.0","","2","0.011494","mund të"
"fake_1953","1953","1","fake","165","7","880","4.28","23.57","70","809","1","2","7","0","0","0.006061","0.012121","0","0.0","0.022631","0","67","4","71","0.080682","0","","0","0.0","","0","0.0","","0","0.0",""
"fake_1954","1954","1","fake","134","10","887","5.25","13.4","68","818","0","0","6","0","0","0.0","0.0","2","0.014925","0.052782","0","53","0","53","0.059752","0","","0","0.0","","1","0.007463","sipas","0","0.0",""
"fake_1955","1955","1","fake","100","5","584","4.79","20.0","83","500","1","0","3","0","1","0.01","0.0","0","0.0","0.031315","0","38","0","38","0.065068","0","","0","0.0","","0","0.0","","0","0.0",""
"fake_1956","1956","1","fake","126","6","764","4.76","21.0","80","683","1","2","12","2","1","0.007937","0.015873","1","0.007937","0.033333","0","41","0","41","0.053665","0","","0","0.0","","0","0.0","","0","0.0",""
"fake_1957","1957","1","fake","112","5","647","4.59","22.4","73","573","1","0","5","0","1","0.008929","0.0","5","0.044643","0.083984","0","42","0","42","0.064915","0","","0","0.0","","0","0.0","","0","0.0",""
"fake_1958","1958","1","fake","145","4","887","4.98","36.25","87","799","0","0","4","0","0","0.0","0.0","1","0.006897","0.015278","0","56","0","56","0.063134","0","","0","0.0","","1","0.006897","sipas","0","0.0",""
"fake_1959","1959","1","fake","114","3","639","4.57","38.0","80","558","0","0","3","0","0","0.0","0.0","0","0.0","0.013462","0","36","0","36","0.056338","0","","0","0.0","","0","0.0","","0","0.0",""
"fake_1960","1960","1","fake","117","10","667","4.6","11.7","69","597","0","2","2","4","0","0.0","0.017094","4","0.034188","0.061453","0","62","3","65","0.097451","1","eshte","0","0.0","","0","0.0","","3","0.025641","thuhet, mund të"
"fake_1961","1961","1","fake","150","7","848","4.59","21.43","83","764","1","0","3","3","0","0.006667","0.0","3","0.02","0.04209","0","47","0","47","0.055425","0","","0","0.0","","0","0.0","","0","0.0",""
"fake_1962","1962","1","fake","157","4","903","4.59","39.25","85","817","0","0","9","2","0","0.0","0.0","1","0.006369","0.030513","0","54","0","54","0.059801","0","","0","0.0","","0","0.0","","1","0.006369","mund të"
"fake_1963","1963","1","fake","94","6","539","4.61","15.67","47","491","1","0","3","0","0","0.010638","0.0","0","0.0","0.030023","0","20","0","20","0.037106","0","","0","0.0","","0","0.0","","0","0.0",""
"fake_1964","1964","1","fake","164","13","951","4.7","12.62","74","876","2","0","7","2","0","0.012195","0.0","0","0.0","0.012987","0","69","0","69","0.072555","0","","0","0.0","","0","0.0","","0","0.0",""
"fake_1965","1965","1","fake","132","6","755","4.65","22.0","65","689","1","1","5","0","0","0.007576","0.007576","3","0.022727","0.052202","0","54","1","55","0.072848","0","","0","0.0","","0","0.0","","0","0.0",""
"fake_1966","1966","1","fake","125","5","829","5.24","25.0","76","752","2","0","10","2","0","0.016","0.0","2","0.016","0.055046","0","43","1","44","0.053076","0","","0","0.0","","0","0.0","","1","0.008","thuhet"
"fake_1967","1967","1","fake","81","6","545","5.4","13.5","58","486","2","0","3","0","0","0.024691","0.0","3","0.037037","0.094253","0","32","0","32","0.058716","1","per","0","0.0","","1","0.012346","ministria","0","0.0",""
"fake_1968","1968","1","fake","134","7","764","4.63","19.14","86","677","1","0","10","0","0","0.007463","0.0","2","0.014925","0.076299","0","37","2","39","0.051047","0","","0","0.0","","0","0.0","","0","0.0",""
"fake_1969","1969","1","fake","78","5","467","4.86","15.6","47","419","1","0","7","0","1","0.012821","0.0","4","0.051282","0.111111","0","20","0","20","0.042827","0","","0","0.0","","0","0.0","","0","0.0",""
"fake_1970","1970","1","fake","98","7","526","4.27","14.0","80","445","0","0","6","4","0","0.0","0.0","2","0.020408","0.055024","0","29","1","30","0.057034","0","","0","0.0","","0","0.0","","0","0.0",""
"fake_1971","1971","1","fake","120","6","643","4.36","20.0","82","560","0","0","0","0","0","0.0","0.0","0","0.0","0.032505","0","26","1","27","0.041991","0","","0","0.0","","0","0.0","","0","0.0",""
"fake_1972","1972","1","fake","112","5","640","4.53","22.4","88","551","0","0","9","0","0","0.0","0.0","1","0.008929","0.031558","0","36","0","36","0.05625","0","","2","0.017857","nuk do ta besoni","0","0.0","","0","0.0",""
"fake_1973","1973","1","fake","135","3","866","5.29","45.0","95","770","0","0","7","2","0","0.0","0.0","2","0.014815","0.037868","0","53","0","53","0.061201","0","","0","0.0","","1","0.007407","sipas","0","0.0",""
"fake_1974","1974","1","fake","106","7","591","4.47","15.14","48","542","2","0","3","0","0","0.018868","0.0","0","0.0","0.029536","0","26","2","28","0.047377","2","eshte, nje","0","0.0","","1","0.009434","policia","0","0.0",""
"fake_1975","1975","1","fake","127","11","721","4.17","11.55","95","625","0","0","4","0","0","0.0","0.0","0","0.0","0.043396","0","31","7","38","0.052705","0","","0","0.0","","0","0.0","","0","0.0",""
"fake_1976","1976","1","fake","137","7","765","4.28","19.57","102","662","1","1","5","4","1","0.007299","0.007299","4","0.029197","0.070085","0","56","0","56","0.073203","0","","0","0.0","","1","0.007299","deklaroi","1","0.007299","ndoshta"
"fake_1977","1977","1","fake","138","9","774","4.46","15.33","73","700","1","0","9","4","1","0.007246","0.0","1","0.007246","0.061789","0","41","5","46","0.059432","0","","0","0.0","","0","0.0","","1","0.007246","ndoshta"
"fake_1978","1978","1","fake","126","7","680","4.31","18.0","76","603","1","2","1","0","0","0.007937","0.015873","2","0.015873","0.053407","0","47","0","47","0.069118","0","","0","0.0","","0","0.0","","0","0.0",""
"fake_1979","1979","1","fake","118","8","687","4.75","14.75","80","606","2","0","5","1","0","0.016949","0.0","1","0.008475","0.055357","0","37","1","38","0.055313","0","","0","0.0","","0","0.0","","3","0.025424","mund të"
"fake_1980","1980","1","fake","89","7","553","4.94","12.71","50","502","1","1","2","0","0","0.011236","0.011236","1","0.011236","0.054545","0","32","0","32","0.057866","0","","0","0.0","","0","0.0","","0","0.0",""
"fake_1981","1981","1","fake","100","4","600","4.85","25.0","79","520","2","1","3","0","0","0.02","0.01","4","0.04","0.08866","0","30","0","30","0.05","0","","0","0.0","","0","0.0","","1","0.01","mund të"
"fake_1982","1982","1","fake","106","5","653","5.0","21.2","61","591","3","0","3","2","0","0.028302","0.0","3","0.028302","0.066163","0","45","1","46","0.070444","1","per","0","0.0","","0","0.0","","0","0.0",""
"fake_1983","1983","1","fake","122","7","701","4.65","17.43","84","616","0","1","5","6","0","0.0","0.008197","0","0.0","0.030035","0","45","0","45","0.064194","0","","0","0.0","","0","0.0","","0","0.0",""
"fake_1984","1984","1","fake","125","4","661","4.04","31.25","65","595","1","0","3","1","1","0.008","0.0","3","0.024","0.063366","0","20","0","20","0.030257","1","nje","0","0.0","","0","0.0","","0","0.0",""
"fake_1985","1985","1","fake","130","7","727","4.39","18.57","47","679","3","0","2","6","0","0.023077","0.0","0","0.0","0.022767","0","54","3","57","0.078404","0","","0","0.0","","2","0.015385","sipas","0","0.0",""
"fake_1986","1986","1","fake","117","5","701","4.86","23.4","95","605","1","0","4","0","0","0.008547","0.0","2","0.017094","0.040422","0","48","0","48","0.068474","1","nje","0","0.0","","0","0.0","","0","0.0",""
"fake_1987","1987","1","fake","151","10","853","4.43","15.1","83","769","2","0","5","6","0","0.013245","0.0","0","0.0","0.029895","0","75","0","75","0.087925","0","","0","0.0","","0","0.0","","1","0.006623","mund të"
"fake_1988","1988","1","fake","79","4","471","4.91","19.75","70","400","1","0","2","0","1","0.012658","0.0","1","0.012658","0.046392","0","30","0","30","0.063694","1","kosove","0","0.0","","0","0.0","","0","0.0",""
"fake_1989","1989","1","fake","120","7","687","4.58","17.14","65","621","2","0","8","2","0","0.016667","0.0","5","0.041667","0.076503","0","41","0","41","0.05968","2","per, nje","0","0.0","","0","0.0","","1","0.008333","mund të"
"fake_1990","1990","1","fake","83","4","481","4.64","20.75","88","392","0","0","4","0","0","0.0","0.0","3","0.036145","0.117801","0","24","0","24","0.049896","1","kosove","0","0.0","","1","0.012048","bëri të ditur","0","0.0",""
"fake_1991","1991","1","fake","120","6","711","4.73","20.0","79","631","0","2","9","5","1","0.0","0.016667","1","0.008333","0.047619","0","43","0","43","0.060478","0","","0","0.0","","0","0.0","","0","0.0",""
"fake_1992","1992","1","fake","103","3","574","4.25","34.33","109","464","0","0","4","1","0","0.0","0.0","0","0.0","0.031963","0","37","0","37","0.06446","1","kosove","0","0.0","","0","0.0","","0","0.0",""
"fake_1993","1993","1","fake","88","3","499","4.58","29.33","74","424","1","0","2","2","0","0.011364","0.0","2","0.022727","0.054591","0","20","0","20","0.04008","0","","0","0.0","","0","0.0","","0","0.0",""
"fake_1994","1994","1","fake","88","6","529","4.9","14.67","68","460","1","0","3","2","1","0.011364","0.0","2","0.022727","0.064965","0","29","0","29","0.05482","0","","0","0.0","","1","0.011364","policia","0","0.0",""
"fake_1995","1995","1","fake","111","6","638","4.7","18.5","70","567","2","0","2","0","0","0.018018","0.0","2","0.018018","0.038314","0","38","0","38","0.059561","1","per","0","0.0","","0","0.0","","0","0.0",""
"fake_1996","1996","1","fake","98","5","560","4.61","19.6","61","498","2","0","7","2","0","0.020408","0.0","0","0.0","0.022124","0","33","0","33","0.058929","0","","0","0.0","","0","0.0","","0","0.0",""
"fake_1997","1997","1","fake","122","5","654","4.31","24.4","76","577","2","1","4","0","0","0.016393","0.008197","0","0.0","0.045627","0","35","5","40","0.061162","1","per","0","0.0","","0","0.0","","2","0.016393","mund të"
"fake_1998","1998","1","fake","108","5","633","4.81","21.6","82","550","2","0","3","0","1","0.018519","0.0","1","0.009259","0.05029","0","35","0","35","0.055292","0","","0","0.0","","0","0.0","","0","0.0",""
"fake_1999","1999","1","fake","69","3","381","4.42","23.0","57","323","2","0","4","2","2","0.028986","0.0","0","0.0","0.052459","0","10","2","12","0.031496","1","eshte","0","0.0","","0","0.0","","0","0.0",""
"fake_2000","2000","1","fake","110","4","651","4.81","27.5","68","582","2","0","3","0","1","0.018182","0.0","2","0.018182","0.039698","0","41","0","41","0.06298","1","per","0","0.0","","0","0.0","","0","0.0",""
