classifier,article_id,pair_id,label,label_name,title,word_count,length_group,score_type,decision_score_fake,binary_prediction,prediction_correct,error_type
logistic_regression,true_24,24,0,real,"Po, pajtohem me ambasadorin e ShBA-së",391,long_gt_250,log-odds nga decision_function,-2.7088738199927445,0,True,correct
logistic_regression,true_30,30,0,real,Zemaj: Testi për COVID-19 nuk u kërkohet qytetarëve që vijnë nga Shqipëria dhe Serbia,362,long_gt_250,log-odds nga decision_function,-2.701007963952436,0,True,correct
logistic_regression,true_31,31,0,real,Mjeku shqiptar: Mos u ndjeni të mbrojtur apo supermenë vetëm se keni maskë!,175,medium_121_250,log-odds nga decision_function,-0.9085671031164788,0,True,correct
logistic_regression,true_33,33,0,real,LVV në Tiranë kundër ndryshimeve kushtetuese: Deformojnë vullnetin e qytetarëve dhe sistemin zgjedhor,488,long_gt_250,log-odds nga decision_function,-2.25651890390854,0,True,correct
logistic_regression,true_45,45,0,real,BE demanton mediat serbe të cilat raportuan se Brukseli po i jep ultimatum Serbisë për Kosovën,213,medium_121_250,log-odds nga decision_function,-0.5009891886119744,0,True,correct
logistic_regression,true_46,46,0,real,"Reagon Mimoza Kusari për sulmin ndaj deputetit të VV-së: Kur ju iku marrja, ju iku edhe mendja e gënjejnë pa turp",118,short_61_120,log-odds nga decision_function,-0.40777400003568887,0,True,correct
logistic_regression,true_50,50,0,real,"Detyrim për test corone në Gjermani, por si funksionon ai?",775,long_gt_250,log-odds nga decision_function,-2.4481231951964553,0,True,correct
logistic_regression,true_57,57,0,real,"Hoti: Autobusët, taksitë dhe kombibusët do të punojnë me gjysmën e kapaciteteve",65,short_61_120,log-odds nga decision_function,-0.7794731202150829,0,True,correct
logistic_regression,true_60,60,0,real,33-vjeçarja e sëmurë u përdhunua nga fqinji/ Apeli prekës i vëllait,262,long_gt_250,log-odds nga decision_function,-1.28987892616845,0,True,correct
logistic_regression,true_64,64,0,real,"Thaçi viziton familjen e Murat dhe Enver Halitit, ndan urdhërin “Hero i Kosovës”",148,medium_121_250,log-odds nga decision_function,-0.0659313948345921,0,True,correct
logistic_regression,true_66,66,0,real,Gjiganti turk bën gati ofertën zyrtare për djaloshin e Kosovës,209,medium_121_250,log-odds nga decision_function,-2.0207757019505888,0,True,correct
logistic_regression,true_68,68,0,real,Zemaj e konfirmon: Qytetarëve të Shqipërisë që hyjnë në Kosovë nuk u kërkohet testi Covid-19,190,medium_121_250,log-odds nga decision_function,-1.8153226899642874,0,True,correct
logistic_regression,true_70,70,0,real,"Nis Haxhi, BIK ka një njoftim për besimtarët myslimanë",199,medium_121_250,log-odds nga decision_function,-1.4930317249611387,0,True,correct
logistic_regression,true_71,71,0,real,"Çfarë kërkuan serbet në Rambuje, e çfarë po kërkon sot Serbia nga Kosova",245,medium_121_250,log-odds nga decision_function,-0.7393225748150758,0,True,correct
logistic_regression,true_77,77,0,real,Qeveria po na e bëjka varrimin kur të vdesim nga COVID-19...,127,medium_121_250,log-odds nga decision_function,-0.988662550819319,0,True,correct
logistic_regression,true_79,79,0,real,Mësoni kush është bashkëshortja e Driton Selmanajt,171,medium_121_250,log-odds nga decision_function,-0.06501482796283375,0,True,correct
logistic_regression,true_100,100,0,real,Parashikon Albulena Haxhiu: Shpejt shihemi në zgjedhje të jashtëzakonshme,258,long_gt_250,log-odds nga decision_function,-1.6483450409268474,0,True,correct
logistic_regression,true_101,101,0,real,"Gjurmimi i COVID-19, cilat vende po e përjetojnë valën e dytë?",597,long_gt_250,log-odds nga decision_function,-2.4902750698553415,0,True,correct
logistic_regression,true_110,110,0,real,"Arbana Xharra: Erdogan ndërton xhami te ne, kurse në Serbi çon biznesmenë",270,long_gt_250,log-odds nga decision_function,-0.8824955030208581,0,True,correct
logistic_regression,true_112,112,0,real,"Masat kundër pandemisë, qeveria merr vendim edhe për çerdhet",74,short_61_120,log-odds nga decision_function,-1.5922206143312507,0,True,correct
logistic_regression,true_116,116,0,real,Shtyhet gjykimi ndaj të akuzuarve për vrasjen e rojës së lokalit “Bon Vivant”,1192,long_gt_250,log-odds nga decision_function,-3.817300681529389,0,True,correct
logistic_regression,true_121,121,0,real,"Makiqi: Zotëri Hashani, kjo që e ke shkruar është rrena më e madhe! Qysh ki fytyrë...",973,long_gt_250,log-odds nga decision_function,-2.2239339373741567,0,True,correct
logistic_regression,true_124,124,0,real,Ja vendimet e fundit nga Qeveria e Kosovës për aktivitetet kulturore e sportive,101,short_61_120,log-odds nga decision_function,-1.2573240415788198,0,True,correct
logistic_regression,true_125,125,0,real,"Më në fund, Isa Mustafa e “pranoi” se e prishi koalicionin me VV-në",293,long_gt_250,log-odds nga decision_function,-0.6990587317403703,0,True,correct
logistic_regression,true_129,129,0,real,"Burri pranon vrasjen e gruas gjatë pushimeve në Francë, para se të merrte avionin për t’u kthyer",365,long_gt_250,log-odds nga decision_function,-1.9789169061143743,0,True,correct
logistic_regression,true_136,136,0,real,“Rrethohet Kuvendi i Kosovës - rrahën e shkallmohen në dajak - Deputetët e VV-së!?”,165,medium_121_250,log-odds nga decision_function,-1.656351215751793,0,True,correct
logistic_regression,true_163,163,0,real,Kujtim Shala polemizon me Meliza Haradinajn,179,medium_121_250,log-odds nga decision_function,-1.31334063151777,0,True,correct
logistic_regression,true_164,164,0,real,Flet zëvendëskryemistrja: Nuk do të ketë vendim që obligon qytetarët të vetizolohen pas kthimit nga Shqipëria,393,long_gt_250,log-odds nga decision_function,-2.041324746364734,0,True,correct
logistic_regression,true_169,169,0,real,Deputetja Albena Reshitaj tregon se është shëruar nga koronavirusi,231,medium_121_250,log-odds nga decision_function,-1.64610654487518,0,True,correct
logistic_regression,true_174,174,0,real,"Hashani: Aziz Makiqi, ku keni qenë ju gjatë okupimit?",181,medium_121_250,log-odds nga decision_function,-0.9878132715352212,0,True,correct
logistic_regression,true_176,176,0,real,"Ministri Reçica viziton OVL-në, të lejohet përfitimi i pensioneve",224,medium_121_250,log-odds nga decision_function,-1.6712820465736111,0,True,correct
logistic_regression,true_186,186,0,real,Aziz Makiqi: Disa njerëz në FHK kanë bërë çmos të mos na lejojnë t’i afrohemi Federatës,1091,long_gt_250,log-odds nga decision_function,-3.01422682216596,0,True,correct
logistic_regression,true_189,189,0,real,Novosti: Tri vende janë të gatshme të rishqyrtojnë vendimin për njohjen e Kosovës,183,medium_121_250,log-odds nga decision_function,-1.7040762691487352,0,True,correct
logistic_regression,true_195,195,0,real,Ky është deputeti i radhës nga Vetëvendosje i infektuar me COVID-19,97,short_61_120,log-odds nga decision_function,-1.001869003553063,0,True,correct
logistic_regression,true_197,197,0,real,Kryetari i Prizrenit “ashpërsohet” me masat e Qeverisë,211,medium_121_250,log-odds nga decision_function,-2.381147456221674,0,True,correct
logistic_regression,true_204,204,0,real,"A do të falet Kurban Bajrami në xhami? – Zemaj: Tubimet në masë, nga dita e nesërme do të ndalohen",197,medium_121_250,log-odds nga decision_function,-1.392311193700203,0,True,correct
logistic_regression,true_211,211,0,real,Google merr vendimin e papritur për punonjësit e vet,158,medium_121_250,log-odds nga decision_function,-0.2956497966134142,0,True,correct
logistic_regression,true_212,212,0,real,"I moshuari nga Ferizaj akuzon shumë rëndë Thaçin dhe Veselin, kërkon të hiqet fotografia e tyre",118,short_61_120,log-odds nga decision_function,0.5184342932345671,1,False,false_positive
logistic_regression,true_213,213,0,real,"Tetë të vdekur e numër rekord rastesh të reja me COVID-19, vjen alarmi i zyrtarit të LDK-së: Gjendja është shumë serioze",212,medium_121_250,log-odds nga decision_function,-1.8924040632310082,0,True,correct
logistic_regression,true_219,219,0,real,"Policia ndalon ngjarjen, boksieri shqiptar nuk kursehet: Kush ma paguan...",429,long_gt_250,log-odds nga decision_function,-2.3382730740338253,0,True,correct
logistic_regression,true_221,221,0,real,"Emocionuese, mërgimtari takohet me prindërit pas pesë vitesh",151,medium_121_250,log-odds nga decision_function,0.4357833006933878,1,False,false_positive
logistic_regression,true_232,232,0,real,Këshilltari i Bidenit e vlerëson lart Thaçin,170,medium_121_250,log-odds nga decision_function,-0.20453110325224166,0,True,correct
logistic_regression,true_234,234,0,real,"“Oj e shkretë”, kështu Vjosa Osmani i përgjigjet Avdullah Hotit",177,medium_121_250,log-odds nga decision_function,-0.24579333447553253,0,True,correct
logistic_regression,true_238,238,0,real,Mehmeti: Hotin askush nuk e merr për seriozisht,236,medium_121_250,log-odds nga decision_function,-1.6173809135733122,0,True,correct
logistic_regression,true_240,240,0,real,Raporti evropian: Si e kapën shqiptarët tregun e drogës ne Evropë me çmime të ulëta dhe cilësi të lartë,1495,long_gt_250,log-odds nga decision_function,-2.6919646483805266,0,True,correct
logistic_regression,true_248,248,0,real,"Cubat e maleve, s'ka kush i bën bashkë?!",624,long_gt_250,log-odds nga decision_function,-0.38030426026878117,0,True,correct
logistic_regression,true_252,252,0,real,"Flet Jakup Krasniqi pasi rezultoi pozitiv me Covid-19, tregon për gjendjen",108,short_61_120,log-odds nga decision_function,-0.9767112351208718,0,True,correct
logistic_regression,true_255,255,0,real,"Haradinaj: Nuk e di çfarë ka ndodhur në takimin Hoti-Vuçiq, por nuk besoj se Hoti bëri ndonjë tradhti",253,long_gt_250,log-odds nga decision_function,-0.600445396935134,0,True,correct
logistic_regression,true_257,257,0,real,Si u bë feja islame kaq e ‘gjallë’ dhe atraktive!,990,long_gt_250,log-odds nga decision_function,-2.3324358538106535,0,True,correct
logistic_regression,true_262,262,0,real,Caktohet një muaj paraburgim për 40-vjeçarin që ia preu kokën babait me sëpatë në Fushë Kosovë,171,medium_121_250,log-odds nga decision_function,-1.4894705340718006,0,True,correct
logistic_regression,true_267,267,0,real,Driton Selmanaj jep lajmin e fundit për kompleksin memorial “Adem Jashari”,153,medium_121_250,log-odds nga decision_function,-0.9284600272774581,0,True,correct
logistic_regression,true_271,271,0,real,"BE ende pa vendim për rihapjen e kufijve, amerikanët pritet të përjashtohen",480,long_gt_250,log-odds nga decision_function,-2.344830628055644,0,True,correct
logistic_regression,true_276,276,0,real,“Gazeta “Bota sot” shkatërron të këqijtë dhe përkrahë vlerat e përjetshme kombëtare”,223,medium_121_250,log-odds nga decision_function,-0.9724636688951669,0,True,correct
logistic_regression,true_282,282,0,real,"Zogaj: “Bota sot”, zëdhënëse e shqiptarëve për liri",797,long_gt_250,log-odds nga decision_function,-3.220435357955025,0,True,correct
logistic_regression,true_290,290,0,real,"Përdhunime, aborte… Detaje tronditëse, çfarë ndodh me gratë në burgjet e Koresë së Veriut",249,medium_121_250,log-odds nga decision_function,-1.7897037473870647,0,True,correct
logistic_regression,true_298,298,0,real,Pse këto salca janë më të famshmet në botë?,342,long_gt_250,log-odds nga decision_function,-2.220986581510207,0,True,correct
logistic_regression,true_299,299,0,real,"“Kini mëshirë, dua të takoj fëmijët” Thirrja e të moshuarës shqiptare nga kampi sirian",191,medium_121_250,log-odds nga decision_function,-0.7861844804510929,0,True,correct
logistic_regression,true_301,301,0,real,Zvicra nuk e përjashton testimin e detyrueshëm në aeroporte,433,long_gt_250,log-odds nga decision_function,-1.3983249640415585,0,True,correct
logistic_regression,true_304,304,0,real,Llapi angazhon trajner nga Afrika e Jugut,324,long_gt_250,log-odds nga decision_function,-1.7277239704877643,0,True,correct
logistic_regression,true_306,306,0,real,"Pavarësisht masave kundër COVID-19, xhamitë mbeten të hapura, të premten falet namazi i Kurban Bajramit",282,long_gt_250,log-odds nga decision_function,-1.333768507909004,0,True,correct
logistic_regression,true_307,307,0,real,"Shkuan t’i prangosin, por komisionerët kishin vdekur! Kreu i SPAK: Nuk ishin ç’regjistruar, hetimi ishte sekret",341,long_gt_250,log-odds nga decision_function,-1.7952652173140684,0,True,correct
logistic_regression,true_308,308,0,real,"Pesë muaj pasi u dogj në veturë, presidenti Thaçi e shpall hero Qerim Kelmendin",201,medium_121_250,log-odds nga decision_function,-0.29765442186355373,0,True,correct
logistic_regression,true_317,317,0,real,Bastoret parashikojnë fituesin e Kupës së Kosovës,336,long_gt_250,log-odds nga decision_function,-2.290926316554059,0,True,correct
logistic_regression,true_323,323,0,real,Lautaro Martinez shënon gol të çmendur kundër Napolit,65,short_61_120,log-odds nga decision_function,0.15812851814209972,1,False,false_positive
logistic_regression,true_325,325,0,real,Ekskluzive: Flet protagonistja e videos virale “O shac”,293,long_gt_250,log-odds nga decision_function,-0.343222745422314,0,True,correct
logistic_regression,true_332,332,0,real,"Goditje e rëndë për Arsenalin, Shkodran Mustafi mungon deri në tetor",163,medium_121_250,log-odds nga decision_function,-1.093228919380053,0,True,correct
logistic_regression,true_343,343,0,real,"“Përplasje fizike LDK-VV në Kuvend”, Gashi mohon të ketë pasur incident",104,short_61_120,log-odds nga decision_function,-1.4801431540017982,0,True,correct
logistic_regression,true_345,345,0,real,"Fieraku lind me 6 gishta e probleme mendore, prindërit shpërthejnë në lot: Na dhunon, mos të ishin komshinjtë, sot do kishim 2 varre!",765,long_gt_250,log-odds nga decision_function,-1.4564771008957542,0,True,correct
logistic_regression,true_351,351,0,real,Lë punën shitësi që nuk bëri asnjë ditë pushim për 38 vite radhazi,200,medium_121_250,log-odds nga decision_function,-0.4700323304881928,0,True,correct
logistic_regression,true_352,352,0,real,"‘Do vriste katër persona’, policia aksion për kapjen e një të dënuari, në kërkim prej 5 vitesh. Ja ku u gjet",202,medium_121_250,log-odds nga decision_function,-2.003471608209761,0,True,correct
logistic_regression,true_353,353,0,real,"Valbon Krasniqi: Jemi keq, i lus qytetarët të jenë të kujdesshëm",450,long_gt_250,log-odds nga decision_function,-2.669182719030025,0,True,correct
logistic_regression,true_354,354,0,real,Aksident i rëndë në Prizren: Çiklisti goditet nga një veturë e cila e hedh disa metra larg,158,medium_121_250,log-odds nga decision_function,-0.6078945347194924,0,True,correct
logistic_regression,true_355,355,0,real,"Andy Ruiz reklamon transformimin, para kthimit në ring",162,medium_121_250,log-odds nga decision_function,-0.5783461504297425,0,True,correct
logistic_regression,true_362,362,0,real,Protestojnë artistët: Askush nuk mund ta rishkruajë Historinë e Kosovës,184,medium_121_250,log-odds nga decision_function,-0.5248177456102712,0,True,correct
logistic_regression,true_367,367,0,real,“100 € për shërbim ekstra” Si i zbuloi agjenti i infiltruar 3 qendra estetike prostitucioni,652,long_gt_250,log-odds nga decision_function,-1.774929302054545,0,True,correct
logistic_regression,true_368,368,0,real,"“Gjuhen” me fjalë, Rina Balaj e Erza Jusaj",252,long_gt_250,log-odds nga decision_function,-1.8059016675953108,0,True,correct
logistic_regression,true_369,369,0,real,Haziri i ashpërson kritikat ndaj Hotit: Nuk jam kryetar për të numëruar të vdekurit nga Covid-19,266,long_gt_250,log-odds nga decision_function,-2.2843796817531254,0,True,correct
logistic_regression,true_375,375,0,real,"Nga abstenimi i Xhafës tek ‘mungesa’ e Elisës, si u votua për shkarkimin e Metës",198,medium_121_250,log-odds nga decision_function,-0.44770663531773436,0,True,correct
logistic_regression,true_383,383,0,real,"Gjermania vendi më i pëlqyer në botë, lë pas SHBA, Kinën dhe Rusinë",230,medium_121_250,log-odds nga decision_function,-1.183908129450981,0,True,correct
logistic_regression,true_384,384,0,real,"Edi Rama ia uron Lorik Canës ditëlindjen, paralajmëron bashkim kombëtar",451,long_gt_250,log-odds nga decision_function,-1.935640165471699,0,True,correct
logistic_regression,true_394,394,0,real,Gjermania refuzon propozimin e Trumpit për lejimin e kthimit të Rusisë në Grupin G7,247,medium_121_250,log-odds nga decision_function,-0.5793983967928631,0,True,correct
logistic_regression,true_395,395,0,real,"Njihuni me fshatin ku paraja dhe pushteti nuk kanë vlerë, çdo gjë falas",272,long_gt_250,log-odds nga decision_function,-1.6517226126492945,0,True,correct
logistic_regression,true_412,412,0,real,"Ischinger lobon për heqjen e vizave, von Cramon i reagon: Mos harro t’ua thash këtë Macronit dhe Rutte’s",170,medium_121_250,log-odds nga decision_function,0.44174507807213126,1,False,false_positive
logistic_regression,true_415,415,0,real,Takimi Vuçiq – Vahrleyi u zhvillua në zyrat e misionit serb – aty ishte libri që ka në titull fjalët “Kosova dhe Metohia”,165,medium_121_250,log-odds nga decision_function,-1.0392682681441296,0,True,correct
logistic_regression,true_417,417,0,real,"Vdesin 2 persona nga covid19 në Shqipëri, shkon në 53 numri i qytetarëve që kanë humbur jetën",87,short_61_120,log-odds nga decision_function,-1.2143384955506964,0,True,correct
logistic_regression,true_423,423,0,real,Kryeprokurori: Ende s’dihet nëse Agon Musliu bëri vetëvrasje apo dikush e shtyri në vrasje,424,long_gt_250,log-odds nga decision_function,-2.85823273029552,0,True,correct
logistic_regression,true_428,428,0,real,Grenell lajmërohet për takimin në Washington: Kosova dhe Serbia duhet ta shfrytëzojnë këtë mundësi,205,medium_121_250,log-odds nga decision_function,-0.7969147180465146,0,True,correct
logistic_regression,true_430,430,0,real,"Labi: 87 vjeçares nga Istogu që mbeti e vetme 30 vjet më parë, pension 200 euro që prej sot",398,long_gt_250,log-odds nga decision_function,-1.6236640446325212,0,True,correct
logistic_regression,true_433,433,0,real,Kek super i butë – Shije e lehtë fantastike,449,long_gt_250,log-odds nga decision_function,-0.8982066369058239,0,True,correct
logistic_regression,true_434,434,0,real,​FSSHK kërkon në kuadër të rishikimit të buxhetit të aprovohet edhe shtesa në paga,192,medium_121_250,log-odds nga decision_function,-1.5867705874977565,0,True,correct
logistic_regression,true_439,439,0,real,"Dikur jetoi në shpellë, sot është një nga liderët më të fuqishëm në botë",1196,long_gt_250,log-odds nga decision_function,-3.1661607900220483,0,True,correct
logistic_regression,true_451,451,0,real,"Kaq të rinjë prindërit e Taynes, sikur t’i kishte vëlla e motër",139,medium_121_250,log-odds nga decision_function,-1.1476140098736998,0,True,correct
logistic_regression,true_454,454,0,real,Disa arsye se përse nuk duhet të flini përmbys,210,medium_121_250,log-odds nga decision_function,-0.9509302152384034,0,True,correct
logistic_regression,true_463,463,0,real,"Gjyste Vulaj sfidon moshën, me foton e fundit la edhe njëherë nën hije vajzat e reja",113,short_61_120,log-odds nga decision_function,-0.6550193291050268,0,True,correct
logistic_regression,true_465,465,0,real,Zgjerimi i familjes? Milot Rashica flet për planet,70,short_61_120,log-odds nga decision_function,0.36051594599740433,1,False,false_positive
logistic_regression,true_472,472,0,real,"Elsa, vajza e Safetes jo veç këngëtare, ky është profesioni tjetër i saj",118,short_61_120,log-odds nga decision_function,-1.1787468266581695,0,True,correct
logistic_regression,true_479,479,0,real,Mustafa i reagon VV-së: Akademik Kujtim Shala me dije…,168,medium_121_250,log-odds nga decision_function,-1.229031353943358,0,True,correct
logistic_regression,true_480,480,0,real,Sa palë syza ka Leonora Jakupi,106,short_61_120,log-odds nga decision_function,-0.5254016146368519,0,True,correct
logistic_regression,true_481,481,0,real,Vjollca Haxhiu realizon foto të bukur në Dubai,77,short_61_120,log-odds nga decision_function,-0.2240556733760697,0,True,correct
logistic_regression,true_483,483,0,real,Ky burrë e ha specin më të djegës në botë pa pirë asgjë,133,medium_121_250,log-odds nga decision_function,-0.6992884560478074,0,True,correct
logistic_regression,true_486,486,0,real,Miss Valentina shfaqet superseksi me të zeza,62,short_61_120,log-odds nga decision_function,-0.2605107964522826,0,True,correct
logistic_regression,true_495,495,0,real,"‘Eh moj Sara Hoxha mbas 5 vitesh, kur ta kapësh duke të të tradhtuar këtë laper’",238,medium_121_250,log-odds nga decision_function,-0.7032342082194527,0,True,correct
logistic_regression,true_496,496,0,real,Në këto komuna janë konfirmuar 276 rastet e reja me koronavirus,113,short_61_120,log-odds nga decision_function,-1.6333494700133684,0,True,correct
logistic_regression,true_508,508,0,real,Trajneri i njohur shqiptar ndërron jetë shkaku i Koronavirusit,128,medium_121_250,log-odds nga decision_function,-0.4675820905061887,0,True,correct
logistic_regression,true_515,515,0,real,"Është 53 vjeç, por në këtë foto Eli Fara duket si një vajzë e re",102,short_61_120,log-odds nga decision_function,-1.2993909037851343,0,True,correct
logistic_regression,true_520,520,0,real,Cilat janë simptomat që tregojnë nëse e keni kaluar koronavirusin,272,long_gt_250,log-odds nga decision_function,-0.097880858573137,0,True,correct
logistic_regression,true_527,527,0,real,Sa shumë kanë ndryshuar aktorët e serialit “Kloni”,134,medium_121_250,log-odds nga decision_function,-0.9274091437794534,0,True,correct
logistic_regression,true_528,528,0,real,"Një yll si Oriola Marashi, ndriçon edhe në mbrëmje",110,short_61_120,log-odds nga decision_function,-1.5216577911213751,0,True,correct
logistic_regression,true_530,530,0,real,Morena ‘rrëzohet’ në rrafsh,63,short_61_120,log-odds nga decision_function,0.20181028925182076,1,False,false_positive
logistic_regression,true_531,531,0,real,"Ndërron jetë edhe një person i infektuar me Covid-19, nga Peja",57,very_short_le_60,log-odds nga decision_function,-0.8310328382308596,0,True,correct
logistic_regression,true_535,535,0,real,Loredana: Zemër ty a të ka marrë malli?,154,medium_121_250,log-odds nga decision_function,-1.3638882211123204,0,True,correct
logistic_regression,true_536,536,0,real,Arta Bajrami me çizme të gjata në pikë të verës,87,short_61_120,log-odds nga decision_function,-0.4828274544339093,0,True,correct
logistic_regression,true_539,539,0,real,"Bukë me vaj, djathë e domate, pushuesi ndan fotot modeste nga Spilleja: Kaq kemi mundësi…",166,medium_121_250,log-odds nga decision_function,0.3438250906859186,1,False,false_positive
logistic_regression,true_544,544,0,real,"Besojeni ose jo, kjo ndërtesë nuk u shemb as me 300 kilogram tritol",72,short_61_120,log-odds nga decision_function,-0.253057209014693,0,True,correct
logistic_regression,true_545,545,0,real,Zyrtarja e huaj: Gratë mund të mbesin shtatzëna nëse notojnë bashkë me burrat,203,medium_121_250,log-odds nga decision_function,-0.5043449195001457,0,True,correct
logistic_regression,true_553,553,0,real,MIloti e xhiron Edonën prapa kamerave,86,short_61_120,log-odds nga decision_function,-1.3360778508708278,0,True,correct
logistic_regression,true_555,555,0,real,Atletes i ndodh e papritura gjatë ushtrimeve në palestër,88,short_61_120,log-odds nga decision_function,-0.36356821118732574,0,True,correct
logistic_regression,true_556,556,0,real,"Vila e Esat pashë Toptanit, në fshatin Reth të Durrësit",283,long_gt_250,log-odds nga decision_function,-1.9782018568470778,0,True,correct
logistic_regression,true_571,571,0,real,Kështu e zuri babai i saj Shyhreten me të dashurin,212,medium_121_250,log-odds nga decision_function,-1.0469521960855952,0,True,correct
logistic_regression,true_573,573,0,real,"Thënie të Ibrahim Rugovës: Kokën mund të ma ndërrojnë, por mendimin kurrë!",461,long_gt_250,log-odds nga decision_function,-2.2128102388622892,0,True,correct
logistic_regression,true_580,580,0,real,"Dua Lipa lanson këngën e re, Tokyo e ‘Casa de Papel’ shkëlqen në videoklip",129,medium_121_250,log-odds nga decision_function,-0.8586411328684671,0,True,correct
logistic_regression,true_582,582,0,real,"Sërish viza gjermane për ata me kontratë pune, por edhe pengesa",1095,long_gt_250,log-odds nga decision_function,-2.0014580274194715,0,True,correct
logistic_regression,true_583,583,0,real,Covid-19 u merr jetën dy mjekëve kosovarë,241,medium_121_250,log-odds nga decision_function,-1.327814119078871,0,True,correct
logistic_regression,true_584,584,0,real,Adelina e tepron me fustanin e shkurtër,76,short_61_120,log-odds nga decision_function,-1.3233370783227782,0,True,correct
logistic_regression,true_585,585,0,real,"Sejdiu i gatshëm të kandidojë për president, nëse dorëhiqet Thaçi",152,medium_121_250,log-odds nga decision_function,0.3172685740870105,1,False,false_positive
logistic_regression,true_586,586,0,real,Menjëherë fshijeni nësë ju vjen ky mesazh në telefon,206,medium_121_250,log-odds nga decision_function,0.2641735837077488,1,False,false_positive
logistic_regression,true_592,592,0,real,"Kejvina bombastike, merr gjithë vëmendjen me paraqitjen e fundit!",90,short_61_120,log-odds nga decision_function,0.07984002617092223,1,False,false_positive
logistic_regression,true_600,600,0,real,Gjashtë simptomat të lehta të Coronavirust që duhet t’i dini,1467,long_gt_250,log-odds nga decision_function,-2.686942908380918,0,True,correct
logistic_regression,true_603,603,0,real,Krasniqi: Sot i kemi sjell para falimentimit të gjithë gastronomët e Kosovës,401,long_gt_250,log-odds nga decision_function,-2.3004141118922075,0,True,correct
logistic_regression,true_608,608,0,real,Pse duhet të konsumoni limon çdo ditë?,170,medium_121_250,log-odds nga decision_function,-0.6297508434709769,0,True,correct
logistic_regression,true_611,611,0,real,"E pabesueshme, por ky do jetë çmimi i vaksinës për trajtimin e Covid 19",187,medium_121_250,log-odds nga decision_function,-0.6779702238837968,0,True,correct
logistic_regression,true_612,612,0,real,A do të zgjatet leja për punëtorët nga Kosova në Gjermani?,163,medium_121_250,log-odds nga decision_function,-1.1570669590044826,0,True,correct
logistic_regression,true_614,614,0,real,Vjen edhe reagimi i Leonora Jakupit për ndërtimin e xhamisë në Prishtinë,75,short_61_120,log-odds nga decision_function,-1.3024215516566147,0,True,correct
logistic_regression,true_618,618,0,real,Haradinaj “godet” Hotin: Pse nuk e pyete edhe ti Vuçiqin a din shqip?,244,medium_121_250,log-odds nga decision_function,-0.26843454181507553,0,True,correct
logistic_regression,true_619,619,0,real,"Haradinaj paralajmëron prishjen e koalicionit, i pakënaqur me Kryeministrin Hoti",167,medium_121_250,log-odds nga decision_function,-0.31045223484699,0,True,correct
logistic_regression,true_621,621,0,real,Isa Mustafa shërohet nga koronavirusi,140,medium_121_250,log-odds nga decision_function,0.14929767282657713,1,False,false_positive
logistic_regression,true_629,629,0,real,Tetë anesteziologë të QKUK-së infektohen me koronavirus,436,long_gt_250,log-odds nga decision_function,-2.6812495749614973,0,True,correct
logistic_regression,true_631,631,0,real,4 mënyra natyrale si të largoni rrudhat nga fytyra,476,long_gt_250,log-odds nga decision_function,-0.192103149762626,0,True,correct
logistic_regression,true_638,638,0,real,Vjen një lajm i mirë për veteranët e UÇK-së,132,medium_121_250,log-odds nga decision_function,-1.4216906848549649,0,True,correct
logistic_regression,true_652,652,0,real,Adea Pules i del kuki prej vendit,93,short_61_120,log-odds nga decision_function,-1.0490652769935436,0,True,correct
logistic_regression,true_655,655,0,real,"Nëse i fsheh paratë në këto 8 vende, zëre se nuk i ke fare!",277,long_gt_250,log-odds nga decision_function,-0.42091953410699223,0,True,correct
logistic_regression,true_671,671,0,real,Kosova hiqet nga harta – Dua Lipa nënshkruan peticionin,100,short_61_120,log-odds nga decision_function,-0.9437603376140136,0,True,correct
logistic_regression,true_675,675,0,real,A është Fifi në lidhje? Përgjigjet këngëtarja,55,very_short_le_60,log-odds nga decision_function,-0.3247722528254886,0,True,correct
logistic_regression,true_679,679,0,real,"Duke punuar kopshtin, çifti gjen kasafortën me mijëra dollarë e stoli ari",146,medium_121_250,log-odds nga decision_function,-0.07421342454607815,0,True,correct
logistic_regression,true_680,680,0,real,Fitore Pacolli: Shpallja e gjendjes së jashtëzakonshme siç po ka dëshirë qeveria Hoti nuk është zgjidhje,394,long_gt_250,log-odds nga decision_function,-1.9770616314407843,0,True,correct
logistic_regression,true_694,694,0,real,Nora Istrefi më në fund merr një vendim në lidhje me Robertin,117,short_61_120,log-odds nga decision_function,-0.22216773204871698,0,True,correct
logistic_regression,true_702,702,0,real,Turku ia mbush dhomën me dhurata të shtrenjta Gentës,113,short_61_120,log-odds nga decision_function,-0.7382147708803133,0,True,correct
logistic_regression,true_713,713,0,real,Shkencëtaret kinez: Covid-19 u shfaq për herë të parë në Spanjë,234,medium_121_250,log-odds nga decision_function,-1.4695829321714722,0,True,correct
logistic_regression,true_721,721,0,real,Genci ia dedikon këto fjalë të bukura Enit me rastin e ditëlindjes,198,medium_121_250,log-odds nga decision_function,-1.573443129989246,0,True,correct
logistic_regression,true_731,731,0,real,Kështu dukej Egzona para se të dashurohej me Albatritin,101,short_61_120,log-odds nga decision_function,-1.0212175183799783,0,True,correct
logistic_regression,true_744,744,0,real,Vajza e ish-kryeministrit Bajram Rexhepi nuk lejohet nga e ëma t’i hyjë politikës,229,medium_121_250,log-odds nga decision_function,-0.9050711498614754,0,True,correct
logistic_regression,true_745,745,0,real,Me këtë fustan del në park Qëndresa e Labit,89,short_61_120,log-odds nga decision_function,-0.0844619708233163,0,True,correct
logistic_regression,true_747,747,0,real,Endrit Thaçi reagon pasi Gjykata Speciale ngriti aktakuzë ndaj babait të tij,92,short_61_120,log-odds nga decision_function,0.013504722023639726,1,False,false_positive
logistic_regression,true_756,756,0,real,Angela Martini nuk i ndalë provokimet as në jaht,87,short_61_120,log-odds nga decision_function,-0.4077861279308601,0,True,correct
logistic_regression,true_758,758,0,real,Aq shumë iu ka rritur gjoksi sa që Oriola Marashi po e mban me duar,98,short_61_120,log-odds nga decision_function,-0.8326114565554443,0,True,correct
logistic_regression,true_760,760,0,real,Do të befasoheni se çfarë të vërtetash fshehen prapa serialeve turke,297,long_gt_250,log-odds nga decision_function,-1.5408163321807533,0,True,correct
logistic_regression,true_765,765,0,real,"Sasa e “O sa mirë” plotë jetë, vitet thjeshtë numra janë për të",57,very_short_le_60,log-odds nga decision_function,-0.12660518080637617,0,True,correct
logistic_regression,true_772,772,0,real,"Dhimbjet që mendoni se i keni nga dhëmbët, por në fakt kanë të bëjë me diçka tjetër",445,long_gt_250,log-odds nga decision_function,-0.8313841209410902,0,True,correct
logistic_regression,true_781,781,0,real,Reperja e njohur e publikon nga afër tatuazhin në pjesën e të pasmeve,105,short_61_120,log-odds nga decision_function,-1.1731438111197867,0,True,correct
logistic_regression,true_783,783,0,real,"“Nëntori i dytë”, ja pse u hoq pjesa kur Isa Boletini luftonte me serbët",1952,long_gt_250,log-odds nga decision_function,-4.132351983415615,0,True,correct
logistic_regression,true_786,786,0,real,Ekskluzive: Alfred Cako zbulon vaksinën e Covid19 që shkakton vdekje dhe ndalon lindjet,46,very_short_le_60,log-odds nga decision_function,1.5150947507435835,1,False,false_positive
logistic_regression,true_788,788,0,real,"Infekton 76 të ftuar me koronavirus babai i nuses, dasma kthehet në rast studimi",238,medium_121_250,log-odds nga decision_function,-0.5944804354671052,0,True,correct
logistic_regression,true_789,789,0,real,Ivanka Trump në secilën paraqitje pa sytjena,68,short_61_120,log-odds nga decision_function,-0.39246422057405517,0,True,correct
logistic_regression,true_793,793,0,real,"Trusti s’do pengojë tërheqjen e kursimeve, kompensimi nga qeveria jo për të gjithë",942,long_gt_250,log-odds nga decision_function,-3.1690299392915415,0,True,correct
logistic_regression,true_803,803,0,real,"Ambasada e SHBA-së në Kosovë apelon për kujdes, tubimi paqësor i LVV-së mund të bëhet i dhunshëm",263,long_gt_250,log-odds nga decision_function,-2.0185251345123225,0,True,correct
logistic_regression,true_808,808,0,real,"Avdyli i del në krahë Osmanit: Kur do flasim ne të vertetën, atëherë keni me mbetë pa fjalë",244,medium_121_250,log-odds nga decision_function,0.05883735292966619,1,False,false_positive
logistic_regression,true_809,809,0,real,Gëzimja përgatit tortën më të bukur për vajzën,86,short_61_120,log-odds nga decision_function,-0.11078060766004061,0,True,correct
logistic_regression,true_825,825,0,real,"Pasi u propozua për kryeministër konsensual Murat Jashari, vjen edhe reagimi nga Familja Jashari",258,long_gt_250,log-odds nga decision_function,-0.6327912417964321,0,True,correct
logistic_regression,true_830,830,0,real,Vjosa Osmani mbështet masat e reja të Albin Kurtit kundër Serbisë,221,medium_121_250,log-odds nga decision_function,-0.7085513076099137,0,True,correct
logistic_regression,true_833,833,0,real,"Horoskopi, e shtunë 30 maj 2020",529,long_gt_250,log-odds nga decision_function,-2.0218141392224807,0,True,correct
logistic_regression,true_835,835,0,real,"Veton Surroi mbetet pa tekst, ky është reagimi i tij për aktgjykimin",115,short_61_120,log-odds nga decision_function,0.38093816757810894,1,False,false_positive
logistic_regression,true_856,856,0,real,​ Nesër në Bruksel mbahet takimi i ekspertëve,60,very_short_le_60,log-odds nga decision_function,-1.17651217717776,0,True,correct
logistic_regression,true_858,858,0,real,Qeveria ua heq kartonin e gjelbër atyre që hyjnë në Kosovë,185,medium_121_250,log-odds nga decision_function,-2.4432257996184985,0,True,correct
logistic_regression,true_863,863,0,real,Ministri Zemaj komenton fotografin e Skender Hysenit pa maskë,223,medium_121_250,log-odds nga decision_function,-3.0219072488972856,0,True,correct
logistic_regression,true_875,875,0,real,"Granata e gjetur te vendpunishtja e Xhamisë së Madhe, e kohës së Luftës së Dytë Botërore",107,short_61_120,log-odds nga decision_function,-1.411272558881347,0,True,correct
logistic_regression,true_880,880,0,real,"Shtyhet raportimi i Agim Veliut në Komisionin për Siguri, polemika mes deputetëve",356,long_gt_250,log-odds nga decision_function,-2.3814366225591828,0,True,correct
logistic_regression,true_887,887,0,real,"Vendet që morën nën kontroll pandeminë coronavirus, tani prapë po përballen me të",1294,long_gt_250,log-odds nga decision_function,-3.423951943660687,0,True,correct
logistic_regression,true_888,888,0,real,Debat i nxehtë në Komisionin për Punë të Jashtme - VIDEO,71,short_61_120,log-odds nga decision_function,-1.155617410049164,0,True,correct
logistic_regression,true_889,889,0,real,Rrahjet mes deputetëve ndër vite në Kuvendin e Kosovës,721,long_gt_250,log-odds nga decision_function,-3.342446981146159,0,True,correct
logistic_regression,true_890,890,0,real,Qeveria heq dorë nga vendimi për izolimin e atyre që kthehen nga Shqipëria!,178,medium_121_250,log-odds nga decision_function,-1.3564883431912012,0,True,correct
logistic_regression,true_906,906,0,real,Oda Ekonomike kërkon të digjitalizohen disa shërbime dhe të licencohen laboratoret private,439,long_gt_250,log-odds nga decision_function,-1.3988275663759573,0,True,correct
logistic_regression,true_907,907,0,real,Prishtina edhe sot komuna me më së shumti raste me COVID-19,128,medium_121_250,log-odds nga decision_function,-1.9690759207072437,0,True,correct
logistic_regression,true_908,908,0,real,Arrestohet gjilanasi për mashtrim me shitje të banesës,95,short_61_120,log-odds nga decision_function,-1.8270588346010308,0,True,correct
logistic_regression,true_910,910,0,real,Fati i medias më të lexuar në Hungari Index në pikëpyetje pas largimit të shumicës së gazetarëve,349,long_gt_250,log-odds nga decision_function,-1.8419398661412372,0,True,correct
logistic_regression,true_917,917,0,real,"Hoti: Situata po përkeqësohet, stafi shëndetësor i FSK-së do të integrohet në Ministri të Shëndetësisë",271,long_gt_250,log-odds nga decision_function,-2.8760782623070646,0,True,correct
logistic_regression,true_931,931,0,real,Auditori: Policët ushtrojnë pozitat e punës në mospërputhje me gradat,382,long_gt_250,log-odds nga decision_function,-2.805064099358633,0,True,correct
logistic_regression,true_938,938,0,real,Partia Socialiste tërhiqet nga shkarkimi i Ilir Metës,474,long_gt_250,log-odds nga decision_function,-1.8681143965439795,0,True,correct
logistic_regression,true_939,939,0,real,Philip Morris lejohet të komunikojë se IQOS redukton ekspozimin e dëmshëm,414,long_gt_250,log-odds nga decision_function,-1.1032110931053258,0,True,correct
logistic_regression,true_945,945,0,real,Rekord i ri me raste pozitive me COVID-19 në Kosovë,216,medium_121_250,log-odds nga decision_function,-2.4672411929261333,0,True,correct
logistic_regression,true_950,950,0,real,Hoti: Jemi në diskutime që rruga nacionale Prishtinë-Mitrovicë të shndërrohet në rrugë ndërkombëtare,263,long_gt_250,log-odds nga decision_function,-2.0118233362096936,0,True,correct
logistic_regression,true_965,965,0,real,VIDEO: Vetura zyrtare në vikend merr udhë për kositje të barit,85,short_61_120,log-odds nga decision_function,-0.8120479601709414,0,True,correct
logistic_regression,true_966,966,0,real,Pneumologu kosovar tregon si zhvillohet pneumonia te pacientët me COVID-19,620,long_gt_250,log-odds nga decision_function,-2.0202921738679827,0,True,correct
logistic_regression,true_974,974,0,real,Mbi 10 mijë të infektuar me COVID-19 në Maqedoninë e Veriut,148,medium_121_250,log-odds nga decision_function,-2.6785850322842,0,True,correct
logistic_regression,true_975,975,0,real,VIDEO - Xhamia që u mbijetoi shekujve,465,long_gt_250,log-odds nga decision_function,-2.3610936218642715,0,True,correct
logistic_regression,true_979,979,0,real,Lihen në arrest shtëpiak policët e arrestuar për keqtrajtim të një të mituri,146,medium_121_250,log-odds nga decision_function,-1.9469705951406835,0,True,correct
logistic_regression,true_988,988,0,real,"Ilir Meta për Adem Demaçin: ""Mandela i Evropës"" dhe ""Saharovi"" ynë",320,long_gt_250,log-odds nga decision_function,-1.2888843349313108,0,True,correct
logistic_regression,true_991,991,0,real,Evropa ime: T'u tregojmë vendin elitave të korruptuara të Ballkanit Perëndimor,1084,long_gt_250,log-odds nga decision_function,-3.1957150731480013,0,True,correct
logistic_regression,true_994,994,0,real,Ministria e Bujqësisë pagoi mbi 176 mijë euro për analiza që mund t'i kryente vetë,210,medium_121_250,log-odds nga decision_function,-1.5539981823620914,0,True,correct
logistic_regression,true_1005,1005,0,real,Alarmante - Rreth 3 mijë raste aktive me COVID-19 në Kosovë,219,medium_121_250,log-odds nga decision_function,-3.0674699031282673,0,True,correct
logistic_regression,true_1028,1028,0,real,Qeveria emëroi Bordin e përkohshëm i Telekomit të Kosovës,158,medium_121_250,log-odds nga decision_function,-2.239218005577281,0,True,correct
logistic_regression,true_1034,1034,0,real,Xhamia më e vjetër në Prishtinë një dekadë restaurim,275,long_gt_250,log-odds nga decision_function,-2.3004590919520957,0,True,correct
logistic_regression,true_1037,1037,0,real,Osmani për Hotin: Duhet me hangër një thes kryp me dikë për me njoftë,186,medium_121_250,log-odds nga decision_function,-0.3103556409619368,0,True,correct
logistic_regression,true_1042,1042,0,real,Raport: Bandat nga Ballkani tani janë kthyer në kontrabandistë globalë,773,long_gt_250,log-odds nga decision_function,-2.4731427582317327,0,True,correct
logistic_regression,true_1054,1054,0,real,ORCA: 55% e profesorëve në UP nuk e justifikojnë titullin e tyre akademik,328,long_gt_250,log-odds nga decision_function,-1.6437349056605883,0,True,correct
logistic_regression,true_1055,1055,0,real,Boris Johnson: Kriza e COVID-19 përfundon nga mesi i vitit 2021,131,medium_121_250,log-odds nga decision_function,-0.8556284687339895,0,True,correct
logistic_regression,true_1064,1064,0,real,Thaçi nuk do dialog teknik me Serbinë,217,medium_121_250,log-odds nga decision_function,-1.6795588572364115,0,True,correct
logistic_regression,true_1076,1076,0,real,"Pas dy muajve, Maqedonia e Veriut me asnjë viktimë nga COVID-19",143,medium_121_250,log-odds nga decision_function,-2.3619522021231507,0,True,correct
logistic_regression,true_1079,1079,0,real,Hoti i shkruan letër Osmanit për raportimin në Kuvend pas takimit në Bruksel,90,short_61_120,log-odds nga decision_function,-1.648989631299678,0,True,correct
logistic_regression,true_1081,1081,0,real,"Mësimi në shtator mund të fillojë nga ekrani, ekspertët rekomandojnë më shumë udhëzime",1082,long_gt_250,log-odds nga decision_function,-3.30090653289719,0,True,correct
logistic_regression,true_1084,1084,0,real,"Pas katër ditësh intervistim në Hagë, Thaçi kthehet sot në Kosovë",244,medium_121_250,log-odds nga decision_function,-1.3582925995829787,0,True,correct
logistic_regression,true_1085,1085,0,real,Teatri i Podujevës bëhet me aktorë rezidentë,163,medium_121_250,log-odds nga decision_function,-0.8791650109421167,0,True,correct
logistic_regression,true_1090,1090,0,real,"Incident në një port iranian, disa anije përfshihen nga zjarri",224,medium_121_250,log-odds nga decision_function,-1.6401569952729804,0,True,correct
logistic_regression,true_1092,1092,0,real,Mbi 13 milionë të infektuar me coronavirus në botë,466,long_gt_250,log-odds nga decision_function,-3.265762660254584,0,True,correct
logistic_regression,true_1101,1101,0,real,"Hoti e Vuçiq zhvillojnë sot takim virtual, rinis dialogu Kosovë-Serbi",212,medium_121_250,log-odds nga decision_function,-1.5870008325444644,0,True,correct
logistic_regression,true_1104,1104,0,real,Hoti paralajmëron shpalljen e gjendjes së jashtëzakonshme,285,long_gt_250,log-odds nga decision_function,-1.3682797844603665,0,True,correct
logistic_regression,true_1106,1106,0,real,Abazi: Ligji për COVID-19 u refuzua e Hoti drejt shpalljes së gjendjes së jashtëzakonshme,392,long_gt_250,log-odds nga decision_function,-1.325772253490386,0,True,correct
logistic_regression,true_1108,1108,0,real,COVID-19: Vdes veterani i UÇK-së nga Malisheva,123,medium_121_250,log-odds nga decision_function,-1.4413250877841446,0,True,correct
logistic_regression,true_1117,1117,0,real,Anulohet udhëtimi i Thaçit për në Washington,113,short_61_120,log-odds nga decision_function,0.1329298848524707,1,False,false_positive
logistic_regression,true_1119,1119,0,real,Zemaj: Gjashtë pacientë me COVID-19 janë në kujdes intensiv,89,short_61_120,log-odds nga decision_function,-2.0834625768644823,0,True,correct
logistic_regression,true_1121,1121,0,real,"Hoti raporton në Kuvend për dialogun: Ose do të ketë marrëveshje të mirë për Kosovën, ose s’do të ketë fare",297,long_gt_250,log-odds nga decision_function,-2.5128311141268025,0,True,correct
logistic_regression,true_1135,1135,0,real,"Kosova synon njohjen nga Serbia, nuk dëshiron kompromis",952,long_gt_250,log-odds nga decision_function,-3.1440559248859152,0,True,correct
logistic_regression,true_1138,1138,0,real,"Qeveritarët pa maska e me duarshtrëngime, përurojnë rrugën Deçan–Plavë - FOTO",288,long_gt_250,log-odds nga decision_function,-2.261894509894277,0,True,correct
logistic_regression,true_1165,1165,0,real,Hoti nesër në Gjilan te kritikuesi i tij më i madh Lutfi Haziri,187,medium_121_250,log-odds nga decision_function,-2.1943640686647816,0,True,correct
logistic_regression,true_1174,1174,0,real,"Të hyrat në gjashtë muajt e parë ranë për 8 %, shpenzimet u rritën për 38.7 milionë euro",219,medium_121_250,log-odds nga decision_function,-3.1510527418495675,0,True,correct
logistic_regression,true_1179,1179,0,real,"Pini ilaçin e përgatitur vetë për ta shëruar diabetin, tipi 2",219,medium_121_250,log-odds nga decision_function,-1.0359465164340513,0,True,correct
logistic_regression,true_1180,1180,0,real,Vetëm në këtë kënd të shtëpisë së Kylie Jenner gjendet një pasuri e tërë,140,medium_121_250,log-odds nga decision_function,-1.6076977368163188,0,True,correct
logistic_regression,true_1183,1183,0,real,Sekreti i japonezëve për jetë të gjatë,212,medium_121_250,log-odds nga decision_function,-1.3389453328124656,0,True,correct
logistic_regression,true_1186,1186,0,real,Fansi i çmendur bën tatuazh në trup fytyrën e Noizyt!,119,short_61_120,log-odds nga decision_function,-1.3825486297221865,0,True,correct
logistic_regression,true_1191,1191,0,real,Infektohet edhe presidenti që tha se saunat dhe vodka janë ilaçe kundër Covid-19,155,medium_121_250,log-odds nga decision_function,-1.582921829364173,0,True,correct
logistic_regression,true_1194,1194,0,real,Pezullimi i përpjekjeve për anëtarësim në mekanizma ndërkombëtarë gabim i pa falshëm i Qeverisë Hoti,675,long_gt_250,log-odds nga decision_function,-2.721064509316748,0,True,correct
logistic_regression,true_1197,1197,0,real,Dalin fotot e Gymysh me fustan të bardhë - shikoni sa nuse e bukur është bërë,189,medium_121_250,log-odds nga decision_function,-2.119673843823489,0,True,correct
logistic_regression,true_1199,1199,0,real,Jeni gati të shihni ndryshimin e radhës së Tayna-s?,177,medium_121_250,log-odds nga decision_function,-1.8829070065430227,0,True,correct
logistic_regression,true_1224,1224,0,real,"Situata me Covid-19, kryeministri Hoti kërkon të vërehet dora e fortë e shtetit",145,medium_121_250,log-odds nga decision_function,-2.498831520429488,0,True,correct
logistic_regression,true_1226,1226,0,real,Super hiti është gati! Kënga e re e Encës dhe e Don Xhonit e ka një datë publikimi,82,short_61_120,log-odds nga decision_function,-0.8157619568596861,0,True,correct
logistic_regression,true_1230,1230,0,real,Rasheli do ua hapë sytë me këtë imazh,114,short_61_120,log-odds nga decision_function,-2.7773361344451164,0,True,correct
logistic_regression,true_1234,1234,0,real,Blero: Ky reper shqiptar është i preferuari im,155,medium_121_250,log-odds nga decision_function,-1.7883503968265246,0,True,correct
logistic_regression,true_1243,1243,0,real,Deputetja e Kuvendit të Kosovës Eliza Hoxha është shëruar nga koronavirusi,702,long_gt_250,log-odds nga decision_function,-3.108843604187715,0,True,correct
logistic_regression,true_1245,1245,0,real,Pandora më në formë se kurrë feston ditëlindjen,82,short_61_120,log-odds nga decision_function,-2.3456212554081413,0,True,correct
logistic_regression,true_1246,1246,0,real,"Ja përse duhet të hani 1 thelb hudhër në esëll/ Bën mrekulli për organizmin, ja si",142,medium_121_250,log-odds nga decision_function,-0.3941343565761388,0,True,correct
logistic_regression,true_1260,1260,0,real,Receta çudibërëse me farat e lirit: Të dobësohemi shëndetshëm dhe sigurt,418,long_gt_250,log-odds nga decision_function,-1.83192933131076,0,True,correct
logistic_regression,true_1266,1266,0,real,Receta e Cekës - Maregnore,244,medium_121_250,log-odds nga decision_function,-0.9745058632260288,0,True,correct
logistic_regression,true_1274,1274,0,real,Koronavirusi anulon festimet e Vitit të Ri,162,medium_121_250,log-odds nga decision_function,-2.657787978562207,0,True,correct
logistic_regression,true_1275,1275,0,real,"Ç’do ndodhë me koronavirusin? OBSH në alarm, rritja e infektimeve po…",442,long_gt_250,log-odds nga decision_function,-3.2410669624953927,0,True,correct
logistic_regression,true_1279,1279,0,real,Çfarë misteri i pazgjidhur fshihet në mes të selisë së CIA?,590,long_gt_250,log-odds nga decision_function,-2.838163716386707,0,True,correct
logistic_regression,true_1285,1285,0,real,Prekëse: Kujdestari vishet bardhezi për t’ia plotësuar mungesën e nënës zebrës jetime,189,medium_121_250,log-odds nga decision_function,-1.5978203155853221,0,True,correct
logistic_regression,true_1290,1290,0,real,Aleksander Vuçiq: Dialogu i Brukselit po ndodhë nga dëshira e Brukselit për ta përjashtuar Amerikën,262,long_gt_250,log-odds nga decision_function,-1.7558459635707113,0,True,correct
logistic_regression,true_1291,1291,0,real,Kaçanikasi tenton t’i vrasë dy persona shkaku i një kontesti pronësor,249,medium_121_250,log-odds nga decision_function,-2.7518180603999154,0,True,correct
logistic_regression,true_1293,1293,0,real,"U bë me vajzë por dëshironte djalë – Burri vret veten, e shoqja pëson atak kardiak",118,short_61_120,log-odds nga decision_function,-0.42559452584490454,0,True,correct
logistic_regression,true_1302,1302,0,real,"OBSH: Rritje shqetësuese të rasteve nga coronavirusi në Ballkan, duhet të tregohemi vigjilentë",141,medium_121_250,log-odds nga decision_function,-2.0851044845762887,0,True,correct
logistic_regression,true_1311,1311,0,real,"E akuzuan për ndërhyrje në Gjykatë, Von Cramon ia kthen Enver Hoxhajt: Kjo s’ndodh në demokraci, ndoshta në vendin tuaj po",254,long_gt_250,log-odds nga decision_function,-1.0050425549912385,0,True,correct
logistic_regression,true_1314,1314,0,real,Ky është 22 vjeçari nga Peja që vdiq në aksidentin tragjik,94,short_61_120,log-odds nga decision_function,-1.8880530617652538,0,True,correct
logistic_regression,true_1320,1320,0,real,Shikoni çfarë vozitje të shpejtë i bën veturës 60-vjeçarja shqiptare,145,medium_121_250,log-odds nga decision_function,-0.09788138437134486,0,True,correct
logistic_regression,true_1324,1324,0,real,Turqia pezullon fluturimet shkaku i shtimit të rasteve të Covid-19,200,medium_121_250,log-odds nga decision_function,-2.4023046249826896,0,True,correct
logistic_regression,true_1325,1325,0,real,"Zemaj dhe Ramadani pushojnë sot, i cojnë me e-mail njoftimet për situatën 24 orëshe me COVID-19",135,medium_121_250,log-odds nga decision_function,-3.1049157762126907,0,True,correct
logistic_regression,true_1334,1334,0,real,"Tayna poston fotot provokuese dhe dërgon mesazhin, “Të josh dhe të bëj budalla, sa herë dua”",106,short_61_120,log-odds nga decision_function,-0.7182924887498052,0,True,correct
logistic_regression,true_1336,1336,0,real,Presidenti në aktakuzë para Gjykatës Speciale dhe dialogu me Serbinë e sfidojnë shtetësinë e Kosovës,309,long_gt_250,log-odds nga decision_function,-2.9026715100735556,0,True,correct
logistic_regression,true_1346,1346,0,real,Kështu e kujton Leonora babin në 22 vjetorin e vdekjes,75,short_61_120,log-odds nga decision_function,-1.50854153082764,0,True,correct
logistic_regression,true_1351,1351,0,real,Receta e Cekës: Omletë me mollë,157,medium_121_250,log-odds nga decision_function,-0.15929689923546042,0,True,correct
logistic_regression,true_1365,1365,0,real,"Çdo natë para gjumit, pije këtë lëng dhe do largoni gjithçka nga barku, shkrin gjithë yndyrën, do t’ju heqi kilet e tepërta fare nga trupi",450,long_gt_250,log-odds nga decision_function,-0.3974930313320597,0,True,correct
logistic_regression,true_1371,1371,0,real,Ku ngeli Alba Hoxha?,77,short_61_120,log-odds nga decision_function,-1.6810052338058032,0,True,correct
logistic_regression,true_1379,1379,0,real,Isufi: Nuk ka aktakuzë që mund ta njollosë luftën e UÇK’së,214,medium_121_250,log-odds nga decision_function,-2.468688417978316,0,True,correct
logistic_regression,true_1382,1382,0,real,"Serwer: Aktakuza ndaj Thaçit e Veselit s’është personale, Kosova është në telashe",206,medium_121_250,log-odds nga decision_function,-1.03753761182723,0,True,correct
logistic_regression,true_1385,1385,0,real,"Është mashtrim, qeveria e kombinimit politik LDK me partnerët e PAN-it nuk e bëjnë ligjin Vetting",579,long_gt_250,log-odds nga decision_function,-2.6885967557316572,0,True,correct
logistic_regression,true_1395,1395,0,real,"Infektologu italian: Koronavirusi është dobësuar, ja kur pritet të zhduket",273,long_gt_250,log-odds nga decision_function,-1.9060889988881347,0,True,correct
logistic_regression,true_1396,1396,0,real,Cramon për vizat: Ja kur pritet liberalizimi final,310,long_gt_250,log-odds nga decision_function,-0.5186937945471637,0,True,correct
logistic_regression,true_1413,1413,0,real,Koronavirusi: Renditja e Kosovës krahas shteteve të rajonit,366,long_gt_250,log-odds nga decision_function,-3.547146884024281,0,True,correct
logistic_regression,true_1415,1415,0,real,"Trump për John Bolton: Askush nuk e donte në Shtëpinë e Bardhë, dukej i çmendur",344,long_gt_250,log-odds nga decision_function,-1.471009750507361,0,True,correct
logistic_regression,true_1420,1420,0,real,Haradinaj shkon i pari në takim me Avdullah Hotin,93,short_61_120,log-odds nga decision_function,-1.6249522380546126,0,True,correct
logistic_regression,true_1424,1424,0,real,Zbulohet e vërteta: Ja çfarë pritet të ndodhë më 27 qershor në Shtëpinë e Bardhë,524,long_gt_250,log-odds nga decision_function,-1.7095168258382498,0,True,correct
logistic_regression,true_1426,1426,0,real,Hoti i fton liderët e partive në zyrë për t’u koordinuar para udhëtimit në Washington,164,medium_121_250,log-odds nga decision_function,-1.9481462749688838,0,True,correct
logistic_regression,true_1432,1432,0,real,Zbulohet substanca që e ul vdekshmërinë e pacientëve me Covid-19,344,long_gt_250,log-odds nga decision_function,-2.10322325671108,0,True,correct
logistic_regression,true_1434,1434,0,real,"Gati për të shijuar pushimet, Elita dhe Gjiko zgjedhin këtë destinacion brenda Shqipërisë",148,medium_121_250,log-odds nga decision_function,-0.6687041329654793,0,True,correct
logistic_regression,true_1441,1441,0,real,A është Nicki Minaj shtatzënë!,107,short_61_120,log-odds nga decision_function,-1.9882083009166538,0,True,correct
logistic_regression,true_1450,1450,0,real,Stërvitja e parë e Valon Berishës te Reims,88,short_61_120,log-odds nga decision_function,-0.08451191471620012,0,True,correct
logistic_regression,true_1451,1451,0,real,"Hoti e Hyseni presin në takim ambasadorët e QUINT-it, flasin për dialogun me Serbinë",218,medium_121_250,log-odds nga decision_function,-1.9078607352752195,0,True,correct
logistic_regression,true_1454,1454,0,real,Çavuşoğlu: Ajasofja është çështje e sovranitetit të Turqisë,188,medium_121_250,log-odds nga decision_function,-2.10453548729532,0,True,correct
logistic_regression,true_1461,1461,0,real,"8 të vdekur nga koronavirusi brenda ditës në Kosovë, shkon në 177 numri i përgjithshëm i viktimave",65,short_61_120,log-odds nga decision_function,-0.8596649797534772,0,True,correct
logistic_regression,true_1465,1465,0,real,Lëngu i qepës së kuqe/ Kura natyrale për stomakun dhe alergjitë,340,long_gt_250,log-odds nga decision_function,-0.581073118206562,0,True,correct
logistic_regression,true_1466,1466,0,real,"Bilanci i pandemisë në botë, mbi 16 milionë raste me COVID-19",283,long_gt_250,log-odds nga decision_function,-3.179086675349062,0,True,correct
logistic_regression,true_1473,1473,0,real,"Certifikohen rezultatet zgjedhore, shqiptarët me 32 mandate në Kuvendin e Maqedonisë së Veriut",112,short_61_120,log-odds nga decision_function,-0.3243157960967058,0,True,correct
logistic_regression,true_1474,1474,0,real,Turqia reagon kundër djegies së flamurit turk në Greqi,341,long_gt_250,log-odds nga decision_function,-2.4490412519677687,0,True,correct
logistic_regression,true_1475,1475,0,real,Policia izraelite arreston 3 fëmijë palestinezë në Kuds,129,medium_121_250,log-odds nga decision_function,-1.0662117284873884,0,True,correct
logistic_regression,true_1484,1484,0,real,Ndihma humanitare botërore e Turqisë përbën 26 për qind në vitin 2019,754,long_gt_250,log-odds nga decision_function,-2.452441328247099,0,True,correct
logistic_regression,true_1488,1488,0,real,Breshka e detit e ndjekur nga shkencëtarët turq përmes satelitit përshkoi 5.500 kilometra për një vit,339,long_gt_250,log-odds nga decision_function,-1.974517169514509,0,True,correct
logistic_regression,true_1492,1492,0,real,Vdes nga koronavirusi një 66-vjeçare në Spitalin e Pejës,203,medium_121_250,log-odds nga decision_function,-2.1200852645258843,0,True,correct
logistic_regression,true_1498,1498,0,real,"Isa Mustafa përkrah fuqishëm ndërtimin e Xhamisë, dënon protestën: Të krenohemi që jemi muslimanë",349,long_gt_250,log-odds nga decision_function,-1.8194782167055672,0,True,correct
logistic_regression,true_1503,1503,0,real,"Edhe 5 të vdekur nga Covid-19 në Kosovë, numri i përgjithshëm 144",111,short_61_120,log-odds nga decision_function,-2.794730647080356,0,True,correct
logistic_regression,true_1511,1511,0,real,Nisin hetimet ndaj TikTok në Australi,178,medium_121_250,log-odds nga decision_function,-0.8043864078303276,0,True,correct
logistic_regression,true_1513,1513,0,real,"“Vrisni një serb e ne do të vrasim 100 myslimanë”, Kurti kujton deklaratën famëkeqe të Vuçiqit",256,long_gt_250,log-odds nga decision_function,-0.05646636254016646,0,True,correct
logistic_regression,true_1519,1519,0,real,Sot pritet fillimi i testimeve serologjike për koronavirus,227,medium_121_250,log-odds nga decision_function,-2.7531585702199317,0,True,correct
logistic_regression,true_1531,1531,0,real,"Gjashtë nivelet në të cilat shfaqet koronavirusi, simptomat dhe pacientët më të rrezikuar",422,long_gt_250,log-odds nga decision_function,-0.9345947717071323,0,True,correct
logistic_regression,true_1533,1533,0,real,Apeli i IKSHPK-së: Mbani maskat dhe distancën fizike,399,long_gt_250,log-odds nga decision_function,-2.5657738956877445,0,True,correct
logistic_regression,true_1538,1538,0,real,Vdes gjyqtari Shashivar Hoti,115,short_61_120,log-odds nga decision_function,-1.197147353237882,0,True,correct
logistic_regression,true_1542,1542,0,real,Shënohen edhe dy vdekje nga Covid-19 në Kosovë,177,medium_121_250,log-odds nga decision_function,-1.9317210528037154,0,True,correct
logistic_regression,true_1544,1544,0,real,Kur pritet t’u mundësohet qytetarëve tërheqja e parave nga Trusti?,209,medium_121_250,log-odds nga decision_function,-1.6898141661434274,0,True,correct
logistic_regression,true_1545,1545,0,real,​Apeli i IKSHPK-së: Vazhdoni të mbani distancën fizike dhe maskat,441,long_gt_250,log-odds nga decision_function,-2.46386340666184,0,True,correct
logistic_regression,true_1547,1547,0,real,"Hoti deklarohet pas takimit me Vuçiq: Kemi bërë progres, besojmë në partnerët ndërkombëtarë",172,medium_121_250,log-odds nga decision_function,-1.6811593825525366,0,True,correct
logistic_regression,true_1551,1551,0,real,Kurti: Me qeverinë koti kriminelët dolën nga skutat,408,long_gt_250,log-odds nga decision_function,-2.480645553796035,0,True,correct
logistic_regression,true_1552,1552,0,real,"Specialja e nis intervistimin, Presidenti nuk deklarohet për media",203,medium_121_250,log-odds nga decision_function,-0.8854918045035027,0,True,correct
logistic_regression,true_1556,1556,0,real,"Shqipëri, vazhdon rritja e rasteve me koronavirus",137,medium_121_250,log-odds nga decision_function,-3.3715203722519878,0,True,correct
logistic_regression,true_1557,1557,0,real,Maqedoni: Shqiptarët me 32 deputetë në Parlamentin,211,medium_121_250,log-odds nga decision_function,-1.3499230814624645,0,True,correct
logistic_regression,true_1563,1563,0,real,Kosova e para në Evropë për raste të reja me COVID-19 në dy javët e fundit,214,medium_121_250,log-odds nga decision_function,-2.55365161732618,0,True,correct
logistic_regression,true_1564,1564,0,real,"Fillon ndërtimi i Xhamisë së Madhe në Prishtinë, Tërnava uron besimtarët",107,short_61_120,log-odds nga decision_function,-0.8182231865534761,0,True,correct
logistic_regression,true_1567,1567,0,real,"Policia mas 2 muajsh hetime zbulon 20 kg marihuanë, në pranga 5 persona",301,long_gt_250,log-odds nga decision_function,-3.0239996121387227,0,True,correct
logistic_regression,true_1568,1568,0,real,Vaksina kundër COVID-19 e testuar tek njerëzit tregon shenja të hershme të suksesit,277,long_gt_250,log-odds nga decision_function,-1.9102515545628822,0,True,correct
logistic_regression,true_1569,1569,0,real,Dita e tretë e intervistimit të presidentit Thaçi në Hagë,163,medium_121_250,log-odds nga decision_function,-0.3003130866577679,0,True,correct
logistic_regression,true_1574,1574,0,real,Në SHSKUK po trajtohen 268 pacientë me Covid-19,154,medium_121_250,log-odds nga decision_function,-2.5461829147784822,0,True,correct
logistic_regression,true_1593,1593,0,real,Fillon seanca e Kuvendit ku kryeministri Hoti do të raportojë para takimit të Uashingtonit,221,medium_121_250,log-odds nga decision_function,-1.923960332875571,0,True,correct
logistic_regression,true_1594,1594,0,real,"Shqipëri, një i vdekur dhe 53 raste të reja me COVID-19",169,medium_121_250,log-odds nga decision_function,-3.8693128368317433,0,True,correct
logistic_regression,true_1601,1601,0,real,Messi i gatshëm për ndeshjen e sotme ndaj Mallorcas,128,medium_121_250,log-odds nga decision_function,-1.1150856356715961,0,True,correct
logistic_regression,true_1606,1606,0,real,Isa Mustafa: Atakimi i familjes së Vjosa Osmanit është neveritës,162,medium_121_250,log-odds nga decision_function,-0.6291679347382322,0,True,correct
logistic_regression,true_1609,1609,0,real,Thaçi reagon pas votimit të qeverisë: Ditë e rëndësishme për demokracinë,156,medium_121_250,log-odds nga decision_function,-1.375504367439132,0,True,correct
logistic_regression,true_1610,1610,0,real,Kuvendi votoi Qeverinë Hoti,44,very_short_le_60,log-odds nga decision_function,-0.9840496587204128,0,True,correct
logistic_regression,true_1611,1611,0,real,Wuhan-i “kryen me sukses” testimin e popullsisë për koronavirus,147,medium_121_250,log-odds nga decision_function,-1.5454779935930187,0,True,correct
logistic_regression,true_1613,1613,0,real,​Kryesia e Kuvendit sot vendos datën e seancës për votimin e Qeverisë Hoti,108,short_61_120,log-odds nga decision_function,-1.6077299535616076,0,True,correct
logistic_regression,true_1616,1616,0,real,Një i prekur me koronavirus në Infektivë në gjendje të rëndë,105,short_61_120,log-odds nga decision_function,-1.4329041200038521,0,True,correct
logistic_regression,true_1619,1619,0,real,"Mbi 2,3 milionë të shëruar nga COVID-19 në mbarë botën",109,short_61_120,log-odds nga decision_function,-1.2756377199952318,0,True,correct
logistic_regression,true_1622,1622,0,real,Mbi 12 mijë teste për COVID-19 në Kosovë,102,short_61_120,log-odds nga decision_function,-2.496446589594062,0,True,correct
logistic_regression,true_1624,1624,0,real,Klopp thotë se Liverpooli do të jetë i gatshëm për rikthimin e lojës së bukur,223,medium_121_250,log-odds nga decision_function,-1.5778326249837893,0,True,correct
logistic_regression,true_1625,1625,0,real,"Britani, qentë do të trajnohen për të diagnostikuar personat me COVID-19",269,long_gt_250,log-odds nga decision_function,-1.4219742543345906,0,True,correct
logistic_regression,true_1641,1641,0,real,​17 milionë raste me COVID-19 në botë,100,short_61_120,log-odds nga decision_function,-1.317195536512809,0,True,correct
logistic_regression,true_1647,1647,0,real,Sekuestrohen mbi 40 armë në një operacion në Prishtinë,139,medium_121_250,log-odds nga decision_function,-2.515854385250038,0,True,correct
logistic_regression,true_1648,1648,0,real,Qeveria nuk u konsultua me KOK-un për ndalimin e aktiviteteve sportive,518,long_gt_250,log-odds nga decision_function,-3.7646912528827423,0,True,correct
logistic_regression,true_1653,1653,0,real,​Veliu thotë se VV-ja pati tendenca që të pamundësohet raportimi në Komision,279,long_gt_250,log-odds nga decision_function,-1.9879288043979069,0,True,correct
logistic_regression,true_1655,1655,0,real,Janë bërë të ditura nominimet e shpërblimeve “Emmy”,304,long_gt_250,log-odds nga decision_function,-1.7412220378611465,0,True,correct
logistic_regression,true_1659,1659,0,real,Numër i vogël në pelegrinazhin e sivjetmë në Haxh,238,medium_121_250,log-odds nga decision_function,-2.0239604068064754,0,True,correct
logistic_regression,true_1660,1660,0,real,Finalja e Kupës – për një fund me dinjitet të edicionit të vështirë,716,long_gt_250,log-odds nga decision_function,-2.9678259539777105,0,True,correct
logistic_regression,true_1665,1665,0,real,Partitë shqiptare në Mal të Zi garojnë të ndara në zgjedhjet parlamentare,267,long_gt_250,log-odds nga decision_function,-1.2892271085681564,0,True,correct
logistic_regression,true_1667,1667,0,real,Mbretëria e Bashkuar largon Spanjën nga lista e udhëtimeve,189,medium_121_250,log-odds nga decision_function,-1.3387247629233354,0,True,correct
logistic_regression,true_1674,1674,0,real,Ish-ministri i Shëndetësisë: E pafalshme që kjo situatë abnormale të trajtohet si normale nga Qeveria,316,long_gt_250,log-odds nga decision_function,-3.037472876726717,0,True,correct
logistic_regression,true_1675,1675,0,real,Leron Kurteshi sjell stilin urban në muzikë,135,medium_121_250,log-odds nga decision_function,-1.6261133831182837,0,True,correct
logistic_regression,true_1676,1676,0,real,Zvicra njofton për 132 raste të reja me COVID-19 e tre të vdekur,118,short_61_120,log-odds nga decision_function,-2.510009734285407,0,True,correct
logistic_regression,true_1687,1687,0,real,Me rigon kundër infeksioneve dhe problemeve me fytin,307,long_gt_250,log-odds nga decision_function,-0.9904816393597085,0,True,correct
logistic_regression,true_1692,1692,0,real,"Bazeli, vendi ku lindi shkenca e halucinacioneve",569,long_gt_250,log-odds nga decision_function,-1.9589120535437357,0,True,correct
logistic_regression,true_1697,1697,0,real,"Katër gola në dy ndeshje, Ademi tregon sekretin e kthimit në formë",220,medium_121_250,log-odds nga decision_function,-1.5522582430899414,0,True,correct
logistic_regression,true_1698,1698,0,real,Rreth 200 shtretër kanë mbetur në dispozicion për trajtim të pacientëve me COVID-19,226,medium_121_250,log-odds nga decision_function,-3.0773237670689824,0,True,correct
logistic_regression,true_1700,1700,0,real,Këshilltari kryesor i Trumpit del pozitiv në COVID-19,115,short_61_120,log-odds nga decision_function,-1.2336962905459432,0,True,correct
logistic_regression,true_1711,1711,0,real,Grupi “3 Doors Down” do ta lansojë këngën e parë në pesë vjetët e fundit,345,long_gt_250,log-odds nga decision_function,-2.2081108421775513,0,True,correct
logistic_regression,true_1714,1714,0,real,Konfiskime të armëve në ahengje,145,medium_121_250,log-odds nga decision_function,-2.567945125710075,0,True,correct
logistic_regression,true_1720,1720,0,real,Java e fundit e korrikut me mot të nxehtë,148,medium_121_250,log-odds nga decision_function,-2.5668143171575633,0,True,correct
logistic_regression,true_1729,1729,0,real,Në Fushë-Kosovë dyshohet se djali vrau babanë,174,medium_121_250,log-odds nga decision_function,-1.8923459941900622,0,True,correct
logistic_regression,true_1730,1730,0,real,Simptomat e COVID-19 ndahen në gjashtë grupe sipas një studimi,401,long_gt_250,log-odds nga decision_function,-1.2898456766019775,0,True,correct
logistic_regression,true_1732,1732,0,real,​Ekzekutohen pagesat e pakos emergjente për masën 3a për 7241 përfitues,83,short_61_120,log-odds nga decision_function,-1.848789149332599,0,True,correct
logistic_regression,true_1737,1737,0,real,"Buxhovi: LDK-së i duhen reforma, Osmani duhet të qëndrojë",2091,long_gt_250,log-odds nga decision_function,-3.787564747318049,0,True,correct
logistic_regression,true_1738,1738,0,real,Shpërblehen sekretarët që ia punësuan renë Mustafës dhe dhëndrin Limajt,302,long_gt_250,log-odds nga decision_function,-1.656449115981481,0,True,correct
logistic_regression,true_1740,1740,0,real,Konsiderohet e dëmshme rizgjedhja e Thaçit edhe për një mandat,179,medium_121_250,log-odds nga decision_function,-1.262562056533987,0,True,correct
logistic_regression,true_1742,1742,0,real,"Vuçiqi takohet me Lajçakun, pranon se temat janë të dhimbshme dhe se kompromisi nuk është i lehtë",339,long_gt_250,log-odds nga decision_function,-2.097676582257292,0,True,correct
logistic_regression,true_1746,1746,0,real,Haradinaj ia kishte ndarë Mustafës mbi 24 mijë euro në emër të pagës retroaktive,340,long_gt_250,log-odds nga decision_function,-1.2846721442236644,0,True,correct
logistic_regression,true_1755,1755,0,real,Tayna u ndërton shtëpi të re prindërve të saj,188,medium_121_250,log-odds nga decision_function,-1.195890793634775,0,True,correct
logistic_regression,true_1757,1757,0,real,Qeveria mbulon shpenzimet e Kartonit të Gjelbër për bashkatdhetarët deri në fund të këtij viti,268,long_gt_250,log-odds nga decision_function,-2.659923435248987,0,True,correct
logistic_regression,true_1767,1767,0,real,"Hoti: Kemi hyrë në valën e dytë të pandemisë COVID-19, të aktivizohet Plani i reagimit kombëtar",263,long_gt_250,log-odds nga decision_function,-3.3132677648154294,0,True,correct
logistic_regression,true_1768,1768,0,real,Qeveria ndan nga 300 euro për mantelbardhët,118,short_61_120,log-odds nga decision_function,-2.1095876190219833,0,True,correct
logistic_regression,true_1783,1783,0,real,"Khabib – Gaethje, caktohet përfundimisht data për meçin e zjarrtë",123,medium_121_250,log-odds nga decision_function,-1.0978789691280733,0,True,correct
logistic_regression,true_1785,1785,0,real,"​Ndalohen të gjitha veprimtaritë fetare, nuk lejohet as therja e kafshëve në shtëpi",161,medium_121_250,log-odds nga decision_function,-1.1041176064874578,0,True,correct
logistic_regression,true_1790,1790,0,real,Gazmend Gjyshinca: Kujtim Shala dhe Arben Gashi më ngrehen nga krahu dhe më thanë budalla,352,long_gt_250,log-odds nga decision_function,-2.8730457080207277,0,True,correct
logistic_regression,true_1795,1795,0,real,Fauci thotë se përgjigja mbi vaksinën për COVID-19 mund të vijë në ‘tetor ose nëntor’,245,medium_121_250,log-odds nga decision_function,-1.5490460034349207,0,True,correct
logistic_regression,true_1799,1799,0,real,Një grua në TikTok ndau një truk që ndihmon për gjetjen e xhinseve të duhura,234,medium_121_250,log-odds nga decision_function,-1.2338252904388922,0,True,correct
logistic_regression,true_1804,1804,0,real,"Lëvoret e shalqirit, të mbushura me produkte ushqyese",219,medium_121_250,log-odds nga decision_function,-0.8260959089091833,0,True,correct
logistic_regression,true_1811,1811,0,real,Deputetja Eliza Hoxha rrëfen përvojën dhe betejën me COVID-19,657,long_gt_250,log-odds nga decision_function,-3.0594150754701293,0,True,correct
logistic_regression,true_1814,1814,0,real,Ish-lojtari i Ballkanit ndërron jetë nga COVID-19,156,medium_121_250,log-odds nga decision_function,-2.736979988786473,0,True,correct
logistic_regression,true_1815,1815,0,real,"Qeveria me masa të reja për kopshtet, gastronominë e fusha tjera",130,medium_121_250,log-odds nga decision_function,-2.23451502083579,0,True,correct
logistic_regression,true_1819,1819,0,real,"Shkretëtira shndërrohet në varrezë, skena rrëqethëse nga Iraku",220,medium_121_250,log-odds nga decision_function,-1.709824062076161,0,True,correct
logistic_regression,true_1820,1820,0,real,"Ka filluar të mbahet gara robotikës “First Global Challenge”, Kosova kryeson në listë",163,medium_121_250,log-odds nga decision_function,-0.864750657257743,0,True,correct
logistic_regression,true_1826,1826,0,real,Si lindi sfondi më i famshëm kompjuterik i të gjitha kohërave – dhe ja si duket tani vendi ku u bë fotografia,421,long_gt_250,log-odds nga decision_function,-2.4709184441667382,0,True,correct
logistic_regression,true_1832,1832,0,real,"Kina raporton numrin më të madh të rasteve me coronavirus, që nga fundi i shpërthimit të Wuhan",170,medium_121_250,log-odds nga decision_function,-2.1740110551382186,0,True,correct
logistic_regression,true_1834,1834,0,real,"Gastronomët ia ‘dorëzojnë çelësat’ Qeverisë së Kosovës, kërkojnë përkrahje institucionale",170,medium_121_250,log-odds nga decision_function,-2.315327229125642,0,True,correct
logistic_regression,true_1839,1839,0,real,Horoskopi javor për periudhën nga 27 korrik – 03 gusht,1619,long_gt_250,log-odds nga decision_function,-2.8330350263357413,0,True,correct
logistic_regression,true_1848,1848,0,real,Mustafa: Dialogu është krejtësisht politik dhe rezulton me marrëveshje politike ndërshtetërore për njohje reciproke,255,long_gt_250,log-odds nga decision_function,-2.0179941991409285,0,True,correct
logistic_regression,true_1853,1853,0,real,Sabri Fejzullahu përkujton veprimtarin Adem Demaçi në dyvjetorin e vdekjes së tij,141,medium_121_250,log-odds nga decision_function,-1.1094798848533445,0,True,correct
logistic_regression,true_1861,1861,0,real,A mund të vetëkallet më lehtë vetura që ka aparat klime?,202,medium_121_250,log-odds nga decision_function,-2.0646354689626456,0,True,correct
logistic_regression,true_1873,1873,0,real,DailyMail shkruan për nënën e Rita Orës: 56-vjeçarja Vera që rrëmben vëmendjen me paraqitjet e saj me bikini në plazh,245,medium_121_250,log-odds nga decision_function,-2.2660212659025714,0,True,correct
logistic_regression,true_1874,1874,0,real,FSK blen automjete të blinduara nga Ushtria amerikane,92,short_61_120,log-odds nga decision_function,-0.9865145928242118,0,True,correct
logistic_regression,true_1885,1885,0,real,Çaji i zakonshëm i nenexhikut – Ilaç universal i gjyshes që vërtet është i fuqishëm!,588,long_gt_250,log-odds nga decision_function,-1.181845793406629,0,True,correct
logistic_regression,true_1894,1894,0,real,Në Spitalin e Pejës dje ka vdekur një pacient me COVID-19,137,medium_121_250,log-odds nga decision_function,-2.8515076866647524,0,True,correct
logistic_regression,true_1898,1898,0,real,Djersitja është dukuri shumë më e ndërlikuar seç mendoni,695,long_gt_250,log-odds nga decision_function,-1.9643733475367722,0,True,correct
logistic_regression,true_1904,1904,0,real,Këto vende ishin model i suksesit në luftën ndaj coronavirusit – por nuk janë më!,917,long_gt_250,log-odds nga decision_function,-3.7892044017112516,0,True,correct
logistic_regression,true_1906,1906,0,real,"Fansi e quajti lojtar ‘shumë të mbivlerësuar’, Toni Kross i përgjigjet në mënyrë epike",281,long_gt_250,log-odds nga decision_function,-2.30264108796264,0,True,correct
logistic_regression,true_1912,1912,0,real,Rastet e reja me coronavirus – 91 vetëm në Prishtinë,284,long_gt_250,log-odds nga decision_function,-2.93924454143598,0,True,correct
logistic_regression,true_1913,1913,0,real,Rita Ora në lidhje serioze me Roman Gavras,133,medium_121_250,log-odds nga decision_function,-0.6106545379833126,0,True,correct
logistic_regression,true_1917,1917,0,real,"Dua Lipa në frymë patriotike, publikon flamurin ‘Autochthonous’ dhe kuptimin e fjalës",157,medium_121_250,log-odds nga decision_function,-1.6845822207703585,0,True,correct
logistic_regression,true_1920,1920,0,real,LVV reagon pas akuzave të PDK-së për Telekomin: Sejdi Hoxha i ka kushtuar Postës mbi 50 mijë euro për dy vite,385,long_gt_250,log-odds nga decision_function,-1.805931030077996,0,True,correct
logistic_regression,true_1923,1923,0,real,"Shpërndau lajmin se ka vdekur Isa Mustafa, policia arreston të dyshuarin",149,medium_121_250,log-odds nga decision_function,-2.313517481750739,0,True,correct
logistic_regression,true_1925,1925,0,real,Florentino Perez thotë se Benzema duhet ta fitojë Topin e Artë këtë vit,177,medium_121_250,log-odds nga decision_function,-1.7904975665714595,0,True,correct
logistic_regression,true_1928,1928,0,real,Përfundon takimi Hoti-Vuçiq në Bruksel,364,long_gt_250,log-odds nga decision_function,-2.507363274903371,0,True,correct
logistic_regression,true_1931,1931,0,real,Magjia verore në ETC vjen me zbritje deri në 50%,292,long_gt_250,log-odds nga decision_function,-0.22342294059958978,0,True,correct
logistic_regression,true_1932,1932,0,real,Nipi i Elvis Presleyt është emri më i ri që i bashkohet listës së yjeve që nuk iu shmangën mallkimit të “Klubit 27”,435,long_gt_250,log-odds nga decision_function,-2.615076435988599,0,True,correct
logistic_regression,true_1933,1933,0,real,Haradinaj: Aktakuzat ndaj Thaçit dhe Veselit janë goditje ndaj lirisë së Kosovës,431,long_gt_250,log-odds nga decision_function,-1.5146545526361048,0,True,correct
logistic_regression,true_1935,1935,0,real,Haradinaj: Nëse konfirmohen akuzat ndaj Thaçit e Veselit Kosova rrezikon të dëmtohet rëndë,155,medium_121_250,log-odds nga decision_function,0.43724198476790166,1,False,false_positive
logistic_regression,true_1938,1938,0,real,"Kjo është sasia e mjaftueshme e ujit, të cilin duhet ta konsumojmë për të qenë të shëndetshëm",428,long_gt_250,log-odds nga decision_function,-0.8461239761754229,0,True,correct
logistic_regression,true_1939,1939,0,real,Kendall Jenner vë në pah të pasmet në imazhet e fundit me të brendshme,153,medium_121_250,log-odds nga decision_function,-2.2291994649063245,0,True,correct
logistic_regression,true_1951,1951,0,real,Jakupi: Edhe Kosova do të bëjë përpjekje për të siguruar disa doza të ilaçit që trajton pacientët me COVID-19,212,medium_121_250,log-odds nga decision_function,-1.811074334333714,0,True,correct
logistic_regression,true_1960,1960,0,real,Ledri Vula rrëfen historinë me Sara Hoxhën dhe planet për t’u bërë baba,305,long_gt_250,log-odds nga decision_function,-2.1309168474715303,0,True,correct
logistic_regression,true_1963,1963,0,real,Sadio Mane mezi ka pritur të rifillojë Liga Premier – senegalezi harroi se duhet gjunjëzuar në shenjë nderimi për “Black Lives Matter”,170,medium_121_250,log-odds nga decision_function,-1.8226655277150414,0,True,correct
logistic_regression,true_1966,1966,0,real,Viola von Cramon shpreson se kosovarëve do t’iu hiqen vizat kur Gjermania ta marrë Presidencën,205,medium_121_250,log-odds nga decision_function,0.22209036708012775,1,False,false_positive
logistic_regression,true_1967,1967,0,real,Vuçiq: Nga Lavrovi pranova informata shqetësuese për çështjen e Kosovës,142,medium_121_250,log-odds nga decision_function,-1.0541166774015471,0,True,correct
logistic_regression,true_1979,1979,0,real,WhatsApp do t’ju lejojë të përdorni të njëjtën llogari deri në katër pajisje,92,short_61_120,log-odds nga decision_function,-0.9698970247479786,0,True,correct
logistic_regression,true_1982,1982,0,real,"Labinot Tahiri reagon i revoltuar: Kjo është një gënjeshtër, le të më dërgojnë në burg mua dhe gjithë estradën",216,medium_121_250,log-odds nga decision_function,-1.5373829367497625,0,True,correct
logistic_regression,true_1988,1988,0,real,Konjufca: Mustafa përsëri do t’ia bëjë votat Thaçit për president,217,medium_121_250,log-odds nga decision_function,-0.15462081155991747,0,True,correct
logistic_regression,true_1991,1991,0,real,"Kylie Jenner etiketohet si raciste, kryqëzohet nga fansat pasi vetëm 13 për qind e punonjësve në markën e saj janë njerëz me ngjyrë",272,long_gt_250,log-odds nga decision_function,-1.3885769213684773,0,True,correct
logistic_regression,fake_24,24,1,fake,"Askush Nuk Po E Besonte Që Kjo Ka’fshë Është Në Këtë Vend, Banorët Janë Mbledhur Dhe… VIDEO",66,short_61_120,log-odds nga decision_function,3.468698630398685,1,True,correct
logistic_regression,fake_30,30,1,fake,Vallëzimi I Nuses Në Dasmën E Saj Po Mahnitë Të Gjithë Në Rrjetet Sociale,72,short_61_120,log-odds nga decision_function,0.7804227960595914,1,True,correct
logistic_regression,fake_31,31,1,fake,"Babai Merr Dy Ditë Leje Për Lindjen E Fëmijes, Kur Papritur I Vjen Nje Mesazh Nga Shefi I Tij Që E Lë Pa M,End",112,short_61_120,log-odds nga decision_function,1.2715513041981517,1,True,correct
logistic_regression,fake_33,33,1,fake,Njihuni Me Shqiptarën E Parë Që U Bë Milionere Me Bitcoin (FOTO),213,medium_121_250,log-odds nga decision_function,-0.021382104641543664,0,False,false_negative
logistic_regression,fake_45,45,1,fake,"Nisi Procesi Për Punë Sezonale Në Itali, Ja Sa Shqiptarë Mund Të Përfitojnë Punë Bashkë Me Leje Qëndrimi",78,short_61_120,log-odds nga decision_function,0.7245034293561046,1,True,correct
logistic_regression,fake_46,46,1,fake,"Rasti i rralle qe emocjonoi gjithe boten,i biri pa duar ushqen nenen e paralizuar (Video)",107,short_61_120,log-odds nga decision_function,2.357156974450122,1,True,correct
logistic_regression,fake_50,50,1,fake,EKSLUZIVE:Rasheli Tregon Pa Dorashka Arsyen Pse U Largua Nga Ermali “Ai Me Ngacmonte Dhe …”,94,short_61_120,log-odds nga decision_function,3.103605964284314,1,True,correct
logistic_regression,fake_57,57,1,fake,Soda Del Jasht “Loje” Ky Eshte Perberesi I Cili Do Te Sheroj Lukthin Tuaj Ne Vetem Pak Dite,188,medium_121_250,log-odds nga decision_function,0.36687075474697806,1,True,correct
logistic_regression,fake_60,60,1,fake,"Po na përlot me rolin e saj! Flet Ejlyli, tregon të pathënat e jetës së saj: U bëra…",99,short_61_120,log-odds nga decision_function,2.133560709782983,1,True,correct
logistic_regression,fake_64,64,1,fake,"Mbani Lotët! Vajza E Zbulon Pak Para Dasmës Që I Fejuari Ia Kishte Dredhur, Më Pas Ia Bën…",75,short_61_120,log-odds nga decision_function,2.9707002735012624,1,True,correct
logistic_regression,fake_66,66,1,fake,Gazetarja E Njohur Rrëfen Ëndrrën Me Edi Ramën Gjatë Karantinës: Më Ka… (Video),107,short_61_120,log-odds nga decision_function,2.05188557058712,1,True,correct
logistic_regression,fake_68,68,1,fake,"Ata Duheshin Shumë, Por Babai I Saj Nuk Ja Jepte Për Grua Edhe Pse Ajo Mbeti Shtatëzanë. Ajo Që Ndodhi 56 Vite Më Vonë Do T’ju Përlotë…",121,medium_121_250,log-odds nga decision_function,2.89151186935346,1,True,correct
logistic_regression,fake_70,70,1,fake,"BE Përshëndet Miratimin E ‘5 Qershorit’, Apeli I Sorecës: Mos Dëmtoni Frymën E Reformës Zgjedhore",93,short_61_120,log-odds nga decision_function,1.5353530328915084,1,True,correct
logistic_regression,fake_71,71,1,fake,"“T Ërmeti I Madh Do Ndryshojë Tokën, Kontinentet Do Ndahen Përgjysmë”, A Larmi I Shkencëtarit",118,short_61_120,log-odds nga decision_function,3.072573571610056,1,True,correct
logistic_regression,fake_74,74,1,fake,"Gezim I Madh Ne Familjen E Shkurte Fejzes, Ja Qfare Ndodhi ..",90,short_61_120,log-odds nga decision_function,2.1705138069610226,1,True,correct
logistic_regression,fake_77,77,1,fake,Kush Është Kjo Gruaja Që Sot Protestoi Dhe Tha:Do Ta Tuboj Popullaten Nuk Ka Ndërtim Të Xhamisë,120,short_61_120,log-odds nga decision_function,2.297749507552729,1,True,correct
logistic_regression,fake_79,79,1,fake,"Plas Sh Erri Brenda Familjes Miliardere, Motra Urdhëron “Vr Ásjen” E Të Vëllait",132,medium_121_250,log-odds nga decision_function,2.109120822356986,1,True,correct
logistic_regression,fake_100,100,1,fake,Bëhet Baba Në Moshën 92-Vjeçare Dhe Ai Deshiron Qe Ta…,75,short_61_120,log-odds nga decision_function,1.841174738821191,1,True,correct
logistic_regression,fake_101,101,1,fake,"Nuk Është Parë As Dëgjuar Ndonjëherë, Nëna Lind Fëmijën Dhe Pas 2 Ditësh Merr Lajmin Që Nuk E Priste Kurrë",163,medium_121_250,log-odds nga decision_function,-0.03516720120757788,0,False,false_negative
logistic_regression,fake_112,112,1,fake,"Ekskluzive: Shitet urgjent Golf 5, Çmimi 2600 Euro, pres blers serioz (Foto/Video)",90,short_61_120,log-odds nga decision_function,3.6139878584238714,1,True,correct
logistic_regression,fake_116,116,1,fake,"Para Me Thasë, SHTETl Ku Paraja Nuk Ka Asnjë VIerë",96,short_61_120,log-odds nga decision_function,2.5512076215677393,1,True,correct
logistic_regression,fake_121,121,1,fake,"Rasti i rralle qe emocjonoi gjithe boten,i biri pa duar ushqen nenen e paralizuar (Video)",109,short_61_120,log-odds nga decision_function,2.439703083998214,1,True,correct
logistic_regression,fake_124,124,1,fake,"Flet Nga SHBA Mjeku Per Shqiperine: Vjeshta Do Jete E Tm.Errshme, Ja Çdo Të Ndodhë",95,short_61_120,log-odds nga decision_function,3.8441989999228037,1,True,correct
logistic_regression,fake_125,125,1,fake,"U Nda Nga Eros Grezda/ Oriola Marashi E Zevendeson Menjehere, Me Ke Po I Kalon Pushimet Bukuroshja",100,short_61_120,log-odds nga decision_function,3.340855522479935,1,True,correct
logistic_regression,fake_129,129,1,fake,"Kapi Peshkun, Por Burri U Sho Kua Nga Ajo Se Çfarë I Gjeti Në Stomak",155,medium_121_250,log-odds nga decision_function,2.5626654512899383,1,True,correct
logistic_regression,fake_136,136,1,fake,Si të bëheni milioner për 2020-ën/ 6 tradita për të sjellë fatin e mirë për Vitin e Ri (FOTO),85,short_61_120,log-odds nga decision_function,0.5495461302354345,1,True,correct
logistic_regression,fake_163,163,1,fake,"E fundit! Shtrohet ne spital nga koronavirusi biznesmeni dhe deputeti i PS-së,",87,short_61_120,log-odds nga decision_function,2.207826500723619,1,True,correct
logistic_regression,fake_164,164,1,fake,Vetëm 11 Ditësh Dhe Me Dhëmbë? ‘Zbulohet’ E Vërteta E Videos Që Po ‘Çmend’ Rrjetin (Video),73,short_61_120,log-odds nga decision_function,3.6509944900400457,1,True,correct
logistic_regression,fake_169,169,1,fake,Përse Nuk Duhet Të Kaloni Natën Pranë Varrezave…,98,short_61_120,log-odds nga decision_function,2.595386019530288,1,True,correct
logistic_regression,fake_174,174,1,fake,"E FUNDIT:Publikohen Pamjet EKSLUZIVE Endrit Thaçi, Djali I Presidenti Blen Veturë 35 Mijë Euro Populli Ska Buk Me Honger",97,short_61_120,log-odds nga decision_function,3.4985278007259506,1,True,correct
logistic_regression,fake_176,176,1,fake,"TURP!! 3 mijë euro për një nuse, si i shiten vajzat Shqiptarëve burrave Serbë",107,short_61_120,log-odds nga decision_function,3.0079382309366327,1,True,correct
logistic_regression,fake_186,186,1,fake,"LAJMI I FUNDIT: Gjërat ”rrotulluan” krejtësisht, prishet ”loja” LDK-VV – Kush e bëri këtë?",76,short_61_120,log-odds nga decision_function,2.782650516020257,1,True,correct
logistic_regression,fake_189,189,1,fake,Super lajm nga Zvicra – Shqiptarja lind gjashtënjakë por do te Çmendeni se Çfarë i ofroj shteti,114,short_61_120,log-odds nga decision_function,2.046487794875784,1,True,correct
logistic_regression,fake_195,195,1,fake,Shitet Iphone X cmimi vetem 200 euro nxito sasi e limituar,66,short_61_120,log-odds nga decision_function,2.6571484962373755,1,True,correct
logistic_regression,fake_197,197,1,fake,"Ka 3 adresa Facebook-u per tu shkruar te dashurave, gruaja i nxjerr ‘bojën’ burrit! Por Ardit Gjebrea i ben ate qe nuk e priste",95,short_61_120,log-odds nga decision_function,2.87104849855219,1,True,correct
logistic_regression,fake_204,204,1,fake,"Është Vetëm 8-Muajshe, Por Ka Diçka Të Veçantë Që Askush Nuk E Beson Se Është Ajo",98,short_61_120,log-odds nga decision_function,3.2117754646494197,1,True,correct
logistic_regression,fake_211,211,1,fake,Kos apo qumësht? Ky është ideali për mëngjes dhe do jeni me energji gjithë ditën,71,short_61_120,log-odds nga decision_function,2.5373282742000813,1,True,correct
logistic_regression,fake_212,212,1,fake,"Babai i saj trim u nda nga jeta 22 vite më parë, këngëtarja shqiptare të prek në shpirt me fjalët",118,short_61_120,log-odds nga decision_function,0.9998657883190301,1,True,correct
logistic_regression,fake_213,213,1,fake,"Mjellma ng.ordh nga “ze mra e th.yèr”, adoIeshentët i th.yen vezèt e saj me tuIIa",142,medium_121_250,log-odds nga decision_function,1.6335921941699483,1,True,correct
logistic_regression,fake_219,219,1,fake,"VIDEO EKSLUZIVE:Kevina Kthella Ngre Temperaturat, Shëtit Me Mbathje Në Rrugë Pa Komplekse Dhe Cmend Te Rinjte Dhe Pleqtë",94,short_61_120,log-odds nga decision_function,1.536609774131927,1,True,correct
logistic_regression,fake_221,221,1,fake,Shikojeni me çfarë deklarate vjen tani Naim Abazi për Mihrijën! (PAMJE),82,short_61_120,log-odds nga decision_function,0.9805478522997239,1,True,correct
logistic_regression,fake_232,232,1,fake,"Koronavirusi/ “Kjo situatë mund të zgjasë deri në 3 vjet”, kryeministri Rama “befason” që të gjithë",150,medium_121_250,log-odds nga decision_function,0.9594671086575673,1,True,correct
logistic_regression,fake_234,234,1,fake,"Anulohen dasmat e muajit gusht, ja çfarë do ndodhë me dasmat !?",156,medium_121_250,log-odds nga decision_function,0.0029555558469671617,1,True,correct
logistic_regression,fake_238,238,1,fake,"Dëgjonte zhurma në tavan, por aty sipër gjen një “thesar” të vërtetë (FOTO)",79,short_61_120,log-odds nga decision_function,1.0408001009299106,1,True,correct
logistic_regression,fake_240,240,1,fake,E kush nuk e njeh kete lule? Ajo sheron sem undje qe ju as qe i coni neper mend,84,short_61_120,log-odds nga decision_function,1.61976852927941,1,True,correct
logistic_regression,fake_248,248,1,fake,"Këngëtarja Shqiptare Merr Masa Për Pastërti, Fut Nën Ujë Edhe Celularin!",92,short_61_120,log-odds nga decision_function,1.1038131214699747,1,True,correct
logistic_regression,fake_252,252,1,fake,Nxirrni jargë teksa flini ? Kjo shenjë tregon që ju vuani nga një sëm undje e cila prek…(VIDEO),189,medium_121_250,log-odds nga decision_function,2.0175779662816677,1,True,correct
logistic_regression,fake_255,255,1,fake,KUJDES: Këtë Vendim Të Policisë Së Kosovës Duhet Ta Dini Të Gjithë!,105,short_61_120,log-odds nga decision_function,1.3012073029755193,1,True,correct
logistic_regression,fake_257,257,1,fake,Nga Ilaçet Te Recetat Në Shtëpi: Si Mund Të Trajtohet Humbja E Nuhatjes,87,short_61_120,log-odds nga decision_function,2.0666758403491077,1,True,correct
logistic_regression,fake_262,262,1,fake,Do u rrëqethet mishi nga kjo histori! Kjo shqiptare u martua në moshën 15-vjeçare e humbi 7 fëmijë: Jam..,106,short_61_120,log-odds nga decision_function,2.5792048553956306,1,True,correct
logistic_regression,fake_267,267,1,fake,NJlHUNl me artistin korean që po “truIIos” botën me veprat e tij,81,short_61_120,log-odds nga decision_function,2.21462050115133,1,True,correct
logistic_regression,fake_271,271,1,fake,"VIDEO:‘Noizy E Liroi Nga B Urgu, E Takonte Në Fushë Krujë’/ Klodiana Lala Zbulon Cfare Ndodhi Ne Va Rrimin E Hekuran Billës: Morën Pjesë Edhe Emra Të Botës Së K Rimit",92,short_61_120,log-odds nga decision_function,2.339405344486997,1,True,correct
logistic_regression,fake_276,276,1,fake,"Pasanikët Po Ikin Nga Coronavirusi, Po Futen Nën Tokë – Apartamenti Më I Lirë Në Bunker Kushton Një Milion Dollarë",102,short_61_120,log-odds nga decision_function,2.146763831265602,1,True,correct
logistic_regression,fake_282,282,1,fake,“Jam e tro.nditur…”. Eni Çobanit indodh e papritura: Ti duhet të dish dhe ha.llin tim,91,short_61_120,log-odds nga decision_function,3.1104883315640226,1,True,correct
logistic_regression,fake_290,290,1,fake,EPABESUESHME : Dy djem gropojnë një vend por shikoni cfar nxjerrin ..,67,short_61_120,log-odds nga decision_function,2.0094615183522753,1,True,correct
logistic_regression,fake_298,298,1,fake,"Shkoi për pushime në Shëngjin, Ja çka i ndodhi 34 vjeçarit nga Kosova",66,short_61_120,log-odds nga decision_function,1.1723990648223535,1,True,correct
logistic_regression,fake_299,299,1,fake,Lista Serbe për Vjosa Osmanin: Ti moj Vjosa na ndoqe në korridor për t’i dhënë votat për kryetare të Kuvendit,163,medium_121_250,log-odds nga decision_function,0.45266761476167594,1,True,correct
logistic_regression,fake_301,301,1,fake,"“Dieta Me Oriz”! Minus 10 Kg, Dobësimi Që Nuk Rimerr Kilet As Pas 6 Vitesh",114,short_61_120,log-odds nga decision_function,1.5459406527705117,1,True,correct
logistic_regression,fake_304,304,1,fake,Trumpi I Drejtohet Popullit Amerikan: Ju Njoftoj Se Nga Ky Moment Ne Do Të…,88,short_61_120,log-odds nga decision_function,2.5054283630111547,1,True,correct
logistic_regression,fake_306,306,1,fake,"Albin Kurti e jep lajmin e madh: Më në fund gjithçka përfundoj, URIME KOSOVË",89,short_61_120,log-odds nga decision_function,2.923227500169726,1,True,correct
logistic_regression,fake_307,307,1,fake,"“Bombardohet” Mihrihe Braha, takon për herë të parë “djalin jashtëmartesor” të Naim Abazit pas 19 viteve (VIDEO)",80,short_61_120,log-odds nga decision_function,1.6460146498973605,1,True,correct
logistic_regression,fake_308,308,1,fake,"Juria U Tall Dhe Dyshonte Shumë Në Talentin E Saj, Nuk E Dinin Se Ajo Do Ta Ngritë Publikun Në Këmbë!(Video)",111,short_61_120,log-odds nga decision_function,1.0430774805453422,1,True,correct
logistic_regression,fake_317,317,1,fake,"Dyshonin Se Ishte Shta’tzënë, Mjekët Bëjnë Zbu’limin E Tmer.Rshëm",87,short_61_120,log-odds nga decision_function,1.8380797151357773,1,True,correct
logistic_regression,fake_323,323,1,fake,"Kjo Vajzë Cdo Ditë E Puthte Këtë Të Pastrehë, Por Cfarë Bëri Plaku Për Të, Do Mbeteni Pa Fjalë",370,long_gt_250,log-odds nga decision_function,-0.47953015479626004,0,False,false_negative
logistic_regression,fake_325,325,1,fake,Edi Rama ka “dasht” me nda Kosovën (tonë). Ramush Haradinaj “pa dasht” e ka nda Çakorrin (Video),78,short_61_120,log-odds nga decision_function,3.12942848192733,1,True,correct
logistic_regression,fake_332,332,1,fake,LAJMI I FUNDIT: Infektohet Me CO -19 Këngëtari I Njohur Kosovar!,79,short_61_120,log-odds nga decision_function,0.5458475613091407,1,True,correct
logistic_regression,fake_343,343,1,fake,"Naim Abazi: Punë ka sa të duash, po rinia po kanë qef me nejt në kafe, me prit prej babës hala!",96,short_61_120,log-odds nga decision_function,0.19605709569618224,1,True,correct
logistic_regression,fake_345,345,1,fake,"I Tregoi Të Dashurës Se Jetonte Në Rrugë, Reagimi I Vajzës Do Ju Lërë Pa Fjalë…",82,short_61_120,log-odds nga decision_function,0.8738082862672384,1,True,correct
logistic_regression,fake_351,351,1,fake,"Lejeni menjane ujin me limon ne mengjes, vazhdoni te konsumoni kete perberje qe po cmend te gjithe",488,long_gt_250,log-odds nga decision_function,-0.3284328763572042,0,False,false_negative
logistic_regression,fake_352,352,1,fake,"Ekskluzive: Vjosa Osmani me parti të re, Ja si do të quhet partia e saj!",112,short_61_120,log-odds nga decision_function,1.9524079100225467,1,True,correct
logistic_regression,fake_353,353,1,fake,"Burri vetëm për letra më ka marr mua, tani qe s’kemi as njeri letrat më thotë dil gjeje një tjetër…",600,long_gt_250,log-odds nga decision_function,2.0538761772816096,1,True,correct
logistic_regression,fake_354,354,1,fake,Lëngu i qepës efikas kundër katër sëmundjeve!?,270,long_gt_250,log-odds nga decision_function,-0.3400273237561684,0,False,false_negative
logistic_regression,fake_355,355,1,fake,Mediat serbe: Serbia njeh Kosovën dhe hyn në BE,332,long_gt_250,log-odds nga decision_function,-0.13732640162165977,0,False,false_negative
logistic_regression,fake_367,367,1,fake,Tmerr për Kosovën kush po e përfaqëson! Zbulohet detaje tronditese,96,short_61_120,log-odds nga decision_function,3.4919616696061437,1,True,correct
logistic_regression,fake_368,368,1,fake,Kjo qe do te ndodhe te Henen ne Kosove do iu shokoje,143,medium_121_250,log-odds nga decision_function,2.2016787687048196,1,True,correct
logistic_regression,fake_369,369,1,fake,"Avdullah Hotin nuk e do as fshati i tij Ratkoc, ja çfarë thanë disa prej tyre. – (VIDEO)",95,short_61_120,log-odds nga decision_function,4.301599994539066,1,True,correct
logistic_regression,fake_375,375,1,fake,Ja sa është paga e Naser Rafuna tek seriali ‘Çka ka shpija.’,75,short_61_120,log-odds nga decision_function,3.9416956288599323,1,True,correct
logistic_regression,fake_383,383,1,fake,Albin Kurtin e shokon Hashim Thaçin me kete qe i zbuloi per luften dhe hagen,83,short_61_120,log-odds nga decision_function,6.238823532602682,1,True,correct
logistic_regression,fake_384,384,1,fake,"Skandal: Nuk iu lindi djalë, babai vret vetën e ja se çfarë i ndodhi nënës së re",139,medium_121_250,log-odds nga decision_function,0.9874340485557851,1,True,correct
logistic_regression,fake_394,394,1,fake,"Kjo video po fikson botën, janë futur veta 20 makinë/ Shikoni si dalin një nga një",77,short_61_120,log-odds nga decision_function,5.362819088712605,1,True,correct
logistic_regression,fake_395,395,1,fake,"Shkoni në vendin ku ishte burri, gruaja e kap atë keq me një femër dhe u bën të pabërën",87,short_61_120,log-odds nga decision_function,3.858428129272146,1,True,correct
logistic_regression,fake_412,412,1,fake,"“Eskalon” familjari i deputetit Xhavit Ukaj, fyen rëndë Vjosa Osmanin",85,short_61_120,log-odds nga decision_function,3.5060372257653443,1,True,correct
logistic_regression,fake_415,415,1,fake,Flet edhe njëherë deputeti që iu vërsul Osmanit në Kuvend: Me pas dashtë me e sulmua e kisha…,109,short_61_120,log-odds nga decision_function,2.7880935525464317,1,True,correct
logistic_regression,fake_417,417,1,fake,LAJMI I FUNDIT – Më në fund Lajm i mirë për vizat,147,medium_121_250,log-odds nga decision_function,2.505336467949096,1,True,correct
logistic_regression,fake_423,423,1,fake,"Fero postoi foto me armë, Arbenita e frikësuar se ai ‘do ta vrasë’",70,short_61_120,log-odds nga decision_function,3.9979004210115274,1,True,correct
logistic_regression,fake_428,428,1,fake,Zyrtari i VV-së habit me deklaratën për Thaçin dhe Veselin,87,short_61_120,log-odds nga decision_function,3.503532680824512,1,True,correct
logistic_regression,fake_430,430,1,fake,E jashtëzakonshme: Merkel me flamurin e Kosovës para syve të Vuçiqit,78,short_61_120,log-odds nga decision_function,3.2590001472412,1,True,correct
logistic_regression,fake_433,433,1,fake,Pasi u infektua me Covid-19 vdes Mustafa,57,very_short_le_60,log-odds nga decision_function,1.7294357680833115,1,True,correct
logistic_regression,fake_434,434,1,fake,"Lajm qe duhet ta din te gjithe, Viber do behet me para detaje ekskluzive",78,short_61_120,log-odds nga decision_function,1.7391475447763423,1,True,correct
logistic_regression,fake_439,439,1,fake,‘Çartet’ Sami Lushtaku ia zbulon kete gje Rexhep Selimit,93,short_61_120,log-odds nga decision_function,3.291003069014521,1,True,correct
logistic_regression,fake_451,451,1,fake,Maqedonia e Veriut e shokon Kosoven dhe qytetaret e saj me kete vendim qe morri,78,short_61_120,log-odds nga decision_function,3.759453147362138,1,True,correct
logistic_regression,fake_454,454,1,fake,Këto janë pikat kufitare ku iu kërkohet testi për COVID-19,98,short_61_120,log-odds nga decision_function,1.3366373450058502,1,True,correct
logistic_regression,fake_463,463,1,fake,Emily Ratajkowski duket super s.e.ksi në fotografitë e fundit,94,short_61_120,log-odds nga decision_function,2.262068362277533,1,True,correct
logistic_regression,fake_465,465,1,fake,"Lë Bashkëshorten E Tij Për Një Grua Më Të Re. Çfarë Ndodh 3 Vite Më Vonë, E Lë Atë Pa Fjalë…",136,medium_121_250,log-odds nga decision_function,2.85596167619247,1,True,correct
logistic_regression,fake_472,472,1,fake,"Acarohen raportet e Serbisë me Rusinë, ja çfarë veprimi ka bërë Vuçiq",101,short_61_120,log-odds nga decision_function,2.567730157354704,1,True,correct
logistic_regression,fake_479,479,1,fake,Ja sa kohë duhet për ta marrë virusin në një bar apo restaurant,112,short_61_120,log-odds nga decision_function,2.365071360859906,1,True,correct
logistic_regression,fake_480,480,1,fake,Gani Geci: Hashim Thaçi ma i dëmshëm se KoronaVirusi në këtë kohë!,78,short_61_120,log-odds nga decision_function,5.239670131748344,1,True,correct
logistic_regression,fake_481,481,1,fake,"Detaji që u iku të gjithëve: Tyta e automatikut në shtëpinë e prindërve të Thaçit, e “zbuloi” Veseli",85,short_61_120,log-odds nga decision_function,4.1278624844345115,1,True,correct
logistic_regression,fake_483,483,1,fake,"Nasim Haradinaj: o Ramush Haradinaj, Lakmia e pushteti të prishë!",80,short_61_120,log-odds nga decision_function,3.41256942401559,1,True,correct
logistic_regression,fake_495,495,1,fake,Lajmi i fundit: Hashim Thaçi ¨tenton¨ te ia merr jeten Gani Gecit,197,medium_121_250,log-odds nga decision_function,-0.06619914555496331,0,False,false_negative
logistic_regression,fake_496,496,1,fake,Mulla Osmani i ‘bie shuplakë’ Milaim Zekës live në emision (Video),81,short_61_120,log-odds nga decision_function,1.6848565910068531,1,True,correct
logistic_regression,fake_508,508,1,fake,Shikoni  reagimin e Leonora Jakupit për ndërtimin e xhamisë në Prishtinë,82,short_61_120,log-odds nga decision_function,-0.9390845209045653,0,False,false_negative
logistic_regression,fake_515,515,1,fake,"Bac Qikat e Kosoves po na zbardhin ftyren, Kjo qe beri tash Rita Ora eshte e madhe!",352,long_gt_250,log-odds nga decision_function,-1.5022074920038146,0,False,false_negative
logistic_regression,fake_520,520,1,fake,LAJMI BOMBASTIK / Richard Grenell: Vizat Mund Të Hiqen Ditën E Dielë (VIDEO),162,medium_121_250,log-odds nga decision_function,3.407251328926012,1,True,correct
logistic_regression,fake_527,527,1,fake,A e keni ditur se kjo moderatore është motra e Haki Abazit?,76,short_61_120,log-odds nga decision_function,4.361266606660477,1,True,correct
logistic_regression,fake_528,528,1,fake,Ganja e PDK-s thot se Vjosa tash pa LDK-n as 10% ska me mujt me i fitu,189,medium_121_250,log-odds nga decision_function,0.6251259376211648,1,True,correct
logistic_regression,fake_530,530,1,fake,Shuma marramendëse: Robert Berisha tregon sa paguhet në koncerte,142,medium_121_250,log-odds nga decision_function,-0.5784034069519508,0,False,false_negative
logistic_regression,fake_531,531,1,fake,EKSKLUZIVE: Albin Kurti President i Kosoves?,86,short_61_120,log-odds nga decision_function,6.757628157636923,1,True,correct
logistic_regression,fake_535,535,1,fake,‘Hashim Thaçi’ futet papritmas në emisionin ku ishte Berat Buzhala (Video),96,short_61_120,log-odds nga decision_function,1.2120261796454939,1,True,correct
logistic_regression,fake_536,536,1,fake,Dardan Molliqaj ia publikon këtë ‘top sekret’ Albin Kurtit,65,short_61_120,log-odds nga decision_function,1.0726555232268615,1,True,correct
logistic_regression,fake_539,539,1,fake,E PAPRITUR: Ja Kush Është I Dashuri I Ri I Nora Istrefit sdo ta besoni,96,short_61_120,log-odds nga decision_function,3.3677830252559424,1,True,correct
logistic_regression,fake_544,544,1,fake,Kur pritet t’u mundësohet qytetarëve tërheqja e parave nga Trusti?,209,medium_121_250,log-odds nga decision_function,-1.6898141661434274,0,False,false_negative
logistic_regression,fake_545,545,1,fake,"E pabesueshme, banorët e ketij fshati kapin gjarprin me përmasa të frikshme (Foto)",84,short_61_120,log-odds nga decision_function,0.23800469220501275,1,True,correct
logistic_regression,fake_553,553,1,fake,"Dhurata shkëlqeu e veshur e tëra me lule, por nuk do ta besoni sa kushtoi veshja e saj",97,short_61_120,log-odds nga decision_function,-0.1147065631466182,0,False,false_negative
logistic_regression,fake_555,555,1,fake,Kosova zë vendin e parë në Evropë si vendi me numrin më të madh të infektuarve,158,medium_121_250,log-odds nga decision_function,-2.038824584848972,0,False,false_negative
logistic_regression,fake_556,556,1,fake,"BE-ja dhe SHBA e godasin fort Serbine, cmenden serbet",86,short_61_120,log-odds nga decision_function,1.6950701076565493,1,True,correct
logistic_regression,fake_571,571,1,fake,E papritur:Qeveria fut në karantinë edhe katër komuna,98,short_61_120,log-odds nga decision_function,-0.36729325353587505,0,False,false_negative
logistic_regression,fake_573,573,1,fake,TURP: Ja çfarë thonë mediat serbe për shkuarjen e Thaçit në Hagë,105,short_61_120,log-odds nga decision_function,1.1927675666201267,1,True,correct
logistic_regression,fake_580,580,1,fake,Ja kur pritet te vijë Vala e dytë e Covid-19.,146,medium_121_250,log-odds nga decision_function,-0.25601421250569145,0,False,false_negative
logistic_regression,fake_582,582,1,fake,"Nuk Ka Te Ndalur Tayna, Tregon Si Po Rrit Të Pasmet E Saj Çdo Ditë",111,short_61_120,log-odds nga decision_function,2.2656693813705533,1,True,correct
logistic_regression,fake_583,583,1,fake,"Azem Hajdari ku i thotë Thaçit “të rre hi si qenin more pis…”, ka dy fjalë për Isa Mustafën",191,medium_121_250,log-odds nga decision_function,0.8498359383086674,1,True,correct
logistic_regression,fake_584,584,1,fake,Albin Kurti kapet në aeroport,90,short_61_120,log-odds nga decision_function,0.8495613609756928,1,True,correct
logistic_regression,fake_585,585,1,fake,LAJMI I FUNDIT – E pabesushme ja qka i ndodhi Isa Mustafes ne keto momente pas infektimit me COVID 19,152,medium_121_250,log-odds nga decision_function,4.033349112981887,1,True,correct
logistic_regression,fake_586,586,1,fake,Përhapja e virusit nuk ndalohet me gjendjen e jashtëzakonshme.,165,medium_121_250,log-odds nga decision_function,-0.5177197322576654,0,False,false_negative
logistic_regression,fake_592,592,1,fake,"Mjeku Pipero jep lajmin e mirë: Shqipëria s’do izolohet sërish, vetëm nëse bëni këtë gjë",97,short_61_120,log-odds nga decision_function,0.7081103141298267,1,True,correct
logistic_regression,fake_600,600,1,fake,"LAJMI I FUNDIT: Eshë ulur çmimi i naftës,nuk do ta besoni se sa ka ra!?",145,medium_121_250,log-odds nga decision_function,0.7717135624697644,1,True,correct
logistic_regression,fake_603,603,1,fake,Neurologët: Njerëzit me simptoma të butë të koronavirusit po pësojnë çrregullime serioze të trurit,501,long_gt_250,log-odds nga decision_function,-1.9397112398852567,0,False,false_negative
logistic_regression,fake_608,608,1,fake,E FUNDIT:Video Eksluzive ”Lajm I Madh Nga Zemaj: Do Ta Porosisim Vaksinën Kundër Koronavirusit”,164,medium_121_250,log-odds nga decision_function,1.2846445135215208,1,True,correct
logistic_regression,fake_611,611,1,fake,Ka përçarje brenda LDK’së? Isa Mustafa trondite me kete qe tha!,124,medium_121_250,log-odds nga decision_function,2.9521243383090066,1,True,correct
logistic_regression,fake_612,612,1,fake,"WOW kjo eshte e madhe, Ambasadori Gjerman jep nje lajm te madh per Albin Kurtin dhe Vjosa Osmanin",89,short_61_120,log-odds nga decision_function,1.6028830462749968,1,True,correct
logistic_regression,fake_614,614,1,fake,LAJMI I FUNDIT -Ne kete jave po kthehemi ne Karantine?,465,long_gt_250,log-odds nga decision_function,-0.6618431733201706,0,False,false_negative
logistic_regression,fake_618,618,1,fake,Mergimtari qe erdhi nga Zvicra tregon çka i ndodhi sdo ta besoni(VIDEO),97,short_61_120,log-odds nga decision_function,3.193547481293548,1,True,correct
logistic_regression,fake_619,619,1,fake,“Godet“ Veton Surroi: Ata qe e “kalle” flamurin e Kosovës sigurisht janë katundar nga Drenica,85,short_61_120,log-odds nga decision_function,1.0436625226012644,1,True,correct
logistic_regression,fake_621,621,1,fake,"Pasi u martuan, gruaja mëson pse burri nuk “e prek”. Kur ai bënte dush ajo e pa hapur…",280,long_gt_250,log-odds nga decision_function,-0.7151699298859102,0,False,false_negative
logistic_regression,fake_629,629,1,fake,Aktorja nga Gjilani i quan kosovarët dreqër,93,short_61_120,log-odds nga decision_function,-0.6663607261781677,0,False,false_negative
logistic_regression,fake_631,631,1,fake,"Habitet 22 Vjeçarja Shqiptare Nga Zvicra: Ju Rr Efej Se Cka Ndodh Me Ata Që Martohen Për Letra, Mua Më…",128,medium_121_250,log-odds nga decision_function,1.4331466826486066,1,True,correct
logistic_regression,fake_638,638,1,fake,Lajmi më i ri sa i përket pagesave prej 170 eurosh për punëtorët që mbetën pa punë gjatë pandemisë!,174,medium_121_250,log-odds nga decision_function,-2.040588323343064,0,False,false_negative
logistic_regression,fake_652,652,1,fake,"Beogradi shpall gjendjen e jashtëzakonshme, kjo e keqe po ndodh atje",78,short_61_120,log-odds nga decision_function,0.629966099241345,1,True,correct
logistic_regression,fake_655,655,1,fake,Krenar Gashi:“Avdullah Hoti Mund Të Bëhet Si Ibrahim Rugova “ ndoshta me i zoti se aj,161,medium_121_250,log-odds nga decision_function,-0.3098465571174147,0,False,false_negative
logistic_regression,fake_671,671,1,fake,"E Fundit VIDEO Eksluzive:Harrojeni Covid19,Frika E Shkencëtarëve: “Hëna Do Të Përplaset Me Tokën”",94,short_61_120,log-odds nga decision_function,1.6602233024886006,1,True,correct
logistic_regression,fake_675,675,1,fake,"I Shkatërrohet Karriera, Nora Istrefit I Publikohet Video Me Avokatin E Njohur Kosovar",70,short_61_120,log-odds nga decision_function,2.3904480450189043,1,True,correct
logistic_regression,fake_679,679,1,fake,Fatmir Limaj: Albini As Pragun Ska Me Kalu Ne Zgjedhje Te Reja Keni Me Pa O Popull – VIDEO –,154,medium_121_250,log-odds nga decision_function,1.4184414386464343,1,True,correct
logistic_regression,fake_680,680,1,fake,Ganja e PDK-s Kur tka qef Vjosa matum me vota qe si fitoj 50% ma shum se ajo une dha dorheqje nga PDK-ja,196,medium_121_250,log-odds nga decision_function,0.8417343812982306,1,True,correct
logistic_regression,fake_694,694,1,fake,"LAJMI I FUNDIT: Vjosa Osmani nuk ndalet, Ja jep goditjen finale Isa Mustafes",148,medium_121_250,log-odds nga decision_function,0.027666161842765602,1,True,correct
logistic_regression,fake_702,702,1,fake,LAJMI I FUNDIT – Thaçi: Nëse nuk arrihet marrëveshja me 27 qershor kjo do të ndodhë…,2233,long_gt_250,log-odds nga decision_function,-2.7693499404196276,0,False,false_negative
logistic_regression,fake_713,713,1,fake,"Mixha hyri në një restorant luksoz dhe i shërben kamarierja më e mirë, por të nesërmen ajo shkarkohet pas asaj që kishte bërë!",489,long_gt_250,log-odds nga decision_function,-0.6592542356150239,0,False,false_negative
logistic_regression,fake_721,721,1,fake,"Cka po ndodh ne shesh te Prishtines,zjarrefiksat jane aty dhe",83,short_61_120,log-odds nga decision_function,2.3856344105881107,1,True,correct
logistic_regression,fake_731,731,1,fake,Kryeministri britanik jep lajmin e madh: Ja kur mbaron kriza nga COVID-19,136,medium_121_250,log-odds nga decision_function,0.7690753762584296,1,True,correct
logistic_regression,fake_744,744,1,fake,Studimi i ri: Njerëzit kanë më shumë gjasa të infektohen në shtëpi se sa jashtë,121,medium_121_250,log-odds nga decision_function,0.5915824721085323,1,True,correct
logistic_regression,fake_745,745,1,fake,Vaksina “premtuese” e COVID-19 në Oxford: Çfarë është ajo dhe katër gjërat tjera që duhet ditur,99,short_61_120,log-odds nga decision_function,0.7123623021651053,1,True,correct
logistic_regression,fake_747,747,1,fake,Hoxha nga Drenica i përmend me emra: Këta janë islamofobët që po u pengon ndërtimi i xhamisë,89,short_61_120,log-odds nga decision_function,2.154235213458425,1,True,correct
logistic_regression,fake_756,756,1,fake,"Fotografi brenda Klinikës Infektive në QKUK, mjekë të lodhur e rraskapitur: Këtu as Supermeni nuk bën punë",251,long_gt_250,log-odds nga decision_function,0.32408873301036967,1,True,correct
logistic_regression,fake_758,758,1,fake,Çfarë e zhduk koronavirusin? Italianët bëjnë zbulimin që do na rikthejë në normalitet,100,short_61_120,log-odds nga decision_function,1.8106382476959442,1,True,correct
logistic_regression,fake_760,760,1,fake,Mj eku i njohur Pellumb Pipero jep lajmin e k eq: Pa ndemia mund të zgjasë deri në..,126,medium_121_250,log-odds nga decision_function,1.3403052281896741,1,True,correct
logistic_regression,fake_765,765,1,fake,"Intervistimi 4 ditor i Thaçit, Raportuesja për Kosovën bënë veprimin e papritur",210,medium_121_250,log-odds nga decision_function,1.3268880305032387,1,True,correct
logistic_regression,fake_772,772,1,fake,"Ylli super seksi i ‘Victoria Secret’ kapet ‘mat’ nga paparacit, bikinit morën të gjithë vëmendjen",143,medium_121_250,log-odds nga decision_function,1.1685899275609848,1,True,correct
logistic_regression,fake_781,781,1,fake,Greqia: I dhimbshëm vendimi për xhaminë,120,short_61_120,log-odds nga decision_function,1.2882640752276515,1,True,correct
logistic_regression,fake_783,783,1,fake,Të marrësh kredi për të bërë fëmijë / historia emocionuese e çiftit që u bënë prindër pas 15 vitesh,135,medium_121_250,log-odds nga decision_function,1.152673166099897,1,True,correct
logistic_regression,fake_788,788,1,fake,Albin Kurti e quan Zezaj Ministrin e Shëndetësisë,257,long_gt_250,log-odds nga decision_function,-0.21620199801974338,0,False,false_negative
logistic_regression,fake_789,789,1,fake,"Zemaj deputetëve të VV’së: Ju jeni shëtit me paramilitarë, unë jam nip i Mic Sokolit",246,medium_121_250,log-odds nga decision_function,-1.150488446765274,0,False,false_negative
logistic_regression,fake_793,793,1,fake,"Bëri dasmë në kohën e koronavirusit, Rama i bën shqiptarit atë që nuk e kishte parë as në ëndrrat më të k ëqija",134,medium_121_250,log-odds nga decision_function,1.3711839225790663,1,True,correct
logistic_regression,fake_803,803,1,fake,A do të mbyllen prapë xhamitë?,71,short_61_120,log-odds nga decision_function,1.5957538342613515,1,True,correct
logistic_regression,fake_808,808,1,fake,FËMlJA i a doptuar thotë DlÇKA në sallën e GJYQlT që prek z emrën e të GJlTHËVE,146,medium_121_250,log-odds nga decision_function,0.9492117424748633,1,True,correct
logistic_regression,fake_809,809,1,fake,Oj Qeveri: Ku mbetën 170 eurot që qytetarët janë në pritje të tyre ?,109,short_61_120,log-odds nga decision_function,1.0204848411384628,1,True,correct
logistic_regression,fake_825,825,1,fake,"Eskalon situata në Serbi, protesutesit futen në Kuvend",99,short_61_120,log-odds nga decision_function,1.4071096895807005,1,True,correct
logistic_regression,fake_830,830,1,fake,"‘Cmendet’ Moti Në Shqipëri, Shihni Çfarë Po Ndodh Në Plazhin E Borshit",100,short_61_120,log-odds nga decision_function,2.0235078687901975,1,True,correct
logistic_regression,fake_833,833,1,fake,A paguhen 10 ditët e humbura të karantinës në Zvicër? Flet Shoqata e Sipermarrësve Zviceranë,251,long_gt_250,log-odds nga decision_function,-0.22682204370510206,0,False,false_negative
logistic_regression,fake_835,835,1,fake,"Video Eksluzive:“Doja Të Bleja Shtëpi, Ai Ishte Ndërtuesi I Pallatit”, Alketa Vejsiu Rr Ëfen Hi Storinë! Si U Njoh Me Burrin: U Çmenda Pas Syve Të Tij",127,medium_121_250,log-odds nga decision_function,1.9791061384948048,1,True,correct
logistic_regression,fake_856,856,1,fake,"Gjermania planifikon vendimin e madh, ja qfarë pritet të ndodhë",149,medium_121_250,log-odds nga decision_function,-0.299830095502138,0,False,false_negative
logistic_regression,fake_858,858,1,fake,Çdo bëhet me këtë vend?! Zëri i Amerikës ia pl.as të vërtetën Shqipërisë: Më ulët se kurrë…,134,medium_121_250,log-odds nga decision_function,1.3345385705086708,1,True,correct
logistic_regression,fake_863,863,1,fake,"Video Eksluzive:“Shqiperia Ka Qene Greqi”, Këngëtarja E Njohur ‘Shp Ërthen’ Ndaj Arjan Çanit: Ky Njeri Duhet Te",105,short_61_120,log-odds nga decision_function,1.8315064154230405,1,True,correct
logistic_regression,fake_875,875,1,fake,"Labi gëzon vajzën me aftësi të kufizuara, ia dorëzon një karrocë të re (VIDEO)",139,medium_121_250,log-odds nga decision_function,1.7191185566274332,1,True,correct
logistic_regression,fake_880,880,1,fake,Kadri Veseli “kë.rcënon” ata që u pasuruan pa djersë,112,short_61_120,log-odds nga decision_function,1.6702062226955092,1,True,correct
logistic_regression,fake_887,887,1,fake,"Vjen një lajm shumë i keq për Kosovën dhe qytetarët e saj, KUJDES",112,short_61_120,log-odds nga decision_function,1.8644603037109009,1,True,correct
logistic_regression,fake_888,888,1,fake,Doktori i QKUK-së hedh vrer mbi politikanët kosovarë: A keni familje more politikuaj,92,short_61_120,log-odds nga decision_function,2.0284415478033573,1,True,correct
logistic_regression,fake_889,889,1,fake,"E Porsalindur Dhe Ecën, Publikohen Pamjet Mbreslënëse Dhe… (VIDEO EMOCIONUESE)",62,short_61_120,log-odds nga decision_function,4.132373487777646,1,True,correct
logistic_regression,fake_890,890,1,fake,"Policia Nuk Kursehet Aspak Për Familjen Shqiptare, E Shpo.Rrin Me Urgjencë. 26-Vjeçarja Me Barkun Te Goja Bashkë Me Djalin 2 -Vjeçar",139,medium_121_250,log-odds nga decision_function,1.2398684833851799,1,True,correct
logistic_regression,fake_906,906,1,fake,Nga VV tregojnë nëse do ta pranojnë Vjosa Osmanin në parti,95,short_61_120,log-odds nga decision_function,2.535544326729374,1,True,correct
logistic_regression,fake_907,907,1,fake,VIDEO EKSLUZIVE:Grida Duma: Edi Rama Ka Pro.Bleme Me Pastër.Tinë E Duarve…,98,short_61_120,log-odds nga decision_function,3.048090976876746,1,True,correct
logistic_regression,fake_908,908,1,fake,VIDEO EKSLUZIVE:Ilir Meta E Financoi Me Parat E Dro.Ges Filmin E Bes Kallakut Dhe I Solli Dhe Dashnoren Bleonen Si Aktore…,138,medium_121_250,log-odds nga decision_function,2.5296748911718474,1,True,correct
logistic_regression,fake_910,910,1,fake,Kjo është mundësia e ardhjes së mërgimtarëve nga Gjermania,79,short_61_120,log-odds nga decision_function,2.941865562540344,1,True,correct
logistic_regression,fake_917,917,1,fake,"Rruga shnd.ërrohet në ri.ng, shoferi n.oka.uton tri herë shoferin tjetër",83,short_61_120,log-odds nga decision_function,2.4257524784784237,1,True,correct
logistic_regression,fake_931,931,1,fake,"Xheni dhe partnerja e saj duan të bëhen me fëmijë, ja kush do jetë dhuruesi",89,short_61_120,log-odds nga decision_function,2.465979486931843,1,True,correct
logistic_regression,fake_938,938,1,fake,"Leje qëndrimi për punëtorët sezonalë në Itali, nis procesi, ja sa shqiptarë mund të përfitojnë…",104,short_61_120,log-odds nga decision_function,1.8740598860198907,1,True,correct
logistic_regression,fake_939,939,1,fake,(VIDEO) A Nuk Eshte Mrekulli? Momenti Kur Femija Shpetohet Nga Mb.Ytja Ne Pishine,106,short_61_120,log-odds nga decision_function,1.371988358776162,1,True,correct
logistic_regression,fake_945,945,1,fake,"Exluzive Aeroplani Rrëzohet Në Det, Piloti Filmon Momentin E Shpëtimit Nga..",125,medium_121_250,log-odds nga decision_function,0.8072415804876206,1,True,correct
logistic_regression,fake_950,950,1,fake,"Zeka: Albin Kurti po nxit vëllavrasjen, mund të ketë lufte civile",83,short_61_120,log-odds nga decision_function,2.923729431526982,1,True,correct
logistic_regression,fake_965,965,1,fake,Çka nëse nuk mbahen dasmat këtë verë?,79,short_61_120,log-odds nga decision_function,2.769138817757786,1,True,correct
logistic_regression,fake_966,966,1,fake,"Arben, edhe ti a?🤦‍♂️",107,short_61_120,log-odds nga decision_function,0.7350646061361451,1,True,correct
logistic_regression,fake_974,974,1,fake,Engjellusha a je ti? Nuk i besova syve kur të shikova në plazhë!,90,short_61_120,log-odds nga decision_function,0.10204571570790466,1,True,correct
logistic_regression,fake_975,975,1,fake,"Flet Meda “Ja kam pa hajrin ktij populli, me shpi e kerra”",88,short_61_120,log-odds nga decision_function,0.815777538078299,1,True,correct
logistic_regression,fake_979,979,1,fake,"Kosova në zgjedhje të jashtëzakonshme, Kjo është data!",186,medium_121_250,log-odds nga decision_function,0.030089855094571183,1,True,correct
logistic_regression,fake_988,988,1,fake,"Rexhaj ‘godet’ Nasim Haradinajn, o Nasim ti je banditi më i madh që ka Kosova",99,short_61_120,log-odds nga decision_function,1.3192334804180366,1,True,correct
logistic_regression,fake_991,991,1,fake,"Kështu u pritë jashtë Presidenti Thaçi, pas përfundimit të intervistimit në Hagë (Video)",107,short_61_120,log-odds nga decision_function,0.9470073893731774,1,True,correct
logistic_regression,fake_994,994,1,fake,Albin Kurti është takuar me fshehurazi me qeverinë e sërbisë mos i besoni ketij tradhtari o popull,172,medium_121_250,log-odds nga decision_function,0.4263383919152899,1,True,correct
logistic_regression,fake_1005,1005,1,fake,"Urime Kosovë! Në këtë datë në Korrik do hiqen Vizat, SHBA jep lajmin e madh",105,short_61_120,log-odds nga decision_function,1.091956801618024,1,True,correct
logistic_regression,fake_1028,1028,1,fake,"BE i’a palon Grenellit: Bën veprimin e papritur për Kosovën, hiqen vizat për Kosovën??",261,long_gt_250,log-odds nga decision_function,-1.338371698460443,0,False,false_negative
logistic_regression,fake_1034,1034,1,fake,"Rr’ahje mes dasmorëve në Prishtinë, bërtit “Nusja koka si Lop” (Video)",115,short_61_120,log-odds nga decision_function,0.12699003404132725,1,True,correct
logistic_regression,fake_1037,1037,1,fake,"Daçiq: Na jepni Veriun e Kosovës, pastaj fillojmë me bisedime!",344,long_gt_250,log-odds nga decision_function,-1.2856899690737362,0,False,false_negative
logistic_regression,fake_1042,1042,1,fake,"Afrim Muçiqi: Nëse nuk na lejohet puna, do t’i mbajmë dasmat në shesh apo livadhe",166,medium_121_250,log-odds nga decision_function,-1.2695901429275376,0,False,false_negative
logistic_regression,fake_1054,1054,1,fake,LAJMI FUNDIT: Vjosa Osmani antarsohet në Vetëvendosje ja detajet,96,short_61_120,log-odds nga decision_function,0.5445167035913319,1,True,correct
logistic_regression,fake_1055,1055,1,fake,SHBA vjen me Super Lajm Për Kosovën,286,long_gt_250,log-odds nga decision_function,-1.8441872023466723,0,False,false_negative
logistic_regression,fake_1064,1064,1,fake,Nuk do ta besoni se çka e paralajmëron Isa Mustafa Vjosën!,132,medium_121_250,log-odds nga decision_function,-0.0781393855352055,0,False,false_negative
logistic_regression,fake_1076,1076,1,fake,Isa Mustafa marrja e Qeverisë në këtë kohë është sakrificë që po bënë LDK-ja,103,short_61_120,log-odds nga decision_function,0.5038767034985567,1,True,correct
logistic_regression,fake_1079,1079,1,fake,Agim Veliu “godet“ Vjosen: Oj trashaluqe duhesh mi hjek killat për mu…..,152,medium_121_250,log-odds nga decision_function,-0.064244537952173,0,False,false_negative
logistic_regression,fake_1081,1081,1,fake,"Isa Mustafa: Ne Shqiptarët e Kosovës jemi me Amerikën, kurse Albin Kurti….",81,short_61_120,log-odds nga decision_function,0.6105878441876851,1,True,correct
logistic_regression,fake_1084,1084,1,fake,E pabesueshme se çfarë vendimi pritet të merr Presidenti Hashim Thaçi nëse e…,107,short_61_120,log-odds nga decision_function,1.291680941408888,1,True,correct
logistic_regression,fake_1085,1085,1,fake,Glauk Konjufca: Bëhuni gati…Nesër është vetëm nxemje!,170,medium_121_250,log-odds nga decision_function,-1.4620150066471413,0,False,false_negative
logistic_regression,fake_1090,1090,1,fake,Politikani Serb ‘zbulon’ dy politikanët e Kosovës që po bashkëpunojnë me…,176,medium_121_250,log-odds nga decision_function,-0.03840372630269462,0,False,false_negative
logistic_regression,fake_1092,1092,1,fake,"Abdulla Hoti “godet“ Lëvizjen Vetëvendosje, ja çka i thotë!",112,short_61_120,log-odds nga decision_function,-0.4294102529789232,0,False,false_negative
logistic_regression,fake_1101,1101,1,fake,Ky kombinim po i çmend të gjithë: Bëhu me fIokë duke përdorur bananen,194,medium_121_250,log-odds nga decision_function,-0.14647686939780646,0,False,false_negative
logistic_regression,fake_1104,1104,1,fake,"Nuk hapen xhamitë as në ditët e fundit të Ramazanit, edhe ne Hoxhallarët duam pushim",378,long_gt_250,log-odds nga decision_function,-2.0909881068098866,0,False,false_negative
logistic_regression,fake_1106,1106,1,fake,"Behgjet Pacolli “befason“ me fjalë: E deshtët apo Jo, Halil Kastrati nuk ban “NONA“ tjetër në Shqiptari",75,short_61_120,log-odds nga decision_function,0.7925785856275948,1,True,correct
logistic_regression,fake_1108,1108,1,fake,Vjosa po vjen me parti të re politike me 9 deputet!,44,very_short_le_60,log-odds nga decision_function,1.1618535057806578,1,True,correct
logistic_regression,fake_1117,1117,1,fake,"Albin Kurtit do ti ndodhë më e keqja, Ja çka paralajmëron Pacolli",362,long_gt_250,log-odds nga decision_function,-0.03907730373241547,0,False,false_negative
logistic_regression,fake_1119,1119,1,fake,Detaje të reja: Zbulohen mesazhet zyrtare për rastin e 26 vjeçarit që vdiq dje në Qendrën e Studentëve,84,short_61_120,log-odds nga decision_function,-0.20204962278676541,0,False,false_negative
logistic_regression,fake_1121,1121,1,fake,Vali Corleone flet për Hashim Thaçin e Albin Kurtin: Ja kush janë këta!,73,short_61_120,log-odds nga decision_function,0.9533382827651933,1,True,correct
logistic_regression,fake_1135,1135,1,fake,Hoxhaj: Kurr sdo të bëhet mirë pa ardhur në krye të Kosovës Kadri Veseli,107,short_61_120,log-odds nga decision_function,2.347036638445503,1,True,correct
logistic_regression,fake_1138,1138,1,fake,Hyn dhe Voto dr. Shefqet Krasniqin për imam të xhamisë së re në Prishtinë,104,short_61_120,log-odds nga decision_function,1.5375357645030663,1,True,correct
logistic_regression,fake_1165,1165,1,fake,Çmimi i lartë do tju trondit se sa do të kushtojë një vaksinë anti-korona që e keni patjetër ta merrni!,86,short_61_120,log-odds nga decision_function,3.210919585302847,1,True,correct
logistic_regression,fake_1174,1174,1,fake,"Vjen thirrja e fundit për zgjedhje të parakohshme, pas Albinit e penzionojnë edhe Avdullah Hotin",104,short_61_120,log-odds nga decision_function,1.2450347653186529,1,True,correct
logistic_regression,fake_1179,1179,1,fake,"Bekim Jashari: Albin Kurti , ‘Nuse e mirë po duket por t’ja shohim çeizin’!",110,short_61_120,log-odds nga decision_function,2.6097906810871057,1,True,correct
logistic_regression,fake_1180,1180,1,fake,"Avdullah Hoti fyen rëndë të gjithë myslimanët që falën nëpër xhami, duke i quajtur…?",81,short_61_120,log-odds nga decision_function,1.7572871825841871,1,True,correct
logistic_regression,fake_1183,1183,1,fake,"Kadri Veseli e ‘pren’ punën e xhamisë, nuk do ta besoni se a dha lejen për ndërtimin apo jo?",88,short_61_120,log-odds nga decision_function,-0.15472164035811775,0,False,false_negative
logistic_regression,fake_1186,1186,1,fake,"I gjithë shteti në Alarm, Ja ‘Lajmin që e solli nga Haga’ Hashim Thaçi dhe Kadri Veseli",99,short_61_120,log-odds nga decision_function,2.696480449497974,1,True,correct
logistic_regression,fake_1191,1191,1,fake,"Specialisti italian na i qetëzoi zemrat të gjithëve: ‘Kjo është e vërteta e koronavirusit, mos bini pre e biznismenëve’",91,short_61_120,log-odds nga decision_function,3.4210320273034975,1,True,correct
logistic_regression,fake_1194,1194,1,fake,"Media Gjermane: Merkel është e përfshirë në një skandal, ndihmoi Hashim Thaçin me 2 miliardë Euro?",90,short_61_120,log-odds nga decision_function,2.293600520701642,1,True,correct
logistic_regression,fake_1197,1197,1,fake,Urime KOSOVË / Qeveria e Izraelit zyrtarisht ofron këtë ndihmë pë çdo qytetar të Kosovës,96,short_61_120,log-odds nga decision_function,1.483121513055799,1,True,correct
logistic_regression,fake_1199,1199,1,fake,"Pse shumë njerëz po dështojnë? Cili meriton të kalon i pari, i dyti dhe i fundit?",109,short_61_120,log-odds nga decision_function,2.7861170651235208,1,True,correct
logistic_regression,fake_1224,1224,1,fake,"Ndërron jetë Luan Bajra pak ditë para martesës, i riu vuante nga kjo sëmundje! Ngushllime familjes Bajra",77,short_61_120,log-odds nga decision_function,2.5926928474468003,1,True,correct
logistic_regression,fake_1226,1226,1,fake,URIME NA QOFTË / Oxford jep rezultatet e para pozitive të vaksinës që zhduk tërësisht virusin,74,short_61_120,log-odds nga decision_function,3.3686938423191672,1,True,correct
logistic_regression,fake_1230,1230,1,fake,"Vjosa Osmani me lot në sy pranon largimin e saj nga politika, fjalimi i plotë i saj…?",87,short_61_120,log-odds nga decision_function,3.5526195422802953,1,True,correct
logistic_regression,fake_1234,1234,1,fake,"Viola Cramon ‘trondet’ Kosovën, tregon se cilët dy politikan i than ‘Mos nai liberalizoni vizat pa i fitu na zgjedhjet’",103,short_61_120,log-odds nga decision_function,2.8021991164782394,1,True,correct
logistic_regression,fake_1243,1243,1,fake,"Historike / DELAWIE: ‘O burra, ne ta harron Serbia që SHBA hjek dor nga Kosova, për at Zot i dua si vëllezër’",99,short_61_120,log-odds nga decision_function,2.71145153327131,1,True,correct
logistic_regression,fake_1245,1245,1,fake,"Hyri brenda në qabe dhe filmoi pamje nga brenda, u ‘trondit’ nga ajo që pa sepse se kishte menduar kurrë këtë?",84,short_61_120,log-odds nga decision_function,3.7180216056126687,1,True,correct
logistic_regression,fake_1246,1246,1,fake,"Çmime jashtëzakonisht të ulëta në këto dyqane për shopping, NXITONI URGJENTISHT",87,short_61_120,log-odds nga decision_function,2.2206490540006945,1,True,correct
logistic_regression,fake_1260,1260,1,fake,"Skena shumë të nxehta, çmendet Edona Llalloshi dhe bën rezil udhëheqësen te ‘Shiko kush luan’",93,short_61_120,log-odds nga decision_function,2.820590816622281,1,True,correct
logistic_regression,fake_1266,1266,1,fake,LAJMI I FUNDIT Nga Gjermania – BE-ja më në fund iberalizohen vizat për Kosovarët,98,short_61_120,log-odds nga decision_function,4.072159509266425,1,True,correct
logistic_regression,fake_1274,1274,1,fake,Mustafa Nano e tepron / E vetmja shpresë për shqiptarin është ardhja e Albin Kurtit në pushtet,78,short_61_120,log-odds nga decision_function,4.153615281550258,1,True,correct
logistic_regression,fake_1275,1275,1,fake,"Mjer KOSOVA / Vuçiq e bën ‘hor’ Avduallah Hotin para BE-së, kurse Hoti vetëm shikon si i çmendur",98,short_61_120,log-odds nga decision_function,2.6306494407041914,1,True,correct
logistic_regression,fake_1279,1279,1,fake,"Ramiz Lladrovci: Pishpirikat e Vetëvendosjes nuk ti baj hesap, Albini Kurti ngelafç ngat mu?",106,short_61_120,log-odds nga decision_function,3.43047081293132,1,True,correct
logistic_regression,fake_1285,1285,1,fake,"Kur e pyetën Albert Ajnshtajnin a besonte në Zot, përgjigja e tij la pa frymë gjith Botën",111,short_61_120,log-odds nga decision_function,2.554999037819497,1,True,correct
logistic_regression,fake_1290,1290,1,fake,"URIME NA QOFTË / Mbyllen votimet në Maqedoninë e Veriut, shpallet kryeministri i parë shqipëtar atje",89,short_61_120,log-odds nga decision_function,1.6828489599703313,1,True,correct
logistic_regression,fake_1291,1291,1,fake,Artan Abrashi i VV-së / Krimineli Hashim Thaçi duheshte të jep dorëheqje para se të shkonte sepse sdo të kthehet?,99,short_61_120,log-odds nga decision_function,3.409802807882274,1,True,correct
logistic_regression,fake_1293,1293,1,fake,"Pas di vorcit, nëna gjen të d ashur: Ky është mesazhi që fëmijët kanë për t’i dhënë!",87,short_61_120,log-odds nga decision_function,2.7019027519001377,1,True,correct
logistic_regression,fake_1302,1302,1,fake,"BISEDA SEKRETE: Clinton-D’Alema më 23 mars, 1999 për ndërhyrjën e NATO-së në Kosovë",94,short_61_120,log-odds nga decision_function,2.222549976313181,1,True,correct
logistic_regression,fake_1311,1311,1,fake,EKSKLUZIVE / Këto pamje të filmuara në 1999 të Gani Gecit bëjnë të qarta debatet e këtyre 20 viteve,100,short_61_120,log-odds nga decision_function,1.173639551273331,1,True,correct
logistic_regression,fake_1314,1314,1,fake,Hashim Thaçi ‘çartet’ dhe dridh gjithë Amerikën me fjalimin e tij për KOSOVËN HEROIKE,112,short_61_120,log-odds nga decision_function,1.9762018064758753,1,True,correct
logistic_regression,fake_1320,1320,1,fake,Gent Cakaj: Kur është në pyetje UÇK-ja duhet të jemi 1 or kafsha të pista të Kosovës,86,short_61_120,log-odds nga decision_function,1.9251447658073375,1,True,correct
logistic_regression,fake_1324,1324,1,fake,Mërgimtarët shqipëtar përlotin Hashim Thaçin me befasinë që ia bënë para Gjykatës së Hagës,87,short_61_120,log-odds nga decision_function,3.8609272506796843,1,True,correct
logistic_regression,fake_1325,1325,1,fake,"Prifti shqipëtar Don Zefi: Ne shqipëtarët katolik vëllezër i kemi grekët dhe serbet,",103,short_61_120,log-odds nga decision_function,3.7247616797658454,1,True,correct
logistic_regression,fake_1334,1334,1,fake,"E Fundit / Shkarkohet presidenti i Shqipërisë Ilir Meta, komisioni hetimor raporton që?",97,short_61_120,log-odds nga decision_function,0.3983182005435879,1,True,correct
logistic_regression,fake_1336,1336,1,fake,"Nuk e pranuan Hashim Thaçin në shtëpi, vjen reagimi i Bekim Jasharit ku tregon arsyen se pse?",102,short_61_120,log-odds nga decision_function,2.9816977694452427,1,True,correct
logistic_regression,fake_1346,1346,1,fake,Nga nesër bllokim i plotë i lëvizjes së qytetarëve në këto komuna të Kosovës?,95,short_61_120,log-odds nga decision_function,2.1059140324875996,1,True,correct
logistic_regression,fake_1351,1351,1,fake,Urime Kosovë / Grenell zyrtarisht jep datën kur mund kosovarët të udhëtojnë PA VIZA?,98,short_61_120,log-odds nga decision_function,2.749064553122479,1,True,correct
logistic_regression,fake_1365,1365,1,fake,Shkëlzen Gashi: Kur un ju thoja nuk e besojshit të vërtetën e UÇK-së,99,short_61_120,log-odds nga decision_function,2.551828051634568,1,True,correct
logistic_regression,fake_1371,1371,1,fake,Dokumenti i CIA 1978: Ky ishte politikani që i dha tokat shqipëtare Greqisë,101,short_61_120,log-odds nga decision_function,2.1787947988757903,1,True,correct
logistic_regression,fake_1379,1379,1,fake,"Shefqet Krasniqi: Mos keni frik nga ky virus, nëse e keni të shkruar do tjesh i fundit që dot kap",86,short_61_120,log-odds nga decision_function,1.5732828213294452,1,True,correct
logistic_regression,fake_1382,1382,1,fake,‘Dorëzohet Sërbia’ / Numri i viktimave nga virusi në Sërbi thyen rekordin botëror,74,short_61_120,log-odds nga decision_function,2.5334162082214933,1,True,correct
logistic_regression,fake_1385,1385,1,fake,Merkel ia terron Vuçiqit me këtë kërkesë që ia bëri në lidhje me kufijtë dhe njohjen e pavarsisë së Kosovës,87,short_61_120,log-odds nga decision_function,2.8218333303223595,1,True,correct
logistic_regression,fake_1395,1395,1,fake,Krijesë e huaj misterioze me ‘krahët që duken njerëzore’ i vë në dyshim mendjet e njerëzve,85,short_61_120,log-odds nga decision_function,3.1162020534700297,1,True,correct
logistic_regression,fake_1396,1396,1,fake,Ju Lutem Shpërndaje Që Ta shohin Gjithë / Ja se çfarë po ju ndodh qytetarëve që po udhëtojnë për në Europë,93,short_61_120,log-odds nga decision_function,2.8274289081117194,1,True,correct
logistic_regression,fake_1413,1413,1,fake,Publikohen për herë të parë fotot e Anisa Josifit në shtratin e vd ekjes,100,short_61_120,log-odds nga decision_function,1.9538407466257406,1,True,correct
logistic_regression,fake_1415,1415,1,fake,Italia merr vendim të prerë për shtetin e Kosovës dhe bën apel në gjithë Europën për izolim 24 muajsh?,86,short_61_120,log-odds nga decision_function,2.5397600756394505,1,True,correct
logistic_regression,fake_1420,1420,1,fake,"Molliqaj: Hashim Thaçi nuk është anti-amerikan, është k riminel!",71,short_61_120,log-odds nga decision_function,3.860496228493533,1,True,correct
logistic_regression,fake_1424,1424,1,fake,Plaku nga Kosova: Evropa i ka borxh Kosovës,72,short_61_120,log-odds nga decision_function,2.1650961805394466,1,True,correct
logistic_regression,fake_1426,1426,1,fake,LAJM I FUNDIT:Nuk do mund ta besoni se ku ndodhet në Këto momente Hashim Thaçi,86,short_61_120,log-odds nga decision_function,4.288239483504728,1,True,correct
logistic_regression,fake_1432,1432,1,fake,Këta zyrtarë priten të largohen nga LDK-ja! arsyeja shkarkimi Vjoses?,76,short_61_120,log-odds nga decision_function,3.33738655744355,1,True,correct
logistic_regression,fake_1434,1434,1,fake,A do të vazhdojë të jetë antare e LDKsë? Ja çka thotë Osmani,77,short_61_120,log-odds nga decision_function,3.6885977462428396,1,True,correct
logistic_regression,fake_1441,1441,1,fake,Zbulohet vendin ku ndodhen 28 ton flori!,103,short_61_120,log-odds nga decision_function,1.7504763304211632,1,True,correct
logistic_regression,fake_1450,1450,1,fake,"Besa Gaxherri: Vjosa Duhet Të Matet, Nuk Është E Rrugës Me Luftu Shtëpinë E Vet",91,short_61_120,log-odds nga decision_function,2.9783604462294955,1,True,correct
logistic_regression,fake_1451,1451,1,fake,"Erdogan ndan lajmin më të keq pas pandemisë së fundit, shpreh ngushllimet e tij të sinqerta",86,short_61_120,log-odds nga decision_function,1.9315197744333958,1,True,correct
logistic_regression,fake_1454,1454,1,fake,"I dërgon gabimisht shefit një foto pa rroba, përgjigja e tij e lë pa fjalë",96,short_61_120,log-odds nga decision_function,2.7541679373368053,1,True,correct
logistic_regression,fake_1461,1461,1,fake,Djaloshi ne Prishtine gjen 1450 Euro dhe nje qeles te vetures.,99,short_61_120,log-odds nga decision_function,4.267968874858114,1,True,correct
logistic_regression,fake_1465,1465,1,fake,"Gjermania në kërkim të 472 mijë punëtorëve, këto janë profilet më të kërkuara",88,short_61_120,log-odds nga decision_function,1.1473788776660911,1,True,correct
logistic_regression,fake_1466,1466,1,fake,"Ky pe.nsioner mbante një th.esar në shtëpi, nuk e dinte",94,short_61_120,log-odds nga decision_function,2.4964378843131936,1,True,correct
logistic_regression,fake_1473,1473,1,fake,"Karkalecat pushtojnë Lindjen e Mesme, bll.okohet qarkullimi i automjeteve",93,short_61_120,log-odds nga decision_function,1.670816731101893,1,True,correct
logistic_regression,fake_1474,1474,1,fake,Christopher Hill rrë.fen momente të lu.ftës në Kosovë: Çfarë më tha Millosheviçi pas takimit me UÇK-në,101,short_61_120,log-odds nga decision_function,1.1584461159260413,1,True,correct
logistic_regression,fake_1475,1475,1,fake,Nuk keni pë ta besuar se cila këngëtare kosovare është kjo vogëlushe,96,short_61_120,log-odds nga decision_function,1.1982279798840274,1,True,correct
logistic_regression,fake_1484,1484,1,fake,"E mbajti të fshehtë, futbollisti shqiptar bëhet baba për herë të parë",88,short_61_120,log-odds nga decision_function,0.9020407664822008,1,True,correct
logistic_regression,fake_1488,1488,1,fake,Kilogrami shitet 0ër 1.000 Euro / Gjenden në këtë vend,80,short_61_120,log-odds nga decision_function,1.4660884984130906,1,True,correct
logistic_regression,fake_1492,1492,1,fake,Vjosa Osmani po i bashkohet LVV ? Edhe zogjtë e malit e dinë ..,92,short_61_120,log-odds nga decision_function,1.7815991836356342,1,True,correct
logistic_regression,fake_1498,1498,1,fake,"Hapi i madh i Ramës, arreston zyrtarin e larte te LVV / Reagon Kurti ..",95,short_61_120,log-odds nga decision_function,1.252746865895111,1,True,correct
logistic_regression,fake_1503,1503,1,fake,"Afrim Muqiqi jep lajmin e madh, nga kjo datë dasmat do të bahen dhe urime të gjithëve",83,short_61_120,log-odds nga decision_function,2.195945194179675,1,True,correct
logistic_regression,fake_1511,1511,1,fake,"Ak sident i tm errshëm , treni g odet veturën me 5 u dhëtarë",90,short_61_120,log-odds nga decision_function,2.0075980940125264,1,True,correct
logistic_regression,fake_1513,1513,1,fake,"Ky është shteti, qytetarët e të cilit tr.adhtojnë më shumë partnerin",99,short_61_120,log-odds nga decision_function,1.8542870920114751,1,True,correct
logistic_regression,fake_1519,1519,1,fake,"Dorëzohet Vuçiqi, vendos ta pranon Republikën e Kosovës për shkak të kësaj arsye?",73,short_61_120,log-odds nga decision_function,2.604967024607987,1,True,correct
logistic_regression,fake_1531,1531,1,fake,"E fundit! Shp.ërthen bo.mbula e gazit, e moshuara në gjendje të rëndë",92,short_61_120,log-odds nga decision_function,1.1208016381299588,1,True,correct
logistic_regression,fake_1533,1533,1,fake,EKSLUZIVE – Ja kush po i kerkon Albinit debat televiziv nuk do ta besoni,87,short_61_120,log-odds nga decision_function,3.7925788490355297,1,True,correct
logistic_regression,fake_1538,1538,1,fake,"Ndërron jetë këngëtarja e njohur, pati g.oditje në tru",78,short_61_120,log-odds nga decision_function,1.065499709735219,1,True,correct
logistic_regression,fake_1542,1542,1,fake,"HlSTORlA e shqiptarit që ka HABlTUR rrjetet sociaIe, a ja vIen të Ie gruan për rusen e pasur",100,short_61_120,log-odds nga decision_function,1.7677129060129326,1,True,correct
logistic_regression,fake_1544,1544,1,fake,"Gold AG p ublikon këngën e re, krejt Mediat serbe po shkruajn",88,short_61_120,log-odds nga decision_function,2.104949889230575,1,True,correct
logistic_regression,fake_1545,1545,1,fake,Nuk do ta besoni qfare thote Glauk Konjufca per kreun e LVV-se,90,short_61_120,log-odds nga decision_function,2.4756977275524257,1,True,correct
logistic_regression,fake_1547,1547,1,fake,"Izraeli apo Turqia, cila e ka u shtrinë më të fortë",81,short_61_120,log-odds nga decision_function,0.6053068094432679,1,True,correct
logistic_regression,fake_1551,1551,1,fake,"Presidentja E Kroacisë I’a Thotë Në Sy Mogherinit: Kosovës Duhet Të I’a Jepni Liberalizimin, Sepse Kosovarët E Meritojnë Këtë Gjë Dhe Shumë Gjëra Tjera!",91,short_61_120,log-odds nga decision_function,2.517406157534774,1,True,correct
logistic_regression,fake_1552,1552,1,fake,E pabesueshme: Adelina rr.ëfen se si e ka kapur politikanin e njohur duke vje.dhur para,90,short_61_120,log-odds nga decision_function,2.225392436826339,1,True,correct
logistic_regression,fake_1556,1556,1,fake,Jam tri.shtuar nga vd.ekja tra.gjike e të riut 26-vjeçar nga Gjilani,92,short_61_120,log-odds nga decision_function,1.52560675063264,1,True,correct
logistic_regression,fake_1557,1557,1,fake,"E FUNDIT: Paralajmërimi i Kurtit dr.idh Kosoven, ja qka tha",96,short_61_120,log-odds nga decision_function,3.110467086364815,1,True,correct
logistic_regression,fake_1563,1563,1,fake,"Pacolli: Telefonin e kam përplot me kë.rcënime, jam i fr.ikësuar nga militantet e VV-së!!",100,short_61_120,log-odds nga decision_function,2.1076735142771934,1,True,correct
logistic_regression,fake_1564,1564,1,fake,"LDK para cop.ëtimit – ka përpl.asje të mëdha, zbulohet se disa figura të larta partiake",92,short_61_120,log-odds nga decision_function,0.932221145869245,1,True,correct
logistic_regression,fake_1567,1567,1,fake,"Po pastronte shtëpinë e gjyshërve kur gjeti diçka në dysheme, kur e hapi u sh.okua nga ajo që pa",114,short_61_120,log-odds nga decision_function,2.330353778362645,1,True,correct
logistic_regression,fake_1568,1568,1,fake,Lajm i mire/ Me ne fund del data se kur do levizim me makina pa marr leje,97,short_61_120,log-odds nga decision_function,2.6479654731942333,1,True,correct
logistic_regression,fake_1569,1569,1,fake,Rama pu.blikon statistikat/ Shqipëria vendi europian që ka menaxhuar më mirë situatën e CoVi.d-19,111,short_61_120,log-odds nga decision_function,1.8042299900670198,1,True,correct
logistic_regression,fake_1574,1574,1,fake,Nuk ishte t.ërmet as v.ullkan por diçka e fr.ikshme që rallë kush …,99,short_61_120,log-odds nga decision_function,2.0509549427877514,1,True,correct
logistic_regression,fake_1593,1593,1,fake,Lajmi tr.ondit mediat greke e italiane: Nexhmija e dinte që Enveri…,101,short_61_120,log-odds nga decision_function,1.4417151907329107,1,True,correct
logistic_regression,fake_1594,1594,1,fake,"Pamje shokuese , gruaja hidhet nga ballkoni i PALLATIT ! (Video)",55,very_short_le_60,log-odds nga decision_function,2.6499142359696854,1,True,correct
logistic_regression,fake_1601,1601,1,fake,Vjen SUPER LAJMI Italianët bëjnë zbulimin që do na rikthejë në normalitet nga COVID-19,192,medium_121_250,log-odds nga decision_function,2.0432133539136546,1,True,correct
logistic_regression,fake_1606,1606,1,fake,"LAJMI I FUNDIT: E shpërfilli  virusin COVID-19, Presidenti del Pozitiv i…!",122,medium_121_250,log-odds nga decision_function,0.49741141223253527,1,True,correct
logistic_regression,fake_1609,1609,1,fake,"LAJMI I FUNDIT: Ky është super lajm,Mjeku jep shpresë  sa i perket COVID-19, për popullin e Kosovës!",127,medium_121_250,log-odds nga decision_function,1.4475235307180199,1,True,correct
logistic_regression,fake_1610,1610,1,fake,"LAJMI I FUNDIT: Tronditet skena politike, pas shum rastev me Koronavirus jep doreheqje Ministri i Shendetsise në…!",150,medium_121_250,log-odds nga decision_function,0.8095697555395914,1,True,correct
logistic_regression,fake_1611,1611,1,fake,E FUNDIT: Do befasoheni Çfarë i bëri sot bashkë Vjosa Osmanin dhe Albin Kurtin?,113,short_61_120,log-odds nga decision_function,2.2205643574504648,1,True,correct
logistic_regression,fake_1613,1613,1,fake,"Veton Surroi: UÇK nuk ishte ushtri çlirimtare, po kan lyp me…!",122,medium_121_250,log-odds nga decision_function,1.4326020127920924,1,True,correct
logistic_regression,fake_1616,1616,1,fake,"LAJM I PAPRITUR KY!: Vjosa Osmani Presidente e vendit, ja si dhe kur mund të ndodh?",149,medium_121_250,log-odds nga decision_function,2.628504894733549,1,True,correct
logistic_regression,fake_1619,1619,1,fake,Fatmir Limaj: ”Albini as pragun ska me kalu ne Zgjedhje te reja keni me pa O Popull”? – VIDEO,114,short_61_120,log-odds nga decision_function,3.0097098795977573,1,True,correct
logistic_regression,fake_1622,1622,1,fake,Shpërthen Ganimete Musliu kundër VV-së: Të pafytyrë e po t’ja…!,118,short_61_120,log-odds nga decision_function,1.2691909829023096,1,True,correct
logistic_regression,fake_1624,1624,1,fake,"LAJMI I FUNDIT: Pas aktakuzës ndaj Thaçit e Veselit, PDK merr këtë vendim te papritur nga askush..!",132,medium_121_250,log-odds nga decision_function,1.2764122105418068,1,True,correct
logistic_regression,fake_1625,1625,1,fake,"Kjo video nga Glauk Konjufca ta bën Zemrën mal, Ja çka thoshte ai për Gjykatën Speciale",85,short_61_120,log-odds nga decision_function,2.1820074953291364,1,True,correct
logistic_regression,fake_1641,1641,1,fake,Tunës ka përfunduar në këtë gjendje pas shum se…!,78,short_61_120,log-odds nga decision_function,0.05833894399880868,1,True,correct
logistic_regression,fake_1647,1647,1,fake,"Nuk është më kryeministër, por Oriola tregon hapur simpatinë e saj për Albin Kurtin",104,short_61_120,log-odds nga decision_function,2.0914601728807867,1,True,correct
logistic_regression,fake_1648,1648,1,fake,Godet Thaci : o Albin e more popullin nqaf me ato protesta shikoje numrin e te inf ekt uarve o ti po lyp…?,92,short_61_120,log-odds nga decision_function,3.1703105762649555,1,True,correct
logistic_regression,fake_1653,1653,1,fake,Mjeku shqiptar trondit botën: Ja çfarë i pret të gjithë njerëzit e prekur nga COVID-19,375,long_gt_250,log-odds nga decision_function,-0.6161696267514067,0,False,false_negative
logistic_regression,fake_1655,1655,1,fake,LAJMI I FUNDIT – Ja cili politikan i VV-s do te arrestohet nga Gjykata Speciale,118,short_61_120,log-odds nga decision_function,2.9977089288519148,1,True,correct
logistic_regression,fake_1659,1659,1,fake,Kallashi O Albin Ta Hongsha Zemren Ty Je Zemra Kosoves Per Ty Kisha Vallzu Tanë Naten Ne…,151,medium_121_250,log-odds nga decision_function,4.791273938433359,1,True,correct
logistic_regression,fake_1660,1660,1,fake,"Kosovë, Pacienti Me Koronavirus Nga Spitali I Qon “Selam“ Labinot Tahirit (Video)",129,medium_121_250,log-odds nga decision_function,3.348096689929862,1,True,correct
logistic_regression,fake_1667,1667,1,fake,"VIDEO EKSLUZIVE:Nëse Ke Ndonjë Nga Këto Monedha, Mund Të Bëhesh Shumë I Pasur Ja Pse",196,medium_121_250,log-odds nga decision_function,1.1918366737389168,1,True,correct
logistic_regression,fake_1674,1674,1,fake,LAJMI I FUNDIT – Bota po perballet nga nje rre zik tjeter ja per qfar behet fjale,145,medium_121_250,log-odds nga decision_function,1.058920302860808,1,True,correct
logistic_regression,fake_1675,1675,1,fake,Befason Thaçi: ‘Sa tjem gjall une Albini asnjehere nuk do te vendos per Kosoven sdo ta lejoj me…!,198,medium_121_250,log-odds nga decision_function,1.2215023796863935,1,True,correct
logistic_regression,fake_1676,1676,1,fake,Fatos Lubonja: Hashim Thaçi ka ber vepra te k eqia ndaj serbë të pafajshëm!! Ska vy me i bo,247,medium_121_250,log-odds nga decision_function,1.7387697614875957,1,True,correct
logistic_regression,fake_1687,1687,1,fake,Kjo Grua Nga Prishtina Në Ballkon Dhe Ajo Që Bën Më Ç.Mend Kalimtaret.. (Video),134,medium_121_250,log-odds nga decision_function,1.2049663776271131,1,True,correct
logistic_regression,fake_1692,1692,1,fake,LAJMI I FUNDIT – Nuk do ta besoni qfar do te ndodhe ne Kosove,135,medium_121_250,log-odds nga decision_function,0.4546547909137977,1,True,correct
logistic_regression,fake_1697,1697,1,fake,Shpallja e gjendjes së jashtëzakonshme në Kosovë/ Nuk do të ketë bllokim të plotë,167,medium_121_250,log-odds nga decision_function,2.651651396374694,1,True,correct
logistic_regression,fake_1698,1698,1,fake,"Prekese: Sot u bëra nene pas 10 viteve martes, jam Nene e Trinjakëve, kush me uron i dhent Zoti ate qe i mungon ..",221,medium_121_250,log-odds nga decision_function,3.743043165344532,1,True,correct
logistic_regression,fake_1700,1700,1,fake,"Pipero: Jep lajmin e madh që e kemi pritur të gjithë, “Koronavirusi nuk do të…”",229,medium_121_250,log-odds nga decision_function,-0.4005249850177395,0,False,false_negative
logistic_regression,fake_1711,1711,1,fake,Video Eksluzive: Shikojeni Çka I Ndodhi Ketij Mërgimtarit Nga Kosova Në Finlandë,173,medium_121_250,log-odds nga decision_function,1.3349904849441607,1,True,correct
logistic_regression,fake_1714,1714,1,fake,Godet Kallashi ja qka thot per Albinin nuk do ta besoni,159,medium_121_250,log-odds nga decision_function,2.9342968846855437,1,True,correct
logistic_regression,fake_1720,1720,1,fake,EKSLUZIVE – Vjosa Osmani zbulon detajet e partise te saj te re ja deputet sdo ta besoni,180,medium_121_250,log-odds nga decision_function,1.3627433296957547,1,True,correct
logistic_regression,fake_1729,1729,1,fake,Kush dhe pse e duan të vdekur Gani Gecin ???,177,medium_121_250,log-odds nga decision_function,1.3529196685498674,1,True,correct
logistic_regression,fake_1730,1730,1,fake,"Hoti do mbetet kryeministri më i suksesshëm në historinë e Kosovës, nëse Vuçiqi nuk e bën këtë",130,medium_121_250,log-odds nga decision_function,1.0490587781243574,1,True,correct
logistic_regression,fake_1732,1732,1,fake,Haki Abazi dridhe skenen politike ne Kosove me kete qe tha!,162,medium_121_250,log-odds nga decision_function,-1.289852038836888,0,False,false_negative
logistic_regression,fake_1737,1737,1,fake,Paralajmërohet ‘tronditja’ e madhe për PDK-në: Ja dy përplasjet e forta në këtë parti,88,short_61_120,log-odds nga decision_function,3.8058082075844863,1,True,correct
logistic_regression,fake_1738,1738,1,fake,Tomë Gashi publikon videon e Besa Gaxherrit që tronditi Hashim Thaçin,122,medium_121_250,log-odds nga decision_function,3.032066786507774,1,True,correct
logistic_regression,fake_1740,1740,1,fake,Lajm bomb: Arrestohet djali i deputeti te Partis Demokratike,99,short_61_120,log-odds nga decision_function,0.7818694284029596,1,True,correct
logistic_regression,fake_1742,1742,1,fake,A eshte normal ky njeri? Kjo qe tha Mustafo Nano per Kosoven do iu cmend dhe nervozoj,107,short_61_120,log-odds nga decision_function,3.705708164669981,1,True,correct
logistic_regression,fake_1746,1746,1,fake,"Hiqen te gjitha dyshimet, Kjo eshte partia e re e formuar nga Vjosa Osmani",98,short_61_120,log-odds nga decision_function,3.515751216362955,1,True,correct
logistic_regression,fake_1755,1755,1,fake,Çfarë sinjali po dërgon Ganimete Musliu tek Albin Kurti me një deklaratë të Ramush Haradinajt – përmendet vrasja e Fehmi Aganit!,65,short_61_120,log-odds nga decision_function,5.388439065800862,1,True,correct
logistic_regression,fake_1757,1757,1,fake,"Ngjarje shokuese vjen nga Gjakova , atje sapo ndodhi kjo gje e keqe",69,short_61_120,log-odds nga decision_function,4.0368233299035134,1,True,correct
logistic_regression,fake_1767,1767,1,fake,"Pamje të rralla, kur Leonora Jakupi shetiste me aeroplan në Drenicë  VIDEO",95,short_61_120,log-odds nga decision_function,-0.5583678610241709,0,False,false_negative
logistic_regression,fake_1768,1768,1,fake,Paralajmëroj katastrofë në Kosovë: Ja çka thotë Lul Raka,79,short_61_120,log-odds nga decision_function,3.6793715787779755,1,True,correct
logistic_regression,fake_1783,1783,1,fake,"Një bionde kosovare kaq ekzotike, Blerta Veseli çmend me pozat në bikini",66,short_61_120,log-odds nga decision_function,4.163362678333744,1,True,correct
logistic_regression,fake_1785,1785,1,fake,"Viti 2020 vit i mallkuar, Zbulohet virusi tjeter me i rrezikshme se Koronavirusi",76,short_61_120,log-odds nga decision_function,4.633255621589704,1,True,correct
logistic_regression,fake_1790,1790,1,fake,"Vjen nje goditje e rende per Arben Vitine , edhe kjo u tha per te!",104,short_61_120,log-odds nga decision_function,3.260774015249187,1,True,correct
logistic_regression,fake_1795,1795,1,fake,"Nora i deklason të gjitha, shfaqet veç në bikini nga plazhi ekspozon trupin si ‘peshk’",100,short_61_120,log-odds nga decision_function,2.360492766150257,1,True,correct
logistic_regression,fake_1799,1799,1,fake,"Aksidente i rende ne Kosove , vdes ne vend ky person EMRI",67,short_61_120,log-odds nga decision_function,3.8056044229965265,1,True,correct
logistic_regression,fake_1804,1804,1,fake,ALARMANTE/ Qeveria Hoti po na çon në katastrofë DETAJE EKSKLUZIVE,165,medium_121_250,log-odds nga decision_function,-0.29129983098125867,0,False,false_negative
logistic_regression,fake_1811,1811,1,fake,Ky turp u dëgjua mbrëmë në Kosovë! Kështu bërtiti serbi,85,short_61_120,log-odds nga decision_function,2.7332943463432855,1,True,correct
logistic_regression,fake_1814,1814,1,fake,"Ekspertët japin në alarm tjetër të keq: Vala e dytë ne Kosove e Covid-19 do nisë, ja kur",226,medium_121_250,log-odds nga decision_function,2.7579277096142736,1,True,correct
logistic_regression,fake_1815,1815,1,fake,A ekziston Virusi apo jo? Ky eshte lajmi i Fundit,96,short_61_120,log-odds nga decision_function,2.6379314502392406,1,True,correct
logistic_regression,fake_1819,1819,1,fake,"Kina paralajmëron botën: Keni kujdes, pneumoni vdekjeprurëse nga Kazakistani!",112,short_61_120,log-odds nga decision_function,2.6423977863954935,1,True,correct
logistic_regression,fake_1820,1820,1,fake,"Shikon nje femije ne liqen, hyn ta shpetoje dhe shok.o.h.et nga ajo qe zbulon",89,short_61_120,log-odds nga decision_function,5.200047566390376,1,True,correct
logistic_regression,fake_1826,1826,1,fake,"Hoteli 5 yje: 30 euro nata me ‘mëngjes, darkë dhe çadër’, bëhet fjalë për këtë bregdet të Shqipërisë",96,short_61_120,log-odds nga decision_function,3.3275005630480607,1,True,correct
logistic_regression,fake_1832,1832,1,fake,Publikohen emrat e nëntë aktorëve të ndarjes së Kosovës/ Sali Berisha: Ja trojka kryesore,109,short_61_120,log-odds nga decision_function,2.9465016128406867,1,True,correct
logistic_regression,fake_1834,1834,1,fake,"Gjendja e Jashtëzakonshme? Flet Hashim Thaçi, ka një thirrje të fundit për qytetarët e Kosovës",109,short_61_120,log-odds nga decision_function,2.8752059849217613,1,True,correct
logistic_regression,fake_1839,1839,1,fake,"Video Eksluzive:U Mundua T’i Prishte Martesën Me Tjetrën, I Shoqi E Tërheq Zvarrë Për Flokësh",104,short_61_120,log-odds nga decision_function,0.9399591994300519,1,True,correct
logistic_regression,fake_1848,1848,1,fake,Me këtë imazh Edona po e dëshmon që vajza po bëhet më e bukur se nëna,96,short_61_120,log-odds nga decision_function,-0.8623947659776163,0,False,false_negative
logistic_regression,fake_1861,1861,1,fake,"Vetëm një lugë nga kjo përbërje çdo mëngjes dhe zorrët tuaja do të pastrohen nga mbetjet, në 2 minuta!",375,long_gt_250,log-odds nga decision_function,-0.40192876544947764,0,False,false_negative
logistic_regression,fake_1873,1873,1,fake,Zbulim i ri: Kjo simptomë e re e koronavirusit po shfaqet tek të moshuarit,448,long_gt_250,log-odds nga decision_function,-1.553290029836526,0,False,false_negative
logistic_regression,fake_1874,1874,1,fake,Si të bini nga pesha në dy javë duke konsumuar vezë të ziera,441,long_gt_250,log-odds nga decision_function,0.6354073322692192,1,True,correct
logistic_regression,fake_1885,1885,1,fake,"Infermierja e infektuar me Covid-19 i lutet kolegëve: Mos më lini të vdes, kam fëmijë",247,medium_121_250,log-odds nga decision_function,-0.7687864780148439,0,False,false_negative
logistic_regression,fake_1894,1894,1,fake,"Merret nëpërmjet hundës, ky është ilaçi që pritet të kurojë koronavirusin",162,medium_121_250,log-odds nga decision_function,0.4092465836911643,1,True,correct
logistic_regression,fake_1898,1898,1,fake,"Për kokë të mamit e kapa”, filmojnë “diskun” e çuditshëm që lëviz nëpër qiellin e Tiranës: Është UFO… e kapa, e kapa për Zotin e Madh!",100,short_61_120,log-odds nga decision_function,2.1753189282383194,1,True,correct
logistic_regression,fake_1904,1904,1,fake,"E mbajti të fshehtë, zbulohet më në fund kush është i dashuri i Fifit",130,medium_121_250,log-odds nga decision_function,0.5799776985020977,1,True,correct
logistic_regression,fake_1906,1906,1,fake,Befason profesori italian: Ka një kurë që e Zhduk Koronavirusin brenda 48 orëve,826,long_gt_250,log-odds nga decision_function,-1.9715904538301878,0,False,false_negative
logistic_regression,fake_1912,1912,1,fake,"Konfirmohet frika e kancelares Merkel, kjo është duke ndodhur me COVID-19 në Gjermani",206,medium_121_250,log-odds nga decision_function,-0.8672243781376132,0,False,false_negative
logistic_regression,fake_1913,1913,1,fake,Nuk ua merr mendja sa e bukur është bashkëshortja e Gold Ag,130,medium_121_250,log-odds nga decision_function,0.3353476382331335,1,True,correct
logistic_regression,fake_1917,1917,1,fake,Hëna që ju zgjidhni tregon tipin e personit me të cilin do të dashuroheni,370,long_gt_250,log-odds nga decision_function,-1.3942127060897105,0,False,false_negative
logistic_regression,fake_1920,1920,1,fake,"Gjethet e limonit, zgjidhja natyrale për problemet me fytin, migrenën dhe astmën!",332,long_gt_250,log-odds nga decision_function,-0.4848690860357452,0,False,false_negative
logistic_regression,fake_1923,1923,1,fake,"Hoxha i njohur nga Peja: Shkuarja në diskotekë nuk është haram, unë vetëm kam qenë aty",129,medium_121_250,log-odds nga decision_function,0.07046771864848989,1,True,correct
logistic_regression,fake_1925,1925,1,fake,"Te gjithe Shqiptaret lene koken pas tyre, por ja se cfare nuk keni ditur per to, kur ta merrni vesh do t’i hani dhe me shume",472,long_gt_250,log-odds nga decision_function,-0.2307062624494245,0,False,false_negative
logistic_regression,fake_1928,1928,1,fake,Merrini gjethet e rrushit dhe ruajini ne ngrirje te frigoriferit dhe pervec japrakut ju do te beni dhe dicka tjeter fantastike,180,medium_121_250,log-odds nga decision_function,0.7547526766521162,1,True,correct
logistic_regression,fake_1931,1931,1,fake,Rezultoi 100% e suksesshme/ BE mbështet kurën izraelite kundër koronavirusit,171,medium_121_250,log-odds nga decision_function,0.05694731186252655,1,True,correct
logistic_regression,fake_1932,1932,1,fake,Flet mjekja shqiptare në Kanada: Si të trajtoni virusin në kushtet e shtëpisë,2376,long_gt_250,log-odds nga decision_function,-4.509396299803576,0,False,false_negative
logistic_regression,fake_1933,1933,1,fake,Erdogan vjen me një paralajmërim për mbarë njerëzimin,77,short_61_120,log-odds nga decision_function,1.8902054706135947,1,True,correct
logistic_regression,fake_1935,1935,1,fake,TRAGJlKE: Këngëtarja e njohur humb tre familjarë në një ditë prej Korona Virus,103,short_61_120,log-odds nga decision_function,0.8420382258257069,1,True,correct
logistic_regression,fake_1938,1938,1,fake,"Nobelisti japonez shokon botën: Koronavirusi u prodhua nga Kina, asnjë prej miqve të mi në Wuhan s’ma hap telefonin",353,long_gt_250,log-odds nga decision_function,-0.9518745442247656,0,False,false_negative
logistic_regression,fake_1939,1939,1,fake,Vjosa Osmani ia dërgon një “selam” LDK-së pak ditë para votimit të Qeverisë së re..,146,medium_121_250,log-odds nga decision_function,1.342412116778762,1,True,correct
logistic_regression,fake_1951,1951,1,fake,Peci: Ukaj i tha kryetares Osmani “Ule gishtin se ta fus në b*** e ta…!?”,189,medium_121_250,log-odds nga decision_function,0.866917452520151,1,True,correct
logistic_regression,fake_1960,1960,1,fake,"LAJMI I FUNDIT: Ky eshte vendimi i Vjosa Osmanit, formon partin e re?",117,short_61_120,log-odds nga decision_function,1.9285279410149054,1,True,correct
logistic_regression,fake_1963,1963,1,fake,"Me rrudha dhe e plakur, ‘Nermin’ nuk njihet më!",94,short_61_120,log-odds nga decision_function,3.945576776017086,1,True,correct
logistic_regression,fake_1967,1967,1,fake,"Lajm i madh sapo erdhi, nga Gjermania per Kosovën! URIMEE!",81,short_61_120,log-odds nga decision_function,3.195654109536904,1,True,correct
logistic_regression,fake_1979,1979,1,fake,Lajm i madh sa erdhi nga Gjermani: Ja kur do të hiqen vizat për Kosovën! URIMEE!,118,short_61_120,log-odds nga decision_function,3.072804624498153,1,True,correct
logistic_regression,fake_1982,1982,1,fake,LAJMI I FUNDIT – Grenell merr kete vendim per Kosoven URIME !,106,short_61_120,log-odds nga decision_function,2.0387390904821765,1,True,correct
logistic_regression,fake_1988,1988,1,fake,"E FUNDIT: Harrojeni Koronavirusin, Ngjarje e rende po ndodhe ne Kosove",79,short_61_120,log-odds nga decision_function,1.7124375064716644,1,True,correct
logistic_regression,fake_1991,1991,1,fake,Eskalon gjithqka Gashi- Vjosa Osmanit: A je normal…? – Reagon kryeparlamentarja,120,short_61_120,log-odds nga decision_function,0.4593547578616419,1,True,correct
linear_svm,true_24,24,0,real,"Po, pajtohem me ambasadorin e ShBA-së",391,long_gt_250,decision score (jo probabilitet),-1.4414063003056503,0,True,correct
linear_svm,true_30,30,0,real,Zemaj: Testi për COVID-19 nuk u kërkohet qytetarëve që vijnë nga Shqipëria dhe Serbia,362,long_gt_250,decision score (jo probabilitet),-1.3166561506888776,0,True,correct
linear_svm,true_31,31,0,real,Mjeku shqiptar: Mos u ndjeni të mbrojtur apo supermenë vetëm se keni maskë!,175,medium_121_250,decision score (jo probabilitet),-0.8669898051149032,0,True,correct
linear_svm,true_33,33,0,real,LVV në Tiranë kundër ndryshimeve kushtetuese: Deformojnë vullnetin e qytetarëve dhe sistemin zgjedhor,488,long_gt_250,decision score (jo probabilitet),-0.9668548467367319,0,True,correct
linear_svm,true_45,45,0,real,BE demanton mediat serbe të cilat raportuan se Brukseli po i jep ultimatum Serbisë për Kosovën,213,medium_121_250,decision score (jo probabilitet),-0.1833222627573226,0,True,correct
linear_svm,true_46,46,0,real,"Reagon Mimoza Kusari për sulmin ndaj deputetit të VV-së: Kur ju iku marrja, ju iku edhe mendja e gënjejnë pa turp",118,short_61_120,decision score (jo probabilitet),-0.4681803447555977,0,True,correct
linear_svm,true_50,50,0,real,"Detyrim për test corone në Gjermani, por si funksionon ai?",775,long_gt_250,decision score (jo probabilitet),-1.0185902191360785,0,True,correct
linear_svm,true_57,57,0,real,"Hoti: Autobusët, taksitë dhe kombibusët do të punojnë me gjysmën e kapaciteteve",65,short_61_120,decision score (jo probabilitet),-0.38894983323929416,0,True,correct
linear_svm,true_60,60,0,real,33-vjeçarja e sëmurë u përdhunua nga fqinji/ Apeli prekës i vëllait,262,long_gt_250,decision score (jo probabilitet),-0.547497473556525,0,True,correct
linear_svm,true_64,64,0,real,"Thaçi viziton familjen e Murat dhe Enver Halitit, ndan urdhërin “Hero i Kosovës”",148,medium_121_250,decision score (jo probabilitet),-0.3299207464317117,0,True,correct
linear_svm,true_66,66,0,real,Gjiganti turk bën gati ofertën zyrtare për djaloshin e Kosovës,209,medium_121_250,decision score (jo probabilitet),-1.0044759839009147,0,True,correct
linear_svm,true_68,68,0,real,Zemaj e konfirmon: Qytetarëve të Shqipërisë që hyjnë në Kosovë nuk u kërkohet testi Covid-19,190,medium_121_250,decision score (jo probabilitet),-1.048935714311415,0,True,correct
linear_svm,true_70,70,0,real,"Nis Haxhi, BIK ka një njoftim për besimtarët myslimanë",199,medium_121_250,decision score (jo probabilitet),-0.8172646012305331,0,True,correct
linear_svm,true_71,71,0,real,"Çfarë kërkuan serbet në Rambuje, e çfarë po kërkon sot Serbia nga Kosova",245,medium_121_250,decision score (jo probabilitet),-0.038136042778419144,0,True,correct
linear_svm,true_77,77,0,real,Qeveria po na e bëjka varrimin kur të vdesim nga COVID-19...,127,medium_121_250,decision score (jo probabilitet),-0.5619804248891243,0,True,correct
linear_svm,true_79,79,0,real,Mësoni kush është bashkëshortja e Driton Selmanajt,171,medium_121_250,decision score (jo probabilitet),-0.07783388445637512,0,True,correct
linear_svm,true_100,100,0,real,Parashikon Albulena Haxhiu: Shpejt shihemi në zgjedhje të jashtëzakonshme,258,long_gt_250,decision score (jo probabilitet),-0.7892035461275382,0,True,correct
linear_svm,true_101,101,0,real,"Gjurmimi i COVID-19, cilat vende po e përjetojnë valën e dytë?",597,long_gt_250,decision score (jo probabilitet),-0.9300142569950307,0,True,correct
linear_svm,true_110,110,0,real,"Arbana Xharra: Erdogan ndërton xhami te ne, kurse në Serbi çon biznesmenë",270,long_gt_250,decision score (jo probabilitet),-0.4319514748207302,0,True,correct
linear_svm,true_112,112,0,real,"Masat kundër pandemisë, qeveria merr vendim edhe për çerdhet",74,short_61_120,decision score (jo probabilitet),-0.8152509240747312,0,True,correct
linear_svm,true_116,116,0,real,Shtyhet gjykimi ndaj të akuzuarve për vrasjen e rojës së lokalit “Bon Vivant”,1192,long_gt_250,decision score (jo probabilitet),-1.809864277961776,0,True,correct
linear_svm,true_121,121,0,real,"Makiqi: Zotëri Hashani, kjo që e ke shkruar është rrena më e madhe! Qysh ki fytyrë...",973,long_gt_250,decision score (jo probabilitet),-0.8802213299052994,0,True,correct
linear_svm,true_124,124,0,real,Ja vendimet e fundit nga Qeveria e Kosovës për aktivitetet kulturore e sportive,101,short_61_120,decision score (jo probabilitet),-0.3876949470111764,0,True,correct
linear_svm,true_125,125,0,real,"Më në fund, Isa Mustafa e “pranoi” se e prishi koalicionin me VV-në",293,long_gt_250,decision score (jo probabilitet),-0.5430687829887122,0,True,correct
linear_svm,true_129,129,0,real,"Burri pranon vrasjen e gruas gjatë pushimeve në Francë, para se të merrte avionin për t’u kthyer",365,long_gt_250,decision score (jo probabilitet),-1.036141370843417,0,True,correct
linear_svm,true_136,136,0,real,“Rrethohet Kuvendi i Kosovës - rrahën e shkallmohen në dajak - Deputetët e VV-së!?”,165,medium_121_250,decision score (jo probabilitet),-0.7412549893438825,0,True,correct
linear_svm,true_163,163,0,real,Kujtim Shala polemizon me Meliza Haradinajn,179,medium_121_250,decision score (jo probabilitet),-0.5206864608910193,0,True,correct
linear_svm,true_164,164,0,real,Flet zëvendëskryemistrja: Nuk do të ketë vendim që obligon qytetarët të vetizolohen pas kthimit nga Shqipëria,393,long_gt_250,decision score (jo probabilitet),-0.9234621618400325,0,True,correct
linear_svm,true_169,169,0,real,Deputetja Albena Reshitaj tregon se është shëruar nga koronavirusi,231,medium_121_250,decision score (jo probabilitet),-0.8419939462594435,0,True,correct
linear_svm,true_174,174,0,real,"Hashani: Aziz Makiqi, ku keni qenë ju gjatë okupimit?",181,medium_121_250,decision score (jo probabilitet),-0.7289367487948772,0,True,correct
linear_svm,true_176,176,0,real,"Ministri Reçica viziton OVL-në, të lejohet përfitimi i pensioneve",224,medium_121_250,decision score (jo probabilitet),-0.9467951584586192,0,True,correct
linear_svm,true_186,186,0,real,Aziz Makiqi: Disa njerëz në FHK kanë bërë çmos të mos na lejojnë t’i afrohemi Federatës,1091,long_gt_250,decision score (jo probabilitet),-1.2583187014493906,0,True,correct
linear_svm,true_189,189,0,real,Novosti: Tri vende janë të gatshme të rishqyrtojnë vendimin për njohjen e Kosovës,183,medium_121_250,decision score (jo probabilitet),-0.5139620607751954,0,True,correct
linear_svm,true_195,195,0,real,Ky është deputeti i radhës nga Vetëvendosje i infektuar me COVID-19,97,short_61_120,decision score (jo probabilitet),-0.6364650464519037,0,True,correct
linear_svm,true_197,197,0,real,Kryetari i Prizrenit “ashpërsohet” me masat e Qeverisë,211,medium_121_250,decision score (jo probabilitet),-1.1893416389397464,0,True,correct
linear_svm,true_204,204,0,real,"A do të falet Kurban Bajrami në xhami? – Zemaj: Tubimet në masë, nga dita e nesërme do të ndalohen",197,medium_121_250,decision score (jo probabilitet),-0.8365097819175475,0,True,correct
linear_svm,true_211,211,0,real,Google merr vendimin e papritur për punonjësit e vet,158,medium_121_250,decision score (jo probabilitet),0.0739907953843717,1,False,false_positive
linear_svm,true_212,212,0,real,"I moshuari nga Ferizaj akuzon shumë rëndë Thaçin dhe Veselin, kërkon të hiqet fotografia e tyre",118,short_61_120,decision score (jo probabilitet),0.18989806959444427,1,False,false_positive
linear_svm,true_213,213,0,real,"Tetë të vdekur e numër rekord rastesh të reja me COVID-19, vjen alarmi i zyrtarit të LDK-së: Gjendja është shumë serioze",212,medium_121_250,decision score (jo probabilitet),-0.6377216167638178,0,True,correct
linear_svm,true_219,219,0,real,"Policia ndalon ngjarjen, boksieri shqiptar nuk kursehet: Kush ma paguan...",429,long_gt_250,decision score (jo probabilitet),-1.1546272403449893,0,True,correct
linear_svm,true_221,221,0,real,"Emocionuese, mërgimtari takohet me prindërit pas pesë vitesh",151,medium_121_250,decision score (jo probabilitet),0.07140075265781642,1,False,false_positive
linear_svm,true_232,232,0,real,Këshilltari i Bidenit e vlerëson lart Thaçin,170,medium_121_250,decision score (jo probabilitet),0.0929266404182078,1,False,false_positive
linear_svm,true_234,234,0,real,"“Oj e shkretë”, kështu Vjosa Osmani i përgjigjet Avdullah Hotit",177,medium_121_250,decision score (jo probabilitet),-0.6749471762180257,0,True,correct
linear_svm,true_238,238,0,real,Mehmeti: Hotin askush nuk e merr për seriozisht,236,medium_121_250,decision score (jo probabilitet),-0.9741086692376941,0,True,correct
linear_svm,true_240,240,0,real,Raporti evropian: Si e kapën shqiptarët tregun e drogës ne Evropë me çmime të ulëta dhe cilësi të lartë,1495,long_gt_250,decision score (jo probabilitet),-0.8970508577327854,0,True,correct
linear_svm,true_248,248,0,real,"Cubat e maleve, s'ka kush i bën bashkë?!",624,long_gt_250,decision score (jo probabilitet),-0.5719747575318341,0,True,correct
linear_svm,true_252,252,0,real,"Flet Jakup Krasniqi pasi rezultoi pozitiv me Covid-19, tregon për gjendjen",108,short_61_120,decision score (jo probabilitet),-0.6378127927260298,0,True,correct
linear_svm,true_255,255,0,real,"Haradinaj: Nuk e di çfarë ka ndodhur në takimin Hoti-Vuçiq, por nuk besoj se Hoti bëri ndonjë tradhti",253,long_gt_250,decision score (jo probabilitet),-0.4195903799714276,0,True,correct
linear_svm,true_257,257,0,real,Si u bë feja islame kaq e ‘gjallë’ dhe atraktive!,990,long_gt_250,decision score (jo probabilitet),-1.0186288188103838,0,True,correct
linear_svm,true_262,262,0,real,Caktohet një muaj paraburgim për 40-vjeçarin që ia preu kokën babait me sëpatë në Fushë Kosovë,171,medium_121_250,decision score (jo probabilitet),-0.6025863217975711,0,True,correct
linear_svm,true_267,267,0,real,Driton Selmanaj jep lajmin e fundit për kompleksin memorial “Adem Jashari”,153,medium_121_250,decision score (jo probabilitet),-0.44985518122741147,0,True,correct
linear_svm,true_271,271,0,real,"BE ende pa vendim për rihapjen e kufijve, amerikanët pritet të përjashtohen",480,long_gt_250,decision score (jo probabilitet),-0.9973015582473088,0,True,correct
linear_svm,true_276,276,0,real,“Gazeta “Bota sot” shkatërron të këqijtë dhe përkrahë vlerat e përjetshme kombëtare”,223,medium_121_250,decision score (jo probabilitet),-0.6744976051407507,0,True,correct
linear_svm,true_282,282,0,real,"Zogaj: “Bota sot”, zëdhënëse e shqiptarëve për liri",797,long_gt_250,decision score (jo probabilitet),-1.626105444903569,0,True,correct
linear_svm,true_290,290,0,real,"Përdhunime, aborte… Detaje tronditëse, çfarë ndodh me gratë në burgjet e Koresë së Veriut",249,medium_121_250,decision score (jo probabilitet),-0.883400204655258,0,True,correct
linear_svm,true_298,298,0,real,Pse këto salca janë më të famshmet në botë?,342,long_gt_250,decision score (jo probabilitet),-1.2145388898971647,0,True,correct
linear_svm,true_299,299,0,real,"“Kini mëshirë, dua të takoj fëmijët” Thirrja e të moshuarës shqiptare nga kampi sirian",191,medium_121_250,decision score (jo probabilitet),-0.376492941765224,0,True,correct
linear_svm,true_301,301,0,real,Zvicra nuk e përjashton testimin e detyrueshëm në aeroporte,433,long_gt_250,decision score (jo probabilitet),-0.3632204132098779,0,True,correct
linear_svm,true_304,304,0,real,Llapi angazhon trajner nga Afrika e Jugut,324,long_gt_250,decision score (jo probabilitet),-1.0509422548182297,0,True,correct
linear_svm,true_306,306,0,real,"Pavarësisht masave kundër COVID-19, xhamitë mbeten të hapura, të premten falet namazi i Kurban Bajramit",282,long_gt_250,decision score (jo probabilitet),-0.6758235060064999,0,True,correct
linear_svm,true_307,307,0,real,"Shkuan t’i prangosin, por komisionerët kishin vdekur! Kreu i SPAK: Nuk ishin ç’regjistruar, hetimi ishte sekret",341,long_gt_250,decision score (jo probabilitet),-0.798079623167774,0,True,correct
linear_svm,true_308,308,0,real,"Pesë muaj pasi u dogj në veturë, presidenti Thaçi e shpall hero Qerim Kelmendin",201,medium_121_250,decision score (jo probabilitet),-0.4760817098476689,0,True,correct
linear_svm,true_317,317,0,real,Bastoret parashikojnë fituesin e Kupës së Kosovës,336,long_gt_250,decision score (jo probabilitet),-1.041061507235402,0,True,correct
linear_svm,true_323,323,0,real,Lautaro Martinez shënon gol të çmendur kundër Napolit,65,short_61_120,decision score (jo probabilitet),-0.009124228056775097,0,True,correct
linear_svm,true_325,325,0,real,Ekskluzive: Flet protagonistja e videos virale “O shac”,293,long_gt_250,decision score (jo probabilitet),-0.08546401278115551,0,True,correct
linear_svm,true_332,332,0,real,"Goditje e rëndë për Arsenalin, Shkodran Mustafi mungon deri në tetor",163,medium_121_250,decision score (jo probabilitet),-0.6130850181538501,0,True,correct
linear_svm,true_343,343,0,real,"“Përplasje fizike LDK-VV në Kuvend”, Gashi mohon të ketë pasur incident",104,short_61_120,decision score (jo probabilitet),-0.6751376774544826,0,True,correct
linear_svm,true_345,345,0,real,"Fieraku lind me 6 gishta e probleme mendore, prindërit shpërthejnë në lot: Na dhunon, mos të ishin komshinjtë, sot do kishim 2 varre!",765,long_gt_250,decision score (jo probabilitet),-0.4809583732119152,0,True,correct
linear_svm,true_351,351,0,real,Lë punën shitësi që nuk bëri asnjë ditë pushim për 38 vite radhazi,200,medium_121_250,decision score (jo probabilitet),0.14377920391426613,1,False,false_positive
linear_svm,true_352,352,0,real,"‘Do vriste katër persona’, policia aksion për kapjen e një të dënuari, në kërkim prej 5 vitesh. Ja ku u gjet",202,medium_121_250,decision score (jo probabilitet),-0.8875560566167171,0,True,correct
linear_svm,true_353,353,0,real,"Valbon Krasniqi: Jemi keq, i lus qytetarët të jenë të kujdesshëm",450,long_gt_250,decision score (jo probabilitet),-1.0998797483124845,0,True,correct
linear_svm,true_354,354,0,real,Aksident i rëndë në Prizren: Çiklisti goditet nga një veturë e cila e hedh disa metra larg,158,medium_121_250,decision score (jo probabilitet),-0.6215146855903535,0,True,correct
linear_svm,true_355,355,0,real,"Andy Ruiz reklamon transformimin, para kthimit në ring",162,medium_121_250,decision score (jo probabilitet),-0.2217116706951156,0,True,correct
linear_svm,true_362,362,0,real,Protestojnë artistët: Askush nuk mund ta rishkruajë Historinë e Kosovës,184,medium_121_250,decision score (jo probabilitet),-0.399356078499657,0,True,correct
linear_svm,true_367,367,0,real,“100 € për shërbim ekstra” Si i zbuloi agjenti i infiltruar 3 qendra estetike prostitucioni,652,long_gt_250,decision score (jo probabilitet),-0.7087317050619024,0,True,correct
linear_svm,true_368,368,0,real,"“Gjuhen” me fjalë, Rina Balaj e Erza Jusaj",252,long_gt_250,decision score (jo probabilitet),-0.9912036263890727,0,True,correct
linear_svm,true_369,369,0,real,Haziri i ashpërson kritikat ndaj Hotit: Nuk jam kryetar për të numëruar të vdekurit nga Covid-19,266,long_gt_250,decision score (jo probabilitet),-1.0743360606113852,0,True,correct
linear_svm,true_375,375,0,real,"Nga abstenimi i Xhafës tek ‘mungesa’ e Elisës, si u votua për shkarkimin e Metës",198,medium_121_250,decision score (jo probabilitet),-0.5558679763605865,0,True,correct
linear_svm,true_383,383,0,real,"Gjermania vendi më i pëlqyer në botë, lë pas SHBA, Kinën dhe Rusinë",230,medium_121_250,decision score (jo probabilitet),-0.5443032117805122,0,True,correct
linear_svm,true_384,384,0,real,"Edi Rama ia uron Lorik Canës ditëlindjen, paralajmëron bashkim kombëtar",451,long_gt_250,decision score (jo probabilitet),-0.8298653415190795,0,True,correct
linear_svm,true_394,394,0,real,Gjermania refuzon propozimin e Trumpit për lejimin e kthimit të Rusisë në Grupin G7,247,medium_121_250,decision score (jo probabilitet),-0.1885385389258148,0,True,correct
linear_svm,true_395,395,0,real,"Njihuni me fshatin ku paraja dhe pushteti nuk kanë vlerë, çdo gjë falas",272,long_gt_250,decision score (jo probabilitet),-0.8158118883988938,0,True,correct
linear_svm,true_412,412,0,real,"Ischinger lobon për heqjen e vizave, von Cramon i reagon: Mos harro t’ua thash këtë Macronit dhe Rutte’s",170,medium_121_250,decision score (jo probabilitet),0.08690099935608392,1,False,false_positive
linear_svm,true_415,415,0,real,Takimi Vuçiq – Vahrleyi u zhvillua në zyrat e misionit serb – aty ishte libri që ka në titull fjalët “Kosova dhe Metohia”,165,medium_121_250,decision score (jo probabilitet),-0.6736906518606414,0,True,correct
linear_svm,true_417,417,0,real,"Vdesin 2 persona nga covid19 në Shqipëri, shkon në 53 numri i qytetarëve që kanë humbur jetën",87,short_61_120,decision score (jo probabilitet),-0.7668441259176566,0,True,correct
linear_svm,true_423,423,0,real,Kryeprokurori: Ende s’dihet nëse Agon Musliu bëri vetëvrasje apo dikush e shtyri në vrasje,424,long_gt_250,decision score (jo probabilitet),-1.3316823671703468,0,True,correct
linear_svm,true_428,428,0,real,Grenell lajmërohet për takimin në Washington: Kosova dhe Serbia duhet ta shfrytëzojnë këtë mundësi,205,medium_121_250,decision score (jo probabilitet),-0.17601084256214677,0,True,correct
linear_svm,true_430,430,0,real,"Labi: 87 vjeçares nga Istogu që mbeti e vetme 30 vjet më parë, pension 200 euro që prej sot",398,long_gt_250,decision score (jo probabilitet),-1.0147493083920274,0,True,correct
linear_svm,true_433,433,0,real,Kek super i butë – Shije e lehtë fantastike,449,long_gt_250,decision score (jo probabilitet),-0.4383004485871584,0,True,correct
linear_svm,true_434,434,0,real,​FSSHK kërkon në kuadër të rishikimit të buxhetit të aprovohet edhe shtesa në paga,192,medium_121_250,decision score (jo probabilitet),-0.8668196043402037,0,True,correct
linear_svm,true_439,439,0,real,"Dikur jetoi në shpellë, sot është një nga liderët më të fuqishëm në botë",1196,long_gt_250,decision score (jo probabilitet),-1.3206386277472428,0,True,correct
linear_svm,true_451,451,0,real,"Kaq të rinjë prindërit e Taynes, sikur t’i kishte vëlla e motër",139,medium_121_250,decision score (jo probabilitet),-0.5534224700577748,0,True,correct
linear_svm,true_454,454,0,real,Disa arsye se përse nuk duhet të flini përmbys,210,medium_121_250,decision score (jo probabilitet),-0.6539725930324964,0,True,correct
linear_svm,true_463,463,0,real,"Gjyste Vulaj sfidon moshën, me foton e fundit la edhe njëherë nën hije vajzat e reja",113,short_61_120,decision score (jo probabilitet),-0.23911338777842456,0,True,correct
linear_svm,true_465,465,0,real,Zgjerimi i familjes? Milot Rashica flet për planet,70,short_61_120,decision score (jo probabilitet),0.06670790216764955,1,False,false_positive
linear_svm,true_472,472,0,real,"Elsa, vajza e Safetes jo veç këngëtare, ky është profesioni tjetër i saj",118,short_61_120,decision score (jo probabilitet),-1.000896874303135,0,True,correct
linear_svm,true_479,479,0,real,Mustafa i reagon VV-së: Akademik Kujtim Shala me dije…,168,medium_121_250,decision score (jo probabilitet),-0.7751104193514537,0,True,correct
linear_svm,true_480,480,0,real,Sa palë syza ka Leonora Jakupi,106,short_61_120,decision score (jo probabilitet),-0.5433859752683934,0,True,correct
linear_svm,true_481,481,0,real,Vjollca Haxhiu realizon foto të bukur në Dubai,77,short_61_120,decision score (jo probabilitet),-0.19869624632573585,0,True,correct
linear_svm,true_483,483,0,real,Ky burrë e ha specin më të djegës në botë pa pirë asgjë,133,medium_121_250,decision score (jo probabilitet),-0.5874236667412172,0,True,correct
linear_svm,true_486,486,0,real,Miss Valentina shfaqet superseksi me të zeza,62,short_61_120,decision score (jo probabilitet),-0.4024796687101619,0,True,correct
linear_svm,true_495,495,0,real,"‘Eh moj Sara Hoxha mbas 5 vitesh, kur ta kapësh duke të të tradhtuar këtë laper’",238,medium_121_250,decision score (jo probabilitet),-0.4655635911362935,0,True,correct
linear_svm,true_496,496,0,real,Në këto komuna janë konfirmuar 276 rastet e reja me koronavirus,113,short_61_120,decision score (jo probabilitet),-0.8611829681731422,0,True,correct
linear_svm,true_508,508,0,real,Trajneri i njohur shqiptar ndërron jetë shkaku i Koronavirusit,128,medium_121_250,decision score (jo probabilitet),-0.5710509398978276,0,True,correct
linear_svm,true_515,515,0,real,"Është 53 vjeç, por në këtë foto Eli Fara duket si një vajzë e re",102,short_61_120,decision score (jo probabilitet),-0.8645746384310589,0,True,correct
linear_svm,true_520,520,0,real,Cilat janë simptomat që tregojnë nëse e keni kaluar koronavirusin,272,long_gt_250,decision score (jo probabilitet),0.09877265941772617,1,False,false_positive
linear_svm,true_527,527,0,real,Sa shumë kanë ndryshuar aktorët e serialit “Kloni”,134,medium_121_250,decision score (jo probabilitet),-0.6795492322245744,0,True,correct
linear_svm,true_528,528,0,real,"Një yll si Oriola Marashi, ndriçon edhe në mbrëmje",110,short_61_120,decision score (jo probabilitet),-0.822693248434389,0,True,correct
linear_svm,true_530,530,0,real,Morena ‘rrëzohet’ në rrafsh,63,short_61_120,decision score (jo probabilitet),-0.3861008640503362,0,True,correct
linear_svm,true_531,531,0,real,"Ndërron jetë edhe një person i infektuar me Covid-19, nga Peja",57,very_short_le_60,decision score (jo probabilitet),-0.5812236402244617,0,True,correct
linear_svm,true_535,535,0,real,Loredana: Zemër ty a të ka marrë malli?,154,medium_121_250,decision score (jo probabilitet),-0.8606421645452977,0,True,correct
linear_svm,true_536,536,0,real,Arta Bajrami me çizme të gjata në pikë të verës,87,short_61_120,decision score (jo probabilitet),-0.39210665164625275,0,True,correct
linear_svm,true_539,539,0,real,"Bukë me vaj, djathë e domate, pushuesi ndan fotot modeste nga Spilleja: Kaq kemi mundësi…",166,medium_121_250,decision score (jo probabilitet),0.3199005716891233,1,False,false_positive
linear_svm,true_544,544,0,real,"Besojeni ose jo, kjo ndërtesë nuk u shemb as me 300 kilogram tritol",72,short_61_120,decision score (jo probabilitet),-0.5318178759818528,0,True,correct
linear_svm,true_545,545,0,real,Zyrtarja e huaj: Gratë mund të mbesin shtatzëna nëse notojnë bashkë me burrat,203,medium_121_250,decision score (jo probabilitet),-0.1490967792444889,0,True,correct
linear_svm,true_553,553,0,real,MIloti e xhiron Edonën prapa kamerave,86,short_61_120,decision score (jo probabilitet),-1.1127025628277023,0,True,correct
linear_svm,true_555,555,0,real,Atletes i ndodh e papritura gjatë ushtrimeve në palestër,88,short_61_120,decision score (jo probabilitet),-0.5614008640346486,0,True,correct
linear_svm,true_556,556,0,real,"Vila e Esat pashë Toptanit, në fshatin Reth të Durrësit",283,long_gt_250,decision score (jo probabilitet),-0.9667562854078702,0,True,correct
linear_svm,true_571,571,0,real,Kështu e zuri babai i saj Shyhreten me të dashurin,212,medium_121_250,decision score (jo probabilitet),-0.614729052348606,0,True,correct
linear_svm,true_573,573,0,real,"Thënie të Ibrahim Rugovës: Kokën mund të ma ndërrojnë, por mendimin kurrë!",461,long_gt_250,decision score (jo probabilitet),-0.8135914497022325,0,True,correct
linear_svm,true_580,580,0,real,"Dua Lipa lanson këngën e re, Tokyo e ‘Casa de Papel’ shkëlqen në videoklip",129,medium_121_250,decision score (jo probabilitet),-0.46356442621353616,0,True,correct
linear_svm,true_582,582,0,real,"Sërish viza gjermane për ata me kontratë pune, por edhe pengesa",1095,long_gt_250,decision score (jo probabilitet),-0.7788138068560133,0,True,correct
linear_svm,true_583,583,0,real,Covid-19 u merr jetën dy mjekëve kosovarë,241,medium_121_250,decision score (jo probabilitet),-0.6397153487351099,0,True,correct
linear_svm,true_584,584,0,real,Adelina e tepron me fustanin e shkurtër,76,short_61_120,decision score (jo probabilitet),-0.9944361708681397,0,True,correct
linear_svm,true_585,585,0,real,"Sejdiu i gatshëm të kandidojë për president, nëse dorëhiqet Thaçi",152,medium_121_250,decision score (jo probabilitet),-0.0848311861568965,0,True,correct
linear_svm,true_586,586,0,real,Menjëherë fshijeni nësë ju vjen ky mesazh në telefon,206,medium_121_250,decision score (jo probabilitet),0.3916401980543477,1,False,false_positive
linear_svm,true_592,592,0,real,"Kejvina bombastike, merr gjithë vëmendjen me paraqitjen e fundit!",90,short_61_120,decision score (jo probabilitet),0.1778105094744828,1,False,false_positive
linear_svm,true_600,600,0,real,Gjashtë simptomat të lehta të Coronavirust që duhet t’i dini,1467,long_gt_250,decision score (jo probabilitet),-0.9375301952678121,0,True,correct
linear_svm,true_603,603,0,real,Krasniqi: Sot i kemi sjell para falimentimit të gjithë gastronomët e Kosovës,401,long_gt_250,decision score (jo probabilitet),-1.1252111170971437,0,True,correct
linear_svm,true_608,608,0,real,Pse duhet të konsumoni limon çdo ditë?,170,medium_121_250,decision score (jo probabilitet),-0.15859727261945705,0,True,correct
linear_svm,true_611,611,0,real,"E pabesueshme, por ky do jetë çmimi i vaksinës për trajtimin e Covid 19",187,medium_121_250,decision score (jo probabilitet),-0.3460566984594589,0,True,correct
linear_svm,true_612,612,0,real,A do të zgjatet leja për punëtorët nga Kosova në Gjermani?,163,medium_121_250,decision score (jo probabilitet),-0.5585282130571891,0,True,correct
linear_svm,true_614,614,0,real,Vjen edhe reagimi i Leonora Jakupit për ndërtimin e xhamisë në Prishtinë,75,short_61_120,decision score (jo probabilitet),-1.031964869019481,0,True,correct
linear_svm,true_618,618,0,real,Haradinaj “godet” Hotin: Pse nuk e pyete edhe ti Vuçiqin a din shqip?,244,medium_121_250,decision score (jo probabilitet),-0.406894517730571,0,True,correct
linear_svm,true_619,619,0,real,"Haradinaj paralajmëron prishjen e koalicionit, i pakënaqur me Kryeministrin Hoti",167,medium_121_250,decision score (jo probabilitet),-0.44006949742897833,0,True,correct
linear_svm,true_621,621,0,real,Isa Mustafa shërohet nga koronavirusi,140,medium_121_250,decision score (jo probabilitet),0.0560548110387602,1,False,false_positive
linear_svm,true_629,629,0,real,Tetë anesteziologë të QKUK-së infektohen me koronavirus,436,long_gt_250,decision score (jo probabilitet),-0.9429256421749381,0,True,correct
linear_svm,true_631,631,0,real,4 mënyra natyrale si të largoni rrudhat nga fytyra,476,long_gt_250,decision score (jo probabilitet),0.1786538056812479,1,False,false_positive
linear_svm,true_638,638,0,real,Vjen një lajm i mirë për veteranët e UÇK-së,132,medium_121_250,decision score (jo probabilitet),-0.7181144912633055,0,True,correct
linear_svm,true_652,652,0,real,Adea Pules i del kuki prej vendit,93,short_61_120,decision score (jo probabilitet),-0.8822329806317022,0,True,correct
linear_svm,true_655,655,0,real,"Nëse i fsheh paratë në këto 8 vende, zëre se nuk i ke fare!",277,long_gt_250,decision score (jo probabilitet),-0.021849021289839843,0,True,correct
linear_svm,true_671,671,0,real,Kosova hiqet nga harta – Dua Lipa nënshkruan peticionin,100,short_61_120,decision score (jo probabilitet),-0.8244636318765652,0,True,correct
linear_svm,true_675,675,0,real,A është Fifi në lidhje? Përgjigjet këngëtarja,55,very_short_le_60,decision score (jo probabilitet),-0.09699039737416998,0,True,correct
linear_svm,true_679,679,0,real,"Duke punuar kopshtin, çifti gjen kasafortën me mijëra dollarë e stoli ari",146,medium_121_250,decision score (jo probabilitet),0.144660071707503,1,False,false_positive
linear_svm,true_680,680,0,real,Fitore Pacolli: Shpallja e gjendjes së jashtëzakonshme siç po ka dëshirë qeveria Hoti nuk është zgjidhje,394,long_gt_250,decision score (jo probabilitet),-1.0079767754957194,0,True,correct
linear_svm,true_694,694,0,real,Nora Istrefi më në fund merr një vendim në lidhje me Robertin,117,short_61_120,decision score (jo probabilitet),0.37260147313507924,1,False,false_positive
linear_svm,true_702,702,0,real,Turku ia mbush dhomën me dhurata të shtrenjta Gentës,113,short_61_120,decision score (jo probabilitet),-0.628321524372486,0,True,correct
linear_svm,true_713,713,0,real,Shkencëtaret kinez: Covid-19 u shfaq për herë të parë në Spanjë,234,medium_121_250,decision score (jo probabilitet),-0.3307162743168555,0,True,correct
linear_svm,true_721,721,0,real,Genci ia dedikon këto fjalë të bukura Enit me rastin e ditëlindjes,198,medium_121_250,decision score (jo probabilitet),-0.6451266070751212,0,True,correct
linear_svm,true_731,731,0,real,Kështu dukej Egzona para se të dashurohej me Albatritin,101,short_61_120,decision score (jo probabilitet),-0.9219144340411163,0,True,correct
linear_svm,true_744,744,0,real,Vajza e ish-kryeministrit Bajram Rexhepi nuk lejohet nga e ëma t’i hyjë politikës,229,medium_121_250,decision score (jo probabilitet),-0.6008185677351048,0,True,correct
linear_svm,true_745,745,0,real,Me këtë fustan del në park Qëndresa e Labit,89,short_61_120,decision score (jo probabilitet),-0.17805010752771327,0,True,correct
linear_svm,true_747,747,0,real,Endrit Thaçi reagon pasi Gjykata Speciale ngriti aktakuzë ndaj babait të tij,92,short_61_120,decision score (jo probabilitet),-0.2988706044574813,0,True,correct
linear_svm,true_756,756,0,real,Angela Martini nuk i ndalë provokimet as në jaht,87,short_61_120,decision score (jo probabilitet),-0.5356781198869651,0,True,correct
linear_svm,true_758,758,0,real,Aq shumë iu ka rritur gjoksi sa që Oriola Marashi po e mban me duar,98,short_61_120,decision score (jo probabilitet),-0.531796553494553,0,True,correct
linear_svm,true_760,760,0,real,Do të befasoheni se çfarë të vërtetash fshehen prapa serialeve turke,297,long_gt_250,decision score (jo probabilitet),-0.46556673449762814,0,True,correct
linear_svm,true_765,765,0,real,"Sasa e “O sa mirë” plotë jetë, vitet thjeshtë numra janë për të",57,very_short_le_60,decision score (jo probabilitet),-0.35506195811932345,0,True,correct
linear_svm,true_772,772,0,real,"Dhimbjet që mendoni se i keni nga dhëmbët, por në fakt kanë të bëjë me diçka tjetër",445,long_gt_250,decision score (jo probabilitet),-0.4398808024425623,0,True,correct
linear_svm,true_781,781,0,real,Reperja e njohur e publikon nga afër tatuazhin në pjesën e të pasmeve,105,short_61_120,decision score (jo probabilitet),-0.6137386971287297,0,True,correct
linear_svm,true_783,783,0,real,"“Nëntori i dytë”, ja pse u hoq pjesa kur Isa Boletini luftonte me serbët",1952,long_gt_250,decision score (jo probabilitet),-1.8838952995689349,0,True,correct
linear_svm,true_786,786,0,real,Ekskluzive: Alfred Cako zbulon vaksinën e Covid19 që shkakton vdekje dhe ndalon lindjet,46,very_short_le_60,decision score (jo probabilitet),0.5291442974477045,1,False,false_positive
linear_svm,true_788,788,0,real,"Infekton 76 të ftuar me koronavirus babai i nuses, dasma kthehet në rast studimi",238,medium_121_250,decision score (jo probabilitet),-0.061011606756952,0,True,correct
linear_svm,true_789,789,0,real,Ivanka Trump në secilën paraqitje pa sytjena,68,short_61_120,decision score (jo probabilitet),-0.271556403419083,0,True,correct
linear_svm,true_793,793,0,real,"Trusti s’do pengojë tërheqjen e kursimeve, kompensimi nga qeveria jo për të gjithë",942,long_gt_250,decision score (jo probabilitet),-1.1476420010725252,0,True,correct
linear_svm,true_803,803,0,real,"Ambasada e SHBA-së në Kosovë apelon për kujdes, tubimi paqësor i LVV-së mund të bëhet i dhunshëm",263,long_gt_250,decision score (jo probabilitet),-0.9367567501430483,0,True,correct
linear_svm,true_808,808,0,real,"Avdyli i del në krahë Osmanit: Kur do flasim ne të vertetën, atëherë keni me mbetë pa fjalë",244,medium_121_250,decision score (jo probabilitet),0.047775286043061416,1,False,false_positive
linear_svm,true_809,809,0,real,Gëzimja përgatit tortën më të bukur për vajzën,86,short_61_120,decision score (jo probabilitet),0.050463926733622766,1,False,false_positive
linear_svm,true_825,825,0,real,"Pasi u propozua për kryeministër konsensual Murat Jashari, vjen edhe reagimi nga Familja Jashari",258,long_gt_250,decision score (jo probabilitet),-0.16393625578235033,0,True,correct
linear_svm,true_830,830,0,real,Vjosa Osmani mbështet masat e reja të Albin Kurtit kundër Serbisë,221,medium_121_250,decision score (jo probabilitet),-0.3356294994784144,0,True,correct
linear_svm,true_833,833,0,real,"Horoskopi, e shtunë 30 maj 2020",529,long_gt_250,decision score (jo probabilitet),-0.9237494496726306,0,True,correct
linear_svm,true_835,835,0,real,"Veton Surroi mbetet pa tekst, ky është reagimi i tij për aktgjykimin",115,short_61_120,decision score (jo probabilitet),0.1458798917479644,1,False,false_positive
linear_svm,true_856,856,0,real,​ Nesër në Bruksel mbahet takimi i ekspertëve,60,very_short_le_60,decision score (jo probabilitet),-0.6590700685046709,0,True,correct
linear_svm,true_858,858,0,real,Qeveria ua heq kartonin e gjelbër atyre që hyjnë në Kosovë,185,medium_121_250,decision score (jo probabilitet),-1.3779069044936925,0,True,correct
linear_svm,true_863,863,0,real,Ministri Zemaj komenton fotografin e Skender Hysenit pa maskë,223,medium_121_250,decision score (jo probabilitet),-1.3182084416472086,0,True,correct
linear_svm,true_875,875,0,real,"Granata e gjetur te vendpunishtja e Xhamisë së Madhe, e kohës së Luftës së Dytë Botërore",107,short_61_120,decision score (jo probabilitet),-0.9872598700293314,0,True,correct
linear_svm,true_880,880,0,real,"Shtyhet raportimi i Agim Veliut në Komisionin për Siguri, polemika mes deputetëve",356,long_gt_250,decision score (jo probabilitet),-1.1494751598154431,0,True,correct
linear_svm,true_887,887,0,real,"Vendet që morën nën kontroll pandeminë coronavirus, tani prapë po përballen me të",1294,long_gt_250,decision score (jo probabilitet),-1.0326842938000351,0,True,correct
linear_svm,true_888,888,0,real,Debat i nxehtë në Komisionin për Punë të Jashtme - VIDEO,71,short_61_120,decision score (jo probabilitet),-0.7614105985482607,0,True,correct
linear_svm,true_889,889,0,real,Rrahjet mes deputetëve ndër vite në Kuvendin e Kosovës,721,long_gt_250,decision score (jo probabilitet),-1.374481908773126,0,True,correct
linear_svm,true_890,890,0,real,Qeveria heq dorë nga vendimi për izolimin e atyre që kthehen nga Shqipëria!,178,medium_121_250,decision score (jo probabilitet),-0.768392011170089,0,True,correct
linear_svm,true_906,906,0,real,Oda Ekonomike kërkon të digjitalizohen disa shërbime dhe të licencohen laboratoret private,439,long_gt_250,decision score (jo probabilitet),-0.20602820796753823,0,True,correct
linear_svm,true_907,907,0,real,Prishtina edhe sot komuna me më së shumti raste me COVID-19,128,medium_121_250,decision score (jo probabilitet),-0.9356358092990218,0,True,correct
linear_svm,true_908,908,0,real,Arrestohet gjilanasi për mashtrim me shitje të banesës,95,short_61_120,decision score (jo probabilitet),-0.7174750073706098,0,True,correct
linear_svm,true_910,910,0,real,Fati i medias më të lexuar në Hungari Index në pikëpyetje pas largimit të shumicës së gazetarëve,349,long_gt_250,decision score (jo probabilitet),-0.9160133419836549,0,True,correct
linear_svm,true_917,917,0,real,"Hoti: Situata po përkeqësohet, stafi shëndetësor i FSK-së do të integrohet në Ministri të Shëndetësisë",271,long_gt_250,decision score (jo probabilitet),-1.0650962473387946,0,True,correct
linear_svm,true_931,931,0,real,Auditori: Policët ushtrojnë pozitat e punës në mospërputhje me gradat,382,long_gt_250,decision score (jo probabilitet),-1.0640117720279028,0,True,correct
linear_svm,true_938,938,0,real,Partia Socialiste tërhiqet nga shkarkimi i Ilir Metës,474,long_gt_250,decision score (jo probabilitet),-0.8500298030783688,0,True,correct
linear_svm,true_939,939,0,real,Philip Morris lejohet të komunikojë se IQOS redukton ekspozimin e dëmshëm,414,long_gt_250,decision score (jo probabilitet),-0.30129889131275983,0,True,correct
linear_svm,true_945,945,0,real,Rekord i ri me raste pozitive me COVID-19 në Kosovë,216,medium_121_250,decision score (jo probabilitet),-1.0947826588023952,0,True,correct
linear_svm,true_950,950,0,real,Hoti: Jemi në diskutime që rruga nacionale Prishtinë-Mitrovicë të shndërrohet në rrugë ndërkombëtare,263,long_gt_250,decision score (jo probabilitet),-0.8759179618135509,0,True,correct
linear_svm,true_965,965,0,real,VIDEO: Vetura zyrtare në vikend merr udhë për kositje të barit,85,short_61_120,decision score (jo probabilitet),-0.5790850623844219,0,True,correct
linear_svm,true_966,966,0,real,Pneumologu kosovar tregon si zhvillohet pneumonia te pacientët me COVID-19,620,long_gt_250,decision score (jo probabilitet),-0.5615347979215817,0,True,correct
linear_svm,true_974,974,0,real,Mbi 10 mijë të infektuar me COVID-19 në Maqedoninë e Veriut,148,medium_121_250,decision score (jo probabilitet),-1.1446545259915992,0,True,correct
linear_svm,true_975,975,0,real,VIDEO - Xhamia që u mbijetoi shekujve,465,long_gt_250,decision score (jo probabilitet),-0.9412688019160709,0,True,correct
linear_svm,true_979,979,0,real,Lihen në arrest shtëpiak policët e arrestuar për keqtrajtim të një të mituri,146,medium_121_250,decision score (jo probabilitet),-0.8132693331056693,0,True,correct
linear_svm,true_988,988,0,real,"Ilir Meta për Adem Demaçin: ""Mandela i Evropës"" dhe ""Saharovi"" ynë",320,long_gt_250,decision score (jo probabilitet),-1.0865260735552067,0,True,correct
linear_svm,true_991,991,0,real,Evropa ime: T'u tregojmë vendin elitave të korruptuara të Ballkanit Perëndimor,1084,long_gt_250,decision score (jo probabilitet),-1.3141293700562386,0,True,correct
linear_svm,true_994,994,0,real,Ministria e Bujqësisë pagoi mbi 176 mijë euro për analiza që mund t'i kryente vetë,210,medium_121_250,decision score (jo probabilitet),-0.618725544556223,0,True,correct
linear_svm,true_1005,1005,0,real,Alarmante - Rreth 3 mijë raste aktive me COVID-19 në Kosovë,219,medium_121_250,decision score (jo probabilitet),-1.2529130265885695,0,True,correct
linear_svm,true_1028,1028,0,real,Qeveria emëroi Bordin e përkohshëm i Telekomit të Kosovës,158,medium_121_250,decision score (jo probabilitet),-1.1141261097901811,0,True,correct
linear_svm,true_1034,1034,0,real,Xhamia më e vjetër në Prishtinë një dekadë restaurim,275,long_gt_250,decision score (jo probabilitet),-1.0093834528222372,0,True,correct
linear_svm,true_1037,1037,0,real,Osmani për Hotin: Duhet me hangër një thes kryp me dikë për me njoftë,186,medium_121_250,decision score (jo probabilitet),-0.13031988683200785,0,True,correct
linear_svm,true_1042,1042,0,real,Raport: Bandat nga Ballkani tani janë kthyer në kontrabandistë globalë,773,long_gt_250,decision score (jo probabilitet),-1.2366789166103347,0,True,correct
linear_svm,true_1054,1054,0,real,ORCA: 55% e profesorëve në UP nuk e justifikojnë titullin e tyre akademik,328,long_gt_250,decision score (jo probabilitet),-0.8121287693791053,0,True,correct
linear_svm,true_1055,1055,0,real,Boris Johnson: Kriza e COVID-19 përfundon nga mesi i vitit 2021,131,medium_121_250,decision score (jo probabilitet),-0.2639050084718921,0,True,correct
linear_svm,true_1064,1064,0,real,Thaçi nuk do dialog teknik me Serbinë,217,medium_121_250,decision score (jo probabilitet),-0.7118723278763228,0,True,correct
linear_svm,true_1076,1076,0,real,"Pas dy muajve, Maqedonia e Veriut me asnjë viktimë nga COVID-19",143,medium_121_250,decision score (jo probabilitet),-1.1019437525588278,0,True,correct
linear_svm,true_1079,1079,0,real,Hoti i shkruan letër Osmanit për raportimin në Kuvend pas takimit në Bruksel,90,short_61_120,decision score (jo probabilitet),-0.9402366288202204,0,True,correct
linear_svm,true_1081,1081,0,real,"Mësimi në shtator mund të fillojë nga ekrani, ekspertët rekomandojnë më shumë udhëzime",1082,long_gt_250,decision score (jo probabilitet),-1.36580573565396,0,True,correct
linear_svm,true_1084,1084,0,real,"Pas katër ditësh intervistim në Hagë, Thaçi kthehet sot në Kosovë",244,medium_121_250,decision score (jo probabilitet),-0.721204096797458,0,True,correct
linear_svm,true_1085,1085,0,real,Teatri i Podujevës bëhet me aktorë rezidentë,163,medium_121_250,decision score (jo probabilitet),-0.5212533792661538,0,True,correct
linear_svm,true_1090,1090,0,real,"Incident në një port iranian, disa anije përfshihen nga zjarri",224,medium_121_250,decision score (jo probabilitet),-1.0140722144720815,0,True,correct
linear_svm,true_1092,1092,0,real,Mbi 13 milionë të infektuar me coronavirus në botë,466,long_gt_250,decision score (jo probabilitet),-1.3196002959504283,0,True,correct
linear_svm,true_1101,1101,0,real,"Hoti e Vuçiq zhvillojnë sot takim virtual, rinis dialogu Kosovë-Serbi",212,medium_121_250,decision score (jo probabilitet),-0.614670895542462,0,True,correct
linear_svm,true_1104,1104,0,real,Hoti paralajmëron shpalljen e gjendjes së jashtëzakonshme,285,long_gt_250,decision score (jo probabilitet),-0.4867054650696004,0,True,correct
linear_svm,true_1106,1106,0,real,Abazi: Ligji për COVID-19 u refuzua e Hoti drejt shpalljes së gjendjes së jashtëzakonshme,392,long_gt_250,decision score (jo probabilitet),-0.4486552639991093,0,True,correct
linear_svm,true_1108,1108,0,real,COVID-19: Vdes veterani i UÇK-së nga Malisheva,123,medium_121_250,decision score (jo probabilitet),-0.6268882587466222,0,True,correct
linear_svm,true_1117,1117,0,real,Anulohet udhëtimi i Thaçit për në Washington,113,short_61_120,decision score (jo probabilitet),0.302069675022431,1,False,false_positive
linear_svm,true_1119,1119,0,real,Zemaj: Gjashtë pacientë me COVID-19 janë në kujdes intensiv,89,short_61_120,decision score (jo probabilitet),-0.7712995782113545,0,True,correct
linear_svm,true_1121,1121,0,real,"Hoti raporton në Kuvend për dialogun: Ose do të ketë marrëveshje të mirë për Kosovën, ose s’do të ketë fare",297,long_gt_250,decision score (jo probabilitet),-0.967242120485895,0,True,correct
linear_svm,true_1135,1135,0,real,"Kosova synon njohjen nga Serbia, nuk dëshiron kompromis",952,long_gt_250,decision score (jo probabilitet),-1.2077142977669386,0,True,correct
linear_svm,true_1138,1138,0,real,"Qeveritarët pa maska e me duarshtrëngime, përurojnë rrugën Deçan–Plavë - FOTO",288,long_gt_250,decision score (jo probabilitet),-0.6699025365596956,0,True,correct
linear_svm,true_1165,1165,0,real,Hoti nesër në Gjilan te kritikuesi i tij më i madh Lutfi Haziri,187,medium_121_250,decision score (jo probabilitet),-1.1191715813968133,0,True,correct
linear_svm,true_1174,1174,0,real,"Të hyrat në gjashtë muajt e parë ranë për 8 %, shpenzimet u rritën për 38.7 milionë euro",219,medium_121_250,decision score (jo probabilitet),-1.6892025827206254,0,True,correct
linear_svm,true_1179,1179,0,real,"Pini ilaçin e përgatitur vetë për ta shëruar diabetin, tipi 2",219,medium_121_250,decision score (jo probabilitet),-0.5754667635448283,0,True,correct
linear_svm,true_1180,1180,0,real,Vetëm në këtë kënd të shtëpisë së Kylie Jenner gjendet një pasuri e tërë,140,medium_121_250,decision score (jo probabilitet),-1.027968075465337,0,True,correct
linear_svm,true_1183,1183,0,real,Sekreti i japonezëve për jetë të gjatë,212,medium_121_250,decision score (jo probabilitet),-0.6472979422134977,0,True,correct
linear_svm,true_1186,1186,0,real,Fansi i çmendur bën tatuazh në trup fytyrën e Noizyt!,119,short_61_120,decision score (jo probabilitet),-0.7337791470595871,0,True,correct
linear_svm,true_1191,1191,0,real,Infektohet edhe presidenti që tha se saunat dhe vodka janë ilaçe kundër Covid-19,155,medium_121_250,decision score (jo probabilitet),-1.0794331881992434,0,True,correct
linear_svm,true_1194,1194,0,real,Pezullimi i përpjekjeve për anëtarësim në mekanizma ndërkombëtarë gabim i pa falshëm i Qeverisë Hoti,675,long_gt_250,decision score (jo probabilitet),-1.0896065985066214,0,True,correct
linear_svm,true_1197,1197,0,real,Dalin fotot e Gymysh me fustan të bardhë - shikoni sa nuse e bukur është bërë,189,medium_121_250,decision score (jo probabilitet),-1.2468990729671727,0,True,correct
linear_svm,true_1199,1199,0,real,Jeni gati të shihni ndryshimin e radhës së Tayna-s?,177,medium_121_250,decision score (jo probabilitet),-1.199767546652251,0,True,correct
linear_svm,true_1224,1224,0,real,"Situata me Covid-19, kryeministri Hoti kërkon të vërehet dora e fortë e shtetit",145,medium_121_250,decision score (jo probabilitet),-1.0865532176048385,0,True,correct
linear_svm,true_1226,1226,0,real,Super hiti është gati! Kënga e re e Encës dhe e Don Xhonit e ka një datë publikimi,82,short_61_120,decision score (jo probabilitet),-0.5639845468943916,0,True,correct
linear_svm,true_1230,1230,0,real,Rasheli do ua hapë sytë me këtë imazh,114,short_61_120,decision score (jo probabilitet),-1.8165563392652806,0,True,correct
linear_svm,true_1234,1234,0,real,Blero: Ky reper shqiptar është i preferuari im,155,medium_121_250,decision score (jo probabilitet),-0.748370598652059,0,True,correct
linear_svm,true_1243,1243,0,real,Deputetja e Kuvendit të Kosovës Eliza Hoxha është shëruar nga koronavirusi,702,long_gt_250,decision score (jo probabilitet),-1.3594906043222135,0,True,correct
linear_svm,true_1245,1245,0,real,Pandora më në formë se kurrë feston ditëlindjen,82,short_61_120,decision score (jo probabilitet),-1.4173286292358562,0,True,correct
linear_svm,true_1246,1246,0,real,"Ja përse duhet të hani 1 thelb hudhër në esëll/ Bën mrekulli për organizmin, ja si",142,medium_121_250,decision score (jo probabilitet),-0.1967319773355392,0,True,correct
linear_svm,true_1260,1260,0,real,Receta çudibërëse me farat e lirit: Të dobësohemi shëndetshëm dhe sigurt,418,long_gt_250,decision score (jo probabilitet),-0.6480660819046107,0,True,correct
linear_svm,true_1266,1266,0,real,Receta e Cekës - Maregnore,244,medium_121_250,decision score (jo probabilitet),-0.6677732812199946,0,True,correct
linear_svm,true_1274,1274,0,real,Koronavirusi anulon festimet e Vitit të Ri,162,medium_121_250,decision score (jo probabilitet),-1.405923324923427,0,True,correct
linear_svm,true_1275,1275,0,real,"Ç’do ndodhë me koronavirusin? OBSH në alarm, rritja e infektimeve po…",442,long_gt_250,decision score (jo probabilitet),-1.1212616006456768,0,True,correct
linear_svm,true_1279,1279,0,real,Çfarë misteri i pazgjidhur fshihet në mes të selisë së CIA?,590,long_gt_250,decision score (jo probabilitet),-1.3459491776375883,0,True,correct
linear_svm,true_1285,1285,0,real,Prekëse: Kujdestari vishet bardhezi për t’ia plotësuar mungesën e nënës zebrës jetime,189,medium_121_250,decision score (jo probabilitet),-0.8687290856443655,0,True,correct
linear_svm,true_1290,1290,0,real,Aleksander Vuçiq: Dialogu i Brukselit po ndodhë nga dëshira e Brukselit për ta përjashtuar Amerikën,262,long_gt_250,decision score (jo probabilitet),-0.9068054766505,0,True,correct
linear_svm,true_1291,1291,0,real,Kaçanikasi tenton t’i vrasë dy persona shkaku i një kontesti pronësor,249,medium_121_250,decision score (jo probabilitet),-1.513931172575657,0,True,correct
linear_svm,true_1293,1293,0,real,"U bë me vajzë por dëshironte djalë – Burri vret veten, e shoqja pëson atak kardiak",118,short_61_120,decision score (jo probabilitet),-0.5106227895986366,0,True,correct
linear_svm,true_1302,1302,0,real,"OBSH: Rritje shqetësuese të rasteve nga coronavirusi në Ballkan, duhet të tregohemi vigjilentë",141,medium_121_250,decision score (jo probabilitet),-1.0537273854491307,0,True,correct
linear_svm,true_1311,1311,0,real,"E akuzuan për ndërhyrje në Gjykatë, Von Cramon ia kthen Enver Hoxhajt: Kjo s’ndodh në demokraci, ndoshta në vendin tuaj po",254,long_gt_250,decision score (jo probabilitet),-0.5054880203754208,0,True,correct
linear_svm,true_1314,1314,0,real,Ky është 22 vjeçari nga Peja që vdiq në aksidentin tragjik,94,short_61_120,decision score (jo probabilitet),-1.1326142121875842,0,True,correct
linear_svm,true_1320,1320,0,real,Shikoni çfarë vozitje të shpejtë i bën veturës 60-vjeçarja shqiptare,145,medium_121_250,decision score (jo probabilitet),0.21640494354755158,1,False,false_positive
linear_svm,true_1324,1324,0,real,Turqia pezullon fluturimet shkaku i shtimit të rasteve të Covid-19,200,medium_121_250,decision score (jo probabilitet),-1.3076849684698786,0,True,correct
linear_svm,true_1325,1325,0,real,"Zemaj dhe Ramadani pushojnë sot, i cojnë me e-mail njoftimet për situatën 24 orëshe me COVID-19",135,medium_121_250,decision score (jo probabilitet),-1.6648850513117366,0,True,correct
linear_svm,true_1334,1334,0,real,"Tayna poston fotot provokuese dhe dërgon mesazhin, “Të josh dhe të bëj budalla, sa herë dua”",106,short_61_120,decision score (jo probabilitet),-0.32296348938313385,0,True,correct
linear_svm,true_1336,1336,0,real,Presidenti në aktakuzë para Gjykatës Speciale dhe dialogu me Serbinë e sfidojnë shtetësinë e Kosovës,309,long_gt_250,decision score (jo probabilitet),-1.5291417640523433,0,True,correct
linear_svm,true_1346,1346,0,real,Kështu e kujton Leonora babin në 22 vjetorin e vdekjes,75,short_61_120,decision score (jo probabilitet),-1.2131704932403284,0,True,correct
linear_svm,true_1351,1351,0,real,Receta e Cekës: Omletë me mollë,157,medium_121_250,decision score (jo probabilitet),-0.2934809158767872,0,True,correct
linear_svm,true_1365,1365,0,real,"Çdo natë para gjumit, pije këtë lëng dhe do largoni gjithçka nga barku, shkrin gjithë yndyrën, do t’ju heqi kilet e tepërta fare nga trupi",450,long_gt_250,decision score (jo probabilitet),0.26334119244134624,1,False,false_positive
linear_svm,true_1371,1371,0,real,Ku ngeli Alba Hoxha?,77,short_61_120,decision score (jo probabilitet),-1.1755716318579026,0,True,correct
linear_svm,true_1379,1379,0,real,Isufi: Nuk ka aktakuzë që mund ta njollosë luftën e UÇK’së,214,medium_121_250,decision score (jo probabilitet),-1.4927762191136342,0,True,correct
linear_svm,true_1382,1382,0,real,"Serwer: Aktakuza ndaj Thaçit e Veselit s’është personale, Kosova është në telashe",206,medium_121_250,decision score (jo probabilitet),-0.742394840219389,0,True,correct
linear_svm,true_1385,1385,0,real,"Është mashtrim, qeveria e kombinimit politik LDK me partnerët e PAN-it nuk e bëjnë ligjin Vetting",579,long_gt_250,decision score (jo probabilitet),-1.2153662491051744,0,True,correct
linear_svm,true_1395,1395,0,real,"Infektologu italian: Koronavirusi është dobësuar, ja kur pritet të zhduket",273,long_gt_250,decision score (jo probabilitet),-0.9660786994057007,0,True,correct
linear_svm,true_1396,1396,0,real,Cramon për vizat: Ja kur pritet liberalizimi final,310,long_gt_250,decision score (jo probabilitet),-0.7917825765493325,0,True,correct
linear_svm,true_1413,1413,0,real,Koronavirusi: Renditja e Kosovës krahas shteteve të rajonit,366,long_gt_250,decision score (jo probabilitet),-1.4478083526154932,0,True,correct
linear_svm,true_1415,1415,0,real,"Trump për John Bolton: Askush nuk e donte në Shtëpinë e Bardhë, dukej i çmendur",344,long_gt_250,decision score (jo probabilitet),-0.9449166508014653,0,True,correct
linear_svm,true_1420,1420,0,real,Haradinaj shkon i pari në takim me Avdullah Hotin,93,short_61_120,decision score (jo probabilitet),-1.0907673081113223,0,True,correct
linear_svm,true_1424,1424,0,real,Zbulohet e vërteta: Ja çfarë pritet të ndodhë më 27 qershor në Shtëpinë e Bardhë,524,long_gt_250,decision score (jo probabilitet),-0.4032298931459705,0,True,correct
linear_svm,true_1426,1426,0,real,Hoti i fton liderët e partive në zyrë për t’u koordinuar para udhëtimit në Washington,164,medium_121_250,decision score (jo probabilitet),-0.9310544532557445,0,True,correct
linear_svm,true_1432,1432,0,real,Zbulohet substanca që e ul vdekshmërinë e pacientëve me Covid-19,344,long_gt_250,decision score (jo probabilitet),-1.024397256308499,0,True,correct
linear_svm,true_1434,1434,0,real,"Gati për të shijuar pushimet, Elita dhe Gjiko zgjedhin këtë destinacion brenda Shqipërisë",148,medium_121_250,decision score (jo probabilitet),-0.13560023140895455,0,True,correct
linear_svm,true_1441,1441,0,real,A është Nicki Minaj shtatzënë!,107,short_61_120,decision score (jo probabilitet),-1.2999946505533164,0,True,correct
linear_svm,true_1450,1450,0,real,Stërvitja e parë e Valon Berishës te Reims,88,short_61_120,decision score (jo probabilitet),-0.2708878377863297,0,True,correct
linear_svm,true_1451,1451,0,real,"Hoti e Hyseni presin në takim ambasadorët e QUINT-it, flasin për dialogun me Serbinë",218,medium_121_250,decision score (jo probabilitet),-0.8248268733159556,0,True,correct
linear_svm,true_1454,1454,0,real,Çavuşoğlu: Ajasofja është çështje e sovranitetit të Turqisë,188,medium_121_250,decision score (jo probabilitet),-1.1011127192657804,0,True,correct
linear_svm,true_1461,1461,0,real,"8 të vdekur nga koronavirusi brenda ditës në Kosovë, shkon në 177 numri i përgjithshëm i viktimave",65,short_61_120,decision score (jo probabilitet),-0.31142905238977475,0,True,correct
linear_svm,true_1465,1465,0,real,Lëngu i qepës së kuqe/ Kura natyrale për stomakun dhe alergjitë,340,long_gt_250,decision score (jo probabilitet),-0.24595179218925717,0,True,correct
linear_svm,true_1466,1466,0,real,"Bilanci i pandemisë në botë, mbi 16 milionë raste me COVID-19",283,long_gt_250,decision score (jo probabilitet),-1.481541420731732,0,True,correct
linear_svm,true_1473,1473,0,real,"Certifikohen rezultatet zgjedhore, shqiptarët me 32 mandate në Kuvendin e Maqedonisë së Veriut",112,short_61_120,decision score (jo probabilitet),-0.5379061112917374,0,True,correct
linear_svm,true_1474,1474,0,real,Turqia reagon kundër djegies së flamurit turk në Greqi,341,long_gt_250,decision score (jo probabilitet),-1.3620501685093656,0,True,correct
linear_svm,true_1475,1475,0,real,Policia izraelite arreston 3 fëmijë palestinezë në Kuds,129,medium_121_250,decision score (jo probabilitet),-0.7795419242062924,0,True,correct
linear_svm,true_1484,1484,0,real,Ndihma humanitare botërore e Turqisë përbën 26 për qind në vitin 2019,754,long_gt_250,decision score (jo probabilitet),-1.2446506664840387,0,True,correct
linear_svm,true_1488,1488,0,real,Breshka e detit e ndjekur nga shkencëtarët turq përmes satelitit përshkoi 5.500 kilometra për një vit,339,long_gt_250,decision score (jo probabilitet),-1.189763669287823,0,True,correct
linear_svm,true_1492,1492,0,real,Vdes nga koronavirusi një 66-vjeçare në Spitalin e Pejës,203,medium_121_250,decision score (jo probabilitet),-0.8837847477187821,0,True,correct
linear_svm,true_1498,1498,0,real,"Isa Mustafa përkrah fuqishëm ndërtimin e Xhamisë, dënon protestën: Të krenohemi që jemi muslimanë",349,long_gt_250,decision score (jo probabilitet),-0.8695120279209034,0,True,correct
linear_svm,true_1503,1503,0,real,"Edhe 5 të vdekur nga Covid-19 në Kosovë, numri i përgjithshëm 144",111,short_61_120,decision score (jo probabilitet),-1.177559544505143,0,True,correct
linear_svm,true_1511,1511,0,real,Nisin hetimet ndaj TikTok në Australi,178,medium_121_250,decision score (jo probabilitet),-0.16347015025820671,0,True,correct
linear_svm,true_1513,1513,0,real,"“Vrisni një serb e ne do të vrasim 100 myslimanë”, Kurti kujton deklaratën famëkeqe të Vuçiqit",256,long_gt_250,decision score (jo probabilitet),-0.2745411304693029,0,True,correct
linear_svm,true_1519,1519,0,real,Sot pritet fillimi i testimeve serologjike për koronavirus,227,medium_121_250,decision score (jo probabilitet),-1.2028176645852604,0,True,correct
linear_svm,true_1531,1531,0,real,"Gjashtë nivelet në të cilat shfaqet koronavirusi, simptomat dhe pacientët më të rrezikuar",422,long_gt_250,decision score (jo probabilitet),-0.6450691024931368,0,True,correct
linear_svm,true_1533,1533,0,real,Apeli i IKSHPK-së: Mbani maskat dhe distancën fizike,399,long_gt_250,decision score (jo probabilitet),-0.9815682173782247,0,True,correct
linear_svm,true_1538,1538,0,real,Vdes gjyqtari Shashivar Hoti,115,short_61_120,decision score (jo probabilitet),-0.5660538040725347,0,True,correct
linear_svm,true_1542,1542,0,real,Shënohen edhe dy vdekje nga Covid-19 në Kosovë,177,medium_121_250,decision score (jo probabilitet),-0.8993544408788892,0,True,correct
linear_svm,true_1544,1544,0,real,Kur pritet t’u mundësohet qytetarëve tërheqja e parave nga Trusti?,209,medium_121_250,decision score (jo probabilitet),-0.6298837134576014,0,True,correct
linear_svm,true_1545,1545,0,real,​Apeli i IKSHPK-së: Vazhdoni të mbani distancën fizike dhe maskat,441,long_gt_250,decision score (jo probabilitet),-0.8856909127956845,0,True,correct
linear_svm,true_1547,1547,0,real,"Hoti deklarohet pas takimit me Vuçiq: Kemi bërë progres, besojmë në partnerët ndërkombëtarë",172,medium_121_250,decision score (jo probabilitet),-0.6570949389034924,0,True,correct
linear_svm,true_1551,1551,0,real,Kurti: Me qeverinë koti kriminelët dolën nga skutat,408,long_gt_250,decision score (jo probabilitet),-1.033738111677419,0,True,correct
linear_svm,true_1552,1552,0,real,"Specialja e nis intervistimin, Presidenti nuk deklarohet për media",203,medium_121_250,decision score (jo probabilitet),-0.7468111969297555,0,True,correct
linear_svm,true_1556,1556,0,real,"Shqipëri, vazhdon rritja e rasteve me koronavirus",137,medium_121_250,decision score (jo probabilitet),-1.81068840134667,0,True,correct
linear_svm,true_1557,1557,0,real,Maqedoni: Shqiptarët me 32 deputetë në Parlamentin,211,medium_121_250,decision score (jo probabilitet),-0.8655389784440428,0,True,correct
linear_svm,true_1563,1563,0,real,Kosova e para në Evropë për raste të reja me COVID-19 në dy javët e fundit,214,medium_121_250,decision score (jo probabilitet),-1.0058434660532842,0,True,correct
linear_svm,true_1564,1564,0,real,"Fillon ndërtimi i Xhamisë së Madhe në Prishtinë, Tërnava uron besimtarët",107,short_61_120,decision score (jo probabilitet),-0.34795213537900754,0,True,correct
linear_svm,true_1567,1567,0,real,"Policia mas 2 muajsh hetime zbulon 20 kg marihuanë, në pranga 5 persona",301,long_gt_250,decision score (jo probabilitet),-1.445767143888594,0,True,correct
linear_svm,true_1568,1568,0,real,Vaksina kundër COVID-19 e testuar tek njerëzit tregon shenja të hershme të suksesit,277,long_gt_250,decision score (jo probabilitet),-0.5925106586989746,0,True,correct
linear_svm,true_1569,1569,0,real,Dita e tretë e intervistimit të presidentit Thaçi në Hagë,163,medium_121_250,decision score (jo probabilitet),-0.24521422436740953,0,True,correct
linear_svm,true_1574,1574,0,real,Në SHSKUK po trajtohen 268 pacientë me Covid-19,154,medium_121_250,decision score (jo probabilitet),-1.1597238382678343,0,True,correct
linear_svm,true_1593,1593,0,real,Fillon seanca e Kuvendit ku kryeministri Hoti do të raportojë para takimit të Uashingtonit,221,medium_121_250,decision score (jo probabilitet),-0.9654661151512944,0,True,correct
linear_svm,true_1594,1594,0,real,"Shqipëri, një i vdekur dhe 53 raste të reja me COVID-19",169,medium_121_250,decision score (jo probabilitet),-2.105540704804133,0,True,correct
linear_svm,true_1601,1601,0,real,Messi i gatshëm për ndeshjen e sotme ndaj Mallorcas,128,medium_121_250,decision score (jo probabilitet),-0.5235832700010863,0,True,correct
linear_svm,true_1606,1606,0,real,Isa Mustafa: Atakimi i familjes së Vjosa Osmanit është neveritës,162,medium_121_250,decision score (jo probabilitet),-0.5057547980091714,0,True,correct
linear_svm,true_1609,1609,0,real,Thaçi reagon pas votimit të qeverisë: Ditë e rëndësishme për demokracinë,156,medium_121_250,decision score (jo probabilitet),-0.6398611936006777,0,True,correct
linear_svm,true_1610,1610,0,real,Kuvendi votoi Qeverinë Hoti,44,very_short_le_60,decision score (jo probabilitet),-0.7728348070842825,0,True,correct
linear_svm,true_1611,1611,0,real,Wuhan-i “kryen me sukses” testimin e popullsisë për koronavirus,147,medium_121_250,decision score (jo probabilitet),-0.7232448847382558,0,True,correct
linear_svm,true_1613,1613,0,real,​Kryesia e Kuvendit sot vendos datën e seancës për votimin e Qeverisë Hoti,108,short_61_120,decision score (jo probabilitet),-0.8277195942145601,0,True,correct
linear_svm,true_1616,1616,0,real,Një i prekur me koronavirus në Infektivë në gjendje të rëndë,105,short_61_120,decision score (jo probabilitet),-0.7657291923157745,0,True,correct
linear_svm,true_1619,1619,0,real,"Mbi 2,3 milionë të shëruar nga COVID-19 në mbarë botën",109,short_61_120,decision score (jo probabilitet),-0.4279943636083225,0,True,correct
linear_svm,true_1622,1622,0,real,Mbi 12 mijë teste për COVID-19 në Kosovë,102,short_61_120,decision score (jo probabilitet),-0.8259815122211702,0,True,correct
linear_svm,true_1624,1624,0,real,Klopp thotë se Liverpooli do të jetë i gatshëm për rikthimin e lojës së bukur,223,medium_121_250,decision score (jo probabilitet),-0.778705800800022,0,True,correct
linear_svm,true_1625,1625,0,real,"Britani, qentë do të trajnohen për të diagnostikuar personat me COVID-19",269,long_gt_250,decision score (jo probabilitet),-0.6453166505076768,0,True,correct
linear_svm,true_1641,1641,0,real,​17 milionë raste me COVID-19 në botë,100,short_61_120,decision score (jo probabilitet),-0.9197631927449545,0,True,correct
linear_svm,true_1647,1647,0,real,Sekuestrohen mbi 40 armë në një operacion në Prishtinë,139,medium_121_250,decision score (jo probabilitet),-1.3936251413223424,0,True,correct
linear_svm,true_1648,1648,0,real,Qeveria nuk u konsultua me KOK-un për ndalimin e aktiviteteve sportive,518,long_gt_250,decision score (jo probabilitet),-1.6016540545044373,0,True,correct
linear_svm,true_1653,1653,0,real,​Veliu thotë se VV-ja pati tendenca që të pamundësohet raportimi në Komision,279,long_gt_250,decision score (jo probabilitet),-0.9284610378126601,0,True,correct
linear_svm,true_1655,1655,0,real,Janë bërë të ditura nominimet e shpërblimeve “Emmy”,304,long_gt_250,decision score (jo probabilitet),-0.9211730898428265,0,True,correct
linear_svm,true_1659,1659,0,real,Numër i vogël në pelegrinazhin e sivjetmë në Haxh,238,medium_121_250,decision score (jo probabilitet),-1.0398206673643364,0,True,correct
linear_svm,true_1660,1660,0,real,Finalja e Kupës – për një fund me dinjitet të edicionit të vështirë,716,long_gt_250,decision score (jo probabilitet),-1.3023989998827188,0,True,correct
linear_svm,true_1665,1665,0,real,Partitë shqiptare në Mal të Zi garojnë të ndara në zgjedhjet parlamentare,267,long_gt_250,decision score (jo probabilitet),-0.7211636364867822,0,True,correct
linear_svm,true_1667,1667,0,real,Mbretëria e Bashkuar largon Spanjën nga lista e udhëtimeve,189,medium_121_250,decision score (jo probabilitet),-0.7933578298122679,0,True,correct
linear_svm,true_1674,1674,0,real,Ish-ministri i Shëndetësisë: E pafalshme që kjo situatë abnormale të trajtohet si normale nga Qeveria,316,long_gt_250,decision score (jo probabilitet),-1.2370189673824792,0,True,correct
linear_svm,true_1675,1675,0,real,Leron Kurteshi sjell stilin urban në muzikë,135,medium_121_250,decision score (jo probabilitet),-1.090425055794414,0,True,correct
linear_svm,true_1676,1676,0,real,Zvicra njofton për 132 raste të reja me COVID-19 e tre të vdekur,118,short_61_120,decision score (jo probabilitet),-0.9621853398310338,0,True,correct
linear_svm,true_1687,1687,0,real,Me rigon kundër infeksioneve dhe problemeve me fytin,307,long_gt_250,decision score (jo probabilitet),-0.19001086349506718,0,True,correct
linear_svm,true_1692,1692,0,real,"Bazeli, vendi ku lindi shkenca e halucinacioneve",569,long_gt_250,decision score (jo probabilitet),-0.7102032467063355,0,True,correct
linear_svm,true_1697,1697,0,real,"Katër gola në dy ndeshje, Ademi tregon sekretin e kthimit në formë",220,medium_121_250,decision score (jo probabilitet),-0.8474177815198181,0,True,correct
linear_svm,true_1698,1698,0,real,Rreth 200 shtretër kanë mbetur në dispozicion për trajtim të pacientëve me COVID-19,226,medium_121_250,decision score (jo probabilitet),-1.3704443589265665,0,True,correct
linear_svm,true_1700,1700,0,real,Këshilltari kryesor i Trumpit del pozitiv në COVID-19,115,short_61_120,decision score (jo probabilitet),-0.5532236030433895,0,True,correct
linear_svm,true_1711,1711,0,real,Grupi “3 Doors Down” do ta lansojë këngën e parë në pesë vjetët e fundit,345,long_gt_250,decision score (jo probabilitet),-1.1090991354501503,0,True,correct
linear_svm,true_1714,1714,0,real,Konfiskime të armëve në ahengje,145,medium_121_250,decision score (jo probabilitet),-1.3670997410416867,0,True,correct
linear_svm,true_1720,1720,0,real,Java e fundit e korrikut me mot të nxehtë,148,medium_121_250,decision score (jo probabilitet),-1.3443401405752815,0,True,correct
linear_svm,true_1729,1729,0,real,Në Fushë-Kosovë dyshohet se djali vrau babanë,174,medium_121_250,decision score (jo probabilitet),-0.6147077929528284,0,True,correct
linear_svm,true_1730,1730,0,real,Simptomat e COVID-19 ndahen në gjashtë grupe sipas një studimi,401,long_gt_250,decision score (jo probabilitet),-0.5734285987461754,0,True,correct
linear_svm,true_1732,1732,0,real,​Ekzekutohen pagesat e pakos emergjente për masën 3a për 7241 përfitues,83,short_61_120,decision score (jo probabilitet),-1.2539071341675523,0,True,correct
linear_svm,true_1737,1737,0,real,"Buxhovi: LDK-së i duhen reforma, Osmani duhet të qëndrojë",2091,long_gt_250,decision score (jo probabilitet),-1.4926386153430427,0,True,correct
linear_svm,true_1738,1738,0,real,Shpërblehen sekretarët që ia punësuan renë Mustafës dhe dhëndrin Limajt,302,long_gt_250,decision score (jo probabilitet),-0.6659555474668419,0,True,correct
linear_svm,true_1740,1740,0,real,Konsiderohet e dëmshme rizgjedhja e Thaçit edhe për një mandat,179,medium_121_250,decision score (jo probabilitet),-0.8222340234371242,0,True,correct
linear_svm,true_1742,1742,0,real,"Vuçiqi takohet me Lajçakun, pranon se temat janë të dhimbshme dhe se kompromisi nuk është i lehtë",339,long_gt_250,decision score (jo probabilitet),-1.0798250826378275,0,True,correct
linear_svm,true_1746,1746,0,real,Haradinaj ia kishte ndarë Mustafës mbi 24 mijë euro në emër të pagës retroaktive,340,long_gt_250,decision score (jo probabilitet),-0.6146162272149658,0,True,correct
linear_svm,true_1755,1755,0,real,Tayna u ndërton shtëpi të re prindërve të saj,188,medium_121_250,decision score (jo probabilitet),-0.4204389873988846,0,True,correct
linear_svm,true_1757,1757,0,real,Qeveria mbulon shpenzimet e Kartonit të Gjelbër për bashkatdhetarët deri në fund të këtij viti,268,long_gt_250,decision score (jo probabilitet),-1.4316442594673338,0,True,correct
linear_svm,true_1767,1767,0,real,"Hoti: Kemi hyrë në valën e dytë të pandemisë COVID-19, të aktivizohet Plani i reagimit kombëtar",263,long_gt_250,decision score (jo probabilitet),-1.5984445434564636,0,True,correct
linear_svm,true_1768,1768,0,real,Qeveria ndan nga 300 euro për mantelbardhët,118,short_61_120,decision score (jo probabilitet),-0.9907444610605585,0,True,correct
linear_svm,true_1783,1783,0,real,"Khabib – Gaethje, caktohet përfundimisht data për meçin e zjarrtë",123,medium_121_250,decision score (jo probabilitet),-0.46219512373523225,0,True,correct
linear_svm,true_1785,1785,0,real,"​Ndalohen të gjitha veprimtaritë fetare, nuk lejohet as therja e kafshëve në shtëpi",161,medium_121_250,decision score (jo probabilitet),-0.8169813469932155,0,True,correct
linear_svm,true_1790,1790,0,real,Gazmend Gjyshinca: Kujtim Shala dhe Arben Gashi më ngrehen nga krahu dhe më thanë budalla,352,long_gt_250,decision score (jo probabilitet),-1.5209103486633464,0,True,correct
linear_svm,true_1795,1795,0,real,Fauci thotë se përgjigja mbi vaksinën për COVID-19 mund të vijë në ‘tetor ose nëntor’,245,medium_121_250,decision score (jo probabilitet),-0.7720598499295188,0,True,correct
linear_svm,true_1799,1799,0,real,Një grua në TikTok ndau një truk që ndihmon për gjetjen e xhinseve të duhura,234,medium_121_250,decision score (jo probabilitet),-0.43469422642551175,0,True,correct
linear_svm,true_1804,1804,0,real,"Lëvoret e shalqirit, të mbushura me produkte ushqyese",219,medium_121_250,decision score (jo probabilitet),-0.20748584839517753,0,True,correct
linear_svm,true_1811,1811,0,real,Deputetja Eliza Hoxha rrëfen përvojën dhe betejën me COVID-19,657,long_gt_250,decision score (jo probabilitet),-1.279429458162891,0,True,correct
linear_svm,true_1814,1814,0,real,Ish-lojtari i Ballkanit ndërron jetë nga COVID-19,156,medium_121_250,decision score (jo probabilitet),-1.8354585685420863,0,True,correct
linear_svm,true_1815,1815,0,real,"Qeveria me masa të reja për kopshtet, gastronominë e fusha tjera",130,medium_121_250,decision score (jo probabilitet),-1.1531606862158987,0,True,correct
linear_svm,true_1819,1819,0,real,"Shkretëtira shndërrohet në varrezë, skena rrëqethëse nga Iraku",220,medium_121_250,decision score (jo probabilitet),-0.7826389911109557,0,True,correct
linear_svm,true_1820,1820,0,real,"Ka filluar të mbahet gara robotikës “First Global Challenge”, Kosova kryeson në listë",163,medium_121_250,decision score (jo probabilitet),-0.16836712064265508,0,True,correct
linear_svm,true_1826,1826,0,real,Si lindi sfondi më i famshëm kompjuterik i të gjitha kohërave – dhe ja si duket tani vendi ku u bë fotografia,421,long_gt_250,decision score (jo probabilitet),-1.1028417928623058,0,True,correct
linear_svm,true_1832,1832,0,real,"Kina raporton numrin më të madh të rasteve me coronavirus, që nga fundi i shpërthimit të Wuhan",170,medium_121_250,decision score (jo probabilitet),-1.1629186956680382,0,True,correct
linear_svm,true_1834,1834,0,real,"Gastronomët ia ‘dorëzojnë çelësat’ Qeverisë së Kosovës, kërkojnë përkrahje institucionale",170,medium_121_250,decision score (jo probabilitet),-1.2039361530584154,0,True,correct
linear_svm,true_1839,1839,0,real,Horoskopi javor për periudhën nga 27 korrik – 03 gusht,1619,long_gt_250,decision score (jo probabilitet),-1.3493977236126744,0,True,correct
linear_svm,true_1848,1848,0,real,Mustafa: Dialogu është krejtësisht politik dhe rezulton me marrëveshje politike ndërshtetërore për njohje reciproke,255,long_gt_250,decision score (jo probabilitet),-1.3003332398322245,0,True,correct
linear_svm,true_1853,1853,0,real,Sabri Fejzullahu përkujton veprimtarin Adem Demaçi në dyvjetorin e vdekjes së tij,141,medium_121_250,decision score (jo probabilitet),-0.8668861066535174,0,True,correct
linear_svm,true_1861,1861,0,real,A mund të vetëkallet më lehtë vetura që ka aparat klime?,202,medium_121_250,decision score (jo probabilitet),-1.1189999136730913,0,True,correct
linear_svm,true_1873,1873,0,real,DailyMail shkruan për nënën e Rita Orës: 56-vjeçarja Vera që rrëmben vëmendjen me paraqitjet e saj me bikini në plazh,245,medium_121_250,decision score (jo probabilitet),-1.0964952744566883,0,True,correct
linear_svm,true_1874,1874,0,real,FSK blen automjete të blinduara nga Ushtria amerikane,92,short_61_120,decision score (jo probabilitet),-0.6947294351024191,0,True,correct
linear_svm,true_1885,1885,0,real,Çaji i zakonshëm i nenexhikut – Ilaç universal i gjyshes që vërtet është i fuqishëm!,588,long_gt_250,decision score (jo probabilitet),-0.2588342549259068,0,True,correct
linear_svm,true_1894,1894,0,real,Në Spitalin e Pejës dje ka vdekur një pacient me COVID-19,137,medium_121_250,decision score (jo probabilitet),-1.3526425500362327,0,True,correct
linear_svm,true_1898,1898,0,real,Djersitja është dukuri shumë më e ndërlikuar seç mendoni,695,long_gt_250,decision score (jo probabilitet),-0.7188594349893436,0,True,correct
linear_svm,true_1904,1904,0,real,Këto vende ishin model i suksesit në luftën ndaj coronavirusit – por nuk janë më!,917,long_gt_250,decision score (jo probabilitet),-1.4299653703712967,0,True,correct
linear_svm,true_1906,1906,0,real,"Fansi e quajti lojtar ‘shumë të mbivlerësuar’, Toni Kross i përgjigjet në mënyrë epike",281,long_gt_250,decision score (jo probabilitet),-1.3135956004844829,0,True,correct
linear_svm,true_1912,1912,0,real,Rastet e reja me coronavirus – 91 vetëm në Prishtinë,284,long_gt_250,decision score (jo probabilitet),-1.0701926606964238,0,True,correct
linear_svm,true_1913,1913,0,real,Rita Ora në lidhje serioze me Roman Gavras,133,medium_121_250,decision score (jo probabilitet),-0.14093246460928793,0,True,correct
linear_svm,true_1917,1917,0,real,"Dua Lipa në frymë patriotike, publikon flamurin ‘Autochthonous’ dhe kuptimin e fjalës",157,medium_121_250,decision score (jo probabilitet),-0.9316915576248541,0,True,correct
linear_svm,true_1920,1920,0,real,LVV reagon pas akuzave të PDK-së për Telekomin: Sejdi Hoxha i ka kushtuar Postës mbi 50 mijë euro për dy vite,385,long_gt_250,decision score (jo probabilitet),-0.8835854657216398,0,True,correct
linear_svm,true_1923,1923,0,real,"Shpërndau lajmin se ka vdekur Isa Mustafa, policia arreston të dyshuarin",149,medium_121_250,decision score (jo probabilitet),-1.266596667426439,0,True,correct
linear_svm,true_1925,1925,0,real,Florentino Perez thotë se Benzema duhet ta fitojë Topin e Artë këtë vit,177,medium_121_250,decision score (jo probabilitet),-0.9258334287747054,0,True,correct
linear_svm,true_1928,1928,0,real,Përfundon takimi Hoti-Vuçiq në Bruksel,364,long_gt_250,decision score (jo probabilitet),-1.2923323725311227,0,True,correct
linear_svm,true_1931,1931,0,real,Magjia verore në ETC vjen me zbritje deri në 50%,292,long_gt_250,decision score (jo probabilitet),-0.009931130470730132,0,True,correct
linear_svm,true_1932,1932,0,real,Nipi i Elvis Presleyt është emri më i ri që i bashkohet listës së yjeve që nuk iu shmangën mallkimit të “Klubit 27”,435,long_gt_250,decision score (jo probabilitet),-1.1494154773516396,0,True,correct
linear_svm,true_1933,1933,0,real,Haradinaj: Aktakuzat ndaj Thaçit dhe Veselit janë goditje ndaj lirisë së Kosovës,431,long_gt_250,decision score (jo probabilitet),-0.78464758192957,0,True,correct
linear_svm,true_1935,1935,0,real,Haradinaj: Nëse konfirmohen akuzat ndaj Thaçit e Veselit Kosova rrezikon të dëmtohet rëndë,155,medium_121_250,decision score (jo probabilitet),0.19530551844748256,1,False,false_positive
linear_svm,true_1938,1938,0,real,"Kjo është sasia e mjaftueshme e ujit, të cilin duhet ta konsumojmë për të qenë të shëndetshëm",428,long_gt_250,decision score (jo probabilitet),-0.12384181160209923,0,True,correct
linear_svm,true_1939,1939,0,real,Kendall Jenner vë në pah të pasmet në imazhet e fundit me të brendshme,153,medium_121_250,decision score (jo probabilitet),-1.098391145737896,0,True,correct
linear_svm,true_1951,1951,0,real,Jakupi: Edhe Kosova do të bëjë përpjekje për të siguruar disa doza të ilaçit që trajton pacientët me COVID-19,212,medium_121_250,decision score (jo probabilitet),-0.7566439063467558,0,True,correct
linear_svm,true_1960,1960,0,real,Ledri Vula rrëfen historinë me Sara Hoxhën dhe planet për t’u bërë baba,305,long_gt_250,decision score (jo probabilitet),-1.081250172083221,0,True,correct
linear_svm,true_1963,1963,0,real,Sadio Mane mezi ka pritur të rifillojë Liga Premier – senegalezi harroi se duhet gjunjëzuar në shenjë nderimi për “Black Lives Matter”,170,medium_121_250,decision score (jo probabilitet),-1.0423780059688135,0,True,correct
linear_svm,true_1966,1966,0,real,Viola von Cramon shpreson se kosovarëve do t’iu hiqen vizat kur Gjermania ta marrë Presidencën,205,medium_121_250,decision score (jo probabilitet),0.36218600207604934,1,False,false_positive
linear_svm,true_1967,1967,0,real,Vuçiq: Nga Lavrovi pranova informata shqetësuese për çështjen e Kosovës,142,medium_121_250,decision score (jo probabilitet),-0.5374082155596727,0,True,correct
linear_svm,true_1979,1979,0,real,WhatsApp do t’ju lejojë të përdorni të njëjtën llogari deri në katër pajisje,92,short_61_120,decision score (jo probabilitet),-0.6837179342238888,0,True,correct
linear_svm,true_1982,1982,0,real,"Labinot Tahiri reagon i revoltuar: Kjo është një gënjeshtër, le të më dërgojnë në burg mua dhe gjithë estradën",216,medium_121_250,decision score (jo probabilitet),-0.9529901552156397,0,True,correct
linear_svm,true_1988,1988,0,real,Konjufca: Mustafa përsëri do t’ia bëjë votat Thaçit për president,217,medium_121_250,decision score (jo probabilitet),-0.36852371086243135,0,True,correct
linear_svm,true_1991,1991,0,real,"Kylie Jenner etiketohet si raciste, kryqëzohet nga fansat pasi vetëm 13 për qind e punonjësve në markën e saj janë njerëz me ngjyrë",272,long_gt_250,decision score (jo probabilitet),-0.9337536209439601,0,True,correct
linear_svm,fake_24,24,1,fake,"Askush Nuk Po E Besonte Që Kjo Ka’fshë Është Në Këtë Vend, Banorët Janë Mbledhur Dhe… VIDEO",66,short_61_120,decision score (jo probabilitet),1.8282803753404335,1,True,correct
linear_svm,fake_30,30,1,fake,Vallëzimi I Nuses Në Dasmën E Saj Po Mahnitë Të Gjithë Në Rrjetet Sociale,72,short_61_120,decision score (jo probabilitet),0.4149338549697909,1,True,correct
linear_svm,fake_31,31,1,fake,"Babai Merr Dy Ditë Leje Për Lindjen E Fëmijes, Kur Papritur I Vjen Nje Mesazh Nga Shefi I Tij Që E Lë Pa M,End",112,short_61_120,decision score (jo probabilitet),0.6956463638578377,1,True,correct
linear_svm,fake_33,33,1,fake,Njihuni Me Shqiptarën E Parë Që U Bë Milionere Me Bitcoin (FOTO),213,medium_121_250,decision score (jo probabilitet),-0.0026149113026853743,0,False,false_negative
linear_svm,fake_45,45,1,fake,"Nisi Procesi Për Punë Sezonale Në Itali, Ja Sa Shqiptarë Mund Të Përfitojnë Punë Bashkë Me Leje Qëndrimi",78,short_61_120,decision score (jo probabilitet),0.5732623691368746,1,True,correct
linear_svm,fake_46,46,1,fake,"Rasti i rralle qe emocjonoi gjithe boten,i biri pa duar ushqen nenen e paralizuar (Video)",107,short_61_120,decision score (jo probabilitet),1.181659148132064,1,True,correct
linear_svm,fake_50,50,1,fake,EKSLUZIVE:Rasheli Tregon Pa Dorashka Arsyen Pse U Largua Nga Ermali “Ai Me Ngacmonte Dhe …”,94,short_61_120,decision score (jo probabilitet),1.7007187934080752,1,True,correct
linear_svm,fake_57,57,1,fake,Soda Del Jasht “Loje” Ky Eshte Perberesi I Cili Do Te Sheroj Lukthin Tuaj Ne Vetem Pak Dite,188,medium_121_250,decision score (jo probabilitet),0.12471584353595017,1,True,correct
linear_svm,fake_60,60,1,fake,"Po na përlot me rolin e saj! Flet Ejlyli, tregon të pathënat e jetës së saj: U bëra…",99,short_61_120,decision score (jo probabilitet),0.9691681370404848,1,True,correct
linear_svm,fake_64,64,1,fake,"Mbani Lotët! Vajza E Zbulon Pak Para Dasmës Që I Fejuari Ia Kishte Dredhur, Më Pas Ia Bën…",75,short_61_120,decision score (jo probabilitet),1.6369633840766786,1,True,correct
linear_svm,fake_66,66,1,fake,Gazetarja E Njohur Rrëfen Ëndrrën Me Edi Ramën Gjatë Karantinës: Më Ka… (Video),107,short_61_120,decision score (jo probabilitet),0.8106511052424182,1,True,correct
linear_svm,fake_68,68,1,fake,"Ata Duheshin Shumë, Por Babai I Saj Nuk Ja Jepte Për Grua Edhe Pse Ajo Mbeti Shtatëzanë. Ajo Që Ndodhi 56 Vite Më Vonë Do T’ju Përlotë…",121,medium_121_250,decision score (jo probabilitet),1.509358939348503,1,True,correct
linear_svm,fake_70,70,1,fake,"BE Përshëndet Miratimin E ‘5 Qershorit’, Apeli I Sorecës: Mos Dëmtoni Frymën E Reformës Zgjedhore",93,short_61_120,decision score (jo probabilitet),0.6391529530339398,1,True,correct
linear_svm,fake_71,71,1,fake,"“T Ërmeti I Madh Do Ndryshojë Tokën, Kontinentet Do Ndahen Përgjysmë”, A Larmi I Shkencëtarit",118,short_61_120,decision score (jo probabilitet),1.5877093536146663,1,True,correct
linear_svm,fake_74,74,1,fake,"Gezim I Madh Ne Familjen E Shkurte Fejzes, Ja Qfare Ndodhi ..",90,short_61_120,decision score (jo probabilitet),1.2276564154132399,1,True,correct
linear_svm,fake_77,77,1,fake,Kush Është Kjo Gruaja Që Sot Protestoi Dhe Tha:Do Ta Tuboj Popullaten Nuk Ka Ndërtim Të Xhamisë,120,short_61_120,decision score (jo probabilitet),1.2412048422686799,1,True,correct
linear_svm,fake_79,79,1,fake,"Plas Sh Erri Brenda Familjes Miliardere, Motra Urdhëron “Vr Ásjen” E Të Vëllait",132,medium_121_250,decision score (jo probabilitet),1.1580216684867264,1,True,correct
linear_svm,fake_100,100,1,fake,Bëhet Baba Në Moshën 92-Vjeçare Dhe Ai Deshiron Qe Ta…,75,short_61_120,decision score (jo probabilitet),0.7866872810600193,1,True,correct
linear_svm,fake_101,101,1,fake,"Nuk Është Parë As Dëgjuar Ndonjëherë, Nëna Lind Fëmijën Dhe Pas 2 Ditësh Merr Lajmin Që Nuk E Priste Kurrë",163,medium_121_250,decision score (jo probabilitet),-0.06864031044739788,0,False,false_negative
linear_svm,fake_112,112,1,fake,"Ekskluzive: Shitet urgjent Golf 5, Çmimi 2600 Euro, pres blers serioz (Foto/Video)",90,short_61_120,decision score (jo probabilitet),1.5645603626907556,1,True,correct
linear_svm,fake_116,116,1,fake,"Para Me Thasë, SHTETl Ku Paraja Nuk Ka Asnjë VIerë",96,short_61_120,decision score (jo probabilitet),1.4246550012600128,1,True,correct
linear_svm,fake_121,121,1,fake,"Rasti i rralle qe emocjonoi gjithe boten,i biri pa duar ushqen nenen e paralizuar (Video)",109,short_61_120,decision score (jo probabilitet),1.186494757217242,1,True,correct
linear_svm,fake_124,124,1,fake,"Flet Nga SHBA Mjeku Per Shqiperine: Vjeshta Do Jete E Tm.Errshme, Ja Çdo Të Ndodhë",95,short_61_120,decision score (jo probabilitet),2.0870645581429845,1,True,correct
linear_svm,fake_125,125,1,fake,"U Nda Nga Eros Grezda/ Oriola Marashi E Zevendeson Menjehere, Me Ke Po I Kalon Pushimet Bukuroshja",100,short_61_120,decision score (jo probabilitet),1.8197524382825603,1,True,correct
linear_svm,fake_129,129,1,fake,"Kapi Peshkun, Por Burri U Sho Kua Nga Ajo Se Çfarë I Gjeti Në Stomak",155,medium_121_250,decision score (jo probabilitet),1.3316985685864169,1,True,correct
linear_svm,fake_136,136,1,fake,Si të bëheni milioner për 2020-ën/ 6 tradita për të sjellë fatin e mirë për Vitin e Ri (FOTO),85,short_61_120,decision score (jo probabilitet),0.31071484982461073,1,True,correct
linear_svm,fake_163,163,1,fake,"E fundit! Shtrohet ne spital nga koronavirusi biznesmeni dhe deputeti i PS-së,",87,short_61_120,decision score (jo probabilitet),1.0132118912239207,1,True,correct
linear_svm,fake_164,164,1,fake,Vetëm 11 Ditësh Dhe Me Dhëmbë? ‘Zbulohet’ E Vërteta E Videos Që Po ‘Çmend’ Rrjetin (Video),73,short_61_120,decision score (jo probabilitet),1.657762102604612,1,True,correct
linear_svm,fake_169,169,1,fake,Përse Nuk Duhet Të Kaloni Natën Pranë Varrezave…,98,short_61_120,decision score (jo probabilitet),1.3433662565483862,1,True,correct
linear_svm,fake_174,174,1,fake,"E FUNDIT:Publikohen Pamjet EKSLUZIVE Endrit Thaçi, Djali I Presidenti Blen Veturë 35 Mijë Euro Populli Ska Buk Me Honger",97,short_61_120,decision score (jo probabilitet),1.7046283703750529,1,True,correct
linear_svm,fake_176,176,1,fake,"TURP!! 3 mijë euro për një nuse, si i shiten vajzat Shqiptarëve burrave Serbë",107,short_61_120,decision score (jo probabilitet),1.3047034676588587,1,True,correct
linear_svm,fake_186,186,1,fake,"LAJMI I FUNDIT: Gjërat ”rrotulluan” krejtësisht, prishet ”loja” LDK-VV – Kush e bëri këtë?",76,short_61_120,decision score (jo probabilitet),1.3547007675458578,1,True,correct
linear_svm,fake_189,189,1,fake,Super lajm nga Zvicra – Shqiptarja lind gjashtënjakë por do te Çmendeni se Çfarë i ofroj shteti,114,short_61_120,decision score (jo probabilitet),1.1838429733690456,1,True,correct
linear_svm,fake_195,195,1,fake,Shitet Iphone X cmimi vetem 200 euro nxito sasi e limituar,66,short_61_120,decision score (jo probabilitet),1.0783885235139814,1,True,correct
linear_svm,fake_197,197,1,fake,"Ka 3 adresa Facebook-u per tu shkruar te dashurave, gruaja i nxjerr ‘bojën’ burrit! Por Ardit Gjebrea i ben ate qe nuk e priste",95,short_61_120,decision score (jo probabilitet),1.1747435704711384,1,True,correct
linear_svm,fake_204,204,1,fake,"Është Vetëm 8-Muajshe, Por Ka Diçka Të Veçantë Që Askush Nuk E Beson Se Është Ajo",98,short_61_120,decision score (jo probabilitet),1.8562056239123614,1,True,correct
linear_svm,fake_211,211,1,fake,Kos apo qumësht? Ky është ideali për mëngjes dhe do jeni me energji gjithë ditën,71,short_61_120,decision score (jo probabilitet),1.3212860914378461,1,True,correct
linear_svm,fake_212,212,1,fake,"Babai i saj trim u nda nga jeta 22 vite më parë, këngëtarja shqiptare të prek në shpirt me fjalët",118,short_61_120,decision score (jo probabilitet),0.292941916367386,1,True,correct
linear_svm,fake_213,213,1,fake,"Mjellma ng.ordh nga “ze mra e th.yèr”, adoIeshentët i th.yen vezèt e saj me tuIIa",142,medium_121_250,decision score (jo probabilitet),0.6524120074671319,1,True,correct
linear_svm,fake_219,219,1,fake,"VIDEO EKSLUZIVE:Kevina Kthella Ngre Temperaturat, Shëtit Me Mbathje Në Rrugë Pa Komplekse Dhe Cmend Te Rinjte Dhe Pleqtë",94,short_61_120,decision score (jo probabilitet),0.9037757008190153,1,True,correct
linear_svm,fake_221,221,1,fake,Shikojeni me çfarë deklarate vjen tani Naim Abazi për Mihrijën! (PAMJE),82,short_61_120,decision score (jo probabilitet),0.25691007775846686,1,True,correct
linear_svm,fake_232,232,1,fake,"Koronavirusi/ “Kjo situatë mund të zgjasë deri në 3 vjet”, kryeministri Rama “befason” që të gjithë",150,medium_121_250,decision score (jo probabilitet),0.8458768625272746,1,True,correct
linear_svm,fake_234,234,1,fake,"Anulohen dasmat e muajit gusht, ja çfarë do ndodhë me dasmat !?",156,medium_121_250,decision score (jo probabilitet),0.37219006396568943,1,True,correct
linear_svm,fake_238,238,1,fake,"Dëgjonte zhurma në tavan, por aty sipër gjen një “thesar” të vërtetë (FOTO)",79,short_61_120,decision score (jo probabilitet),0.29460170095229193,1,True,correct
linear_svm,fake_240,240,1,fake,E kush nuk e njeh kete lule? Ajo sheron sem undje qe ju as qe i coni neper mend,84,short_61_120,decision score (jo probabilitet),1.1361606390635128,1,True,correct
linear_svm,fake_248,248,1,fake,"Këngëtarja Shqiptare Merr Masa Për Pastërti, Fut Nën Ujë Edhe Celularin!",92,short_61_120,decision score (jo probabilitet),0.8848176919186423,1,True,correct
linear_svm,fake_252,252,1,fake,Nxirrni jargë teksa flini ? Kjo shenjë tregon që ju vuani nga një sëm undje e cila prek…(VIDEO),189,medium_121_250,decision score (jo probabilitet),1.077591581959235,1,True,correct
linear_svm,fake_255,255,1,fake,KUJDES: Këtë Vendim Të Policisë Së Kosovës Duhet Ta Dini Të Gjithë!,105,short_61_120,decision score (jo probabilitet),0.6822555224196205,1,True,correct
linear_svm,fake_257,257,1,fake,Nga Ilaçet Te Recetat Në Shtëpi: Si Mund Të Trajtohet Humbja E Nuhatjes,87,short_61_120,decision score (jo probabilitet),0.7645885758237503,1,True,correct
linear_svm,fake_262,262,1,fake,Do u rrëqethet mishi nga kjo histori! Kjo shqiptare u martua në moshën 15-vjeçare e humbi 7 fëmijë: Jam..,106,short_61_120,decision score (jo probabilitet),1.2308415438210287,1,True,correct
linear_svm,fake_267,267,1,fake,NJlHUNl me artistin korean që po “truIIos” botën me veprat e tij,81,short_61_120,decision score (jo probabilitet),0.8841263425813439,1,True,correct
linear_svm,fake_271,271,1,fake,"VIDEO:‘Noizy E Liroi Nga B Urgu, E Takonte Në Fushë Krujë’/ Klodiana Lala Zbulon Cfare Ndodhi Ne Va Rrimin E Hekuran Billës: Morën Pjesë Edhe Emra Të Botës Së K Rimit",92,short_61_120,decision score (jo probabilitet),1.449575750571365,1,True,correct
linear_svm,fake_276,276,1,fake,"Pasanikët Po Ikin Nga Coronavirusi, Po Futen Nën Tokë – Apartamenti Më I Lirë Në Bunker Kushton Një Milion Dollarë",102,short_61_120,decision score (jo probabilitet),1.0678483318403111,1,True,correct
linear_svm,fake_282,282,1,fake,“Jam e tro.nditur…”. Eni Çobanit indodh e papritura: Ti duhet të dish dhe ha.llin tim,91,short_61_120,decision score (jo probabilitet),1.5838127269955071,1,True,correct
linear_svm,fake_290,290,1,fake,EPABESUESHME : Dy djem gropojnë një vend por shikoni cfar nxjerrin ..,67,short_61_120,decision score (jo probabilitet),0.7514789943787537,1,True,correct
linear_svm,fake_298,298,1,fake,"Shkoi për pushime në Shëngjin, Ja çka i ndodhi 34 vjeçarit nga Kosova",66,short_61_120,decision score (jo probabilitet),0.5431084997808711,1,True,correct
linear_svm,fake_299,299,1,fake,Lista Serbe për Vjosa Osmanin: Ti moj Vjosa na ndoqe në korridor për t’i dhënë votat për kryetare të Kuvendit,163,medium_121_250,decision score (jo probabilitet),0.17510876769155365,1,True,correct
linear_svm,fake_301,301,1,fake,"“Dieta Me Oriz”! Minus 10 Kg, Dobësimi Që Nuk Rimerr Kilet As Pas 6 Vitesh",114,short_61_120,decision score (jo probabilitet),0.99468702485665,1,True,correct
linear_svm,fake_304,304,1,fake,Trumpi I Drejtohet Popullit Amerikan: Ju Njoftoj Se Nga Ky Moment Ne Do Të…,88,short_61_120,decision score (jo probabilitet),1.227449349168755,1,True,correct
linear_svm,fake_306,306,1,fake,"Albin Kurti e jep lajmin e madh: Më në fund gjithçka përfundoj, URIME KOSOVË",89,short_61_120,decision score (jo probabilitet),1.8428282813361558,1,True,correct
linear_svm,fake_307,307,1,fake,"“Bombardohet” Mihrihe Braha, takon për herë të parë “djalin jashtëmartesor” të Naim Abazit pas 19 viteve (VIDEO)",80,short_61_120,decision score (jo probabilitet),0.723770773371097,1,True,correct
linear_svm,fake_308,308,1,fake,"Juria U Tall Dhe Dyshonte Shumë Në Talentin E Saj, Nuk E Dinin Se Ajo Do Ta Ngritë Publikun Në Këmbë!(Video)",111,short_61_120,decision score (jo probabilitet),0.3759120158870819,1,True,correct
linear_svm,fake_317,317,1,fake,"Dyshonin Se Ishte Shta’tzënë, Mjekët Bëjnë Zbu’limin E Tmer.Rshëm",87,short_61_120,decision score (jo probabilitet),0.9319892390803282,1,True,correct
linear_svm,fake_323,323,1,fake,"Kjo Vajzë Cdo Ditë E Puthte Këtë Të Pastrehë, Por Cfarë Bëri Plaku Për Të, Do Mbeteni Pa Fjalë",370,long_gt_250,decision score (jo probabilitet),-0.10618890547029652,0,False,false_negative
linear_svm,fake_325,325,1,fake,Edi Rama ka “dasht” me nda Kosovën (tonë). Ramush Haradinaj “pa dasht” e ka nda Çakorrin (Video),78,short_61_120,decision score (jo probabilitet),1.4986357323351767,1,True,correct
linear_svm,fake_332,332,1,fake,LAJMI I FUNDIT: Infektohet Me CO -19 Këngëtari I Njohur Kosovar!,79,short_61_120,decision score (jo probabilitet),0.47122060065124777,1,True,correct
linear_svm,fake_343,343,1,fake,"Naim Abazi: Punë ka sa të duash, po rinia po kanë qef me nejt në kafe, me prit prej babës hala!",96,short_61_120,decision score (jo probabilitet),0.11475983110546895,1,True,correct
linear_svm,fake_345,345,1,fake,"I Tregoi Të Dashurës Se Jetonte Në Rrugë, Reagimi I Vajzës Do Ju Lërë Pa Fjalë…",82,short_61_120,decision score (jo probabilitet),0.4588300057128533,1,True,correct
linear_svm,fake_351,351,1,fake,"Lejeni menjane ujin me limon ne mengjes, vazhdoni te konsumoni kete perberje qe po cmend te gjithe",488,long_gt_250,decision score (jo probabilitet),0.3621447933681123,1,True,correct
linear_svm,fake_352,352,1,fake,"Ekskluzive: Vjosa Osmani me parti të re, Ja si do të quhet partia e saj!",112,short_61_120,decision score (jo probabilitet),1.0422297363915267,1,True,correct
linear_svm,fake_353,353,1,fake,"Burri vetëm për letra më ka marr mua, tani qe s’kemi as njeri letrat më thotë dil gjeje një tjetër…",600,long_gt_250,decision score (jo probabilitet),0.7287364979353422,1,True,correct
linear_svm,fake_354,354,1,fake,Lëngu i qepës efikas kundër katër sëmundjeve!?,270,long_gt_250,decision score (jo probabilitet),-0.22436322014757398,0,False,false_negative
linear_svm,fake_355,355,1,fake,Mediat serbe: Serbia njeh Kosovën dhe hyn në BE,332,long_gt_250,decision score (jo probabilitet),0.16041140891299943,1,True,correct
linear_svm,fake_367,367,1,fake,Tmerr për Kosovën kush po e përfaqëson! Zbulohet detaje tronditese,96,short_61_120,decision score (jo probabilitet),1.8396912601456923,1,True,correct
linear_svm,fake_368,368,1,fake,Kjo qe do te ndodhe te Henen ne Kosove do iu shokoje,143,medium_121_250,decision score (jo probabilitet),1.1780087153904302,1,True,correct
linear_svm,fake_369,369,1,fake,"Avdullah Hotin nuk e do as fshati i tij Ratkoc, ja çfarë thanë disa prej tyre. – (VIDEO)",95,short_61_120,decision score (jo probabilitet),2.0183536149139063,1,True,correct
linear_svm,fake_375,375,1,fake,Ja sa është paga e Naser Rafuna tek seriali ‘Çka ka shpija.’,75,short_61_120,decision score (jo probabilitet),1.7464182236723398,1,True,correct
linear_svm,fake_383,383,1,fake,Albin Kurtin e shokon Hashim Thaçin me kete qe i zbuloi per luften dhe hagen,83,short_61_120,decision score (jo probabilitet),3.0121911436758535,1,True,correct
linear_svm,fake_384,384,1,fake,"Skandal: Nuk iu lindi djalë, babai vret vetën e ja se çfarë i ndodhi nënës së re",139,medium_121_250,decision score (jo probabilitet),0.4859218498261484,1,True,correct
linear_svm,fake_394,394,1,fake,"Kjo video po fikson botën, janë futur veta 20 makinë/ Shikoni si dalin një nga një",77,short_61_120,decision score (jo probabilitet),2.3382311262799327,1,True,correct
linear_svm,fake_395,395,1,fake,"Shkoni në vendin ku ishte burri, gruaja e kap atë keq me një femër dhe u bën të pabërën",87,short_61_120,decision score (jo probabilitet),1.8050858484293923,1,True,correct
linear_svm,fake_412,412,1,fake,"“Eskalon” familjari i deputetit Xhavit Ukaj, fyen rëndë Vjosa Osmanin",85,short_61_120,decision score (jo probabilitet),1.4729936392328837,1,True,correct
linear_svm,fake_415,415,1,fake,Flet edhe njëherë deputeti që iu vërsul Osmanit në Kuvend: Me pas dashtë me e sulmua e kisha…,109,short_61_120,decision score (jo probabilitet),1.0440304974095607,1,True,correct
linear_svm,fake_417,417,1,fake,LAJMI I FUNDIT – Më në fund Lajm i mirë për vizat,147,medium_121_250,decision score (jo probabilitet),1.392696480329488,1,True,correct
linear_svm,fake_423,423,1,fake,"Fero postoi foto me armë, Arbenita e frikësuar se ai ‘do ta vrasë’",70,short_61_120,decision score (jo probabilitet),1.9309116956083656,1,True,correct
linear_svm,fake_428,428,1,fake,Zyrtari i VV-së habit me deklaratën për Thaçin dhe Veselin,87,short_61_120,decision score (jo probabilitet),1.2092321192300517,1,True,correct
linear_svm,fake_430,430,1,fake,E jashtëzakonshme: Merkel me flamurin e Kosovës para syve të Vuçiqit,78,short_61_120,decision score (jo probabilitet),1.3999923810572894,1,True,correct
linear_svm,fake_433,433,1,fake,Pasi u infektua me Covid-19 vdes Mustafa,57,very_short_le_60,decision score (jo probabilitet),0.597601090313605,1,True,correct
linear_svm,fake_434,434,1,fake,"Lajm qe duhet ta din te gjithe, Viber do behet me para detaje ekskluzive",78,short_61_120,decision score (jo probabilitet),0.8370728332744264,1,True,correct
linear_svm,fake_439,439,1,fake,‘Çartet’ Sami Lushtaku ia zbulon kete gje Rexhep Selimit,93,short_61_120,decision score (jo probabilitet),1.6876423728164731,1,True,correct
linear_svm,fake_451,451,1,fake,Maqedonia e Veriut e shokon Kosoven dhe qytetaret e saj me kete vendim qe morri,78,short_61_120,decision score (jo probabilitet),1.8357118461265074,1,True,correct
linear_svm,fake_454,454,1,fake,Këto janë pikat kufitare ku iu kërkohet testi për COVID-19,98,short_61_120,decision score (jo probabilitet),0.6835710165005804,1,True,correct
linear_svm,fake_463,463,1,fake,Emily Ratajkowski duket super s.e.ksi në fotografitë e fundit,94,short_61_120,decision score (jo probabilitet),0.9977894506482614,1,True,correct
linear_svm,fake_465,465,1,fake,"Lë Bashkëshorten E Tij Për Një Grua Më Të Re. Çfarë Ndodh 3 Vite Më Vonë, E Lë Atë Pa Fjalë…",136,medium_121_250,decision score (jo probabilitet),1.3634802397095442,1,True,correct
linear_svm,fake_472,472,1,fake,"Acarohen raportet e Serbisë me Rusinë, ja çfarë veprimi ka bërë Vuçiq",101,short_61_120,decision score (jo probabilitet),1.1572949915741324,1,True,correct
linear_svm,fake_479,479,1,fake,Ja sa kohë duhet për ta marrë virusin në një bar apo restaurant,112,short_61_120,decision score (jo probabilitet),1.348066565425749,1,True,correct
linear_svm,fake_480,480,1,fake,Gani Geci: Hashim Thaçi ma i dëmshëm se KoronaVirusi në këtë kohë!,78,short_61_120,decision score (jo probabilitet),2.3629520545447766,1,True,correct
linear_svm,fake_481,481,1,fake,"Detaji që u iku të gjithëve: Tyta e automatikut në shtëpinë e prindërve të Thaçit, e “zbuloi” Veseli",85,short_61_120,decision score (jo probabilitet),1.898732108061799,1,True,correct
linear_svm,fake_483,483,1,fake,"Nasim Haradinaj: o Ramush Haradinaj, Lakmia e pushteti të prishë!",80,short_61_120,decision score (jo probabilitet),1.6113946174794547,1,True,correct
linear_svm,fake_495,495,1,fake,Lajmi i fundit: Hashim Thaçi ¨tenton¨ te ia merr jeten Gani Gecit,197,medium_121_250,decision score (jo probabilitet),-0.11075686629842257,0,False,false_negative
linear_svm,fake_496,496,1,fake,Mulla Osmani i ‘bie shuplakë’ Milaim Zekës live në emision (Video),81,short_61_120,decision score (jo probabilitet),0.812878537547576,1,True,correct
linear_svm,fake_508,508,1,fake,Shikoni  reagimin e Leonora Jakupit për ndërtimin e xhamisë në Prishtinë,82,short_61_120,decision score (jo probabilitet),-0.6824457724432085,0,False,false_negative
linear_svm,fake_515,515,1,fake,"Bac Qikat e Kosoves po na zbardhin ftyren, Kjo qe beri tash Rita Ora eshte e madhe!",352,long_gt_250,decision score (jo probabilitet),-0.6248091405841918,0,False,false_negative
linear_svm,fake_520,520,1,fake,LAJMI BOMBASTIK / Richard Grenell: Vizat Mund Të Hiqen Ditën E Dielë (VIDEO),162,medium_121_250,decision score (jo probabilitet),1.8225842015094829,1,True,correct
linear_svm,fake_527,527,1,fake,A e keni ditur se kjo moderatore është motra e Haki Abazit?,76,short_61_120,decision score (jo probabilitet),1.917106116688161,1,True,correct
linear_svm,fake_528,528,1,fake,Ganja e PDK-s thot se Vjosa tash pa LDK-n as 10% ska me mujt me i fitu,189,medium_121_250,decision score (jo probabilitet),0.4713387792711579,1,True,correct
linear_svm,fake_530,530,1,fake,Shuma marramendëse: Robert Berisha tregon sa paguhet në koncerte,142,medium_121_250,decision score (jo probabilitet),-0.452089522598148,0,False,false_negative
linear_svm,fake_531,531,1,fake,EKSKLUZIVE: Albin Kurti President i Kosoves?,86,short_61_120,decision score (jo probabilitet),3.2228703047245775,1,True,correct
linear_svm,fake_535,535,1,fake,‘Hashim Thaçi’ futet papritmas në emisionin ku ishte Berat Buzhala (Video),96,short_61_120,decision score (jo probabilitet),0.4146684957837161,1,True,correct
linear_svm,fake_536,536,1,fake,Dardan Molliqaj ia publikon këtë ‘top sekret’ Albin Kurtit,65,short_61_120,decision score (jo probabilitet),0.28867472629178625,1,True,correct
linear_svm,fake_539,539,1,fake,E PAPRITUR: Ja Kush Është I Dashuri I Ri I Nora Istrefit sdo ta besoni,96,short_61_120,decision score (jo probabilitet),1.5582103810661592,1,True,correct
linear_svm,fake_544,544,1,fake,Kur pritet t’u mundësohet qytetarëve tërheqja e parave nga Trusti?,209,medium_121_250,decision score (jo probabilitet),-0.6298837134576014,0,False,false_negative
linear_svm,fake_545,545,1,fake,"E pabesueshme, banorët e ketij fshati kapin gjarprin me përmasa të frikshme (Foto)",84,short_61_120,decision score (jo probabilitet),0.0772690664845409,1,True,correct
linear_svm,fake_553,553,1,fake,"Dhurata shkëlqeu e veshur e tëra me lule, por nuk do ta besoni sa kushtoi veshja e saj",97,short_61_120,decision score (jo probabilitet),0.10850089460754336,1,True,correct
linear_svm,fake_555,555,1,fake,Kosova zë vendin e parë në Evropë si vendi me numrin më të madh të infektuarve,158,medium_121_250,decision score (jo probabilitet),-0.8002130896397761,0,False,false_negative
linear_svm,fake_556,556,1,fake,"BE-ja dhe SHBA e godasin fort Serbine, cmenden serbet",86,short_61_120,decision score (jo probabilitet),0.8782620940641777,1,True,correct
linear_svm,fake_571,571,1,fake,E papritur:Qeveria fut në karantinë edhe katër komuna,98,short_61_120,decision score (jo probabilitet),-0.2369253004292174,0,False,false_negative
linear_svm,fake_573,573,1,fake,TURP: Ja çfarë thonë mediat serbe për shkuarjen e Thaçit në Hagë,105,short_61_120,decision score (jo probabilitet),0.4155375266761753,1,True,correct
linear_svm,fake_580,580,1,fake,Ja kur pritet te vijë Vala e dytë e Covid-19.,146,medium_121_250,decision score (jo probabilitet),0.24010332066074552,1,True,correct
linear_svm,fake_582,582,1,fake,"Nuk Ka Te Ndalur Tayna, Tregon Si Po Rrit Të Pasmet E Saj Çdo Ditë",111,short_61_120,decision score (jo probabilitet),1.516644133186629,1,True,correct
linear_svm,fake_583,583,1,fake,"Azem Hajdari ku i thotë Thaçit “të rre hi si qenin more pis…”, ka dy fjalë për Isa Mustafën",191,medium_121_250,decision score (jo probabilitet),0.2819073774974983,1,True,correct
linear_svm,fake_584,584,1,fake,Albin Kurti kapet në aeroport,90,short_61_120,decision score (jo probabilitet),0.62723906495488,1,True,correct
linear_svm,fake_585,585,1,fake,LAJMI I FUNDIT – E pabesushme ja qka i ndodhi Isa Mustafes ne keto momente pas infektimit me COVID 19,152,medium_121_250,decision score (jo probabilitet),2.5638404148754903,1,True,correct
linear_svm,fake_586,586,1,fake,Përhapja e virusit nuk ndalohet me gjendjen e jashtëzakonshme.,165,medium_121_250,decision score (jo probabilitet),-0.1897132178225049,0,False,false_negative
linear_svm,fake_592,592,1,fake,"Mjeku Pipero jep lajmin e mirë: Shqipëria s’do izolohet sërish, vetëm nëse bëni këtë gjë",97,short_61_120,decision score (jo probabilitet),0.22464148032760461,1,True,correct
linear_svm,fake_600,600,1,fake,"LAJMI I FUNDIT: Eshë ulur çmimi i naftës,nuk do ta besoni se sa ka ra!?",145,medium_121_250,decision score (jo probabilitet),0.8269422325788032,1,True,correct
linear_svm,fake_603,603,1,fake,Neurologët: Njerëzit me simptoma të butë të koronavirusit po pësojnë çrregullime serioze të trurit,501,long_gt_250,decision score (jo probabilitet),-0.7614719326843367,0,False,false_negative
linear_svm,fake_608,608,1,fake,E FUNDIT:Video Eksluzive ”Lajm I Madh Nga Zemaj: Do Ta Porosisim Vaksinën Kundër Koronavirusit”,164,medium_121_250,decision score (jo probabilitet),0.7570089869540659,1,True,correct
linear_svm,fake_611,611,1,fake,Ka përçarje brenda LDK’së? Isa Mustafa trondite me kete qe tha!,124,medium_121_250,decision score (jo probabilitet),1.3496546128649105,1,True,correct
linear_svm,fake_612,612,1,fake,"WOW kjo eshte e madhe, Ambasadori Gjerman jep nje lajm te madh per Albin Kurtin dhe Vjosa Osmanin",89,short_61_120,decision score (jo probabilitet),0.5627317677704038,1,True,correct
linear_svm,fake_614,614,1,fake,LAJMI I FUNDIT -Ne kete jave po kthehemi ne Karantine?,465,long_gt_250,decision score (jo probabilitet),-0.5205301447592936,0,False,false_negative
linear_svm,fake_618,618,1,fake,Mergimtari qe erdhi nga Zvicra tregon çka i ndodhi sdo ta besoni(VIDEO),97,short_61_120,decision score (jo probabilitet),1.8065733739083214,1,True,correct
linear_svm,fake_619,619,1,fake,“Godet“ Veton Surroi: Ata qe e “kalle” flamurin e Kosovës sigurisht janë katundar nga Drenica,85,short_61_120,decision score (jo probabilitet),0.2983309935162308,1,True,correct
linear_svm,fake_621,621,1,fake,"Pasi u martuan, gruaja mëson pse burri nuk “e prek”. Kur ai bënte dush ajo e pa hapur…",280,long_gt_250,decision score (jo probabilitet),-0.25422416071786563,0,False,false_negative
linear_svm,fake_629,629,1,fake,Aktorja nga Gjilani i quan kosovarët dreqër,93,short_61_120,decision score (jo probabilitet),-0.3327507055358144,0,False,false_negative
linear_svm,fake_631,631,1,fake,"Habitet 22 Vjeçarja Shqiptare Nga Zvicra: Ju Rr Efej Se Cka Ndodh Me Ata Që Martohen Për Letra, Mua Më…",128,medium_121_250,decision score (jo probabilitet),0.6705508804720742,1,True,correct
linear_svm,fake_638,638,1,fake,Lajmi më i ri sa i përket pagesave prej 170 eurosh për punëtorët që mbetën pa punë gjatë pandemisë!,174,medium_121_250,decision score (jo probabilitet),-0.9253640923471163,0,False,false_negative
linear_svm,fake_652,652,1,fake,"Beogradi shpall gjendjen e jashtëzakonshme, kjo e keqe po ndodh atje",78,short_61_120,decision score (jo probabilitet),0.3726409597647189,1,True,correct
linear_svm,fake_655,655,1,fake,Krenar Gashi:“Avdullah Hoti Mund Të Bëhet Si Ibrahim Rugova “ ndoshta me i zoti se aj,161,medium_121_250,decision score (jo probabilitet),-0.08860489823018652,0,False,false_negative
linear_svm,fake_671,671,1,fake,"E Fundit VIDEO Eksluzive:Harrojeni Covid19,Frika E Shkencëtarëve: “Hëna Do Të Përplaset Me Tokën”",94,short_61_120,decision score (jo probabilitet),1.0228794569057489,1,True,correct
linear_svm,fake_675,675,1,fake,"I Shkatërrohet Karriera, Nora Istrefit I Publikohet Video Me Avokatin E Njohur Kosovar",70,short_61_120,decision score (jo probabilitet),1.303795811729909,1,True,correct
linear_svm,fake_679,679,1,fake,Fatmir Limaj: Albini As Pragun Ska Me Kalu Ne Zgjedhje Te Reja Keni Me Pa O Popull – VIDEO –,154,medium_121_250,decision score (jo probabilitet),0.8852726238542501,1,True,correct
linear_svm,fake_680,680,1,fake,Ganja e PDK-s Kur tka qef Vjosa matum me vota qe si fitoj 50% ma shum se ajo une dha dorheqje nga PDK-ja,196,medium_121_250,decision score (jo probabilitet),0.6023052378887953,1,True,correct
linear_svm,fake_694,694,1,fake,"LAJMI I FUNDIT: Vjosa Osmani nuk ndalet, Ja jep goditjen finale Isa Mustafes",148,medium_121_250,decision score (jo probabilitet),0.06833511373425444,1,True,correct
linear_svm,fake_702,702,1,fake,LAJMI I FUNDIT – Thaçi: Nëse nuk arrihet marrëveshja me 27 qershor kjo do të ndodhë…,2233,long_gt_250,decision score (jo probabilitet),-0.8566249436938114,0,False,false_negative
linear_svm,fake_713,713,1,fake,"Mixha hyri në një restorant luksoz dhe i shërben kamarierja më e mirë, por të nesërmen ajo shkarkohet pas asaj që kishte bërë!",489,long_gt_250,decision score (jo probabilitet),-0.16463395990006496,0,False,false_negative
linear_svm,fake_721,721,1,fake,"Cka po ndodh ne shesh te Prishtines,zjarrefiksat jane aty dhe",83,short_61_120,decision score (jo probabilitet),1.0662196715684311,1,True,correct
linear_svm,fake_731,731,1,fake,Kryeministri britanik jep lajmin e madh: Ja kur mbaron kriza nga COVID-19,136,medium_121_250,decision score (jo probabilitet),0.8397681623417612,1,True,correct
linear_svm,fake_744,744,1,fake,Studimi i ri: Njerëzit kanë më shumë gjasa të infektohen në shtëpi se sa jashtë,121,medium_121_250,decision score (jo probabilitet),0.29829137068536016,1,True,correct
linear_svm,fake_745,745,1,fake,Vaksina “premtuese” e COVID-19 në Oxford: Çfarë është ajo dhe katër gjërat tjera që duhet ditur,99,short_61_120,decision score (jo probabilitet),0.35169159503183306,1,True,correct
linear_svm,fake_747,747,1,fake,Hoxha nga Drenica i përmend me emra: Këta janë islamofobët që po u pengon ndërtimi i xhamisë,89,short_61_120,decision score (jo probabilitet),1.264122971091065,1,True,correct
linear_svm,fake_756,756,1,fake,"Fotografi brenda Klinikës Infektive në QKUK, mjekë të lodhur e rraskapitur: Këtu as Supermeni nuk bën punë",251,long_gt_250,decision score (jo probabilitet),0.5979860973972573,1,True,correct
linear_svm,fake_758,758,1,fake,Çfarë e zhduk koronavirusin? Italianët bëjnë zbulimin që do na rikthejë në normalitet,100,short_61_120,decision score (jo probabilitet),1.1194668356190063,1,True,correct
linear_svm,fake_760,760,1,fake,Mj eku i njohur Pellumb Pipero jep lajmin e k eq: Pa ndemia mund të zgjasë deri në..,126,medium_121_250,decision score (jo probabilitet),0.5998889352329708,1,True,correct
linear_svm,fake_765,765,1,fake,"Intervistimi 4 ditor i Thaçit, Raportuesja për Kosovën bënë veprimin e papritur",210,medium_121_250,decision score (jo probabilitet),1.313837458228833,1,True,correct
linear_svm,fake_772,772,1,fake,"Ylli super seksi i ‘Victoria Secret’ kapet ‘mat’ nga paparacit, bikinit morën të gjithë vëmendjen",143,medium_121_250,decision score (jo probabilitet),0.9892397937013617,1,True,correct
linear_svm,fake_781,781,1,fake,Greqia: I dhimbshëm vendimi për xhaminë,120,short_61_120,decision score (jo probabilitet),0.9553289487785048,1,True,correct
linear_svm,fake_783,783,1,fake,Të marrësh kredi për të bërë fëmijë / historia emocionuese e çiftit që u bënë prindër pas 15 vitesh,135,medium_121_250,decision score (jo probabilitet),0.5039616382204659,1,True,correct
linear_svm,fake_788,788,1,fake,Albin Kurti e quan Zezaj Ministrin e Shëndetësisë,257,long_gt_250,decision score (jo probabilitet),0.3198394202650454,1,True,correct
linear_svm,fake_789,789,1,fake,"Zemaj deputetëve të VV’së: Ju jeni shëtit me paramilitarë, unë jam nip i Mic Sokolit",246,medium_121_250,decision score (jo probabilitet),-0.5498721081807192,0,False,false_negative
linear_svm,fake_793,793,1,fake,"Bëri dasmë në kohën e koronavirusit, Rama i bën shqiptarit atë që nuk e kishte parë as në ëndrrat më të k ëqija",134,medium_121_250,decision score (jo probabilitet),0.7320387587147847,1,True,correct
linear_svm,fake_803,803,1,fake,A do të mbyllen prapë xhamitë?,71,short_61_120,decision score (jo probabilitet),0.9811025991811595,1,True,correct
linear_svm,fake_808,808,1,fake,FËMlJA i a doptuar thotë DlÇKA në sallën e GJYQlT që prek z emrën e të GJlTHËVE,146,medium_121_250,decision score (jo probabilitet),0.6159598686326614,1,True,correct
linear_svm,fake_809,809,1,fake,Oj Qeveri: Ku mbetën 170 eurot që qytetarët janë në pritje të tyre ?,109,short_61_120,decision score (jo probabilitet),0.43839417999383923,1,True,correct
linear_svm,fake_825,825,1,fake,"Eskalon situata në Serbi, protesutesit futen në Kuvend",99,short_61_120,decision score (jo probabilitet),0.7850267808683088,1,True,correct
linear_svm,fake_830,830,1,fake,"‘Cmendet’ Moti Në Shqipëri, Shihni Çfarë Po Ndodh Në Plazhin E Borshit",100,short_61_120,decision score (jo probabilitet),1.202283211650034,1,True,correct
linear_svm,fake_833,833,1,fake,A paguhen 10 ditët e humbura të karantinës në Zvicër? Flet Shoqata e Sipermarrësve Zviceranë,251,long_gt_250,decision score (jo probabilitet),0.03575326696683567,1,True,correct
linear_svm,fake_835,835,1,fake,"Video Eksluzive:“Doja Të Bleja Shtëpi, Ai Ishte Ndërtuesi I Pallatit”, Alketa Vejsiu Rr Ëfen Hi Storinë! Si U Njoh Me Burrin: U Çmenda Pas Syve Të Tij",127,medium_121_250,decision score (jo probabilitet),0.8306908025875266,1,True,correct
linear_svm,fake_856,856,1,fake,"Gjermania planifikon vendimin e madh, ja qfarë pritet të ndodhë",149,medium_121_250,decision score (jo probabilitet),0.018091285927483103,1,True,correct
linear_svm,fake_858,858,1,fake,Çdo bëhet me këtë vend?! Zëri i Amerikës ia pl.as të vërtetën Shqipërisë: Më ulët se kurrë…,134,medium_121_250,decision score (jo probabilitet),0.4903824177202837,1,True,correct
linear_svm,fake_863,863,1,fake,"Video Eksluzive:“Shqiperia Ka Qene Greqi”, Këngëtarja E Njohur ‘Shp Ërthen’ Ndaj Arjan Çanit: Ky Njeri Duhet Te",105,short_61_120,decision score (jo probabilitet),0.8280924109276616,1,True,correct
linear_svm,fake_875,875,1,fake,"Labi gëzon vajzën me aftësi të kufizuara, ia dorëzon një karrocë të re (VIDEO)",139,medium_121_250,decision score (jo probabilitet),0.9950025674043304,1,True,correct
linear_svm,fake_880,880,1,fake,Kadri Veseli “kë.rcënon” ata që u pasuruan pa djersë,112,short_61_120,decision score (jo probabilitet),0.9213405501841324,1,True,correct
linear_svm,fake_887,887,1,fake,"Vjen një lajm shumë i keq për Kosovën dhe qytetarët e saj, KUJDES",112,short_61_120,decision score (jo probabilitet),1.4279427326316119,1,True,correct
linear_svm,fake_888,888,1,fake,Doktori i QKUK-së hedh vrer mbi politikanët kosovarë: A keni familje more politikuaj,92,short_61_120,decision score (jo probabilitet),0.8919339326484887,1,True,correct
linear_svm,fake_889,889,1,fake,"E Porsalindur Dhe Ecën, Publikohen Pamjet Mbreslënëse Dhe… (VIDEO EMOCIONUESE)",62,short_61_120,decision score (jo probabilitet),2.0352837175265024,1,True,correct
linear_svm,fake_890,890,1,fake,"Policia Nuk Kursehet Aspak Për Familjen Shqiptare, E Shpo.Rrin Me Urgjencë. 26-Vjeçarja Me Barkun Te Goja Bashkë Me Djalin 2 -Vjeçar",139,medium_121_250,decision score (jo probabilitet),0.6013212793084112,1,True,correct
linear_svm,fake_906,906,1,fake,Nga VV tregojnë nëse do ta pranojnë Vjosa Osmanin në parti,95,short_61_120,decision score (jo probabilitet),1.2273830562681598,1,True,correct
linear_svm,fake_907,907,1,fake,VIDEO EKSLUZIVE:Grida Duma: Edi Rama Ka Pro.Bleme Me Pastër.Tinë E Duarve…,98,short_61_120,decision score (jo probabilitet),1.7522942257724148,1,True,correct
linear_svm,fake_908,908,1,fake,VIDEO EKSLUZIVE:Ilir Meta E Financoi Me Parat E Dro.Ges Filmin E Bes Kallakut Dhe I Solli Dhe Dashnoren Bleonen Si Aktore…,138,medium_121_250,decision score (jo probabilitet),1.1248213983685147,1,True,correct
linear_svm,fake_910,910,1,fake,Kjo është mundësia e ardhjes së mërgimtarëve nga Gjermania,79,short_61_120,decision score (jo probabilitet),1.500614289530881,1,True,correct
linear_svm,fake_917,917,1,fake,"Rruga shnd.ërrohet në ri.ng, shoferi n.oka.uton tri herë shoferin tjetër",83,short_61_120,decision score (jo probabilitet),0.8985103353840456,1,True,correct
linear_svm,fake_931,931,1,fake,"Xheni dhe partnerja e saj duan të bëhen me fëmijë, ja kush do jetë dhuruesi",89,short_61_120,decision score (jo probabilitet),1.4471088346992593,1,True,correct
linear_svm,fake_938,938,1,fake,"Leje qëndrimi për punëtorët sezonalë në Itali, nis procesi, ja sa shqiptarë mund të përfitojnë…",104,short_61_120,decision score (jo probabilitet),1.2885697677686878,1,True,correct
linear_svm,fake_939,939,1,fake,(VIDEO) A Nuk Eshte Mrekulli? Momenti Kur Femija Shpetohet Nga Mb.Ytja Ne Pishine,106,short_61_120,decision score (jo probabilitet),0.8676010750636527,1,True,correct
linear_svm,fake_945,945,1,fake,"Exluzive Aeroplani Rrëzohet Në Det, Piloti Filmon Momentin E Shpëtimit Nga..",125,medium_121_250,decision score (jo probabilitet),0.40741441750615015,1,True,correct
linear_svm,fake_950,950,1,fake,"Zeka: Albin Kurti po nxit vëllavrasjen, mund të ketë lufte civile",83,short_61_120,decision score (jo probabilitet),1.496654618826595,1,True,correct
linear_svm,fake_965,965,1,fake,Çka nëse nuk mbahen dasmat këtë verë?,79,short_61_120,decision score (jo probabilitet),1.368240004187536,1,True,correct
linear_svm,fake_966,966,1,fake,"Arben, edhe ti a?🤦‍♂️",107,short_61_120,decision score (jo probabilitet),0.5282774224405707,1,True,correct
linear_svm,fake_974,974,1,fake,Engjellusha a je ti? Nuk i besova syve kur të shikova në plazhë!,90,short_61_120,decision score (jo probabilitet),0.000613947717729546,1,True,correct
linear_svm,fake_975,975,1,fake,"Flet Meda “Ja kam pa hajrin ktij populli, me shpi e kerra”",88,short_61_120,decision score (jo probabilitet),0.5584625228424016,1,True,correct
linear_svm,fake_979,979,1,fake,"Kosova në zgjedhje të jashtëzakonshme, Kjo është data!",186,medium_121_250,decision score (jo probabilitet),0.40653567498211807,1,True,correct
linear_svm,fake_988,988,1,fake,"Rexhaj ‘godet’ Nasim Haradinajn, o Nasim ti je banditi më i madh që ka Kosova",99,short_61_120,decision score (jo probabilitet),0.6869194490984888,1,True,correct
linear_svm,fake_991,991,1,fake,"Kështu u pritë jashtë Presidenti Thaçi, pas përfundimit të intervistimit në Hagë (Video)",107,short_61_120,decision score (jo probabilitet),0.5855684498075715,1,True,correct
linear_svm,fake_994,994,1,fake,Albin Kurti është takuar me fshehurazi me qeverinë e sërbisë mos i besoni ketij tradhtari o popull,172,medium_121_250,decision score (jo probabilitet),0.5658942264132092,1,True,correct
linear_svm,fake_1005,1005,1,fake,"Urime Kosovë! Në këtë datë në Korrik do hiqen Vizat, SHBA jep lajmin e madh",105,short_61_120,decision score (jo probabilitet),0.9763949688397705,1,True,correct
linear_svm,fake_1028,1028,1,fake,"BE i’a palon Grenellit: Bën veprimin e papritur për Kosovën, hiqen vizat për Kosovën??",261,long_gt_250,decision score (jo probabilitet),-0.3306041582196883,0,False,false_negative
linear_svm,fake_1034,1034,1,fake,"Rr’ahje mes dasmorëve në Prishtinë, bërtit “Nusja koka si Lop” (Video)",115,short_61_120,decision score (jo probabilitet),0.0595025025195417,1,True,correct
linear_svm,fake_1037,1037,1,fake,"Daçiq: Na jepni Veriun e Kosovës, pastaj fillojmë me bisedime!",344,long_gt_250,decision score (jo probabilitet),-0.4040204662890919,0,False,false_negative
linear_svm,fake_1042,1042,1,fake,"Afrim Muçiqi: Nëse nuk na lejohet puna, do t’i mbajmë dasmat në shesh apo livadhe",166,medium_121_250,decision score (jo probabilitet),-0.5016406350454181,0,False,false_negative
linear_svm,fake_1054,1054,1,fake,LAJMI FUNDIT: Vjosa Osmani antarsohet në Vetëvendosje ja detajet,96,short_61_120,decision score (jo probabilitet),0.4323390832529505,1,True,correct
linear_svm,fake_1055,1055,1,fake,SHBA vjen me Super Lajm Për Kosovën,286,long_gt_250,decision score (jo probabilitet),-0.6055090011105795,0,False,false_negative
linear_svm,fake_1064,1064,1,fake,Nuk do ta besoni se çka e paralajmëron Isa Mustafa Vjosën!,132,medium_121_250,decision score (jo probabilitet),-0.11098560567376564,0,False,false_negative
linear_svm,fake_1076,1076,1,fake,Isa Mustafa marrja e Qeverisë në këtë kohë është sakrificë që po bënë LDK-ja,103,short_61_120,decision score (jo probabilitet),0.5201977010388115,1,True,correct
linear_svm,fake_1079,1079,1,fake,Agim Veliu “godet“ Vjosen: Oj trashaluqe duhesh mi hjek killat për mu…..,152,medium_121_250,decision score (jo probabilitet),-0.09245527682371751,0,False,false_negative
linear_svm,fake_1081,1081,1,fake,"Isa Mustafa: Ne Shqiptarët e Kosovës jemi me Amerikën, kurse Albin Kurti….",81,short_61_120,decision score (jo probabilitet),0.1457362658208567,1,True,correct
linear_svm,fake_1084,1084,1,fake,E pabesueshme se çfarë vendimi pritet të merr Presidenti Hashim Thaçi nëse e…,107,short_61_120,decision score (jo probabilitet),0.8425774090882724,1,True,correct
linear_svm,fake_1085,1085,1,fake,Glauk Konjufca: Bëhuni gati…Nesër është vetëm nxemje!,170,medium_121_250,decision score (jo probabilitet),-0.5936227433621988,0,False,false_negative
linear_svm,fake_1090,1090,1,fake,Politikani Serb ‘zbulon’ dy politikanët e Kosovës që po bashkëpunojnë me…,176,medium_121_250,decision score (jo probabilitet),-0.18430831234314354,0,False,false_negative
linear_svm,fake_1092,1092,1,fake,"Abdulla Hoti “godet“ Lëvizjen Vetëvendosje, ja çka i thotë!",112,short_61_120,decision score (jo probabilitet),-0.013189649589289032,0,False,false_negative
linear_svm,fake_1101,1101,1,fake,Ky kombinim po i çmend të gjithë: Bëhu me fIokë duke përdorur bananen,194,medium_121_250,decision score (jo probabilitet),0.07042344628628533,1,True,correct
linear_svm,fake_1104,1104,1,fake,"Nuk hapen xhamitë as në ditët e fundit të Ramazanit, edhe ne Hoxhallarët duam pushim",378,long_gt_250,decision score (jo probabilitet),-0.5509636227208183,0,False,false_negative
linear_svm,fake_1106,1106,1,fake,"Behgjet Pacolli “befason“ me fjalë: E deshtët apo Jo, Halil Kastrati nuk ban “NONA“ tjetër në Shqiptari",75,short_61_120,decision score (jo probabilitet),0.37639555313959294,1,True,correct
linear_svm,fake_1108,1108,1,fake,Vjosa po vjen me parti të re politike me 9 deputet!,44,very_short_le_60,decision score (jo probabilitet),0.5379867067700317,1,True,correct
linear_svm,fake_1117,1117,1,fake,"Albin Kurtit do ti ndodhë më e keqja, Ja çka paralajmëron Pacolli",362,long_gt_250,decision score (jo probabilitet),0.40090210676214827,1,True,correct
linear_svm,fake_1119,1119,1,fake,Detaje të reja: Zbulohen mesazhet zyrtare për rastin e 26 vjeçarit që vdiq dje në Qendrën e Studentëve,84,short_61_120,decision score (jo probabilitet),-0.12917467740239957,0,False,false_negative
linear_svm,fake_1121,1121,1,fake,Vali Corleone flet për Hashim Thaçin e Albin Kurtin: Ja kush janë këta!,73,short_61_120,decision score (jo probabilitet),0.5873270642846933,1,True,correct
linear_svm,fake_1135,1135,1,fake,Hoxhaj: Kurr sdo të bëhet mirë pa ardhur në krye të Kosovës Kadri Veseli,107,short_61_120,decision score (jo probabilitet),1.3972777589580399,1,True,correct
linear_svm,fake_1138,1138,1,fake,Hyn dhe Voto dr. Shefqet Krasniqin për imam të xhamisë së re në Prishtinë,104,short_61_120,decision score (jo probabilitet),0.7284807551630947,1,True,correct
linear_svm,fake_1165,1165,1,fake,Çmimi i lartë do tju trondit se sa do të kushtojë një vaksinë anti-korona që e keni patjetër ta merrni!,86,short_61_120,decision score (jo probabilitet),1.6596484608750992,1,True,correct
linear_svm,fake_1174,1174,1,fake,"Vjen thirrja e fundit për zgjedhje të parakohshme, pas Albinit e penzionojnë edhe Avdullah Hotin",104,short_61_120,decision score (jo probabilitet),0.558902071497225,1,True,correct
linear_svm,fake_1179,1179,1,fake,"Bekim Jashari: Albin Kurti , ‘Nuse e mirë po duket por t’ja shohim çeizin’!",110,short_61_120,decision score (jo probabilitet),1.2492656892775302,1,True,correct
linear_svm,fake_1180,1180,1,fake,"Avdullah Hoti fyen rëndë të gjithë myslimanët që falën nëpër xhami, duke i quajtur…?",81,short_61_120,decision score (jo probabilitet),0.7770380992035508,1,True,correct
linear_svm,fake_1183,1183,1,fake,"Kadri Veseli e ‘pren’ punën e xhamisë, nuk do ta besoni se a dha lejen për ndërtimin apo jo?",88,short_61_120,decision score (jo probabilitet),-0.15025305511402925,0,False,false_negative
linear_svm,fake_1186,1186,1,fake,"I gjithë shteti në Alarm, Ja ‘Lajmin që e solli nga Haga’ Hashim Thaçi dhe Kadri Veseli",99,short_61_120,decision score (jo probabilitet),1.3386371015927578,1,True,correct
linear_svm,fake_1191,1191,1,fake,"Specialisti italian na i qetëzoi zemrat të gjithëve: ‘Kjo është e vërteta e koronavirusit, mos bini pre e biznismenëve’",91,short_61_120,decision score (jo probabilitet),1.7952788855371655,1,True,correct
linear_svm,fake_1194,1194,1,fake,"Media Gjermane: Merkel është e përfshirë në një skandal, ndihmoi Hashim Thaçin me 2 miliardë Euro?",90,short_61_120,decision score (jo probabilitet),0.937404160455722,1,True,correct
linear_svm,fake_1197,1197,1,fake,Urime KOSOVË / Qeveria e Izraelit zyrtarisht ofron këtë ndihmë pë çdo qytetar të Kosovës,96,short_61_120,decision score (jo probabilitet),0.7523386995887826,1,True,correct
linear_svm,fake_1199,1199,1,fake,"Pse shumë njerëz po dështojnë? Cili meriton të kalon i pari, i dyti dhe i fundit?",109,short_61_120,decision score (jo probabilitet),1.7038001847511315,1,True,correct
linear_svm,fake_1224,1224,1,fake,"Ndërron jetë Luan Bajra pak ditë para martesës, i riu vuante nga kjo sëmundje! Ngushllime familjes Bajra",77,short_61_120,decision score (jo probabilitet),1.1367420809290794,1,True,correct
linear_svm,fake_1226,1226,1,fake,URIME NA QOFTË / Oxford jep rezultatet e para pozitive të vaksinës që zhduk tërësisht virusin,74,short_61_120,decision score (jo probabilitet),1.301745106789043,1,True,correct
linear_svm,fake_1230,1230,1,fake,"Vjosa Osmani me lot në sy pranon largimin e saj nga politika, fjalimi i plotë i saj…?",87,short_61_120,decision score (jo probabilitet),1.6367664543255913,1,True,correct
linear_svm,fake_1234,1234,1,fake,"Viola Cramon ‘trondet’ Kosovën, tregon se cilët dy politikan i than ‘Mos nai liberalizoni vizat pa i fitu na zgjedhjet’",103,short_61_120,decision score (jo probabilitet),1.0228258051555759,1,True,correct
linear_svm,fake_1243,1243,1,fake,"Historike / DELAWIE: ‘O burra, ne ta harron Serbia që SHBA hjek dor nga Kosova, për at Zot i dua si vëllezër’",99,short_61_120,decision score (jo probabilitet),1.2580357686156114,1,True,correct
linear_svm,fake_1245,1245,1,fake,"Hyri brenda në qabe dhe filmoi pamje nga brenda, u ‘trondit’ nga ajo që pa sepse se kishte menduar kurrë këtë?",84,short_61_120,decision score (jo probabilitet),1.9910446393546388,1,True,correct
linear_svm,fake_1246,1246,1,fake,"Çmime jashtëzakonisht të ulëta në këto dyqane për shopping, NXITONI URGJENTISHT",87,short_61_120,decision score (jo probabilitet),1.1420945739598636,1,True,correct
linear_svm,fake_1260,1260,1,fake,"Skena shumë të nxehta, çmendet Edona Llalloshi dhe bën rezil udhëheqësen te ‘Shiko kush luan’",93,short_61_120,decision score (jo probabilitet),1.385693972931108,1,True,correct
linear_svm,fake_1266,1266,1,fake,LAJMI I FUNDIT Nga Gjermania – BE-ja më në fund iberalizohen vizat për Kosovarët,98,short_61_120,decision score (jo probabilitet),2.0894051842105905,1,True,correct
linear_svm,fake_1274,1274,1,fake,Mustafa Nano e tepron / E vetmja shpresë për shqiptarin është ardhja e Albin Kurtit në pushtet,78,short_61_120,decision score (jo probabilitet),1.9117585185998431,1,True,correct
linear_svm,fake_1275,1275,1,fake,"Mjer KOSOVA / Vuçiq e bën ‘hor’ Avduallah Hotin para BE-së, kurse Hoti vetëm shikon si i çmendur",98,short_61_120,decision score (jo probabilitet),1.5447929188152858,1,True,correct
linear_svm,fake_1279,1279,1,fake,"Ramiz Lladrovci: Pishpirikat e Vetëvendosjes nuk ti baj hesap, Albini Kurti ngelafç ngat mu?",106,short_61_120,decision score (jo probabilitet),1.7918349690477566,1,True,correct
linear_svm,fake_1285,1285,1,fake,"Kur e pyetën Albert Ajnshtajnin a besonte në Zot, përgjigja e tij la pa frymë gjith Botën",111,short_61_120,decision score (jo probabilitet),1.1069826232899511,1,True,correct
linear_svm,fake_1290,1290,1,fake,"URIME NA QOFTË / Mbyllen votimet në Maqedoninë e Veriut, shpallet kryeministri i parë shqipëtar atje",89,short_61_120,decision score (jo probabilitet),0.4667909761490393,1,True,correct
linear_svm,fake_1291,1291,1,fake,Artan Abrashi i VV-së / Krimineli Hashim Thaçi duheshte të jep dorëheqje para se të shkonte sepse sdo të kthehet?,99,short_61_120,decision score (jo probabilitet),1.595175020847504,1,True,correct
linear_svm,fake_1293,1293,1,fake,"Pas di vorcit, nëna gjen të d ashur: Ky është mesazhi që fëmijët kanë për t’i dhënë!",87,short_61_120,decision score (jo probabilitet),1.270040535198219,1,True,correct
linear_svm,fake_1302,1302,1,fake,"BISEDA SEKRETE: Clinton-D’Alema më 23 mars, 1999 për ndërhyrjën e NATO-së në Kosovë",94,short_61_120,decision score (jo probabilitet),1.181665419548503,1,True,correct
linear_svm,fake_1311,1311,1,fake,EKSKLUZIVE / Këto pamje të filmuara në 1999 të Gani Gecit bëjnë të qarta debatet e këtyre 20 viteve,100,short_61_120,decision score (jo probabilitet),0.7632042349065601,1,True,correct
linear_svm,fake_1314,1314,1,fake,Hashim Thaçi ‘çartet’ dhe dridh gjithë Amerikën me fjalimin e tij për KOSOVËN HEROIKE,112,short_61_120,decision score (jo probabilitet),0.8869284278086846,1,True,correct
linear_svm,fake_1320,1320,1,fake,Gent Cakaj: Kur është në pyetje UÇK-ja duhet të jemi 1 or kafsha të pista të Kosovës,86,short_61_120,decision score (jo probabilitet),0.7502330697090793,1,True,correct
linear_svm,fake_1324,1324,1,fake,Mërgimtarët shqipëtar përlotin Hashim Thaçin me befasinë që ia bënë para Gjykatës së Hagës,87,short_61_120,decision score (jo probabilitet),1.9641031415278805,1,True,correct
linear_svm,fake_1325,1325,1,fake,"Prifti shqipëtar Don Zefi: Ne shqipëtarët katolik vëllezër i kemi grekët dhe serbet,",103,short_61_120,decision score (jo probabilitet),1.9316488236651497,1,True,correct
linear_svm,fake_1334,1334,1,fake,"E Fundit / Shkarkohet presidenti i Shqipërisë Ilir Meta, komisioni hetimor raporton që?",97,short_61_120,decision score (jo probabilitet),0.13860353710995632,1,True,correct
linear_svm,fake_1336,1336,1,fake,"Nuk e pranuan Hashim Thaçin në shtëpi, vjen reagimi i Bekim Jasharit ku tregon arsyen se pse?",102,short_61_120,decision score (jo probabilitet),1.1744208552110809,1,True,correct
linear_svm,fake_1346,1346,1,fake,Nga nesër bllokim i plotë i lëvizjes së qytetarëve në këto komuna të Kosovës?,95,short_61_120,decision score (jo probabilitet),1.3424116697028787,1,True,correct
linear_svm,fake_1351,1351,1,fake,Urime Kosovë / Grenell zyrtarisht jep datën kur mund kosovarët të udhëtojnë PA VIZA?,98,short_61_120,decision score (jo probabilitet),1.6782706847277336,1,True,correct
linear_svm,fake_1365,1365,1,fake,Shkëlzen Gashi: Kur un ju thoja nuk e besojshit të vërtetën e UÇK-së,99,short_61_120,decision score (jo probabilitet),1.2907148853717147,1,True,correct
linear_svm,fake_1371,1371,1,fake,Dokumenti i CIA 1978: Ky ishte politikani që i dha tokat shqipëtare Greqisë,101,short_61_120,decision score (jo probabilitet),0.9257525851495174,1,True,correct
linear_svm,fake_1379,1379,1,fake,"Shefqet Krasniqi: Mos keni frik nga ky virus, nëse e keni të shkruar do tjesh i fundit që dot kap",86,short_61_120,decision score (jo probabilitet),0.6640718469859195,1,True,correct
linear_svm,fake_1382,1382,1,fake,‘Dorëzohet Sërbia’ / Numri i viktimave nga virusi në Sërbi thyen rekordin botëror,74,short_61_120,decision score (jo probabilitet),1.2513870467693398,1,True,correct
linear_svm,fake_1385,1385,1,fake,Merkel ia terron Vuçiqit me këtë kërkesë që ia bëri në lidhje me kufijtë dhe njohjen e pavarsisë së Kosovës,87,short_61_120,decision score (jo probabilitet),1.4711664547516277,1,True,correct
linear_svm,fake_1395,1395,1,fake,Krijesë e huaj misterioze me ‘krahët që duken njerëzore’ i vë në dyshim mendjet e njerëzve,85,short_61_120,decision score (jo probabilitet),1.4914220924482944,1,True,correct
linear_svm,fake_1396,1396,1,fake,Ju Lutem Shpërndaje Që Ta shohin Gjithë / Ja se çfarë po ju ndodh qytetarëve që po udhëtojnë për në Europë,93,short_61_120,decision score (jo probabilitet),1.12328730968279,1,True,correct
linear_svm,fake_1413,1413,1,fake,Publikohen për herë të parë fotot e Anisa Josifit në shtratin e vd ekjes,100,short_61_120,decision score (jo probabilitet),0.9269846162023572,1,True,correct
linear_svm,fake_1415,1415,1,fake,Italia merr vendim të prerë për shtetin e Kosovës dhe bën apel në gjithë Europën për izolim 24 muajsh?,86,short_61_120,decision score (jo probabilitet),1.2721964641254964,1,True,correct
linear_svm,fake_1420,1420,1,fake,"Molliqaj: Hashim Thaçi nuk është anti-amerikan, është k riminel!",71,short_61_120,decision score (jo probabilitet),1.8875032665141747,1,True,correct
linear_svm,fake_1424,1424,1,fake,Plaku nga Kosova: Evropa i ka borxh Kosovës,72,short_61_120,decision score (jo probabilitet),1.3092441634337357,1,True,correct
linear_svm,fake_1426,1426,1,fake,LAJM I FUNDIT:Nuk do mund ta besoni se ku ndodhet në Këto momente Hashim Thaçi,86,short_61_120,decision score (jo probabilitet),2.3188604717465986,1,True,correct
linear_svm,fake_1432,1432,1,fake,Këta zyrtarë priten të largohen nga LDK-ja! arsyeja shkarkimi Vjoses?,76,short_61_120,decision score (jo probabilitet),1.4578766943785,1,True,correct
linear_svm,fake_1434,1434,1,fake,A do të vazhdojë të jetë antare e LDKsë? Ja çka thotë Osmani,77,short_61_120,decision score (jo probabilitet),1.8876481951089215,1,True,correct
linear_svm,fake_1441,1441,1,fake,Zbulohet vendin ku ndodhen 28 ton flori!,103,short_61_120,decision score (jo probabilitet),0.8701922881647987,1,True,correct
linear_svm,fake_1450,1450,1,fake,"Besa Gaxherri: Vjosa Duhet Të Matet, Nuk Është E Rrugës Me Luftu Shtëpinë E Vet",91,short_61_120,decision score (jo probabilitet),1.25638528139613,1,True,correct
linear_svm,fake_1451,1451,1,fake,"Erdogan ndan lajmin më të keq pas pandemisë së fundit, shpreh ngushllimet e tij të sinqerta",86,short_61_120,decision score (jo probabilitet),0.9798733154981323,1,True,correct
linear_svm,fake_1454,1454,1,fake,"I dërgon gabimisht shefit një foto pa rroba, përgjigja e tij e lë pa fjalë",96,short_61_120,decision score (jo probabilitet),1.3267464108517408,1,True,correct
linear_svm,fake_1461,1461,1,fake,Djaloshi ne Prishtine gjen 1450 Euro dhe nje qeles te vetures.,99,short_61_120,decision score (jo probabilitet),1.8009178131615953,1,True,correct
linear_svm,fake_1465,1465,1,fake,"Gjermania në kërkim të 472 mijë punëtorëve, këto janë profilet më të kërkuara",88,short_61_120,decision score (jo probabilitet),0.6598767181626684,1,True,correct
linear_svm,fake_1466,1466,1,fake,"Ky pe.nsioner mbante një th.esar në shtëpi, nuk e dinte",94,short_61_120,decision score (jo probabilitet),1.1740617176613553,1,True,correct
linear_svm,fake_1473,1473,1,fake,"Karkalecat pushtojnë Lindjen e Mesme, bll.okohet qarkullimi i automjeteve",93,short_61_120,decision score (jo probabilitet),0.6552761282917782,1,True,correct
linear_svm,fake_1474,1474,1,fake,Christopher Hill rrë.fen momente të lu.ftës në Kosovë: Çfarë më tha Millosheviçi pas takimit me UÇK-në,101,short_61_120,decision score (jo probabilitet),0.6605934278470108,1,True,correct
linear_svm,fake_1475,1475,1,fake,Nuk keni pë ta besuar se cila këngëtare kosovare është kjo vogëlushe,96,short_61_120,decision score (jo probabilitet),0.8071486995141669,1,True,correct
linear_svm,fake_1484,1484,1,fake,"E mbajti të fshehtë, futbollisti shqiptar bëhet baba për herë të parë",88,short_61_120,decision score (jo probabilitet),0.46920625223845913,1,True,correct
linear_svm,fake_1488,1488,1,fake,Kilogrami shitet 0ër 1.000 Euro / Gjenden në këtë vend,80,short_61_120,decision score (jo probabilitet),0.5843940412191495,1,True,correct
linear_svm,fake_1492,1492,1,fake,Vjosa Osmani po i bashkohet LVV ? Edhe zogjtë e malit e dinë ..,92,short_61_120,decision score (jo probabilitet),0.8916882158717511,1,True,correct
linear_svm,fake_1498,1498,1,fake,"Hapi i madh i Ramës, arreston zyrtarin e larte te LVV / Reagon Kurti ..",95,short_61_120,decision score (jo probabilitet),0.5325104602404639,1,True,correct
linear_svm,fake_1503,1503,1,fake,"Afrim Muqiqi jep lajmin e madh, nga kjo datë dasmat do të bahen dhe urime të gjithëve",83,short_61_120,decision score (jo probabilitet),1.440469961649351,1,True,correct
linear_svm,fake_1511,1511,1,fake,"Ak sident i tm errshëm , treni g odet veturën me 5 u dhëtarë",90,short_61_120,decision score (jo probabilitet),1.0575954384498718,1,True,correct
linear_svm,fake_1513,1513,1,fake,"Ky është shteti, qytetarët e të cilit tr.adhtojnë më shumë partnerin",99,short_61_120,decision score (jo probabilitet),1.0324439289735963,1,True,correct
linear_svm,fake_1519,1519,1,fake,"Dorëzohet Vuçiqi, vendos ta pranon Republikën e Kosovës për shkak të kësaj arsye?",73,short_61_120,decision score (jo probabilitet),1.6134106357183327,1,True,correct
linear_svm,fake_1531,1531,1,fake,"E fundit! Shp.ërthen bo.mbula e gazit, e moshuara në gjendje të rëndë",92,short_61_120,decision score (jo probabilitet),0.4192302603825353,1,True,correct
linear_svm,fake_1533,1533,1,fake,EKSLUZIVE – Ja kush po i kerkon Albinit debat televiziv nuk do ta besoni,87,short_61_120,decision score (jo probabilitet),2.162913205351789,1,True,correct
linear_svm,fake_1538,1538,1,fake,"Ndërron jetë këngëtarja e njohur, pati g.oditje në tru",78,short_61_120,decision score (jo probabilitet),0.47527150470577134,1,True,correct
linear_svm,fake_1542,1542,1,fake,"HlSTORlA e shqiptarit që ka HABlTUR rrjetet sociaIe, a ja vIen të Ie gruan për rusen e pasur",100,short_61_120,decision score (jo probabilitet),0.8531124635010211,1,True,correct
linear_svm,fake_1544,1544,1,fake,"Gold AG p ublikon këngën e re, krejt Mediat serbe po shkruajn",88,short_61_120,decision score (jo probabilitet),0.9158541072943117,1,True,correct
linear_svm,fake_1545,1545,1,fake,Nuk do ta besoni qfare thote Glauk Konjufca per kreun e LVV-se,90,short_61_120,decision score (jo probabilitet),1.2592221502266143,1,True,correct
linear_svm,fake_1547,1547,1,fake,"Izraeli apo Turqia, cila e ka u shtrinë më të fortë",81,short_61_120,decision score (jo probabilitet),0.20387988383761607,1,True,correct
linear_svm,fake_1551,1551,1,fake,"Presidentja E Kroacisë I’a Thotë Në Sy Mogherinit: Kosovës Duhet Të I’a Jepni Liberalizimin, Sepse Kosovarët E Meritojnë Këtë Gjë Dhe Shumë Gjëra Tjera!",91,short_61_120,decision score (jo probabilitet),1.3514121983819516,1,True,correct
linear_svm,fake_1552,1552,1,fake,E pabesueshme: Adelina rr.ëfen se si e ka kapur politikanin e njohur duke vje.dhur para,90,short_61_120,decision score (jo probabilitet),1.3003573687304932,1,True,correct
linear_svm,fake_1556,1556,1,fake,Jam tri.shtuar nga vd.ekja tra.gjike e të riut 26-vjeçar nga Gjilani,92,short_61_120,decision score (jo probabilitet),0.9233512503023316,1,True,correct
linear_svm,fake_1557,1557,1,fake,"E FUNDIT: Paralajmërimi i Kurtit dr.idh Kosoven, ja qka tha",96,short_61_120,decision score (jo probabilitet),1.9318502308116219,1,True,correct
linear_svm,fake_1563,1563,1,fake,"Pacolli: Telefonin e kam përplot me kë.rcënime, jam i fr.ikësuar nga militantet e VV-së!!",100,short_61_120,decision score (jo probabilitet),0.8245881473731527,1,True,correct
linear_svm,fake_1564,1564,1,fake,"LDK para cop.ëtimit – ka përpl.asje të mëdha, zbulohet se disa figura të larta partiake",92,short_61_120,decision score (jo probabilitet),0.8208270164715656,1,True,correct
linear_svm,fake_1567,1567,1,fake,"Po pastronte shtëpinë e gjyshërve kur gjeti diçka në dysheme, kur e hapi u sh.okua nga ajo që pa",114,short_61_120,decision score (jo probabilitet),1.185909259264467,1,True,correct
linear_svm,fake_1568,1568,1,fake,Lajm i mire/ Me ne fund del data se kur do levizim me makina pa marr leje,97,short_61_120,decision score (jo probabilitet),1.1576077088074024,1,True,correct
linear_svm,fake_1569,1569,1,fake,Rama pu.blikon statistikat/ Shqipëria vendi europian që ka menaxhuar më mirë situatën e CoVi.d-19,111,short_61_120,decision score (jo probabilitet),0.8469115006058979,1,True,correct
linear_svm,fake_1574,1574,1,fake,Nuk ishte t.ërmet as v.ullkan por diçka e fr.ikshme që rallë kush …,99,short_61_120,decision score (jo probabilitet),0.916915204349936,1,True,correct
linear_svm,fake_1593,1593,1,fake,Lajmi tr.ondit mediat greke e italiane: Nexhmija e dinte që Enveri…,101,short_61_120,decision score (jo probabilitet),0.676418682466722,1,True,correct
linear_svm,fake_1594,1594,1,fake,"Pamje shokuese , gruaja hidhet nga ballkoni i PALLATIT ! (Video)",55,very_short_le_60,decision score (jo probabilitet),1.2846122914123266,1,True,correct
linear_svm,fake_1601,1601,1,fake,Vjen SUPER LAJMI Italianët bëjnë zbulimin që do na rikthejë në normalitet nga COVID-19,192,medium_121_250,decision score (jo probabilitet),0.9886767442202349,1,True,correct
linear_svm,fake_1606,1606,1,fake,"LAJMI I FUNDIT: E shpërfilli  virusin COVID-19, Presidenti del Pozitiv i…!",122,medium_121_250,decision score (jo probabilitet),0.35715466451770683,1,True,correct
linear_svm,fake_1609,1609,1,fake,"LAJMI I FUNDIT: Ky është super lajm,Mjeku jep shpresë  sa i perket COVID-19, për popullin e Kosovës!",127,medium_121_250,decision score (jo probabilitet),1.1211780935953435,1,True,correct
linear_svm,fake_1610,1610,1,fake,"LAJMI I FUNDIT: Tronditet skena politike, pas shum rastev me Koronavirus jep doreheqje Ministri i Shendetsise në…!",150,medium_121_250,decision score (jo probabilitet),0.6837632862174341,1,True,correct
linear_svm,fake_1611,1611,1,fake,E FUNDIT: Do befasoheni Çfarë i bëri sot bashkë Vjosa Osmanin dhe Albin Kurtin?,113,short_61_120,decision score (jo probabilitet),1.3194125861900208,1,True,correct
linear_svm,fake_1613,1613,1,fake,"Veton Surroi: UÇK nuk ishte ushtri çlirimtare, po kan lyp me…!",122,medium_121_250,decision score (jo probabilitet),0.8111007473701288,1,True,correct
linear_svm,fake_1616,1616,1,fake,"LAJM I PAPRITUR KY!: Vjosa Osmani Presidente e vendit, ja si dhe kur mund të ndodh?",149,medium_121_250,decision score (jo probabilitet),1.6394874174950567,1,True,correct
linear_svm,fake_1619,1619,1,fake,Fatmir Limaj: ”Albini as pragun ska me kalu ne Zgjedhje te reja keni me pa O Popull”? – VIDEO,114,short_61_120,decision score (jo probabilitet),1.740575470614919,1,True,correct
linear_svm,fake_1622,1622,1,fake,Shpërthen Ganimete Musliu kundër VV-së: Të pafytyrë e po t’ja…!,118,short_61_120,decision score (jo probabilitet),0.4570333289007803,1,True,correct
linear_svm,fake_1624,1624,1,fake,"LAJMI I FUNDIT: Pas aktakuzës ndaj Thaçit e Veselit, PDK merr këtë vendim te papritur nga askush..!",132,medium_121_250,decision score (jo probabilitet),0.9352179218680119,1,True,correct
linear_svm,fake_1625,1625,1,fake,"Kjo video nga Glauk Konjufca ta bën Zemrën mal, Ja çka thoshte ai për Gjykatën Speciale",85,short_61_120,decision score (jo probabilitet),0.968857399939044,1,True,correct
linear_svm,fake_1641,1641,1,fake,Tunës ka përfunduar në këtë gjendje pas shum se…!,78,short_61_120,decision score (jo probabilitet),-0.022813422682277318,0,False,false_negative
linear_svm,fake_1647,1647,1,fake,"Nuk është më kryeministër, por Oriola tregon hapur simpatinë e saj për Albin Kurtin",104,short_61_120,decision score (jo probabilitet),1.1760497200970594,1,True,correct
linear_svm,fake_1648,1648,1,fake,Godet Thaci : o Albin e more popullin nqaf me ato protesta shikoje numrin e te inf ekt uarve o ti po lyp…?,92,short_61_120,decision score (jo probabilitet),1.3745197455839013,1,True,correct
linear_svm,fake_1653,1653,1,fake,Mjeku shqiptar trondit botën: Ja çfarë i pret të gjithë njerëzit e prekur nga COVID-19,375,long_gt_250,decision score (jo probabilitet),0.3034851494144263,1,True,correct
linear_svm,fake_1655,1655,1,fake,LAJMI I FUNDIT – Ja cili politikan i VV-s do te arrestohet nga Gjykata Speciale,118,short_61_120,decision score (jo probabilitet),1.5897006412615686,1,True,correct
linear_svm,fake_1659,1659,1,fake,Kallashi O Albin Ta Hongsha Zemren Ty Je Zemra Kosoves Per Ty Kisha Vallzu Tanë Naten Ne…,151,medium_121_250,decision score (jo probabilitet),2.325167329746771,1,True,correct
linear_svm,fake_1660,1660,1,fake,"Kosovë, Pacienti Me Koronavirus Nga Spitali I Qon “Selam“ Labinot Tahirit (Video)",129,medium_121_250,decision score (jo probabilitet),1.6841195310161516,1,True,correct
linear_svm,fake_1667,1667,1,fake,"VIDEO EKSLUZIVE:Nëse Ke Ndonjë Nga Këto Monedha, Mund Të Bëhesh Shumë I Pasur Ja Pse",196,medium_121_250,decision score (jo probabilitet),0.6893844604437875,1,True,correct
linear_svm,fake_1674,1674,1,fake,LAJMI I FUNDIT – Bota po perballet nga nje rre zik tjeter ja per qfar behet fjale,145,medium_121_250,decision score (jo probabilitet),0.918414055145587,1,True,correct
linear_svm,fake_1675,1675,1,fake,Befason Thaçi: ‘Sa tjem gjall une Albini asnjehere nuk do te vendos per Kosoven sdo ta lejoj me…!,198,medium_121_250,decision score (jo probabilitet),0.8598360504060049,1,True,correct
linear_svm,fake_1676,1676,1,fake,Fatos Lubonja: Hashim Thaçi ka ber vepra te k eqia ndaj serbë të pafajshëm!! Ska vy me i bo,247,medium_121_250,decision score (jo probabilitet),0.9668426148150713,1,True,correct
linear_svm,fake_1687,1687,1,fake,Kjo Grua Nga Prishtina Në Ballkon Dhe Ajo Që Bën Më Ç.Mend Kalimtaret.. (Video),134,medium_121_250,decision score (jo probabilitet),0.8063117664418742,1,True,correct
linear_svm,fake_1692,1692,1,fake,LAJMI I FUNDIT – Nuk do ta besoni qfar do te ndodhe ne Kosove,135,medium_121_250,decision score (jo probabilitet),0.28723164797721396,1,True,correct
linear_svm,fake_1697,1697,1,fake,Shpallja e gjendjes së jashtëzakonshme në Kosovë/ Nuk do të ketë bllokim të plotë,167,medium_121_250,decision score (jo probabilitet),1.789296855572115,1,True,correct
linear_svm,fake_1698,1698,1,fake,"Prekese: Sot u bëra nene pas 10 viteve martes, jam Nene e Trinjakëve, kush me uron i dhent Zoti ate qe i mungon ..",221,medium_121_250,decision score (jo probabilitet),2.22086212860206,1,True,correct
linear_svm,fake_1700,1700,1,fake,"Pipero: Jep lajmin e madh që e kemi pritur të gjithë, “Koronavirusi nuk do të…”",229,medium_121_250,decision score (jo probabilitet),0.17561347991560083,1,True,correct
linear_svm,fake_1711,1711,1,fake,Video Eksluzive: Shikojeni Çka I Ndodhi Ketij Mërgimtarit Nga Kosova Në Finlandë,173,medium_121_250,decision score (jo probabilitet),0.6342975385738756,1,True,correct
linear_svm,fake_1714,1714,1,fake,Godet Kallashi ja qka thot per Albinin nuk do ta besoni,159,medium_121_250,decision score (jo probabilitet),1.3098623737807609,1,True,correct
linear_svm,fake_1720,1720,1,fake,EKSLUZIVE – Vjosa Osmani zbulon detajet e partise te saj te re ja deputet sdo ta besoni,180,medium_121_250,decision score (jo probabilitet),0.8974240252636618,1,True,correct
linear_svm,fake_1729,1729,1,fake,Kush dhe pse e duan të vdekur Gani Gecin ???,177,medium_121_250,decision score (jo probabilitet),0.46028153250084364,1,True,correct
linear_svm,fake_1730,1730,1,fake,"Hoti do mbetet kryeministri më i suksesshëm në historinë e Kosovës, nëse Vuçiqi nuk e bën këtë",130,medium_121_250,decision score (jo probabilitet),0.2758909157672774,1,True,correct
linear_svm,fake_1732,1732,1,fake,Haki Abazi dridhe skenen politike ne Kosove me kete qe tha!,162,medium_121_250,decision score (jo probabilitet),-0.600819988076714,0,False,false_negative
linear_svm,fake_1737,1737,1,fake,Paralajmërohet ‘tronditja’ e madhe për PDK-në: Ja dy përplasjet e forta në këtë parti,88,short_61_120,decision score (jo probabilitet),1.8880096930722692,1,True,correct
linear_svm,fake_1738,1738,1,fake,Tomë Gashi publikon videon e Besa Gaxherrit që tronditi Hashim Thaçin,122,medium_121_250,decision score (jo probabilitet),1.2860124810190232,1,True,correct
linear_svm,fake_1740,1740,1,fake,Lajm bomb: Arrestohet djali i deputeti te Partis Demokratike,99,short_61_120,decision score (jo probabilitet),0.2274057132978365,1,True,correct
linear_svm,fake_1742,1742,1,fake,A eshte normal ky njeri? Kjo qe tha Mustafo Nano per Kosoven do iu cmend dhe nervozoj,107,short_61_120,decision score (jo probabilitet),1.9785968783716967,1,True,correct
linear_svm,fake_1746,1746,1,fake,"Hiqen te gjitha dyshimet, Kjo eshte partia e re e formuar nga Vjosa Osmani",98,short_61_120,decision score (jo probabilitet),1.8635807024171755,1,True,correct
linear_svm,fake_1755,1755,1,fake,Çfarë sinjali po dërgon Ganimete Musliu tek Albin Kurti me një deklaratë të Ramush Haradinajt – përmendet vrasja e Fehmi Aganit!,65,short_61_120,decision score (jo probabilitet),2.5111770605330097,1,True,correct
linear_svm,fake_1757,1757,1,fake,"Ngjarje shokuese vjen nga Gjakova , atje sapo ndodhi kjo gje e keqe",69,short_61_120,decision score (jo probabilitet),2.034768286309649,1,True,correct
linear_svm,fake_1767,1767,1,fake,"Pamje të rralla, kur Leonora Jakupi shetiste me aeroplan në Drenicë  VIDEO",95,short_61_120,decision score (jo probabilitet),-0.399031087388752,0,False,false_negative
linear_svm,fake_1768,1768,1,fake,Paralajmëroj katastrofë në Kosovë: Ja çka thotë Lul Raka,79,short_61_120,decision score (jo probabilitet),1.5601734513707899,1,True,correct
linear_svm,fake_1783,1783,1,fake,"Një bionde kosovare kaq ekzotike, Blerta Veseli çmend me pozat në bikini",66,short_61_120,decision score (jo probabilitet),1.9743609720258157,1,True,correct
linear_svm,fake_1785,1785,1,fake,"Viti 2020 vit i mallkuar, Zbulohet virusi tjeter me i rrezikshme se Koronavirusi",76,short_61_120,decision score (jo probabilitet),2.1665317659617007,1,True,correct
linear_svm,fake_1790,1790,1,fake,"Vjen nje goditje e rende per Arben Vitine , edhe kjo u tha per te!",104,short_61_120,decision score (jo probabilitet),1.4936241081353612,1,True,correct
linear_svm,fake_1795,1795,1,fake,"Nora i deklason të gjitha, shfaqet veç në bikini nga plazhi ekspozon trupin si ‘peshk’",100,short_61_120,decision score (jo probabilitet),1.411515055265749,1,True,correct
linear_svm,fake_1799,1799,1,fake,"Aksidente i rende ne Kosove , vdes ne vend ky person EMRI",67,short_61_120,decision score (jo probabilitet),1.7435302384998257,1,True,correct
linear_svm,fake_1804,1804,1,fake,ALARMANTE/ Qeveria Hoti po na çon në katastrofë DETAJE EKSKLUZIVE,165,medium_121_250,decision score (jo probabilitet),-0.2500721978478048,0,False,false_negative
linear_svm,fake_1811,1811,1,fake,Ky turp u dëgjua mbrëmë në Kosovë! Kështu bërtiti serbi,85,short_61_120,decision score (jo probabilitet),1.1669096375811128,1,True,correct
linear_svm,fake_1814,1814,1,fake,"Ekspertët japin në alarm tjetër të keq: Vala e dytë ne Kosove e Covid-19 do nisë, ja kur",226,medium_121_250,decision score (jo probabilitet),1.8579011035341815,1,True,correct
linear_svm,fake_1815,1815,1,fake,A ekziston Virusi apo jo? Ky eshte lajmi i Fundit,96,short_61_120,decision score (jo probabilitet),1.4730016197795621,1,True,correct
linear_svm,fake_1819,1819,1,fake,"Kina paralajmëron botën: Keni kujdes, pneumoni vdekjeprurëse nga Kazakistani!",112,short_61_120,decision score (jo probabilitet),1.5339374927223124,1,True,correct
linear_svm,fake_1820,1820,1,fake,"Shikon nje femije ne liqen, hyn ta shpetoje dhe shok.o.h.et nga ajo qe zbulon",89,short_61_120,decision score (jo probabilitet),2.5649307683758393,1,True,correct
linear_svm,fake_1826,1826,1,fake,"Hoteli 5 yje: 30 euro nata me ‘mëngjes, darkë dhe çadër’, bëhet fjalë për këtë bregdet të Shqipërisë",96,short_61_120,decision score (jo probabilitet),1.4834702343010548,1,True,correct
linear_svm,fake_1832,1832,1,fake,Publikohen emrat e nëntë aktorëve të ndarjes së Kosovës/ Sali Berisha: Ja trojka kryesore,109,short_61_120,decision score (jo probabilitet),1.5310000692310253,1,True,correct
linear_svm,fake_1834,1834,1,fake,"Gjendja e Jashtëzakonshme? Flet Hashim Thaçi, ka një thirrje të fundit për qytetarët e Kosovës",109,short_61_120,decision score (jo probabilitet),1.6398209969526376,1,True,correct
linear_svm,fake_1839,1839,1,fake,"Video Eksluzive:U Mundua T’i Prishte Martesën Me Tjetrën, I Shoqi E Tërheq Zvarrë Për Flokësh",104,short_61_120,decision score (jo probabilitet),0.34865368107118855,1,True,correct
linear_svm,fake_1848,1848,1,fake,Me këtë imazh Edona po e dëshmon që vajza po bëhet më e bukur se nëna,96,short_61_120,decision score (jo probabilitet),-0.7844570888249882,0,False,false_negative
linear_svm,fake_1861,1861,1,fake,"Vetëm një lugë nga kjo përbërje çdo mëngjes dhe zorrët tuaja do të pastrohen nga mbetjet, në 2 minuta!",375,long_gt_250,decision score (jo probabilitet),0.03699072957118904,1,True,correct
linear_svm,fake_1873,1873,1,fake,Zbulim i ri: Kjo simptomë e re e koronavirusit po shfaqet tek të moshuarit,448,long_gt_250,decision score (jo probabilitet),-0.6288215583455616,0,False,false_negative
linear_svm,fake_1874,1874,1,fake,Si të bini nga pesha në dy javë duke konsumuar vezë të ziera,441,long_gt_250,decision score (jo probabilitet),0.30693759327097647,1,True,correct
linear_svm,fake_1885,1885,1,fake,"Infermierja e infektuar me Covid-19 i lutet kolegëve: Mos më lini të vdes, kam fëmijë",247,medium_121_250,decision score (jo probabilitet),-0.3906817645988056,0,False,false_negative
linear_svm,fake_1894,1894,1,fake,"Merret nëpërmjet hundës, ky është ilaçi që pritet të kurojë koronavirusin",162,medium_121_250,decision score (jo probabilitet),0.6034180677706473,1,True,correct
linear_svm,fake_1898,1898,1,fake,"Për kokë të mamit e kapa”, filmojnë “diskun” e çuditshëm që lëviz nëpër qiellin e Tiranës: Është UFO… e kapa, e kapa për Zotin e Madh!",100,short_61_120,decision score (jo probabilitet),1.190894854109838,1,True,correct
linear_svm,fake_1904,1904,1,fake,"E mbajti të fshehtë, zbulohet më në fund kush është i dashuri i Fifit",130,medium_121_250,decision score (jo probabilitet),0.703938554653079,1,True,correct
linear_svm,fake_1906,1906,1,fake,Befason profesori italian: Ka një kurë që e Zhduk Koronavirusin brenda 48 orëve,826,long_gt_250,decision score (jo probabilitet),-0.6797078860877295,0,False,false_negative
linear_svm,fake_1912,1912,1,fake,"Konfirmohet frika e kancelares Merkel, kjo është duke ndodhur me COVID-19 në Gjermani",206,medium_121_250,decision score (jo probabilitet),-0.40779267116451706,0,False,false_negative
linear_svm,fake_1913,1913,1,fake,Nuk ua merr mendja sa e bukur është bashkëshortja e Gold Ag,130,medium_121_250,decision score (jo probabilitet),0.5467843325061195,1,True,correct
linear_svm,fake_1917,1917,1,fake,Hëna që ju zgjidhni tregon tipin e personit me të cilin do të dashuroheni,370,long_gt_250,decision score (jo probabilitet),-0.32966318615651197,0,False,false_negative
linear_svm,fake_1920,1920,1,fake,"Gjethet e limonit, zgjidhja natyrale për problemet me fytin, migrenën dhe astmën!",332,long_gt_250,decision score (jo probabilitet),0.057758173519970424,1,True,correct
linear_svm,fake_1923,1923,1,fake,"Hoxha i njohur nga Peja: Shkuarja në diskotekë nuk është haram, unë vetëm kam qenë aty",129,medium_121_250,decision score (jo probabilitet),0.19152622583042328,1,True,correct
linear_svm,fake_1925,1925,1,fake,"Te gjithe Shqiptaret lene koken pas tyre, por ja se cfare nuk keni ditur per to, kur ta merrni vesh do t’i hani dhe me shume",472,long_gt_250,decision score (jo probabilitet),0.025087980019631917,1,True,correct
linear_svm,fake_1928,1928,1,fake,Merrini gjethet e rrushit dhe ruajini ne ngrirje te frigoriferit dhe pervec japrakut ju do te beni dhe dicka tjeter fantastike,180,medium_121_250,decision score (jo probabilitet),0.3377568884684097,1,True,correct
linear_svm,fake_1931,1931,1,fake,Rezultoi 100% e suksesshme/ BE mbështet kurën izraelite kundër koronavirusit,171,medium_121_250,decision score (jo probabilitet),0.3649290845778461,1,True,correct
linear_svm,fake_1932,1932,1,fake,Flet mjekja shqiptare në Kanada: Si të trajtoni virusin në kushtet e shtëpisë,2376,long_gt_250,decision score (jo probabilitet),-1.6413558770005037,0,False,false_negative
linear_svm,fake_1933,1933,1,fake,Erdogan vjen me një paralajmërim për mbarë njerëzimin,77,short_61_120,decision score (jo probabilitet),1.3413772135631854,1,True,correct
linear_svm,fake_1935,1935,1,fake,TRAGJlKE: Këngëtarja e njohur humb tre familjarë në një ditë prej Korona Virus,103,short_61_120,decision score (jo probabilitet),0.6690198182995365,1,True,correct
linear_svm,fake_1938,1938,1,fake,"Nobelisti japonez shokon botën: Koronavirusi u prodhua nga Kina, asnjë prej miqve të mi në Wuhan s’ma hap telefonin",353,long_gt_250,decision score (jo probabilitet),0.00358227816115958,1,True,correct
linear_svm,fake_1939,1939,1,fake,Vjosa Osmani ia dërgon një “selam” LDK-së pak ditë para votimit të Qeverisë së re..,146,medium_121_250,decision score (jo probabilitet),0.8703781359444489,1,True,correct
linear_svm,fake_1951,1951,1,fake,Peci: Ukaj i tha kryetares Osmani “Ule gishtin se ta fus në b*** e ta…!?”,189,medium_121_250,decision score (jo probabilitet),0.15418167481422634,1,True,correct
linear_svm,fake_1960,1960,1,fake,"LAJMI I FUNDIT: Ky eshte vendimi i Vjosa Osmanit, formon partin e re?",117,short_61_120,decision score (jo probabilitet),1.2235688240484424,1,True,correct
linear_svm,fake_1963,1963,1,fake,"Me rrudha dhe e plakur, ‘Nermin’ nuk njihet më!",94,short_61_120,decision score (jo probabilitet),1.803327869282721,1,True,correct
linear_svm,fake_1967,1967,1,fake,"Lajm i madh sapo erdhi, nga Gjermania per Kosovën! URIMEE!",81,short_61_120,decision score (jo probabilitet),2.0835806452463124,1,True,correct
linear_svm,fake_1979,1979,1,fake,Lajm i madh sa erdhi nga Gjermani: Ja kur do të hiqen vizat për Kosovën! URIMEE!,118,short_61_120,decision score (jo probabilitet),1.6778223594897648,1,True,correct
linear_svm,fake_1982,1982,1,fake,LAJMI I FUNDIT – Grenell merr kete vendim per Kosoven URIME !,106,short_61_120,decision score (jo probabilitet),1.6995777525890867,1,True,correct
linear_svm,fake_1988,1988,1,fake,"E FUNDIT: Harrojeni Koronavirusin, Ngjarje e rende po ndodhe ne Kosove",79,short_61_120,decision score (jo probabilitet),1.1724131753467093,1,True,correct
linear_svm,fake_1991,1991,1,fake,Eskalon gjithqka Gashi- Vjosa Osmanit: A je normal…? – Reagon kryeparlamentarja,120,short_61_120,decision score (jo probabilitet),0.2451576969496093,1,True,correct
complement_nb,true_24,24,0,real,"Po, pajtohem me ambasadorin e ShBA-së",391,long_gt_250,diferencë e log-probabiliteteve,-7.238893227154563,0,True,correct
complement_nb,true_30,30,0,real,Zemaj: Testi për COVID-19 nuk u kërkohet qytetarëve që vijnë nga Shqipëria dhe Serbia,362,long_gt_250,diferencë e log-probabiliteteve,-13.020422857915833,0,True,correct
complement_nb,true_31,31,0,real,Mjeku shqiptar: Mos u ndjeni të mbrojtur apo supermenë vetëm se keni maskë!,175,medium_121_250,diferencë e log-probabiliteteve,-3.574572592264417,0,True,correct
complement_nb,true_33,33,0,real,LVV në Tiranë kundër ndryshimeve kushtetuese: Deformojnë vullnetin e qytetarëve dhe sistemin zgjedhor,488,long_gt_250,diferencë e log-probabiliteteve,-7.030580621496824,0,True,correct
complement_nb,true_45,45,0,real,BE demanton mediat serbe të cilat raportuan se Brukseli po i jep ultimatum Serbisë për Kosovën,213,medium_121_250,diferencë e log-probabiliteteve,-2.6043081143212135,0,True,correct
complement_nb,true_46,46,0,real,"Reagon Mimoza Kusari për sulmin ndaj deputetit të VV-së: Kur ju iku marrja, ju iku edhe mendja e gënjejnë pa turp",118,short_61_120,diferencë e log-probabiliteteve,-1.6191837386967904,0,True,correct
complement_nb,true_50,50,0,real,"Detyrim për test corone në Gjermani, por si funksionon ai?",775,long_gt_250,diferencë e log-probabiliteteve,-9.626938573649227,0,True,correct
complement_nb,true_57,57,0,real,"Hoti: Autobusët, taksitë dhe kombibusët do të punojnë me gjysmën e kapaciteteve",65,short_61_120,diferencë e log-probabiliteteve,-5.790893408195018,0,True,correct
complement_nb,true_60,60,0,real,33-vjeçarja e sëmurë u përdhunua nga fqinji/ Apeli prekës i vëllait,262,long_gt_250,diferencë e log-probabiliteteve,-2.0196466002994384,0,True,correct
complement_nb,true_64,64,0,real,"Thaçi viziton familjen e Murat dhe Enver Halitit, ndan urdhërin “Hero i Kosovës”",148,medium_121_250,diferencë e log-probabiliteteve,-0.6114192533840992,0,True,correct
complement_nb,true_66,66,0,real,Gjiganti turk bën gati ofertën zyrtare për djaloshin e Kosovës,209,medium_121_250,diferencë e log-probabiliteteve,-7.300169293863917,0,True,correct
complement_nb,true_68,68,0,real,Zemaj e konfirmon: Qytetarëve të Shqipërisë që hyjnë në Kosovë nuk u kërkohet testi Covid-19,190,medium_121_250,diferencë e log-probabiliteteve,-7.434074267291464,0,True,correct
complement_nb,true_70,70,0,real,"Nis Haxhi, BIK ka një njoftim për besimtarët myslimanë",199,medium_121_250,diferencë e log-probabiliteteve,-9.482216129875496,0,True,correct
complement_nb,true_71,71,0,real,"Çfarë kërkuan serbet në Rambuje, e çfarë po kërkon sot Serbia nga Kosova",245,medium_121_250,diferencë e log-probabiliteteve,-1.8800565375504448,0,True,correct
complement_nb,true_77,77,0,real,Qeveria po na e bëjka varrimin kur të vdesim nga COVID-19...,127,medium_121_250,diferencë e log-probabiliteteve,-3.3547966673941687,0,True,correct
complement_nb,true_79,79,0,real,Mësoni kush është bashkëshortja e Driton Selmanajt,171,medium_121_250,diferencë e log-probabiliteteve,1.6613120857745116,1,False,false_positive
complement_nb,true_100,100,0,real,Parashikon Albulena Haxhiu: Shpejt shihemi në zgjedhje të jashtëzakonshme,258,long_gt_250,diferencë e log-probabiliteteve,-5.548105328649285,0,True,correct
complement_nb,true_101,101,0,real,"Gjurmimi i COVID-19, cilat vende po e përjetojnë valën e dytë?",597,long_gt_250,diferencë e log-probabiliteteve,-11.4471680089041,0,True,correct
complement_nb,true_110,110,0,real,"Arbana Xharra: Erdogan ndërton xhami te ne, kurse në Serbi çon biznesmenë",270,long_gt_250,diferencë e log-probabiliteteve,-0.1330333036918887,0,True,correct
complement_nb,true_112,112,0,real,"Masat kundër pandemisë, qeveria merr vendim edhe për çerdhet",74,short_61_120,diferencë e log-probabiliteteve,-11.595909869489049,0,True,correct
complement_nb,true_116,116,0,real,Shtyhet gjykimi ndaj të akuzuarve për vrasjen e rojës së lokalit “Bon Vivant”,1192,long_gt_250,diferencë e log-probabiliteteve,-10.180898860750972,0,True,correct
complement_nb,true_121,121,0,real,"Makiqi: Zotëri Hashani, kjo që e ke shkruar është rrena më e madhe! Qysh ki fytyrë...",973,long_gt_250,diferencë e log-probabiliteteve,-3.7530273417841045,0,True,correct
complement_nb,true_124,124,0,real,Ja vendimet e fundit nga Qeveria e Kosovës për aktivitetet kulturore e sportive,101,short_61_120,diferencë e log-probabiliteteve,-9.645451286438686,0,True,correct
complement_nb,true_125,125,0,real,"Më në fund, Isa Mustafa e “pranoi” se e prishi koalicionin me VV-në",293,long_gt_250,diferencë e log-probabiliteteve,-1.4785962729693551,0,True,correct
complement_nb,true_129,129,0,real,"Burri pranon vrasjen e gruas gjatë pushimeve në Francë, para se të merrte avionin për t’u kthyer",365,long_gt_250,diferencë e log-probabiliteteve,-3.130570719662501,0,True,correct
complement_nb,true_136,136,0,real,“Rrethohet Kuvendi i Kosovës - rrahën e shkallmohen në dajak - Deputetët e VV-së!?”,165,medium_121_250,diferencë e log-probabiliteteve,-6.05782495303805,0,True,correct
complement_nb,true_163,163,0,real,Kujtim Shala polemizon me Meliza Haradinajn,179,medium_121_250,diferencë e log-probabiliteteve,-6.693156390059357,0,True,correct
complement_nb,true_164,164,0,real,Flet zëvendëskryemistrja: Nuk do të ketë vendim që obligon qytetarët të vetizolohen pas kthimit nga Shqipëria,393,long_gt_250,diferencë e log-probabiliteteve,-7.735081534731705,0,True,correct
complement_nb,true_169,169,0,real,Deputetja Albena Reshitaj tregon se është shëruar nga koronavirusi,231,medium_121_250,diferencë e log-probabiliteteve,-6.8447652071668585,0,True,correct
complement_nb,true_174,174,0,real,"Hashani: Aziz Makiqi, ku keni qenë ju gjatë okupimit?",181,medium_121_250,diferencë e log-probabiliteteve,-3.3032142398129736,0,True,correct
complement_nb,true_176,176,0,real,"Ministri Reçica viziton OVL-në, të lejohet përfitimi i pensioneve",224,medium_121_250,diferencë e log-probabiliteteve,-5.506563511904346,0,True,correct
complement_nb,true_186,186,0,real,Aziz Makiqi: Disa njerëz në FHK kanë bërë çmos të mos na lejojnë t’i afrohemi Federatës,1091,long_gt_250,diferencë e log-probabiliteteve,-6.203876402390392,0,True,correct
complement_nb,true_189,189,0,real,Novosti: Tri vende janë të gatshme të rishqyrtojnë vendimin për njohjen e Kosovës,183,medium_121_250,diferencë e log-probabiliteteve,-6.8265271069417395,0,True,correct
complement_nb,true_195,195,0,real,Ky është deputeti i radhës nga Vetëvendosje i infektuar me COVID-19,97,short_61_120,diferencë e log-probabiliteteve,-4.840057297176713,0,True,correct
complement_nb,true_197,197,0,real,Kryetari i Prizrenit “ashpërsohet” me masat e Qeverisë,211,medium_121_250,diferencë e log-probabiliteteve,-10.99837596293321,0,True,correct
complement_nb,true_204,204,0,real,"A do të falet Kurban Bajrami në xhami? – Zemaj: Tubimet në masë, nga dita e nesërme do të ndalohen",197,medium_121_250,diferencë e log-probabiliteteve,-8.378665977412595,0,True,correct
complement_nb,true_211,211,0,real,Google merr vendimin e papritur për punonjësit e vet,158,medium_121_250,diferencë e log-probabiliteteve,-4.440433981228864,0,True,correct
complement_nb,true_212,212,0,real,"I moshuari nga Ferizaj akuzon shumë rëndë Thaçin dhe Veselin, kërkon të hiqet fotografia e tyre",118,short_61_120,diferencë e log-probabiliteteve,3.1188175127524005,1,False,false_positive
complement_nb,true_213,213,0,real,"Tetë të vdekur e numër rekord rastesh të reja me COVID-19, vjen alarmi i zyrtarit të LDK-së: Gjendja është shumë serioze",212,medium_121_250,diferencë e log-probabiliteteve,-10.83105113132342,0,True,correct
complement_nb,true_219,219,0,real,"Policia ndalon ngjarjen, boksieri shqiptar nuk kursehet: Kush ma paguan...",429,long_gt_250,diferencë e log-probabiliteteve,-7.023054080709812,0,True,correct
complement_nb,true_221,221,0,real,"Emocionuese, mërgimtari takohet me prindërit pas pesë vitesh",151,medium_121_250,diferencë e log-probabiliteteve,2.555628295161682,1,False,false_positive
complement_nb,true_232,232,0,real,Këshilltari i Bidenit e vlerëson lart Thaçin,170,medium_121_250,diferencë e log-probabiliteteve,-1.3202962396380258,0,True,correct
complement_nb,true_234,234,0,real,"“Oj e shkretë”, kështu Vjosa Osmani i përgjigjet Avdullah Hotit",177,medium_121_250,diferencë e log-probabiliteteve,0.15580651358851583,1,False,false_positive
complement_nb,true_238,238,0,real,Mehmeti: Hotin askush nuk e merr për seriozisht,236,medium_121_250,diferencë e log-probabiliteteve,-3.8674784004781486,0,True,correct
complement_nb,true_240,240,0,real,Raporti evropian: Si e kapën shqiptarët tregun e drogës ne Evropë me çmime të ulëta dhe cilësi të lartë,1495,long_gt_250,diferencë e log-probabiliteteve,-7.871673100097837,0,True,correct
complement_nb,true_248,248,0,real,"Cubat e maleve, s'ka kush i bën bashkë?!",624,long_gt_250,diferencë e log-probabiliteteve,-1.1855987919092286,0,True,correct
complement_nb,true_252,252,0,real,"Flet Jakup Krasniqi pasi rezultoi pozitiv me Covid-19, tregon për gjendjen",108,short_61_120,diferencë e log-probabiliteteve,-3.489919462159321,0,True,correct
complement_nb,true_255,255,0,real,"Haradinaj: Nuk e di çfarë ka ndodhur në takimin Hoti-Vuçiq, por nuk besoj se Hoti bëri ndonjë tradhti",253,long_gt_250,diferencë e log-probabiliteteve,-1.0094116391366015,0,True,correct
complement_nb,true_257,257,0,real,Si u bë feja islame kaq e ‘gjallë’ dhe atraktive!,990,long_gt_250,diferencë e log-probabiliteteve,-3.3770363248390822,0,True,correct
complement_nb,true_262,262,0,real,Caktohet një muaj paraburgim për 40-vjeçarin që ia preu kokën babait me sëpatë në Fushë Kosovë,171,medium_121_250,diferencë e log-probabiliteteve,-7.681472345476038,0,True,correct
complement_nb,true_267,267,0,real,Driton Selmanaj jep lajmin e fundit për kompleksin memorial “Adem Jashari”,153,medium_121_250,diferencë e log-probabiliteteve,-2.0556513962961276,0,True,correct
complement_nb,true_271,271,0,real,"BE ende pa vendim për rihapjen e kufijve, amerikanët pritet të përjashtohen",480,long_gt_250,diferencë e log-probabiliteteve,-8.129466275244113,0,True,correct
complement_nb,true_276,276,0,real,“Gazeta “Bota sot” shkatërron të këqijtë dhe përkrahë vlerat e përjetshme kombëtare”,223,medium_121_250,diferencë e log-probabiliteteve,-2.8044217787020216,0,True,correct
complement_nb,true_282,282,0,real,"Zogaj: “Bota sot”, zëdhënëse e shqiptarëve për liri",797,long_gt_250,diferencë e log-probabiliteteve,-6.246381420716261,0,True,correct
complement_nb,true_290,290,0,real,"Përdhunime, aborte… Detaje tronditëse, çfarë ndodh me gratë në burgjet e Koresë së Veriut",249,medium_121_250,diferencë e log-probabiliteteve,-6.64245460703961,0,True,correct
complement_nb,true_298,298,0,real,Pse këto salca janë më të famshmet në botë?,342,long_gt_250,diferencë e log-probabiliteteve,-5.284148923402256,0,True,correct
complement_nb,true_299,299,0,real,"“Kini mëshirë, dua të takoj fëmijët” Thirrja e të moshuarës shqiptare nga kampi sirian",191,medium_121_250,diferencë e log-probabiliteteve,-2.551081494716584,0,True,correct
complement_nb,true_301,301,0,real,Zvicra nuk e përjashton testimin e detyrueshëm në aeroporte,433,long_gt_250,diferencë e log-probabiliteteve,-7.037902864091052,0,True,correct
complement_nb,true_304,304,0,real,Llapi angazhon trajner nga Afrika e Jugut,324,long_gt_250,diferencë e log-probabiliteteve,-7.962380174774751,0,True,correct
complement_nb,true_306,306,0,real,"Pavarësisht masave kundër COVID-19, xhamitë mbeten të hapura, të premten falet namazi i Kurban Bajramit",282,long_gt_250,diferencë e log-probabiliteteve,-6.902529144126959,0,True,correct
complement_nb,true_307,307,0,real,"Shkuan t’i prangosin, por komisionerët kishin vdekur! Kreu i SPAK: Nuk ishin ç’regjistruar, hetimi ishte sekret",341,long_gt_250,diferencë e log-probabiliteteve,-6.327209491090798,0,True,correct
complement_nb,true_308,308,0,real,"Pesë muaj pasi u dogj në veturë, presidenti Thaçi e shpall hero Qerim Kelmendin",201,medium_121_250,diferencë e log-probabiliteteve,-1.276046837185504,0,True,correct
complement_nb,true_317,317,0,real,Bastoret parashikojnë fituesin e Kupës së Kosovës,336,long_gt_250,diferencë e log-probabiliteteve,-7.38026446756021,0,True,correct
complement_nb,true_323,323,0,real,Lautaro Martinez shënon gol të çmendur kundër Napolit,65,short_61_120,diferencë e log-probabiliteteve,-1.3944364387511996,0,True,correct
complement_nb,true_325,325,0,real,Ekskluzive: Flet protagonistja e videos virale “O shac”,293,long_gt_250,diferencë e log-probabiliteteve,2.6780946200678954,1,False,false_positive
complement_nb,true_332,332,0,real,"Goditje e rëndë për Arsenalin, Shkodran Mustafi mungon deri në tetor",163,medium_121_250,diferencë e log-probabiliteteve,-4.159591318832895,0,True,correct
complement_nb,true_343,343,0,real,"“Përplasje fizike LDK-VV në Kuvend”, Gashi mohon të ketë pasur incident",104,short_61_120,diferencë e log-probabiliteteve,-7.880727849015159,0,True,correct
complement_nb,true_345,345,0,real,"Fieraku lind me 6 gishta e probleme mendore, prindërit shpërthejnë në lot: Na dhunon, mos të ishin komshinjtë, sot do kishim 2 varre!",765,long_gt_250,diferencë e log-probabiliteteve,-0.14985620042386927,0,True,correct
complement_nb,true_351,351,0,real,Lë punën shitësi që nuk bëri asnjë ditë pushim për 38 vite radhazi,200,medium_121_250,diferencë e log-probabiliteteve,-2.313289062180388,0,True,correct
complement_nb,true_352,352,0,real,"‘Do vriste katër persona’, policia aksion për kapjen e një të dënuari, në kërkim prej 5 vitesh. Ja ku u gjet",202,medium_121_250,diferencë e log-probabiliteteve,-7.223068211100951,0,True,correct
complement_nb,true_353,353,0,real,"Valbon Krasniqi: Jemi keq, i lus qytetarët të jenë të kujdesshëm",450,long_gt_250,diferencë e log-probabiliteteve,-12.143470425459896,0,True,correct
complement_nb,true_354,354,0,real,Aksident i rëndë në Prizren: Çiklisti goditet nga një veturë e cila e hedh disa metra larg,158,medium_121_250,diferencë e log-probabiliteteve,-2.4747325214601688,0,True,correct
complement_nb,true_355,355,0,real,"Andy Ruiz reklamon transformimin, para kthimit në ring",162,medium_121_250,diferencë e log-probabiliteteve,-1.2258300642303084,0,True,correct
complement_nb,true_362,362,0,real,Protestojnë artistët: Askush nuk mund ta rishkruajë Historinë e Kosovës,184,medium_121_250,diferencë e log-probabiliteteve,-2.7472853175602836,0,True,correct
complement_nb,true_367,367,0,real,“100 € për shërbim ekstra” Si i zbuloi agjenti i infiltruar 3 qendra estetike prostitucioni,652,long_gt_250,diferencë e log-probabiliteteve,-4.929429595481565,0,True,correct
complement_nb,true_368,368,0,real,"“Gjuhen” me fjalë, Rina Balaj e Erza Jusaj",252,long_gt_250,diferencë e log-probabiliteteve,-2.3833581990218704,0,True,correct
complement_nb,true_369,369,0,real,Haziri i ashpërson kritikat ndaj Hotit: Nuk jam kryetar për të numëruar të vdekurit nga Covid-19,266,long_gt_250,diferencë e log-probabiliteteve,-10.599633601209916,0,True,correct
complement_nb,true_375,375,0,real,"Nga abstenimi i Xhafës tek ‘mungesa’ e Elisës, si u votua për shkarkimin e Metës",198,medium_121_250,diferencë e log-probabiliteteve,-1.5933785159025433,0,True,correct
complement_nb,true_383,383,0,real,"Gjermania vendi më i pëlqyer në botë, lë pas SHBA, Kinën dhe Rusinë",230,medium_121_250,diferencë e log-probabiliteteve,-4.106052855662028,0,True,correct
complement_nb,true_384,384,0,real,"Edi Rama ia uron Lorik Canës ditëlindjen, paralajmëron bashkim kombëtar",451,long_gt_250,diferencë e log-probabiliteteve,-2.5152070593180724,0,True,correct
complement_nb,true_394,394,0,real,Gjermania refuzon propozimin e Trumpit për lejimin e kthimit të Rusisë në Grupin G7,247,medium_121_250,diferencë e log-probabiliteteve,-2.878565334835912,0,True,correct
complement_nb,true_395,395,0,real,"Njihuni me fshatin ku paraja dhe pushteti nuk kanë vlerë, çdo gjë falas",272,long_gt_250,diferencë e log-probabiliteteve,-7.5929924808775695,0,True,correct
complement_nb,true_412,412,0,real,"Ischinger lobon për heqjen e vizave, von Cramon i reagon: Mos harro t’ua thash këtë Macronit dhe Rutte’s",170,medium_121_250,diferencë e log-probabiliteteve,1.3495828699589083,1,False,false_positive
complement_nb,true_415,415,0,real,Takimi Vuçiq – Vahrleyi u zhvillua në zyrat e misionit serb – aty ishte libri që ka në titull fjalët “Kosova dhe Metohia”,165,medium_121_250,diferencë e log-probabiliteteve,-2.795705458073485,0,True,correct
complement_nb,true_417,417,0,real,"Vdesin 2 persona nga covid19 në Shqipëri, shkon në 53 numri i qytetarëve që kanë humbur jetën",87,short_61_120,diferencë e log-probabiliteteve,-9.702951430948133,0,True,correct
complement_nb,true_423,423,0,real,Kryeprokurori: Ende s’dihet nëse Agon Musliu bëri vetëvrasje apo dikush e shtyri në vrasje,424,long_gt_250,diferencë e log-probabiliteteve,-7.791000419690931,0,True,correct
complement_nb,true_428,428,0,real,Grenell lajmërohet për takimin në Washington: Kosova dhe Serbia duhet ta shfrytëzojnë këtë mundësi,205,medium_121_250,diferencë e log-probabiliteteve,-3.3751164796307194,0,True,correct
complement_nb,true_430,430,0,real,"Labi: 87 vjeçares nga Istogu që mbeti e vetme 30 vjet më parë, pension 200 euro që prej sot",398,long_gt_250,diferencë e log-probabiliteteve,-2.160203455455644,0,True,correct
complement_nb,true_433,433,0,real,Kek super i butë – Shije e lehtë fantastike,449,long_gt_250,diferencë e log-probabiliteteve,-2.4982581530586003,0,True,correct
complement_nb,true_434,434,0,real,​FSSHK kërkon në kuadër të rishikimit të buxhetit të aprovohet edhe shtesa në paga,192,medium_121_250,diferencë e log-probabiliteteve,-6.884943721367392,0,True,correct
complement_nb,true_439,439,0,real,"Dikur jetoi në shpellë, sot është një nga liderët më të fuqishëm në botë",1196,long_gt_250,diferencë e log-probabiliteteve,-4.581568195752084,0,True,correct
complement_nb,true_451,451,0,real,"Kaq të rinjë prindërit e Taynes, sikur t’i kishte vëlla e motër",139,medium_121_250,diferencë e log-probabiliteteve,-1.2023327824975922,0,True,correct
complement_nb,true_454,454,0,real,Disa arsye se përse nuk duhet të flini përmbys,210,medium_121_250,diferencë e log-probabiliteteve,-4.54509462577181,0,True,correct
complement_nb,true_463,463,0,real,"Gjyste Vulaj sfidon moshën, me foton e fundit la edhe njëherë nën hije vajzat e reja",113,short_61_120,diferencë e log-probabiliteteve,-1.6810798089130117,0,True,correct
complement_nb,true_465,465,0,real,Zgjerimi i familjes? Milot Rashica flet për planet,70,short_61_120,diferencë e log-probabiliteteve,0.612875289859403,1,False,false_positive
complement_nb,true_472,472,0,real,"Elsa, vajza e Safetes jo veç këngëtare, ky është profesioni tjetër i saj",118,short_61_120,diferencë e log-probabiliteteve,-1.659256417578149,0,True,correct
complement_nb,true_479,479,0,real,Mustafa i reagon VV-së: Akademik Kujtim Shala me dije…,168,medium_121_250,diferencë e log-probabiliteteve,-7.091351486752501,0,True,correct
complement_nb,true_480,480,0,real,Sa palë syza ka Leonora Jakupi,106,short_61_120,diferencë e log-probabiliteteve,0.17737583053428807,1,False,false_positive
complement_nb,true_481,481,0,real,Vjollca Haxhiu realizon foto të bukur në Dubai,77,short_61_120,diferencë e log-probabiliteteve,-1.3053293141054496,0,True,correct
complement_nb,true_483,483,0,real,Ky burrë e ha specin më të djegës në botë pa pirë asgjë,133,medium_121_250,diferencë e log-probabiliteteve,-1.1284405609914074,0,True,correct
complement_nb,true_486,486,0,real,Miss Valentina shfaqet superseksi me të zeza,62,short_61_120,diferencë e log-probabiliteteve,-0.8311119233882209,0,True,correct
complement_nb,true_495,495,0,real,"‘Eh moj Sara Hoxha mbas 5 vitesh, kur ta kapësh duke të të tradhtuar këtë laper’",238,medium_121_250,diferencë e log-probabiliteteve,-0.889400482119072,0,True,correct
complement_nb,true_496,496,0,real,Në këto komuna janë konfirmuar 276 rastet e reja me koronavirus,113,short_61_120,diferencë e log-probabiliteteve,-16.908502054655628,0,True,correct
complement_nb,true_508,508,0,real,Trajneri i njohur shqiptar ndërron jetë shkaku i Koronavirusit,128,medium_121_250,diferencë e log-probabiliteteve,-2.7608060419962612,0,True,correct
complement_nb,true_515,515,0,real,"Është 53 vjeç, por në këtë foto Eli Fara duket si një vajzë e re",102,short_61_120,diferencë e log-probabiliteteve,-0.17705534964545677,0,True,correct
complement_nb,true_520,520,0,real,Cilat janë simptomat që tregojnë nëse e keni kaluar koronavirusin,272,long_gt_250,diferencë e log-probabiliteteve,-4.403854104182699,0,True,correct
complement_nb,true_527,527,0,real,Sa shumë kanë ndryshuar aktorët e serialit “Kloni”,134,medium_121_250,diferencë e log-probabiliteteve,-2.9572625972330684,0,True,correct
complement_nb,true_528,528,0,real,"Një yll si Oriola Marashi, ndriçon edhe në mbrëmje",110,short_61_120,diferencë e log-probabiliteteve,-2.293215633822399,0,True,correct
complement_nb,true_530,530,0,real,Morena ‘rrëzohet’ në rrafsh,63,short_61_120,diferencë e log-probabiliteteve,0.6839814642933675,1,False,false_positive
complement_nb,true_531,531,0,real,"Ndërron jetë edhe një person i infektuar me Covid-19, nga Peja",57,very_short_le_60,diferencë e log-probabiliteteve,-5.2064906877739645,0,True,correct
complement_nb,true_535,535,0,real,Loredana: Zemër ty a të ka marrë malli?,154,medium_121_250,diferencë e log-probabiliteteve,-1.2368851401254233,0,True,correct
complement_nb,true_536,536,0,real,Arta Bajrami me çizme të gjata në pikë të verës,87,short_61_120,diferencë e log-probabiliteteve,-0.9292473641415313,0,True,correct
complement_nb,true_539,539,0,real,"Bukë me vaj, djathë e domate, pushuesi ndan fotot modeste nga Spilleja: Kaq kemi mundësi…",166,medium_121_250,diferencë e log-probabiliteteve,0.9584311696857526,1,False,false_positive
complement_nb,true_544,544,0,real,"Besojeni ose jo, kjo ndërtesë nuk u shemb as me 300 kilogram tritol",72,short_61_120,diferencë e log-probabiliteteve,-1.2180691884490784,0,True,correct
complement_nb,true_545,545,0,real,Zyrtarja e huaj: Gratë mund të mbesin shtatzëna nëse notojnë bashkë me burrat,203,medium_121_250,diferencë e log-probabiliteteve,-2.2749052536368595,0,True,correct
complement_nb,true_553,553,0,real,MIloti e xhiron Edonën prapa kamerave,86,short_61_120,diferencë e log-probabiliteteve,-1.0843905825417437,0,True,correct
complement_nb,true_555,555,0,real,Atletes i ndodh e papritura gjatë ushtrimeve në palestër,88,short_61_120,diferencë e log-probabiliteteve,-1.9518980032352715,0,True,correct
complement_nb,true_556,556,0,real,"Vila e Esat pashë Toptanit, në fshatin Reth të Durrësit",283,long_gt_250,diferencë e log-probabiliteteve,-2.199815346434548,0,True,correct
complement_nb,true_571,571,0,real,Kështu e zuri babai i saj Shyhreten me të dashurin,212,medium_121_250,diferencë e log-probabiliteteve,0.7797014685621662,1,False,false_positive
complement_nb,true_573,573,0,real,"Thënie të Ibrahim Rugovës: Kokën mund të ma ndërrojnë, por mendimin kurrë!",461,long_gt_250,diferencë e log-probabiliteteve,-5.9489558823904645,0,True,correct
complement_nb,true_580,580,0,real,"Dua Lipa lanson këngën e re, Tokyo e ‘Casa de Papel’ shkëlqen në videoklip",129,medium_121_250,diferencë e log-probabiliteteve,-3.5216072911662764,0,True,correct
complement_nb,true_582,582,0,real,"Sërish viza gjermane për ata me kontratë pune, por edhe pengesa",1095,long_gt_250,diferencë e log-probabiliteteve,-6.643087846075559,0,True,correct
complement_nb,true_583,583,0,real,Covid-19 u merr jetën dy mjekëve kosovarë,241,medium_121_250,diferencë e log-probabiliteteve,-7.586803545528483,0,True,correct
complement_nb,true_584,584,0,real,Adelina e tepron me fustanin e shkurtër,76,short_61_120,diferencë e log-probabiliteteve,-2.0620611693799447,0,True,correct
complement_nb,true_585,585,0,real,"Sejdiu i gatshëm të kandidojë për president, nëse dorëhiqet Thaçi",152,medium_121_250,diferencë e log-probabiliteteve,1.445313162618561,1,False,false_positive
complement_nb,true_586,586,0,real,Menjëherë fshijeni nësë ju vjen ky mesazh në telefon,206,medium_121_250,diferencë e log-probabiliteteve,-0.8824985232577092,0,True,correct
complement_nb,true_592,592,0,real,"Kejvina bombastike, merr gjithë vëmendjen me paraqitjen e fundit!",90,short_61_120,diferencë e log-probabiliteteve,0.3603884269851392,1,False,false_positive
complement_nb,true_600,600,0,real,Gjashtë simptomat të lehta të Coronavirust që duhet t’i dini,1467,long_gt_250,diferencë e log-probabiliteteve,-10.940310584694203,0,True,correct
complement_nb,true_603,603,0,real,Krasniqi: Sot i kemi sjell para falimentimit të gjithë gastronomët e Kosovës,401,long_gt_250,diferencë e log-probabiliteteve,-7.782944209473612,0,True,correct
complement_nb,true_608,608,0,real,Pse duhet të konsumoni limon çdo ditë?,170,medium_121_250,diferencë e log-probabiliteteve,-3.5353332272059674,0,True,correct
complement_nb,true_611,611,0,real,"E pabesueshme, por ky do jetë çmimi i vaksinës për trajtimin e Covid 19",187,medium_121_250,diferencë e log-probabiliteteve,-5.229343342164441,0,True,correct
complement_nb,true_612,612,0,real,A do të zgjatet leja për punëtorët nga Kosova në Gjermani?,163,medium_121_250,diferencë e log-probabiliteteve,-4.089742592278071,0,True,correct
complement_nb,true_614,614,0,real,Vjen edhe reagimi i Leonora Jakupit për ndërtimin e xhamisë në Prishtinë,75,short_61_120,diferencë e log-probabiliteteve,-0.48422580574612084,0,True,correct
complement_nb,true_618,618,0,real,Haradinaj “godet” Hotin: Pse nuk e pyete edhe ti Vuçiqin a din shqip?,244,medium_121_250,diferencë e log-probabiliteteve,0.9482287555176754,1,False,false_positive
complement_nb,true_619,619,0,real,"Haradinaj paralajmëron prishjen e koalicionit, i pakënaqur me Kryeministrin Hoti",167,medium_121_250,diferencë e log-probabiliteteve,-0.0064080267460440155,0,True,correct
complement_nb,true_621,621,0,real,Isa Mustafa shërohet nga koronavirusi,140,medium_121_250,diferencë e log-probabiliteteve,-1.9817206904943419,0,True,correct
complement_nb,true_629,629,0,real,Tetë anesteziologë të QKUK-së infektohen me koronavirus,436,long_gt_250,diferencë e log-probabiliteteve,-14.740734600408246,0,True,correct
complement_nb,true_631,631,0,real,4 mënyra natyrale si të largoni rrudhat nga fytyra,476,long_gt_250,diferencë e log-probabiliteteve,-1.1534779402028903,0,True,correct
complement_nb,true_638,638,0,real,Vjen një lajm i mirë për veteranët e UÇK-së,132,medium_121_250,diferencë e log-probabiliteteve,-4.485083006821981,0,True,correct
complement_nb,true_652,652,0,real,Adea Pules i del kuki prej vendit,93,short_61_120,diferencë e log-probabiliteteve,-1.5342273439341056,0,True,correct
complement_nb,true_655,655,0,real,"Nëse i fsheh paratë në këto 8 vende, zëre se nuk i ke fare!",277,long_gt_250,diferencë e log-probabiliteteve,-0.9509845770959373,0,True,correct
complement_nb,true_671,671,0,real,Kosova hiqet nga harta – Dua Lipa nënshkruan peticionin,100,short_61_120,diferencë e log-probabiliteteve,-2.988160675914685,0,True,correct
complement_nb,true_675,675,0,real,A është Fifi në lidhje? Përgjigjet këngëtarja,55,very_short_le_60,diferencë e log-probabiliteteve,-1.1637561037946398,0,True,correct
complement_nb,true_679,679,0,real,"Duke punuar kopshtin, çifti gjen kasafortën me mijëra dollarë e stoli ari",146,medium_121_250,diferencë e log-probabiliteteve,1.0834479500766747,1,False,false_positive
complement_nb,true_680,680,0,real,Fitore Pacolli: Shpallja e gjendjes së jashtëzakonshme siç po ka dëshirë qeveria Hoti nuk është zgjidhje,394,long_gt_250,diferencë e log-probabiliteteve,-6.888744282199582,0,True,correct
complement_nb,true_694,694,0,real,Nora Istrefi më në fund merr një vendim në lidhje me Robertin,117,short_61_120,diferencë e log-probabiliteteve,0.5465630402254078,1,False,false_positive
complement_nb,true_702,702,0,real,Turku ia mbush dhomën me dhurata të shtrenjta Gentës,113,short_61_120,diferencë e log-probabiliteteve,0.3649484654365551,1,False,false_positive
complement_nb,true_713,713,0,real,Shkencëtaret kinez: Covid-19 u shfaq për herë të parë në Spanjë,234,medium_121_250,diferencë e log-probabiliteteve,-7.361680004646075,0,True,correct
complement_nb,true_721,721,0,real,Genci ia dedikon këto fjalë të bukura Enit me rastin e ditëlindjes,198,medium_121_250,diferencë e log-probabiliteteve,-1.9996891151050136,0,True,correct
complement_nb,true_731,731,0,real,Kështu dukej Egzona para se të dashurohej me Albatritin,101,short_61_120,diferencë e log-probabiliteteve,-0.7058053341447135,0,True,correct
complement_nb,true_744,744,0,real,Vajza e ish-kryeministrit Bajram Rexhepi nuk lejohet nga e ëma t’i hyjë politikës,229,medium_121_250,diferencë e log-probabiliteteve,-1.7236571859706942,0,True,correct
complement_nb,true_745,745,0,real,Me këtë fustan del në park Qëndresa e Labit,89,short_61_120,diferencë e log-probabiliteteve,0.28997140073596483,1,False,false_positive
complement_nb,true_747,747,0,real,Endrit Thaçi reagon pasi Gjykata Speciale ngriti aktakuzë ndaj babait të tij,92,short_61_120,diferencë e log-probabiliteteve,2.239287838902726,1,False,false_positive
complement_nb,true_756,756,0,real,Angela Martini nuk i ndalë provokimet as në jaht,87,short_61_120,diferencë e log-probabiliteteve,1.245573645768559,1,False,false_positive
complement_nb,true_758,758,0,real,Aq shumë iu ka rritur gjoksi sa që Oriola Marashi po e mban me duar,98,short_61_120,diferencë e log-probabiliteteve,-0.899724283474086,0,True,correct
complement_nb,true_760,760,0,real,Do të befasoheni se çfarë të vërtetash fshehen prapa serialeve turke,297,long_gt_250,diferencë e log-probabiliteteve,-2.3765874568978234,0,True,correct
complement_nb,true_765,765,0,real,"Sasa e “O sa mirë” plotë jetë, vitet thjeshtë numra janë për të",57,very_short_le_60,diferencë e log-probabiliteteve,-0.6019374955521926,0,True,correct
complement_nb,true_772,772,0,real,"Dhimbjet që mendoni se i keni nga dhëmbët, por në fakt kanë të bëjë me diçka tjetër",445,long_gt_250,diferencë e log-probabiliteteve,-3.1186427739362443,0,True,correct
complement_nb,true_781,781,0,real,Reperja e njohur e publikon nga afër tatuazhin në pjesën e të pasmeve,105,short_61_120,diferencë e log-probabiliteteve,-2.314668470294748,0,True,correct
complement_nb,true_783,783,0,real,"“Nëntori i dytë”, ja pse u hoq pjesa kur Isa Boletini luftonte me serbët",1952,long_gt_250,diferencë e log-probabiliteteve,-6.577674661283936,0,True,correct
complement_nb,true_786,786,0,real,Ekskluzive: Alfred Cako zbulon vaksinën e Covid19 që shkakton vdekje dhe ndalon lindjet,46,very_short_le_60,diferencë e log-probabiliteteve,4.5678127190317355,1,False,false_positive
complement_nb,true_788,788,0,real,"Infekton 76 të ftuar me koronavirus babai i nuses, dasma kthehet në rast studimi",238,medium_121_250,diferencë e log-probabiliteteve,-3.1534540460542075,0,True,correct
complement_nb,true_789,789,0,real,Ivanka Trump në secilën paraqitje pa sytjena,68,short_61_120,diferencë e log-probabiliteteve,-1.5019650545963827,0,True,correct
complement_nb,true_793,793,0,real,"Trusti s’do pengojë tërheqjen e kursimeve, kompensimi nga qeveria jo për të gjithë",942,long_gt_250,diferencë e log-probabiliteteve,-11.475735207231196,0,True,correct
complement_nb,true_803,803,0,real,"Ambasada e SHBA-së në Kosovë apelon për kujdes, tubimi paqësor i LVV-së mund të bëhet i dhunshëm",263,long_gt_250,diferencë e log-probabiliteteve,-6.843770088239239,0,True,correct
complement_nb,true_808,808,0,real,"Avdyli i del në krahë Osmanit: Kur do flasim ne të vertetën, atëherë keni me mbetë pa fjalë",244,medium_121_250,diferencë e log-probabiliteteve,1.506492298003991,1,False,false_positive
complement_nb,true_809,809,0,real,Gëzimja përgatit tortën më të bukur për vajzën,86,short_61_120,diferencë e log-probabiliteteve,0.6424822831237975,1,False,false_positive
complement_nb,true_825,825,0,real,"Pasi u propozua për kryeministër konsensual Murat Jashari, vjen edhe reagimi nga Familja Jashari",258,long_gt_250,diferencë e log-probabiliteteve,-0.7751543960654317,0,True,correct
complement_nb,true_830,830,0,real,Vjosa Osmani mbështet masat e reja të Albin Kurtit kundër Serbisë,221,medium_121_250,diferencë e log-probabiliteteve,-3.70952022609049,0,True,correct
complement_nb,true_833,833,0,real,"Horoskopi, e shtunë 30 maj 2020",529,long_gt_250,diferencë e log-probabiliteteve,-6.621981046008955,0,True,correct
complement_nb,true_835,835,0,real,"Veton Surroi mbetet pa tekst, ky është reagimi i tij për aktgjykimin",115,short_61_120,diferencë e log-probabiliteteve,2.265678648627045,1,False,false_positive
complement_nb,true_856,856,0,real,​ Nesër në Bruksel mbahet takimi i ekspertëve,60,very_short_le_60,diferencë e log-probabiliteteve,-8.49900756522942,0,True,correct
complement_nb,true_858,858,0,real,Qeveria ua heq kartonin e gjelbër atyre që hyjnë në Kosovë,185,medium_121_250,diferencë e log-probabiliteteve,-8.13079918408556,0,True,correct
complement_nb,true_863,863,0,real,Ministri Zemaj komenton fotografin e Skender Hysenit pa maskë,223,medium_121_250,diferencë e log-probabiliteteve,-12.979043870647672,0,True,correct
complement_nb,true_875,875,0,real,"Granata e gjetur te vendpunishtja e Xhamisë së Madhe, e kohës së Luftës së Dytë Botërore",107,short_61_120,diferencë e log-probabiliteteve,-5.300929147138106,0,True,correct
complement_nb,true_880,880,0,real,"Shtyhet raportimi i Agim Veliut në Komisionin për Siguri, polemika mes deputetëve",356,long_gt_250,diferencë e log-probabiliteteve,-7.759520924925937,0,True,correct
complement_nb,true_887,887,0,real,"Vendet që morën nën kontroll pandeminë coronavirus, tani prapë po përballen me të",1294,long_gt_250,diferencë e log-probabiliteteve,-12.30941711979176,0,True,correct
complement_nb,true_888,888,0,real,Debat i nxehtë në Komisionin për Punë të Jashtme - VIDEO,71,short_61_120,diferencë e log-probabiliteteve,-6.204317955823512,0,True,correct
complement_nb,true_889,889,0,real,Rrahjet mes deputetëve ndër vite në Kuvendin e Kosovës,721,long_gt_250,diferencë e log-probabiliteteve,-9.533434893904086,0,True,correct
complement_nb,true_890,890,0,real,Qeveria heq dorë nga vendimi për izolimin e atyre që kthehen nga Shqipëria!,178,medium_121_250,diferencë e log-probabiliteteve,-4.52123548420218,0,True,correct
complement_nb,true_906,906,0,real,Oda Ekonomike kërkon të digjitalizohen disa shërbime dhe të licencohen laboratoret private,439,long_gt_250,diferencë e log-probabiliteteve,-8.829466605816833,0,True,correct
complement_nb,true_907,907,0,real,Prishtina edhe sot komuna me më së shumti raste me COVID-19,128,medium_121_250,diferencë e log-probabiliteteve,-14.317477013355472,0,True,correct
complement_nb,true_908,908,0,real,Arrestohet gjilanasi për mashtrim me shitje të banesës,95,short_61_120,diferencë e log-probabiliteteve,-8.67260237392253,0,True,correct
complement_nb,true_910,910,0,real,Fati i medias më të lexuar në Hungari Index në pikëpyetje pas largimit të shumicës së gazetarëve,349,long_gt_250,diferencë e log-probabiliteteve,-4.412232873420635,0,True,correct
complement_nb,true_917,917,0,real,"Hoti: Situata po përkeqësohet, stafi shëndetësor i FSK-së do të integrohet në Ministri të Shëndetësisë",271,long_gt_250,diferencë e log-probabiliteteve,-14.361742172244021,0,True,correct
complement_nb,true_931,931,0,real,Auditori: Policët ushtrojnë pozitat e punës në mospërputhje me gradat,382,long_gt_250,diferencë e log-probabiliteteve,-12.069568309098145,0,True,correct
complement_nb,true_938,938,0,real,Partia Socialiste tërhiqet nga shkarkimi i Ilir Metës,474,long_gt_250,diferencë e log-probabiliteteve,-5.093960855781802,0,True,correct
complement_nb,true_939,939,0,real,Philip Morris lejohet të komunikojë se IQOS redukton ekspozimin e dëmshëm,414,long_gt_250,diferencë e log-probabiliteteve,-4.913765872916031,0,True,correct
complement_nb,true_945,945,0,real,Rekord i ri me raste pozitive me COVID-19 në Kosovë,216,medium_121_250,diferencë e log-probabiliteteve,-17.70337312823972,0,True,correct
complement_nb,true_950,950,0,real,Hoti: Jemi në diskutime që rruga nacionale Prishtinë-Mitrovicë të shndërrohet në rrugë ndërkombëtare,263,long_gt_250,diferencë e log-probabiliteteve,-8.643901481864987,0,True,correct
complement_nb,true_965,965,0,real,VIDEO: Vetura zyrtare në vikend merr udhë për kositje të barit,85,short_61_120,diferencë e log-probabiliteteve,-3.203621200894702,0,True,correct
complement_nb,true_966,966,0,real,Pneumologu kosovar tregon si zhvillohet pneumonia te pacientët me COVID-19,620,long_gt_250,diferencë e log-probabiliteteve,-8.710630288222205,0,True,correct
complement_nb,true_974,974,0,real,Mbi 10 mijë të infektuar me COVID-19 në Maqedoninë e Veriut,148,medium_121_250,diferencë e log-probabiliteteve,-13.335159800485599,0,True,correct
complement_nb,true_975,975,0,real,VIDEO - Xhamia që u mbijetoi shekujve,465,long_gt_250,diferencë e log-probabiliteteve,-5.861776412522772,0,True,correct
complement_nb,true_979,979,0,real,Lihen në arrest shtëpiak policët e arrestuar për keqtrajtim të një të mituri,146,medium_121_250,diferencë e log-probabiliteteve,-12.095805580622482,0,True,correct
complement_nb,true_988,988,0,real,"Ilir Meta për Adem Demaçin: ""Mandela i Evropës"" dhe ""Saharovi"" ynë",320,long_gt_250,diferencë e log-probabiliteteve,-3.232574755209896,0,True,correct
complement_nb,true_991,991,0,real,Evropa ime: T'u tregojmë vendin elitave të korruptuara të Ballkanit Perëndimor,1084,long_gt_250,diferencë e log-probabiliteteve,-7.069509181112835,0,True,correct
complement_nb,true_994,994,0,real,Ministria e Bujqësisë pagoi mbi 176 mijë euro për analiza që mund t'i kryente vetë,210,medium_121_250,diferencë e log-probabiliteteve,-8.709841669188563,0,True,correct
complement_nb,true_1005,1005,0,real,Alarmante - Rreth 3 mijë raste aktive me COVID-19 në Kosovë,219,medium_121_250,diferencë e log-probabiliteteve,-19.8651889576455,0,True,correct
complement_nb,true_1028,1028,0,real,Qeveria emëroi Bordin e përkohshëm i Telekomit të Kosovës,158,medium_121_250,diferencë e log-probabiliteteve,-9.107538022650715,0,True,correct
complement_nb,true_1034,1034,0,real,Xhamia më e vjetër në Prishtinë një dekadë restaurim,275,long_gt_250,diferencë e log-probabiliteteve,-5.8207927069354355,0,True,correct
complement_nb,true_1037,1037,0,real,Osmani për Hotin: Duhet me hangër një thes kryp me dikë për me njoftë,186,medium_121_250,diferencë e log-probabiliteteve,-0.8394396261745669,0,True,correct
complement_nb,true_1042,1042,0,real,Raport: Bandat nga Ballkani tani janë kthyer në kontrabandistë globalë,773,long_gt_250,diferencë e log-probabiliteteve,-6.024714081676052,0,True,correct
complement_nb,true_1054,1054,0,real,ORCA: 55% e profesorëve në UP nuk e justifikojnë titullin e tyre akademik,328,long_gt_250,diferencë e log-probabiliteteve,-7.396984084075882,0,True,correct
complement_nb,true_1055,1055,0,real,Boris Johnson: Kriza e COVID-19 përfundon nga mesi i vitit 2021,131,medium_121_250,diferencë e log-probabiliteteve,-9.100369478443895,0,True,correct
complement_nb,true_1064,1064,0,real,Thaçi nuk do dialog teknik me Serbinë,217,medium_121_250,diferencë e log-probabiliteteve,-8.167881643357134,0,True,correct
complement_nb,true_1076,1076,0,real,"Pas dy muajve, Maqedonia e Veriut me asnjë viktimë nga COVID-19",143,medium_121_250,diferencë e log-probabiliteteve,-11.936064572367911,0,True,correct
complement_nb,true_1079,1079,0,real,Hoti i shkruan letër Osmanit për raportimin në Kuvend pas takimit në Bruksel,90,short_61_120,diferencë e log-probabiliteteve,-4.684447641334032,0,True,correct
complement_nb,true_1081,1081,0,real,"Mësimi në shtator mund të fillojë nga ekrani, ekspertët rekomandojnë më shumë udhëzime",1082,long_gt_250,diferencë e log-probabiliteteve,-10.416588665344307,0,True,correct
complement_nb,true_1084,1084,0,real,"Pas katër ditësh intervistim në Hagë, Thaçi kthehet sot në Kosovë",244,medium_121_250,diferencë e log-probabiliteteve,-1.8754830514671994,0,True,correct
complement_nb,true_1085,1085,0,real,Teatri i Podujevës bëhet me aktorë rezidentë,163,medium_121_250,diferencë e log-probabiliteteve,-3.56227954179775,0,True,correct
complement_nb,true_1090,1090,0,real,"Incident në një port iranian, disa anije përfshihen nga zjarri",224,medium_121_250,diferencë e log-probabiliteteve,-6.4065127441359095,0,True,correct
complement_nb,true_1092,1092,0,real,Mbi 13 milionë të infektuar me coronavirus në botë,466,long_gt_250,diferencë e log-probabiliteteve,-14.23956573304929,0,True,correct
complement_nb,true_1101,1101,0,real,"Hoti e Vuçiq zhvillojnë sot takim virtual, rinis dialogu Kosovë-Serbi",212,medium_121_250,diferencë e log-probabiliteteve,-6.017867817298622,0,True,correct
complement_nb,true_1104,1104,0,real,Hoti paralajmëron shpalljen e gjendjes së jashtëzakonshme,285,long_gt_250,diferencë e log-probabiliteteve,-7.488451722571426,0,True,correct
complement_nb,true_1106,1106,0,real,Abazi: Ligji për COVID-19 u refuzua e Hoti drejt shpalljes së gjendjes së jashtëzakonshme,392,long_gt_250,diferencë e log-probabiliteteve,-5.561102140886021,0,True,correct
complement_nb,true_1108,1108,0,real,COVID-19: Vdes veterani i UÇK-së nga Malisheva,123,medium_121_250,diferencë e log-probabiliteteve,-7.533670435904014,0,True,correct
complement_nb,true_1117,1117,0,real,Anulohet udhëtimi i Thaçit për në Washington,113,short_61_120,diferencë e log-probabiliteteve,0.6485299027439737,1,False,false_positive
complement_nb,true_1119,1119,0,real,Zemaj: Gjashtë pacientë me COVID-19 janë në kujdes intensiv,89,short_61_120,diferencë e log-probabiliteteve,-12.039913756509122,0,True,correct
complement_nb,true_1121,1121,0,real,"Hoti raporton në Kuvend për dialogun: Ose do të ketë marrëveshje të mirë për Kosovën, ose s’do të ketë fare",297,long_gt_250,diferencë e log-probabiliteteve,-8.412772863256237,0,True,correct
complement_nb,true_1135,1135,0,real,"Kosova synon njohjen nga Serbia, nuk dëshiron kompromis",952,long_gt_250,diferencë e log-probabiliteteve,-9.865225340803818,0,True,correct
complement_nb,true_1138,1138,0,real,"Qeveritarët pa maska e me duarshtrëngime, përurojnë rrugën Deçan–Plavë - FOTO",288,long_gt_250,diferencë e log-probabiliteteve,-8.59465485589567,0,True,correct
complement_nb,true_1165,1165,0,real,Hoti nesër në Gjilan te kritikuesi i tij më i madh Lutfi Haziri,187,medium_121_250,diferencë e log-probabiliteteve,-8.972534271812549,0,True,correct
complement_nb,true_1174,1174,0,real,"Të hyrat në gjashtë muajt e parë ranë për 8 %, shpenzimet u rritën për 38.7 milionë euro",219,medium_121_250,diferencë e log-probabiliteteve,-13.451018587849774,0,True,correct
complement_nb,true_1179,1179,0,real,"Pini ilaçin e përgatitur vetë për ta shëruar diabetin, tipi 2",219,medium_121_250,diferencë e log-probabiliteteve,-4.745303139543239,0,True,correct
complement_nb,true_1180,1180,0,real,Vetëm në këtë kënd të shtëpisë së Kylie Jenner gjendet një pasuri e tërë,140,medium_121_250,diferencë e log-probabiliteteve,-4.3660341642304275,0,True,correct
complement_nb,true_1183,1183,0,real,Sekreti i japonezëve për jetë të gjatë,212,medium_121_250,diferencë e log-probabiliteteve,-6.341777558670799,0,True,correct
complement_nb,true_1186,1186,0,real,Fansi i çmendur bën tatuazh në trup fytyrën e Noizyt!,119,short_61_120,diferencë e log-probabiliteteve,-2.1157098631405233,0,True,correct
complement_nb,true_1191,1191,0,real,Infektohet edhe presidenti që tha se saunat dhe vodka janë ilaçe kundër Covid-19,155,medium_121_250,diferencë e log-probabiliteteve,-8.014787778209836,0,True,correct
complement_nb,true_1194,1194,0,real,Pezullimi i përpjekjeve për anëtarësim në mekanizma ndërkombëtarë gabim i pa falshëm i Qeverisë Hoti,675,long_gt_250,diferencë e log-probabiliteteve,-6.79912169538909,0,True,correct
complement_nb,true_1197,1197,0,real,Dalin fotot e Gymysh me fustan të bardhë - shikoni sa nuse e bukur është bërë,189,medium_121_250,diferencë e log-probabiliteteve,-2.930016573889418,0,True,correct
complement_nb,true_1199,1199,0,real,Jeni gati të shihni ndryshimin e radhës së Tayna-s?,177,medium_121_250,diferencë e log-probabiliteteve,-4.811817121088893,0,True,correct
complement_nb,true_1224,1224,0,real,"Situata me Covid-19, kryeministri Hoti kërkon të vërehet dora e fortë e shtetit",145,medium_121_250,diferencë e log-probabiliteteve,-11.450493684692674,0,True,correct
complement_nb,true_1226,1226,0,real,Super hiti është gati! Kënga e re e Encës dhe e Don Xhonit e ka një datë publikimi,82,short_61_120,diferencë e log-probabiliteteve,-3.215151838739871,0,True,correct
complement_nb,true_1230,1230,0,real,Rasheli do ua hapë sytë me këtë imazh,114,short_61_120,diferencë e log-probabiliteteve,-7.031072484957804,0,True,correct
complement_nb,true_1234,1234,0,real,Blero: Ky reper shqiptar është i preferuari im,155,medium_121_250,diferencë e log-probabiliteteve,-3.474952315580424,0,True,correct
complement_nb,true_1243,1243,0,real,Deputetja e Kuvendit të Kosovës Eliza Hoxha është shëruar nga koronavirusi,702,long_gt_250,diferencë e log-probabiliteteve,-8.882732516537658,0,True,correct
complement_nb,true_1245,1245,0,real,Pandora më në formë se kurrë feston ditëlindjen,82,short_61_120,diferencë e log-probabiliteteve,-4.986469021840094,0,True,correct
complement_nb,true_1246,1246,0,real,"Ja përse duhet të hani 1 thelb hudhër në esëll/ Bën mrekulli për organizmin, ja si",142,medium_121_250,diferencë e log-probabiliteteve,-3.1393418313485313,0,True,correct
complement_nb,true_1260,1260,0,real,Receta çudibërëse me farat e lirit: Të dobësohemi shëndetshëm dhe sigurt,418,long_gt_250,diferencë e log-probabiliteteve,-5.612640776541184,0,True,correct
complement_nb,true_1266,1266,0,real,Receta e Cekës - Maregnore,244,medium_121_250,diferencë e log-probabiliteteve,-3.417373502831481,0,True,correct
complement_nb,true_1274,1274,0,real,Koronavirusi anulon festimet e Vitit të Ri,162,medium_121_250,diferencë e log-probabiliteteve,-8.480214692450147,0,True,correct
complement_nb,true_1275,1275,0,real,"Ç’do ndodhë me koronavirusin? OBSH në alarm, rritja e infektimeve po…",442,long_gt_250,diferencë e log-probabiliteteve,-13.463986466131246,0,True,correct
complement_nb,true_1279,1279,0,real,Çfarë misteri i pazgjidhur fshihet në mes të selisë së CIA?,590,long_gt_250,diferencë e log-probabiliteteve,-5.269814222011178,0,True,correct
complement_nb,true_1285,1285,0,real,Prekëse: Kujdestari vishet bardhezi për t’ia plotësuar mungesën e nënës zebrës jetime,189,medium_121_250,diferencë e log-probabiliteteve,-3.7536970179480136,0,True,correct
complement_nb,true_1290,1290,0,real,Aleksander Vuçiq: Dialogu i Brukselit po ndodhë nga dëshira e Brukselit për ta përjashtuar Amerikën,262,long_gt_250,diferencë e log-probabiliteteve,-5.718309053446319,0,True,correct
complement_nb,true_1291,1291,0,real,Kaçanikasi tenton t’i vrasë dy persona shkaku i një kontesti pronësor,249,medium_121_250,diferencë e log-probabiliteteve,-12.730951560948029,0,True,correct
complement_nb,true_1293,1293,0,real,"U bë me vajzë por dëshironte djalë – Burri vret veten, e shoqja pëson atak kardiak",118,short_61_120,diferencë e log-probabiliteteve,-1.324100177595426,0,True,correct
complement_nb,true_1302,1302,0,real,"OBSH: Rritje shqetësuese të rasteve nga coronavirusi në Ballkan, duhet të tregohemi vigjilentë",141,medium_121_250,diferencë e log-probabiliteteve,-11.344788586538243,0,True,correct
complement_nb,true_1311,1311,0,real,"E akuzuan për ndërhyrje në Gjykatë, Von Cramon ia kthen Enver Hoxhajt: Kjo s’ndodh në demokraci, ndoshta në vendin tuaj po",254,long_gt_250,diferencë e log-probabiliteteve,-1.7132077784594912,0,True,correct
complement_nb,true_1314,1314,0,real,Ky është 22 vjeçari nga Peja që vdiq në aksidentin tragjik,94,short_61_120,diferencë e log-probabiliteteve,-7.842653714580251,0,True,correct
complement_nb,true_1320,1320,0,real,Shikoni çfarë vozitje të shpejtë i bën veturës 60-vjeçarja shqiptare,145,medium_121_250,diferencë e log-probabiliteteve,2.3388507563528833,1,False,false_positive
complement_nb,true_1324,1324,0,real,Turqia pezullon fluturimet shkaku i shtimit të rasteve të Covid-19,200,medium_121_250,diferencë e log-probabiliteteve,-9.993567198591677,0,True,correct
complement_nb,true_1325,1325,0,real,"Zemaj dhe Ramadani pushojnë sot, i cojnë me e-mail njoftimet për situatën 24 orëshe me COVID-19",135,medium_121_250,diferencë e log-probabiliteteve,-13.659078675244587,0,True,correct
complement_nb,true_1334,1334,0,real,"Tayna poston fotot provokuese dhe dërgon mesazhin, “Të josh dhe të bëj budalla, sa herë dua”",106,short_61_120,diferencë e log-probabiliteteve,-1.5250341088745927,0,True,correct
complement_nb,true_1336,1336,0,real,Presidenti në aktakuzë para Gjykatës Speciale dhe dialogu me Serbinë e sfidojnë shtetësinë e Kosovës,309,long_gt_250,diferencë e log-probabiliteteve,-6.435778421072882,0,True,correct
complement_nb,true_1346,1346,0,real,Kështu e kujton Leonora babin në 22 vjetorin e vdekjes,75,short_61_120,diferencë e log-probabiliteteve,-3.152318684164925,0,True,correct
complement_nb,true_1351,1351,0,real,Receta e Cekës: Omletë me mollë,157,medium_121_250,diferencë e log-probabiliteteve,-2.8594302243371317,0,True,correct
complement_nb,true_1365,1365,0,real,"Çdo natë para gjumit, pije këtë lëng dhe do largoni gjithçka nga barku, shkrin gjithë yndyrën, do t’ju heqi kilet e tepërta fare nga trupi",450,long_gt_250,diferencë e log-probabiliteteve,-0.5916131312341122,0,True,correct
complement_nb,true_1371,1371,0,real,Ku ngeli Alba Hoxha?,77,short_61_120,diferencë e log-probabiliteteve,-2.7976453801330763,0,True,correct
complement_nb,true_1379,1379,0,real,Isufi: Nuk ka aktakuzë që mund ta njollosë luftën e UÇK’së,214,medium_121_250,diferencë e log-probabiliteteve,-4.474898972679171,0,True,correct
complement_nb,true_1382,1382,0,real,"Serwer: Aktakuza ndaj Thaçit e Veselit s’është personale, Kosova është në telashe",206,medium_121_250,diferencë e log-probabiliteteve,-2.4845352986263265,0,True,correct
complement_nb,true_1385,1385,0,real,"Është mashtrim, qeveria e kombinimit politik LDK me partnerët e PAN-it nuk e bëjnë ligjin Vetting",579,long_gt_250,diferencë e log-probabiliteteve,-7.273383787659782,0,True,correct
complement_nb,true_1395,1395,0,real,"Infektologu italian: Koronavirusi është dobësuar, ja kur pritet të zhduket",273,long_gt_250,diferencë e log-probabiliteteve,-9.86680297546934,0,True,correct
complement_nb,true_1396,1396,0,real,Cramon për vizat: Ja kur pritet liberalizimi final,310,long_gt_250,diferencë e log-probabiliteteve,1.0773575437145269,1,False,false_positive
complement_nb,true_1413,1413,0,real,Koronavirusi: Renditja e Kosovës krahas shteteve të rajonit,366,long_gt_250,diferencë e log-probabiliteteve,-15.980417202735225,0,True,correct
complement_nb,true_1415,1415,0,real,"Trump për John Bolton: Askush nuk e donte në Shtëpinë e Bardhë, dukej i çmendur",344,long_gt_250,diferencë e log-probabiliteteve,-6.13678634846076,0,True,correct
complement_nb,true_1420,1420,0,real,Haradinaj shkon i pari në takim me Avdullah Hotin,93,short_61_120,diferencë e log-probabiliteteve,-5.5903809934175115,0,True,correct
complement_nb,true_1424,1424,0,real,Zbulohet e vërteta: Ja çfarë pritet të ndodhë më 27 qershor në Shtëpinë e Bardhë,524,long_gt_250,diferencë e log-probabiliteteve,-5.263705604382608,0,True,correct
complement_nb,true_1426,1426,0,real,Hoti i fton liderët e partive në zyrë për t’u koordinuar para udhëtimit në Washington,164,medium_121_250,diferencë e log-probabiliteteve,-6.125750484378273,0,True,correct
complement_nb,true_1432,1432,0,real,Zbulohet substanca që e ul vdekshmërinë e pacientëve me Covid-19,344,long_gt_250,diferencë e log-probabiliteteve,-10.587899391419683,0,True,correct
complement_nb,true_1434,1434,0,real,"Gati për të shijuar pushimet, Elita dhe Gjiko zgjedhin këtë destinacion brenda Shqipërisë",148,medium_121_250,diferencë e log-probabiliteteve,-0.7785806300641411,0,True,correct
complement_nb,true_1441,1441,0,real,A është Nicki Minaj shtatzënë!,107,short_61_120,diferencë e log-probabiliteteve,-2.8747063196967133,0,True,correct
complement_nb,true_1450,1450,0,real,Stërvitja e parë e Valon Berishës te Reims,88,short_61_120,diferencë e log-probabiliteteve,-1.0285646315642794,0,True,correct
complement_nb,true_1451,1451,0,real,"Hoti e Hyseni presin në takim ambasadorët e QUINT-it, flasin për dialogun me Serbinë",218,medium_121_250,diferencë e log-probabiliteteve,-11.147735291213166,0,True,correct
complement_nb,true_1454,1454,0,real,Çavuşoğlu: Ajasofja është çështje e sovranitetit të Turqisë,188,medium_121_250,diferencë e log-probabiliteteve,-9.070766498431112,0,True,correct
complement_nb,true_1461,1461,0,real,"8 të vdekur nga koronavirusi brenda ditës në Kosovë, shkon në 177 numri i përgjithshëm i viktimave",65,short_61_120,diferencë e log-probabiliteteve,-9.494433834837423,0,True,correct
complement_nb,true_1465,1465,0,real,Lëngu i qepës së kuqe/ Kura natyrale për stomakun dhe alergjitë,340,long_gt_250,diferencë e log-probabiliteteve,-2.5272078870345354,0,True,correct
complement_nb,true_1466,1466,0,real,"Bilanci i pandemisë në botë, mbi 16 milionë raste me COVID-19",283,long_gt_250,diferencë e log-probabiliteteve,-13.809000117417781,0,True,correct
complement_nb,true_1473,1473,0,real,"Certifikohen rezultatet zgjedhore, shqiptarët me 32 mandate në Kuvendin e Maqedonisë së Veriut",112,short_61_120,diferencë e log-probabiliteteve,-2.805003632272303,0,True,correct
complement_nb,true_1474,1474,0,real,Turqia reagon kundër djegies së flamurit turk në Greqi,341,long_gt_250,diferencë e log-probabiliteteve,-7.3629756615245014,0,True,correct
complement_nb,true_1475,1475,0,real,Policia izraelite arreston 3 fëmijë palestinezë në Kuds,129,medium_121_250,diferencë e log-probabiliteteve,-5.039353483144282,0,True,correct
complement_nb,true_1484,1484,0,real,Ndihma humanitare botërore e Turqisë përbën 26 për qind në vitin 2019,754,long_gt_250,diferencë e log-probabiliteteve,-9.9531763969145,0,True,correct
complement_nb,true_1488,1488,0,real,Breshka e detit e ndjekur nga shkencëtarët turq përmes satelitit përshkoi 5.500 kilometra për një vit,339,long_gt_250,diferencë e log-probabiliteteve,-5.031829115347932,0,True,correct
complement_nb,true_1492,1492,0,real,Vdes nga koronavirusi një 66-vjeçare në Spitalin e Pejës,203,medium_121_250,diferencë e log-probabiliteteve,-13.523409263681003,0,True,correct
complement_nb,true_1498,1498,0,real,"Isa Mustafa përkrah fuqishëm ndërtimin e Xhamisë, dënon protestën: Të krenohemi që jemi muslimanë",349,long_gt_250,diferencë e log-probabiliteteve,-5.22992241555022,0,True,correct
complement_nb,true_1503,1503,0,real,"Edhe 5 të vdekur nga Covid-19 në Kosovë, numri i përgjithshëm 144",111,short_61_120,diferencë e log-probabiliteteve,-18.15544605587195,0,True,correct
complement_nb,true_1511,1511,0,real,Nisin hetimet ndaj TikTok në Australi,178,medium_121_250,diferencë e log-probabiliteteve,-4.150138680445593,0,True,correct
complement_nb,true_1513,1513,0,real,"“Vrisni një serb e ne do të vrasim 100 myslimanë”, Kurti kujton deklaratën famëkeqe të Vuçiqit",256,long_gt_250,diferencë e log-probabiliteteve,-0.09520753503352353,0,True,correct
complement_nb,true_1519,1519,0,real,Sot pritet fillimi i testimeve serologjike për koronavirus,227,medium_121_250,diferencë e log-probabiliteteve,-11.711234647391166,0,True,correct
complement_nb,true_1531,1531,0,real,"Gjashtë nivelet në të cilat shfaqet koronavirusi, simptomat dhe pacientët më të rrezikuar",422,long_gt_250,diferencë e log-probabiliteteve,-7.095152325497736,0,True,correct
complement_nb,true_1533,1533,0,real,Apeli i IKSHPK-së: Mbani maskat dhe distancën fizike,399,long_gt_250,diferencë e log-probabiliteteve,-16.654436043286296,0,True,correct
complement_nb,true_1538,1538,0,real,Vdes gjyqtari Shashivar Hoti,115,short_61_120,diferencë e log-probabiliteteve,-5.6911324570700685,0,True,correct
complement_nb,true_1542,1542,0,real,Shënohen edhe dy vdekje nga Covid-19 në Kosovë,177,medium_121_250,diferencë e log-probabiliteteve,-8.320663405801781,0,True,correct
complement_nb,true_1544,1544,0,real,Kur pritet t’u mundësohet qytetarëve tërheqja e parave nga Trusti?,209,medium_121_250,diferencë e log-probabiliteteve,-9.164385652538328,0,True,correct
complement_nb,true_1545,1545,0,real,​Apeli i IKSHPK-së: Vazhdoni të mbani distancën fizike dhe maskat,441,long_gt_250,diferencë e log-probabiliteteve,-15.83200852347818,0,True,correct
complement_nb,true_1547,1547,0,real,"Hoti deklarohet pas takimit me Vuçiq: Kemi bërë progres, besojmë në partnerët ndërkombëtarë",172,medium_121_250,diferencë e log-probabiliteteve,-7.931309530419583,0,True,correct
complement_nb,true_1551,1551,0,real,Kurti: Me qeverinë koti kriminelët dolën nga skutat,408,long_gt_250,diferencë e log-probabiliteteve,-8.408678381775303,0,True,correct
complement_nb,true_1552,1552,0,real,"Specialja e nis intervistimin, Presidenti nuk deklarohet për media",203,medium_121_250,diferencë e log-probabiliteteve,-1.3284151533659383,0,True,correct
complement_nb,true_1556,1556,0,real,"Shqipëri, vazhdon rritja e rasteve me koronavirus",137,medium_121_250,diferencë e log-probabiliteteve,-16.704298479802787,0,True,correct
complement_nb,true_1557,1557,0,real,Maqedoni: Shqiptarët me 32 deputetë në Parlamentin,211,medium_121_250,diferencë e log-probabiliteteve,-3.5738747899887926,0,True,correct
complement_nb,true_1563,1563,0,real,Kosova e para në Evropë për raste të reja me COVID-19 në dy javët e fundit,214,medium_121_250,diferencë e log-probabiliteteve,-10.021219289275166,0,True,correct
complement_nb,true_1564,1564,0,real,"Fillon ndërtimi i Xhamisë së Madhe në Prishtinë, Tërnava uron besimtarët",107,short_61_120,diferencë e log-probabiliteteve,-3.643616610996048,0,True,correct
complement_nb,true_1567,1567,0,real,"Policia mas 2 muajsh hetime zbulon 20 kg marihuanë, në pranga 5 persona",301,long_gt_250,diferencë e log-probabiliteteve,-10.471121001496442,0,True,correct
complement_nb,true_1568,1568,0,real,Vaksina kundër COVID-19 e testuar tek njerëzit tregon shenja të hershme të suksesit,277,long_gt_250,diferencë e log-probabiliteteve,-9.86989345107645,0,True,correct
complement_nb,true_1569,1569,0,real,Dita e tretë e intervistimit të presidentit Thaçi në Hagë,163,medium_121_250,diferencë e log-probabiliteteve,0.23188923504267223,1,False,false_positive
complement_nb,true_1574,1574,0,real,Në SHSKUK po trajtohen 268 pacientë me Covid-19,154,medium_121_250,diferencë e log-probabiliteteve,-15.074406554617724,0,True,correct
complement_nb,true_1593,1593,0,real,Fillon seanca e Kuvendit ku kryeministri Hoti do të raportojë para takimit të Uashingtonit,221,medium_121_250,diferencë e log-probabiliteteve,-10.261589570910644,0,True,correct
complement_nb,true_1594,1594,0,real,"Shqipëri, një i vdekur dhe 53 raste të reja me COVID-19",169,medium_121_250,diferencë e log-probabiliteteve,-16.75666973491724,0,True,correct
complement_nb,true_1601,1601,0,real,Messi i gatshëm për ndeshjen e sotme ndaj Mallorcas,128,medium_121_250,diferencë e log-probabiliteteve,-4.428817481483293,0,True,correct
complement_nb,true_1606,1606,0,real,Isa Mustafa: Atakimi i familjes së Vjosa Osmanit është neveritës,162,medium_121_250,diferencë e log-probabiliteteve,-2.4310207937403447,0,True,correct
complement_nb,true_1609,1609,0,real,Thaçi reagon pas votimit të qeverisë: Ditë e rëndësishme për demokracinë,156,medium_121_250,diferencë e log-probabiliteteve,-4.727234179817287,0,True,correct
complement_nb,true_1610,1610,0,real,Kuvendi votoi Qeverinë Hoti,44,very_short_le_60,diferencë e log-probabiliteteve,-4.374036628129829,0,True,correct
complement_nb,true_1611,1611,0,real,Wuhan-i “kryen me sukses” testimin e popullsisë për koronavirus,147,medium_121_250,diferencë e log-probabiliteteve,-8.358564192083918,0,True,correct
complement_nb,true_1613,1613,0,real,​Kryesia e Kuvendit sot vendos datën e seancës për votimin e Qeverisë Hoti,108,short_61_120,diferencë e log-probabiliteteve,-5.9869679006193905,0,True,correct
complement_nb,true_1616,1616,0,real,Një i prekur me koronavirus në Infektivë në gjendje të rëndë,105,short_61_120,diferencë e log-probabiliteteve,-9.683777706513979,0,True,correct
complement_nb,true_1619,1619,0,real,"Mbi 2,3 milionë të shëruar nga COVID-19 në mbarë botën",109,short_61_120,diferencë e log-probabiliteteve,-10.252920525182503,0,True,correct
complement_nb,true_1622,1622,0,real,Mbi 12 mijë teste për COVID-19 në Kosovë,102,short_61_120,diferencë e log-probabiliteteve,-17.79553434231599,0,True,correct
complement_nb,true_1624,1624,0,real,Klopp thotë se Liverpooli do të jetë i gatshëm për rikthimin e lojës së bukur,223,medium_121_250,diferencë e log-probabiliteteve,-6.522532808548135,0,True,correct
complement_nb,true_1625,1625,0,real,"Britani, qentë do të trajnohen për të diagnostikuar personat me COVID-19",269,long_gt_250,diferencë e log-probabiliteteve,-10.130073290970529,0,True,correct
complement_nb,true_1641,1641,0,real,​17 milionë raste me COVID-19 në botë,100,short_61_120,diferencë e log-probabiliteteve,-9.989563594031893,0,True,correct
complement_nb,true_1647,1647,0,real,Sekuestrohen mbi 40 armë në një operacion në Prishtinë,139,medium_121_250,diferencë e log-probabiliteteve,-10.6802058820154,0,True,correct
complement_nb,true_1648,1648,0,real,Qeveria nuk u konsultua me KOK-un për ndalimin e aktiviteteve sportive,518,long_gt_250,diferencë e log-probabiliteteve,-11.725811996405923,0,True,correct
complement_nb,true_1653,1653,0,real,​Veliu thotë se VV-ja pati tendenca që të pamundësohet raportimi në Komision,279,long_gt_250,diferencë e log-probabiliteteve,-9.404493844170247,0,True,correct
complement_nb,true_1655,1655,0,real,Janë bërë të ditura nominimet e shpërblimeve “Emmy”,304,long_gt_250,diferencë e log-probabiliteteve,-6.718953892348964,0,True,correct
complement_nb,true_1659,1659,0,real,Numër i vogël në pelegrinazhin e sivjetmë në Haxh,238,medium_121_250,diferencë e log-probabiliteteve,-12.2184120487305,0,True,correct
complement_nb,true_1660,1660,0,real,Finalja e Kupës – për një fund me dinjitet të edicionit të vështirë,716,long_gt_250,diferencë e log-probabiliteteve,-10.523621815093293,0,True,correct
complement_nb,true_1665,1665,0,real,Partitë shqiptare në Mal të Zi garojnë të ndara në zgjedhjet parlamentare,267,long_gt_250,diferencë e log-probabiliteteve,-4.566208688709025,0,True,correct
complement_nb,true_1667,1667,0,real,Mbretëria e Bashkuar largon Spanjën nga lista e udhëtimeve,189,medium_121_250,diferencë e log-probabiliteteve,-8.21524417423683,0,True,correct
complement_nb,true_1674,1674,0,real,Ish-ministri i Shëndetësisë: E pafalshme që kjo situatë abnormale të trajtohet si normale nga Qeveria,316,long_gt_250,diferencë e log-probabiliteteve,-11.640462873886122,0,True,correct
complement_nb,true_1675,1675,0,real,Leron Kurteshi sjell stilin urban në muzikë,135,medium_121_250,diferencë e log-probabiliteteve,-5.676211766731797,0,True,correct
complement_nb,true_1676,1676,0,real,Zvicra njofton për 132 raste të reja me COVID-19 e tre të vdekur,118,short_61_120,diferencë e log-probabiliteteve,-12.914036933218426,0,True,correct
complement_nb,true_1687,1687,0,real,Me rigon kundër infeksioneve dhe problemeve me fytin,307,long_gt_250,diferencë e log-probabiliteteve,-3.0402030550947075,0,True,correct
complement_nb,true_1692,1692,0,real,"Bazeli, vendi ku lindi shkenca e halucinacioneve",569,long_gt_250,diferencë e log-probabiliteteve,-4.118164411052362,0,True,correct
complement_nb,true_1697,1697,0,real,"Katër gola në dy ndeshje, Ademi tregon sekretin e kthimit në formë",220,medium_121_250,diferencë e log-probabiliteteve,-4.903255257251885,0,True,correct
complement_nb,true_1698,1698,0,real,Rreth 200 shtretër kanë mbetur në dispozicion për trajtim të pacientëve me COVID-19,226,medium_121_250,diferencë e log-probabiliteteve,-15.58698825510254,0,True,correct
complement_nb,true_1700,1700,0,real,Këshilltari kryesor i Trumpit del pozitiv në COVID-19,115,short_61_120,diferencë e log-probabiliteteve,-7.6853881000533875,0,True,correct
complement_nb,true_1711,1711,0,real,Grupi “3 Doors Down” do ta lansojë këngën e parë në pesë vjetët e fundit,345,long_gt_250,diferencë e log-probabiliteteve,-4.9989225749005755,0,True,correct
complement_nb,true_1714,1714,0,real,Konfiskime të armëve në ahengje,145,medium_121_250,diferencë e log-probabiliteteve,-12.034151302217538,0,True,correct
complement_nb,true_1720,1720,0,real,Java e fundit e korrikut me mot të nxehtë,148,medium_121_250,diferencë e log-probabiliteteve,-13.890557658256228,0,True,correct
complement_nb,true_1729,1729,0,real,Në Fushë-Kosovë dyshohet se djali vrau babanë,174,medium_121_250,diferencë e log-probabiliteteve,-9.958458858541633,0,True,correct
complement_nb,true_1730,1730,0,real,Simptomat e COVID-19 ndahen në gjashtë grupe sipas një studimi,401,long_gt_250,diferencë e log-probabiliteteve,-9.15557777338438,0,True,correct
complement_nb,true_1732,1732,0,real,​Ekzekutohen pagesat e pakos emergjente për masën 3a për 7241 përfitues,83,short_61_120,diferencë e log-probabiliteteve,-11.154866440184833,0,True,correct
complement_nb,true_1737,1737,0,real,"Buxhovi: LDK-së i duhen reforma, Osmani duhet të qëndrojë",2091,long_gt_250,diferencë e log-probabiliteteve,-6.55325937660416,0,True,correct
complement_nb,true_1738,1738,0,real,Shpërblehen sekretarët që ia punësuan renë Mustafës dhe dhëndrin Limajt,302,long_gt_250,diferencë e log-probabiliteteve,-7.158348258850083,0,True,correct
complement_nb,true_1740,1740,0,real,Konsiderohet e dëmshme rizgjedhja e Thaçit edhe për një mandat,179,medium_121_250,diferencë e log-probabiliteteve,-3.1903611521882453,0,True,correct
complement_nb,true_1742,1742,0,real,"Vuçiqi takohet me Lajçakun, pranon se temat janë të dhimbshme dhe se kompromisi nuk është i lehtë",339,long_gt_250,diferencë e log-probabiliteteve,-8.105346275270335,0,True,correct
complement_nb,true_1746,1746,0,real,Haradinaj ia kishte ndarë Mustafës mbi 24 mijë euro në emër të pagës retroaktive,340,long_gt_250,diferencë e log-probabiliteteve,-4.763907477743032,0,True,correct
complement_nb,true_1755,1755,0,real,Tayna u ndërton shtëpi të re prindërve të saj,188,medium_121_250,diferencë e log-probabiliteteve,-2.752789471416804,0,True,correct
complement_nb,true_1757,1757,0,real,Qeveria mbulon shpenzimet e Kartonit të Gjelbër për bashkatdhetarët deri në fund të këtij viti,268,long_gt_250,diferencë e log-probabiliteteve,-8.840633865949712,0,True,correct
complement_nb,true_1767,1767,0,real,"Hoti: Kemi hyrë në valën e dytë të pandemisë COVID-19, të aktivizohet Plani i reagimit kombëtar",263,long_gt_250,diferencë e log-probabiliteteve,-12.308181907376479,0,True,correct
complement_nb,true_1768,1768,0,real,Qeveria ndan nga 300 euro për mantelbardhët,118,short_61_120,diferencë e log-probabiliteteve,-11.351741004229098,0,True,correct
complement_nb,true_1783,1783,0,real,"Khabib – Gaethje, caktohet përfundimisht data për meçin e zjarrtë",123,medium_121_250,diferencë e log-probabiliteteve,-6.1545856453419105,0,True,correct
complement_nb,true_1785,1785,0,real,"​Ndalohen të gjitha veprimtaritë fetare, nuk lejohet as therja e kafshëve në shtëpi",161,medium_121_250,diferencë e log-probabiliteteve,-6.060247916819094,0,True,correct
complement_nb,true_1790,1790,0,real,Gazmend Gjyshinca: Kujtim Shala dhe Arben Gashi më ngrehen nga krahu dhe më thanë budalla,352,long_gt_250,diferencë e log-probabiliteteve,-12.130307271751917,0,True,correct
complement_nb,true_1795,1795,0,real,Fauci thotë se përgjigja mbi vaksinën për COVID-19 mund të vijë në ‘tetor ose nëntor’,245,medium_121_250,diferencë e log-probabiliteteve,-7.588796258699915,0,True,correct
complement_nb,true_1799,1799,0,real,Një grua në TikTok ndau një truk që ndihmon për gjetjen e xhinseve të duhura,234,medium_121_250,diferencë e log-probabiliteteve,-3.071622672926253,0,True,correct
complement_nb,true_1804,1804,0,real,"Lëvoret e shalqirit, të mbushura me produkte ushqyese",219,medium_121_250,diferencë e log-probabiliteteve,-3.6191086696160255,0,True,correct
complement_nb,true_1811,1811,0,real,Deputetja Eliza Hoxha rrëfen përvojën dhe betejën me COVID-19,657,long_gt_250,diferencë e log-probabiliteteve,-8.7660442624898,0,True,correct
complement_nb,true_1814,1814,0,real,Ish-lojtari i Ballkanit ndërron jetë nga COVID-19,156,medium_121_250,diferencë e log-probabiliteteve,-10.862831152320382,0,True,correct
complement_nb,true_1815,1815,0,real,"Qeveria me masa të reja për kopshtet, gastronominë e fusha tjera",130,medium_121_250,diferencë e log-probabiliteteve,-9.692053633403475,0,True,correct
complement_nb,true_1819,1819,0,real,"Shkretëtira shndërrohet në varrezë, skena rrëqethëse nga Iraku",220,medium_121_250,diferencë e log-probabiliteteve,-7.536647791479766,0,True,correct
complement_nb,true_1820,1820,0,real,"Ka filluar të mbahet gara robotikës “First Global Challenge”, Kosova kryeson në listë",163,medium_121_250,diferencë e log-probabiliteteve,-3.777707116498277,0,True,correct
complement_nb,true_1826,1826,0,real,Si lindi sfondi më i famshëm kompjuterik i të gjitha kohërave – dhe ja si duket tani vendi ku u bë fotografia,421,long_gt_250,diferencë e log-probabiliteteve,-4.413694306468983,0,True,correct
complement_nb,true_1832,1832,0,real,"Kina raporton numrin më të madh të rasteve me coronavirus, që nga fundi i shpërthimit të Wuhan",170,medium_121_250,diferencë e log-probabiliteteve,-9.052720000704312,0,True,correct
complement_nb,true_1834,1834,0,real,"Gastronomët ia ‘dorëzojnë çelësat’ Qeverisë së Kosovës, kërkojnë përkrahje institucionale",170,medium_121_250,diferencë e log-probabiliteteve,-11.382350233550312,0,True,correct
complement_nb,true_1839,1839,0,real,Horoskopi javor për periudhën nga 27 korrik – 03 gusht,1619,long_gt_250,diferencë e log-probabiliteteve,-7.809825852322319,0,True,correct
complement_nb,true_1848,1848,0,real,Mustafa: Dialogu është krejtësisht politik dhe rezulton me marrëveshje politike ndërshtetërore për njohje reciproke,255,long_gt_250,diferencë e log-probabiliteteve,-9.854638195267796,0,True,correct
complement_nb,true_1853,1853,0,real,Sabri Fejzullahu përkujton veprimtarin Adem Demaçi në dyvjetorin e vdekjes së tij,141,medium_121_250,diferencë e log-probabiliteteve,-3.9854961562813287,0,True,correct
complement_nb,true_1861,1861,0,real,A mund të vetëkallet më lehtë vetura që ka aparat klime?,202,medium_121_250,diferencë e log-probabiliteteve,-6.080501034025474,0,True,correct
complement_nb,true_1873,1873,0,real,DailyMail shkruan për nënën e Rita Orës: 56-vjeçarja Vera që rrëmben vëmendjen me paraqitjet e saj me bikini në plazh,245,medium_121_250,diferencë e log-probabiliteteve,-4.962727718312749,0,True,correct
complement_nb,true_1874,1874,0,real,FSK blen automjete të blinduara nga Ushtria amerikane,92,short_61_120,diferencë e log-probabiliteteve,-5.649710920355346,0,True,correct
complement_nb,true_1885,1885,0,real,Çaji i zakonshëm i nenexhikut – Ilaç universal i gjyshes që vërtet është i fuqishëm!,588,long_gt_250,diferencë e log-probabiliteteve,-2.5552588604673474,0,True,correct
complement_nb,true_1894,1894,0,real,Në Spitalin e Pejës dje ka vdekur një pacient me COVID-19,137,medium_121_250,diferencë e log-probabiliteteve,-16.509656555030404,0,True,correct
complement_nb,true_1898,1898,0,real,Djersitja është dukuri shumë më e ndërlikuar seç mendoni,695,long_gt_250,diferencë e log-probabiliteteve,-6.742670039125301,0,True,correct
complement_nb,true_1904,1904,0,real,Këto vende ishin model i suksesit në luftën ndaj coronavirusit – por nuk janë më!,917,long_gt_250,diferencë e log-probabiliteteve,-13.953156017977904,0,True,correct
complement_nb,true_1906,1906,0,real,"Fansi e quajti lojtar ‘shumë të mbivlerësuar’, Toni Kross i përgjigjet në mënyrë epike",281,long_gt_250,diferencë e log-probabiliteteve,-6.691780807665737,0,True,correct
complement_nb,true_1912,1912,0,real,Rastet e reja me coronavirus – 91 vetëm në Prishtinë,284,long_gt_250,diferencë e log-probabiliteteve,-16.84526667329709,0,True,correct
complement_nb,true_1913,1913,0,real,Rita Ora në lidhje serioze me Roman Gavras,133,medium_121_250,diferencë e log-probabiliteteve,-1.6461555055158783,0,True,correct
complement_nb,true_1917,1917,0,real,"Dua Lipa në frymë patriotike, publikon flamurin ‘Autochthonous’ dhe kuptimin e fjalës",157,medium_121_250,diferencë e log-probabiliteteve,-4.2325060011556275,0,True,correct
complement_nb,true_1920,1920,0,real,LVV reagon pas akuzave të PDK-së për Telekomin: Sejdi Hoxha i ka kushtuar Postës mbi 50 mijë euro për dy vite,385,long_gt_250,diferencë e log-probabiliteteve,-7.016505469144477,0,True,correct
complement_nb,true_1923,1923,0,real,"Shpërndau lajmin se ka vdekur Isa Mustafa, policia arreston të dyshuarin",149,medium_121_250,diferencë e log-probabiliteteve,-9.047055851552386,0,True,correct
complement_nb,true_1925,1925,0,real,Florentino Perez thotë se Benzema duhet ta fitojë Topin e Artë këtë vit,177,medium_121_250,diferencë e log-probabiliteteve,-5.226102760005176,0,True,correct
complement_nb,true_1928,1928,0,real,Përfundon takimi Hoti-Vuçiq në Bruksel,364,long_gt_250,diferencë e log-probabiliteteve,-9.40010875351743,0,True,correct
complement_nb,true_1931,1931,0,real,Magjia verore në ETC vjen me zbritje deri në 50%,292,long_gt_250,diferencë e log-probabiliteteve,-1.674417701373784,0,True,correct
complement_nb,true_1932,1932,0,real,Nipi i Elvis Presleyt është emri më i ri që i bashkohet listës së yjeve që nuk iu shmangën mallkimit të “Klubit 27”,435,long_gt_250,diferencë e log-probabiliteteve,-5.765036726284734,0,True,correct
complement_nb,true_1933,1933,0,real,Haradinaj: Aktakuzat ndaj Thaçit dhe Veselit janë goditje ndaj lirisë së Kosovës,431,long_gt_250,diferencë e log-probabiliteteve,-2.756192368754796,0,True,correct
complement_nb,true_1935,1935,0,real,Haradinaj: Nëse konfirmohen akuzat ndaj Thaçit e Veselit Kosova rrezikon të dëmtohet rëndë,155,medium_121_250,diferencë e log-probabiliteteve,2.7328631692042222,1,False,false_positive
complement_nb,true_1938,1938,0,real,"Kjo është sasia e mjaftueshme e ujit, të cilin duhet ta konsumojmë për të qenë të shëndetshëm",428,long_gt_250,diferencë e log-probabiliteteve,-4.055734194115303,0,True,correct
complement_nb,true_1939,1939,0,real,Kendall Jenner vë në pah të pasmet në imazhet e fundit me të brendshme,153,medium_121_250,diferencë e log-probabiliteteve,-5.445431301791871,0,True,correct
complement_nb,true_1951,1951,0,real,Jakupi: Edhe Kosova do të bëjë përpjekje për të siguruar disa doza të ilaçit që trajton pacientët me COVID-19,212,medium_121_250,diferencë e log-probabiliteteve,-8.54849294164643,0,True,correct
complement_nb,true_1960,1960,0,real,Ledri Vula rrëfen historinë me Sara Hoxhën dhe planet për t’u bërë baba,305,long_gt_250,diferencë e log-probabiliteteve,-3.8698792715099444,0,True,correct
complement_nb,true_1963,1963,0,real,Sadio Mane mezi ka pritur të rifillojë Liga Premier – senegalezi harroi se duhet gjunjëzuar në shenjë nderimi për “Black Lives Matter”,170,medium_121_250,diferencë e log-probabiliteteve,-8.200207384574924,0,True,correct
complement_nb,true_1966,1966,0,real,Viola von Cramon shpreson se kosovarëve do t’iu hiqen vizat kur Gjermania ta marrë Presidencën,205,medium_121_250,diferencë e log-probabiliteteve,1.017128190144092,1,False,false_positive
complement_nb,true_1967,1967,0,real,Vuçiq: Nga Lavrovi pranova informata shqetësuese për çështjen e Kosovës,142,medium_121_250,diferencë e log-probabiliteteve,-5.106712475548477,0,True,correct
complement_nb,true_1979,1979,0,real,WhatsApp do t’ju lejojë të përdorni të njëjtën llogari deri në katër pajisje,92,short_61_120,diferencë e log-probabiliteteve,-5.6347118678868355,0,True,correct
complement_nb,true_1982,1982,0,real,"Labinot Tahiri reagon i revoltuar: Kjo është një gënjeshtër, le të më dërgojnë në burg mua dhe gjithë estradën",216,medium_121_250,diferencë e log-probabiliteteve,-3.249775528281873,0,True,correct
complement_nb,true_1988,1988,0,real,Konjufca: Mustafa përsëri do t’ia bëjë votat Thaçit për president,217,medium_121_250,diferencë e log-probabiliteteve,0.7925824756210886,1,False,false_positive
complement_nb,true_1991,1991,0,real,"Kylie Jenner etiketohet si raciste, kryqëzohet nga fansat pasi vetëm 13 për qind e punonjësve në markën e saj janë njerëz me ngjyrë",272,long_gt_250,diferencë e log-probabiliteteve,-5.802539608075335,0,True,correct
complement_nb,fake_24,24,1,fake,"Askush Nuk Po E Besonte Që Kjo Ka’fshë Është Në Këtë Vend, Banorët Janë Mbledhur Dhe… VIDEO",66,short_61_120,diferencë e log-probabiliteteve,12.953970863425752,1,True,correct
complement_nb,fake_30,30,1,fake,Vallëzimi I Nuses Në Dasmën E Saj Po Mahnitë Të Gjithë Në Rrjetet Sociale,72,short_61_120,diferencë e log-probabiliteteve,4.3791644780328625,1,True,correct
complement_nb,fake_31,31,1,fake,"Babai Merr Dy Ditë Leje Për Lindjen E Fëmijes, Kur Papritur I Vjen Nje Mesazh Nga Shefi I Tij Që E Lë Pa M,End",112,short_61_120,diferencë e log-probabiliteteve,4.586033125353708,1,True,correct
complement_nb,fake_33,33,1,fake,Njihuni Me Shqiptarën E Parë Që U Bë Milionere Me Bitcoin (FOTO),213,medium_121_250,diferencë e log-probabiliteteve,2.5014935739206408,1,True,correct
complement_nb,fake_45,45,1,fake,"Nisi Procesi Për Punë Sezonale Në Itali, Ja Sa Shqiptarë Mund Të Përfitojnë Punë Bashkë Me Leje Qëndrimi",78,short_61_120,diferencë e log-probabiliteteve,-2.6070432505708254,0,False,false_negative
complement_nb,fake_46,46,1,fake,"Rasti i rralle qe emocjonoi gjithe boten,i biri pa duar ushqen nenen e paralizuar (Video)",107,short_61_120,diferencë e log-probabiliteteve,9.710210162872897,1,True,correct
complement_nb,fake_50,50,1,fake,EKSLUZIVE:Rasheli Tregon Pa Dorashka Arsyen Pse U Largua Nga Ermali “Ai Me Ngacmonte Dhe …”,94,short_61_120,diferencë e log-probabiliteteve,12.926927249287473,1,True,correct
complement_nb,fake_57,57,1,fake,Soda Del Jasht “Loje” Ky Eshte Perberesi I Cili Do Te Sheroj Lukthin Tuaj Ne Vetem Pak Dite,188,medium_121_250,diferencë e log-probabiliteteve,-0.6274207710915789,0,False,false_negative
complement_nb,fake_60,60,1,fake,"Po na përlot me rolin e saj! Flet Ejlyli, tregon të pathënat e jetës së saj: U bëra…",99,short_61_120,diferencë e log-probabiliteteve,7.291273528072395,1,True,correct
complement_nb,fake_64,64,1,fake,"Mbani Lotët! Vajza E Zbulon Pak Para Dasmës Që I Fejuari Ia Kishte Dredhur, Më Pas Ia Bën…",75,short_61_120,diferencë e log-probabiliteteve,11.93207537972063,1,True,correct
complement_nb,fake_66,66,1,fake,Gazetarja E Njohur Rrëfen Ëndrrën Me Edi Ramën Gjatë Karantinës: Më Ka… (Video),107,short_61_120,diferencë e log-probabiliteteve,9.445389656449322,1,True,correct
complement_nb,fake_68,68,1,fake,"Ata Duheshin Shumë, Por Babai I Saj Nuk Ja Jepte Për Grua Edhe Pse Ajo Mbeti Shtatëzanë. Ajo Që Ndodhi 56 Vite Më Vonë Do T’ju Përlotë…",121,medium_121_250,diferencë e log-probabiliteteve,8.707950232542203,1,True,correct
complement_nb,fake_70,70,1,fake,"BE Përshëndet Miratimin E ‘5 Qershorit’, Apeli I Sorecës: Mos Dëmtoni Frymën E Reformës Zgjedhore",93,short_61_120,diferencë e log-probabiliteteve,2.5469475096579117,1,True,correct
complement_nb,fake_71,71,1,fake,"“T Ërmeti I Madh Do Ndryshojë Tokën, Kontinentet Do Ndahen Përgjysmë”, A Larmi I Shkencëtarit",118,short_61_120,diferencë e log-probabiliteteve,7.412371390043802,1,True,correct
complement_nb,fake_74,74,1,fake,"Gezim I Madh Ne Familjen E Shkurte Fejzes, Ja Qfare Ndodhi ..",90,short_61_120,diferencë e log-probabiliteteve,8.620482002578797,1,True,correct
complement_nb,fake_77,77,1,fake,Kush Është Kjo Gruaja Që Sot Protestoi Dhe Tha:Do Ta Tuboj Popullaten Nuk Ka Ndërtim Të Xhamisë,120,short_61_120,diferencë e log-probabiliteteve,12.35628381493018,1,True,correct
complement_nb,fake_79,79,1,fake,"Plas Sh Erri Brenda Familjes Miliardere, Motra Urdhëron “Vr Ásjen” E Të Vëllait",132,medium_121_250,diferencë e log-probabiliteteve,13.55801471614518,1,True,correct
complement_nb,fake_100,100,1,fake,Bëhet Baba Në Moshën 92-Vjeçare Dhe Ai Deshiron Qe Ta…,75,short_61_120,diferencë e log-probabiliteteve,7.637765142738715,1,True,correct
complement_nb,fake_101,101,1,fake,"Nuk Është Parë As Dëgjuar Ndonjëherë, Nëna Lind Fëmijën Dhe Pas 2 Ditësh Merr Lajmin Që Nuk E Priste Kurrë",163,medium_121_250,diferencë e log-probabiliteteve,0.716101641093303,1,True,correct
complement_nb,fake_112,112,1,fake,"Ekskluzive: Shitet urgjent Golf 5, Çmimi 2600 Euro, pres blers serioz (Foto/Video)",90,short_61_120,diferencë e log-probabiliteteve,15.704886580358277,1,True,correct
complement_nb,fake_116,116,1,fake,"Para Me Thasë, SHTETl Ku Paraja Nuk Ka Asnjë VIerë",96,short_61_120,diferencë e log-probabiliteteve,8.110871694293735,1,True,correct
complement_nb,fake_121,121,1,fake,"Rasti i rralle qe emocjonoi gjithe boten,i biri pa duar ushqen nenen e paralizuar (Video)",109,short_61_120,diferencë e log-probabiliteteve,10.189957919420863,1,True,correct
complement_nb,fake_124,124,1,fake,"Flet Nga SHBA Mjeku Per Shqiperine: Vjeshta Do Jete E Tm.Errshme, Ja Çdo Të Ndodhë",95,short_61_120,diferencë e log-probabiliteteve,16.607816508591497,1,True,correct
complement_nb,fake_125,125,1,fake,"U Nda Nga Eros Grezda/ Oriola Marashi E Zevendeson Menjehere, Me Ke Po I Kalon Pushimet Bukuroshja",100,short_61_120,diferencë e log-probabiliteteve,16.36318968171679,1,True,correct
complement_nb,fake_129,129,1,fake,"Kapi Peshkun, Por Burri U Sho Kua Nga Ajo Se Çfarë I Gjeti Në Stomak",155,medium_121_250,diferencë e log-probabiliteteve,12.754607274357511,1,True,correct
complement_nb,fake_136,136,1,fake,Si të bëheni milioner për 2020-ën/ 6 tradita për të sjellë fatin e mirë për Vitin e Ri (FOTO),85,short_61_120,diferencë e log-probabiliteteve,2.7221718400676878,1,True,correct
complement_nb,fake_163,163,1,fake,"E fundit! Shtrohet ne spital nga koronavirusi biznesmeni dhe deputeti i PS-së,",87,short_61_120,diferencë e log-probabiliteteve,5.592420488801281,1,True,correct
complement_nb,fake_164,164,1,fake,Vetëm 11 Ditësh Dhe Me Dhëmbë? ‘Zbulohet’ E Vërteta E Videos Që Po ‘Çmend’ Rrjetin (Video),73,short_61_120,diferencë e log-probabiliteteve,14.93974504064758,1,True,correct
complement_nb,fake_169,169,1,fake,Përse Nuk Duhet Të Kaloni Natën Pranë Varrezave…,98,short_61_120,diferencë e log-probabiliteteve,11.271798986275655,1,True,correct
complement_nb,fake_174,174,1,fake,"E FUNDIT:Publikohen Pamjet EKSLUZIVE Endrit Thaçi, Djali I Presidenti Blen Veturë 35 Mijë Euro Populli Ska Buk Me Honger",97,short_61_120,diferencë e log-probabiliteteve,19.525257189831336,1,True,correct
complement_nb,fake_176,176,1,fake,"TURP!! 3 mijë euro për një nuse, si i shiten vajzat Shqiptarëve burrave Serbë",107,short_61_120,diferencë e log-probabiliteteve,11.639434044713369,1,True,correct
complement_nb,fake_186,186,1,fake,"LAJMI I FUNDIT: Gjërat ”rrotulluan” krejtësisht, prishet ”loja” LDK-VV – Kush e bëri këtë?",76,short_61_120,diferencë e log-probabiliteteve,11.153179702239981,1,True,correct
complement_nb,fake_189,189,1,fake,Super lajm nga Zvicra – Shqiptarja lind gjashtënjakë por do te Çmendeni se Çfarë i ofroj shteti,114,short_61_120,diferencë e log-probabiliteteve,7.144723464665844,1,True,correct
complement_nb,fake_195,195,1,fake,Shitet Iphone X cmimi vetem 200 euro nxito sasi e limituar,66,short_61_120,diferencë e log-probabiliteteve,9.204567547693614,1,True,correct
complement_nb,fake_197,197,1,fake,"Ka 3 adresa Facebook-u per tu shkruar te dashurave, gruaja i nxjerr ‘bojën’ burrit! Por Ardit Gjebrea i ben ate qe nuk e priste",95,short_61_120,diferencë e log-probabiliteteve,10.730749511062527,1,True,correct
complement_nb,fake_204,204,1,fake,"Është Vetëm 8-Muajshe, Por Ka Diçka Të Veçantë Që Askush Nuk E Beson Se Është Ajo",98,short_61_120,diferencë e log-probabiliteteve,8.65453865202096,1,True,correct
complement_nb,fake_211,211,1,fake,Kos apo qumësht? Ky është ideali për mëngjes dhe do jeni me energji gjithë ditën,71,short_61_120,diferencë e log-probabiliteteve,5.019278992070269,1,True,correct
complement_nb,fake_212,212,1,fake,"Babai i saj trim u nda nga jeta 22 vite më parë, këngëtarja shqiptare të prek në shpirt me fjalët",118,short_61_120,diferencë e log-probabiliteteve,6.259593787830227,1,True,correct
complement_nb,fake_213,213,1,fake,"Mjellma ng.ordh nga “ze mra e th.yèr”, adoIeshentët i th.yen vezèt e saj me tuIIa",142,medium_121_250,diferencë e log-probabiliteteve,6.3502850381389635,1,True,correct
complement_nb,fake_219,219,1,fake,"VIDEO EKSLUZIVE:Kevina Kthella Ngre Temperaturat, Shëtit Me Mbathje Në Rrugë Pa Komplekse Dhe Cmend Te Rinjte Dhe Pleqtë",94,short_61_120,diferencë e log-probabiliteteve,8.293309848643162,1,True,correct
complement_nb,fake_221,221,1,fake,Shikojeni me çfarë deklarate vjen tani Naim Abazi për Mihrijën! (PAMJE),82,short_61_120,diferencë e log-probabiliteteve,3.656766377025633,1,True,correct
complement_nb,fake_232,232,1,fake,"Koronavirusi/ “Kjo situatë mund të zgjasë deri në 3 vjet”, kryeministri Rama “befason” që të gjithë",150,medium_121_250,diferencë e log-probabiliteteve,2.3572355472267645,1,True,correct
complement_nb,fake_234,234,1,fake,"Anulohen dasmat e muajit gusht, ja çfarë do ndodhë me dasmat !?",156,medium_121_250,diferencë e log-probabiliteteve,-1.2651383094573703,0,False,false_negative
complement_nb,fake_238,238,1,fake,"Dëgjonte zhurma në tavan, por aty sipër gjen një “thesar” të vërtetë (FOTO)",79,short_61_120,diferencë e log-probabiliteteve,2.186561849090367,1,True,correct
complement_nb,fake_240,240,1,fake,E kush nuk e njeh kete lule? Ajo sheron sem undje qe ju as qe i coni neper mend,84,short_61_120,diferencë e log-probabiliteteve,2.1147648103174106,1,True,correct
complement_nb,fake_248,248,1,fake,"Këngëtarja Shqiptare Merr Masa Për Pastërti, Fut Nën Ujë Edhe Celularin!",92,short_61_120,diferencë e log-probabiliteteve,4.22233466491474,1,True,correct
complement_nb,fake_252,252,1,fake,Nxirrni jargë teksa flini ? Kjo shenjë tregon që ju vuani nga një sëm undje e cila prek…(VIDEO),189,medium_121_250,diferencë e log-probabiliteteve,5.043413672189843,1,True,correct
complement_nb,fake_255,255,1,fake,KUJDES: Këtë Vendim Të Policisë Së Kosovës Duhet Ta Dini Të Gjithë!,105,short_61_120,diferencë e log-probabiliteteve,0.22733970786640612,1,True,correct
complement_nb,fake_257,257,1,fake,Nga Ilaçet Te Recetat Në Shtëpi: Si Mund Të Trajtohet Humbja E Nuhatjes,87,short_61_120,diferencë e log-probabiliteteve,4.163216107341782,1,True,correct
complement_nb,fake_262,262,1,fake,Do u rrëqethet mishi nga kjo histori! Kjo shqiptare u martua në moshën 15-vjeçare e humbi 7 fëmijë: Jam..,106,short_61_120,diferencë e log-probabiliteteve,9.074266767439099,1,True,correct
complement_nb,fake_267,267,1,fake,NJlHUNl me artistin korean që po “truIIos” botën me veprat e tij,81,short_61_120,diferencë e log-probabiliteteve,6.460989487527456,1,True,correct
complement_nb,fake_271,271,1,fake,"VIDEO:‘Noizy E Liroi Nga B Urgu, E Takonte Në Fushë Krujë’/ Klodiana Lala Zbulon Cfare Ndodhi Ne Va Rrimin E Hekuran Billës: Morën Pjesë Edhe Emra Të Botës Së K Rimit",92,short_61_120,diferencë e log-probabiliteteve,12.428794674034748,1,True,correct
complement_nb,fake_276,276,1,fake,"Pasanikët Po Ikin Nga Coronavirusi, Po Futen Nën Tokë – Apartamenti Më I Lirë Në Bunker Kushton Një Milion Dollarë",102,short_61_120,diferencë e log-probabiliteteve,10.984777156583164,1,True,correct
complement_nb,fake_282,282,1,fake,“Jam e tro.nditur…”. Eni Çobanit indodh e papritura: Ti duhet të dish dhe ha.llin tim,91,short_61_120,diferencë e log-probabiliteteve,8.773495938711903,1,True,correct
complement_nb,fake_290,290,1,fake,EPABESUESHME : Dy djem gropojnë një vend por shikoni cfar nxjerrin ..,67,short_61_120,diferencë e log-probabiliteteve,6.173115385415542,1,True,correct
complement_nb,fake_298,298,1,fake,"Shkoi për pushime në Shëngjin, Ja çka i ndodhi 34 vjeçarit nga Kosova",66,short_61_120,diferencë e log-probabiliteteve,4.7816268502255355,1,True,correct
complement_nb,fake_299,299,1,fake,Lista Serbe për Vjosa Osmanin: Ti moj Vjosa na ndoqe në korridor për t’i dhënë votat për kryetare të Kuvendit,163,medium_121_250,diferencë e log-probabiliteteve,3.3629893983779766,1,True,correct
complement_nb,fake_301,301,1,fake,"“Dieta Me Oriz”! Minus 10 Kg, Dobësimi Që Nuk Rimerr Kilet As Pas 6 Vitesh",114,short_61_120,diferencë e log-probabiliteteve,6.475630868248857,1,True,correct
complement_nb,fake_304,304,1,fake,Trumpi I Drejtohet Popullit Amerikan: Ju Njoftoj Se Nga Ky Moment Ne Do Të…,88,short_61_120,diferencë e log-probabiliteteve,9.056701812545782,1,True,correct
complement_nb,fake_306,306,1,fake,"Albin Kurti e jep lajmin e madh: Më në fund gjithçka përfundoj, URIME KOSOVË",89,short_61_120,diferencë e log-probabiliteteve,10.386416250377408,1,True,correct
complement_nb,fake_307,307,1,fake,"“Bombardohet” Mihrihe Braha, takon për herë të parë “djalin jashtëmartesor” të Naim Abazit pas 19 viteve (VIDEO)",80,short_61_120,diferencë e log-probabiliteteve,9.269128854156804,1,True,correct
complement_nb,fake_308,308,1,fake,"Juria U Tall Dhe Dyshonte Shumë Në Talentin E Saj, Nuk E Dinin Se Ajo Do Ta Ngritë Publikun Në Këmbë!(Video)",111,short_61_120,diferencë e log-probabiliteteve,5.18676952225843,1,True,correct
complement_nb,fake_317,317,1,fake,"Dyshonin Se Ishte Shta’tzënë, Mjekët Bëjnë Zbu’limin E Tmer.Rshëm",87,short_61_120,diferencë e log-probabiliteteve,6.405195123158876,1,True,correct
complement_nb,fake_323,323,1,fake,"Kjo Vajzë Cdo Ditë E Puthte Këtë Të Pastrehë, Por Cfarë Bëri Plaku Për Të, Do Mbeteni Pa Fjalë",370,long_gt_250,diferencë e log-probabiliteteve,-0.9355595449509337,0,False,false_negative
complement_nb,fake_325,325,1,fake,Edi Rama ka “dasht” me nda Kosovën (tonë). Ramush Haradinaj “pa dasht” e ka nda Çakorrin (Video),78,short_61_120,diferencë e log-probabiliteteve,12.391353396337337,1,True,correct
complement_nb,fake_332,332,1,fake,LAJMI I FUNDIT: Infektohet Me CO -19 Këngëtari I Njohur Kosovar!,79,short_61_120,diferencë e log-probabiliteteve,1.0821303052063627,1,True,correct
complement_nb,fake_343,343,1,fake,"Naim Abazi: Punë ka sa të duash, po rinia po kanë qef me nejt në kafe, me prit prej babës hala!",96,short_61_120,diferencë e log-probabiliteteve,1.6284900179597344,1,True,correct
complement_nb,fake_345,345,1,fake,"I Tregoi Të Dashurës Se Jetonte Në Rrugë, Reagimi I Vajzës Do Ju Lërë Pa Fjalë…",82,short_61_120,diferencë e log-probabiliteteve,3.397377021305374,1,True,correct
complement_nb,fake_351,351,1,fake,"Lejeni menjane ujin me limon ne mengjes, vazhdoni te konsumoni kete perberje qe po cmend te gjithe",488,long_gt_250,diferencë e log-probabiliteteve,-0.3489070830333958,0,False,false_negative
complement_nb,fake_352,352,1,fake,"Ekskluzive: Vjosa Osmani me parti të re, Ja si do të quhet partia e saj!",112,short_61_120,diferencë e log-probabiliteteve,9.08774023116257,1,True,correct
complement_nb,fake_353,353,1,fake,"Burri vetëm për letra më ka marr mua, tani qe s’kemi as njeri letrat më thotë dil gjeje një tjetër…",600,long_gt_250,diferencë e log-probabiliteteve,9.884689314160823,1,True,correct
complement_nb,fake_354,354,1,fake,Lëngu i qepës efikas kundër katër sëmundjeve!?,270,long_gt_250,diferencë e log-probabiliteteve,-1.8708296017078396,0,False,false_negative
complement_nb,fake_355,355,1,fake,Mediat serbe: Serbia njeh Kosovën dhe hyn në BE,332,long_gt_250,diferencë e log-probabiliteteve,-1.1933594393393605,0,False,false_negative
complement_nb,fake_367,367,1,fake,Tmerr për Kosovën kush po e përfaqëson! Zbulohet detaje tronditese,96,short_61_120,diferencë e log-probabiliteteve,12.348384458021656,1,True,correct
complement_nb,fake_368,368,1,fake,Kjo qe do te ndodhe te Henen ne Kosove do iu shokoje,143,medium_121_250,diferencë e log-probabiliteteve,5.542271483039144,1,True,correct
complement_nb,fake_369,369,1,fake,"Avdullah Hotin nuk e do as fshati i tij Ratkoc, ja çfarë thanë disa prej tyre. – (VIDEO)",95,short_61_120,diferencë e log-probabiliteteve,16.885304264525303,1,True,correct
complement_nb,fake_375,375,1,fake,Ja sa është paga e Naser Rafuna tek seriali ‘Çka ka shpija.’,75,short_61_120,diferencë e log-probabiliteteve,14.430672507697892,1,True,correct
complement_nb,fake_383,383,1,fake,Albin Kurtin e shokon Hashim Thaçin me kete qe i zbuloi per luften dhe hagen,83,short_61_120,diferencë e log-probabiliteteve,22.576197130183687,1,True,correct
complement_nb,fake_384,384,1,fake,"Skandal: Nuk iu lindi djalë, babai vret vetën e ja se çfarë i ndodhi nënës së re",139,medium_121_250,diferencë e log-probabiliteteve,4.512950042783871,1,True,correct
complement_nb,fake_394,394,1,fake,"Kjo video po fikson botën, janë futur veta 20 makinë/ Shikoni si dalin një nga një",77,short_61_120,diferencë e log-probabiliteteve,19.346214717972373,1,True,correct
complement_nb,fake_395,395,1,fake,"Shkoni në vendin ku ishte burri, gruaja e kap atë keq me një femër dhe u bën të pabërën",87,short_61_120,diferencë e log-probabiliteteve,17.21158193870741,1,True,correct
complement_nb,fake_412,412,1,fake,"“Eskalon” familjari i deputetit Xhavit Ukaj, fyen rëndë Vjosa Osmanin",85,short_61_120,diferencë e log-probabiliteteve,16.055886426799134,1,True,correct
complement_nb,fake_415,415,1,fake,Flet edhe njëherë deputeti që iu vërsul Osmanit në Kuvend: Me pas dashtë me e sulmua e kisha…,109,short_61_120,diferencë e log-probabiliteteve,13.254224327721147,1,True,correct
complement_nb,fake_417,417,1,fake,LAJMI I FUNDIT – Më në fund Lajm i mirë për vizat,147,medium_121_250,diferencë e log-probabiliteteve,11.000519923940999,1,True,correct
complement_nb,fake_423,423,1,fake,"Fero postoi foto me armë, Arbenita e frikësuar se ai ‘do ta vrasë’",70,short_61_120,diferencë e log-probabiliteteve,16.184418353881256,1,True,correct
complement_nb,fake_428,428,1,fake,Zyrtari i VV-së habit me deklaratën për Thaçin dhe Veselin,87,short_61_120,diferencë e log-probabiliteteve,16.833685913227725,1,True,correct
complement_nb,fake_430,430,1,fake,E jashtëzakonshme: Merkel me flamurin e Kosovës para syve të Vuçiqit,78,short_61_120,diferencë e log-probabiliteteve,12.146519224765598,1,True,correct
complement_nb,fake_433,433,1,fake,Pasi u infektua me Covid-19 vdes Mustafa,57,very_short_le_60,diferencë e log-probabiliteteve,1.858511944847919,1,True,correct
complement_nb,fake_434,434,1,fake,"Lajm qe duhet ta din te gjithe, Viber do behet me para detaje ekskluzive",78,short_61_120,diferencë e log-probabiliteteve,6.783610703595002,1,True,correct
complement_nb,fake_439,439,1,fake,‘Çartet’ Sami Lushtaku ia zbulon kete gje Rexhep Selimit,93,short_61_120,diferencë e log-probabiliteteve,15.22470797671781,1,True,correct
complement_nb,fake_451,451,1,fake,Maqedonia e Veriut e shokon Kosoven dhe qytetaret e saj me kete vendim qe morri,78,short_61_120,diferencë e log-probabiliteteve,14.21450979041083,1,True,correct
complement_nb,fake_454,454,1,fake,Këto janë pikat kufitare ku iu kërkohet testi për COVID-19,98,short_61_120,diferencë e log-probabiliteteve,2.240737871938734,1,True,correct
complement_nb,fake_463,463,1,fake,Emily Ratajkowski duket super s.e.ksi në fotografitë e fundit,94,short_61_120,diferencë e log-probabiliteteve,12.3914404973807,1,True,correct
complement_nb,fake_465,465,1,fake,"Lë Bashkëshorten E Tij Për Një Grua Më Të Re. Çfarë Ndodh 3 Vite Më Vonë, E Lë Atë Pa Fjalë…",136,medium_121_250,diferencë e log-probabiliteteve,12.512900522434109,1,True,correct
complement_nb,fake_472,472,1,fake,"Acarohen raportet e Serbisë me Rusinë, ja çfarë veprimi ka bërë Vuçiq",101,short_61_120,diferencë e log-probabiliteteve,10.010389733988688,1,True,correct
complement_nb,fake_479,479,1,fake,Ja sa kohë duhet për ta marrë virusin në një bar apo restaurant,112,short_61_120,diferencë e log-probabiliteteve,8.378051001705387,1,True,correct
complement_nb,fake_480,480,1,fake,Gani Geci: Hashim Thaçi ma i dëmshëm se KoronaVirusi në këtë kohë!,78,short_61_120,diferencë e log-probabiliteteve,19.007235397281192,1,True,correct
complement_nb,fake_481,481,1,fake,"Detaji që u iku të gjithëve: Tyta e automatikut në shtëpinë e prindërve të Thaçit, e “zbuloi” Veseli",85,short_61_120,diferencë e log-probabiliteteve,15.033765022253135,1,True,correct
complement_nb,fake_483,483,1,fake,"Nasim Haradinaj: o Ramush Haradinaj, Lakmia e pushteti të prishë!",80,short_61_120,diferencë e log-probabiliteteve,15.59558105913058,1,True,correct
complement_nb,fake_495,495,1,fake,Lajmi i fundit: Hashim Thaçi ¨tenton¨ te ia merr jeten Gani Gecit,197,medium_121_250,diferencë e log-probabiliteteve,1.7870515609948825,1,True,correct
complement_nb,fake_496,496,1,fake,Mulla Osmani i ‘bie shuplakë’ Milaim Zekës live në emision (Video),81,short_61_120,diferencë e log-probabiliteteve,9.749222641891265,1,True,correct
complement_nb,fake_508,508,1,fake,Shikoni  reagimin e Leonora Jakupit për ndërtimin e xhamisë në Prishtinë,82,short_61_120,diferencë e log-probabiliteteve,1.376005527451241,1,True,correct
complement_nb,fake_515,515,1,fake,"Bac Qikat e Kosoves po na zbardhin ftyren, Kjo qe beri tash Rita Ora eshte e madhe!",352,long_gt_250,diferencë e log-probabiliteteve,-0.47648801422735687,0,False,false_negative
complement_nb,fake_520,520,1,fake,LAJMI BOMBASTIK / Richard Grenell: Vizat Mund Të Hiqen Ditën E Dielë (VIDEO),162,medium_121_250,diferencë e log-probabiliteteve,15.03270718846602,1,True,correct
complement_nb,fake_527,527,1,fake,A e keni ditur se kjo moderatore është motra e Haki Abazit?,76,short_61_120,diferencë e log-probabiliteteve,17.48817188315661,1,True,correct
complement_nb,fake_528,528,1,fake,Ganja e PDK-s thot se Vjosa tash pa LDK-n as 10% ska me mujt me i fitu,189,medium_121_250,diferencë e log-probabiliteteve,3.0161549902293814,1,True,correct
complement_nb,fake_530,530,1,fake,Shuma marramendëse: Robert Berisha tregon sa paguhet në koncerte,142,medium_121_250,diferencë e log-probabiliteteve,-0.06250301938115399,0,False,false_negative
complement_nb,fake_531,531,1,fake,EKSKLUZIVE: Albin Kurti President i Kosoves?,86,short_61_120,diferencë e log-probabiliteteve,25.562201162120175,1,True,correct
complement_nb,fake_535,535,1,fake,‘Hashim Thaçi’ futet papritmas në emisionin ku ishte Berat Buzhala (Video),96,short_61_120,diferencë e log-probabiliteteve,7.364257907255478,1,True,correct
complement_nb,fake_536,536,1,fake,Dardan Molliqaj ia publikon këtë ‘top sekret’ Albin Kurtit,65,short_61_120,diferencë e log-probabiliteteve,3.512250271843982,1,True,correct
complement_nb,fake_539,539,1,fake,E PAPRITUR: Ja Kush Është I Dashuri I Ri I Nora Istrefit sdo ta besoni,96,short_61_120,diferencë e log-probabiliteteve,15.4628080706064,1,True,correct
complement_nb,fake_544,544,1,fake,Kur pritet t’u mundësohet qytetarëve tërheqja e parave nga Trusti?,209,medium_121_250,diferencë e log-probabiliteteve,-9.164385652538328,0,False,false_negative
complement_nb,fake_545,545,1,fake,"E pabesueshme, banorët e ketij fshati kapin gjarprin me përmasa të frikshme (Foto)",84,short_61_120,diferencë e log-probabiliteteve,2.8342096025727983,1,True,correct
complement_nb,fake_553,553,1,fake,"Dhurata shkëlqeu e veshur e tëra me lule, por nuk do ta besoni sa kushtoi veshja e saj",97,short_61_120,diferencë e log-probabiliteteve,1.9753120119813161,1,True,correct
complement_nb,fake_555,555,1,fake,Kosova zë vendin e parë në Evropë si vendi me numrin më të madh të infektuarve,158,medium_121_250,diferencë e log-probabiliteteve,-8.49307527952277,0,False,false_negative
complement_nb,fake_556,556,1,fake,"BE-ja dhe SHBA e godasin fort Serbine, cmenden serbet",86,short_61_120,diferencë e log-probabiliteteve,5.475095731158206,1,True,correct
complement_nb,fake_571,571,1,fake,E papritur:Qeveria fut në karantinë edhe katër komuna,98,short_61_120,diferencë e log-probabiliteteve,-6.833679103419115,0,False,false_negative
complement_nb,fake_573,573,1,fake,TURP: Ja çfarë thonë mediat serbe për shkuarjen e Thaçit në Hagë,105,short_61_120,diferencë e log-probabiliteteve,5.952233157431806,1,True,correct
complement_nb,fake_580,580,1,fake,Ja kur pritet te vijë Vala e dytë e Covid-19.,146,medium_121_250,diferencë e log-probabiliteteve,-6.394152029415125,0,False,false_negative
complement_nb,fake_582,582,1,fake,"Nuk Ka Te Ndalur Tayna, Tregon Si Po Rrit Të Pasmet E Saj Çdo Ditë",111,short_61_120,diferencë e log-probabiliteteve,12.713563491352886,1,True,correct
complement_nb,fake_583,583,1,fake,"Azem Hajdari ku i thotë Thaçit “të rre hi si qenin more pis…”, ka dy fjalë për Isa Mustafën",191,medium_121_250,diferencë e log-probabiliteteve,6.098194484356043,1,True,correct
complement_nb,fake_584,584,1,fake,Albin Kurti kapet në aeroport,90,short_61_120,diferencë e log-probabiliteteve,4.107179261665237,1,True,correct
complement_nb,fake_585,585,1,fake,LAJMI I FUNDIT – E pabesushme ja qka i ndodhi Isa Mustafes ne keto momente pas infektimit me COVID 19,152,medium_121_250,diferencë e log-probabiliteteve,16.261249871186635,1,True,correct
complement_nb,fake_586,586,1,fake,Përhapja e virusit nuk ndalohet me gjendjen e jashtëzakonshme.,165,medium_121_250,diferencë e log-probabiliteteve,-3.8050689543069325,0,False,false_negative
complement_nb,fake_592,592,1,fake,"Mjeku Pipero jep lajmin e mirë: Shqipëria s’do izolohet sërish, vetëm nëse bëni këtë gjë",97,short_61_120,diferencë e log-probabiliteteve,2.1926961281802733,1,True,correct
complement_nb,fake_600,600,1,fake,"LAJMI I FUNDIT: Eshë ulur çmimi i naftës,nuk do ta besoni se sa ka ra!?",145,medium_121_250,diferencë e log-probabiliteteve,1.5728608920489933,1,True,correct
complement_nb,fake_603,603,1,fake,Neurologët: Njerëzit me simptoma të butë të koronavirusit po pësojnë çrregullime serioze të trurit,501,long_gt_250,diferencë e log-probabiliteteve,-8.774908878135193,0,False,false_negative
complement_nb,fake_608,608,1,fake,E FUNDIT:Video Eksluzive ”Lajm I Madh Nga Zemaj: Do Ta Porosisim Vaksinën Kundër Koronavirusit”,164,medium_121_250,diferencë e log-probabiliteteve,2.2194139673903805,1,True,correct
complement_nb,fake_611,611,1,fake,Ka përçarje brenda LDK’së? Isa Mustafa trondite me kete qe tha!,124,medium_121_250,diferencë e log-probabiliteteve,10.509309853543982,1,True,correct
complement_nb,fake_612,612,1,fake,"WOW kjo eshte e madhe, Ambasadori Gjerman jep nje lajm te madh per Albin Kurtin dhe Vjosa Osmanin",89,short_61_120,diferencë e log-probabiliteteve,4.921896665779798,1,True,correct
complement_nb,fake_614,614,1,fake,LAJMI I FUNDIT -Ne kete jave po kthehemi ne Karantine?,465,long_gt_250,diferencë e log-probabiliteteve,-9.158226191227925,0,False,false_negative
complement_nb,fake_618,618,1,fake,Mergimtari qe erdhi nga Zvicra tregon çka i ndodhi sdo ta besoni(VIDEO),97,short_61_120,diferencë e log-probabiliteteve,8.765928828963752,1,True,correct
complement_nb,fake_619,619,1,fake,“Godet“ Veton Surroi: Ata qe e “kalle” flamurin e Kosovës sigurisht janë katundar nga Drenica,85,short_61_120,diferencë e log-probabiliteteve,1.5624291605131475,1,True,correct
complement_nb,fake_621,621,1,fake,"Pasi u martuan, gruaja mëson pse burri nuk “e prek”. Kur ai bënte dush ajo e pa hapur…",280,long_gt_250,diferencë e log-probabiliteteve,0.5013374015704812,1,True,correct
complement_nb,fake_629,629,1,fake,Aktorja nga Gjilani i quan kosovarët dreqër,93,short_61_120,diferencë e log-probabiliteteve,-2.8545126604487336,0,False,false_negative
complement_nb,fake_631,631,1,fake,"Habitet 22 Vjeçarja Shqiptare Nga Zvicra: Ju Rr Efej Se Cka Ndodh Me Ata Që Martohen Për Letra, Mua Më…",128,medium_121_250,diferencë e log-probabiliteteve,5.285695379404046,1,True,correct
complement_nb,fake_638,638,1,fake,Lajmi më i ri sa i përket pagesave prej 170 eurosh për punëtorët që mbetën pa punë gjatë pandemisë!,174,medium_121_250,diferencë e log-probabiliteteve,-8.513215092340602,0,False,false_negative
complement_nb,fake_652,652,1,fake,"Beogradi shpall gjendjen e jashtëzakonshme, kjo e keqe po ndodh atje",78,short_61_120,diferencë e log-probabiliteteve,-0.3467670218869898,0,False,false_negative
complement_nb,fake_655,655,1,fake,Krenar Gashi:“Avdullah Hoti Mund Të Bëhet Si Ibrahim Rugova “ ndoshta me i zoti se aj,161,medium_121_250,diferencë e log-probabiliteteve,0.1945156376924615,1,True,correct
complement_nb,fake_671,671,1,fake,"E Fundit VIDEO Eksluzive:Harrojeni Covid19,Frika E Shkencëtarëve: “Hëna Do Të Përplaset Me Tokën”",94,short_61_120,diferencë e log-probabiliteteve,4.6166337740553445,1,True,correct
complement_nb,fake_675,675,1,fake,"I Shkatërrohet Karriera, Nora Istrefit I Publikohet Video Me Avokatin E Njohur Kosovar",70,short_61_120,diferencë e log-probabiliteteve,11.102810874467991,1,True,correct
complement_nb,fake_679,679,1,fake,Fatmir Limaj: Albini As Pragun Ska Me Kalu Ne Zgjedhje Te Reja Keni Me Pa O Popull – VIDEO –,154,medium_121_250,diferencë e log-probabiliteteve,8.029780700147398,1,True,correct
complement_nb,fake_680,680,1,fake,Ganja e PDK-s Kur tka qef Vjosa matum me vota qe si fitoj 50% ma shum se ajo une dha dorheqje nga PDK-ja,196,medium_121_250,diferencë e log-probabiliteteve,3.598890208305022,1,True,correct
complement_nb,fake_694,694,1,fake,"LAJMI I FUNDIT: Vjosa Osmani nuk ndalet, Ja jep goditjen finale Isa Mustafes",148,medium_121_250,diferencë e log-probabiliteteve,0.1368200406494111,1,True,correct
complement_nb,fake_702,702,1,fake,LAJMI I FUNDIT – Thaçi: Nëse nuk arrihet marrëveshja me 27 qershor kjo do të ndodhë…,2233,long_gt_250,diferencë e log-probabiliteteve,-7.613250197839307,0,False,false_negative
complement_nb,fake_713,713,1,fake,"Mixha hyri në një restorant luksoz dhe i shërben kamarierja më e mirë, por të nesërmen ajo shkarkohet pas asaj që kishte bërë!",489,long_gt_250,diferencë e log-probabiliteteve,-0.5573354228597509,0,False,false_negative
complement_nb,fake_721,721,1,fake,"Cka po ndodh ne shesh te Prishtines,zjarrefiksat jane aty dhe",83,short_61_120,diferencë e log-probabiliteteve,5.76000578171417,1,True,correct
complement_nb,fake_731,731,1,fake,Kryeministri britanik jep lajmin e madh: Ja kur mbaron kriza nga COVID-19,136,medium_121_250,diferencë e log-probabiliteteve,-3.5573412719912767,0,False,false_negative
complement_nb,fake_744,744,1,fake,Studimi i ri: Njerëzit kanë më shumë gjasa të infektohen në shtëpi se sa jashtë,121,medium_121_250,diferencë e log-probabiliteteve,-0.6696210179930517,0,False,false_negative
complement_nb,fake_745,745,1,fake,Vaksina “premtuese” e COVID-19 në Oxford: Çfarë është ajo dhe katër gjërat tjera që duhet ditur,99,short_61_120,diferencë e log-probabiliteteve,-1.4259197106882766,0,False,false_negative
complement_nb,fake_747,747,1,fake,Hoxha nga Drenica i përmend me emra: Këta janë islamofobët që po u pengon ndërtimi i xhamisë,89,short_61_120,diferencë e log-probabiliteteve,8.78591094569714,1,True,correct
complement_nb,fake_756,756,1,fake,"Fotografi brenda Klinikës Infektive në QKUK, mjekë të lodhur e rraskapitur: Këtu as Supermeni nuk bën punë",251,long_gt_250,diferencë e log-probabiliteteve,1.1048792152704436,1,True,correct
complement_nb,fake_758,758,1,fake,Çfarë e zhduk koronavirusin? Italianët bëjnë zbulimin që do na rikthejë në normalitet,100,short_61_120,diferencë e log-probabiliteteve,2.5681598927291702,1,True,correct
complement_nb,fake_760,760,1,fake,Mj eku i njohur Pellumb Pipero jep lajmin e k eq: Pa ndemia mund të zgjasë deri në..,126,medium_121_250,diferencë e log-probabiliteteve,4.298512397342677,1,True,correct
complement_nb,fake_765,765,1,fake,"Intervistimi 4 ditor i Thaçit, Raportuesja për Kosovën bënë veprimin e papritur",210,medium_121_250,diferencë e log-probabiliteteve,7.211452996628793,1,True,correct
complement_nb,fake_772,772,1,fake,"Ylli super seksi i ‘Victoria Secret’ kapet ‘mat’ nga paparacit, bikinit morën të gjithë vëmendjen",143,medium_121_250,diferencë e log-probabiliteteve,4.39350820477614,1,True,correct
complement_nb,fake_781,781,1,fake,Greqia: I dhimbshëm vendimi për xhaminë,120,short_61_120,diferencë e log-probabiliteteve,2.4883500210555667,1,True,correct
complement_nb,fake_783,783,1,fake,Të marrësh kredi për të bërë fëmijë / historia emocionuese e çiftit që u bënë prindër pas 15 vitesh,135,medium_121_250,diferencë e log-probabiliteteve,5.370112073628661,1,True,correct
complement_nb,fake_788,788,1,fake,Albin Kurti e quan Zezaj Ministrin e Shëndetësisë,257,long_gt_250,diferencë e log-probabiliteteve,-0.9143165956925259,0,False,false_negative
complement_nb,fake_789,789,1,fake,"Zemaj deputetëve të VV’së: Ju jeni shëtit me paramilitarë, unë jam nip i Mic Sokolit",246,medium_121_250,diferencë e log-probabiliteteve,-1.8858144547327242,0,False,false_negative
complement_nb,fake_793,793,1,fake,"Bëri dasmë në kohën e koronavirusit, Rama i bën shqiptarit atë që nuk e kishte parë as në ëndrrat më të k ëqija",134,medium_121_250,diferencë e log-probabiliteteve,3.413022984537065,1,True,correct
complement_nb,fake_803,803,1,fake,A do të mbyllen prapë xhamitë?,71,short_61_120,diferencë e log-probabiliteteve,3.6508749474855904,1,True,correct
complement_nb,fake_808,808,1,fake,FËMlJA i a doptuar thotë DlÇKA në sallën e GJYQlT që prek z emrën e të GJlTHËVE,146,medium_121_250,diferencë e log-probabiliteteve,4.945872049602144,1,True,correct
complement_nb,fake_809,809,1,fake,Oj Qeveri: Ku mbetën 170 eurot që qytetarët janë në pritje të tyre ?,109,short_61_120,diferencë e log-probabiliteteve,1.3569220579904027,1,True,correct
complement_nb,fake_825,825,1,fake,"Eskalon situata në Serbi, protesutesit futen në Kuvend",99,short_61_120,diferencë e log-probabiliteteve,2.4171600902709542,1,True,correct
complement_nb,fake_830,830,1,fake,"‘Cmendet’ Moti Në Shqipëri, Shihni Çfarë Po Ndodh Në Plazhin E Borshit",100,short_61_120,diferencë e log-probabiliteteve,7.612008128743639,1,True,correct
complement_nb,fake_833,833,1,fake,A paguhen 10 ditët e humbura të karantinës në Zvicër? Flet Shoqata e Sipermarrësve Zviceranë,251,long_gt_250,diferencë e log-probabiliteteve,-1.1088145951616752,0,False,false_negative
complement_nb,fake_835,835,1,fake,"Video Eksluzive:“Doja Të Bleja Shtëpi, Ai Ishte Ndërtuesi I Pallatit”, Alketa Vejsiu Rr Ëfen Hi Storinë! Si U Njoh Me Burrin: U Çmenda Pas Syve Të Tij",127,medium_121_250,diferencë e log-probabiliteteve,11.22897832123067,1,True,correct
complement_nb,fake_856,856,1,fake,"Gjermania planifikon vendimin e madh, ja qfarë pritet të ndodhë",149,medium_121_250,diferencë e log-probabiliteteve,-3.7550970835148405,0,False,false_negative
complement_nb,fake_858,858,1,fake,Çdo bëhet me këtë vend?! Zëri i Amerikës ia pl.as të vërtetën Shqipërisë: Më ulët se kurrë…,134,medium_121_250,diferencë e log-probabiliteteve,5.915317468975559,1,True,correct
complement_nb,fake_863,863,1,fake,"Video Eksluzive:“Shqiperia Ka Qene Greqi”, Këngëtarja E Njohur ‘Shp Ërthen’ Ndaj Arjan Çanit: Ky Njeri Duhet Te",105,short_61_120,diferencë e log-probabiliteteve,11.959112716035634,1,True,correct
complement_nb,fake_875,875,1,fake,"Labi gëzon vajzën me aftësi të kufizuara, ia dorëzon një karrocë të re (VIDEO)",139,medium_121_250,diferencë e log-probabiliteteve,7.863303271564121,1,True,correct
complement_nb,fake_880,880,1,fake,Kadri Veseli “kë.rcënon” ata që u pasuruan pa djersë,112,short_61_120,diferencë e log-probabiliteteve,7.437639765667598,1,True,correct
complement_nb,fake_887,887,1,fake,"Vjen një lajm shumë i keq për Kosovën dhe qytetarët e saj, KUJDES",112,short_61_120,diferencë e log-probabiliteteve,4.622952407716355,1,True,correct
complement_nb,fake_888,888,1,fake,Doktori i QKUK-së hedh vrer mbi politikanët kosovarë: A keni familje more politikuaj,92,short_61_120,diferencë e log-probabiliteteve,5.789667542038785,1,True,correct
complement_nb,fake_889,889,1,fake,"E Porsalindur Dhe Ecën, Publikohen Pamjet Mbreslënëse Dhe… (VIDEO EMOCIONUESE)",62,short_61_120,diferencë e log-probabiliteteve,12.444093230138975,1,True,correct
complement_nb,fake_890,890,1,fake,"Policia Nuk Kursehet Aspak Për Familjen Shqiptare, E Shpo.Rrin Me Urgjencë. 26-Vjeçarja Me Barkun Te Goja Bashkë Me Djalin 2 -Vjeçar",139,medium_121_250,diferencë e log-probabiliteteve,5.281040136076115,1,True,correct
complement_nb,fake_906,906,1,fake,Nga VV tregojnë nëse do ta pranojnë Vjosa Osmanin në parti,95,short_61_120,diferencë e log-probabiliteteve,8.473982014640228,1,True,correct
complement_nb,fake_907,907,1,fake,VIDEO EKSLUZIVE:Grida Duma: Edi Rama Ka Pro.Bleme Me Pastër.Tinë E Duarve…,98,short_61_120,diferencë e log-probabiliteteve,12.011266258885655,1,True,correct
complement_nb,fake_908,908,1,fake,VIDEO EKSLUZIVE:Ilir Meta E Financoi Me Parat E Dro.Ges Filmin E Bes Kallakut Dhe I Solli Dhe Dashnoren Bleonen Si Aktore…,138,medium_121_250,diferencë e log-probabiliteteve,11.219841718940245,1,True,correct
complement_nb,fake_910,910,1,fake,Kjo është mundësia e ardhjes së mërgimtarëve nga Gjermania,79,short_61_120,diferencë e log-probabiliteteve,7.945348627769647,1,True,correct
complement_nb,fake_917,917,1,fake,"Rruga shnd.ërrohet në ri.ng, shoferi n.oka.uton tri herë shoferin tjetër",83,short_61_120,diferencë e log-probabiliteteve,7.890829103105887,1,True,correct
complement_nb,fake_931,931,1,fake,"Xheni dhe partnerja e saj duan të bëhen me fëmijë, ja kush do jetë dhuruesi",89,short_61_120,diferencë e log-probabiliteteve,7.008911451836298,1,True,correct
complement_nb,fake_938,938,1,fake,"Leje qëndrimi për punëtorët sezonalë në Itali, nis procesi, ja sa shqiptarë mund të përfitojnë…",104,short_61_120,diferencë e log-probabiliteteve,1.9541629390683397,1,True,correct
complement_nb,fake_939,939,1,fake,(VIDEO) A Nuk Eshte Mrekulli? Momenti Kur Femija Shpetohet Nga Mb.Ytja Ne Pishine,106,short_61_120,diferencë e log-probabiliteteve,5.995239597757575,1,True,correct
complement_nb,fake_945,945,1,fake,"Exluzive Aeroplani Rrëzohet Në Det, Piloti Filmon Momentin E Shpëtimit Nga..",125,medium_121_250,diferencë e log-probabiliteteve,3.4374163781370726,1,True,correct
complement_nb,fake_950,950,1,fake,"Zeka: Albin Kurti po nxit vëllavrasjen, mund të ketë lufte civile",83,short_61_120,diferencë e log-probabiliteteve,10.481890137463381,1,True,correct
complement_nb,fake_965,965,1,fake,Çka nëse nuk mbahen dasmat këtë verë?,79,short_61_120,diferencë e log-probabiliteteve,7.280372424581344,1,True,correct
complement_nb,fake_966,966,1,fake,"Arben, edhe ti a?🤦‍♂️",107,short_61_120,diferencë e log-probabiliteteve,-0.3904773807701645,0,False,false_negative
complement_nb,fake_974,974,1,fake,Engjellusha a je ti? Nuk i besova syve kur të shikova në plazhë!,90,short_61_120,diferencë e log-probabiliteteve,4.909905567368298,1,True,correct
complement_nb,fake_975,975,1,fake,"Flet Meda “Ja kam pa hajrin ktij populli, me shpi e kerra”",88,short_61_120,diferencë e log-probabiliteteve,3.196595189374648,1,True,correct
complement_nb,fake_979,979,1,fake,"Kosova në zgjedhje të jashtëzakonshme, Kjo është data!",186,medium_121_250,diferencë e log-probabiliteteve,0.003268857053853935,1,True,correct
complement_nb,fake_988,988,1,fake,"Rexhaj ‘godet’ Nasim Haradinajn, o Nasim ti je banditi më i madh që ka Kosova",99,short_61_120,diferencë e log-probabiliteteve,5.305171180527935,1,True,correct
complement_nb,fake_991,991,1,fake,"Kështu u pritë jashtë Presidenti Thaçi, pas përfundimit të intervistimit në Hagë (Video)",107,short_61_120,diferencë e log-probabiliteteve,4.657377622927868,1,True,correct
complement_nb,fake_994,994,1,fake,Albin Kurti është takuar me fshehurazi me qeverinë e sërbisë mos i besoni ketij tradhtari o popull,172,medium_121_250,diferencë e log-probabiliteteve,3.6045910022228895,1,True,correct
complement_nb,fake_1005,1005,1,fake,"Urime Kosovë! Në këtë datë në Korrik do hiqen Vizat, SHBA jep lajmin e madh",105,short_61_120,diferencë e log-probabiliteteve,3.639697575528146,1,True,correct
complement_nb,fake_1028,1028,1,fake,"BE i’a palon Grenellit: Bën veprimin e papritur për Kosovën, hiqen vizat për Kosovën??",261,long_gt_250,diferencë e log-probabiliteteve,-4.865989819686433,0,False,false_negative
complement_nb,fake_1034,1034,1,fake,"Rr’ahje mes dasmorëve në Prishtinë, bërtit “Nusja koka si Lop” (Video)",115,short_61_120,diferencë e log-probabiliteteve,0.4522974456683073,1,True,correct
complement_nb,fake_1037,1037,1,fake,"Daçiq: Na jepni Veriun e Kosovës, pastaj fillojmë me bisedime!",344,long_gt_250,diferencë e log-probabiliteteve,-2.1006484800473118,0,False,false_negative
complement_nb,fake_1042,1042,1,fake,"Afrim Muçiqi: Nëse nuk na lejohet puna, do t’i mbajmë dasmat në shesh apo livadhe",166,medium_121_250,diferencë e log-probabiliteteve,-7.002551208970715,0,False,false_negative
complement_nb,fake_1054,1054,1,fake,LAJMI FUNDIT: Vjosa Osmani antarsohet në Vetëvendosje ja detajet,96,short_61_120,diferencë e log-probabiliteteve,1.2492493730791807,1,True,correct
complement_nb,fake_1055,1055,1,fake,SHBA vjen me Super Lajm Për Kosovën,286,long_gt_250,diferencë e log-probabiliteteve,-6.33301970760931,0,False,false_negative
complement_nb,fake_1064,1064,1,fake,Nuk do ta besoni se çka e paralajmëron Isa Mustafa Vjosën!,132,medium_121_250,diferencë e log-probabiliteteve,0.5654794572279798,1,True,correct
complement_nb,fake_1076,1076,1,fake,Isa Mustafa marrja e Qeverisë në këtë kohë është sakrificë që po bënë LDK-ja,103,short_61_120,diferencë e log-probabiliteteve,0.8771012631697204,1,True,correct
complement_nb,fake_1079,1079,1,fake,Agim Veliu “godet“ Vjosen: Oj trashaluqe duhesh mi hjek killat për mu…..,152,medium_121_250,diferencë e log-probabiliteteve,-0.2181944942377072,0,False,false_negative
complement_nb,fake_1081,1081,1,fake,"Isa Mustafa: Ne Shqiptarët e Kosovës jemi me Amerikën, kurse Albin Kurti….",81,short_61_120,diferencë e log-probabiliteteve,0.8483251999412573,1,True,correct
complement_nb,fake_1084,1084,1,fake,E pabesueshme se çfarë vendimi pritet të merr Presidenti Hashim Thaçi nëse e…,107,short_61_120,diferencë e log-probabiliteteve,3.674032605126797,1,True,correct
complement_nb,fake_1085,1085,1,fake,Glauk Konjufca: Bëhuni gati…Nesër është vetëm nxemje!,170,medium_121_250,diferencë e log-probabiliteteve,-2.4047317454450763,0,False,false_negative
complement_nb,fake_1090,1090,1,fake,Politikani Serb ‘zbulon’ dy politikanët e Kosovës që po bashkëpunojnë me…,176,medium_121_250,diferencë e log-probabiliteteve,0.04902310950393485,1,True,correct
complement_nb,fake_1092,1092,1,fake,"Abdulla Hoti “godet“ Lëvizjen Vetëvendosje, ja çka i thotë!",112,short_61_120,diferencë e log-probabiliteteve,-0.4483270362210874,0,False,false_negative
complement_nb,fake_1101,1101,1,fake,Ky kombinim po i çmend të gjithë: Bëhu me fIokë duke përdorur bananen,194,medium_121_250,diferencë e log-probabiliteteve,-1.6843286183145096,0,False,false_negative
complement_nb,fake_1104,1104,1,fake,"Nuk hapen xhamitë as në ditët e fundit të Ramazanit, edhe ne Hoxhallarët duam pushim",378,long_gt_250,diferencë e log-probabiliteteve,-7.105707050427895,0,False,false_negative
complement_nb,fake_1106,1106,1,fake,"Behgjet Pacolli “befason“ me fjalë: E deshtët apo Jo, Halil Kastrati nuk ban “NONA“ tjetër në Shqiptari",75,short_61_120,diferencë e log-probabiliteteve,2.7492512349698472,1,True,correct
complement_nb,fake_1108,1108,1,fake,Vjosa po vjen me parti të re politike me 9 deputet!,44,very_short_le_60,diferencë e log-probabiliteteve,3.426918135926684,1,True,correct
complement_nb,fake_1117,1117,1,fake,"Albin Kurtit do ti ndodhë më e keqja, Ja çka paralajmëron Pacolli",362,long_gt_250,diferencë e log-probabiliteteve,1.4898015613508733,1,True,correct
complement_nb,fake_1119,1119,1,fake,Detaje të reja: Zbulohen mesazhet zyrtare për rastin e 26 vjeçarit që vdiq dje në Qendrën e Studentëve,84,short_61_120,diferencë e log-probabiliteteve,-1.5185803075375475,0,False,false_negative
complement_nb,fake_1121,1121,1,fake,Vali Corleone flet për Hashim Thaçin e Albin Kurtin: Ja kush janë këta!,73,short_61_120,diferencë e log-probabiliteteve,4.557521253957248,1,True,correct
complement_nb,fake_1135,1135,1,fake,Hoxhaj: Kurr sdo të bëhet mirë pa ardhur në krye të Kosovës Kadri Veseli,107,short_61_120,diferencë e log-probabiliteteve,8.685114148884225,1,True,correct
complement_nb,fake_1138,1138,1,fake,Hyn dhe Voto dr. Shefqet Krasniqin për imam të xhamisë së re në Prishtinë,104,short_61_120,diferencë e log-probabiliteteve,7.538352397669769,1,True,correct
complement_nb,fake_1165,1165,1,fake,Çmimi i lartë do tju trondit se sa do të kushtojë një vaksinë anti-korona që e keni patjetër ta merrni!,86,short_61_120,diferencë e log-probabiliteteve,8.531298562908773,1,True,correct
complement_nb,fake_1174,1174,1,fake,"Vjen thirrja e fundit për zgjedhje të parakohshme, pas Albinit e penzionojnë edhe Avdullah Hotin",104,short_61_120,diferencë e log-probabiliteteve,5.588381231213816,1,True,correct
complement_nb,fake_1179,1179,1,fake,"Bekim Jashari: Albin Kurti , ‘Nuse e mirë po duket por t’ja shohim çeizin’!",110,short_61_120,diferencë e log-probabiliteteve,11.921654376807282,1,True,correct
complement_nb,fake_1180,1180,1,fake,"Avdullah Hoti fyen rëndë të gjithë myslimanët që falën nëpër xhami, duke i quajtur…?",81,short_61_120,diferencë e log-probabiliteteve,3.8218581546540804,1,True,correct
complement_nb,fake_1183,1183,1,fake,"Kadri Veseli e ‘pren’ punën e xhamisë, nuk do ta besoni se a dha lejen për ndërtimin apo jo?",88,short_61_120,diferencë e log-probabiliteteve,-0.8307346154080051,0,False,false_negative
complement_nb,fake_1186,1186,1,fake,"I gjithë shteti në Alarm, Ja ‘Lajmin që e solli nga Haga’ Hashim Thaçi dhe Kadri Veseli",99,short_61_120,diferencë e log-probabiliteteve,10.48771755261339,1,True,correct
complement_nb,fake_1191,1191,1,fake,"Specialisti italian na i qetëzoi zemrat të gjithëve: ‘Kjo është e vërteta e koronavirusit, mos bini pre e biznismenëve’",91,short_61_120,diferencë e log-probabiliteteve,11.357232611970005,1,True,correct
complement_nb,fake_1194,1194,1,fake,"Media Gjermane: Merkel është e përfshirë në një skandal, ndihmoi Hashim Thaçin me 2 miliardë Euro?",90,short_61_120,diferencë e log-probabiliteteve,8.304348188750794,1,True,correct
complement_nb,fake_1197,1197,1,fake,Urime KOSOVË / Qeveria e Izraelit zyrtarisht ofron këtë ndihmë pë çdo qytetar të Kosovës,96,short_61_120,diferencë e log-probabiliteteve,6.871046723422978,1,True,correct
complement_nb,fake_1199,1199,1,fake,"Pse shumë njerëz po dështojnë? Cili meriton të kalon i pari, i dyti dhe i fundit?",109,short_61_120,diferencë e log-probabiliteteve,9.968334648509654,1,True,correct
complement_nb,fake_1224,1224,1,fake,"Ndërron jetë Luan Bajra pak ditë para martesës, i riu vuante nga kjo sëmundje! Ngushllime familjes Bajra",77,short_61_120,diferencë e log-probabiliteteve,9.989563586927716,1,True,correct
complement_nb,fake_1226,1226,1,fake,URIME NA QOFTË / Oxford jep rezultatet e para pozitive të vaksinës që zhduk tërësisht virusin,74,short_61_120,diferencë e log-probabiliteteve,10.922663084986027,1,True,correct
complement_nb,fake_1230,1230,1,fake,"Vjosa Osmani me lot në sy pranon largimin e saj nga politika, fjalimi i plotë i saj…?",87,short_61_120,diferencë e log-probabiliteteve,15.205224579038031,1,True,correct
complement_nb,fake_1234,1234,1,fake,"Viola Cramon ‘trondet’ Kosovën, tregon se cilët dy politikan i than ‘Mos nai liberalizoni vizat pa i fitu na zgjedhjet’",103,short_61_120,diferencë e log-probabiliteteve,11.605912509466577,1,True,correct
complement_nb,fake_1243,1243,1,fake,"Historike / DELAWIE: ‘O burra, ne ta harron Serbia që SHBA hjek dor nga Kosova, për at Zot i dua si vëllezër’",99,short_61_120,diferencë e log-probabiliteteve,9.596465940189205,1,True,correct
complement_nb,fake_1245,1245,1,fake,"Hyri brenda në qabe dhe filmoi pamje nga brenda, u ‘trondit’ nga ajo që pa sepse se kishte menduar kurrë këtë?",84,short_61_120,diferencë e log-probabiliteteve,15.470274943989182,1,True,correct
complement_nb,fake_1246,1246,1,fake,"Çmime jashtëzakonisht të ulëta në këto dyqane për shopping, NXITONI URGJENTISHT",87,short_61_120,diferencë e log-probabiliteteve,9.083154829751038,1,True,correct
complement_nb,fake_1260,1260,1,fake,"Skena shumë të nxehta, çmendet Edona Llalloshi dhe bën rezil udhëheqësen te ‘Shiko kush luan’",93,short_61_120,diferencë e log-probabiliteteve,12.5170366749594,1,True,correct
complement_nb,fake_1266,1266,1,fake,LAJMI I FUNDIT Nga Gjermania – BE-ja më në fund iberalizohen vizat për Kosovarët,98,short_61_120,diferencë e log-probabiliteteve,17.06510985560334,1,True,correct
complement_nb,fake_1274,1274,1,fake,Mustafa Nano e tepron / E vetmja shpresë për shqiptarin është ardhja e Albin Kurtit në pushtet,78,short_61_120,diferencë e log-probabiliteteve,17.938839104938552,1,True,correct
complement_nb,fake_1275,1275,1,fake,"Mjer KOSOVA / Vuçiq e bën ‘hor’ Avduallah Hotin para BE-së, kurse Hoti vetëm shikon si i çmendur",98,short_61_120,diferencë e log-probabiliteteve,10.602383297765584,1,True,correct
complement_nb,fake_1279,1279,1,fake,"Ramiz Lladrovci: Pishpirikat e Vetëvendosjes nuk ti baj hesap, Albini Kurti ngelafç ngat mu?",106,short_61_120,diferencë e log-probabiliteteve,14.53011373328809,1,True,correct
complement_nb,fake_1285,1285,1,fake,"Kur e pyetën Albert Ajnshtajnin a besonte në Zot, përgjigja e tij la pa frymë gjith Botën",111,short_61_120,diferencë e log-probabiliteteve,13.132626150295152,1,True,correct
complement_nb,fake_1290,1290,1,fake,"URIME NA QOFTË / Mbyllen votimet në Maqedoninë e Veriut, shpallet kryeministri i parë shqipëtar atje",89,short_61_120,diferencë e log-probabiliteteve,7.48412619293606,1,True,correct
complement_nb,fake_1291,1291,1,fake,Artan Abrashi i VV-së / Krimineli Hashim Thaçi duheshte të jep dorëheqje para se të shkonte sepse sdo të kthehet?,99,short_61_120,diferencë e log-probabiliteteve,14.877849540329294,1,True,correct
complement_nb,fake_1293,1293,1,fake,"Pas di vorcit, nëna gjen të d ashur: Ky është mesazhi që fëmijët kanë për t’i dhënë!",87,short_61_120,diferencë e log-probabiliteteve,14.27430005025127,1,True,correct
complement_nb,fake_1302,1302,1,fake,"BISEDA SEKRETE: Clinton-D’Alema më 23 mars, 1999 për ndërhyrjën e NATO-së në Kosovë",94,short_61_120,diferencë e log-probabiliteteve,5.651044876558672,1,True,correct
complement_nb,fake_1311,1311,1,fake,EKSKLUZIVE / Këto pamje të filmuara në 1999 të Gani Gecit bëjnë të qarta debatet e këtyre 20 viteve,100,short_61_120,diferencë e log-probabiliteteve,7.207239421731401,1,True,correct
complement_nb,fake_1314,1314,1,fake,Hashim Thaçi ‘çartet’ dhe dridh gjithë Amerikën me fjalimin e tij për KOSOVËN HEROIKE,112,short_61_120,diferencë e log-probabiliteteve,7.735391529316473,1,True,correct
complement_nb,fake_1320,1320,1,fake,Gent Cakaj: Kur është në pyetje UÇK-ja duhet të jemi 1 or kafsha të pista të Kosovës,86,short_61_120,diferencë e log-probabiliteteve,10.511428570435328,1,True,correct
complement_nb,fake_1324,1324,1,fake,Mërgimtarët shqipëtar përlotin Hashim Thaçin me befasinë që ia bënë para Gjykatës së Hagës,87,short_61_120,diferencë e log-probabiliteteve,17.783100549542894,1,True,correct
complement_nb,fake_1325,1325,1,fake,"Prifti shqipëtar Don Zefi: Ne shqipëtarët katolik vëllezër i kemi grekët dhe serbet,",103,short_61_120,diferencë e log-probabiliteteve,15.563531848600576,1,True,correct
complement_nb,fake_1334,1334,1,fake,"E Fundit / Shkarkohet presidenti i Shqipërisë Ilir Meta, komisioni hetimor raporton që?",97,short_61_120,diferencë e log-probabiliteteve,1.6020622045865593,1,True,correct
complement_nb,fake_1336,1336,1,fake,"Nuk e pranuan Hashim Thaçin në shtëpi, vjen reagimi i Bekim Jasharit ku tregon arsyen se pse?",102,short_61_120,diferencë e log-probabiliteteve,15.51212683866089,1,True,correct
complement_nb,fake_1346,1346,1,fake,Nga nesër bllokim i plotë i lëvizjes së qytetarëve në këto komuna të Kosovës?,95,short_61_120,diferencë e log-probabiliteteve,5.872512445526922,1,True,correct
complement_nb,fake_1351,1351,1,fake,Urime Kosovë / Grenell zyrtarisht jep datën kur mund kosovarët të udhëtojnë PA VIZA?,98,short_61_120,diferencë e log-probabiliteteve,11.55923425660717,1,True,correct
complement_nb,fake_1365,1365,1,fake,Shkëlzen Gashi: Kur un ju thoja nuk e besojshit të vërtetën e UÇK-së,99,short_61_120,diferencë e log-probabiliteteve,12.697290972892006,1,True,correct
complement_nb,fake_1371,1371,1,fake,Dokumenti i CIA 1978: Ky ishte politikani që i dha tokat shqipëtare Greqisë,101,short_61_120,diferencë e log-probabiliteteve,8.757602620656428,1,True,correct
complement_nb,fake_1379,1379,1,fake,"Shefqet Krasniqi: Mos keni frik nga ky virus, nëse e keni të shkruar do tjesh i fundit që dot kap",86,short_61_120,diferencë e log-probabiliteteve,3.443068320034854,1,True,correct
complement_nb,fake_1382,1382,1,fake,‘Dorëzohet Sërbia’ / Numri i viktimave nga virusi në Sërbi thyen rekordin botëror,74,short_61_120,diferencë e log-probabiliteteve,7.77761338326178,1,True,correct
complement_nb,fake_1385,1385,1,fake,Merkel ia terron Vuçiqit me këtë kërkesë që ia bëri në lidhje me kufijtë dhe njohjen e pavarsisë së Kosovës,87,short_61_120,diferencë e log-probabiliteteve,12.460118966374125,1,True,correct
complement_nb,fake_1395,1395,1,fake,Krijesë e huaj misterioze me ‘krahët që duken njerëzore’ i vë në dyshim mendjet e njerëzve,85,short_61_120,diferencë e log-probabiliteteve,12.936455899523764,1,True,correct
complement_nb,fake_1396,1396,1,fake,Ju Lutem Shpërndaje Që Ta shohin Gjithë / Ja se çfarë po ju ndodh qytetarëve që po udhëtojnë për në Europë,93,short_61_120,diferencë e log-probabiliteteve,11.247786323241314,1,True,correct
complement_nb,fake_1413,1413,1,fake,Publikohen për herë të parë fotot e Anisa Josifit në shtratin e vd ekjes,100,short_61_120,diferencë e log-probabiliteteve,11.24476861184587,1,True,correct
complement_nb,fake_1415,1415,1,fake,Italia merr vendim të prerë për shtetin e Kosovës dhe bën apel në gjithë Europën për izolim 24 muajsh?,86,short_61_120,diferencë e log-probabiliteteve,9.405611932273985,1,True,correct
complement_nb,fake_1420,1420,1,fake,"Molliqaj: Hashim Thaçi nuk është anti-amerikan, është k riminel!",71,short_61_120,diferencë e log-probabiliteteve,15.098183001099471,1,True,correct
complement_nb,fake_1424,1424,1,fake,Plaku nga Kosova: Evropa i ka borxh Kosovës,72,short_61_120,diferencë e log-probabiliteteve,7.65898062101752,1,True,correct
complement_nb,fake_1426,1426,1,fake,LAJM I FUNDIT:Nuk do mund ta besoni se ku ndodhet në Këto momente Hashim Thaçi,86,short_61_120,diferencë e log-probabiliteteve,18.383732546154647,1,True,correct
complement_nb,fake_1432,1432,1,fake,Këta zyrtarë priten të largohen nga LDK-ja! arsyeja shkarkimi Vjoses?,76,short_61_120,diferencë e log-probabiliteteve,12.62920317674866,1,True,correct
complement_nb,fake_1434,1434,1,fake,A do të vazhdojë të jetë antare e LDKsë? Ja çka thotë Osmani,77,short_61_120,diferencë e log-probabiliteteve,14.996774871793946,1,True,correct
complement_nb,fake_1441,1441,1,fake,Zbulohet vendin ku ndodhen 28 ton flori!,103,short_61_120,diferencë e log-probabiliteteve,9.301038827845503,1,True,correct
complement_nb,fake_1450,1450,1,fake,"Besa Gaxherri: Vjosa Duhet Të Matet, Nuk Është E Rrugës Me Luftu Shtëpinë E Vet",91,short_61_120,diferencë e log-probabiliteteve,10.637032771195777,1,True,correct
complement_nb,fake_1451,1451,1,fake,"Erdogan ndan lajmin më të keq pas pandemisë së fundit, shpreh ngushllimet e tij të sinqerta",86,short_61_120,diferencë e log-probabiliteteve,9.754600859639254,1,True,correct
complement_nb,fake_1454,1454,1,fake,"I dërgon gabimisht shefit një foto pa rroba, përgjigja e tij e lë pa fjalë",96,short_61_120,diferencë e log-probabiliteteve,11.456991756226842,1,True,correct
complement_nb,fake_1461,1461,1,fake,Djaloshi ne Prishtine gjen 1450 Euro dhe nje qeles te vetures.,99,short_61_120,diferencë e log-probabiliteteve,13.192441221594379,1,True,correct
complement_nb,fake_1465,1465,1,fake,"Gjermania në kërkim të 472 mijë punëtorëve, këto janë profilet më të kërkuara",88,short_61_120,diferencë e log-probabiliteteve,2.5139541911319156,1,True,correct
complement_nb,fake_1466,1466,1,fake,"Ky pe.nsioner mbante një th.esar në shtëpi, nuk e dinte",94,short_61_120,diferencë e log-probabiliteteve,6.887421322147702,1,True,correct
complement_nb,fake_1473,1473,1,fake,"Karkalecat pushtojnë Lindjen e Mesme, bll.okohet qarkullimi i automjeteve",93,short_61_120,diferencë e log-probabiliteteve,3.520297208172508,1,True,correct
complement_nb,fake_1474,1474,1,fake,Christopher Hill rrë.fen momente të lu.ftës në Kosovë: Çfarë më tha Millosheviçi pas takimit me UÇK-në,101,short_61_120,diferencë e log-probabiliteteve,4.933293870674106,1,True,correct
complement_nb,fake_1475,1475,1,fake,Nuk keni pë ta besuar se cila këngëtare kosovare është kjo vogëlushe,96,short_61_120,diferencë e log-probabiliteteve,6.9544693811120055,1,True,correct
complement_nb,fake_1484,1484,1,fake,"E mbajti të fshehtë, futbollisti shqiptar bëhet baba për herë të parë",88,short_61_120,diferencë e log-probabiliteteve,5.335040865835026,1,True,correct
complement_nb,fake_1488,1488,1,fake,Kilogrami shitet 0ër 1.000 Euro / Gjenden në këtë vend,80,short_61_120,diferencë e log-probabiliteteve,3.4644521978839293,1,True,correct
complement_nb,fake_1492,1492,1,fake,Vjosa Osmani po i bashkohet LVV ? Edhe zogjtë e malit e dinë ..,92,short_61_120,diferencë e log-probabiliteteve,2.441837024348672,1,True,correct
complement_nb,fake_1498,1498,1,fake,"Hapi i madh i Ramës, arreston zyrtarin e larte te LVV / Reagon Kurti ..",95,short_61_120,diferencë e log-probabiliteteve,3.673813615195627,1,True,correct
complement_nb,fake_1503,1503,1,fake,"Afrim Muqiqi jep lajmin e madh, nga kjo datë dasmat do të bahen dhe urime të gjithëve",83,short_61_120,diferencë e log-probabiliteteve,4.13736877325465,1,True,correct
complement_nb,fake_1511,1511,1,fake,"Ak sident i tm errshëm , treni g odet veturën me 5 u dhëtarë",90,short_61_120,diferencë e log-probabiliteteve,6.143472036182402,1,True,correct
complement_nb,fake_1513,1513,1,fake,"Ky është shteti, qytetarët e të cilit tr.adhtojnë më shumë partnerin",99,short_61_120,diferencë e log-probabiliteteve,4.673308274345288,1,True,correct
complement_nb,fake_1519,1519,1,fake,"Dorëzohet Vuçiqi, vendos ta pranon Republikën e Kosovës për shkak të kësaj arsye?",73,short_61_120,diferencë e log-probabiliteteve,7.148018855484622,1,True,correct
complement_nb,fake_1531,1531,1,fake,"E fundit! Shp.ërthen bo.mbula e gazit, e moshuara në gjendje të rëndë",92,short_61_120,diferencë e log-probabiliteteve,1.7834645232910589,1,True,correct
complement_nb,fake_1533,1533,1,fake,EKSLUZIVE – Ja kush po i kerkon Albinit debat televiziv nuk do ta besoni,87,short_61_120,diferencë e log-probabiliteteve,11.738146499569268,1,True,correct
complement_nb,fake_1538,1538,1,fake,"Ndërron jetë këngëtarja e njohur, pati g.oditje në tru",78,short_61_120,diferencë e log-probabiliteteve,3.518043408846779,1,True,correct
complement_nb,fake_1542,1542,1,fake,"HlSTORlA e shqiptarit që ka HABlTUR rrjetet sociaIe, a ja vIen të Ie gruan për rusen e pasur",100,short_61_120,diferencë e log-probabiliteteve,7.201054207480752,1,True,correct
complement_nb,fake_1544,1544,1,fake,"Gold AG p ublikon këngën e re, krejt Mediat serbe po shkruajn",88,short_61_120,diferencë e log-probabiliteteve,8.143840062701486,1,True,correct
complement_nb,fake_1545,1545,1,fake,Nuk do ta besoni qfare thote Glauk Konjufca per kreun e LVV-se,90,short_61_120,diferencë e log-probabiliteteve,8.083238295325316,1,True,correct
complement_nb,fake_1547,1547,1,fake,"Izraeli apo Turqia, cila e ka u shtrinë më të fortë",81,short_61_120,diferencë e log-probabiliteteve,0.41381897301965864,1,True,correct
complement_nb,fake_1551,1551,1,fake,"Presidentja E Kroacisë I’a Thotë Në Sy Mogherinit: Kosovës Duhet Të I’a Jepni Liberalizimin, Sepse Kosovarët E Meritojnë Këtë Gjë Dhe Shumë Gjëra Tjera!",91,short_61_120,diferencë e log-probabiliteteve,8.688842873536487,1,True,correct
complement_nb,fake_1552,1552,1,fake,E pabesueshme: Adelina rr.ëfen se si e ka kapur politikanin e njohur duke vje.dhur para,90,short_61_120,diferencë e log-probabiliteteve,8.89873722492797,1,True,correct
complement_nb,fake_1556,1556,1,fake,Jam tri.shtuar nga vd.ekja tra.gjike e të riut 26-vjeçar nga Gjilani,92,short_61_120,diferencë e log-probabiliteteve,5.3695437607197505,1,True,correct
complement_nb,fake_1557,1557,1,fake,"E FUNDIT: Paralajmërimi i Kurtit dr.idh Kosoven, ja qka tha",96,short_61_120,diferencë e log-probabiliteteve,9.823803326139569,1,True,correct
complement_nb,fake_1563,1563,1,fake,"Pacolli: Telefonin e kam përplot me kë.rcënime, jam i fr.ikësuar nga militantet e VV-së!!",100,short_61_120,diferencë e log-probabiliteteve,6.004100651310068,1,True,correct
complement_nb,fake_1564,1564,1,fake,"LDK para cop.ëtimit – ka përpl.asje të mëdha, zbulohet se disa figura të larta partiake",92,short_61_120,diferencë e log-probabiliteteve,2.298362469707172,1,True,correct
complement_nb,fake_1567,1567,1,fake,"Po pastronte shtëpinë e gjyshërve kur gjeti diçka në dysheme, kur e hapi u sh.okua nga ajo që pa",114,short_61_120,diferencë e log-probabiliteteve,6.202182946788298,1,True,correct
complement_nb,fake_1568,1568,1,fake,Lajm i mire/ Me ne fund del data se kur do levizim me makina pa marr leje,97,short_61_120,diferencë e log-probabiliteteve,6.2228563369922085,1,True,correct
complement_nb,fake_1569,1569,1,fake,Rama pu.blikon statistikat/ Shqipëria vendi europian që ka menaxhuar më mirë situatën e CoVi.d-19,111,short_61_120,diferencë e log-probabiliteteve,4.308241262286913,1,True,correct
complement_nb,fake_1574,1574,1,fake,Nuk ishte t.ërmet as v.ullkan por diçka e fr.ikshme që rallë kush …,99,short_61_120,diferencë e log-probabiliteteve,6.028951578210808,1,True,correct
complement_nb,fake_1593,1593,1,fake,Lajmi tr.ondit mediat greke e italiane: Nexhmija e dinte që Enveri…,101,short_61_120,diferencë e log-probabiliteteve,6.241798968485966,1,True,correct
complement_nb,fake_1594,1594,1,fake,"Pamje shokuese , gruaja hidhet nga ballkoni i PALLATIT ! (Video)",55,very_short_le_60,diferencë e log-probabiliteteve,11.700418238611519,1,True,correct
complement_nb,fake_1601,1601,1,fake,Vjen SUPER LAJMI Italianët bëjnë zbulimin që do na rikthejë në normalitet nga COVID-19,192,medium_121_250,diferencë e log-probabiliteteve,7.343965350467215,1,True,correct
complement_nb,fake_1606,1606,1,fake,"LAJMI I FUNDIT: E shpërfilli  virusin COVID-19, Presidenti del Pozitiv i…!",122,medium_121_250,diferencë e log-probabiliteteve,0.9766810185443546,1,True,correct
complement_nb,fake_1609,1609,1,fake,"LAJMI I FUNDIT: Ky është super lajm,Mjeku jep shpresë  sa i perket COVID-19, për popullin e Kosovës!",127,medium_121_250,diferencë e log-probabiliteteve,3.0256362170757143,1,True,correct
complement_nb,fake_1610,1610,1,fake,"LAJMI I FUNDIT: Tronditet skena politike, pas shum rastev me Koronavirus jep doreheqje Ministri i Shendetsise në…!",150,medium_121_250,diferencë e log-probabiliteteve,3.429285305150927,1,True,correct
complement_nb,fake_1611,1611,1,fake,E FUNDIT: Do befasoheni Çfarë i bëri sot bashkë Vjosa Osmanin dhe Albin Kurtin?,113,short_61_120,diferencë e log-probabiliteteve,10.7431292333373,1,True,correct
complement_nb,fake_1613,1613,1,fake,"Veton Surroi: UÇK nuk ishte ushtri çlirimtare, po kan lyp me…!",122,medium_121_250,diferencë e log-probabiliteteve,3.9083707339747775,1,True,correct
complement_nb,fake_1616,1616,1,fake,"LAJM I PAPRITUR KY!: Vjosa Osmani Presidente e vendit, ja si dhe kur mund të ndodh?",149,medium_121_250,diferencë e log-probabiliteteve,8.123956669346114,1,True,correct
complement_nb,fake_1619,1619,1,fake,Fatmir Limaj: ”Albini as pragun ska me kalu ne Zgjedhje te reja keni me pa O Popull”? – VIDEO,114,short_61_120,diferencë e log-probabiliteteve,14.780184217218334,1,True,correct
complement_nb,fake_1622,1622,1,fake,Shpërthen Ganimete Musliu kundër VV-së: Të pafytyrë e po t’ja…!,118,short_61_120,diferencë e log-probabiliteteve,4.4039114183036645,1,True,correct
complement_nb,fake_1624,1624,1,fake,"LAJMI I FUNDIT: Pas aktakuzës ndaj Thaçit e Veselit, PDK merr këtë vendim te papritur nga askush..!",132,medium_121_250,diferencë e log-probabiliteteve,4.78628019155866,1,True,correct
complement_nb,fake_1625,1625,1,fake,"Kjo video nga Glauk Konjufca ta bën Zemrën mal, Ja çka thoshte ai për Gjykatën Speciale",85,short_61_120,diferencë e log-probabiliteteve,8.542025376038112,1,True,correct
complement_nb,fake_1641,1641,1,fake,Tunës ka përfunduar në këtë gjendje pas shum se…!,78,short_61_120,diferencë e log-probabiliteteve,2.506210128682767,1,True,correct
complement_nb,fake_1647,1647,1,fake,"Nuk është më kryeministër, por Oriola tregon hapur simpatinë e saj për Albin Kurtin",104,short_61_120,diferencë e log-probabiliteteve,7.885188940477576,1,True,correct
complement_nb,fake_1648,1648,1,fake,Godet Thaci : o Albin e more popullin nqaf me ato protesta shikoje numrin e te inf ekt uarve o ti po lyp…?,92,short_61_120,diferencë e log-probabiliteteve,9.28775359885509,1,True,correct
complement_nb,fake_1653,1653,1,fake,Mjeku shqiptar trondit botën: Ja çfarë i pret të gjithë njerëzit e prekur nga COVID-19,375,long_gt_250,diferencë e log-probabiliteteve,-4.823807049551874,0,False,false_negative
complement_nb,fake_1655,1655,1,fake,LAJMI I FUNDIT – Ja cili politikan i VV-s do te arrestohet nga Gjykata Speciale,118,short_61_120,diferencë e log-probabiliteteve,14.551992657022254,1,True,correct
complement_nb,fake_1659,1659,1,fake,Kallashi O Albin Ta Hongsha Zemren Ty Je Zemra Kosoves Per Ty Kisha Vallzu Tanë Naten Ne…,151,medium_121_250,diferencë e log-probabiliteteve,21.491154907170653,1,True,correct
complement_nb,fake_1660,1660,1,fake,"Kosovë, Pacienti Me Koronavirus Nga Spitali I Qon “Selam“ Labinot Tahirit (Video)",129,medium_121_250,diferencë e log-probabiliteteve,15.93250433999566,1,True,correct
complement_nb,fake_1667,1667,1,fake,"VIDEO EKSLUZIVE:Nëse Ke Ndonjë Nga Këto Monedha, Mund Të Bëhesh Shumë I Pasur Ja Pse",196,medium_121_250,diferencë e log-probabiliteteve,2.080907868162285,1,True,correct
complement_nb,fake_1674,1674,1,fake,LAJMI I FUNDIT – Bota po perballet nga nje rre zik tjeter ja per qfar behet fjale,145,medium_121_250,diferencë e log-probabiliteteve,2.474124432241979,1,True,correct
complement_nb,fake_1675,1675,1,fake,Befason Thaçi: ‘Sa tjem gjall une Albini asnjehere nuk do te vendos per Kosoven sdo ta lejoj me…!,198,medium_121_250,diferencë e log-probabiliteteve,4.926815541358906,1,True,correct
complement_nb,fake_1676,1676,1,fake,Fatos Lubonja: Hashim Thaçi ka ber vepra te k eqia ndaj serbë të pafajshëm!! Ska vy me i bo,247,medium_121_250,diferencë e log-probabiliteteve,6.381428138134083,1,True,correct
complement_nb,fake_1687,1687,1,fake,Kjo Grua Nga Prishtina Në Ballkon Dhe Ajo Që Bën Më Ç.Mend Kalimtaret.. (Video),134,medium_121_250,diferencë e log-probabiliteteve,6.959985823511147,1,True,correct
complement_nb,fake_1692,1692,1,fake,LAJMI I FUNDIT – Nuk do ta besoni qfar do te ndodhe ne Kosove,135,medium_121_250,diferencë e log-probabiliteteve,-2.0201896580627476,0,False,false_negative
complement_nb,fake_1697,1697,1,fake,Shpallja e gjendjes së jashtëzakonshme në Kosovë/ Nuk do të ketë bllokim të plotë,167,medium_121_250,diferencë e log-probabiliteteve,7.7648200066998925,1,True,correct
complement_nb,fake_1698,1698,1,fake,"Prekese: Sot u bëra nene pas 10 viteve martes, jam Nene e Trinjakëve, kush me uron i dhent Zoti ate qe i mungon ..",221,medium_121_250,diferencë e log-probabiliteteve,14.672395413008246,1,True,correct
complement_nb,fake_1700,1700,1,fake,"Pipero: Jep lajmin e madh që e kemi pritur të gjithë, “Koronavirusi nuk do të…”",229,medium_121_250,diferencë e log-probabiliteteve,-3.6724465652617937,0,False,false_negative
complement_nb,fake_1711,1711,1,fake,Video Eksluzive: Shikojeni Çka I Ndodhi Ketij Mërgimtarit Nga Kosova Në Finlandë,173,medium_121_250,diferencë e log-probabiliteteve,6.501562259968864,1,True,correct
complement_nb,fake_1714,1714,1,fake,Godet Kallashi ja qka thot per Albinin nuk do ta besoni,159,medium_121_250,diferencë e log-probabiliteteve,10.558771434871403,1,True,correct
complement_nb,fake_1720,1720,1,fake,EKSLUZIVE – Vjosa Osmani zbulon detajet e partise te saj te re ja deputet sdo ta besoni,180,medium_121_250,diferencë e log-probabiliteteve,6.118297093156059,1,True,correct
complement_nb,fake_1729,1729,1,fake,Kush dhe pse e duan të vdekur Gani Gecin ???,177,medium_121_250,diferencë e log-probabiliteteve,8.997447695678034,1,True,correct
complement_nb,fake_1730,1730,1,fake,"Hoti do mbetet kryeministri më i suksesshëm në historinë e Kosovës, nëse Vuçiqi nuk e bën këtë",130,medium_121_250,diferencë e log-probabiliteteve,6.111005581421466,1,True,correct
complement_nb,fake_1732,1732,1,fake,Haki Abazi dridhe skenen politike ne Kosove me kete qe tha!,162,medium_121_250,diferencë e log-probabiliteteve,-3.020151032957699,0,False,false_negative
complement_nb,fake_1737,1737,1,fake,Paralajmërohet ‘tronditja’ e madhe për PDK-në: Ja dy përplasjet e forta në këtë parti,88,short_61_120,diferencë e log-probabiliteteve,15.507133023532958,1,True,correct
complement_nb,fake_1738,1738,1,fake,Tomë Gashi publikon videon e Besa Gaxherrit që tronditi Hashim Thaçin,122,medium_121_250,diferencë e log-probabiliteteve,14.730847592289422,1,True,correct
complement_nb,fake_1740,1740,1,fake,Lajm bomb: Arrestohet djali i deputeti te Partis Demokratike,99,short_61_120,diferencë e log-probabiliteteve,4.717028848565064,1,True,correct
complement_nb,fake_1742,1742,1,fake,A eshte normal ky njeri? Kjo qe tha Mustafo Nano per Kosoven do iu cmend dhe nervozoj,107,short_61_120,diferencë e log-probabiliteteve,14.504432809872924,1,True,correct
complement_nb,fake_1746,1746,1,fake,"Hiqen te gjitha dyshimet, Kjo eshte partia e re e formuar nga Vjosa Osmani",98,short_61_120,diferencë e log-probabiliteteve,14.014395180496876,1,True,correct
complement_nb,fake_1755,1755,1,fake,Çfarë sinjali po dërgon Ganimete Musliu tek Albin Kurti me një deklaratë të Ramush Haradinajt – përmendet vrasja e Fehmi Aganit!,65,short_61_120,diferencë e log-probabiliteteve,19.947675825821705,1,True,correct
complement_nb,fake_1757,1757,1,fake,"Ngjarje shokuese vjen nga Gjakova , atje sapo ndodhi kjo gje e keqe",69,short_61_120,diferencë e log-probabiliteteve,12.126281971205401,1,True,correct
complement_nb,fake_1767,1767,1,fake,"Pamje të rralla, kur Leonora Jakupi shetiste me aeroplan në Drenicë  VIDEO",95,short_61_120,diferencë e log-probabiliteteve,1.0361719393906128,1,True,correct
complement_nb,fake_1768,1768,1,fake,Paralajmëroj katastrofë në Kosovë: Ja çka thotë Lul Raka,79,short_61_120,diferencë e log-probabiliteteve,13.216531082107167,1,True,correct
complement_nb,fake_1783,1783,1,fake,"Një bionde kosovare kaq ekzotike, Blerta Veseli çmend me pozat në bikini",66,short_61_120,diferencë e log-probabiliteteve,16.40514427481594,1,True,correct
complement_nb,fake_1785,1785,1,fake,"Viti 2020 vit i mallkuar, Zbulohet virusi tjeter me i rrezikshme se Koronavirusi",76,short_61_120,diferencë e log-probabiliteteve,14.389247948364073,1,True,correct
complement_nb,fake_1790,1790,1,fake,"Vjen nje goditje e rende per Arben Vitine , edhe kjo u tha per te!",104,short_61_120,diferencë e log-probabiliteteve,12.227452065893885,1,True,correct
complement_nb,fake_1795,1795,1,fake,"Nora i deklason të gjitha, shfaqet veç në bikini nga plazhi ekspozon trupin si ‘peshk’",100,short_61_120,diferencë e log-probabiliteteve,12.270427001740018,1,True,correct
complement_nb,fake_1799,1799,1,fake,"Aksidente i rende ne Kosove , vdes ne vend ky person EMRI",67,short_61_120,diferencë e log-probabiliteteve,13.789831602082359,1,True,correct
complement_nb,fake_1804,1804,1,fake,ALARMANTE/ Qeveria Hoti po na çon në katastrofë DETAJE EKSKLUZIVE,165,medium_121_250,diferencë e log-probabiliteteve,-2.714471526669911,0,False,false_negative
complement_nb,fake_1811,1811,1,fake,Ky turp u dëgjua mbrëmë në Kosovë! Kështu bërtiti serbi,85,short_61_120,diferencë e log-probabiliteteve,11.15702238753056,1,True,correct
complement_nb,fake_1814,1814,1,fake,"Ekspertët japin në alarm tjetër të keq: Vala e dytë ne Kosove e Covid-19 do nisë, ja kur",226,medium_121_250,diferencë e log-probabiliteteve,6.267206252666369,1,True,correct
complement_nb,fake_1815,1815,1,fake,A ekziston Virusi apo jo? Ky eshte lajmi i Fundit,96,short_61_120,diferencë e log-probabiliteteve,8.953270474065903,1,True,correct
complement_nb,fake_1819,1819,1,fake,"Kina paralajmëron botën: Keni kujdes, pneumoni vdekjeprurëse nga Kazakistani!",112,short_61_120,diferencë e log-probabiliteteve,8.25250519858588,1,True,correct
complement_nb,fake_1820,1820,1,fake,"Shikon nje femije ne liqen, hyn ta shpetoje dhe shok.o.h.et nga ajo qe zbulon",89,short_61_120,diferencë e log-probabiliteteve,20.171681739862606,1,True,correct
complement_nb,fake_1826,1826,1,fake,"Hoteli 5 yje: 30 euro nata me ‘mëngjes, darkë dhe çadër’, bëhet fjalë për këtë bregdet të Shqipërisë",96,short_61_120,diferencë e log-probabiliteteve,14.191157759685382,1,True,correct
complement_nb,fake_1832,1832,1,fake,Publikohen emrat e nëntë aktorëve të ndarjes së Kosovës/ Sali Berisha: Ja trojka kryesore,109,short_61_120,diferencë e log-probabiliteteve,11.335484396127242,1,True,correct
complement_nb,fake_1834,1834,1,fake,"Gjendja e Jashtëzakonshme? Flet Hashim Thaçi, ka një thirrje të fundit për qytetarët e Kosovës",109,short_61_120,diferencë e log-probabiliteteve,9.529564012432047,1,True,correct
complement_nb,fake_1839,1839,1,fake,"Video Eksluzive:U Mundua T’i Prishte Martesën Me Tjetrën, I Shoqi E Tërheq Zvarrë Për Flokësh",104,short_61_120,diferencë e log-probabiliteteve,4.283248968564749,1,True,correct
complement_nb,fake_1848,1848,1,fake,Me këtë imazh Edona po e dëshmon që vajza po bëhet më e bukur se nëna,96,short_61_120,diferencë e log-probabiliteteve,-1.7311957075965552,0,False,false_negative
complement_nb,fake_1861,1861,1,fake,"Vetëm një lugë nga kjo përbërje çdo mëngjes dhe zorrët tuaja do të pastrohen nga mbetjet, në 2 minuta!",375,long_gt_250,diferencë e log-probabiliteteve,-2.7734652101880215,0,False,false_negative
complement_nb,fake_1873,1873,1,fake,Zbulim i ri: Kjo simptomë e re e koronavirusit po shfaqet tek të moshuarit,448,long_gt_250,diferencë e log-probabiliteteve,-7.591467850850449,0,False,false_negative
complement_nb,fake_1874,1874,1,fake,Si të bini nga pesha në dy javë duke konsumuar vezë të ziera,441,long_gt_250,diferencë e log-probabiliteteve,-0.6896858989426278,0,False,false_negative
complement_nb,fake_1885,1885,1,fake,"Infermierja e infektuar me Covid-19 i lutet kolegëve: Mos më lini të vdes, kam fëmijë",247,medium_121_250,diferencë e log-probabiliteteve,-3.2106252337967476,0,False,false_negative
complement_nb,fake_1894,1894,1,fake,"Merret nëpërmjet hundës, ky është ilaçi që pritet të kurojë koronavirusin",162,medium_121_250,diferencë e log-probabiliteteve,-1.843787316868088,0,False,false_negative
complement_nb,fake_1898,1898,1,fake,"Për kokë të mamit e kapa”, filmojnë “diskun” e çuditshëm që lëviz nëpër qiellin e Tiranës: Është UFO… e kapa, e kapa për Zotin e Madh!",100,short_61_120,diferencë e log-probabiliteteve,6.63254111925994,1,True,correct
complement_nb,fake_1904,1904,1,fake,"E mbajti të fshehtë, zbulohet më në fund kush është i dashuri i Fifit",130,medium_121_250,diferencë e log-probabiliteteve,4.790822880952248,1,True,correct
complement_nb,fake_1906,1906,1,fake,Befason profesori italian: Ka një kurë që e Zhduk Koronavirusin brenda 48 orëve,826,long_gt_250,diferencë e log-probabiliteteve,-6.279968256289521,0,False,false_negative
complement_nb,fake_1912,1912,1,fake,"Konfirmohet frika e kancelares Merkel, kjo është duke ndodhur me COVID-19 në Gjermani",206,medium_121_250,diferencë e log-probabiliteteve,-4.716534629814134,0,False,false_negative
complement_nb,fake_1913,1913,1,fake,Nuk ua merr mendja sa e bukur është bashkëshortja e Gold Ag,130,medium_121_250,diferencë e log-probabiliteteve,3.7240591404591896,1,True,correct
complement_nb,fake_1917,1917,1,fake,Hëna që ju zgjidhni tregon tipin e personit me të cilin do të dashuroheni,370,long_gt_250,diferencë e log-probabiliteteve,-4.738681247204511,0,False,false_negative
complement_nb,fake_1920,1920,1,fake,"Gjethet e limonit, zgjidhja natyrale për problemet me fytin, migrenën dhe astmën!",332,long_gt_250,diferencë e log-probabiliteteve,-2.382824121743056,0,False,false_negative
complement_nb,fake_1923,1923,1,fake,"Hoxha i njohur nga Peja: Shkuarja në diskotekë nuk është haram, unë vetëm kam qenë aty",129,medium_121_250,diferencë e log-probabiliteteve,1.8247935245484541,1,True,correct
complement_nb,fake_1925,1925,1,fake,"Te gjithe Shqiptaret lene koken pas tyre, por ja se cfare nuk keni ditur per to, kur ta merrni vesh do t’i hani dhe me shume",472,long_gt_250,diferencë e log-probabiliteteve,-1.7305306180685989,0,False,false_negative
complement_nb,fake_1928,1928,1,fake,Merrini gjethet e rrushit dhe ruajini ne ngrirje te frigoriferit dhe pervec japrakut ju do te beni dhe dicka tjeter fantastike,180,medium_121_250,diferencë e log-probabiliteteve,2.379611503016008,1,True,correct
complement_nb,fake_1931,1931,1,fake,Rezultoi 100% e suksesshme/ BE mbështet kurën izraelite kundër koronavirusit,171,medium_121_250,diferencë e log-probabiliteteve,-2.602321118106829,0,False,false_negative
complement_nb,fake_1932,1932,1,fake,Flet mjekja shqiptare në Kanada: Si të trajtoni virusin në kushtet e shtëpisë,2376,long_gt_250,diferencë e log-probabiliteteve,-13.331451552646854,0,False,false_negative
complement_nb,fake_1933,1933,1,fake,Erdogan vjen me një paralajmërim për mbarë njerëzimin,77,short_61_120,diferencë e log-probabiliteteve,4.076653654377594,1,True,correct
complement_nb,fake_1935,1935,1,fake,TRAGJlKE: Këngëtarja e njohur humb tre familjarë në një ditë prej Korona Virus,103,short_61_120,diferencë e log-probabiliteteve,5.094304434900266,1,True,correct
complement_nb,fake_1938,1938,1,fake,"Nobelisti japonez shokon botën: Koronavirusi u prodhua nga Kina, asnjë prej miqve të mi në Wuhan s’ma hap telefonin",353,long_gt_250,diferencë e log-probabiliteteve,-5.393090458194706,0,False,false_negative
complement_nb,fake_1939,1939,1,fake,Vjosa Osmani ia dërgon një “selam” LDK-së pak ditë para votimit të Qeverisë së re..,146,medium_121_250,diferencë e log-probabiliteteve,6.256048587216469,1,True,correct
complement_nb,fake_1951,1951,1,fake,Peci: Ukaj i tha kryetares Osmani “Ule gishtin se ta fus në b*** e ta…!?”,189,medium_121_250,diferencë e log-probabiliteteve,4.808585141906519,1,True,correct
complement_nb,fake_1960,1960,1,fake,"LAJMI I FUNDIT: Ky eshte vendimi i Vjosa Osmanit, formon partin e re?",117,short_61_120,diferencë e log-probabiliteteve,6.834762101112631,1,True,correct
complement_nb,fake_1963,1963,1,fake,"Me rrudha dhe e plakur, ‘Nermin’ nuk njihet më!",94,short_61_120,diferencë e log-probabiliteteve,16.911502047585884,1,True,correct
complement_nb,fake_1967,1967,1,fake,"Lajm i madh sapo erdhi, nga Gjermania per Kosovën! URIMEE!",81,short_61_120,diferencë e log-probabiliteteve,8.762534161252859,1,True,correct
complement_nb,fake_1979,1979,1,fake,Lajm i madh sa erdhi nga Gjermani: Ja kur do të hiqen vizat për Kosovën! URIMEE!,118,short_61_120,diferencë e log-probabiliteteve,9.66426763532121,1,True,correct
complement_nb,fake_1982,1982,1,fake,LAJMI I FUNDIT – Grenell merr kete vendim per Kosoven URIME !,106,short_61_120,diferencë e log-probabiliteteve,5.532129419398473,1,True,correct
complement_nb,fake_1988,1988,1,fake,"E FUNDIT: Harrojeni Koronavirusin, Ngjarje e rende po ndodhe ne Kosove",79,short_61_120,diferencë e log-probabiliteteve,6.118427490201611,1,True,correct
complement_nb,fake_1991,1991,1,fake,Eskalon gjithqka Gashi- Vjosa Osmanit: A je normal…? – Reagon kryeparlamentarja,120,short_61_120,diferencë e log-probabiliteteve,1.8677241316697746,1,True,correct
