model,article_id,pair_id,label,label_name,title,word_count,length_group,probability_real,probability_fake,binary_prediction,decision,prediction_correct,error_type
word_tfidf,true_24,24,0,real,"Po, pajtohem me ambasadorin e ShBA-së",391,long_gt_250,0.9919205545662525,0.008079445433747551,0,likely_real,True,correct
word_tfidf,true_30,30,0,real,Zemaj: Testi për COVID-19 nuk u kërkohet qytetarëve që vijnë nga Shqipëria dhe Serbia,362,long_gt_250,0.9913100064631392,0.008689993536860851,0,likely_real,True,correct
word_tfidf,true_31,31,0,real,Mjeku shqiptar: Mos u ndjeni të mbrojtur apo supermenë vetëm se keni maskë!,175,medium_121_250,0.6722343428207591,0.32776565717924094,0,uncertain,True,correct
word_tfidf,true_33,33,0,real,LVV në Tiranë kundër ndryshimeve kushtetuese: Deformojnë vullnetin e qytetarëve dhe sistemin zgjedhor,488,long_gt_250,0.9802619265043876,0.019738073495612418,0,likely_real,True,correct
word_tfidf,true_45,45,0,real,BE demanton mediat serbe të cilat raportuan se Brukseli po i jep ultimatum Serbisë për Kosovën,213,medium_121_250,0.7275291929825651,0.2724708070174348,0,likely_real,True,correct
word_tfidf,true_46,46,0,real,"Reagon Mimoza Kusari për sulmin ndaj deputetit të VV-së: Kur ju iku marrja, ju iku edhe mendja e gënjejnë pa turp",118,short_61_120,0.39341145308129066,0.6065885469187093,1,uncertain,False,false_positive
word_tfidf,true_50,50,0,real,"Detyrim për test corone në Gjermani, por si funksionon ai?",775,long_gt_250,0.978418221724458,0.021581778275541995,0,likely_real,True,correct
word_tfidf,true_57,57,0,real,"Hoti: Autobusët, taksitë dhe kombibusët do të punojnë me gjysmën e kapaciteteve",65,short_61_120,0.8172869792822157,0.18271302071778428,0,likely_real,True,correct
word_tfidf,true_60,60,0,real,33-vjeçarja e sëmurë u përdhunua nga fqinji/ Apeli prekës i vëllait,262,long_gt_250,0.9182836220356387,0.08171637796436121,0,likely_real,True,correct
word_tfidf,true_64,64,0,real,"Thaçi viziton familjen e Murat dhe Enver Halitit, ndan urdhërin “Hero i Kosovës”",148,medium_121_250,0.38101290719977576,0.6189870928002242,1,uncertain,False,false_positive
word_tfidf,true_66,66,0,real,Gjiganti turk bën gati ofertën zyrtare për djaloshin e Kosovës,209,medium_121_250,0.9529514704778721,0.04704852952212791,0,likely_real,True,correct
word_tfidf,true_68,68,0,real,Zemaj e konfirmon: Qytetarëve të Shqipërisë që hyjnë në Kosovë nuk u kërkohet testi Covid-19,190,medium_121_250,0.9228421620626791,0.0771578379373209,0,likely_real,True,correct
word_tfidf,true_70,70,0,real,"Nis Haxhi, BIK ka një njoftim për besimtarët myslimanë",199,medium_121_250,0.9231515441633834,0.07684845583661663,0,likely_real,True,correct
word_tfidf,true_71,71,0,real,"Çfarë kërkuan serbet në Rambuje, e çfarë po kërkon sot Serbia nga Kosova",245,medium_121_250,0.9184598093720395,0.08154019062796053,0,likely_real,True,correct
word_tfidf,true_77,77,0,real,Qeveria po na e bëjka varrimin kur të vdesim nga COVID-19...,127,medium_121_250,0.8772633791691726,0.12273662083082736,0,likely_real,True,correct
word_tfidf,true_79,79,0,real,Mësoni kush është bashkëshortja e Driton Selmanajt,171,medium_121_250,0.4159757274541471,0.5840242725458529,1,uncertain,False,false_positive
word_tfidf,true_100,100,0,real,Parashikon Albulena Haxhiu: Shpejt shihemi në zgjedhje të jashtëzakonshme,258,long_gt_250,0.951340126499862,0.04865987350013803,0,likely_real,True,correct
word_tfidf,true_101,101,0,real,"Gjurmimi i COVID-19, cilat vende po e përjetojnë valën e dytë?",597,long_gt_250,0.9884287497208601,0.011571250279139822,0,likely_real,True,correct
word_tfidf,true_110,110,0,real,"Arbana Xharra: Erdogan ndërton xhami te ne, kurse në Serbi çon biznesmenë",270,long_gt_250,0.8581236956137432,0.14187630438625679,0,likely_real,True,correct
word_tfidf,true_112,112,0,real,"Masat kundër pandemisë, qeveria merr vendim edhe për çerdhet",74,short_61_120,0.8799390303886184,0.12006096961138159,0,likely_real,True,correct
word_tfidf,true_116,116,0,real,Shtyhet gjykimi ndaj të akuzuarve për vrasjen e rojës së lokalit “Bon Vivant”,1192,long_gt_250,0.9990642554674417,0.000935744532558248,0,likely_real,True,correct
word_tfidf,true_121,121,0,real,"Makiqi: Zotëri Hashani, kjo që e ke shkruar është rrena më e madhe! Qysh ki fytyrë...",973,long_gt_250,0.9827962321634351,0.01720376783656488,0,likely_real,True,correct
word_tfidf,true_124,124,0,real,Ja vendimet e fundit nga Qeveria e Kosovës për aktivitetet kulturore e sportive,101,short_61_120,0.7820320034947428,0.21796799650525717,0,likely_real,True,correct
word_tfidf,true_125,125,0,real,"Më në fund, Isa Mustafa e “pranoi” se e prishi koalicionin me VV-në",293,long_gt_250,0.7583240448628032,0.24167595513719675,0,likely_real,True,correct
word_tfidf,true_129,129,0,real,"Burri pranon vrasjen e gruas gjatë pushimeve në Francë, para se të merrte avionin për t’u kthyer",365,long_gt_250,0.9799698417540346,0.020030158245965383,0,likely_real,True,correct
word_tfidf,true_136,136,0,real,“Rrethohet Kuvendi i Kosovës - rrahën e shkallmohen në dajak - Deputetët e VV-së!?”,165,medium_121_250,0.9172143480515341,0.08278565194846585,0,likely_real,True,correct
word_tfidf,true_163,163,0,real,Kujtim Shala polemizon me Meliza Haradinajn,179,medium_121_250,0.9086136348496741,0.09138636515032596,0,likely_real,True,correct
word_tfidf,true_164,164,0,real,Flet zëvendëskryemistrja: Nuk do të ketë vendim që obligon qytetarët të vetizolohen pas kthimit nga Shqipëria,393,long_gt_250,0.9678894733071698,0.03211052669283024,0,likely_real,True,correct
word_tfidf,true_169,169,0,real,Deputetja Albena Reshitaj tregon se është shëruar nga koronavirusi,231,medium_121_250,0.8544433516795101,0.14555664832048984,0,likely_real,True,correct
word_tfidf,true_174,174,0,real,"Hashani: Aziz Makiqi, ku keni qenë ju gjatë okupimit?",181,medium_121_250,0.7254856662213591,0.27451433377864093,0,likely_real,True,correct
word_tfidf,true_176,176,0,real,"Ministri Reçica viziton OVL-në, të lejohet përfitimi i pensioneve",224,medium_121_250,0.9256319985855134,0.07436800141448663,0,likely_real,True,correct
word_tfidf,true_186,186,0,real,Aziz Makiqi: Disa njerëz në FHK kanë bërë çmos të mos na lejojnë t’i afrohemi Federatës,1091,long_gt_250,0.9981741014695239,0.0018258985304760815,0,likely_real,True,correct
word_tfidf,true_189,189,0,real,Novosti: Tri vende janë të gatshme të rishqyrtojnë vendimin për njohjen e Kosovës,183,medium_121_250,0.9302855894807779,0.0697144105192221,0,likely_real,True,correct
word_tfidf,true_195,195,0,real,Ky është deputeti i radhës nga Vetëvendosje i infektuar me COVID-19,97,short_61_120,0.739430897024508,0.26056910297549196,0,likely_real,True,correct
word_tfidf,true_197,197,0,real,Kryetari i Prizrenit “ashpërsohet” me masat e Qeverisë,211,medium_121_250,0.948431655393476,0.051568344606524014,0,likely_real,True,correct
word_tfidf,true_204,204,0,real,"A do të falet Kurban Bajrami në xhami? – Zemaj: Tubimet në masë, nga dita e nesërme do të ndalohen",197,medium_121_250,0.9011552203490965,0.09884477965090349,0,likely_real,True,correct
word_tfidf,true_211,211,0,real,Google merr vendimin e papritur për punonjësit e vet,158,medium_121_250,0.7684048507123536,0.23159514928764635,0,likely_real,True,correct
word_tfidf,true_212,212,0,real,"I moshuari nga Ferizaj akuzon shumë rëndë Thaçin dhe Veselin, kërkon të hiqet fotografia e tyre",118,short_61_120,0.2425319863235771,0.7574680136764229,1,likely_fake,False,false_positive
word_tfidf,true_213,213,0,real,"Tetë të vdekur e numër rekord rastesh të reja me COVID-19, vjen alarmi i zyrtarit të LDK-së: Gjendja është shumë serioze",212,medium_121_250,0.9677606603032926,0.032239339696707475,0,likely_real,True,correct
word_tfidf,true_219,219,0,real,"Policia ndalon ngjarjen, boksieri shqiptar nuk kursehet: Kush ma paguan...",429,long_gt_250,0.9781385879391271,0.02186141206087284,0,likely_real,True,correct
word_tfidf,true_221,221,0,real,"Emocionuese, mërgimtari takohet me prindërit pas pesë vitesh",151,medium_121_250,0.13458010807758214,0.8654198919224179,1,likely_fake,False,false_positive
word_tfidf,true_232,232,0,real,Këshilltari i Bidenit e vlerëson lart Thaçin,170,medium_121_250,0.5038424306063541,0.49615756939364586,0,uncertain,True,correct
word_tfidf,true_234,234,0,real,"“Oj e shkretë”, kështu Vjosa Osmani i përgjigjet Avdullah Hotit",177,medium_121_250,0.4896427905592864,0.5103572094407136,1,uncertain,False,false_positive
word_tfidf,true_238,238,0,real,Mehmeti: Hotin askush nuk e merr për seriozisht,236,medium_121_250,0.954792432671691,0.04520756732830896,0,likely_real,True,correct
word_tfidf,true_240,240,0,real,Raporti evropian: Si e kapën shqiptarët tregun e drogës ne Evropë me çmime të ulëta dhe cilësi të lartë,1495,long_gt_250,0.9985455961000059,0.001454403899994021,0,likely_real,True,correct
word_tfidf,true_248,248,0,real,"Cubat e maleve, s'ka kush i bën bashkë?!",624,long_gt_250,0.24919140526097794,0.7508085947390221,1,likely_fake,False,false_positive
word_tfidf,true_252,252,0,real,"Flet Jakup Krasniqi pasi rezultoi pozitiv me Covid-19, tregon për gjendjen",108,short_61_120,0.7771333615266236,0.22286663847337634,0,likely_real,True,correct
word_tfidf,true_255,255,0,real,"Haradinaj: Nuk e di çfarë ka ndodhur në takimin Hoti-Vuçiq, por nuk besoj se Hoti bëri ndonjë tradhti",253,long_gt_250,0.793297127248406,0.20670287275159402,0,likely_real,True,correct
word_tfidf,true_257,257,0,real,Si u bë feja islame kaq e ‘gjallë’ dhe atraktive!,990,long_gt_250,0.9904958088964968,0.009504191103503206,0,likely_real,True,correct
word_tfidf,true_262,262,0,real,Caktohet një muaj paraburgim për 40-vjeçarin që ia preu kokën babait me sëpatë në Fushë Kosovë,171,medium_121_250,0.8739208786200255,0.12607912137997448,0,likely_real,True,correct
word_tfidf,true_267,267,0,real,Driton Selmanaj jep lajmin e fundit për kompleksin memorial “Adem Jashari”,153,medium_121_250,0.7511373374592958,0.24886266254070422,0,likely_real,True,correct
word_tfidf,true_271,271,0,real,"BE ende pa vendim për rihapjen e kufijve, amerikanët pritet të përjashtohen",480,long_gt_250,0.9913991077686376,0.00860089223136239,0,likely_real,True,correct
word_tfidf,true_276,276,0,real,“Gazeta “Bota sot” shkatërron të këqijtë dhe përkrahë vlerat e përjetshme kombëtare”,223,medium_121_250,0.8624290419172617,0.13757095808273834,0,likely_real,True,correct
word_tfidf,true_282,282,0,real,"Zogaj: “Bota sot”, zëdhënëse e shqiptarëve për liri",797,long_gt_250,0.9972388875505122,0.0027611124494878714,0,likely_real,True,correct
word_tfidf,true_290,290,0,real,"Përdhunime, aborte… Detaje tronditëse, çfarë ndodh me gratë në burgjet e Koresë së Veriut",249,medium_121_250,0.9272928917350852,0.07270710826491476,0,likely_real,True,correct
word_tfidf,true_298,298,0,real,Pse këto salca janë më të famshmet në botë?,342,long_gt_250,0.9893188123574316,0.01068118764256843,0,likely_real,True,correct
word_tfidf,true_299,299,0,real,"“Kini mëshirë, dua të takoj fëmijët” Thirrja e të moshuarës shqiptare nga kampi sirian",191,medium_121_250,0.8076004502119735,0.19239954978802656,0,likely_real,True,correct
word_tfidf,true_301,301,0,real,Zvicra nuk e përjashton testimin e detyrueshëm në aeroporte,433,long_gt_250,0.9357521204324379,0.06424787956756209,0,likely_real,True,correct
word_tfidf,true_304,304,0,real,Llapi angazhon trajner nga Afrika e Jugut,324,long_gt_250,0.8861147682387223,0.1138852317612777,0,likely_real,True,correct
word_tfidf,true_306,306,0,real,"Pavarësisht masave kundër COVID-19, xhamitë mbeten të hapura, të premten falet namazi i Kurban Bajramit",282,long_gt_250,0.928298600974762,0.07170139902523798,0,likely_real,True,correct
word_tfidf,true_307,307,0,real,"Shkuan t’i prangosin, por komisionerët kishin vdekur! Kreu i SPAK: Nuk ishin ç’regjistruar, hetimi ishte sekret",341,long_gt_250,0.9400602135240238,0.05993978647597619,0,likely_real,True,correct
word_tfidf,true_308,308,0,real,"Pesë muaj pasi u dogj në veturë, presidenti Thaçi e shpall hero Qerim Kelmendin",201,medium_121_250,0.584052616870938,0.415947383129062,0,uncertain,True,correct
word_tfidf,true_317,317,0,real,Bastoret parashikojnë fituesin e Kupës së Kosovës,336,long_gt_250,0.9619412238899764,0.03805877611002363,0,likely_real,True,correct
word_tfidf,true_323,323,0,real,Lautaro Martinez shënon gol të çmendur kundër Napolit,65,short_61_120,0.4049091284274581,0.5950908715725419,1,uncertain,False,false_positive
word_tfidf,true_325,325,0,real,Ekskluzive: Flet protagonistja e videos virale “O shac”,293,long_gt_250,0.7207611889726453,0.27923881102735465,0,likely_real,True,correct
word_tfidf,true_332,332,0,real,"Goditje e rëndë për Arsenalin, Shkodran Mustafi mungon deri në tetor",163,medium_121_250,0.896872842829342,0.10312715717065807,0,likely_real,True,correct
word_tfidf,true_343,343,0,real,"“Përplasje fizike LDK-VV në Kuvend”, Gashi mohon të ketë pasur incident",104,short_61_120,0.8820089373153465,0.11799106268465355,0,likely_real,True,correct
word_tfidf,true_345,345,0,real,"Fieraku lind me 6 gishta e probleme mendore, prindërit shpërthejnë në lot: Na dhunon, mos të ishin komshinjtë, sot do kishim 2 varre!",765,long_gt_250,0.9462524087212998,0.053747591278700164,0,likely_real,True,correct
word_tfidf,true_351,351,0,real,Lë punën shitësi që nuk bëri asnjë ditë pushim për 38 vite radhazi,200,medium_121_250,0.7673789257681402,0.23262107423185982,0,likely_real,True,correct
word_tfidf,true_352,352,0,real,"‘Do vriste katër persona’, policia aksion për kapjen e një të dënuari, në kërkim prej 5 vitesh. Ja ku u gjet",202,medium_121_250,0.9547269018220074,0.045273098177992674,0,likely_real,True,correct
word_tfidf,true_353,353,0,real,"Valbon Krasniqi: Jemi keq, i lus qytetarët të jenë të kujdesshëm",450,long_gt_250,0.9934224968532331,0.006577503146766896,0,likely_real,True,correct
word_tfidf,true_354,354,0,real,Aksident i rëndë në Prizren: Çiklisti goditet nga një veturë e cila e hedh disa metra larg,158,medium_121_250,0.7369177454614957,0.26308225453850437,0,likely_real,True,correct
word_tfidf,true_355,355,0,real,"Andy Ruiz reklamon transformimin, para kthimit në ring",162,medium_121_250,0.8048565769858602,0.19514342301413976,0,likely_real,True,correct
word_tfidf,true_362,362,0,real,Protestojnë artistët: Askush nuk mund ta rishkruajë Historinë e Kosovës,184,medium_121_250,0.5040908952985013,0.49590910470149874,0,uncertain,True,correct
word_tfidf,true_367,367,0,real,“100 € për shërbim ekstra” Si i zbuloi agjenti i infiltruar 3 qendra estetike prostitucioni,652,long_gt_250,0.9723111521632299,0.02768884783677001,0,likely_real,True,correct
word_tfidf,true_368,368,0,real,"“Gjuhen” me fjalë, Rina Balaj e Erza Jusaj",252,long_gt_250,0.9368128837503935,0.06318711624960653,0,likely_real,True,correct
word_tfidf,true_369,369,0,real,Haziri i ashpërson kritikat ndaj Hotit: Nuk jam kryetar për të numëruar të vdekurit nga Covid-19,266,long_gt_250,0.9735582406839524,0.026441759316047652,0,likely_real,True,correct
word_tfidf,true_375,375,0,real,"Nga abstenimi i Xhafës tek ‘mungesa’ e Elisës, si u votua për shkarkimin e Metës",198,medium_121_250,0.566965410438236,0.433034589561764,0,uncertain,True,correct
word_tfidf,true_383,383,0,real,"Gjermania vendi më i pëlqyer në botë, lë pas SHBA, Kinën dhe Rusinë",230,medium_121_250,0.9330397197110298,0.06696028028897022,0,likely_real,True,correct
word_tfidf,true_384,384,0,real,"Edi Rama ia uron Lorik Canës ditëlindjen, paralajmëron bashkim kombëtar",451,long_gt_250,0.9726748182772234,0.027325181722776648,0,likely_real,True,correct
word_tfidf,true_394,394,0,real,Gjermania refuzon propozimin e Trumpit për lejimin e kthimit të Rusisë në Grupin G7,247,medium_121_250,0.7867270061920671,0.21327299380793288,0,likely_real,True,correct
word_tfidf,true_395,395,0,real,"Njihuni me fshatin ku paraja dhe pushteti nuk kanë vlerë, çdo gjë falas",272,long_gt_250,0.8942430001503997,0.10575699984960028,0,likely_real,True,correct
word_tfidf,true_412,412,0,real,"Ischinger lobon për heqjen e vizave, von Cramon i reagon: Mos harro t’ua thash këtë Macronit dhe Rutte’s",170,medium_121_250,0.30464163378531595,0.695358366214684,1,uncertain,False,false_positive
word_tfidf,true_415,415,0,real,Takimi Vuçiq – Vahrleyi u zhvillua në zyrat e misionit serb – aty ishte libri që ka në titull fjalët “Kosova dhe Metohia”,165,medium_121_250,0.8396164977901681,0.16038350220983186,0,likely_real,True,correct
word_tfidf,true_417,417,0,real,"Vdesin 2 persona nga covid19 në Shqipëri, shkon në 53 numri i qytetarëve që kanë humbur jetën",87,short_61_120,0.7963604343796186,0.20363956562038146,0,likely_real,True,correct
word_tfidf,true_423,423,0,real,Kryeprokurori: Ende s’dihet nëse Agon Musliu bëri vetëvrasje apo dikush e shtyri në vrasje,424,long_gt_250,0.992373878049048,0.007626121950952027,0,likely_real,True,correct
word_tfidf,true_428,428,0,real,Grenell lajmërohet për takimin në Washington: Kosova dhe Serbia duhet ta shfrytëzojnë këtë mundësi,205,medium_121_250,0.8372151844559177,0.16278481554408236,0,likely_real,True,correct
word_tfidf,true_430,430,0,real,"Labi: 87 vjeçares nga Istogu që mbeti e vetme 30 vjet më parë, pension 200 euro që prej sot",398,long_gt_250,0.9222609144416004,0.07773908555839959,0,likely_real,True,correct
word_tfidf,true_433,433,0,real,Kek super i butë – Shije e lehtë fantastike,449,long_gt_250,0.8323147541101724,0.1676852458898276,0,likely_real,True,correct
word_tfidf,true_434,434,0,real,​FSSHK kërkon në kuadër të rishikimit të buxhetit të aprovohet edhe shtesa në paga,192,medium_121_250,0.9184993373758383,0.08150066262416172,0,likely_real,True,correct
word_tfidf,true_439,439,0,real,"Dikur jetoi në shpellë, sot është një nga liderët më të fuqishëm në botë",1196,long_gt_250,0.9962303771478831,0.0037696228521168903,0,likely_real,True,correct
word_tfidf,true_451,451,0,real,"Kaq të rinjë prindërit e Taynes, sikur t’i kishte vëlla e motër",139,medium_121_250,0.8225217765459312,0.17747822345406883,0,likely_real,True,correct
word_tfidf,true_454,454,0,real,Disa arsye se përse nuk duhet të flini përmbys,210,medium_121_250,0.7825082172034696,0.21749178279653034,0,likely_real,True,correct
word_tfidf,true_463,463,0,real,"Gjyste Vulaj sfidon moshën, me foton e fundit la edhe njëherë nën hije vajzat e reja",113,short_61_120,0.3712093210783143,0.6287906789216857,1,uncertain,False,false_positive
word_tfidf,true_465,465,0,real,Zgjerimi i familjes? Milot Rashica flet për planet,70,short_61_120,0.169992115662158,0.830007884337842,1,likely_fake,False,false_positive
word_tfidf,true_472,472,0,real,"Elsa, vajza e Safetes jo veç këngëtare, ky është profesioni tjetër i saj",118,short_61_120,0.8036448195044523,0.19635518049554768,0,likely_real,True,correct
word_tfidf,true_479,479,0,real,Mustafa i reagon VV-së: Akademik Kujtim Shala me dije…,168,medium_121_250,0.8322602797158716,0.16773972028412842,0,likely_real,True,correct
word_tfidf,true_480,480,0,real,Sa palë syza ka Leonora Jakupi,106,short_61_120,0.5064428577347935,0.49355714226520647,0,uncertain,True,correct
word_tfidf,true_481,481,0,real,Vjollca Haxhiu realizon foto të bukur në Dubai,77,short_61_120,0.5178545164461388,0.48214548355386116,0,uncertain,True,correct
word_tfidf,true_483,483,0,real,Ky burrë e ha specin më të djegës në botë pa pirë asgjë,133,medium_121_250,0.8563143389795722,0.14368566102042774,0,likely_real,True,correct
word_tfidf,true_486,486,0,real,Miss Valentina shfaqet superseksi me të zeza,62,short_61_120,0.6188478182858383,0.38115218171416165,0,uncertain,True,correct
word_tfidf,true_495,495,0,real,"‘Eh moj Sara Hoxha mbas 5 vitesh, kur ta kapësh duke të të tradhtuar këtë laper’",238,medium_121_250,0.5321704089415868,0.46782959105841315,0,uncertain,True,correct
word_tfidf,true_496,496,0,real,Në këto komuna janë konfirmuar 276 rastet e reja me koronavirus,113,short_61_120,0.8918800773244492,0.10811992267555086,0,likely_real,True,correct
word_tfidf,true_508,508,0,real,Trajneri i njohur shqiptar ndërron jetë shkaku i Koronavirusit,128,medium_121_250,0.45971778215415915,0.5402822178458409,1,uncertain,False,false_positive
word_tfidf,true_515,515,0,real,"Është 53 vjeç, por në këtë foto Eli Fara duket si një vajzë e re",102,short_61_120,0.8060353902836463,0.19396460971635368,0,likely_real,True,correct
word_tfidf,true_520,520,0,real,Cilat janë simptomat që tregojnë nëse e keni kaluar koronavirusin,272,long_gt_250,0.44910763961188604,0.550892360388114,1,uncertain,False,false_positive
word_tfidf,true_527,527,0,real,Sa shumë kanë ndryshuar aktorët e serialit “Kloni”,134,medium_121_250,0.6900494920991853,0.30995050790081463,0,uncertain,True,correct
word_tfidf,true_528,528,0,real,"Një yll si Oriola Marashi, ndriçon edhe në mbrëmje",110,short_61_120,0.8610790447881378,0.13892095521186226,0,likely_real,True,correct
word_tfidf,true_530,530,0,real,Morena ‘rrëzohet’ në rrafsh,63,short_61_120,0.3479368094291432,0.6520631905708568,1,uncertain,False,false_positive
word_tfidf,true_531,531,0,real,"Ndërron jetë edhe një person i infektuar me Covid-19, nga Peja",57,very_short_le_60,0.7063643680498316,0.2936356319501684,0,likely_real,True,correct
word_tfidf,true_535,535,0,real,Loredana: Zemër ty a të ka marrë malli?,154,medium_121_250,0.9301353621305515,0.0698646378694485,0,likely_real,True,correct
word_tfidf,true_536,536,0,real,Arta Bajrami me çizme të gjata në pikë të verës,87,short_61_120,0.6009763967741459,0.3990236032258541,0,uncertain,True,correct
word_tfidf,true_539,539,0,real,"Bukë me vaj, djathë e domate, pushuesi ndan fotot modeste nga Spilleja: Kaq kemi mundësi…",166,medium_121_250,0.4099886853622732,0.5900113146377268,1,uncertain,False,false_positive
word_tfidf,true_544,544,0,real,"Besojeni ose jo, kjo ndërtesë nuk u shemb as me 300 kilogram tritol",72,short_61_120,0.3402360516650702,0.6597639483349298,1,uncertain,False,false_positive
word_tfidf,true_545,545,0,real,Zyrtarja e huaj: Gratë mund të mbesin shtatzëna nëse notojnë bashkë me burrat,203,medium_121_250,0.8255802798778887,0.17441972012211127,0,likely_real,True,correct
word_tfidf,true_553,553,0,real,MIloti e xhiron Edonën prapa kamerave,86,short_61_120,0.8952048607697752,0.10479513923022479,0,likely_real,True,correct
word_tfidf,true_555,555,0,real,Atletes i ndodh e papritura gjatë ushtrimeve në palestër,88,short_61_120,0.5941454569684423,0.4058545430315577,0,uncertain,True,correct
word_tfidf,true_556,556,0,real,"Vila e Esat pashë Toptanit, në fshatin Reth të Durrësit",283,long_gt_250,0.9731389330854351,0.026861066914564878,0,likely_real,True,correct
word_tfidf,true_571,571,0,real,Kështu e zuri babai i saj Shyhreten me të dashurin,212,medium_121_250,0.8158822348210415,0.18411776517895848,0,likely_real,True,correct
word_tfidf,true_573,573,0,real,"Thënie të Ibrahim Rugovës: Kokën mund të ma ndërrojnë, por mendimin kurrë!",461,long_gt_250,0.992039042811406,0.007960957188594043,0,likely_real,True,correct
word_tfidf,true_580,580,0,real,"Dua Lipa lanson këngën e re, Tokyo e ‘Casa de Papel’ shkëlqen në videoklip",129,medium_121_250,0.7762494277561848,0.2237505722438152,0,likely_real,True,correct
word_tfidf,true_582,582,0,real,"Sërish viza gjermane për ata me kontratë pune, por edhe pengesa",1095,long_gt_250,0.987150168956049,0.012849831043951028,0,likely_real,True,correct
word_tfidf,true_583,583,0,real,Covid-19 u merr jetën dy mjekëve kosovarë,241,medium_121_250,0.877176169872179,0.122823830127821,0,likely_real,True,correct
word_tfidf,true_584,584,0,real,Adelina e tepron me fustanin e shkurtër,76,short_61_120,0.7250251948215085,0.27497480517849154,0,likely_real,True,correct
word_tfidf,true_585,585,0,real,"Sejdiu i gatshëm të kandidojë për president, nëse dorëhiqet Thaçi",152,medium_121_250,0.3391309197559028,0.6608690802440972,1,uncertain,False,false_positive
word_tfidf,true_586,586,0,real,Menjëherë fshijeni nësë ju vjen ky mesazh në telefon,206,medium_121_250,0.3203468229008736,0.6796531770991264,1,uncertain,False,false_positive
word_tfidf,true_592,592,0,real,"Kejvina bombastike, merr gjithë vëmendjen me paraqitjen e fundit!",90,short_61_120,0.26145766855816044,0.7385423314418396,1,likely_fake,False,false_positive
word_tfidf,true_600,600,0,real,Gjashtë simptomat të lehta të Coronavirust që duhet t’i dini,1467,long_gt_250,0.9989649822643528,0.0010350177356471485,0,likely_real,True,correct
word_tfidf,true_603,603,0,real,Krasniqi: Sot i kemi sjell para falimentimit të gjithë gastronomët e Kosovës,401,long_gt_250,0.982167003849518,0.017832996150481912,0,likely_real,True,correct
word_tfidf,true_608,608,0,real,Pse duhet të konsumoni limon çdo ditë?,170,medium_121_250,0.8365447581843419,0.16345524181565804,0,likely_real,True,correct
word_tfidf,true_611,611,0,real,"E pabesueshme, por ky do jetë çmimi i vaksinës për trajtimin e Covid 19",187,medium_121_250,0.6888190777992783,0.3111809222007217,0,uncertain,True,correct
word_tfidf,true_612,612,0,real,A do të zgjatet leja për punëtorët nga Kosova në Gjermani?,163,medium_121_250,0.8512766903529505,0.14872330964704944,0,likely_real,True,correct
word_tfidf,true_614,614,0,real,Vjen edhe reagimi i Leonora Jakupit për ndërtimin e xhamisë në Prishtinë,75,short_61_120,0.8328746171557257,0.16712538284427425,0,likely_real,True,correct
word_tfidf,true_618,618,0,real,Haradinaj “godet” Hotin: Pse nuk e pyete edhe ti Vuçiqin a din shqip?,244,medium_121_250,0.4591230531231135,0.5408769468768865,1,uncertain,False,false_positive
word_tfidf,true_619,619,0,real,"Haradinaj paralajmëron prishjen e koalicionit, i pakënaqur me Kryeministrin Hoti",167,medium_121_250,0.46529533676991164,0.5347046632300884,1,uncertain,False,false_positive
word_tfidf,true_621,621,0,real,Isa Mustafa shërohet nga koronavirusi,140,medium_121_250,0.5370631495938936,0.4629368504061064,0,uncertain,True,correct
word_tfidf,true_629,629,0,real,Tetë anesteziologë të QKUK-së infektohen me koronavirus,436,long_gt_250,0.9954170003038364,0.004582999696163625,0,likely_real,True,correct
word_tfidf,true_631,631,0,real,4 mënyra natyrale si të largoni rrudhat nga fytyra,476,long_gt_250,0.637945298832288,0.36205470116771205,0,uncertain,True,correct
word_tfidf,true_638,638,0,real,Vjen një lajm i mirë për veteranët e UÇK-së,132,medium_121_250,0.844922252261785,0.1550777477382151,0,likely_real,True,correct
word_tfidf,true_652,652,0,real,Adea Pules i del kuki prej vendit,93,short_61_120,0.7059286297521,0.2940713702479,0,likely_real,True,correct
word_tfidf,true_655,655,0,real,"Nëse i fsheh paratë në këto 8 vende, zëre se nuk i ke fare!",277,long_gt_250,0.6694274141763041,0.33057258582369586,0,uncertain,True,correct
word_tfidf,true_671,671,0,real,Kosova hiqet nga harta – Dua Lipa nënshkruan peticionin,100,short_61_120,0.5293939963396481,0.4706060036603518,0,uncertain,True,correct
word_tfidf,true_675,675,0,real,A është Fifi në lidhje? Përgjigjet këngëtarja,55,very_short_le_60,0.5831754449814359,0.41682455501856414,0,uncertain,True,correct
word_tfidf,true_679,679,0,real,"Duke punuar kopshtin, çifti gjen kasafortën me mijëra dollarë e stoli ari",146,medium_121_250,0.6856883804198797,0.3143116195801203,0,uncertain,True,correct
word_tfidf,true_680,680,0,real,Fitore Pacolli: Shpallja e gjendjes së jashtëzakonshme siç po ka dëshirë qeveria Hoti nuk është zgjidhje,394,long_gt_250,0.9794890973310534,0.020510902668946628,0,likely_real,True,correct
word_tfidf,true_694,694,0,real,Nora Istrefi më në fund merr një vendim në lidhje me Robertin,117,short_61_120,0.40830843406133166,0.5916915659386683,1,uncertain,False,false_positive
word_tfidf,true_702,702,0,real,Turku ia mbush dhomën me dhurata të shtrenjta Gentës,113,short_61_120,0.809612287419,0.19038771258099998,0,likely_real,True,correct
word_tfidf,true_713,713,0,real,Shkencëtaret kinez: Covid-19 u shfaq për herë të parë në Spanjë,234,medium_121_250,0.9451533756012815,0.054846624398718485,0,likely_real,True,correct
word_tfidf,true_721,721,0,real,Genci ia dedikon këto fjalë të bukura Enit me rastin e ditëlindjes,198,medium_121_250,0.928919296333531,0.07108070366646904,0,likely_real,True,correct
word_tfidf,true_731,731,0,real,Kështu dukej Egzona para se të dashurohej me Albatritin,101,short_61_120,0.6147644549763019,0.38523554502369806,0,uncertain,True,correct
word_tfidf,true_744,744,0,real,Vajza e ish-kryeministrit Bajram Rexhepi nuk lejohet nga e ëma t’i hyjë politikës,229,medium_121_250,0.7108545216302158,0.28914547836978416,0,likely_real,True,correct
word_tfidf,true_745,745,0,real,Me këtë fustan del në park Qëndresa e Labit,89,short_61_120,0.4188287412242484,0.5811712587757516,1,uncertain,False,false_positive
word_tfidf,true_747,747,0,real,Endrit Thaçi reagon pasi Gjykata Speciale ngriti aktakuzë ndaj babait të tij,92,short_61_120,0.26586563402787067,0.7341343659721293,1,likely_fake,False,false_positive
word_tfidf,true_756,756,0,real,Angela Martini nuk i ndalë provokimet as në jaht,87,short_61_120,0.4835732266625118,0.5164267733374882,1,uncertain,False,false_positive
word_tfidf,true_758,758,0,real,Aq shumë iu ka rritur gjoksi sa që Oriola Marashi po e mban me duar,98,short_61_120,0.5792387109655873,0.4207612890344127,0,uncertain,True,correct
word_tfidf,true_760,760,0,real,Do të befasoheni se çfarë të vërtetash fshehen prapa serialeve turke,297,long_gt_250,0.9593853979898916,0.04061460201010834,0,likely_real,True,correct
word_tfidf,true_765,765,0,real,"Sasa e “O sa mirë” plotë jetë, vitet thjeshtë numra janë për të",57,very_short_le_60,0.34365639829874983,0.6563436017012502,1,uncertain,False,false_positive
word_tfidf,true_772,772,0,real,"Dhimbjet që mendoni se i keni nga dhëmbët, por në fakt kanë të bëjë me diçka tjetër",445,long_gt_250,0.8961801807831257,0.10381981921687433,0,likely_real,True,correct
word_tfidf,true_781,781,0,real,Reperja e njohur e publikon nga afër tatuazhin në pjesën e të pasmeve,105,short_61_120,0.8401960051145069,0.15980399488549316,0,likely_real,True,correct
word_tfidf,true_783,783,0,real,"“Nëntori i dytë”, ja pse u hoq pjesa kur Isa Boletini luftonte me serbët",1952,long_gt_250,0.9997686789874504,0.00023132101254961992,0,likely_real,True,correct
word_tfidf,true_786,786,0,real,Ekskluzive: Alfred Cako zbulon vaksinën e Covid19 që shkakton vdekje dhe ndalon lindjet,46,very_short_le_60,0.1077410576054636,0.8922589423945364,1,likely_fake,False,false_positive
word_tfidf,true_788,788,0,real,"Infekton 76 të ftuar me koronavirus babai i nuses, dasma kthehet në rast studimi",238,medium_121_250,0.753568875057868,0.24643112494213204,0,likely_real,True,correct
word_tfidf,true_789,789,0,real,Ivanka Trump në secilën paraqitje pa sytjena,68,short_61_120,0.5779973977207691,0.4220026022792309,0,uncertain,True,correct
word_tfidf,true_793,793,0,real,"Trusti s’do pengojë tërheqjen e kursimeve, kompensimi nga qeveria jo për të gjithë",942,long_gt_250,0.9973947793581507,0.002605220641849358,0,likely_real,True,correct
word_tfidf,true_803,803,0,real,"Ambasada e SHBA-së në Kosovë apelon për kujdes, tubimi paqësor i LVV-së mund të bëhet i dhunshëm",263,long_gt_250,0.9826778926206058,0.017322107379394196,0,likely_real,True,correct
word_tfidf,true_808,808,0,real,"Avdyli i del në krahë Osmanit: Kur do flasim ne të vertetën, atëherë keni me mbetë pa fjalë",244,medium_121_250,0.34631416693619643,0.6536858330638036,1,uncertain,False,false_positive
word_tfidf,true_809,809,0,real,Gëzimja përgatit tortën më të bukur për vajzën,86,short_61_120,0.5441837824898488,0.4558162175101512,0,uncertain,True,correct
word_tfidf,true_825,825,0,real,"Pasi u propozua për kryeministër konsensual Murat Jashari, vjen edhe reagimi nga Familja Jashari",258,long_gt_250,0.65720979806306,0.34279020193694004,0,uncertain,True,correct
word_tfidf,true_830,830,0,real,Vjosa Osmani mbështet masat e reja të Albin Kurtit kundër Serbisë,221,medium_121_250,0.6776739006408155,0.3223260993591845,0,uncertain,True,correct
word_tfidf,true_833,833,0,real,"Horoskopi, e shtunë 30 maj 2020",529,long_gt_250,0.9772816890699566,0.022718310930043357,0,likely_real,True,correct
word_tfidf,true_835,835,0,real,"Veton Surroi mbetet pa tekst, ky është reagimi i tij për aktgjykimin",115,short_61_120,0.2340340769071939,0.7659659230928061,1,likely_fake,False,false_positive
word_tfidf,true_856,856,0,real,​ Nesër në Bruksel mbahet takimi i ekspertëve,60,very_short_le_60,0.7230600024672273,0.2769399975327727,0,likely_real,True,correct
word_tfidf,true_858,858,0,real,Qeveria ua heq kartonin e gjelbër atyre që hyjnë në Kosovë,185,medium_121_250,0.9841724336539243,0.015827566346075704,0,likely_real,True,correct
word_tfidf,true_863,863,0,real,Ministri Zemaj komenton fotografin e Skender Hysenit pa maskë,223,medium_121_250,0.9862062104450628,0.013793789554937127,0,likely_real,True,correct
word_tfidf,true_875,875,0,real,"Granata e gjetur te vendpunishtja e Xhamisë së Madhe, e kohës së Luftës së Dytë Botërore",107,short_61_120,0.8824487853759443,0.11755121462405572,0,likely_real,True,correct
word_tfidf,true_880,880,0,real,"Shtyhet raportimi i Agim Veliut në Komisionin për Siguri, polemika mes deputetëve",356,long_gt_250,0.9762766000782892,0.023723399921710825,0,likely_real,True,correct
word_tfidf,true_887,887,0,real,"Vendet që morën nën kontroll pandeminë coronavirus, tani prapë po përballen me të",1294,long_gt_250,0.9994398499868773,0.0005601500131227407,0,likely_real,True,correct
word_tfidf,true_888,888,0,real,Debat i nxehtë në Komisionin për Punë të Jashtme - VIDEO,71,short_61_120,0.8817978086481297,0.11820219135187032,0,likely_real,True,correct
word_tfidf,true_889,889,0,real,Rrahjet mes deputetëve ndër vite në Kuvendin e Kosovës,721,long_gt_250,0.9972287029368563,0.0027712970631436876,0,likely_real,True,correct
word_tfidf,true_890,890,0,real,Qeveria heq dorë nga vendimi për izolimin e atyre që kthehen nga Shqipëria!,178,medium_121_250,0.9330444987412856,0.06695550125871436,0,likely_real,True,correct
word_tfidf,true_906,906,0,real,Oda Ekonomike kërkon të digjitalizohen disa shërbime dhe të licencohen laboratoret private,439,long_gt_250,0.957089586042657,0.04291041395734294,0,likely_real,True,correct
word_tfidf,true_907,907,0,real,Prishtina edhe sot komuna me më së shumti raste me COVID-19,128,medium_121_250,0.9311660163154868,0.06883398368451323,0,likely_real,True,correct
word_tfidf,true_908,908,0,real,Arrestohet gjilanasi për mashtrim me shitje të banesës,95,short_61_120,0.9444298236361158,0.05557017636388417,0,likely_real,True,correct
word_tfidf,true_910,910,0,real,Fati i medias më të lexuar në Hungari Index në pikëpyetje pas largimit të shumicës së gazetarëve,349,long_gt_250,0.9560783737560707,0.0439216262439293,0,likely_real,True,correct
word_tfidf,true_917,917,0,real,"Hoti: Situata po përkeqësohet, stafi shëndetësor i FSK-së do të integrohet në Ministri të Shëndetësisë",271,long_gt_250,0.9955394094005002,0.004460590599499771,0,likely_real,True,correct
word_tfidf,true_931,931,0,real,Auditori: Policët ushtrojnë pozitat e punës në mospërputhje me gradat,382,long_gt_250,0.9950131489026572,0.004986851097342802,0,likely_real,True,correct
word_tfidf,true_938,938,0,real,Partia Socialiste tërhiqet nga shkarkimi i Ilir Metës,474,long_gt_250,0.9765263895512024,0.023473610448797613,0,likely_real,True,correct
word_tfidf,true_939,939,0,real,Philip Morris lejohet të komunikojë se IQOS redukton ekspozimin e dëmshëm,414,long_gt_250,0.9289028373482795,0.07109716265172054,0,likely_real,True,correct
word_tfidf,true_945,945,0,real,Rekord i ri me raste pozitive me COVID-19 në Kosovë,216,medium_121_250,0.9783873788947502,0.02161262110524975,0,likely_real,True,correct
word_tfidf,true_950,950,0,real,Hoti: Jemi në diskutime që rruga nacionale Prishtinë-Mitrovicë të shndërrohet në rrugë ndërkombëtare,263,long_gt_250,0.9338904085489537,0.06610959145104635,0,likely_real,True,correct
word_tfidf,true_965,965,0,real,VIDEO: Vetura zyrtare në vikend merr udhë për kositje të barit,85,short_61_120,0.8042775867228833,0.19572241327711676,0,likely_real,True,correct
word_tfidf,true_966,966,0,real,Pneumologu kosovar tregon si zhvillohet pneumonia te pacientët me COVID-19,620,long_gt_250,0.9960349912143207,0.003965008785679299,0,likely_real,True,correct
word_tfidf,true_974,974,0,real,Mbi 10 mijë të infektuar me COVID-19 në Maqedoninë e Veriut,148,medium_121_250,0.9908139418131948,0.009186058186805193,0,likely_real,True,correct
word_tfidf,true_975,975,0,real,VIDEO - Xhamia që u mbijetoi shekujve,465,long_gt_250,0.988648853838783,0.011351146161217011,0,likely_real,True,correct
word_tfidf,true_979,979,0,real,Lihen në arrest shtëpiak policët e arrestuar për keqtrajtim të një të mituri,146,medium_121_250,0.931225703466901,0.06877429653309901,0,likely_real,True,correct
word_tfidf,true_988,988,0,real,"Ilir Meta për Adem Demaçin: ""Mandela i Evropës"" dhe ""Saharovi"" ynë",320,long_gt_250,0.8905966899092117,0.10940331009078835,0,likely_real,True,correct
word_tfidf,true_991,991,0,real,Evropa ime: T'u tregojmë vendin elitave të korruptuara të Ballkanit Perëndimor,1084,long_gt_250,0.9975998642263778,0.0024001357736222234,0,likely_real,True,correct
word_tfidf,true_994,994,0,real,Ministria e Bujqësisë pagoi mbi 176 mijë euro për analiza që mund t'i kryente vetë,210,medium_121_250,0.9297814469192371,0.0702185530807628,0,likely_real,True,correct
word_tfidf,true_1005,1005,0,real,Alarmante - Rreth 3 mijë raste aktive me COVID-19 në Kosovë,219,medium_121_250,0.9946820919996056,0.005317908000394396,0,likely_real,True,correct
word_tfidf,true_1028,1028,0,real,Qeveria emëroi Bordin e përkohshëm i Telekomit të Kosovës,158,medium_121_250,0.9695719604371437,0.030428039562856377,0,likely_real,True,correct
word_tfidf,true_1034,1034,0,real,Xhamia më e vjetër në Prishtinë një dekadë restaurim,275,long_gt_250,0.9772182445633563,0.022781755436643732,0,likely_real,True,correct
word_tfidf,true_1037,1037,0,real,Osmani për Hotin: Duhet me hangër një thes kryp me dikë për me njoftë,186,medium_121_250,0.6200810290477679,0.3799189709522321,0,uncertain,True,correct
word_tfidf,true_1042,1042,0,real,Raport: Bandat nga Ballkani tani janë kthyer në kontrabandistë globalë,773,long_gt_250,0.9834158978285111,0.01658410217148891,0,likely_real,True,correct
word_tfidf,true_1054,1054,0,real,ORCA: 55% e profesorëve në UP nuk e justifikojnë titullin e tyre akademik,328,long_gt_250,0.937462166007292,0.06253783399270792,0,likely_real,True,correct
word_tfidf,true_1055,1055,0,real,Boris Johnson: Kriza e COVID-19 përfundon nga mesi i vitit 2021,131,medium_121_250,0.6625942686084823,0.33740573139151775,0,uncertain,True,correct
word_tfidf,true_1064,1064,0,real,Thaçi nuk do dialog teknik me Serbinë,217,medium_121_250,0.920081581286549,0.07991841871345098,0,likely_real,True,correct
word_tfidf,true_1076,1076,0,real,"Pas dy muajve, Maqedonia e Veriut me asnjë viktimë nga COVID-19",143,medium_121_250,0.9745755856140536,0.025424414385946472,0,likely_real,True,correct
word_tfidf,true_1079,1079,0,real,Hoti i shkruan letër Osmanit për raportimin në Kuvend pas takimit në Bruksel,90,short_61_120,0.9318287206646135,0.06817127933538643,0,likely_real,True,correct
word_tfidf,true_1081,1081,0,real,"Mësimi në shtator mund të fillojë nga ekrani, ekspertët rekomandojnë më shumë udhëzime",1082,long_gt_250,0.9993468740604642,0.0006531259395357629,0,likely_real,True,correct
word_tfidf,true_1084,1084,0,real,"Pas katër ditësh intervistim në Hagë, Thaçi kthehet sot në Kosovë",244,medium_121_250,0.9153171978888752,0.08468280211112482,0,likely_real,True,correct
word_tfidf,true_1085,1085,0,real,Teatri i Podujevës bëhet me aktorë rezidentë,163,medium_121_250,0.507215192986093,0.49278480701390703,0,uncertain,True,correct
word_tfidf,true_1090,1090,0,real,"Incident në një port iranian, disa anije përfshihen nga zjarri",224,medium_121_250,0.9311830335876369,0.06881696641236314,0,likely_real,True,correct
word_tfidf,true_1092,1092,0,real,Mbi 13 milionë të infektuar me coronavirus në botë,466,long_gt_250,0.9990468803617955,0.0009531196382045068,0,likely_real,True,correct
word_tfidf,true_1101,1101,0,real,"Hoti e Vuçiq zhvillojnë sot takim virtual, rinis dialogu Kosovë-Serbi",212,medium_121_250,0.9465000129505674,0.053499987049432554,0,likely_real,True,correct
word_tfidf,true_1104,1104,0,real,Hoti paralajmëron shpalljen e gjendjes së jashtëzakonshme,285,long_gt_250,0.9266084473625675,0.07339155263743245,0,likely_real,True,correct
word_tfidf,true_1106,1106,0,real,Abazi: Ligji për COVID-19 u refuzua e Hoti drejt shpalljes së gjendjes së jashtëzakonshme,392,long_gt_250,0.941806118627779,0.05819388137222104,0,likely_real,True,correct
word_tfidf,true_1108,1108,0,real,COVID-19: Vdes veterani i UÇK-së nga Malisheva,123,medium_121_250,0.9349816490161235,0.06501835098387652,0,likely_real,True,correct
word_tfidf,true_1117,1117,0,real,Anulohet udhëtimi i Thaçit për në Washington,113,short_61_120,0.30772867675334414,0.6922713232466559,1,uncertain,False,false_positive
word_tfidf,true_1119,1119,0,real,Zemaj: Gjashtë pacientë me COVID-19 janë në kujdes intensiv,89,short_61_120,0.9840786843277198,0.015921315672280178,0,likely_real,True,correct
word_tfidf,true_1121,1121,0,real,"Hoti raporton në Kuvend për dialogun: Ose do të ketë marrëveshje të mirë për Kosovën, ose s’do të ketë fare",297,long_gt_250,0.9925743896610103,0.007425610338989692,0,likely_real,True,correct
word_tfidf,true_1135,1135,0,real,"Kosova synon njohjen nga Serbia, nuk dëshiron kompromis",952,long_gt_250,0.9984663120426254,0.001533687957374614,0,likely_real,True,correct
word_tfidf,true_1138,1138,0,real,"Qeveritarët pa maska e me duarshtrëngime, përurojnë rrugën Deçan–Plavë - FOTO",288,long_gt_250,0.97845151467215,0.02154848532785006,0,likely_real,True,correct
word_tfidf,true_1165,1165,0,real,Hoti nesër në Gjilan te kritikuesi i tij më i madh Lutfi Haziri,187,medium_121_250,0.9790616457243019,0.020938354275698155,0,likely_real,True,correct
word_tfidf,true_1174,1174,0,real,"Të hyrat në gjashtë muajt e parë ranë për 8 %, shpenzimet u rritën për 38.7 milionë euro",219,medium_121_250,0.9958379547052223,0.004162045294777667,0,likely_real,True,correct
word_tfidf,true_1179,1179,0,real,"Pini ilaçin e përgatitur vetë për ta shëruar diabetin, tipi 2",219,medium_121_250,0.8525251981950833,0.1474748018049167,0,likely_real,True,correct
word_tfidf,true_1180,1180,0,real,Vetëm në këtë kënd të shtëpisë së Kylie Jenner gjendet një pasuri e tërë,140,medium_121_250,0.9233008324216149,0.07669916757838517,0,likely_real,True,correct
word_tfidf,true_1183,1183,0,real,Sekreti i japonezëve për jetë të gjatë,212,medium_121_250,0.8015820850975688,0.19841791490243124,0,likely_real,True,correct
word_tfidf,true_1186,1186,0,real,Fansi i çmendur bën tatuazh në trup fytyrën e Noizyt!,119,short_61_120,0.9002275592776559,0.09977244072234417,0,likely_real,True,correct
word_tfidf,true_1191,1191,0,real,Infektohet edhe presidenti që tha se saunat dhe vodka janë ilaçe kundër Covid-19,155,medium_121_250,0.9406142708004771,0.059385729199522945,0,likely_real,True,correct
word_tfidf,true_1194,1194,0,real,Pezullimi i përpjekjeve për anëtarësim në mekanizma ndërkombëtarë gabim i pa falshëm i Qeverisë Hoti,675,long_gt_250,0.995277896885384,0.004722103114615916,0,likely_real,True,correct
word_tfidf,true_1197,1197,0,real,Dalin fotot e Gymysh me fustan të bardhë - shikoni sa nuse e bukur është bërë,189,medium_121_250,0.9744684781740238,0.025531521825976154,0,likely_real,True,correct
word_tfidf,true_1199,1199,0,real,Jeni gati të shihni ndryshimin e radhës së Tayna-s?,177,medium_121_250,0.9165585256557579,0.08344147434424208,0,likely_real,True,correct
word_tfidf,true_1224,1224,0,real,"Situata me Covid-19, kryeministri Hoti kërkon të vërehet dora e fortë e shtetit",145,medium_121_250,0.9792277949211775,0.02077220507882245,0,likely_real,True,correct
word_tfidf,true_1226,1226,0,real,Super hiti është gati! Kënga e re e Encës dhe e Don Xhonit e ka një datë publikimi,82,short_61_120,0.48761505596238053,0.5123849440376195,1,uncertain,False,false_positive
word_tfidf,true_1230,1230,0,real,Rasheli do ua hapë sytë me këtë imazh,114,short_61_120,0.9813131770567889,0.018686822943211112,0,likely_real,True,correct
word_tfidf,true_1234,1234,0,real,Blero: Ky reper shqiptar është i preferuari im,155,medium_121_250,0.9110800478613428,0.08891995213865726,0,likely_real,True,correct
word_tfidf,true_1243,1243,0,real,Deputetja e Kuvendit të Kosovës Eliza Hoxha është shëruar nga koronavirusi,702,long_gt_250,0.9952053971402972,0.004794602859702756,0,likely_real,True,correct
word_tfidf,true_1245,1245,0,real,Pandora më në formë se kurrë feston ditëlindjen,82,short_61_120,0.965799483664762,0.034200516335238025,0,likely_real,True,correct
word_tfidf,true_1246,1246,0,real,"Ja përse duhet të hani 1 thelb hudhër në esëll/ Bën mrekulli për organizmin, ja si",142,medium_121_250,0.5658356904139766,0.43416430958602337,0,uncertain,True,correct
word_tfidf,true_1260,1260,0,real,Receta çudibërëse me farat e lirit: Të dobësohemi shëndetshëm dhe sigurt,418,long_gt_250,0.9636872697470792,0.03631273025292079,0,likely_real,True,correct
word_tfidf,true_1266,1266,0,real,Receta e Cekës - Maregnore,244,medium_121_250,0.8277086920871257,0.17229130791287434,0,likely_real,True,correct
word_tfidf,true_1274,1274,0,real,Koronavirusi anulon festimet e Vitit të Ri,162,medium_121_250,0.9953246168618017,0.0046753831381983,0,likely_real,True,correct
word_tfidf,true_1275,1275,0,real,"Ç’do ndodhë me koronavirusin? OBSH në alarm, rritja e infektimeve po…",442,long_gt_250,0.9980311965781978,0.001968803421802125,0,likely_real,True,correct
word_tfidf,true_1279,1279,0,real,Çfarë misteri i pazgjidhur fshihet në mes të selisë së CIA?,590,long_gt_250,0.9963463511052579,0.0036536488947420467,0,likely_real,True,correct
word_tfidf,true_1285,1285,0,real,Prekëse: Kujdestari vishet bardhezi për t’ia plotësuar mungesën e nënës zebrës jetime,189,medium_121_250,0.9245382439159158,0.07546175608408423,0,likely_real,True,correct
word_tfidf,true_1290,1290,0,real,Aleksander Vuçiq: Dialogu i Brukselit po ndodhë nga dëshira e Brukselit për ta përjashtuar Amerikën,262,long_gt_250,0.9248311227852974,0.07516887721470261,0,likely_real,True,correct
word_tfidf,true_1291,1291,0,real,Kaçanikasi tenton t’i vrasë dy persona shkaku i një kontesti pronësor,249,medium_121_250,0.9890583427986926,0.010941657201307381,0,likely_real,True,correct
word_tfidf,true_1293,1293,0,real,"U bë me vajzë por dëshironte djalë – Burri vret veten, e shoqja pëson atak kardiak",118,short_61_120,0.4393792111108673,0.5606207888891327,1,uncertain,False,false_positive
word_tfidf,true_1302,1302,0,real,"OBSH: Rritje shqetësuese të rasteve nga coronavirusi në Ballkan, duhet të tregohemi vigjilentë",141,medium_121_250,0.9790492322931008,0.020950767706899222,0,likely_real,True,correct
word_tfidf,true_1311,1311,0,real,"E akuzuan për ndërhyrje në Gjykatë, Von Cramon ia kthen Enver Hoxhajt: Kjo s’ndodh në demokraci, ndoshta në vendin tuaj po",254,long_gt_250,0.8285415477500221,0.17145845224997794,0,likely_real,True,correct
word_tfidf,true_1314,1314,0,real,Ky është 22 vjeçari nga Peja që vdiq në aksidentin tragjik,94,short_61_120,0.8837915446803792,0.11620845531962078,0,likely_real,True,correct
word_tfidf,true_1320,1320,0,real,Shikoni çfarë vozitje të shpejtë i bën veturës 60-vjeçarja shqiptare,145,medium_121_250,0.4709504182019132,0.5290495817980868,1,uncertain,False,false_positive
word_tfidf,true_1324,1324,0,real,Turqia pezullon fluturimet shkaku i shtimit të rasteve të Covid-19,200,medium_121_250,0.9929375434020257,0.007062456597974318,0,likely_real,True,correct
word_tfidf,true_1325,1325,0,real,"Zemaj dhe Ramadani pushojnë sot, i cojnë me e-mail njoftimet për situatën 24 orëshe me COVID-19",135,medium_121_250,0.9935407027075751,0.006459297292424886,0,likely_real,True,correct
word_tfidf,true_1334,1334,0,real,"Tayna poston fotot provokuese dhe dërgon mesazhin, “Të josh dhe të bëj budalla, sa herë dua”",106,short_61_120,0.6952421067482852,0.3047578932517147,0,uncertain,True,correct
word_tfidf,true_1336,1336,0,real,Presidenti në aktakuzë para Gjykatës Speciale dhe dialogu me Serbinë e sfidojnë shtetësinë e Kosovës,309,long_gt_250,0.9915384268126679,0.008461573187332077,0,likely_real,True,correct
word_tfidf,true_1346,1346,0,real,Kështu e kujton Leonora babin në 22 vjetorin e vdekjes,75,short_61_120,0.8198836873366167,0.18011631266338335,0,likely_real,True,correct
word_tfidf,true_1351,1351,0,real,Receta e Cekës: Omletë me mollë,157,medium_121_250,0.45813252346844013,0.5418674765315599,1,uncertain,False,false_positive
word_tfidf,true_1365,1365,0,real,"Çdo natë para gjumit, pije këtë lëng dhe do largoni gjithçka nga barku, shkrin gjithë yndyrën, do t’ju heqi kilet e tepërta fare nga trupi",450,long_gt_250,0.7974329382677694,0.20256706173223055,0,likely_real,True,correct
word_tfidf,true_1371,1371,0,real,Ku ngeli Alba Hoxha?,77,short_61_120,0.861991451298384,0.138008548701616,0,likely_real,True,correct
word_tfidf,true_1379,1379,0,real,Isufi: Nuk ka aktakuzë që mund ta njollosë luftën e UÇK’së,214,medium_121_250,0.9522993012930541,0.04770069870694591,0,likely_real,True,correct
word_tfidf,true_1382,1382,0,real,"Serwer: Aktakuza ndaj Thaçit e Veselit s’është personale, Kosova është në telashe",206,medium_121_250,0.6845448676655319,0.3154551323344681,0,uncertain,True,correct
word_tfidf,true_1385,1385,0,real,"Është mashtrim, qeveria e kombinimit politik LDK me partnerët e PAN-it nuk e bëjnë ligjin Vetting",579,long_gt_250,0.9928903901685404,0.0071096098314595525,0,likely_real,True,correct
word_tfidf,true_1395,1395,0,real,"Infektologu italian: Koronavirusi është dobësuar, ja kur pritet të zhduket",273,long_gt_250,0.974606283819809,0.025393716180191074,0,likely_real,True,correct
word_tfidf,true_1396,1396,0,real,Cramon për vizat: Ja kur pritet liberalizimi final,310,long_gt_250,0.7126378566150509,0.2873621433849491,0,likely_real,True,correct
word_tfidf,true_1413,1413,0,real,Koronavirusi: Renditja e Kosovës krahas shteteve të rajonit,366,long_gt_250,0.9989001490618453,0.00109985093815466,0,likely_real,True,correct
word_tfidf,true_1415,1415,0,real,"Trump për John Bolton: Askush nuk e donte në Shtëpinë e Bardhë, dukej i çmendur",344,long_gt_250,0.9026100193248843,0.09738998067511573,0,likely_real,True,correct
word_tfidf,true_1420,1420,0,real,Haradinaj shkon i pari në takim me Avdullah Hotin,93,short_61_120,0.9259621389080185,0.07403786109198154,0,likely_real,True,correct
word_tfidf,true_1424,1424,0,real,Zbulohet e vërteta: Ja çfarë pritet të ndodhë më 27 qershor në Shtëpinë e Bardhë,524,long_gt_250,0.9730631063959408,0.02693689360405914,0,likely_real,True,correct
word_tfidf,true_1426,1426,0,real,Hoti i fton liderët e partive në zyrë për t’u koordinuar para udhëtimit në Washington,164,medium_121_250,0.9578334210065529,0.04216657899344709,0,likely_real,True,correct
word_tfidf,true_1432,1432,0,real,Zbulohet substanca që e ul vdekshmërinë e pacientëve me Covid-19,344,long_gt_250,0.9796256102388935,0.020374389761106452,0,likely_real,True,correct
word_tfidf,true_1434,1434,0,real,"Gati për të shijuar pushimet, Elita dhe Gjiko zgjedhin këtë destinacion brenda Shqipërisë",148,medium_121_250,0.839384693210185,0.16061530678981492,0,likely_real,True,correct
word_tfidf,true_1441,1441,0,real,A është Nicki Minaj shtatzënë!,107,short_61_120,0.9256542335703908,0.07434576642960918,0,likely_real,True,correct
word_tfidf,true_1450,1450,0,real,Stërvitja e parë e Valon Berishës te Reims,88,short_61_120,0.3193959764480696,0.6806040235519304,1,uncertain,False,false_positive
word_tfidf,true_1451,1451,0,real,"Hoti e Hyseni presin në takim ambasadorët e QUINT-it, flasin për dialogun me Serbinë",218,medium_121_250,0.9620887461227076,0.0379112538772924,0,likely_real,True,correct
word_tfidf,true_1454,1454,0,real,Çavuşoğlu: Ajasofja është çështje e sovranitetit të Turqisë,188,medium_121_250,0.9527702533780901,0.047229746621909895,0,likely_real,True,correct
word_tfidf,true_1461,1461,0,real,"8 të vdekur nga koronavirusi brenda ditës në Kosovë, shkon në 177 numri i përgjithshëm i viktimave",65,short_61_120,0.8781280179017159,0.12187198209828407,0,likely_real,True,correct
word_tfidf,true_1465,1465,0,real,Lëngu i qepës së kuqe/ Kura natyrale për stomakun dhe alergjitë,340,long_gt_250,0.7465023440079215,0.2534976559920786,0,likely_real,True,correct
word_tfidf,true_1466,1466,0,real,"Bilanci i pandemisë në botë, mbi 16 milionë raste me COVID-19",283,long_gt_250,0.9975025693201223,0.002497430679877705,0,likely_real,True,correct
word_tfidf,true_1473,1473,0,real,"Certifikohen rezultatet zgjedhore, shqiptarët me 32 mandate në Kuvendin e Maqedonisë së Veriut",112,short_61_120,0.4709638785238166,0.5290361214761834,1,uncertain,False,false_positive
word_tfidf,true_1474,1474,0,real,Turqia reagon kundër djegies së flamurit turk në Greqi,341,long_gt_250,0.9925567941472956,0.0074432058527043755,0,likely_real,True,correct
word_tfidf,true_1475,1475,0,real,Policia izraelite arreston 3 fëmijë palestinezë në Kuds,129,medium_121_250,0.8882831783705407,0.11171682162945927,0,likely_real,True,correct
word_tfidf,true_1484,1484,0,real,Ndihma humanitare botërore e Turqisë përbën 26 për qind në vitin 2019,754,long_gt_250,0.9873475952132564,0.012652404786743615,0,likely_real,True,correct
word_tfidf,true_1488,1488,0,real,Breshka e detit e ndjekur nga shkencëtarët turq përmes satelitit përshkoi 5.500 kilometra për një vit,339,long_gt_250,0.9678882665909444,0.032111733409055626,0,likely_real,True,correct
word_tfidf,true_1492,1492,0,real,Vdes nga koronavirusi një 66-vjeçare në Spitalin e Pejës,203,medium_121_250,0.9748886526575304,0.025111347342469607,0,likely_real,True,correct
word_tfidf,true_1498,1498,0,real,"Isa Mustafa përkrah fuqishëm ndërtimin e Xhamisë, dënon protestën: Të krenohemi që jemi muslimanë",349,long_gt_250,0.9525547795758937,0.04744522042410624,0,likely_real,True,correct
word_tfidf,true_1503,1503,0,real,"Edhe 5 të vdekur nga Covid-19 në Kosovë, numri i përgjithshëm 144",111,short_61_120,0.9882879538176602,0.011712046182339838,0,likely_real,True,correct
word_tfidf,true_1511,1511,0,real,Nisin hetimet ndaj TikTok në Australi,178,medium_121_250,0.685332108209104,0.314667891790896,0,uncertain,True,correct
word_tfidf,true_1513,1513,0,real,"“Vrisni një serb e ne do të vrasim 100 myslimanë”, Kurti kujton deklaratën famëkeqe të Vuçiqit",256,long_gt_250,0.5819115260686938,0.4180884739313062,0,uncertain,True,correct
word_tfidf,true_1519,1519,0,real,Sot pritet fillimi i testimeve serologjike për koronavirus,227,medium_121_250,0.9890474376279678,0.010952562372032251,0,likely_real,True,correct
word_tfidf,true_1531,1531,0,real,"Gjashtë nivelet në të cilat shfaqet koronavirusi, simptomat dhe pacientët më të rrezikuar",422,long_gt_250,0.8257791907530152,0.17422080924698485,0,likely_real,True,correct
word_tfidf,true_1533,1533,0,real,Apeli i IKSHPK-së: Mbani maskat dhe distancën fizike,399,long_gt_250,0.9734885439189894,0.026511456081010614,0,likely_real,True,correct
word_tfidf,true_1538,1538,0,real,Vdes gjyqtari Shashivar Hoti,115,short_61_120,0.876840988542894,0.12315901145710594,0,likely_real,True,correct
word_tfidf,true_1542,1542,0,real,Shënohen edhe dy vdekje nga Covid-19 në Kosovë,177,medium_121_250,0.9448844997709963,0.05511550022900365,0,likely_real,True,correct
word_tfidf,true_1544,1544,0,real,Kur pritet t’u mundësohet qytetarëve tërheqja e parave nga Trusti?,209,medium_121_250,0.9354607119453742,0.06453928805462582,0,likely_real,True,correct
word_tfidf,true_1545,1545,0,real,​Apeli i IKSHPK-së: Vazhdoni të mbani distancën fizike dhe maskat,441,long_gt_250,0.9770316983704516,0.02296830162954847,0,likely_real,True,correct
word_tfidf,true_1547,1547,0,real,"Hoti deklarohet pas takimit me Vuçiq: Kemi bërë progres, besojmë në partnerët ndërkombëtarë",172,medium_121_250,0.9458046704000652,0.05419532959993476,0,likely_real,True,correct
word_tfidf,true_1551,1551,0,real,Kurti: Me qeverinë koti kriminelët dolën nga skutat,408,long_gt_250,0.9801686064162468,0.019831393583753177,0,likely_real,True,correct
word_tfidf,true_1552,1552,0,real,"Specialja e nis intervistimin, Presidenti nuk deklarohet për media",203,medium_121_250,0.8083011708256422,0.19169882917435777,0,likely_real,True,correct
word_tfidf,true_1556,1556,0,real,"Shqipëri, vazhdon rritja e rasteve me koronavirus",137,medium_121_250,0.9934942930884064,0.006505706911593549,0,likely_real,True,correct
word_tfidf,true_1557,1557,0,real,Maqedoni: Shqiptarët me 32 deputetë në Parlamentin,211,medium_121_250,0.8436624454464805,0.15633755455351944,0,likely_real,True,correct
word_tfidf,true_1563,1563,0,real,Kosova e para në Evropë për raste të reja me COVID-19 në dy javët e fundit,214,medium_121_250,0.9902469800896337,0.00975301991036624,0,likely_real,True,correct
word_tfidf,true_1564,1564,0,real,"Fillon ndërtimi i Xhamisë së Madhe në Prishtinë, Tërnava uron besimtarët",107,short_61_120,0.7260687802609971,0.2739312197390029,0,likely_real,True,correct
word_tfidf,true_1567,1567,0,real,"Policia mas 2 muajsh hetime zbulon 20 kg marihuanë, në pranga 5 persona",301,long_gt_250,0.9897875586360582,0.010212441363941867,0,likely_real,True,correct
word_tfidf,true_1568,1568,0,real,Vaksina kundër COVID-19 e testuar tek njerëzit tregon shenja të hershme të suksesit,277,long_gt_250,0.9662667918113378,0.033733208188662225,0,likely_real,True,correct
word_tfidf,true_1569,1569,0,real,Dita e tretë e intervistimit të presidentit Thaçi në Hagë,163,medium_121_250,0.6203617422761436,0.3796382577238564,0,uncertain,True,correct
word_tfidf,true_1574,1574,0,real,Në SHSKUK po trajtohen 268 pacientë me Covid-19,154,medium_121_250,0.9911545600665718,0.008845439933428213,0,likely_real,True,correct
word_tfidf,true_1593,1593,0,real,Fillon seanca e Kuvendit ku kryeministri Hoti do të raportojë para takimit të Uashingtonit,221,medium_121_250,0.907359111218776,0.09264088878122403,0,likely_real,True,correct
word_tfidf,true_1594,1594,0,real,"Shqipëri, një i vdekur dhe 53 raste të reja me COVID-19",169,medium_121_250,0.9983414966002931,0.0016585033997068347,0,likely_real,True,correct
word_tfidf,true_1601,1601,0,real,Messi i gatshëm për ndeshjen e sotme ndaj Mallorcas,128,medium_121_250,0.774140363719743,0.225859636280257,0,likely_real,True,correct
word_tfidf,true_1606,1606,0,real,Isa Mustafa: Atakimi i familjes së Vjosa Osmanit është neveritës,162,medium_121_250,0.6736770547590734,0.3263229452409266,0,uncertain,True,correct
word_tfidf,true_1609,1609,0,real,Thaçi reagon pas votimit të qeverisë: Ditë e rëndësishme për demokracinë,156,medium_121_250,0.7183420428452096,0.2816579571547903,0,likely_real,True,correct
word_tfidf,true_1610,1610,0,real,Kuvendi votoi Qeverinë Hoti,44,very_short_le_60,0.567779437216282,0.432220562783718,0,uncertain,True,correct
word_tfidf,true_1611,1611,0,real,Wuhan-i “kryen me sukses” testimin e popullsisë për koronavirus,147,medium_121_250,0.9174257249571268,0.08257427504287322,0,likely_real,True,correct
word_tfidf,true_1613,1613,0,real,​Kryesia e Kuvendit sot vendos datën e seancës për votimin e Qeverisë Hoti,108,short_61_120,0.9125895862131672,0.08741041378683283,0,likely_real,True,correct
word_tfidf,true_1616,1616,0,real,Një i prekur me koronavirus në Infektivë në gjendje të rëndë,105,short_61_120,0.8924890276954348,0.10751097230456517,0,likely_real,True,correct
word_tfidf,true_1619,1619,0,real,"Mbi 2,3 milionë të shëruar nga COVID-19 në mbarë botën",109,short_61_120,0.9180166634821836,0.08198333651781636,0,likely_real,True,correct
word_tfidf,true_1622,1622,0,real,Mbi 12 mijë teste për COVID-19 në Kosovë,102,short_61_120,0.9851428954448775,0.014857104555122416,0,likely_real,True,correct
word_tfidf,true_1624,1624,0,real,Klopp thotë se Liverpooli do të jetë i gatshëm për rikthimin e lojës së bukur,223,medium_121_250,0.9079300073952893,0.09206999260471073,0,likely_real,True,correct
word_tfidf,true_1625,1625,0,real,"Britani, qentë do të trajnohen për të diagnostikuar personat me COVID-19",269,long_gt_250,0.953585140276664,0.04641485972333598,0,likely_real,True,correct
word_tfidf,true_1641,1641,0,real,​17 milionë raste me COVID-19 në botë,100,short_61_120,0.8644999259231338,0.1355000740768662,0,likely_real,True,correct
word_tfidf,true_1647,1647,0,real,Sekuestrohen mbi 40 armë në një operacion në Prishtinë,139,medium_121_250,0.9727186677045268,0.0272813322954733,0,likely_real,True,correct
word_tfidf,true_1648,1648,0,real,Qeveria nuk u konsultua me KOK-un për ndalimin e aktiviteteve sportive,518,long_gt_250,0.9992474970540288,0.0007525029459712054,0,likely_real,True,correct
word_tfidf,true_1653,1653,0,real,​Veliu thotë se VV-ja pati tendenca që të pamundësohet raportimi në Komision,279,long_gt_250,0.9475699126480527,0.052430087351947284,0,likely_real,True,correct
word_tfidf,true_1655,1655,0,real,Janë bërë të ditura nominimet e shpërblimeve “Emmy”,304,long_gt_250,0.9573155521500673,0.04268444784993278,0,likely_real,True,correct
word_tfidf,true_1659,1659,0,real,Numër i vogël në pelegrinazhin e sivjetmë në Haxh,238,medium_121_250,0.9716681639186837,0.02833183608131627,0,likely_real,True,correct
word_tfidf,true_1660,1660,0,real,Finalja e Kupës – për një fund me dinjitet të edicionit të vështirë,716,long_gt_250,0.9911684864298282,0.008831513570171782,0,likely_real,True,correct
word_tfidf,true_1665,1665,0,real,Partitë shqiptare në Mal të Zi garojnë të ndara në zgjedhjet parlamentare,267,long_gt_250,0.9409416248641976,0.05905837513580241,0,likely_real,True,correct
word_tfidf,true_1667,1667,0,real,Mbretëria e Bashkuar largon Spanjën nga lista e udhëtimeve,189,medium_121_250,0.8482095490552075,0.15179045094479252,0,likely_real,True,correct
word_tfidf,true_1674,1674,0,real,Ish-ministri i Shëndetësisë: E pafalshme që kjo situatë abnormale të trajtohet si normale nga Qeveria,316,long_gt_250,0.9974473485903548,0.002552651409645235,0,likely_real,True,correct
word_tfidf,true_1675,1675,0,real,Leron Kurteshi sjell stilin urban në muzikë,135,medium_121_250,0.9246034290094219,0.07539657099057803,0,likely_real,True,correct
word_tfidf,true_1676,1676,0,real,Zvicra njofton për 132 raste të reja me COVID-19 e tre të vdekur,118,short_61_120,0.9766675175642586,0.02333248243574135,0,likely_real,True,correct
word_tfidf,true_1687,1687,0,real,Me rigon kundër infeksioneve dhe problemeve me fytin,307,long_gt_250,0.949334471124553,0.050665528875446966,0,likely_real,True,correct
word_tfidf,true_1692,1692,0,real,"Bazeli, vendi ku lindi shkenca e halucinacioneve",569,long_gt_250,0.9894916546203816,0.010508345379618466,0,likely_real,True,correct
word_tfidf,true_1697,1697,0,real,"Katër gola në dy ndeshje, Ademi tregon sekretin e kthimit në formë",220,medium_121_250,0.9294607028894418,0.0705392971105582,0,likely_real,True,correct
word_tfidf,true_1698,1698,0,real,Rreth 200 shtretër kanë mbetur në dispozicion për trajtim të pacientëve me COVID-19,226,medium_121_250,0.9952228844316102,0.004777115568389756,0,likely_real,True,correct
word_tfidf,true_1700,1700,0,real,Këshilltari kryesor i Trumpit del pozitiv në COVID-19,115,short_61_120,0.9176982224490123,0.08230177755098769,0,likely_real,True,correct
word_tfidf,true_1711,1711,0,real,Grupi “3 Doors Down” do ta lansojë këngën e parë në pesë vjetët e fundit,345,long_gt_250,0.978865414824861,0.021134585175138942,0,likely_real,True,correct
word_tfidf,true_1714,1714,0,real,Konfiskime të armëve në ahengje,145,medium_121_250,0.9885286510986777,0.01147134890132226,0,likely_real,True,correct
word_tfidf,true_1720,1720,0,real,Java e fundit e korrikut me mot të nxehtë,148,medium_121_250,0.98278222636378,0.017217773636219978,0,likely_real,True,correct
word_tfidf,true_1729,1729,0,real,Në Fushë-Kosovë dyshohet se djali vrau babanë,174,medium_121_250,0.9648033315866531,0.03519666841334685,0,likely_real,True,correct
word_tfidf,true_1730,1730,0,real,Simptomat e COVID-19 ndahen në gjashtë grupe sipas një studimi,401,long_gt_250,0.9310920698040716,0.06890793019592846,0,likely_real,True,correct
word_tfidf,true_1732,1732,0,real,​Ekzekutohen pagesat e pakos emergjente për masën 3a për 7241 përfitues,83,short_61_120,0.9276210274391938,0.07237897256080612,0,likely_real,True,correct
word_tfidf,true_1737,1737,0,real,"Buxhovi: LDK-së i duhen reforma, Osmani duhet të qëndrojë",2091,long_gt_250,0.9995121032933498,0.0004878967066501421,0,likely_real,True,correct
word_tfidf,true_1738,1738,0,real,Shpërblehen sekretarët që ia punësuan renë Mustafës dhe dhëndrin Limajt,302,long_gt_250,0.9384600525501544,0.061539947449845575,0,likely_real,True,correct
word_tfidf,true_1740,1740,0,real,Konsiderohet e dëmshme rizgjedhja e Thaçit edhe për një mandat,179,medium_121_250,0.9569063848563855,0.04309361514361455,0,likely_real,True,correct
word_tfidf,true_1742,1742,0,real,"Vuçiqi takohet me Lajçakun, pranon se temat janë të dhimbshme dhe se kompromisi nuk është i lehtë",339,long_gt_250,0.9898503751453144,0.010149624854685626,0,likely_real,True,correct
word_tfidf,true_1746,1746,0,real,Haradinaj ia kishte ndarë Mustafës mbi 24 mijë euro në emër të pagës retroaktive,340,long_gt_250,0.8806562726776466,0.11934372732235342,0,likely_real,True,correct
word_tfidf,true_1755,1755,0,real,Tayna u ndërton shtëpi të re prindërve të saj,188,medium_121_250,0.826626576573562,0.17337342342643802,0,likely_real,True,correct
word_tfidf,true_1757,1757,0,real,Qeveria mbulon shpenzimet e Kartonit të Gjelbër për bashkatdhetarët deri në fund të këtij viti,268,long_gt_250,0.9888240759385285,0.011175924061471443,0,likely_real,True,correct
word_tfidf,true_1767,1767,0,real,"Hoti: Kemi hyrë në valën e dytë të pandemisë COVID-19, të aktivizohet Plani i reagimit kombëtar",263,long_gt_250,0.9916254612091817,0.00837453879081834,0,likely_real,True,correct
word_tfidf,true_1768,1768,0,real,Qeveria ndan nga 300 euro për mantelbardhët,118,short_61_120,0.916825372894756,0.08317462710524398,0,likely_real,True,correct
word_tfidf,true_1783,1783,0,real,"Khabib – Gaethje, caktohet përfundimisht data për meçin e zjarrtë",123,medium_121_250,0.8180120073138002,0.18198799268619975,0,likely_real,True,correct
word_tfidf,true_1785,1785,0,real,"​Ndalohen të gjitha veprimtaritë fetare, nuk lejohet as therja e kafshëve në shtëpi",161,medium_121_250,0.8870990632393995,0.11290093676060049,0,likely_real,True,correct
word_tfidf,true_1790,1790,0,real,Gazmend Gjyshinca: Kujtim Shala dhe Arben Gashi më ngrehen nga krahu dhe më thanë budalla,352,long_gt_250,0.9914002174512622,0.00859978254873778,0,likely_real,True,correct
word_tfidf,true_1795,1795,0,real,Fauci thotë se përgjigja mbi vaksinën për COVID-19 mund të vijë në ‘tetor ose nëntor’,245,medium_121_250,0.9502863663337429,0.04971363366625713,0,likely_real,True,correct
word_tfidf,true_1799,1799,0,real,Një grua në TikTok ndau një truk që ndihmon për gjetjen e xhinseve të duhura,234,medium_121_250,0.9051502784829283,0.09484972151707173,0,likely_real,True,correct
word_tfidf,true_1804,1804,0,real,"Lëvoret e shalqirit, të mbushura me produkte ushqyese",219,medium_121_250,0.7680356222460454,0.2319643777539546,0,likely_real,True,correct
word_tfidf,true_1811,1811,0,real,Deputetja Eliza Hoxha rrëfen përvojën dhe betejën me COVID-19,657,long_gt_250,0.9938682407061176,0.00613175929388248,0,likely_real,True,correct
word_tfidf,true_1814,1814,0,real,Ish-lojtari i Ballkanit ndërron jetë nga COVID-19,156,medium_121_250,0.9637890910668236,0.03621090893317631,0,likely_real,True,correct
word_tfidf,true_1815,1815,0,real,"Qeveria me masa të reja për kopshtet, gastronominë e fusha tjera",130,medium_121_250,0.9664194698689478,0.033580530131052236,0,likely_real,True,correct
word_tfidf,true_1819,1819,0,real,"Shkretëtira shndërrohet në varrezë, skena rrëqethëse nga Iraku",220,medium_121_250,0.9612679247589314,0.038732075241068635,0,likely_real,True,correct
word_tfidf,true_1820,1820,0,real,"Ka filluar të mbahet gara robotikës “First Global Challenge”, Kosova kryeson në listë",163,medium_121_250,0.9056200896449614,0.09437991035503855,0,likely_real,True,correct
word_tfidf,true_1826,1826,0,real,Si lindi sfondi më i famshëm kompjuterik i të gjitha kohërave – dhe ja si duket tani vendi ku u bë fotografia,421,long_gt_250,0.9871728381727193,0.012827161827280723,0,likely_real,True,correct
word_tfidf,true_1832,1832,0,real,"Kina raporton numrin më të madh të rasteve me coronavirus, që nga fundi i shpërthimit të Wuhan",170,medium_121_250,0.962413729828041,0.03758627017195905,0,likely_real,True,correct
word_tfidf,true_1834,1834,0,real,"Gastronomët ia ‘dorëzojnë çelësat’ Qeverisë së Kosovës, kërkojnë përkrahje institucionale",170,medium_121_250,0.9851461019983886,0.014853898001611403,0,likely_real,True,correct
word_tfidf,true_1839,1839,0,real,Horoskopi javor për periudhën nga 27 korrik – 03 gusht,1619,long_gt_250,0.9961898623154308,0.003810137684569115,0,likely_real,True,correct
word_tfidf,true_1848,1848,0,real,Mustafa: Dialogu është krejtësisht politik dhe rezulton me marrëveshje politike ndërshtetërore për njohje reciproke,255,long_gt_250,0.9188203101172782,0.08117968988272185,0,likely_real,True,correct
word_tfidf,true_1853,1853,0,real,Sabri Fejzullahu përkujton veprimtarin Adem Demaçi në dyvjetorin e vdekjes së tij,141,medium_121_250,0.6077174181658489,0.3922825818341511,0,uncertain,True,correct
word_tfidf,true_1861,1861,0,real,A mund të vetëkallet më lehtë vetura që ka aparat klime?,202,medium_121_250,0.972914595950453,0.027085404049546985,0,likely_real,True,correct
word_tfidf,true_1873,1873,0,real,DailyMail shkruan për nënën e Rita Orës: 56-vjeçarja Vera që rrëmben vëmendjen me paraqitjet e saj me bikini në plazh,245,medium_121_250,0.9804563336591751,0.019543666340824915,0,likely_real,True,correct
word_tfidf,true_1874,1874,0,real,FSK blen automjete të blinduara nga Ushtria amerikane,92,short_61_120,0.8350426273813217,0.1649573726186783,0,likely_real,True,correct
word_tfidf,true_1885,1885,0,real,Çaji i zakonshëm i nenexhikut – Ilaç universal i gjyshes që vërtet është i fuqishëm!,588,long_gt_250,0.9778124817267756,0.02218751827322442,0,likely_real,True,correct
word_tfidf,true_1894,1894,0,real,Në Spitalin e Pejës dje ka vdekur një pacient me COVID-19,137,medium_121_250,0.9905008547984399,0.00949914520156012,0,likely_real,True,correct
word_tfidf,true_1898,1898,0,real,Djersitja është dukuri shumë më e ndërlikuar seç mendoni,695,long_gt_250,0.9903095850553847,0.009690414944615356,0,likely_real,True,correct
word_tfidf,true_1904,1904,0,real,Këto vende ishin model i suksesit në luftën ndaj coronavirusit – por nuk janë më!,917,long_gt_250,0.9995754461902636,0.00042455380973639706,0,likely_real,True,correct
word_tfidf,true_1906,1906,0,real,"Fansi e quajti lojtar ‘shumë të mbivlerësuar’, Toni Kross i përgjigjet në mënyrë epike",281,long_gt_250,0.979294104483209,0.020705895516791063,0,likely_real,True,correct
word_tfidf,true_1912,1912,0,real,Rastet e reja me coronavirus – 91 vetëm në Prishtinë,284,long_gt_250,0.9728834395376205,0.027116560462379532,0,likely_real,True,correct
word_tfidf,true_1913,1913,0,real,Rita Ora në lidhje serioze me Roman Gavras,133,medium_121_250,0.6916850750663108,0.3083149249336891,0,uncertain,True,correct
word_tfidf,true_1917,1917,0,real,"Dua Lipa në frymë patriotike, publikon flamurin ‘Autochthonous’ dhe kuptimin e fjalës",157,medium_121_250,0.8703311465889372,0.12966885341106282,0,likely_real,True,correct
word_tfidf,true_1920,1920,0,real,LVV reagon pas akuzave të PDK-së për Telekomin: Sejdi Hoxha i ka kushtuar Postës mbi 50 mijë euro për dy vite,385,long_gt_250,0.9024270813571168,0.09757291864288319,0,likely_real,True,correct
word_tfidf,true_1923,1923,0,real,"Shpërndau lajmin se ka vdekur Isa Mustafa, policia arreston të dyshuarin",149,medium_121_250,0.967512282747899,0.032487717252100944,0,likely_real,True,correct
word_tfidf,true_1925,1925,0,real,Florentino Perez thotë se Benzema duhet ta fitojë Topin e Artë këtë vit,177,medium_121_250,0.9740951582155051,0.025904841784494943,0,likely_real,True,correct
word_tfidf,true_1928,1928,0,real,Përfundon takimi Hoti-Vuçiq në Bruksel,364,long_gt_250,0.986458767195623,0.013541232804377048,0,likely_real,True,correct
word_tfidf,true_1931,1931,0,real,Magjia verore në ETC vjen me zbritje deri në 50%,292,long_gt_250,0.6697823605241303,0.3302176394758697,0,uncertain,True,correct
word_tfidf,true_1932,1932,0,real,Nipi i Elvis Presleyt është emri më i ri që i bashkohet listës së yjeve që nuk iu shmangën mallkimit të “Klubit 27”,435,long_gt_250,0.9886656990700653,0.011334300929934682,0,likely_real,True,correct
word_tfidf,true_1933,1933,0,real,Haradinaj: Aktakuzat ndaj Thaçit dhe Veselit janë goditje ndaj lirisë së Kosovës,431,long_gt_250,0.9445040000217532,0.0554959999782468,0,likely_real,True,correct
word_tfidf,true_1935,1935,0,real,Haradinaj: Nëse konfirmohen akuzat ndaj Thaçit e Veselit Kosova rrezikon të dëmtohet rëndë,155,medium_121_250,0.26500173844039865,0.7349982615596014,1,likely_fake,False,false_positive
word_tfidf,true_1938,1938,0,real,"Kjo është sasia e mjaftueshme e ujit, të cilin duhet ta konsumojmë për të qenë të shëndetshëm",428,long_gt_250,0.8021152756739948,0.1978847243260052,0,likely_real,True,correct
word_tfidf,true_1939,1939,0,real,Kendall Jenner vë në pah të pasmet në imazhet e fundit me të brendshme,153,medium_121_250,0.9672336018510272,0.03276639814897273,0,likely_real,True,correct
word_tfidf,true_1951,1951,0,real,Jakupi: Edhe Kosova do të bëjë përpjekje për të siguruar disa doza të ilaçit që trajton pacientët me COVID-19,212,medium_121_250,0.972892186947678,0.027107813052322016,0,likely_real,True,correct
word_tfidf,true_1960,1960,0,real,Ledri Vula rrëfen historinë me Sara Hoxhën dhe planet për t’u bërë baba,305,long_gt_250,0.9731022381643974,0.026897761835602548,0,likely_real,True,correct
word_tfidf,true_1963,1963,0,real,Sadio Mane mezi ka pritur të rifillojë Liga Premier – senegalezi harroi se duhet gjunjëzuar në shenjë nderimi për “Black Lives Matter”,170,medium_121_250,0.9190700973065805,0.0809299026934195,0,likely_real,True,correct
word_tfidf,true_1966,1966,0,real,Viola von Cramon shpreson se kosovarëve do t’iu hiqen vizat kur Gjermania ta marrë Presidencën,205,medium_121_250,0.4913152677400703,0.5086847322599297,1,uncertain,False,false_positive
word_tfidf,true_1967,1967,0,real,Vuçiq: Nga Lavrovi pranova informata shqetësuese për çështjen e Kosovës,142,medium_121_250,0.858217476804202,0.14178252319579798,0,likely_real,True,correct
word_tfidf,true_1979,1979,0,real,WhatsApp do t’ju lejojë të përdorni të njëjtën llogari deri në katër pajisje,92,short_61_120,0.5963431351907367,0.4036568648092633,0,uncertain,True,correct
word_tfidf,true_1982,1982,0,real,"Labinot Tahiri reagon i revoltuar: Kjo është një gënjeshtër, le të më dërgojnë në burg mua dhe gjithë estradën",216,medium_121_250,0.9299431031425132,0.07005689685748678,0,likely_real,True,correct
word_tfidf,true_1988,1988,0,real,Konjufca: Mustafa përsëri do t’ia bëjë votat Thaçit për president,217,medium_121_250,0.4498251475408481,0.5501748524591519,1,uncertain,False,false_positive
word_tfidf,true_1991,1991,0,real,"Kylie Jenner etiketohet si raciste, kryqëzohet nga fansat pasi vetëm 13 për qind e punonjësve në markën e saj janë njerëz me ngjyrë",272,long_gt_250,0.9077590198252298,0.09224098017477021,0,likely_real,True,correct
word_tfidf,fake_24,24,1,fake,"Askush Nuk Po E Besonte Që Kjo Ka’fshë Është Në Këtë Vend, Banorët Janë Mbledhur Dhe… VIDEO",66,short_61_120,0.0010994221906487356,0.9989005778093513,1,likely_fake,True,correct
word_tfidf,fake_30,30,1,fake,Vallëzimi I Nuses Në Dasmën E Saj Po Mahnitë Të Gjithë Në Rrjetet Sociale,72,short_61_120,0.3375779603258334,0.6624220396741666,1,uncertain,True,correct
word_tfidf,fake_31,31,1,fake,"Babai Merr Dy Ditë Leje Për Lindjen E Fëmijes, Kur Papritur I Vjen Nje Mesazh Nga Shefi I Tij Që E Lë Pa M,End",112,short_61_120,0.0828191948879271,0.9171808051120729,1,likely_fake,True,correct
word_tfidf,fake_33,33,1,fake,Njihuni Me Shqiptarën E Parë Që U Bë Milionere Me Bitcoin (FOTO),213,medium_121_250,0.28937353580321423,0.7106264641967858,1,likely_fake,True,correct
word_tfidf,fake_45,45,1,fake,"Nisi Procesi Për Punë Sezonale Në Itali, Ja Sa Shqiptarë Mund Të Përfitojnë Punë Bashkë Me Leje Qëndrimi",78,short_61_120,0.17084103250494276,0.8291589674950572,1,likely_fake,True,correct
word_tfidf,fake_46,46,1,fake,"Rasti i rralle qe emocjonoi gjithe boten,i biri pa duar ushqen nenen e paralizuar (Video)",107,short_61_120,0.010808765446159496,0.9891912345538405,1,likely_fake,True,correct
word_tfidf,fake_50,50,1,fake,EKSLUZIVE:Rasheli Tregon Pa Dorashka Arsyen Pse U Largua Nga Ermali “Ai Me Ngacmonte Dhe …”,94,short_61_120,0.005050357978515607,0.9949496420214844,1,likely_fake,True,correct
word_tfidf,fake_57,57,1,fake,Soda Del Jasht “Loje” Ky Eshte Perberesi I Cili Do Te Sheroj Lukthin Tuaj Ne Vetem Pak Dite,188,medium_121_250,0.12514444845062855,0.8748555515493714,1,likely_fake,True,correct
word_tfidf,fake_60,60,1,fake,"Po na përlot me rolin e saj! Flet Ejlyli, tregon të pathënat e jetës së saj: U bëra…",99,short_61_120,0.01513537067507098,0.984864629324929,1,likely_fake,True,correct
word_tfidf,fake_64,64,1,fake,"Mbani Lotët! Vajza E Zbulon Pak Para Dasmës Që I Fejuari Ia Kishte Dredhur, Më Pas Ia Bën…",75,short_61_120,0.005812995797770948,0.994187004202229,1,likely_fake,True,correct
word_tfidf,fake_66,66,1,fake,Gazetarja E Njohur Rrëfen Ëndrrën Me Edi Ramën Gjatë Karantinës: Më Ka… (Video),107,short_61_120,0.026027595079249233,0.9739724049207508,1,likely_fake,True,correct
word_tfidf,fake_68,68,1,fake,"Ata Duheshin Shumë, Por Babai I Saj Nuk Ja Jepte Për Grua Edhe Pse Ajo Mbeti Shtatëzanë. Ajo Që Ndodhi 56 Vite Më Vonë Do T’ju Përlotë…",121,medium_121_250,0.0037966841552882213,0.9962033158447118,1,likely_fake,True,correct
word_tfidf,fake_70,70,1,fake,"BE Përshëndet Miratimin E ‘5 Qershorit’, Apeli I Sorecës: Mos Dëmtoni Frymën E Reformës Zgjedhore",93,short_61_120,0.013649641971526516,0.9863503580284735,1,likely_fake,True,correct
word_tfidf,fake_71,71,1,fake,"“T Ërmeti I Madh Do Ndryshojë Tokën, Kontinentet Do Ndahen Përgjysmë”, A Larmi I Shkencëtarit",118,short_61_120,0.0012697060004722704,0.9987302939995277,1,likely_fake,True,correct
word_tfidf,fake_74,74,1,fake,"Gezim I Madh Ne Familjen E Shkurte Fejzes, Ja Qfare Ndodhi ..",90,short_61_120,0.01843005191527558,0.9815699480847244,1,likely_fake,True,correct
word_tfidf,fake_77,77,1,fake,Kush Është Kjo Gruaja Që Sot Protestoi Dhe Tha:Do Ta Tuboj Popullaten Nuk Ka Ndërtim Të Xhamisë,120,short_61_120,0.004974269908615492,0.9950257300913845,1,likely_fake,True,correct
word_tfidf,fake_79,79,1,fake,"Plas Sh Erri Brenda Familjes Miliardere, Motra Urdhëron “Vr Ásjen” E Të Vëllait",132,medium_121_250,0.007266547850011906,0.9927334521499881,1,likely_fake,True,correct
word_tfidf,fake_100,100,1,fake,Bëhet Baba Në Moshën 92-Vjeçare Dhe Ai Deshiron Qe Ta…,75,short_61_120,0.03250787048123982,0.9674921295187602,1,likely_fake,True,correct
word_tfidf,fake_101,101,1,fake,"Nuk Është Parë As Dëgjuar Ndonjëherë, Nëna Lind Fëmijën Dhe Pas 2 Ditësh Merr Lajmin Që Nuk E Priste Kurrë",163,medium_121_250,0.5752179281080732,0.4247820718919268,0,uncertain,False,false_negative
word_tfidf,fake_112,112,1,fake,"Ekskluzive: Shitet urgjent Golf 5, Çmimi 2600 Euro, pres blers serioz (Foto/Video)",90,short_61_120,0.001080899082244624,0.9989191009177554,1,likely_fake,True,correct
word_tfidf,fake_116,116,1,fake,"Para Me Thasë, SHTETl Ku Paraja Nuk Ka Asnjë VIerë",96,short_61_120,0.011689987269357438,0.9883100127306426,1,likely_fake,True,correct
word_tfidf,fake_121,121,1,fake,"Rasti i rralle qe emocjonoi gjithe boten,i biri pa duar ushqen nenen e paralizuar (Video)",109,short_61_120,0.008943394463425958,0.991056605536574,1,likely_fake,True,correct
word_tfidf,fake_124,124,1,fake,"Flet Nga SHBA Mjeku Per Shqiperine: Vjeshta Do Jete E Tm.Errshme, Ja Çdo Të Ndodhë",95,short_61_120,0.00039353347651471804,0.9996064665234853,1,likely_fake,True,correct
word_tfidf,fake_125,125,1,fake,"U Nda Nga Eros Grezda/ Oriola Marashi E Zevendeson Menjehere, Me Ke Po I Kalon Pushimet Bukuroshja",100,short_61_120,0.0019169203241498067,0.9980830796758502,1,likely_fake,True,correct
word_tfidf,fake_129,129,1,fake,"Kapi Peshkun, Por Burri U Sho Kua Nga Ajo Se Çfarë I Gjeti Në Stomak",155,medium_121_250,0.003280865354432283,0.9967191346455677,1,likely_fake,True,correct
word_tfidf,fake_136,136,1,fake,Si të bëheni milioner për 2020-ën/ 6 tradita për të sjellë fatin e mirë për Vitin e Ri (FOTO),85,short_61_120,0.25788637626684796,0.742113623733152,1,likely_fake,True,correct
word_tfidf,fake_163,163,1,fake,"E fundit! Shtrohet ne spital nga koronavirusi biznesmeni dhe deputeti i PS-së,",87,short_61_120,0.014617067816023233,0.9853829321839768,1,likely_fake,True,correct
word_tfidf,fake_164,164,1,fake,Vetëm 11 Ditësh Dhe Me Dhëmbë? ‘Zbulohet’ E Vërteta E Videos Që Po ‘Çmend’ Rrjetin (Video),73,short_61_120,0.0010239020015541112,0.9989760979984459,1,likely_fake,True,correct
word_tfidf,fake_169,169,1,fake,Përse Nuk Duhet Të Kaloni Natën Pranë Varrezave…,98,short_61_120,0.005101365771351896,0.9948986342286481,1,likely_fake,True,correct
word_tfidf,fake_174,174,1,fake,"E FUNDIT:Publikohen Pamjet EKSLUZIVE Endrit Thaçi, Djali I Presidenti Blen Veturë 35 Mijë Euro Populli Ska Buk Me Honger",97,short_61_120,0.0023149630326219084,0.9976850369673781,1,likely_fake,True,correct
word_tfidf,fake_176,176,1,fake,"TURP!! 3 mijë euro për një nuse, si i shiten vajzat Shqiptarëve burrave Serbë",107,short_61_120,0.01104770993261961,0.9889522900673804,1,likely_fake,True,correct
word_tfidf,fake_186,186,1,fake,"LAJMI I FUNDIT: Gjërat ”rrotulluan” krejtësisht, prishet ”loja” LDK-VV – Kush e bëri këtë?",76,short_61_120,0.009031337526819727,0.9909686624731803,1,likely_fake,True,correct
word_tfidf,fake_189,189,1,fake,Super lajm nga Zvicra – Shqiptarja lind gjashtënjakë por do te Çmendeni se Çfarë i ofroj shteti,114,short_61_120,0.06449648749458947,0.9355035125054105,1,likely_fake,True,correct
word_tfidf,fake_195,195,1,fake,Shitet Iphone X cmimi vetem 200 euro nxito sasi e limituar,66,short_61_120,0.008259715080082164,0.9917402849199178,1,likely_fake,True,correct
word_tfidf,fake_197,197,1,fake,"Ka 3 adresa Facebook-u per tu shkruar te dashurave, gruaja i nxjerr ‘bojën’ burrit! Por Ardit Gjebrea i ben ate qe nuk e priste",95,short_61_120,0.0014563333479721274,0.9985436666520279,1,likely_fake,True,correct
word_tfidf,fake_204,204,1,fake,"Është Vetëm 8-Muajshe, Por Ka Diçka Të Veçantë Që Askush Nuk E Beson Se Është Ajo",98,short_61_120,0.0022248137981950578,0.9977751862018049,1,likely_fake,True,correct
word_tfidf,fake_211,211,1,fake,Kos apo qumësht? Ky është ideali për mëngjes dhe do jeni me energji gjithë ditën,71,short_61_120,0.006812176715343843,0.9931878232846562,1,likely_fake,True,correct
word_tfidf,fake_212,212,1,fake,"Babai i saj trim u nda nga jeta 22 vite më parë, këngëtarja shqiptare të prek në shpirt me fjalët",118,short_61_120,0.12866298157452827,0.8713370184254717,1,likely_fake,True,correct
word_tfidf,fake_213,213,1,fake,"Mjellma ng.ordh nga “ze mra e th.yèr”, adoIeshentët i th.yen vezèt e saj me tuIIa",142,medium_121_250,0.022063392570791596,0.9779366074292084,1,likely_fake,True,correct
word_tfidf,fake_219,219,1,fake,"VIDEO EKSLUZIVE:Kevina Kthella Ngre Temperaturat, Shëtit Me Mbathje Në Rrugë Pa Komplekse Dhe Cmend Te Rinjte Dhe Pleqtë",94,short_61_120,0.03448640910918532,0.9655135908908147,1,likely_fake,True,correct
word_tfidf,fake_221,221,1,fake,Shikojeni me çfarë deklarate vjen tani Naim Abazi për Mihrijën! (PAMJE),82,short_61_120,0.07070092170209186,0.9292990782979081,1,likely_fake,True,correct
word_tfidf,fake_232,232,1,fake,"Koronavirusi/ “Kjo situatë mund të zgjasë deri në 3 vjet”, kryeministri Rama “befason” që të gjithë",150,medium_121_250,0.15685706327506677,0.8431429367249332,1,likely_fake,True,correct
word_tfidf,fake_234,234,1,fake,"Anulohen dasmat e muajit gusht, ja çfarë do ndodhë me dasmat !?",156,medium_121_250,0.5956013330515193,0.40439866694848065,0,uncertain,False,false_negative
word_tfidf,fake_238,238,1,fake,"Dëgjonte zhurma në tavan, por aty sipër gjen një “thesar” të vërtetë (FOTO)",79,short_61_120,0.17306871127181755,0.8269312887281824,1,likely_fake,True,correct
word_tfidf,fake_240,240,1,fake,E kush nuk e njeh kete lule? Ajo sheron sem undje qe ju as qe i coni neper mend,84,short_61_120,0.04669362395676302,0.953306376043237,1,likely_fake,True,correct
word_tfidf,fake_248,248,1,fake,"Këngëtarja Shqiptare Merr Masa Për Pastërti, Fut Nën Ujë Edhe Celularin!",92,short_61_120,0.1704390983266696,0.8295609016733304,1,likely_fake,True,correct
word_tfidf,fake_252,252,1,fake,Nxirrni jargë teksa flini ? Kjo shenjë tregon që ju vuani nga një sëm undje e cila prek…(VIDEO),189,medium_121_250,0.03344574902692454,0.9665542509730755,1,likely_fake,True,correct
word_tfidf,fake_255,255,1,fake,KUJDES: Këtë Vendim Të Policisë Së Kosovës Duhet Ta Dini Të Gjithë!,105,short_61_120,0.0535799406683819,0.9464200593316181,1,likely_fake,True,correct
word_tfidf,fake_257,257,1,fake,Nga Ilaçet Te Recetat Në Shtëpi: Si Mund Të Trajtohet Humbja E Nuhatjes,87,short_61_120,0.005910835146069715,0.9940891648539303,1,likely_fake,True,correct
word_tfidf,fake_262,262,1,fake,Do u rrëqethet mishi nga kjo histori! Kjo shqiptare u martua në moshën 15-vjeçare e humbi 7 fëmijë: Jam..,106,short_61_120,0.008292464695365043,0.991707535304635,1,likely_fake,True,correct
word_tfidf,fake_267,267,1,fake,NJlHUNl me artistin korean që po “truIIos” botën me veprat e tij,81,short_61_120,0.00584195937773524,0.9941580406222648,1,likely_fake,True,correct
word_tfidf,fake_271,271,1,fake,"VIDEO:‘Noizy E Liroi Nga B Urgu, E Takonte Në Fushë Krujë’/ Klodiana Lala Zbulon Cfare Ndodhi Ne Va Rrimin E Hekuran Billës: Morën Pjesë Edhe Emra Të Botës Së K Rimit",92,short_61_120,0.013822430239117112,0.9861775697608829,1,likely_fake,True,correct
word_tfidf,fake_276,276,1,fake,"Pasanikët Po Ikin Nga Coronavirusi, Po Futen Nën Tokë – Apartamenti Më I Lirë Në Bunker Kushton Një Milion Dollarë",102,short_61_120,0.009682023287601704,0.9903179767123983,1,likely_fake,True,correct
word_tfidf,fake_282,282,1,fake,“Jam e tro.nditur…”. Eni Çobanit indodh e papritura: Ti duhet të dish dhe ha.llin tim,91,short_61_120,0.0023461760873347837,0.9976538239126652,1,likely_fake,True,correct
word_tfidf,fake_290,290,1,fake,EPABESUESHME : Dy djem gropojnë një vend por shikoni cfar nxjerrin ..,67,short_61_120,0.05900970214549983,0.9409902978545002,1,likely_fake,True,correct
word_tfidf,fake_298,298,1,fake,"Shkoi për pushime në Shëngjin, Ja çka i ndodhi 34 vjeçarit nga Kosova",66,short_61_120,0.07238843724069277,0.9276115627593072,1,likely_fake,True,correct
word_tfidf,fake_299,299,1,fake,Lista Serbe për Vjosa Osmanin: Ti moj Vjosa na ndoqe në korridor për t’i dhënë votat për kryetare të Kuvendit,163,medium_121_250,0.24543565633198738,0.7545643436680126,1,likely_fake,True,correct
word_tfidf,fake_301,301,1,fake,"“Dieta Me Oriz”! Minus 10 Kg, Dobësimi Që Nuk Rimerr Kilet As Pas 6 Vitesh",114,short_61_120,0.05699022766581552,0.9430097723341845,1,likely_fake,True,correct
word_tfidf,fake_304,304,1,fake,Trumpi I Drejtohet Popullit Amerikan: Ju Njoftoj Se Nga Ky Moment Ne Do Të…,88,short_61_120,0.012047715743220389,0.9879522842567796,1,likely_fake,True,correct
word_tfidf,fake_306,306,1,fake,"Albin Kurti e jep lajmin e madh: Më në fund gjithçka përfundoj, URIME KOSOVË",89,short_61_120,0.005085732072048876,0.9949142679279511,1,likely_fake,True,correct
word_tfidf,fake_307,307,1,fake,"“Bombardohet” Mihrihe Braha, takon për herë të parë “djalin jashtëmartesor” të Naim Abazit pas 19 viteve (VIDEO)",80,short_61_120,0.07533366083878779,0.9246663391612122,1,likely_fake,True,correct
word_tfidf,fake_308,308,1,fake,"Juria U Tall Dhe Dyshonte Shumë Në Talentin E Saj, Nuk E Dinin Se Ajo Do Ta Ngritë Publikun Në Këmbë!(Video)",111,short_61_120,0.13740808379591252,0.8625919162040875,1,likely_fake,True,correct
word_tfidf,fake_317,317,1,fake,"Dyshonin Se Ishte Shta’tzënë, Mjekët Bëjnë Zbu’limin E Tmer.Rshëm",87,short_61_120,0.021116259994965914,0.9788837400050341,1,likely_fake,True,correct
word_tfidf,fake_323,323,1,fake,"Kjo Vajzë Cdo Ditë E Puthte Këtë Të Pastrehë, Por Cfarë Bëri Plaku Për Të, Do Mbeteni Pa Fjalë",370,long_gt_250,0.7723974398883984,0.22760256011160157,0,likely_real,False,false_negative
word_tfidf,fake_325,325,1,fake,Edi Rama ka “dasht” me nda Kosovën (tonë). Ramush Haradinaj “pa dasht” e ka nda Çakorrin (Video),78,short_61_120,0.004157928343339501,0.9958420716566605,1,likely_fake,True,correct
word_tfidf,fake_332,332,1,fake,LAJMI I FUNDIT: Infektohet Me CO -19 Këngëtari I Njohur Kosovar!,79,short_61_120,0.1674556011250138,0.8325443988749862,1,likely_fake,True,correct
word_tfidf,fake_343,343,1,fake,"Naim Abazi: Punë ka sa të duash, po rinia po kanë qef me nejt në kafe, me prit prej babës hala!",96,short_61_120,0.4059895261523182,0.5940104738476818,1,uncertain,True,correct
word_tfidf,fake_345,345,1,fake,"I Tregoi Të Dashurës Se Jetonte Në Rrugë, Reagimi I Vajzës Do Ju Lërë Pa Fjalë…",82,short_61_120,0.12837769871380922,0.8716223012861908,1,likely_fake,True,correct
word_tfidf,fake_351,351,1,fake,"Lejeni menjane ujin me limon ne mengjes, vazhdoni te konsumoni kete perberje qe po cmend te gjithe",488,long_gt_250,0.630128244141474,0.3698717558585261,0,uncertain,False,false_negative
word_tfidf,fake_352,352,1,fake,"Ekskluzive: Vjosa Osmani me parti të re, Ja si do të quhet partia e saj!",112,short_61_120,0.021098526655586203,0.9789014733444138,1,likely_fake,True,correct
word_tfidf,fake_353,353,1,fake,"Burri vetëm për letra më ka marr mua, tani qe s’kemi as njeri letrat më thotë dil gjeje një tjetër…",600,long_gt_250,0.014569291960022768,0.9854307080399772,1,likely_fake,True,correct
word_tfidf,fake_354,354,1,fake,Lëngu i qepës efikas kundër katër sëmundjeve!?,270,long_gt_250,0.7783073894323328,0.22169261056766718,0,likely_real,False,false_negative
word_tfidf,fake_355,355,1,fake,Mediat serbe: Serbia njeh Kosovën dhe hyn në BE,332,long_gt_250,0.5481137510604217,0.4518862489395783,0,uncertain,False,false_negative
word_tfidf,fake_367,367,1,fake,Tmerr për Kosovën kush po e përfaqëson! Zbulohet detaje tronditese,96,short_61_120,0.0012571644349924638,0.9987428355650075,1,likely_fake,True,correct
word_tfidf,fake_368,368,1,fake,Kjo qe do te ndodhe te Henen ne Kosove do iu shokoje,143,medium_121_250,0.008725911254260366,0.9912740887457396,1,likely_fake,True,correct
word_tfidf,fake_369,369,1,fake,"Avdullah Hotin nuk e do as fshati i tij Ratkoc, ja çfarë thanë disa prej tyre. – (VIDEO)",95,short_61_120,0.00019700371348008172,0.9998029962865199,1,likely_fake,True,correct
word_tfidf,fake_375,375,1,fake,Ja sa është paga e Naser Rafuna tek seriali ‘Çka ka shpija.’,75,short_61_120,0.00012840039063188868,0.9998715996093681,1,likely_fake,True,correct
word_tfidf,fake_383,383,1,fake,Albin Kurtin e shokon Hashim Thaçin me kete qe i zbuloi per luften dhe hagen,83,short_61_120,1.2423034917552478e-05,0.9999875769650824,1,likely_fake,True,correct
word_tfidf,fake_384,384,1,fake,"Skandal: Nuk iu lindi djalë, babai vret vetën e ja se çfarë i ndodhi nënës së re",139,medium_121_250,0.10983809473076522,0.8901619052692348,1,likely_fake,True,correct
word_tfidf,fake_394,394,1,fake,"Kjo video po fikson botën, janë futur veta 20 makinë/ Shikoni si dalin një nga një",77,short_61_120,3.1532718526516845e-05,0.9999684672814735,1,likely_fake,True,correct
word_tfidf,fake_395,395,1,fake,"Shkoni në vendin ku ishte burri, gruaja e kap atë keq me një femër dhe u bën të pabërën",87,short_61_120,0.0014916202147218227,0.9985083797852782,1,likely_fake,True,correct
word_tfidf,fake_412,412,1,fake,"“Eskalon” familjari i deputetit Xhavit Ukaj, fyen rëndë Vjosa Osmanin",85,short_61_120,0.0003644464701282324,0.9996355535298718,1,likely_fake,True,correct
word_tfidf,fake_415,415,1,fake,Flet edhe njëherë deputeti që iu vërsul Osmanit në Kuvend: Me pas dashtë me e sulmua e kisha…,109,short_61_120,0.001595499852118376,0.9984045001478816,1,likely_fake,True,correct
word_tfidf,fake_417,417,1,fake,LAJMI I FUNDIT – Më në fund Lajm i mirë për vizat,147,medium_121_250,0.010428207278003976,0.989571792721996,1,likely_fake,True,correct
word_tfidf,fake_423,423,1,fake,"Fero postoi foto me armë, Arbenita e frikësuar se ai ‘do ta vrasë’",70,short_61_120,0.00023418890507187484,0.9997658110949281,1,likely_fake,True,correct
word_tfidf,fake_428,428,1,fake,Zyrtari i VV-së habit me deklaratën për Thaçin dhe Veselin,87,short_61_120,0.0008023904975329454,0.999197609502467,1,likely_fake,True,correct
word_tfidf,fake_430,430,1,fake,E jashtëzakonshme: Merkel me flamurin e Kosovës para syve të Vuçiqit,78,short_61_120,0.002233161844696241,0.9977668381553038,1,likely_fake,True,correct
word_tfidf,fake_433,433,1,fake,Pasi u infektua me Covid-19 vdes Mustafa,57,very_short_le_60,0.054836669420030626,0.9451633305799694,1,likely_fake,True,correct
word_tfidf,fake_434,434,1,fake,"Lajm qe duhet ta din te gjithe, Viber do behet me para detaje ekskluzive",78,short_61_120,0.049923286696402114,0.9500767133035979,1,likely_fake,True,correct
word_tfidf,fake_439,439,1,fake,‘Çartet’ Sami Lushtaku ia zbulon kete gje Rexhep Selimit,93,short_61_120,0.0009173861005397077,0.9990826138994603,1,likely_fake,True,correct
word_tfidf,fake_451,451,1,fake,Maqedonia e Veriut e shokon Kosoven dhe qytetaret e saj me kete vendim qe morri,78,short_61_120,0.0006915192625711608,0.9993084807374288,1,likely_fake,True,correct
word_tfidf,fake_454,454,1,fake,Këto janë pikat kufitare ku iu kërkohet testi për COVID-19,98,short_61_120,0.14198071480179275,0.8580192851982072,1,likely_fake,True,correct
word_tfidf,fake_463,463,1,fake,Emily Ratajkowski duket super s.e.ksi në fotografitë e fundit,94,short_61_120,0.01273364100284613,0.9872663589971539,1,likely_fake,True,correct
word_tfidf,fake_465,465,1,fake,"Lë Bashkëshorten E Tij Për Një Grua Më Të Re. Çfarë Ndodh 3 Vite Më Vonë, E Lë Atë Pa Fjalë…",136,medium_121_250,0.004058616977465124,0.9959413830225349,1,likely_fake,True,correct
word_tfidf,fake_472,472,1,fake,"Acarohen raportet e Serbisë me Rusinë, ja çfarë veprimi ka bërë Vuçiq",101,short_61_120,0.006976134316056148,0.9930238656839439,1,likely_fake,True,correct
word_tfidf,fake_479,479,1,fake,Ja sa kohë duhet për ta marrë virusin në një bar apo restaurant,112,short_61_120,0.007283279302832679,0.9927167206971673,1,likely_fake,True,correct
word_tfidf,fake_480,480,1,fake,Gani Geci: Hashim Thaçi ma i dëmshëm se KoronaVirusi në këtë kohë!,78,short_61_120,4.8622458392322265e-05,0.9999513775416077,1,likely_fake,True,correct
word_tfidf,fake_481,481,1,fake,"Detaji që u iku të gjithëve: Tyta e automatikut në shtëpinë e prindërve të Thaçit, e “zbuloi” Veseli",85,short_61_120,0.0002826920321654658,0.9997173079678345,1,likely_fake,True,correct
word_tfidf,fake_483,483,1,fake,"Nasim Haradinaj: o Ramush Haradinaj, Lakmia e pushteti të prishë!",80,short_61_120,0.0013145782567748343,0.9986854217432252,1,likely_fake,True,correct
word_tfidf,fake_495,495,1,fake,Lajmi i fundit: Hashim Thaçi ¨tenton¨ te ia merr jeten Gani Gecit,197,medium_121_250,0.4120926261834369,0.5879073738165631,1,uncertain,True,correct
word_tfidf,fake_496,496,1,fake,Mulla Osmani i ‘bie shuplakë’ Milaim Zekës live në emision (Video),81,short_61_120,0.023324092879783098,0.9766759071202169,1,likely_fake,True,correct
word_tfidf,fake_508,508,1,fake,Shikoni  reagimin e Leonora Jakupit për ndërtimin e xhamisë në Prishtinë,82,short_61_120,0.6827055843563706,0.31729441564362937,0,uncertain,False,false_negative
word_tfidf,fake_515,515,1,fake,"Bac Qikat e Kosoves po na zbardhin ftyren, Kjo qe beri tash Rita Ora eshte e madhe!",352,long_gt_250,0.9404987807198993,0.05950121928010061,0,likely_real,False,false_negative
word_tfidf,fake_520,520,1,fake,LAJMI BOMBASTIK / Richard Grenell: Vizat Mund Të Hiqen Ditën E Dielë (VIDEO),162,medium_121_250,0.001641122054032551,0.9983588779459674,1,likely_fake,True,correct
word_tfidf,fake_527,527,1,fake,A e keni ditur se kjo moderatore është motra e Haki Abazit?,76,short_61_120,0.00010615353480758483,0.9998938464651924,1,likely_fake,True,correct
word_tfidf,fake_528,528,1,fake,Ganja e PDK-s thot se Vjosa tash pa LDK-n as 10% ska me mujt me i fitu,189,medium_121_250,0.10303671558363625,0.8969632844163637,1,likely_fake,True,correct
word_tfidf,fake_530,530,1,fake,Shuma marramendëse: Robert Berisha tregon sa paguhet në koncerte,142,medium_121_250,0.6846904703398771,0.315309529660123,0,uncertain,False,false_negative
word_tfidf,fake_531,531,1,fake,EKSKLUZIVE: Albin Kurti President i Kosoves?,86,short_61_120,3.285383143314391e-06,0.9999967146168567,1,likely_fake,True,correct
word_tfidf,fake_535,535,1,fake,‘Hashim Thaçi’ futet papritmas në emisionin ku ishte Berat Buzhala (Video),96,short_61_120,0.07607908681395203,0.923920913186048,1,likely_fake,True,correct
word_tfidf,fake_536,536,1,fake,Dardan Molliqaj ia publikon këtë ‘top sekret’ Albin Kurtit,65,short_61_120,0.10565405111794224,0.8943459488820578,1,likely_fake,True,correct
word_tfidf,fake_539,539,1,fake,E PAPRITUR: Ja Kush Është I Dashuri I Ri I Nora Istrefit sdo ta besoni,96,short_61_120,0.0005338285600163806,0.9994661714399836,1,likely_fake,True,correct
word_tfidf,fake_544,544,1,fake,Kur pritet t’u mundësohet qytetarëve tërheqja e parave nga Trusti?,209,medium_121_250,0.9354607119453742,0.06453928805462582,0,likely_real,False,false_negative
word_tfidf,fake_545,545,1,fake,"E pabesueshme, banorët e ketij fshati kapin gjarprin me përmasa të frikshme (Foto)",84,short_61_120,0.3588677471619466,0.6411322528380534,1,uncertain,True,correct
word_tfidf,fake_553,553,1,fake,"Dhurata shkëlqeu e veshur e tëra me lule, por nuk do ta besoni sa kushtoi veshja e saj",97,short_61_120,0.3418034623080455,0.6581965376919545,1,uncertain,True,correct
word_tfidf,fake_555,555,1,fake,Kosova zë vendin e parë në Evropë si vendi me numrin më të madh të infektuarve,158,medium_121_250,0.9692678697666407,0.030732130233359255,0,likely_real,False,false_negative
word_tfidf,fake_556,556,1,fake,"BE-ja dhe SHBA e godasin fort Serbine, cmenden serbet",86,short_61_120,0.02424971825542699,0.975750281744573,1,likely_fake,True,correct
word_tfidf,fake_571,571,1,fake,E papritur:Qeveria fut në karantinë edhe katër komuna,98,short_61_120,0.5087633893071528,0.49123661069284713,0,uncertain,False,false_negative
word_tfidf,fake_573,573,1,fake,TURP: Ja çfarë thonë mediat serbe për shkuarjen e Thaçit në Hagë,105,short_61_120,0.04491906383512756,0.9550809361648724,1,likely_fake,True,correct
word_tfidf,fake_580,580,1,fake,Ja kur pritet te vijë Vala e dytë e Covid-19.,146,medium_121_250,0.5997277454758916,0.4002722545241085,0,uncertain,False,false_negative
word_tfidf,fake_582,582,1,fake,"Nuk Ka Te Ndalur Tayna, Tregon Si Po Rrit Të Pasmet E Saj Çdo Ditë",111,short_61_120,0.014899966112667085,0.9851000338873329,1,likely_fake,True,correct
word_tfidf,fake_583,583,1,fake,"Azem Hajdari ku i thotë Thaçit “të rre hi si qenin more pis…”, ka dy fjalë për Isa Mustafën",191,medium_121_250,0.24808066640498738,0.7519193335950126,1,likely_fake,True,correct
word_tfidf,fake_584,584,1,fake,Albin Kurti kapet në aeroport,90,short_61_120,0.0776795117297776,0.9223204882702224,1,likely_fake,True,correct
word_tfidf,fake_585,585,1,fake,LAJMI I FUNDIT – E pabesushme ja qka i ndodhi Isa Mustafes ne keto momente pas infektimit me COVID 19,152,medium_121_250,0.0009625638660368807,0.9990374361339631,1,likely_fake,True,correct
word_tfidf,fake_586,586,1,fake,Përhapja e virusit nuk ndalohet me gjendjen e jashtëzakonshme.,165,medium_121_250,0.8403274898949479,0.15967251010505212,0,likely_real,False,false_negative
word_tfidf,fake_592,592,1,fake,"Mjeku Pipero jep lajmin e mirë: Shqipëria s’do izolohet sërish, vetëm nëse bëni këtë gjë",97,short_61_120,0.18162919496455732,0.8183708050354427,1,likely_fake,True,correct
word_tfidf,fake_600,600,1,fake,"LAJMI I FUNDIT: Eshë ulur çmimi i naftës,nuk do ta besoni se sa ka ra!?",145,medium_121_250,0.20749847430557877,0.7925015256944212,1,likely_fake,True,correct
word_tfidf,fake_603,603,1,fake,Neurologët: Njerëzit me simptoma të butë të koronavirusit po pësojnë çrregullime serioze të trurit,501,long_gt_250,0.9900245247320629,0.009975475267937026,0,likely_real,False,false_negative
word_tfidf,fake_608,608,1,fake,E FUNDIT:Video Eksluzive ”Lajm I Madh Nga Zemaj: Do Ta Porosisim Vaksinën Kundër Koronavirusit”,164,medium_121_250,0.060313974385343694,0.9396860256146563,1,likely_fake,True,correct
word_tfidf,fake_611,611,1,fake,Ka përçarje brenda LDK’së? Isa Mustafa trondite me kete qe tha!,124,medium_121_250,0.0024591810280533144,0.9975408189719467,1,likely_fake,True,correct
word_tfidf,fake_612,612,1,fake,"WOW kjo eshte e madhe, Ambasadori Gjerman jep nje lajm te madh per Albin Kurtin dhe Vjosa Osmanin",89,short_61_120,0.035800982916093904,0.9641990170839061,1,likely_fake,True,correct
word_tfidf,fake_614,614,1,fake,LAJMI I FUNDIT -Ne kete jave po kthehemi ne Karantine?,465,long_gt_250,0.5476592922848071,0.4523407077151928,0,uncertain,False,false_negative
word_tfidf,fake_618,618,1,fake,Mergimtari qe erdhi nga Zvicra tregon çka i ndodhi sdo ta besoni(VIDEO),97,short_61_120,0.0025416557192909917,0.997458344280709,1,likely_fake,True,correct
word_tfidf,fake_619,619,1,fake,“Godet“ Veton Surroi: Ata qe e “kalle” flamurin e Kosovës sigurisht janë katundar nga Drenica,85,short_61_120,0.057466280779841505,0.9425337192201585,1,likely_fake,True,correct
word_tfidf,fake_621,621,1,fake,"Pasi u martuan, gruaja mëson pse burri nuk “e prek”. Kur ai bënte dush ajo e pa hapur…",280,long_gt_250,0.9152567455195231,0.08474325448047688,0,likely_real,False,false_negative
word_tfidf,fake_629,629,1,fake,Aktorja nga Gjilani i quan kosovarët dreqër,93,short_61_120,0.6034718802230323,0.3965281197769677,0,uncertain,False,false_negative
word_tfidf,fake_631,631,1,fake,"Habitet 22 Vjeçarja Shqiptare Nga Zvicra: Ju Rr Efej Se Cka Ndodh Me Ata Që Martohen Për Letra, Mua Më…",128,medium_121_250,0.09905920054823936,0.9009407994517606,1,likely_fake,True,correct
word_tfidf,fake_638,638,1,fake,Lajmi më i ri sa i përket pagesave prej 170 eurosh për punëtorët që mbetën pa punë gjatë pandemisë!,174,medium_121_250,0.9365309213263802,0.0634690786736198,0,likely_real,False,false_negative
word_tfidf,fake_652,652,1,fake,"Beogradi shpall gjendjen e jashtëzakonshme, kjo e keqe po ndodh atje",78,short_61_120,0.39956591546004183,0.6004340845399582,1,uncertain,True,correct
word_tfidf,fake_655,655,1,fake,Krenar Gashi:“Avdullah Hoti Mund Të Bëhet Si Ibrahim Rugova “ ndoshta me i zoti se aj,161,medium_121_250,0.6350716702864339,0.3649283297135662,0,uncertain,False,false_negative
word_tfidf,fake_671,671,1,fake,"E Fundit VIDEO Eksluzive:Harrojeni Covid19,Frika E Shkencëtarëve: “Hëna Do Të Përplaset Me Tokën”",94,short_61_120,0.05265090428521635,0.9473490957147837,1,likely_fake,True,correct
word_tfidf,fake_675,675,1,fake,"I Shkatërrohet Karriera, Nora Istrefit I Publikohet Video Me Avokatin E Njohur Kosovar",70,short_61_120,0.007109029234698583,0.9928909707653014,1,likely_fake,True,correct
word_tfidf,fake_679,679,1,fake,Fatmir Limaj: Albini As Pragun Ska Me Kalu Ne Zgjedhje Te Reja Keni Me Pa O Popull – VIDEO –,154,medium_121_250,0.033402572235111894,0.9665974277648881,1,likely_fake,True,correct
word_tfidf,fake_680,680,1,fake,Ganja e PDK-s Kur tka qef Vjosa matum me vota qe si fitoj 50% ma shum se ajo une dha dorheqje nga PDK-ja,196,medium_121_250,0.07183515853811906,0.9281648414618809,1,likely_fake,True,correct
word_tfidf,fake_694,694,1,fake,"LAJMI I FUNDIT: Vjosa Osmani nuk ndalet, Ja jep goditjen finale Isa Mustafes",148,medium_121_250,0.36462175726894963,0.6353782427310504,1,uncertain,True,correct
word_tfidf,fake_702,702,1,fake,LAJMI I FUNDIT – Thaçi: Nëse nuk arrihet marrëveshja me 27 qershor kjo do të ndodhë…,2233,long_gt_250,0.9979703524307728,0.0020296475692271917,0,likely_real,False,false_negative
word_tfidf,fake_713,713,1,fake,"Mixha hyri në një restorant luksoz dhe i shërben kamarierja më e mirë, por të nesërmen ajo shkarkohet pas asaj që kishte bërë!",489,long_gt_250,0.7842312763370203,0.21576872366297972,0,likely_real,False,false_negative
word_tfidf,fake_721,721,1,fake,"Cka po ndodh ne shesh te Prishtines,zjarrefiksat jane aty dhe",83,short_61_120,0.005356184826044275,0.9946438151739557,1,likely_fake,True,correct
word_tfidf,fake_731,731,1,fake,Kryeministri britanik jep lajmin e madh: Ja kur mbaron kriza nga COVID-19,136,medium_121_250,0.12811062690380393,0.8718893730961961,1,likely_fake,True,correct
word_tfidf,fake_744,744,1,fake,Studimi i ri: Njerëzit kanë më shumë gjasa të infektohen në shtëpi se sa jashtë,121,medium_121_250,0.17717296149450967,0.8228270385054903,1,likely_fake,True,correct
word_tfidf,fake_745,745,1,fake,Vaksina “premtuese” e COVID-19 në Oxford: Çfarë është ajo dhe katër gjërat tjera që duhet ditur,99,short_61_120,0.15229245326304441,0.8477075467369556,1,likely_fake,True,correct
word_tfidf,fake_747,747,1,fake,Hoxha nga Drenica i përmend me emra: Këta janë islamofobët që po u pengon ndërtimi i xhamisë,89,short_61_120,0.013464805162437976,0.986535194837562,1,likely_fake,True,correct
word_tfidf,fake_756,756,1,fake,"Fotografi brenda Klinikës Infektive në QKUK, mjekë të lodhur e rraskapitur: Këtu as Supermeni nuk bën punë",251,long_gt_250,0.4021676271484713,0.5978323728515287,1,uncertain,True,correct
word_tfidf,fake_758,758,1,fake,Çfarë e zhduk koronavirusin? Italianët bëjnë zbulimin që do na rikthejë në normalitet,100,short_61_120,0.030294555718683447,0.9697054442813166,1,likely_fake,True,correct
word_tfidf,fake_760,760,1,fake,Mj eku i njohur Pellumb Pipero jep lajmin e k eq: Pa ndemia mund të zgjasë deri në..,126,medium_121_250,0.08961570239831729,0.9103842976016827,1,likely_fake,True,correct
word_tfidf,fake_765,765,1,fake,"Intervistimi 4 ditor i Thaçit, Raportuesja për Kosovën bënë veprimin e papritur",210,medium_121_250,0.04752239320914431,0.9524776067908557,1,likely_fake,True,correct
word_tfidf,fake_772,772,1,fake,"Ylli super seksi i ‘Victoria Secret’ kapet ‘mat’ nga paparacit, bikinit morën të gjithë vëmendjen",143,medium_121_250,0.11849942402018654,0.8815005759798135,1,likely_fake,True,correct
word_tfidf,fake_781,781,1,fake,Greqia: I dhimbshëm vendimi për xhaminë,120,short_61_120,0.06463451490852501,0.935365485091475,1,likely_fake,True,correct
word_tfidf,fake_783,783,1,fake,Të marrësh kredi për të bërë fëmijë / historia emocionuese e çiftit që u bënë prindër pas 15 vitesh,135,medium_121_250,0.05839434462487336,0.9416056553751266,1,likely_fake,True,correct
word_tfidf,fake_788,788,1,fake,Albin Kurti e quan Zezaj Ministrin e Shëndetësisë,257,long_gt_250,0.679263051409545,0.320736948590455,0,uncertain,False,false_negative
word_tfidf,fake_789,789,1,fake,"Zemaj deputetëve të VV’së: Ju jeni shëtit me paramilitarë, unë jam nip i Mic Sokolit",246,medium_121_250,0.83848689842247,0.1615131015775299,0,likely_real,False,false_negative
word_tfidf,fake_793,793,1,fake,"Bëri dasmë në kohën e koronavirusit, Rama i bën shqiptarit atë që nuk e kishte parë as në ëndrrat më të k ëqija",134,medium_121_250,0.01628286216538144,0.9837171378346186,1,likely_fake,True,correct
word_tfidf,fake_803,803,1,fake,A do të mbyllen prapë xhamitë?,71,short_61_120,0.023970135208480903,0.9760298647915191,1,likely_fake,True,correct
word_tfidf,fake_808,808,1,fake,FËMlJA i a doptuar thotë DlÇKA në sallën e GJYQlT që prek z emrën e të GJlTHËVE,146,medium_121_250,0.16247807150162752,0.8375219284983725,1,likely_fake,True,correct
word_tfidf,fake_809,809,1,fake,Oj Qeveri: Ku mbetën 170 eurot që qytetarët janë në pritje të tyre ?,109,short_61_120,0.09399612395111079,0.9060038760488892,1,likely_fake,True,correct
word_tfidf,fake_825,825,1,fake,"Eskalon situata në Serbi, protesutesit futen në Kuvend",99,short_61_120,0.03391392704404417,0.9660860729559558,1,likely_fake,True,correct
word_tfidf,fake_830,830,1,fake,"‘Cmendet’ Moti Në Shqipëri, Shihni Çfarë Po Ndodh Në Plazhin E Borshit",100,short_61_120,0.01789288028944347,0.9821071197105565,1,likely_fake,True,correct
word_tfidf,fake_833,833,1,fake,A paguhen 10 ditët e humbura të karantinës në Zvicër? Flet Shoqata e Sipermarrësve Zviceranë,251,long_gt_250,0.5774906695706812,0.4225093304293189,0,uncertain,False,false_negative
word_tfidf,fake_835,835,1,fake,"Video Eksluzive:“Doja Të Bleja Shtëpi, Ai Ishte Ndërtuesi I Pallatit”, Alketa Vejsiu Rr Ëfen Hi Storinë! Si U Njoh Me Burrin: U Çmenda Pas Syve Të Tij",127,medium_121_250,0.033015140878529525,0.9669848591214705,1,likely_fake,True,correct
word_tfidf,fake_856,856,1,fake,"Gjermania planifikon vendimin e madh, ja qfarë pritet të ndodhë",149,medium_121_250,0.35988533891951147,0.6401146610804885,1,uncertain,True,correct
word_tfidf,fake_858,858,1,fake,Çdo bëhet me këtë vend?! Zëri i Amerikës ia pl.as të vërtetën Shqipërisë: Më ulët se kurrë…,134,medium_121_250,0.04424451076528935,0.9557554892347107,1,likely_fake,True,correct
word_tfidf,fake_863,863,1,fake,"Video Eksluzive:“Shqiperia Ka Qene Greqi”, Këngëtarja E Njohur ‘Shp Ërthen’ Ndaj Arjan Çanit: Ky Njeri Duhet Te",105,short_61_120,0.030526232875167536,0.9694737671248325,1,likely_fake,True,correct
word_tfidf,fake_875,875,1,fake,"Labi gëzon vajzën me aftësi të kufizuara, ia dorëzon një karrocë të re (VIDEO)",139,medium_121_250,0.03424441183261273,0.9657555881673873,1,likely_fake,True,correct
word_tfidf,fake_880,880,1,fake,Kadri Veseli “kë.rcënon” ata që u pasuruan pa djersë,112,short_61_120,0.03381437576714508,0.9661856242328549,1,likely_fake,True,correct
word_tfidf,fake_887,887,1,fake,"Vjen një lajm shumë i keq për Kosovën dhe qytetarët e saj, KUJDES",112,short_61_120,0.031399914525124806,0.9686000854748752,1,likely_fake,True,correct
word_tfidf,fake_888,888,1,fake,Doktori i QKUK-së hedh vrer mbi politikanët kosovarë: A keni familje more politikuaj,92,short_61_120,0.010963360614385964,0.989036639385614,1,likely_fake,True,correct
word_tfidf,fake_889,889,1,fake,"E Porsalindur Dhe Ecën, Publikohen Pamjet Mbreslënëse Dhe… (VIDEO EMOCIONUESE)",62,short_61_120,0.00037438484654594983,0.999625615153454,1,likely_fake,True,correct
word_tfidf,fake_890,890,1,fake,"Policia Nuk Kursehet Aspak Për Familjen Shqiptare, E Shpo.Rrin Me Urgjencë. 26-Vjeçarja Me Barkun Te Goja Bashkë Me Djalin 2 -Vjeçar",139,medium_121_250,0.10904943763984376,0.8909505623601562,1,likely_fake,True,correct
word_tfidf,fake_906,906,1,fake,Nga VV tregojnë nëse do ta pranojnë Vjosa Osmanin në parti,95,short_61_120,0.016307619722032984,0.983692380277967,1,likely_fake,True,correct
word_tfidf,fake_907,907,1,fake,VIDEO EKSLUZIVE:Grida Duma: Edi Rama Ka Pro.Bleme Me Pastër.Tinë E Duarve…,98,short_61_120,0.0014191587415235407,0.9985808412584765,1,likely_fake,True,correct
word_tfidf,fake_908,908,1,fake,VIDEO EKSLUZIVE:Ilir Meta E Financoi Me Parat E Dro.Ges Filmin E Bes Kallakut Dhe I Solli Dhe Dashnoren Bleonen Si Aktore…,138,medium_121_250,0.004067383553708059,0.9959326164462919,1,likely_fake,True,correct
word_tfidf,fake_910,910,1,fake,Kjo është mundësia e ardhjes së mërgimtarëve nga Gjermania,79,short_61_120,0.006159447345946867,0.9938405526540531,1,likely_fake,True,correct
word_tfidf,fake_917,917,1,fake,"Rruga shnd.ërrohet në ri.ng, shoferi n.oka.uton tri herë shoferin tjetër",83,short_61_120,0.007675918798288883,0.9923240812017111,1,likely_fake,True,correct
word_tfidf,fake_931,931,1,fake,"Xheni dhe partnerja e saj duan të bëhen me fëmijë, ja kush do jetë dhuruesi",89,short_61_120,0.004663661674057518,0.9953363383259425,1,likely_fake,True,correct
word_tfidf,fake_938,938,1,fake,"Leje qëndrimi për punëtorët sezonalë në Itali, nis procesi, ja sa shqiptarë mund të përfitojnë…",104,short_61_120,0.017019609324330554,0.9829803906756694,1,likely_fake,True,correct
word_tfidf,fake_939,939,1,fake,(VIDEO) A Nuk Eshte Mrekulli? Momenti Kur Femija Shpetohet Nga Mb.Ytja Ne Pishine,106,short_61_120,0.13099317309695946,0.8690068269030405,1,likely_fake,True,correct
word_tfidf,fake_945,945,1,fake,"Exluzive Aeroplani Rrëzohet Në Det, Piloti Filmon Momentin E Shpëtimit Nga..",125,medium_121_250,0.17605724896924568,0.8239427510307543,1,likely_fake,True,correct
word_tfidf,fake_950,950,1,fake,"Zeka: Albin Kurti po nxit vëllavrasjen, mund të ketë lufte civile",83,short_61_120,0.0031639523903340683,0.9968360476096659,1,likely_fake,True,correct
word_tfidf,fake_965,965,1,fake,Çka nëse nuk mbahen dasmat këtë verë?,79,short_61_120,0.004001639783035693,0.9959983602169643,1,likely_fake,True,correct
word_tfidf,fake_966,966,1,fake,"Arben, edhe ti a?🤦‍♂️",107,short_61_120,0.1576641702754914,0.8423358297245086,1,likely_fake,True,correct
word_tfidf,fake_974,974,1,fake,Engjellusha a je ti? Nuk i besova syve kur të shikova në plazhë!,90,short_61_120,0.3997484096634556,0.6002515903365444,1,uncertain,True,correct
word_tfidf,fake_975,975,1,fake,"Flet Meda “Ja kam pa hajrin ktij populli, me shpi e kerra”",88,short_61_120,0.14612211276540288,0.8538778872345971,1,likely_fake,True,correct
word_tfidf,fake_979,979,1,fake,"Kosova në zgjedhje të jashtëzakonshme, Kjo është data!",186,medium_121_250,0.5884238131918679,0.4115761868081321,0,uncertain,False,false_negative
word_tfidf,fake_988,988,1,fake,"Rexhaj ‘godet’ Nasim Haradinajn, o Nasim ti je banditi më i madh që ka Kosova",99,short_61_120,0.04251877944106408,0.9574812205589359,1,likely_fake,True,correct
word_tfidf,fake_991,991,1,fake,"Kështu u pritë jashtë Presidenti Thaçi, pas përfundimit të intervistimit në Hagë (Video)",107,short_61_120,0.08990446831654164,0.9100955316834584,1,likely_fake,True,correct
word_tfidf,fake_994,994,1,fake,Albin Kurti është takuar me fshehurazi me qeverinë e sërbisë mos i besoni ketij tradhtari o popull,172,medium_121_250,0.3575510160580022,0.6424489839419978,1,uncertain,True,correct
word_tfidf,fake_1005,1005,1,fake,"Urime Kosovë! Në këtë datë në Korrik do hiqen Vizat, SHBA jep lajmin e madh",105,short_61_120,0.10924623858560767,0.8907537614143923,1,likely_fake,True,correct
word_tfidf,fake_1028,1028,1,fake,"BE i’a palon Grenellit: Bën veprimin e papritur për Kosovën, hiqen vizat për Kosovën??",261,long_gt_250,0.9363173412922169,0.06368265870778315,0,likely_real,False,false_negative
word_tfidf,fake_1034,1034,1,fake,"Rr’ahje mes dasmorëve në Prishtinë, bërtit “Nusja koka si Lop” (Video)",115,short_61_120,0.2796951351230008,0.7203048648769992,1,likely_fake,True,correct
word_tfidf,fake_1037,1037,1,fake,"Daçiq: Na jepni Veriun e Kosovës, pastaj fillojmë me bisedime!",344,long_gt_250,0.9538647757139446,0.046135224286055466,0,likely_real,False,false_negative
word_tfidf,fake_1042,1042,1,fake,"Afrim Muçiqi: Nëse nuk na lejohet puna, do t’i mbajmë dasmat në shesh apo livadhe",166,medium_121_250,0.8804957052583915,0.11950429474160854,0,likely_real,False,false_negative
word_tfidf,fake_1054,1054,1,fake,LAJMI FUNDIT: Vjosa Osmani antarsohet në Vetëvendosje ja detajet,96,short_61_120,0.24358047420669804,0.756419525793302,1,likely_fake,True,correct
word_tfidf,fake_1055,1055,1,fake,SHBA vjen me Super Lajm Për Kosovën,286,long_gt_250,0.9485803671651309,0.05141963283486904,0,likely_real,False,false_negative
word_tfidf,fake_1064,1064,1,fake,Nuk do ta besoni se çka e paralajmëron Isa Mustafa Vjosën!,132,medium_121_250,0.5473902616252169,0.4526097383747831,0,uncertain,False,false_negative
word_tfidf,fake_1076,1076,1,fake,Isa Mustafa marrja e Qeverisë në këtë kohë është sakrificë që po bënë LDK-ja,103,short_61_120,0.3018764273384331,0.6981235726615669,1,uncertain,True,correct
word_tfidf,fake_1079,1079,1,fake,Agim Veliu “godet“ Vjosen: Oj trashaluqe duhesh mi hjek killat për mu…..,152,medium_121_250,0.5765515551988636,0.42344844480113647,0,uncertain,False,false_negative
word_tfidf,fake_1081,1081,1,fake,"Isa Mustafa: Ne Shqiptarët e Kosovës jemi me Amerikën, kurse Albin Kurti….",81,short_61_120,0.15990908886213306,0.8400909111378669,1,likely_fake,True,correct
word_tfidf,fake_1084,1084,1,fake,E pabesueshme se çfarë vendimi pritet të merr Presidenti Hashim Thaçi nëse e…,107,short_61_120,0.14333848952828,0.85666151047172,1,likely_fake,True,correct
word_tfidf,fake_1085,1085,1,fake,Glauk Konjufca: Bëhuni gati…Nesër është vetëm nxemje!,170,medium_121_250,0.9513823630351885,0.04861763696481151,0,likely_real,False,false_negative
word_tfidf,fake_1090,1090,1,fake,Politikani Serb ‘zbulon’ dy politikanët e Kosovës që po bashkëpunojnë me…,176,medium_121_250,0.4584052221978647,0.5415947778021353,1,uncertain,True,correct
word_tfidf,fake_1092,1092,1,fake,"Abdulla Hoti “godet“ Lëvizjen Vetëvendosje, ja çka i thotë!",112,short_61_120,0.7581422249752512,0.24185777502474878,0,likely_real,False,false_negative
word_tfidf,fake_1101,1101,1,fake,Ky kombinim po i çmend të gjithë: Bëhu me fIokë duke përdorur bananen,194,medium_121_250,0.6115921707127404,0.3884078292872596,0,uncertain,False,false_negative
word_tfidf,fake_1104,1104,1,fake,"Nuk hapen xhamitë as në ditët e fundit të Ramazanit, edhe ne Hoxhallarët duam pushim",378,long_gt_250,0.9856461529707412,0.014353847029258812,0,likely_real,False,false_negative
word_tfidf,fake_1106,1106,1,fake,"Behgjet Pacolli “befason“ me fjalë: E deshtët apo Jo, Halil Kastrati nuk ban “NONA“ tjetër në Shqiptari",75,short_61_120,0.13729794406017337,0.8627020559398266,1,likely_fake,True,correct
word_tfidf,fake_1108,1108,1,fake,Vjosa po vjen me parti të re politike me 9 deputet!,44,very_short_le_60,0.0668395026981109,0.9331604973018891,1,likely_fake,True,correct
word_tfidf,fake_1117,1117,1,fake,"Albin Kurtit do ti ndodhë më e keqja, Ja çka paralajmëron Pacolli",362,long_gt_250,0.3884079508085917,0.6115920491914083,1,uncertain,True,correct
word_tfidf,fake_1119,1119,1,fake,Detaje të reja: Zbulohen mesazhet zyrtare për rastin e 26 vjeçarit që vdiq dje në Qendrën e Studentëve,84,short_61_120,0.5115467315494495,0.4884532684505504,0,uncertain,False,false_negative
word_tfidf,fake_1121,1121,1,fake,Vali Corleone flet për Hashim Thaçin e Albin Kurtin: Ja kush janë këta!,73,short_61_120,0.16252455513912745,0.8374754448608726,1,likely_fake,True,correct
word_tfidf,fake_1135,1135,1,fake,Hoxhaj: Kurr sdo të bëhet mirë pa ardhur në krye të Kosovës Kadri Veseli,107,short_61_120,0.01766549318346955,0.9823345068165305,1,likely_fake,True,correct
word_tfidf,fake_1138,1138,1,fake,Hyn dhe Voto dr. Shefqet Krasniqin për imam të xhamisë së re në Prishtinë,104,short_61_120,0.025378218737602043,0.974621781262398,1,likely_fake,True,correct
word_tfidf,fake_1165,1165,1,fake,Çmimi i lartë do tju trondit se sa do të kushtojë një vaksinë anti-korona që e keni patjetër ta merrni!,86,short_61_120,0.0028679071319182015,0.9971320928680818,1,likely_fake,True,correct
word_tfidf,fake_1174,1174,1,fake,"Vjen thirrja e fundit për zgjedhje të parakohshme, pas Albinit e penzionojnë edhe Avdullah Hotin",104,short_61_120,0.0484527215239543,0.9515472784760457,1,likely_fake,True,correct
word_tfidf,fake_1179,1179,1,fake,"Bekim Jashari: Albin Kurti , ‘Nuse e mirë po duket por t’ja shohim çeizin’!",110,short_61_120,0.007038531442133067,0.9929614685578669,1,likely_fake,True,correct
word_tfidf,fake_1180,1180,1,fake,"Avdullah Hoti fyen rëndë të gjithë myslimanët që falën nëpër xhami, duke i quajtur…?",81,short_61_120,0.025456715858941048,0.974543284141059,1,likely_fake,True,correct
word_tfidf,fake_1183,1183,1,fake,"Kadri Veseli e ‘pren’ punën e xhamisë, nuk do ta besoni se a dha lejen për ndërtimin apo jo?",88,short_61_120,0.33106877956041403,0.668931220439586,1,uncertain,True,correct
word_tfidf,fake_1186,1186,1,fake,"I gjithë shteti në Alarm, Ja ‘Lajmin që e solli nga Haga’ Hashim Thaçi dhe Kadri Veseli",99,short_61_120,0.00621879560281724,0.9937812043971828,1,likely_fake,True,correct
word_tfidf,fake_1191,1191,1,fake,"Specialisti italian na i qetëzoi zemrat të gjithëve: ‘Kjo është e vërteta e koronavirusit, mos bini pre e biznismenëve’",91,short_61_120,0.004264191389339866,0.9957358086106601,1,likely_fake,True,correct
word_tfidf,fake_1194,1194,1,fake,"Media Gjermane: Merkel është e përfshirë në një skandal, ndihmoi Hashim Thaçin me 2 miliardë Euro?",90,short_61_120,0.00781757403195682,0.9921824259680432,1,likely_fake,True,correct
word_tfidf,fake_1197,1197,1,fake,Urime KOSOVË / Qeveria e Izraelit zyrtarisht ofron këtë ndihmë pë çdo qytetar të Kosovës,96,short_61_120,0.029968146536401896,0.9700318534635981,1,likely_fake,True,correct
word_tfidf,fake_1199,1199,1,fake,"Pse shumë njerëz po dështojnë? Cili meriton të kalon i pari, i dyti dhe i fundit?",109,short_61_120,0.004201967882584423,0.9957980321174156,1,likely_fake,True,correct
word_tfidf,fake_1224,1224,1,fake,"Ndërron jetë Luan Bajra pak ditë para martesës, i riu vuante nga kjo sëmundje! Ngushllime familjes Bajra",77,short_61_120,0.0038589810107722,0.9961410189892278,1,likely_fake,True,correct
word_tfidf,fake_1226,1226,1,fake,URIME NA QOFTË / Oxford jep rezultatet e para pozitive të vaksinës që zhduk tërësisht virusin,74,short_61_120,0.0010600421503029755,0.998939957849697,1,likely_fake,True,correct
word_tfidf,fake_1230,1230,1,fake,"Vjosa Osmani me lot në sy pranon largimin e saj nga politika, fjalimi i plotë i saj…?",87,short_61_120,0.0006556198636878952,0.9993443801363121,1,likely_fake,True,correct
word_tfidf,fake_1234,1234,1,fake,"Viola Cramon ‘trondet’ Kosovën, tregon se cilët dy politikan i than ‘Mos nai liberalizoni vizat pa i fitu na zgjedhjet’",103,short_61_120,0.006092234047281098,0.9939077659527189,1,likely_fake,True,correct
word_tfidf,fake_1243,1243,1,fake,"Historike / DELAWIE: ‘O burra, ne ta harron Serbia që SHBA hjek dor nga Kosova, për at Zot i dua si vëllezër’",99,short_61_120,0.0036915955844605275,0.9963084044155395,1,likely_fake,True,correct
word_tfidf,fake_1245,1245,1,fake,"Hyri brenda në qabe dhe filmoi pamje nga brenda, u ‘trondit’ nga ajo që pa sepse se kishte menduar kurrë këtë?",84,short_61_120,0.0010810414611506225,0.9989189585388494,1,likely_fake,True,correct
word_tfidf,fake_1246,1246,1,fake,"Çmime jashtëzakonisht të ulëta në këto dyqane për shopping, NXITONI URGJENTISHT",87,short_61_120,0.02685631046321424,0.9731436895367858,1,likely_fake,True,correct
word_tfidf,fake_1260,1260,1,fake,"Skena shumë të nxehta, çmendet Edona Llalloshi dhe bën rezil udhëheqësen te ‘Shiko kush luan’",93,short_61_120,0.004325181505493547,0.9956748184945065,1,likely_fake,True,correct
word_tfidf,fake_1266,1266,1,fake,LAJMI I FUNDIT Nga Gjermania – BE-ja më në fund iberalizohen vizat për Kosovarët,98,short_61_120,0.0005778964200211512,0.9994221035799788,1,likely_fake,True,correct
word_tfidf,fake_1274,1274,1,fake,Mustafa Nano e tepron / E vetmja shpresë për shqiptarin është ardhja e Albin Kurtit në pushtet,78,short_61_120,0.0007810668496516238,0.9992189331503484,1,likely_fake,True,correct
word_tfidf,fake_1275,1275,1,fake,"Mjer KOSOVA / Vuçiq e bën ‘hor’ Avduallah Hotin para BE-së, kurse Hoti vetëm shikon si i çmendur",98,short_61_120,0.03159862419589454,0.9684013758041055,1,likely_fake,True,correct
word_tfidf,fake_1279,1279,1,fake,"Ramiz Lladrovci: Pishpirikat e Vetëvendosjes nuk ti baj hesap, Albini Kurti ngelafç ngat mu?",106,short_61_120,0.00211417265927738,0.9978858273407226,1,likely_fake,True,correct
word_tfidf,fake_1285,1285,1,fake,"Kur e pyetën Albert Ajnshtajnin a besonte në Zot, përgjigja e tij la pa frymë gjith Botën",111,short_61_120,0.013707766081624717,0.9862922339183753,1,likely_fake,True,correct
word_tfidf,fake_1290,1290,1,fake,"URIME NA QOFTË / Mbyllen votimet në Maqedoninë e Veriut, shpallet kryeministri i parë shqipëtar atje",89,short_61_120,0.03929143611138397,0.960708563888616,1,likely_fake,True,correct
word_tfidf,fake_1291,1291,1,fake,Artan Abrashi i VV-së / Krimineli Hashim Thaçi duheshte të jep dorëheqje para se të shkonte sepse sdo të kthehet?,99,short_61_120,0.0023639429155269953,0.997636057084473,1,likely_fake,True,correct
word_tfidf,fake_1293,1293,1,fake,"Pas di vorcit, nëna gjen të d ashur: Ky është mesazhi që fëmijët kanë për t’i dhënë!",87,short_61_120,0.006461836197588555,0.9935381638024114,1,likely_fake,True,correct
word_tfidf,fake_1302,1302,1,fake,"BISEDA SEKRETE: Clinton-D’Alema më 23 mars, 1999 për ndërhyrjën e NATO-së në Kosovë",94,short_61_120,0.01398424355194361,0.9860157564480564,1,likely_fake,True,correct
word_tfidf,fake_1311,1311,1,fake,EKSKLUZIVE / Këto pamje të filmuara në 1999 të Gani Gecit bëjnë të qarta debatet e këtyre 20 viteve,100,short_61_120,0.3820237319034361,0.6179762680965639,1,uncertain,True,correct
word_tfidf,fake_1314,1314,1,fake,Hashim Thaçi ‘çartet’ dhe dridh gjithë Amerikën me fjalimin e tij për KOSOVËN HEROIKE,112,short_61_120,0.021714999873493235,0.9782850001265068,1,likely_fake,True,correct
word_tfidf,fake_1320,1320,1,fake,Gent Cakaj: Kur është në pyetje UÇK-ja duhet të jemi 1 or kafsha të pista të Kosovës,86,short_61_120,0.030953854378987566,0.9690461456210124,1,likely_fake,True,correct
word_tfidf,fake_1324,1324,1,fake,Mërgimtarët shqipëtar përlotin Hashim Thaçin me befasinë që ia bënë para Gjykatës së Hagës,87,short_61_120,0.0009665186603960985,0.9990334813396039,1,likely_fake,True,correct
word_tfidf,fake_1325,1325,1,fake,"Prifti shqipëtar Don Zefi: Ne shqipëtarët katolik vëllezër i kemi grekët dhe serbet,",103,short_61_120,0.0010907098667906068,0.9989092901332094,1,likely_fake,True,correct
word_tfidf,fake_1334,1334,1,fake,"E Fundit / Shkarkohet presidenti i Shqipërisë Ilir Meta, komisioni hetimor raporton që?",97,short_61_120,0.26993040938719925,0.7300695906128007,1,likely_fake,True,correct
word_tfidf,fake_1336,1336,1,fake,"Nuk e pranuan Hashim Thaçin në shtëpi, vjen reagimi i Bekim Jasharit ku tregon arsyen se pse?",102,short_61_120,0.002877617464471016,0.997122382535529,1,likely_fake,True,correct
word_tfidf,fake_1346,1346,1,fake,Nga nesër bllokim i plotë i lëvizjes së qytetarëve në këto komuna të Kosovës?,95,short_61_120,0.03591627156181432,0.9640837284381857,1,likely_fake,True,correct
word_tfidf,fake_1351,1351,1,fake,Urime Kosovë / Grenell zyrtarisht jep datën kur mund kosovarët të udhëtojnë PA VIZA?,98,short_61_120,0.007148224764781608,0.9928517752352184,1,likely_fake,True,correct
word_tfidf,fake_1365,1365,1,fake,Shkëlzen Gashi: Kur un ju thoja nuk e besojshit të vërtetën e UÇK-së,99,short_61_120,0.019001939119974276,0.9809980608800257,1,likely_fake,True,correct
word_tfidf,fake_1371,1371,1,fake,Dokumenti i CIA 1978: Ky ishte politikani që i dha tokat shqipëtare Greqisë,101,short_61_120,0.014039640591999136,0.9859603594080009,1,likely_fake,True,correct
word_tfidf,fake_1379,1379,1,fake,"Shefqet Krasniqi: Mos keni frik nga ky virus, nëse e keni të shkruar do tjesh i fundit që dot kap",86,short_61_120,0.07250516919457184,0.9274948308054282,1,likely_fake,True,correct
word_tfidf,fake_1382,1382,1,fake,‘Dorëzohet Sërbia’ / Numri i viktimave nga virusi në Sërbi thyen rekordin botëror,74,short_61_120,0.009685467369020762,0.9903145326309792,1,likely_fake,True,correct
word_tfidf,fake_1385,1385,1,fake,Merkel ia terron Vuçiqit me këtë kërkesë që ia bëri në lidhje me kufijtë dhe njohjen e pavarsisë së Kosovës,87,short_61_120,0.007912365663869436,0.9920876343361306,1,likely_fake,True,correct
word_tfidf,fake_1395,1395,1,fake,Krijesë e huaj misterioze me ‘krahët që duken njerëzore’ i vë në dyshim mendjet e njerëzve,85,short_61_120,0.004458682889751042,0.995541317110249,1,likely_fake,True,correct
word_tfidf,fake_1396,1396,1,fake,Ju Lutem Shpërndaje Që Ta shohin Gjithë / Ja se çfarë po ju ndodh qytetarëve që po udhëtojnë për në Europë,93,short_61_120,0.00479838422587664,0.9952016157741234,1,likely_fake,True,correct
word_tfidf,fake_1413,1413,1,fake,Publikohen për herë të parë fotot e Anisa Josifit në shtratin e vd ekjes,100,short_61_120,0.020225088314557604,0.9797749116854424,1,likely_fake,True,correct
word_tfidf,fake_1415,1415,1,fake,Italia merr vendim të prerë për shtetin e Kosovës dhe bën apel në gjithë Europën për izolim 24 muajsh?,86,short_61_120,0.010220198641273104,0.9897798013587269,1,likely_fake,True,correct
word_tfidf,fake_1420,1420,1,fake,"Molliqaj: Hashim Thaçi nuk është anti-amerikan, është k riminel!",71,short_61_120,0.0002854592444296866,0.9997145407555703,1,likely_fake,True,correct
word_tfidf,fake_1424,1424,1,fake,Plaku nga Kosova: Evropa i ka borxh Kosovës,72,short_61_120,0.01803431146613166,0.9819656885338683,1,likely_fake,True,correct
word_tfidf,fake_1426,1426,1,fake,LAJM I FUNDIT:Nuk do mund ta besoni se ku ndodhet në Këto momente Hashim Thaçi,86,short_61_120,0.0007506917642670086,0.999249308235733,1,likely_fake,True,correct
word_tfidf,fake_1432,1432,1,fake,Këta zyrtarë priten të largohen nga LDK-ja! arsyeja shkarkimi Vjoses?,76,short_61_120,0.0034235374417708186,0.9965764625582292,1,likely_fake,True,correct
word_tfidf,fake_1434,1434,1,fake,A do të vazhdojë të jetë antare e LDKsë? Ja çka thotë Osmani,77,short_61_120,0.001945055379652394,0.9980549446203476,1,likely_fake,True,correct
word_tfidf,fake_1441,1441,1,fake,Zbulohet vendin ku ndodhen 28 ton flori!,103,short_61_120,0.035661626454655315,0.9643383735453447,1,likely_fake,True,correct
word_tfidf,fake_1450,1450,1,fake,"Besa Gaxherri: Vjosa Duhet Të Matet, Nuk Është E Rrugës Me Luftu Shtëpinë E Vet",91,short_61_120,0.0021164815798337955,0.9978835184201662,1,likely_fake,True,correct
word_tfidf,fake_1451,1451,1,fake,"Erdogan ndan lajmin më të keq pas pandemisë së fundit, shpreh ngushllimet e tij të sinqerta",86,short_61_120,0.023811753812297498,0.9761882461877025,1,likely_fake,True,correct
word_tfidf,fake_1454,1454,1,fake,"I dërgon gabimisht shefit një foto pa rroba, përgjigja e tij e lë pa fjalë",96,short_61_120,0.002661365959526818,0.9973386340404732,1,likely_fake,True,correct
word_tfidf,fake_1461,1461,1,fake,Djaloshi ne Prishtine gjen 1450 Euro dhe nje qeles te vetures.,99,short_61_120,0.00011976273121083736,0.9998802372687892,1,likely_fake,True,correct
word_tfidf,fake_1465,1465,1,fake,"Gjermania në kërkim të 472 mijë punëtorëve, këto janë profilet më të kërkuara",88,short_61_120,0.12187727708496121,0.8781227229150388,1,likely_fake,True,correct
word_tfidf,fake_1466,1466,1,fake,"Ky pe.nsioner mbante një th.esar në shtëpi, nuk e dinte",94,short_61_120,0.005388835220904498,0.9946111647790955,1,likely_fake,True,correct
word_tfidf,fake_1473,1473,1,fake,"Karkalecat pushtojnë Lindjen e Mesme, bll.okohet qarkullimi i automjeteve",93,short_61_120,0.03105004160177227,0.9689499583982277,1,likely_fake,True,correct
word_tfidf,fake_1474,1474,1,fake,Christopher Hill rrë.fen momente të lu.ftës në Kosovë: Çfarë më tha Millosheviçi pas takimit me UÇK-në,101,short_61_120,0.12770744532693523,0.8722925546730648,1,likely_fake,True,correct
word_tfidf,fake_1475,1475,1,fake,Nuk keni pë ta besuar se cila këngëtare kosovare është kjo vogëlushe,96,short_61_120,0.13243460631976256,0.8675653936802374,1,likely_fake,True,correct
word_tfidf,fake_1484,1484,1,fake,"E mbajti të fshehtë, futbollisti shqiptar bëhet baba për herë të parë",88,short_61_120,0.09761543772253733,0.9023845622774627,1,likely_fake,True,correct
word_tfidf,fake_1488,1488,1,fake,Kilogrami shitet 0ër 1.000 Euro / Gjenden në këtë vend,80,short_61_120,0.042543085937160385,0.9574569140628396,1,likely_fake,True,correct
word_tfidf,fake_1492,1492,1,fake,Vjosa Osmani po i bashkohet LVV ? Edhe zogjtë e malit e dinë ..,92,short_61_120,0.017455854213424105,0.9825441457865759,1,likely_fake,True,correct
word_tfidf,fake_1498,1498,1,fake,"Hapi i madh i Ramës, arreston zyrtarin e larte te LVV / Reagon Kurti ..",95,short_61_120,0.030795244519368214,0.9692047554806318,1,likely_fake,True,correct
word_tfidf,fake_1503,1503,1,fake,"Afrim Muqiqi jep lajmin e madh, nga kjo datë dasmat do të bahen dhe urime të gjithëve",83,short_61_120,0.02897056754405869,0.9710294324559413,1,likely_fake,True,correct
word_tfidf,fake_1511,1511,1,fake,"Ak sident i tm errshëm , treni g odet veturën me 5 u dhëtarë",90,short_61_120,0.016964597277283167,0.9830354027227168,1,likely_fake,True,correct
word_tfidf,fake_1513,1513,1,fake,"Ky është shteti, qytetarët e të cilit tr.adhtojnë më shumë partnerin",99,short_61_120,0.027181021109553116,0.9728189788904469,1,likely_fake,True,correct
word_tfidf,fake_1519,1519,1,fake,"Dorëzohet Vuçiqi, vendos ta pranon Republikën e Kosovës për shkak të kësaj arsye?",73,short_61_120,0.022778292255047128,0.9772217077449529,1,likely_fake,True,correct
word_tfidf,fake_1531,1531,1,fake,"E fundit! Shp.ërthen bo.mbula e gazit, e moshuara në gjendje të rëndë",92,short_61_120,0.04423026147397524,0.9557697385260248,1,likely_fake,True,correct
word_tfidf,fake_1533,1533,1,fake,EKSLUZIVE – Ja kush po i kerkon Albinit debat televiziv nuk do ta besoni,87,short_61_120,0.0010166604403515356,0.9989833395596485,1,likely_fake,True,correct
word_tfidf,fake_1538,1538,1,fake,"Ndërron jetë këngëtarja e njohur, pati g.oditje në tru",78,short_61_120,0.0923989962735291,0.9076010037264709,1,likely_fake,True,correct
word_tfidf,fake_1542,1542,1,fake,"HlSTORlA e shqiptarit që ka HABlTUR rrjetet sociaIe, a ja vIen të Ie gruan për rusen e pasur",100,short_61_120,0.0548809888093621,0.9451190111906379,1,likely_fake,True,correct
word_tfidf,fake_1544,1544,1,fake,"Gold AG p ublikon këngën e re, krejt Mediat serbe po shkruajn",88,short_61_120,0.009538938968256971,0.990461061031743,1,likely_fake,True,correct
word_tfidf,fake_1545,1545,1,fake,Nuk do ta besoni qfare thote Glauk Konjufca per kreun e LVV-se,90,short_61_120,0.019434290562637124,0.9805657094373629,1,likely_fake,True,correct
word_tfidf,fake_1547,1547,1,fake,"Izraeli apo Turqia, cila e ka u shtrinë më të fortë",81,short_61_120,0.18015610075515565,0.8198438992448444,1,likely_fake,True,correct
word_tfidf,fake_1551,1551,1,fake,"Presidentja E Kroacisë I’a Thotë Në Sy Mogherinit: Kosovës Duhet Të I’a Jepni Liberalizimin, Sepse Kosovarët E Meritojnë Këtë Gjë Dhe Shumë Gjëra Tjera!",91,short_61_120,0.012786914827709883,0.9872130851722901,1,likely_fake,True,correct
word_tfidf,fake_1552,1552,1,fake,E pabesueshme: Adelina rr.ëfen se si e ka kapur politikanin e njohur duke vje.dhur para,90,short_61_120,0.012548972688312565,0.9874510273116874,1,likely_fake,True,correct
word_tfidf,fake_1556,1556,1,fake,Jam tri.shtuar nga vd.ekja tra.gjike e të riut 26-vjeçar nga Gjilani,92,short_61_120,0.08900903346762001,0.91099096653238,1,likely_fake,True,correct
word_tfidf,fake_1557,1557,1,fake,"E FUNDIT: Paralajmërimi i Kurtit dr.idh Kosoven, ja qka tha",96,short_61_120,0.0043503304587935165,0.9956496695412065,1,likely_fake,True,correct
word_tfidf,fake_1563,1563,1,fake,"Pacolli: Telefonin e kam përplot me kë.rcënime, jam i fr.ikësuar nga militantet e VV-së!!",100,short_61_120,0.011701478475171556,0.9882985215248284,1,likely_fake,True,correct
word_tfidf,fake_1564,1564,1,fake,"LDK para cop.ëtimit – ka përpl.asje të mëdha, zbulohet se disa figura të larta partiake",92,short_61_120,0.16059838018020212,0.8394016198197979,1,likely_fake,True,correct
word_tfidf,fake_1567,1567,1,fake,"Po pastronte shtëpinë e gjyshërve kur gjeti diçka në dysheme, kur e hapi u sh.okua nga ajo që pa",114,short_61_120,0.00553252085328193,0.9944674791467181,1,likely_fake,True,correct
word_tfidf,fake_1568,1568,1,fake,Lajm i mire/ Me ne fund del data se kur do levizim me makina pa marr leje,97,short_61_120,0.0033971310008965583,0.9966028689991034,1,likely_fake,True,correct
word_tfidf,fake_1569,1569,1,fake,Rama pu.blikon statistikat/ Shqipëria vendi europian që ka menaxhuar më mirë situatën e CoVi.d-19,111,short_61_120,0.021361676941274887,0.9786383230587251,1,likely_fake,True,correct
word_tfidf,fake_1574,1574,1,fake,Nuk ishte t.ërmet as v.ullkan por diçka e fr.ikshme që rallë kush …,99,short_61_120,0.012815449358104969,0.987184550641895,1,likely_fake,True,correct
word_tfidf,fake_1593,1593,1,fake,Lajmi tr.ondit mediat greke e italiane: Nexhmija e dinte që Enveri…,101,short_61_120,0.061046536157027265,0.9389534638429727,1,likely_fake,True,correct
word_tfidf,fake_1594,1594,1,fake,"Pamje shokuese , gruaja hidhet nga ballkoni i PALLATIT ! (Video)",55,very_short_le_60,0.018725188443085683,0.9812748115569143,1,likely_fake,True,correct
word_tfidf,fake_1601,1601,1,fake,Vjen SUPER LAJMI Italianët bëjnë zbulimin që do na rikthejë në normalitet nga COVID-19,192,medium_121_250,0.03584604113564338,0.9641539588643566,1,likely_fake,True,correct
word_tfidf,fake_1606,1606,1,fake,"LAJMI I FUNDIT: E shpërfilli  virusin COVID-19, Presidenti del Pozitiv i…!",122,medium_121_250,0.17323540486208322,0.8267645951379168,1,likely_fake,True,correct
word_tfidf,fake_1609,1609,1,fake,"LAJMI I FUNDIT: Ky është super lajm,Mjeku jep shpresë  sa i perket COVID-19, për popullin e Kosovës!",127,medium_121_250,0.09700505511053581,0.9029949448894642,1,likely_fake,True,correct
word_tfidf,fake_1610,1610,1,fake,"LAJMI I FUNDIT: Tronditet skena politike, pas shum rastev me Koronavirus jep doreheqje Ministri i Shendetsise në…!",150,medium_121_250,0.30898147750935456,0.6910185224906454,1,uncertain,True,correct
word_tfidf,fake_1611,1611,1,fake,E FUNDIT: Do befasoheni Çfarë i bëri sot bashkë Vjosa Osmanin dhe Albin Kurtin?,113,short_61_120,0.016122888155873594,0.9838771118441264,1,likely_fake,True,correct
word_tfidf,fake_1613,1613,1,fake,"Veton Surroi: UÇK nuk ishte ushtri çlirimtare, po kan lyp me…!",122,medium_121_250,0.06093554487741193,0.9390644551225881,1,likely_fake,True,correct
word_tfidf,fake_1616,1616,1,fake,"LAJM I PAPRITUR KY!: Vjosa Osmani Presidente e vendit, ja si dhe kur mund të ndodh?",149,medium_121_250,0.012421599981659148,0.9875784000183409,1,likely_fake,True,correct
word_tfidf,fake_1619,1619,1,fake,Fatmir Limaj: ”Albini as pragun ska me kalu ne Zgjedhje te reja keni me pa O Popull”? – VIDEO,114,short_61_120,0.002507578751013151,0.9974924212489868,1,likely_fake,True,correct
word_tfidf,fake_1622,1622,1,fake,Shpërthen Ganimete Musliu kundër VV-së: Të pafytyrë e po t’ja…!,118,short_61_120,0.02825779871671641,0.9717422012832836,1,likely_fake,True,correct
word_tfidf,fake_1624,1624,1,fake,"LAJMI I FUNDIT: Pas aktakuzës ndaj Thaçit e Veselit, PDK merr këtë vendim te papritur nga askush..!",132,medium_121_250,0.07837380073755795,0.921626199262442,1,likely_fake,True,correct
word_tfidf,fake_1625,1625,1,fake,"Kjo video nga Glauk Konjufca ta bën Zemrën mal, Ja çka thoshte ai për Gjykatën Speciale",85,short_61_120,0.018541945918599256,0.9814580540814007,1,likely_fake,True,correct
word_tfidf,fake_1641,1641,1,fake,Tunës ka përfunduar në këtë gjendje pas shum se…!,78,short_61_120,0.18455691838601118,0.8154430816139888,1,likely_fake,True,correct
word_tfidf,fake_1647,1647,1,fake,"Nuk është më kryeministër, por Oriola tregon hapur simpatinë e saj për Albin Kurtin",104,short_61_120,0.017708127817030572,0.9822918721829694,1,likely_fake,True,correct
word_tfidf,fake_1648,1648,1,fake,Godet Thaci : o Albin e more popullin nqaf me ato protesta shikoje numrin e te inf ekt uarve o ti po lyp…?,92,short_61_120,0.0028801003216810672,0.9971198996783189,1,likely_fake,True,correct
word_tfidf,fake_1653,1653,1,fake,Mjeku shqiptar trondit botën: Ja çfarë i pret të gjithë njerëzit e prekur nga COVID-19,375,long_gt_250,0.906751112182977,0.093248887817023,0,likely_real,False,false_negative
word_tfidf,fake_1655,1655,1,fake,LAJMI I FUNDIT – Ja cili politikan i VV-s do te arrestohet nga Gjykata Speciale,118,short_61_120,0.0026050619441312373,0.9973949380558688,1,likely_fake,True,correct
word_tfidf,fake_1659,1659,1,fake,Kallashi O Albin Ta Hongsha Zemren Ty Je Zemra Kosoves Per Ty Kisha Vallzu Tanë Naten Ne…,151,medium_121_250,0.00010243407837196017,0.999897565921628,1,likely_fake,True,correct
word_tfidf,fake_1660,1660,1,fake,"Kosovë, Pacienti Me Koronavirus Nga Spitali I Qon “Selam“ Labinot Tahirit (Video)",129,medium_121_250,0.001193421601448641,0.9988065783985514,1,likely_fake,True,correct
word_tfidf,fake_1667,1667,1,fake,"VIDEO EKSLUZIVE:Nëse Ke Ndonjë Nga Këto Monedha, Mund Të Bëhesh Shumë I Pasur Ja Pse",196,medium_121_250,0.1738493452566826,0.8261506547433174,1,likely_fake,True,correct
word_tfidf,fake_1674,1674,1,fake,LAJMI I FUNDIT – Bota po perballet nga nje rre zik tjeter ja per qfar behet fjale,145,medium_121_250,0.19612291939186433,0.8038770806081357,1,likely_fake,True,correct
word_tfidf,fake_1675,1675,1,fake,Befason Thaçi: ‘Sa tjem gjall une Albini asnjehere nuk do te vendos per Kosoven sdo ta lejoj me…!,198,medium_121_250,0.07465573126601377,0.9253442687339862,1,likely_fake,True,correct
word_tfidf,fake_1676,1676,1,fake,Fatos Lubonja: Hashim Thaçi ka ber vepra te k eqia ndaj serbë të pafajshëm!! Ska vy me i bo,247,medium_121_250,0.03324199481231005,0.96675800518769,1,likely_fake,True,correct
word_tfidf,fake_1687,1687,1,fake,Kjo Grua Nga Prishtina Në Ballkon Dhe Ajo Që Bën Më Ç.Mend Kalimtaret.. (Video),134,medium_121_250,0.08718617983232246,0.9128138201676775,1,likely_fake,True,correct
word_tfidf,fake_1692,1692,1,fake,LAJMI I FUNDIT – Nuk do ta besoni qfar do te ndodhe ne Kosove,135,medium_121_250,0.1721173762184358,0.8278826237815642,1,likely_fake,True,correct
word_tfidf,fake_1697,1697,1,fake,Shpallja e gjendjes së jashtëzakonshme në Kosovë/ Nuk do të ketë bllokim të plotë,167,medium_121_250,0.007470466685335575,0.9925295333146644,1,likely_fake,True,correct
word_tfidf,fake_1698,1698,1,fake,"Prekese: Sot u bëra nene pas 10 viteve martes, jam Nene e Trinjakëve, kush me uron i dhent Zoti ate qe i mungon ..",221,medium_121_250,0.0010487190748152964,0.9989512809251847,1,likely_fake,True,correct
word_tfidf,fake_1700,1700,1,fake,"Pipero: Jep lajmin e madh që e kemi pritur të gjithë, “Koronavirusi nuk do të…”",229,medium_121_250,0.814349548814091,0.18565045118590895,0,likely_real,False,false_negative
word_tfidf,fake_1711,1711,1,fake,Video Eksluzive: Shikojeni Çka I Ndodhi Ketij Mërgimtarit Nga Kosova Në Finlandë,173,medium_121_250,0.12709139866720565,0.8729086013327944,1,likely_fake,True,correct
word_tfidf,fake_1714,1714,1,fake,Godet Kallashi ja qka thot per Albinin nuk do ta besoni,159,medium_121_250,0.0026833957001578534,0.9973166042998421,1,likely_fake,True,correct
word_tfidf,fake_1720,1720,1,fake,EKSLUZIVE – Vjosa Osmani zbulon detajet e partise te saj te re ja deputet sdo ta besoni,180,medium_121_250,0.05888552898019106,0.9411144710198089,1,likely_fake,True,correct
word_tfidf,fake_1729,1729,1,fake,Kush dhe pse e duan të vdekur Gani Gecin ???,177,medium_121_250,0.041800869060049206,0.9581991309399508,1,likely_fake,True,correct
word_tfidf,fake_1730,1730,1,fake,"Hoti do mbetet kryeministri më i suksesshëm në historinë e Kosovës, nëse Vuçiqi nuk e bën këtë",130,medium_121_250,0.03585736391352401,0.964142636086476,1,likely_fake,True,correct
word_tfidf,fake_1732,1732,1,fake,Haki Abazi dridhe skenen politike ne Kosove me kete qe tha!,162,medium_121_250,0.81364574595654,0.18635425404346,0,likely_real,False,false_negative
word_tfidf,fake_1737,1737,1,fake,Paralajmërohet ‘tronditja’ e madhe për PDK-në: Ja dy përplasjet e forta në këtë parti,88,short_61_120,0.0006094617809921932,0.9993905382190078,1,likely_fake,True,correct
word_tfidf,fake_1738,1738,1,fake,Tomë Gashi publikon videon e Besa Gaxherrit që tronditi Hashim Thaçin,122,medium_121_250,0.0029077105736059483,0.997092289426394,1,likely_fake,True,correct
word_tfidf,fake_1740,1740,1,fake,Lajm bomb: Arrestohet djali i deputeti te Partis Demokratike,99,short_61_120,0.07071507654466802,0.929284923455332,1,likely_fake,True,correct
word_tfidf,fake_1742,1742,1,fake,A eshte normal ky njeri? Kjo qe tha Mustafo Nano per Kosoven do iu cmend dhe nervozoj,107,short_61_120,0.002342057957277821,0.9976579420427222,1,likely_fake,True,correct
word_tfidf,fake_1746,1746,1,fake,"Hiqen te gjitha dyshimet, Kjo eshte partia e re e formuar nga Vjosa Osmani",98,short_61_120,0.0013297392110875883,0.9986702607889124,1,likely_fake,True,correct
word_tfidf,fake_1755,1755,1,fake,Çfarë sinjali po dërgon Ganimete Musliu tek Albin Kurti me një deklaratë të Ramush Haradinajt – përmendet vrasja e Fehmi Aganit!,65,short_61_120,3.304308901708186e-05,0.9999669569109829,1,likely_fake,True,correct
word_tfidf,fake_1757,1757,1,fake,"Ngjarje shokuese vjen nga Gjakova , atje sapo ndodhi kjo gje e keqe",69,short_61_120,0.00025513001774080113,0.9997448699822592,1,likely_fake,True,correct
word_tfidf,fake_1767,1767,1,fake,"Pamje të rralla, kur Leonora Jakupi shetiste me aeroplan në Drenicë  VIDEO",95,short_61_120,0.7611613305346759,0.23883866946532406,0,likely_real,False,false_negative
word_tfidf,fake_1768,1768,1,fake,Paralajmëroj katastrofë në Kosovë: Ja çka thotë Lul Raka,79,short_61_120,0.0007710751109092362,0.9992289248890908,1,likely_fake,True,correct
word_tfidf,fake_1783,1783,1,fake,"Një bionde kosovare kaq ekzotike, Blerta Veseli çmend me pozat në bikini",66,short_61_120,0.00017806474220027901,0.9998219352577997,1,likely_fake,True,correct
word_tfidf,fake_1785,1785,1,fake,"Viti 2020 vit i mallkuar, Zbulohet virusi tjeter me i rrezikshme se Koronavirusi",76,short_61_120,4.810780244235424e-05,0.9999518921975576,1,likely_fake,True,correct
word_tfidf,fake_1790,1790,1,fake,"Vjen nje goditje e rende per Arben Vitine , edhe kjo u tha per te!",104,short_61_120,0.00040313737352182244,0.9995968626264782,1,likely_fake,True,correct
word_tfidf,fake_1795,1795,1,fake,"Nora i deklason të gjitha, shfaqet veç në bikini nga plazhi ekspozon trupin si ‘peshk’",100,short_61_120,0.01160279186185087,0.9883972081381491,1,likely_fake,True,correct
word_tfidf,fake_1799,1799,1,fake,"Aksidente i rende ne Kosove , vdes ne vend ky person EMRI",67,short_61_120,0.0003577663255585062,0.9996422336744415,1,likely_fake,True,correct
word_tfidf,fake_1804,1804,1,fake,ALARMANTE/ Qeveria Hoti po na çon në katastrofë DETAJE EKSKLUZIVE,165,medium_121_250,0.25597998695719293,0.7440200130428071,1,likely_fake,True,correct
word_tfidf,fake_1811,1811,1,fake,Ky turp u dëgjua mbrëmë në Kosovë! Kështu bërtiti serbi,85,short_61_120,0.0013502459975368586,0.9986497540024631,1,likely_fake,True,correct
word_tfidf,fake_1814,1814,1,fake,"Ekspertët japin në alarm tjetër të keq: Vala e dytë ne Kosove e Covid-19 do nisë, ja kur",226,medium_121_250,0.005644634612516963,0.994355365387483,1,likely_fake,True,correct
word_tfidf,fake_1815,1815,1,fake,A ekziston Virusi apo jo? Ky eshte lajmi i Fundit,96,short_61_120,0.009312120470395424,0.9906878795296046,1,likely_fake,True,correct
word_tfidf,fake_1819,1819,1,fake,"Kina paralajmëron botën: Keni kujdes, pneumoni vdekjeprurëse nga Kazakistani!",112,short_61_120,0.0025038223980273777,0.9974961776019726,1,likely_fake,True,correct
word_tfidf,fake_1820,1820,1,fake,"Shikon nje femije ne liqen, hyn ta shpetoje dhe shok.o.h.et nga ajo qe zbulon",89,short_61_120,7.1741634561584e-05,0.9999282583654384,1,likely_fake,True,correct
word_tfidf,fake_1826,1826,1,fake,"Hoteli 5 yje: 30 euro nata me ‘mëngjes, darkë dhe çadër’, bëhet fjalë për këtë bregdet të Shqipërisë",96,short_61_120,0.001492020740739064,0.9985079792592609,1,likely_fake,True,correct
word_tfidf,fake_1832,1832,1,fake,Publikohen emrat e nëntë aktorëve të ndarjes së Kosovës/ Sali Berisha: Ja trojka kryesore,109,short_61_120,0.0014175660310180582,0.9985824339689819,1,likely_fake,True,correct
word_tfidf,fake_1834,1834,1,fake,"Gjendja e Jashtëzakonshme? Flet Hashim Thaçi, ka një thirrje të fundit për qytetarët e Kosovës",109,short_61_120,0.007864202317602764,0.9921357976823972,1,likely_fake,True,correct
word_tfidf,fake_1839,1839,1,fake,"Video Eksluzive:U Mundua T’i Prishte Martesën Me Tjetrën, I Shoqi E Tërheq Zvarrë Për Flokësh",104,short_61_120,0.14254351578249158,0.8574564842175084,1,likely_fake,True,correct
word_tfidf,fake_1848,1848,1,fake,Me këtë imazh Edona po e dëshmon që vajza po bëhet më e bukur se nëna,96,short_61_120,0.5218840173338977,0.4781159826661023,0,uncertain,False,false_negative
word_tfidf,fake_1861,1861,1,fake,"Vetëm një lugë nga kjo përbërje çdo mëngjes dhe zorrët tuaja do të pastrohen nga mbetjet, në 2 minuta!",375,long_gt_250,0.7664539158785635,0.23354608412143657,0,likely_real,False,false_negative
word_tfidf,fake_1873,1873,1,fake,Zbulim i ri: Kjo simptomë e re e koronavirusit po shfaqet tek të moshuarit,448,long_gt_250,0.9527109802941257,0.047289019705874326,0,likely_real,False,false_negative
word_tfidf,fake_1874,1874,1,fake,Si të bini nga pesha në dy javë duke konsumuar vezë të ziera,441,long_gt_250,0.16635578116779348,0.8336442188322065,1,likely_fake,True,correct
word_tfidf,fake_1885,1885,1,fake,"Infermierja e infektuar me Covid-19 i lutet kolegëve: Mos më lini të vdes, kam fëmijë",247,medium_121_250,0.8331140178319903,0.16688598216800968,0,likely_real,False,false_negative
word_tfidf,fake_1894,1894,1,fake,"Merret nëpërmjet hundës, ky është ilaçi që pritet të kurojë koronavirusin",162,medium_121_250,0.420230564351766,0.579769435648234,1,uncertain,True,correct
word_tfidf,fake_1898,1898,1,fake,"Për kokë të mamit e kapa”, filmojnë “diskun” e çuditshëm që lëviz nëpër qiellin e Tiranës: Është UFO… e kapa, e kapa për Zotin e Madh!",100,short_61_120,0.013017578612021241,0.9869824213879788,1,likely_fake,True,correct
word_tfidf,fake_1904,1904,1,fake,"E mbajti të fshehtë, zbulohet më në fund kush është i dashuri i Fifit",130,medium_121_250,0.23370518365762616,0.7662948163423738,1,likely_fake,True,correct
word_tfidf,fake_1906,1906,1,fake,Befason profesori italian: Ka një kurë që e Zhduk Koronavirusin brenda 48 orëve,826,long_gt_250,0.9876881876438008,0.012311812356199141,0,likely_real,False,false_negative
word_tfidf,fake_1912,1912,1,fake,"Konfirmohet frika e kancelares Merkel, kjo është duke ndodhur me COVID-19 në Gjermani",206,medium_121_250,0.8916246251476028,0.10837537485239723,0,likely_real,False,false_negative
word_tfidf,fake_1913,1913,1,fake,Nuk ua merr mendja sa e bukur është bashkëshortja e Gold Ag,130,medium_121_250,0.1861749400261543,0.8138250599738457,1,likely_fake,True,correct
word_tfidf,fake_1917,1917,1,fake,Hëna që ju zgjidhni tregon tipin e personit me të cilin do të dashuroheni,370,long_gt_250,0.9529816623774251,0.047018337622574874,0,likely_real,False,false_negative
word_tfidf,fake_1920,1920,1,fake,"Gjethet e limonit, zgjidhja natyrale për problemet me fytin, migrenën dhe astmën!",332,long_gt_250,0.7486501331072856,0.25134986689271444,0,likely_real,False,false_negative
word_tfidf,fake_1923,1923,1,fake,"Hoxha i njohur nga Peja: Shkuarja në diskotekë nuk është haram, unë vetëm kam qenë aty",129,medium_121_250,0.5836760990178695,0.4163239009821305,0,uncertain,False,false_negative
word_tfidf,fake_1925,1925,1,fake,"Te gjithe Shqiptaret lene koken pas tyre, por ja se cfare nuk keni ditur per to, kur ta merrni vesh do t’i hani dhe me shume",472,long_gt_250,0.550399725625417,0.44960027437458305,0,uncertain,False,false_negative
word_tfidf,fake_1928,1928,1,fake,Merrini gjethet e rrushit dhe ruajini ne ngrirje te frigoriferit dhe pervec japrakut ju do te beni dhe dicka tjeter fantastike,180,medium_121_250,0.17491345786711543,0.8250865421328846,1,likely_fake,True,correct
word_tfidf,fake_1931,1931,1,fake,Rezultoi 100% e suksesshme/ BE mbështet kurën izraelite kundër koronavirusit,171,medium_121_250,0.4762389229478503,0.5237610770521497,1,uncertain,True,correct
word_tfidf,fake_1932,1932,1,fake,Flet mjekja shqiptare në Kanada: Si të trajtoni virusin në kushtet e shtëpisë,2376,long_gt_250,0.9999425832410647,5.741675893534633e-05,0,likely_real,False,false_negative
word_tfidf,fake_1933,1933,1,fake,Erdogan vjen me një paralajmërim për mbarë njerëzimin,77,short_61_120,0.04950556580126886,0.9504944341987311,1,likely_fake,True,correct
word_tfidf,fake_1935,1935,1,fake,TRAGJlKE: Këngëtarja e njohur humb tre familjarë në një ditë prej Korona Virus,103,short_61_120,0.2504780462497942,0.7495219537502058,1,likely_fake,True,correct
word_tfidf,fake_1938,1938,1,fake,"Nobelisti japonez shokon botën: Koronavirusi u prodhua nga Kina, asnjë prej miqve të mi në Wuhan s’ma hap telefonin",353,long_gt_250,0.9416893529546628,0.05831064704533723,0,likely_real,False,false_negative
word_tfidf,fake_1939,1939,1,fake,Vjosa Osmani ia dërgon një “selam” LDK-së pak ditë para votimit të Qeverisë së re..,146,medium_121_250,0.14869947957531693,0.8513005204246831,1,likely_fake,True,correct
word_tfidf,fake_1951,1951,1,fake,Peci: Ukaj i tha kryetares Osmani “Ule gishtin se ta fus në b*** e ta…!?”,189,medium_121_250,0.12139038618883324,0.8786096138111668,1,likely_fake,True,correct
word_tfidf,fake_1960,1960,1,fake,"LAJMI I FUNDIT: Ky eshte vendimi i Vjosa Osmanit, formon partin e re?",117,short_61_120,0.01793252523187472,0.9820674747681253,1,likely_fake,True,correct
word_tfidf,fake_1963,1963,1,fake,"Me rrudha dhe e plakur, ‘Nermin’ nuk njihet më!",94,short_61_120,0.0004393135272812154,0.9995606864727188,1,likely_fake,True,correct
word_tfidf,fake_1967,1967,1,fake,"Lajm i madh sapo erdhi, nga Gjermania per Kosovën! URIMEE!",81,short_61_120,0.0025279830306993434,0.9974720169693007,1,likely_fake,True,correct
word_tfidf,fake_1979,1979,1,fake,Lajm i madh sa erdhi nga Gjermani: Ja kur do të hiqen vizat për Kosovën! URIMEE!,118,short_61_120,0.002954256220718432,0.9970457437792816,1,likely_fake,True,correct
word_tfidf,fake_1982,1982,1,fake,LAJMI I FUNDIT – Grenell merr kete vendim per Kosoven URIME !,106,short_61_120,0.02582976831645689,0.9741702316835431,1,likely_fake,True,correct
word_tfidf,fake_1988,1988,1,fake,"E FUNDIT: Harrojeni Koronavirusin, Ngjarje e rende po ndodhe ne Kosove",79,short_61_120,0.10840563977085593,0.8915943602291441,1,likely_fake,True,correct
word_tfidf,fake_1991,1991,1,fake,Eskalon gjithqka Gashi- Vjosa Osmanit: A je normal…? – Reagon kryeparlamentarja,120,short_61_120,0.20306572412667634,0.7969342758733237,1,likely_fake,True,correct
char_tfidf,true_24,24,0,real,"Po, pajtohem me ambasadorin e ShBA-së",391,long_gt_250,0.9934860495896434,0.006513950410356662,0,likely_real,True,correct
char_tfidf,true_30,30,0,real,Zemaj: Testi për COVID-19 nuk u kërkohet qytetarëve që vijnë nga Shqipëria dhe Serbia,362,long_gt_250,0.9927807924964615,0.00721920750353853,0,likely_real,True,correct
char_tfidf,true_31,31,0,real,Mjeku shqiptar: Mos u ndjeni të mbrojtur apo supermenë vetëm se keni maskë!,175,medium_121_250,0.7797373596073316,0.22026264039266846,0,likely_real,True,correct
char_tfidf,true_33,33,0,real,LVV në Tiranë kundër ndryshimeve kushtetuese: Deformojnë vullnetin e qytetarëve dhe sistemin zgjedhor,488,long_gt_250,0.9842098620838342,0.015790137916165792,0,likely_real,True,correct
char_tfidf,true_45,45,0,real,BE demanton mediat serbe të cilat raportuan se Brukseli po i jep ultimatum Serbisë për Kosovën,213,medium_121_250,0.6466928750433247,0.35330712495667527,0,uncertain,True,correct
char_tfidf,true_46,46,0,real,"Reagon Mimoza Kusari për sulmin ndaj deputetit të VV-së: Kur ju iku marrja, ju iku edhe mendja e gënjejnë pa turp",118,short_61_120,0.6534128041539644,0.34658719584603553,0,uncertain,True,correct
char_tfidf,true_50,50,0,real,"Detyrim për test corone në Gjermani, por si funksionon ai?",775,long_gt_250,0.9935740716999948,0.0064259283000052065,0,likely_real,True,correct
char_tfidf,true_57,57,0,real,"Hoti: Autobusët, taksitë dhe kombibusët do të punojnë me gjysmën e kapaciteteve",65,short_61_120,0.729938971934684,0.27006102806531596,0,likely_real,True,correct
char_tfidf,true_60,60,0,real,33-vjeçarja e sëmurë u përdhunua nga fqinji/ Apeli prekës i vëllait,262,long_gt_250,0.9149057973390298,0.0850942026609702,0,likely_real,True,correct
char_tfidf,true_64,64,0,real,"Thaçi viziton familjen e Murat dhe Enver Halitit, ndan urdhërin “Hero i Kosovës”",148,medium_121_250,0.37683874191061617,0.6231612580893838,1,uncertain,False,false_positive
char_tfidf,true_66,66,0,real,Gjiganti turk bën gati ofertën zyrtare për djaloshin e Kosovës,209,medium_121_250,0.9719428996529853,0.028057100347014752,0,likely_real,True,correct
char_tfidf,true_68,68,0,real,Zemaj e konfirmon: Qytetarëve të Shqipërisë që hyjnë në Kosovë nuk u kërkohet testi Covid-19,190,medium_121_250,0.9659498231629086,0.03405017683709139,0,likely_real,True,correct
char_tfidf,true_70,70,0,real,"Nis Haxhi, BIK ka një njoftim për besimtarët myslimanë",199,medium_121_250,0.9295322378535172,0.0704677621464828,0,likely_real,True,correct
char_tfidf,true_71,71,0,real,"Çfarë kërkuan serbet në Rambuje, e çfarë po kërkon sot Serbia nga Kosova",245,medium_121_250,0.5832886964521329,0.4167113035478671,0,uncertain,True,correct
char_tfidf,true_77,77,0,real,Qeveria po na e bëjka varrimin kur të vdesim nga COVID-19...,127,medium_121_250,0.7629704181295462,0.2370295818704538,0,likely_real,True,correct
char_tfidf,true_79,79,0,real,Mësoni kush është bashkëshortja e Driton Selmanajt,171,medium_121_250,0.4330954937632605,0.5669045062367395,1,uncertain,False,false_positive
char_tfidf,true_100,100,0,real,Parashikon Albulena Haxhiu: Shpejt shihemi në zgjedhje të jashtëzakonshme,258,long_gt_250,0.9493755666477917,0.050624433352208384,0,likely_real,True,correct
char_tfidf,true_101,101,0,real,"Gjurmimi i COVID-19, cilat vende po e përjetojnë valën e dytë?",597,long_gt_250,0.9958137655577549,0.00418623444224512,0,likely_real,True,correct
char_tfidf,true_110,110,0,real,"Arbana Xharra: Erdogan ndërton xhami te ne, kurse në Serbi çon biznesmenë",270,long_gt_250,0.7195983922819493,0.28040160771805067,0,likely_real,True,correct
char_tfidf,true_112,112,0,real,"Masat kundër pandemisë, qeveria merr vendim edhe për çerdhet",74,short_61_120,0.9599834087645782,0.04001659123542175,0,likely_real,True,correct
char_tfidf,true_116,116,0,real,Shtyhet gjykimi ndaj të akuzuarve për vrasjen e rojës së lokalit “Bon Vivant”,1192,long_gt_250,0.9989518090643812,0.0010481909356187746,0,likely_real,True,correct
char_tfidf,true_121,121,0,real,"Makiqi: Zotëri Hashani, kjo që e ke shkruar është rrena më e madhe! Qysh ki fytyrë...",973,long_gt_250,0.9842401719326597,0.01575982806734037,0,likely_real,True,correct
char_tfidf,true_124,124,0,real,Ja vendimet e fundit nga Qeveria e Kosovës për aktivitetet kulturore e sportive,101,short_61_120,0.9493326324220002,0.05066736757799982,0,likely_real,True,correct
char_tfidf,true_125,125,0,real,"Më në fund, Isa Mustafa e “pranoi” se e prishi koalicionin me VV-në",293,long_gt_250,0.7102323271307162,0.28976767286928384,0,likely_real,True,correct
char_tfidf,true_129,129,0,real,"Burri pranon vrasjen e gruas gjatë pushimeve në Francë, para se të merrte avionin për t’u kthyer",365,long_gt_250,0.9490943407604344,0.050905659239565554,0,likely_real,True,correct
char_tfidf,true_136,136,0,real,“Rrethohet Kuvendi i Kosovës - rrahën e shkallmohen në dajak - Deputetët e VV-së!?”,165,medium_121_250,0.9597541557781379,0.04024584422186211,0,likely_real,True,correct
char_tfidf,true_163,163,0,real,Kujtim Shala polemizon me Meliza Haradinajn,179,medium_121_250,0.8947655810079869,0.10523441899201308,0,likely_real,True,correct
char_tfidf,true_164,164,0,real,Flet zëvendëskryemistrja: Nuk do të ketë vendim që obligon qytetarët të vetizolohen pas kthimit nga Shqipëria,393,long_gt_250,0.9837953698057191,0.01620463019428085,0,likely_real,True,correct
char_tfidf,true_169,169,0,real,Deputetja Albena Reshitaj tregon se është shëruar nga koronavirusi,231,medium_121_250,0.9712633192501081,0.028736680749891892,0,likely_real,True,correct
char_tfidf,true_174,174,0,real,"Hashani: Aziz Makiqi, ku keni qenë ju gjatë okupimit?",181,medium_121_250,0.84447413736463,0.15552586263537005,0,likely_real,True,correct
char_tfidf,true_176,176,0,real,"Ministri Reçica viziton OVL-në, të lejohet përfitimi i pensioneve",224,medium_121_250,0.9533947382232434,0.04660526177675657,0,likely_real,True,correct
char_tfidf,true_186,186,0,real,Aziz Makiqi: Disa njerëz në FHK kanë bërë çmos të mos na lejojnë t’i afrohemi Federatës,1091,long_gt_250,0.9901727111722758,0.009827288827724207,0,likely_real,True,correct
char_tfidf,true_189,189,0,real,Novosti: Tri vende janë të gatshme të rishqyrtojnë vendimin për njohjen e Kosovës,183,medium_121_250,0.9747983117405316,0.025201688259468474,0,likely_real,True,correct
char_tfidf,true_195,195,0,real,Ky është deputeti i radhës nga Vetëvendosje i infektuar me COVID-19,97,short_61_120,0.8678595038472369,0.13214049615276316,0,likely_real,True,correct
char_tfidf,true_197,197,0,real,Kryetari i Prizrenit “ashpërsohet” me masat e Qeverisë,211,medium_121_250,0.9953092822284502,0.004690717771549793,0,likely_real,True,correct
char_tfidf,true_204,204,0,real,"A do të falet Kurban Bajrami në xhami? – Zemaj: Tubimet në masë, nga dita e nesërme do të ndalohen",197,medium_121_250,0.9033455438005321,0.09665445619946787,0,likely_real,True,correct
char_tfidf,true_211,211,0,real,Google merr vendimin e papritur për punonjësit e vet,158,medium_121_250,0.5581000827198734,0.44189991728012656,0,uncertain,True,correct
char_tfidf,true_212,212,0,real,"I moshuari nga Ferizaj akuzon shumë rëndë Thaçin dhe Veselin, kërkon të hiqet fotografia e tyre",118,short_61_120,0.15474984479166587,0.8452501552083341,1,likely_fake,False,false_positive
char_tfidf,true_213,213,0,real,"Tetë të vdekur e numër rekord rastesh të reja me COVID-19, vjen alarmi i zyrtarit të LDK-së: Gjendja është shumë serioze",212,medium_121_250,0.9748164298567594,0.02518357014324057,0,likely_real,True,correct
char_tfidf,true_219,219,0,real,"Policia ndalon ngjarjen, boksieri shqiptar nuk kursehet: Kush ma paguan...",429,long_gt_250,0.9871360468848266,0.012863953115173382,0,likely_real,True,correct
char_tfidf,true_221,221,0,real,"Emocionuese, mërgimtari takohet me prindërit pas pesë vitesh",151,medium_121_250,0.38561661866780017,0.6143833813321998,1,uncertain,False,false_positive
char_tfidf,true_232,232,0,real,Këshilltari i Bidenit e vlerëson lart Thaçin,170,medium_121_250,0.6266040430456197,0.3733959569543803,0,uncertain,True,correct
char_tfidf,true_234,234,0,real,"“Oj e shkretë”, kështu Vjosa Osmani i përgjigjet Avdullah Hotit",177,medium_121_250,0.3749590454918462,0.6250409545081538,1,uncertain,False,false_positive
char_tfidf,true_238,238,0,real,Mehmeti: Hotin askush nuk e merr për seriozisht,236,medium_121_250,0.9146499239293803,0.08535007607061974,0,likely_real,True,correct
char_tfidf,true_240,240,0,real,Raporti evropian: Si e kapën shqiptarët tregun e drogës ne Evropë me çmime të ulëta dhe cilësi të lartë,1495,long_gt_250,0.9894604732881024,0.010539526711897652,0,likely_real,True,correct
char_tfidf,true_248,248,0,real,"Cubat e maleve, s'ka kush i bën bashkë?!",624,long_gt_250,0.8928245234548589,0.1071754765451412,0,likely_real,True,correct
char_tfidf,true_252,252,0,real,"Flet Jakup Krasniqi pasi rezultoi pozitiv me Covid-19, tregon për gjendjen",108,short_61_120,0.8132123245036376,0.1867876754963625,0,likely_real,True,correct
char_tfidf,true_255,255,0,real,"Haradinaj: Nuk e di çfarë ka ndodhur në takimin Hoti-Vuçiq, por nuk besoj se Hoti bëri ndonjë tradhti",253,long_gt_250,0.5862822918122066,0.4137177081877934,0,uncertain,True,correct
char_tfidf,true_257,257,0,real,Si u bë feja islame kaq e ‘gjallë’ dhe atraktive!,990,long_gt_250,0.9871831338314939,0.012816866168506068,0,likely_real,True,correct
char_tfidf,true_262,262,0,real,Caktohet një muaj paraburgim për 40-vjeçarin që ia preu kokën babait me sëpatë në Fushë Kosovë,171,medium_121_250,0.9574740741231202,0.04252592587687978,0,likely_real,True,correct
char_tfidf,true_267,267,0,real,Driton Selmanaj jep lajmin e fundit për kompleksin memorial “Adem Jashari”,153,medium_121_250,0.8326181297105076,0.16738187028949236,0,likely_real,True,correct
char_tfidf,true_271,271,0,real,"BE ende pa vendim për rihapjen e kufijve, amerikanët pritet të përjashtohen",480,long_gt_250,0.9884316735754737,0.011568326424526296,0,likely_real,True,correct
char_tfidf,true_276,276,0,real,“Gazeta “Bota sot” shkatërron të këqijtë dhe përkrahë vlerat e përjetshme kombëtare”,223,medium_121_250,0.7324792351843303,0.26752076481566966,0,likely_real,True,correct
char_tfidf,true_282,282,0,real,"Zogaj: “Bota sot”, zëdhënëse e shqiptarëve për liri",797,long_gt_250,0.9966074968735633,0.003392503126436727,0,likely_real,True,correct
char_tfidf,true_290,290,0,real,"Përdhunime, aborte… Detaje tronditëse, çfarë ndodh me gratë në burgjet e Koresë së Veriut",249,medium_121_250,0.9759294800239285,0.024070519976071413,0,likely_real,True,correct
char_tfidf,true_298,298,0,real,Pse këto salca janë më të famshmet në botë?,342,long_gt_250,0.9728335396087006,0.027166460391299472,0,likely_real,True,correct
char_tfidf,true_299,299,0,real,"“Kini mëshirë, dua të takoj fëmijët” Thirrja e të moshuarës shqiptare nga kampi sirian",191,medium_121_250,0.8016913161388137,0.19830868386118627,0,likely_real,True,correct
char_tfidf,true_301,301,0,real,Zvicra nuk e përjashton testimin e detyrueshëm në aeroporte,433,long_gt_250,0.9286503925322553,0.07134960746774463,0,likely_real,True,correct
char_tfidf,true_304,304,0,real,Llapi angazhon trajner nga Afrika e Jugut,324,long_gt_250,0.9614020697904401,0.038597930209559976,0,likely_real,True,correct
char_tfidf,true_306,306,0,real,"Pavarësisht masave kundër COVID-19, xhamitë mbeten të hapura, të premten falet namazi i Kurban Bajramit",282,long_gt_250,0.879163896955715,0.12083610304428506,0,likely_real,True,correct
char_tfidf,true_307,307,0,real,"Shkuan t’i prangosin, por komisionerët kishin vdekur! Kreu i SPAK: Nuk ishin ç’regjistruar, hetimi ishte sekret",341,long_gt_250,0.9719010175743318,0.028098982425668252,0,likely_real,True,correct
char_tfidf,true_308,308,0,real,"Pesë muaj pasi u dogj në veturë, presidenti Thaçi e shpall hero Qerim Kelmendin",201,medium_121_250,0.4144435764665527,0.5855564235334473,1,uncertain,False,false_positive
char_tfidf,true_317,317,0,real,Bastoret parashikojnë fituesin e Kupës së Kosovës,336,long_gt_250,0.9884784416653317,0.011521558334668237,0,likely_real,True,correct
char_tfidf,true_323,323,0,real,Lautaro Martinez shënon gol të çmendur kundër Napolit,65,short_61_120,0.23583017401192952,0.7641698259880705,1,likely_fake,False,false_positive
char_tfidf,true_325,325,0,real,Ekskluzive: Flet protagonistja e videos virale “O shac”,293,long_gt_250,0.5221022826531568,0.47789771734684316,0,uncertain,True,correct
char_tfidf,true_332,332,0,real,"Goditje e rëndë për Arsenalin, Shkodran Mustafi mungon deri në tetor",163,medium_121_250,0.7588292063635107,0.2411707936364893,0,likely_real,True,correct
char_tfidf,true_343,343,0,real,"“Përplasje fizike LDK-VV në Kuvend”, Gashi mohon të ketë pasur incident",104,short_61_120,0.9435893212588956,0.0564106787411044,0,likely_real,True,correct
char_tfidf,true_345,345,0,real,"Fieraku lind me 6 gishta e probleme mendore, prindërit shpërthejnë në lot: Na dhunon, mos të ishin komshinjtë, sot do kishim 2 varre!",765,long_gt_250,0.9369890843700536,0.06301091562994642,0,likely_real,True,correct
char_tfidf,true_351,351,0,real,Lë punën shitësi që nuk bëri asnjë ditë pushim për 38 vite radhazi,200,medium_121_250,0.6794991777873282,0.32050082221267184,0,uncertain,True,correct
char_tfidf,true_352,352,0,real,"‘Do vriste katër persona’, policia aksion për kapjen e një të dënuari, në kërkim prej 5 vitesh. Ja ku u gjet",202,medium_121_250,0.9704317109824627,0.02956828901753727,0,likely_real,True,correct
char_tfidf,true_353,353,0,real,"Valbon Krasniqi: Jemi keq, i lus qytetarët të jenë të kujdesshëm",450,long_gt_250,0.9955214937250864,0.00447850627491369,0,likely_real,True,correct
char_tfidf,true_354,354,0,real,Aksident i rëndë në Prizren: Çiklisti goditet nga një veturë e cila e hedh disa metra larg,158,medium_121_250,0.5555439123574257,0.4444560876425743,0,uncertain,True,correct
char_tfidf,true_355,355,0,real,"Andy Ruiz reklamon transformimin, para kthimit në ring",162,medium_121_250,0.5208535963537457,0.4791464036462542,0,uncertain,True,correct
char_tfidf,true_362,362,0,real,Protestojnë artistët: Askush nuk mund ta rishkruajë Historinë e Kosovës,184,medium_121_250,0.731297744500609,0.268702255499391,0,likely_real,True,correct
char_tfidf,true_367,367,0,real,“100 € për shërbim ekstra” Si i zbuloi agjenti i infiltruar 3 qendra estetike prostitucioni,652,long_gt_250,0.9343124406618877,0.06568755933811227,0,likely_real,True,correct
char_tfidf,true_368,368,0,real,"“Gjuhen” me fjalë, Rina Balaj e Erza Jusaj",252,long_gt_250,0.9577519697844462,0.04224803021555374,0,likely_real,True,correct
char_tfidf,true_369,369,0,real,Haziri i ashpërson kritikat ndaj Hotit: Nuk jam kryetar për të numëruar të vdekurit nga Covid-19,266,long_gt_250,0.9886974779437813,0.011302522056218685,0,likely_real,True,correct
char_tfidf,true_375,375,0,real,"Nga abstenimi i Xhafës tek ‘mungesa’ e Elisës, si u votua për shkarkimin e Metës",198,medium_121_250,0.5442502111313475,0.4557497888686525,0,uncertain,True,correct
char_tfidf,true_383,383,0,real,"Gjermania vendi më i pëlqyer në botë, lë pas SHBA, Kinën dhe Rusinë",230,medium_121_250,0.8567088042303752,0.14329119576962485,0,likely_real,True,correct
char_tfidf,true_384,384,0,real,"Edi Rama ia uron Lorik Canës ditëlindjen, paralajmëron bashkim kombëtar",451,long_gt_250,0.9709133950578845,0.029086604942115457,0,likely_real,True,correct
char_tfidf,true_394,394,0,real,Gjermania refuzon propozimin e Trumpit për lejimin e kthimit të Rusisë në Grupin G7,247,medium_121_250,0.6651340523734399,0.33486594762656,0,uncertain,True,correct
char_tfidf,true_395,395,0,real,"Njihuni me fshatin ku paraja dhe pushteti nuk kanë vlerë, çdo gjë falas",272,long_gt_250,0.9759266393220292,0.024073360677970845,0,likely_real,True,correct
char_tfidf,true_412,412,0,real,"Ischinger lobon për heqjen e vizave, von Cramon i reagon: Mos harro t’ua thash këtë Macronit dhe Rutte’s",170,medium_121_250,0.21429447001665292,0.7857055299833471,1,likely_fake,False,false_positive
char_tfidf,true_415,415,0,real,Takimi Vuçiq – Vahrleyi u zhvillua në zyrat e misionit serb – aty ishte libri që ka në titull fjalët “Kosova dhe Metohia”,165,medium_121_250,0.7829839754556328,0.21701602454436716,0,likely_real,True,correct
char_tfidf,true_417,417,0,real,"Vdesin 2 persona nga covid19 në Shqipëri, shkon në 53 numri i qytetarëve që kanë humbur jetën",87,short_61_120,0.9105590744248617,0.08944092557513825,0,likely_real,True,correct
char_tfidf,true_423,423,0,real,Kryeprokurori: Ende s’dihet nëse Agon Musliu bëri vetëvrasje apo dikush e shtyri në vrasje,424,long_gt_250,0.9951840680008145,0.004815931999185458,0,likely_real,True,correct
char_tfidf,true_428,428,0,real,Grenell lajmërohet për takimin në Washington: Kosova dhe Serbia duhet ta shfrytëzojnë këtë mundësi,205,medium_121_250,0.7862186649650896,0.2137813350349104,0,likely_real,True,correct
char_tfidf,true_430,430,0,real,"Labi: 87 vjeçares nga Istogu që mbeti e vetme 30 vjet më parë, pension 200 euro që prej sot",398,long_gt_250,0.9528903369786299,0.04710966302137005,0,likely_real,True,correct
char_tfidf,true_433,433,0,real,Kek super i butë – Shije e lehtë fantastike,449,long_gt_250,0.8598579518522177,0.14014204814778228,0,likely_real,True,correct
char_tfidf,true_434,434,0,real,​FSSHK kërkon në kuadër të rishikimit të buxhetit të aprovohet edhe shtesa në paga,192,medium_121_250,0.952642591334772,0.04735740866522798,0,likely_real,True,correct
char_tfidf,true_439,439,0,real,"Dikur jetoi në shpellë, sot është një nga liderët më të fuqishëm në botë",1196,long_gt_250,0.9980863461107017,0.0019136538892983324,0,likely_real,True,correct
char_tfidf,true_451,451,0,real,"Kaq të rinjë prindërit e Taynes, sikur t’i kishte vëlla e motër",139,medium_121_250,0.8879143111767472,0.1120856888232528,0,likely_real,True,correct
char_tfidf,true_454,454,0,real,Disa arsye se përse nuk duhet të flini përmbys,210,medium_121_250,0.873512835223224,0.12648716477677605,0,likely_real,True,correct
char_tfidf,true_463,463,0,real,"Gjyste Vulaj sfidon moshën, me foton e fundit la edhe njëherë nën hije vajzat e reja",113,short_61_120,0.7911372145902454,0.2088627854097546,0,likely_real,True,correct
char_tfidf,true_465,465,0,real,Zgjerimi i familjes? Milot Rashica flet për planet,70,short_61_120,0.2965499593114177,0.7034500406885823,1,likely_fake,False,false_positive
char_tfidf,true_472,472,0,real,"Elsa, vajza e Safetes jo veç këngëtare, ky është profesioni tjetër i saj",118,short_61_120,0.8642143775864899,0.13578562241351017,0,likely_real,True,correct
char_tfidf,true_479,479,0,real,Mustafa i reagon VV-së: Akademik Kujtim Shala me dije…,168,medium_121_250,0.8979242572936412,0.10207574270635883,0,likely_real,True,correct
char_tfidf,true_480,480,0,real,Sa palë syza ka Leonora Jakupi,106,short_61_120,0.6828485318108377,0.3171514681891623,0,uncertain,True,correct
char_tfidf,true_481,481,0,real,Vjollca Haxhiu realizon foto të bukur në Dubai,77,short_61_120,0.4751101401407406,0.5248898598592594,1,uncertain,False,false_positive
char_tfidf,true_483,483,0,real,Ky burrë e ha specin më të djegës në botë pa pirë asgjë,133,medium_121_250,0.47952669567070016,0.5204733043292998,1,uncertain,False,false_positive
char_tfidf,true_486,486,0,real,Miss Valentina shfaqet superseksi me të zeza,62,short_61_120,0.34706366525098453,0.6529363347490155,1,uncertain,False,false_positive
char_tfidf,true_495,495,0,real,"‘Eh moj Sara Hoxha mbas 5 vitesh, kur ta kapësh duke të të tradhtuar këtë laper’",238,medium_121_250,0.8556036006745611,0.14439639932543896,0,likely_real,True,correct
char_tfidf,true_496,496,0,real,Në këto komuna janë konfirmuar 276 rastet e reja me koronavirus,113,short_61_120,0.9747919039092603,0.025208096090739762,0,likely_real,True,correct
char_tfidf,true_508,508,0,real,Trajneri i njohur shqiptar ndërron jetë shkaku i Koronavirusit,128,medium_121_250,0.6689662209948668,0.33103377900513326,0,uncertain,True,correct
char_tfidf,true_515,515,0,real,"Është 53 vjeç, por në këtë foto Eli Fara duket si një vajzë e re",102,short_61_120,0.9170514050702426,0.08294859492975735,0,likely_real,True,correct
char_tfidf,true_520,520,0,real,Cilat janë simptomat që tregojnë nëse e keni kaluar koronavirusin,272,long_gt_250,0.5516555180238203,0.44834448197617965,0,uncertain,True,correct
char_tfidf,true_527,527,0,real,Sa shumë kanë ndryshuar aktorët e serialit “Kloni”,134,medium_121_250,0.8408214978512419,0.15917850214875806,0,likely_real,True,correct
char_tfidf,true_528,528,0,real,"Një yll si Oriola Marashi, ndriçon edhe në mbrëmje",110,short_61_120,0.9401775162234316,0.05982248377656838,0,likely_real,True,correct
char_tfidf,true_530,530,0,real,Morena ‘rrëzohet’ në rrafsh,63,short_61_120,0.18543769330416726,0.8145623066958327,1,likely_fake,False,false_positive
char_tfidf,true_531,531,0,real,"Ndërron jetë edhe një person i infektuar me Covid-19, nga Peja",57,very_short_le_60,0.7896459810071935,0.2103540189928065,0,likely_real,True,correct
char_tfidf,true_535,535,0,real,Loredana: Zemër ty a të ka marrë malli?,154,medium_121_250,0.8257538810448705,0.17424611895512956,0,likely_real,True,correct
char_tfidf,true_536,536,0,real,Arta Bajrami me çizme të gjata në pikë të verës,87,short_61_120,0.6012412453085645,0.39875875469143546,0,uncertain,True,correct
char_tfidf,true_539,539,0,real,"Bukë me vaj, djathë e domate, pushuesi ndan fotot modeste nga Spilleja: Kaq kemi mundësi…",166,medium_121_250,0.2650011108446274,0.7349988891553726,1,likely_fake,False,false_positive
char_tfidf,true_544,544,0,real,"Besojeni ose jo, kjo ndërtesë nuk u shemb as me 300 kilogram tritol",72,short_61_120,0.5222381124391877,0.4777618875608122,0,uncertain,True,correct
char_tfidf,true_545,545,0,real,Zyrtarja e huaj: Gratë mund të mbesin shtatzëna nëse notojnë bashkë me burrat,203,medium_121_250,0.5677008433487197,0.43229915665128027,0,uncertain,True,correct
char_tfidf,true_553,553,0,real,MIloti e xhiron Edonën prapa kamerave,86,short_61_120,0.8017325717090045,0.19826742829099553,0,likely_real,True,correct
char_tfidf,true_555,555,0,real,Atletes i ndodh e papritura gjatë ushtrimeve në palestër,88,short_61_120,0.4565860426547742,0.5434139573452258,1,uncertain,False,false_positive
char_tfidf,true_556,556,0,real,"Vila e Esat pashë Toptanit, në fshatin Reth të Durrësit",283,long_gt_250,0.9638041215854318,0.03619587841456822,0,likely_real,True,correct
char_tfidf,true_571,571,0,real,Kështu e zuri babai i saj Shyhreten me të dashurin,212,medium_121_250,0.8302923089528755,0.1697076910471244,0,likely_real,True,correct
char_tfidf,true_573,573,0,real,"Thënie të Ibrahim Rugovës: Kokën mund të ma ndërrojnë, por mendimin kurrë!",461,long_gt_250,0.9808643854167183,0.019135614583281703,0,likely_real,True,correct
char_tfidf,true_580,580,0,real,"Dua Lipa lanson këngën e re, Tokyo e ‘Casa de Papel’ shkëlqen në videoklip",129,medium_121_250,0.7009006759410334,0.2990993240589666,0,likely_real,True,correct
char_tfidf,true_582,582,0,real,"Sërish viza gjermane për ata me kontratë pune, por edhe pengesa",1095,long_gt_250,0.96674533773139,0.03325466226860993,0,likely_real,True,correct
char_tfidf,true_583,583,0,real,Covid-19 u merr jetën dy mjekëve kosovarë,241,medium_121_250,0.9309450630830708,0.06905493691692922,0,likely_real,True,correct
char_tfidf,true_584,584,0,real,Adelina e tepron me fustanin e shkurtër,76,short_61_120,0.9170243524181979,0.08297564758180205,0,likely_real,True,correct
char_tfidf,true_585,585,0,real,"Sejdiu i gatshëm të kandidojë për president, nëse dorëhiqet Thaçi",152,medium_121_250,0.2156713159489836,0.7843286840510164,1,likely_fake,False,false_positive
char_tfidf,true_586,586,0,real,Menjëherë fshijeni nësë ju vjen ky mesazh në telefon,206,medium_121_250,0.49408080861424675,0.5059191913857533,1,uncertain,False,false_positive
char_tfidf,true_592,592,0,real,"Kejvina bombastike, merr gjithë vëmendjen me paraqitjen e fundit!",90,short_61_120,0.46044929388738054,0.5395507061126195,1,uncertain,False,false_positive
char_tfidf,true_600,600,0,real,Gjashtë simptomat të lehta të Coronavirust që duhet t’i dini,1467,long_gt_250,0.9843711558561685,0.015628844143831505,0,likely_real,True,correct
char_tfidf,true_603,603,0,real,Krasniqi: Sot i kemi sjell para falimentimit të gjithë gastronomët e Kosovës,401,long_gt_250,0.9848027590634592,0.015197240936540866,0,likely_real,True,correct
char_tfidf,true_608,608,0,real,Pse duhet të konsumoni limon çdo ditë?,170,medium_121_250,0.677954501557223,0.32204549844277697,0,uncertain,True,correct
char_tfidf,true_611,611,0,real,"E pabesueshme, por ky do jetë çmimi i vaksinës për trajtimin e Covid 19",187,medium_121_250,0.8342510596862528,0.1657489403137472,0,likely_real,True,correct
char_tfidf,true_612,612,0,real,A do të zgjatet leja për punëtorët nga Kosova në Gjermani?,163,medium_121_250,0.8983678136736424,0.1016321863263576,0,likely_real,True,correct
char_tfidf,true_614,614,0,real,Vjen edhe reagimi i Leonora Jakupit për ndërtimin e xhamisë në Prishtinë,75,short_61_120,0.8757812089568264,0.12421879104317354,0,likely_real,True,correct
char_tfidf,true_618,618,0,real,Haradinaj “godet” Hotin: Pse nuk e pyete edhe ti Vuçiqin a din shqip?,244,medium_121_250,0.5780116865284206,0.4219883134715794,0,uncertain,True,correct
char_tfidf,true_619,619,0,real,"Haradinaj paralajmëron prishjen e koalicionit, i pakënaqur me Kryeministrin Hoti",167,medium_121_250,0.602755520714948,0.39724447928505197,0,uncertain,True,correct
char_tfidf,true_621,621,0,real,Isa Mustafa shërohet nga koronavirusi,140,medium_121_250,0.2570461578379185,0.7429538421620815,1,likely_fake,False,false_positive
char_tfidf,true_629,629,0,real,Tetë anesteziologë të QKUK-së infektohen me koronavirus,436,long_gt_250,0.9932016199523853,0.006798380047614636,0,likely_real,True,correct
char_tfidf,true_631,631,0,real,4 mënyra natyrale si të largoni rrudhat nga fytyra,476,long_gt_250,0.5944681503341762,0.40553184966582373,0,uncertain,True,correct
char_tfidf,true_638,638,0,real,Vjen një lajm i mirë për veteranët e UÇK-së,132,medium_121_250,0.9381548214467225,0.061845178553277536,0,likely_real,True,correct
char_tfidf,true_652,652,0,real,Adea Pules i del kuki prej vendit,93,short_61_120,0.8456329683854811,0.15436703161451898,0,likely_real,True,correct
char_tfidf,true_655,655,0,real,"Nëse i fsheh paratë në këto 8 vende, zëre se nuk i ke fare!",277,long_gt_250,0.7265638444908781,0.2734361555091219,0,likely_real,True,correct
char_tfidf,true_671,671,0,real,Kosova hiqet nga harta – Dua Lipa nënshkruan peticionin,100,short_61_120,0.8606229020744492,0.13937709792555072,0,likely_real,True,correct
char_tfidf,true_675,675,0,real,A është Fifi në lidhje? Përgjigjet këngëtarja,55,very_short_le_60,0.5407988492980036,0.4592011507019964,0,uncertain,True,correct
char_tfidf,true_679,679,0,real,"Duke punuar kopshtin, çifti gjen kasafortën me mijëra dollarë e stoli ari",146,medium_121_250,0.34200701595038463,0.6579929840496154,1,uncertain,False,false_positive
char_tfidf,true_680,680,0,real,Fitore Pacolli: Shpallja e gjendjes së jashtëzakonshme siç po ka dëshirë qeveria Hoti nuk është zgjidhje,394,long_gt_250,0.9690526277726825,0.03094737222731745,0,likely_real,True,correct
char_tfidf,true_694,694,0,real,Nora Istrefi më në fund merr një vendim në lidhje me Robertin,117,short_61_120,0.7180997520906232,0.2819002479093769,0,likely_real,True,correct
char_tfidf,true_702,702,0,real,Turku ia mbush dhomën me dhurata të shtrenjta Gentës,113,short_61_120,0.5366368875130462,0.46336311248695383,0,uncertain,True,correct
char_tfidf,true_713,713,0,real,Shkencëtaret kinez: Covid-19 u shfaq për herë të parë në Spanjë,234,medium_121_250,0.9525318901563371,0.047468109843662856,0,likely_real,True,correct
char_tfidf,true_721,721,0,real,Genci ia dedikon këto fjalë të bukura Enit me rastin e ditëlindjes,198,medium_121_250,0.9546910865901096,0.04530891340989039,0,likely_real,True,correct
char_tfidf,true_731,731,0,real,Kështu dukej Egzona para se të dashurohej me Albatritin,101,short_61_120,0.8444864361518625,0.15551356384813758,0,likely_real,True,correct
char_tfidf,true_744,744,0,real,Vajza e ish-kryeministrit Bajram Rexhepi nuk lejohet nga e ëma t’i hyjë politikës,229,medium_121_250,0.8067271824037594,0.19327281759624063,0,likely_real,True,correct
char_tfidf,true_745,745,0,real,Me këtë fustan del në park Qëndresa e Labit,89,short_61_120,0.433462843655643,0.566537156344357,1,uncertain,False,false_positive
char_tfidf,true_747,747,0,real,Endrit Thaçi reagon pasi Gjykata Speciale ngriti aktakuzë ndaj babait të tij,92,short_61_120,0.4588429157124999,0.5411570842875001,1,uncertain,False,false_positive
char_tfidf,true_756,756,0,real,Angela Martini nuk i ndalë provokimet as në jaht,87,short_61_120,0.5298546888650248,0.4701453111349752,0,uncertain,True,correct
char_tfidf,true_758,758,0,real,Aq shumë iu ka rritur gjoksi sa që Oriola Marashi po e mban me duar,98,short_61_120,0.8172985759480937,0.1827014240519062,0,likely_real,True,correct
char_tfidf,true_760,760,0,real,Do të befasoheni se çfarë të vërtetash fshehen prapa serialeve turke,297,long_gt_250,0.9349893736901144,0.06501062630988566,0,likely_real,True,correct
char_tfidf,true_765,765,0,real,"Sasa e “O sa mirë” plotë jetë, vitet thjeshtë numra janë për të",57,very_short_le_60,0.5029363329430724,0.4970636670569276,0,uncertain,True,correct
char_tfidf,true_772,772,0,real,"Dhimbjet që mendoni se i keni nga dhëmbët, por në fakt kanë të bëjë me diçka tjetër",445,long_gt_250,0.7003339953230614,0.29966600467693866,0,likely_real,True,correct
char_tfidf,true_781,781,0,real,Reperja e njohur e publikon nga afër tatuazhin në pjesën e të pasmeve,105,short_61_120,0.8693395277388648,0.13066047226113522,0,likely_real,True,correct
char_tfidf,true_783,783,0,real,"“Nëntori i dytë”, ja pse u hoq pjesa kur Isa Boletini luftonte me serbët",1952,long_gt_250,0.9990278910512382,0.0009721089487618049,0,likely_real,True,correct
char_tfidf,true_786,786,0,real,Ekskluzive: Alfred Cako zbulon vaksinën e Covid19 që shkakton vdekje dhe ndalon lindjet,46,very_short_le_60,0.010137099373623726,0.9898629006263763,1,likely_fake,False,false_positive
char_tfidf,true_788,788,0,real,"Infekton 76 të ftuar me koronavirus babai i nuses, dasma kthehet në rast studimi",238,medium_121_250,0.7514691217674271,0.2485308782325729,0,likely_real,True,correct
char_tfidf,true_789,789,0,real,Ivanka Trump në secilën paraqitje pa sytjena,68,short_61_120,0.5760630729832769,0.42393692701672314,0,uncertain,True,correct
char_tfidf,true_793,793,0,real,"Trusti s’do pengojë tërheqjen e kursimeve, kompensimi nga qeveria jo për të gjithë",942,long_gt_250,0.9980549927010945,0.0019450072989054428,0,likely_real,True,correct
char_tfidf,true_803,803,0,real,"Ambasada e SHBA-së në Kosovë apelon për kujdes, tubimi paqësor i LVV-së mund të bëhet i dhunshëm",263,long_gt_250,0.9535617023062564,0.04643829769374365,0,likely_real,True,correct
char_tfidf,true_808,808,0,real,"Avdyli i del në krahë Osmanit: Kur do flasim ne të vertetën, atëherë keni me mbetë pa fjalë",244,medium_121_250,0.49041178693388077,0.5095882130661192,1,uncertain,False,false_positive
char_tfidf,true_809,809,0,real,Gëzimja përgatit tortën më të bukur për vajzën,86,short_61_120,0.423142064101221,0.576857935898779,1,uncertain,False,false_positive
char_tfidf,true_825,825,0,real,"Pasi u propozua për kryeministër konsensual Murat Jashari, vjen edhe reagimi nga Familja Jashari",258,long_gt_250,0.7909007997477642,0.20909920025223583,0,likely_real,True,correct
char_tfidf,true_830,830,0,real,Vjosa Osmani mbështet masat e reja të Albin Kurtit kundër Serbisë,221,medium_121_250,0.7407086002511152,0.2592913997488848,0,likely_real,True,correct
char_tfidf,true_833,833,0,real,"Horoskopi, e shtunë 30 maj 2020",529,long_gt_250,0.9820994914037764,0.017900508596223656,0,likely_real,True,correct
char_tfidf,true_835,835,0,real,"Veton Surroi mbetet pa tekst, ky është reagimi i tij për aktgjykimin",115,short_61_120,0.26384656372027404,0.736153436279726,1,likely_fake,False,false_positive
char_tfidf,true_856,856,0,real,​ Nesër në Bruksel mbahet takimi i ekspertëve,60,very_short_le_60,0.9075439960033516,0.09245600399664847,0,likely_real,True,correct
char_tfidf,true_858,858,0,real,Qeveria ua heq kartonin e gjelbër atyre që hyjnë në Kosovë,185,medium_121_250,0.9867275430524373,0.013272456947562732,0,likely_real,True,correct
char_tfidf,true_863,863,0,real,Ministri Zemaj komenton fotografin e Skender Hysenit pa maskë,223,medium_121_250,0.9984225681516149,0.0015774318483851367,0,likely_real,True,correct
char_tfidf,true_875,875,0,real,"Granata e gjetur te vendpunishtja e Xhamisë së Madhe, e kohës së Luftës së Dytë Botërore",107,short_61_120,0.9020185613698897,0.09798143863011029,0,likely_real,True,correct
char_tfidf,true_880,880,0,real,"Shtyhet raportimi i Agim Veliut në Komisionin për Siguri, polemika mes deputetëve",356,long_gt_250,0.9914370253074973,0.008562974692502669,0,likely_real,True,correct
char_tfidf,true_887,887,0,real,"Vendet që morën nën kontroll pandeminë coronavirus, tani prapë po përballen me të",1294,long_gt_250,0.9988812930155839,0.0011187069844160755,0,likely_real,True,correct
char_tfidf,true_888,888,0,real,Debat i nxehtë në Komisionin për Punë të Jashtme - VIDEO,71,short_61_120,0.8073376184062647,0.19266238159373528,0,likely_real,True,correct
char_tfidf,true_889,889,0,real,Rrahjet mes deputetëve ndër vite në Kuvendin e Kosovës,721,long_gt_250,0.9982512368271591,0.0017487631728408785,0,likely_real,True,correct
char_tfidf,true_890,890,0,real,Qeveria heq dorë nga vendimi për izolimin e atyre që kthehen nga Shqipëria!,178,medium_121_250,0.8714761158053353,0.12852388419466462,0,likely_real,True,correct
char_tfidf,true_906,906,0,real,Oda Ekonomike kërkon të digjitalizohen disa shërbime dhe të licencohen laboratoret private,439,long_gt_250,0.9323456464040224,0.0676543535959776,0,likely_real,True,correct
char_tfidf,true_907,907,0,real,Prishtina edhe sot komuna me më së shumti raste me COVID-19,128,medium_121_250,0.9760566953915618,0.02394330460843814,0,likely_real,True,correct
char_tfidf,true_908,908,0,real,Arrestohet gjilanasi për mashtrim me shitje të banesës,95,short_61_120,0.9740591542441033,0.025940845755896752,0,likely_real,True,correct
char_tfidf,true_910,910,0,real,Fati i medias më të lexuar në Hungari Index në pikëpyetje pas largimit të shumicës së gazetarëve,349,long_gt_250,0.9640859900045795,0.03591400999542048,0,likely_real,True,correct
char_tfidf,true_917,917,0,real,"Hoti: Situata po përkeqësohet, stafi shëndetësor i FSK-së do të integrohet në Ministri të Shëndetësisë",271,long_gt_250,0.9964504974850205,0.0035495025149794982,0,likely_real,True,correct
char_tfidf,true_931,931,0,real,Auditori: Policët ushtrojnë pozitat e punës në mospërputhje me gradat,382,long_gt_250,0.9932078062800009,0.006792193719999076,0,likely_real,True,correct
char_tfidf,true_938,938,0,real,Partia Socialiste tërhiqet nga shkarkimi i Ilir Metës,474,long_gt_250,0.9495773277508053,0.05042267224919478,0,likely_real,True,correct
char_tfidf,true_939,939,0,real,Philip Morris lejohet të komunikojë se IQOS redukton ekspozimin e dëmshëm,414,long_gt_250,0.8025294117393024,0.19747058826069763,0,likely_real,True,correct
char_tfidf,true_945,945,0,real,Rekord i ri me raste pozitive me COVID-19 në Kosovë,216,medium_121_250,0.9915707738764237,0.00842922612357636,0,likely_real,True,correct
char_tfidf,true_950,950,0,real,Hoti: Jemi në diskutime që rruga nacionale Prishtinë-Mitrovicë të shndërrohet në rrugë ndërkombëtare,263,long_gt_250,0.9843693847331267,0.015630615266873288,0,likely_real,True,correct
char_tfidf,true_965,965,0,real,VIDEO: Vetura zyrtare në vikend merr udhë për kositje të barit,85,short_61_120,0.6414110648982541,0.358588935101746,0,uncertain,True,correct
char_tfidf,true_966,966,0,real,Pneumologu kosovar tregon si zhvillohet pneumonia te pacientët me COVID-19,620,long_gt_250,0.9479015921040931,0.05209840789590695,0,likely_real,True,correct
char_tfidf,true_974,974,0,real,Mbi 10 mijë të infektuar me COVID-19 në Maqedoninë e Veriut,148,medium_121_250,0.9934489869188143,0.006551013081185629,0,likely_real,True,correct
char_tfidf,true_975,975,0,real,VIDEO - Xhamia që u mbijetoi shekujve,465,long_gt_250,0.9838157154384481,0.01618428456155183,0,likely_real,True,correct
char_tfidf,true_979,979,0,real,Lihen në arrest shtëpiak policët e arrestuar për keqtrajtim të një të mituri,146,medium_121_250,0.9821459781241568,0.017854021875843156,0,likely_real,True,correct
char_tfidf,true_988,988,0,real,"Ilir Meta për Adem Demaçin: ""Mandela i Evropës"" dhe ""Saharovi"" ynë",320,long_gt_250,0.8348750891595172,0.16512491084048272,0,likely_real,True,correct
char_tfidf,true_991,991,0,real,Evropa ime: T'u tregojmë vendin elitave të korruptuara të Ballkanit Perëndimor,1084,long_gt_250,0.997854558114087,0.0021454418859130644,0,likely_real,True,correct
char_tfidf,true_994,994,0,real,Ministria e Bujqësisë pagoi mbi 176 mijë euro për analiza që mund t'i kryente vetë,210,medium_121_250,0.9429243566547226,0.05707564334527735,0,likely_real,True,correct
char_tfidf,true_1005,1005,0,real,Alarmante - Rreth 3 mijë raste aktive me COVID-19 në Kosovë,219,medium_121_250,0.9972360822954656,0.0027639177045343808,0,likely_real,True,correct
char_tfidf,true_1028,1028,0,real,Qeveria emëroi Bordin e përkohshëm i Telekomit të Kosovës,158,medium_121_250,0.9860823183364649,0.013917681663535075,0,likely_real,True,correct
char_tfidf,true_1034,1034,0,real,Xhamia më e vjetër në Prishtinë një dekadë restaurim,275,long_gt_250,0.9840772045988566,0.015922795401143375,0,likely_real,True,correct
char_tfidf,true_1037,1037,0,real,Osmani për Hotin: Duhet me hangër një thes kryp me dikë për me njoftë,186,medium_121_250,0.5868590986454241,0.4131409013545759,0,uncertain,True,correct
char_tfidf,true_1042,1042,0,real,Raport: Bandat nga Ballkani tani janë kthyer në kontrabandistë globalë,773,long_gt_250,0.9909815426652555,0.009018457334744458,0,likely_real,True,correct
char_tfidf,true_1054,1054,0,real,ORCA: 55% e profesorëve në UP nuk e justifikojnë titullin e tyre akademik,328,long_gt_250,0.9346065309368692,0.06539346906313076,0,likely_real,True,correct
char_tfidf,true_1055,1055,0,real,Boris Johnson: Kriza e COVID-19 përfundon nga mesi i vitit 2021,131,medium_121_250,0.9148926112141983,0.08510738878580168,0,likely_real,True,correct
char_tfidf,true_1064,1064,0,real,Thaçi nuk do dialog teknik me Serbinë,217,medium_121_250,0.9667923921431878,0.033207607856812246,0,likely_real,True,correct
char_tfidf,true_1076,1076,0,real,"Pas dy muajve, Maqedonia e Veriut me asnjë viktimë nga COVID-19",143,medium_121_250,0.9907256029708745,0.009274397029125489,0,likely_real,True,correct
char_tfidf,true_1079,1079,0,real,Hoti i shkruan letër Osmanit për raportimin në Kuvend pas takimit në Bruksel,90,short_61_120,0.9429173716658537,0.0570826283341464,0,likely_real,True,correct
char_tfidf,true_1081,1081,0,real,"Mësimi në shtator mund të fillojë nga ekrani, ekspertët rekomandojnë më shumë udhëzime",1082,long_gt_250,0.9957784349355902,0.004221565064409826,0,likely_real,True,correct
char_tfidf,true_1084,1084,0,real,"Pas katër ditësh intervistim në Hagë, Thaçi kthehet sot në Kosovë",244,medium_121_250,0.9009791673910601,0.09902083260893994,0,likely_real,True,correct
char_tfidf,true_1085,1085,0,real,Teatri i Podujevës bëhet me aktorë rezidentë,163,medium_121_250,0.8880040654019726,0.11199593459802741,0,likely_real,True,correct
char_tfidf,true_1090,1090,0,real,"Incident në një port iranian, disa anije përfshihen nga zjarri",224,medium_121_250,0.9352563022272521,0.06474369777274794,0,likely_real,True,correct
char_tfidf,true_1092,1092,0,real,Mbi 13 milionë të infektuar me coronavirus në botë,466,long_gt_250,0.9966702614807473,0.0033297385192526618,0,likely_real,True,correct
char_tfidf,true_1101,1101,0,real,"Hoti e Vuçiq zhvillojnë sot takim virtual, rinis dialogu Kosovë-Serbi",212,medium_121_250,0.9395120094686717,0.060487990531328216,0,likely_real,True,correct
char_tfidf,true_1104,1104,0,real,Hoti paralajmëron shpalljen e gjendjes së jashtëzakonshme,285,long_gt_250,0.931896244099493,0.06810375590050695,0,likely_real,True,correct
char_tfidf,true_1106,1106,0,real,Abazi: Ligji për COVID-19 u refuzua e Hoti drejt shpalljes së gjendjes së jashtëzakonshme,392,long_gt_250,0.9124318173058702,0.0875681826941298,0,likely_real,True,correct
char_tfidf,true_1108,1108,0,real,COVID-19: Vdes veterani i UÇK-së nga Malisheva,123,medium_121_250,0.9030591946146643,0.09694080538533571,0,likely_real,True,correct
char_tfidf,true_1117,1117,0,real,Anulohet udhëtimi i Thaçit për në Washington,113,short_61_120,0.42584154588069334,0.5741584541193067,1,uncertain,False,false_positive
char_tfidf,true_1119,1119,0,real,Zemaj: Gjashtë pacientë me COVID-19 janë në kujdes intensiv,89,short_61_120,0.9738703739104241,0.02612962608957588,0,likely_real,True,correct
char_tfidf,true_1121,1121,0,real,"Hoti raporton në Kuvend për dialogun: Ose do të ketë marrëveshje të mirë për Kosovën, ose s’do të ketë fare",297,long_gt_250,0.9888477811968991,0.011152218803100954,0,likely_real,True,correct
char_tfidf,true_1135,1135,0,real,"Kosova synon njohjen nga Serbia, nuk dëshiron kompromis",952,long_gt_250,0.9951695628846589,0.0048304371153411975,0,likely_real,True,correct
char_tfidf,true_1138,1138,0,real,"Qeveritarët pa maska e me duarshtrëngime, përurojnë rrugën Deçan–Plavë - FOTO",288,long_gt_250,0.9942575217058076,0.005742478294192379,0,likely_real,True,correct
char_tfidf,true_1165,1165,0,real,Hoti nesër në Gjilan te kritikuesi i tij më i madh Lutfi Haziri,187,medium_121_250,0.9767596948911336,0.02324030510886648,0,likely_real,True,correct
char_tfidf,true_1174,1174,0,real,"Të hyrat në gjashtë muajt e parë ranë për 8 %, shpenzimet u rritën për 38.7 milionë euro",219,medium_121_250,0.9965318108549478,0.00346818914505221,0,likely_real,True,correct
char_tfidf,true_1179,1179,0,real,"Pini ilaçin e përgatitur vetë për ta shëruar diabetin, tipi 2",219,medium_121_250,0.8076996695240437,0.19230033047595627,0,likely_real,True,correct
char_tfidf,true_1180,1180,0,real,Vetëm në këtë kënd të shtëpisë së Kylie Jenner gjendet një pasuri e tërë,140,medium_121_250,0.9043793093355379,0.09562069066446208,0,likely_real,True,correct
char_tfidf,true_1183,1183,0,real,Sekreti i japonezëve për jetë të gjatë,212,medium_121_250,0.9553271231037418,0.04467287689625825,0,likely_real,True,correct
char_tfidf,true_1186,1186,0,real,Fansi i çmendur bën tatuazh në trup fytyrën e Noizyt!,119,short_61_120,0.8886651870544152,0.11133481294558475,0,likely_real,True,correct
char_tfidf,true_1191,1191,0,real,Infektohet edhe presidenti që tha se saunat dhe vodka janë ilaçe kundër Covid-19,155,medium_121_250,0.9111583515755558,0.08884164842444424,0,likely_real,True,correct
char_tfidf,true_1194,1194,0,real,Pezullimi i përpjekjeve për anëtarësim në mekanizma ndërkombëtarë gabim i pa falshëm i Qeverisë Hoti,675,long_gt_250,0.9921766943414125,0.00782330565858748,0,likely_real,True,correct
char_tfidf,true_1197,1197,0,real,Dalin fotot e Gymysh me fustan të bardhë - shikoni sa nuse e bukur është bërë,189,medium_121_250,0.9636710915827973,0.036328908417202654,0,likely_real,True,correct
char_tfidf,true_1199,1199,0,real,Jeni gati të shihni ndryshimin e radhës së Tayna-s?,177,medium_121_250,0.9718095523744729,0.028190447625527127,0,likely_real,True,correct
char_tfidf,true_1224,1224,0,real,"Situata me Covid-19, kryeministri Hoti kërkon të vërehet dora e fortë e shtetit",145,medium_121_250,0.9935141285652337,0.006485871434766312,0,likely_real,True,correct
char_tfidf,true_1226,1226,0,real,Super hiti është gati! Kënga e re e Encës dhe e Don Xhonit e ka një datë publikimi,82,short_61_120,0.8853886934422682,0.11461130655773182,0,likely_real,True,correct
char_tfidf,true_1230,1230,0,real,Rasheli do ua hapë sytë me këtë imazh,114,short_61_120,0.9898860005839543,0.010113999416045788,0,likely_real,True,correct
char_tfidf,true_1234,1234,0,real,Blero: Ky reper shqiptar është i preferuari im,155,medium_121_250,0.9695008762067027,0.03049912379329736,0,likely_real,True,correct
char_tfidf,true_1243,1243,0,real,Deputetja e Kuvendit të Kosovës Eliza Hoxha është shëruar nga koronavirusi,702,long_gt_250,0.998074036702594,0.0019259632974060017,0,likely_real,True,correct
char_tfidf,true_1245,1245,0,real,Pandora më në formë se kurrë feston ditëlindjen,82,short_61_120,0.975696167780802,0.024303832219198008,0,likely_real,True,correct
char_tfidf,true_1246,1246,0,real,"Ja përse duhet të hani 1 thelb hudhër në esëll/ Bën mrekulli për organizmin, ja si",142,medium_121_250,0.6936542561949328,0.30634574380506713,0,uncertain,True,correct
char_tfidf,true_1260,1260,0,real,Receta çudibërëse me farat e lirit: Të dobësohemi shëndetshëm dhe sigurt,418,long_gt_250,0.9738283034162164,0.026171696583783564,0,likely_real,True,correct
char_tfidf,true_1266,1266,0,real,Receta e Cekës - Maregnore,244,medium_121_250,0.8068065209291889,0.1931934790708111,0,likely_real,True,correct
char_tfidf,true_1274,1274,0,real,Koronavirusi anulon festimet e Vitit të Ri,162,medium_121_250,0.9830185157277876,0.016981484272212355,0,likely_real,True,correct
char_tfidf,true_1275,1275,0,real,"Ç’do ndodhë me koronavirusin? OBSH në alarm, rritja e infektimeve po…",442,long_gt_250,0.9983445242910175,0.001655475708982545,0,likely_real,True,correct
char_tfidf,true_1279,1279,0,real,Çfarë misteri i pazgjidhur fshihet në mes të selisë së CIA?,590,long_gt_250,0.9924003424170091,0.007599657582990806,0,likely_real,True,correct
char_tfidf,true_1285,1285,0,real,Prekëse: Kujdestari vishet bardhezi për t’ia plotësuar mungesën e nënës zebrës jetime,189,medium_121_250,0.9331600673271908,0.0668399326728092,0,likely_real,True,correct
char_tfidf,true_1290,1290,0,real,Aleksander Vuçiq: Dialogu i Brukselit po ndodhë nga dëshira e Brukselit për ta përjashtuar Amerikën,262,long_gt_250,0.9737948882512101,0.026205111748789905,0,likely_real,True,correct
char_tfidf,true_1291,1291,0,real,Kaçanikasi tenton t’i vrasë dy persona shkaku i një kontesti pronësor,249,medium_121_250,0.9921680614784415,0.007831938521558555,0,likely_real,True,correct
char_tfidf,true_1293,1293,0,real,"U bë me vajzë por dëshironte djalë – Burri vret veten, e shoqja pëson atak kardiak",118,short_61_120,0.6582985307498037,0.34170146925019634,0,uncertain,True,correct
char_tfidf,true_1302,1302,0,real,"OBSH: Rritje shqetësuese të rasteve nga coronavirusi në Ballkan, duhet të tregohemi vigjilentë",141,medium_121_250,0.9729634576339803,0.02703654236601975,0,likely_real,True,correct
char_tfidf,true_1311,1311,0,real,"E akuzuan për ndërhyrje në Gjykatë, Von Cramon ia kthen Enver Hoxhajt: Kjo s’ndodh në demokraci, ndoshta në vendin tuaj po",254,long_gt_250,0.7882446168666788,0.21175538313332115,0,likely_real,True,correct
char_tfidf,true_1314,1314,0,real,Ky është 22 vjeçari nga Peja që vdiq në aksidentin tragjik,94,short_61_120,0.9764448293013733,0.02355517069862672,0,likely_real,True,correct
char_tfidf,true_1320,1320,0,real,Shikoni çfarë vozitje të shpejtë i bën veturës 60-vjeçarja shqiptare,145,medium_121_250,0.5688835446011316,0.4311164553988684,0,uncertain,True,correct
char_tfidf,true_1324,1324,0,real,Turqia pezullon fluturimet shkaku i shtimit të rasteve të Covid-19,200,medium_121_250,0.9726100147506855,0.027389985249314422,0,likely_real,True,correct
char_tfidf,true_1325,1325,0,real,"Zemaj dhe Ramadani pushojnë sot, i cojnë me e-mail njoftimet për situatën 24 orëshe me COVID-19",135,medium_121_250,0.9969042879712998,0.003095712028700175,0,likely_real,True,correct
char_tfidf,true_1334,1334,0,real,"Tayna poston fotot provokuese dhe dërgon mesazhin, “Të josh dhe të bëj budalla, sa herë dua”",106,short_61_120,0.6826162646222053,0.31738373537779474,0,uncertain,True,correct
char_tfidf,true_1336,1336,0,real,Presidenti në aktakuzë para Gjykatës Speciale dhe dialogu me Serbinë e sfidojnë shtetësinë e Kosovës,309,long_gt_250,0.9945660312714055,0.0054339687285944824,0,likely_real,True,correct
char_tfidf,true_1346,1346,0,real,Kështu e kujton Leonora babin në 22 vjetorin e vdekjes,75,short_61_120,0.9313034474253032,0.06869655257469673,0,likely_real,True,correct
char_tfidf,true_1351,1351,0,real,Receta e Cekës: Omletë me mollë,157,medium_121_250,0.469631148693923,0.530368851306077,1,uncertain,False,false_positive
char_tfidf,true_1365,1365,0,real,"Çdo natë para gjumit, pije këtë lëng dhe do largoni gjithçka nga barku, shkrin gjithë yndyrën, do t’ju heqi kilet e tepërta fare nga trupi",450,long_gt_250,0.7118429161924509,0.2881570838075492,0,likely_real,True,correct
char_tfidf,true_1371,1371,0,real,Ku ngeli Alba Hoxha?,77,short_61_120,0.9426731239269119,0.057326876073088014,0,likely_real,True,correct
char_tfidf,true_1379,1379,0,real,Isufi: Nuk ka aktakuzë që mund ta njollosë luftën e UÇK’së,214,medium_121_250,0.9932102242503397,0.0067897757496603,0,likely_real,True,correct
char_tfidf,true_1382,1382,0,real,"Serwer: Aktakuza ndaj Thaçit e Veselit s’është personale, Kosova është në telashe",206,medium_121_250,0.8682411325649609,0.13175886743503906,0,likely_real,True,correct
char_tfidf,true_1385,1385,0,real,"Është mashtrim, qeveria e kombinimit politik LDK me partnerët e PAN-it nuk e bëjnë ligjin Vetting",579,long_gt_250,0.9921617878494471,0.007838212150552878,0,likely_real,True,correct
char_tfidf,true_1395,1395,0,real,"Infektologu italian: Koronavirusi është dobësuar, ja kur pritet të zhduket",273,long_gt_250,0.970314494225866,0.029685505774133963,0,likely_real,True,correct
char_tfidf,true_1396,1396,0,real,Cramon për vizat: Ja kur pritet liberalizimi final,310,long_gt_250,0.5070476867184794,0.4929523132815205,0,uncertain,True,correct
char_tfidf,true_1413,1413,0,real,Koronavirusi: Renditja e Kosovës krahas shteteve të rajonit,366,long_gt_250,0.9986362914311944,0.001363708568805675,0,likely_real,True,correct
char_tfidf,true_1415,1415,0,real,"Trump për John Bolton: Askush nuk e donte në Shtëpinë e Bardhë, dukej i çmendur",344,long_gt_250,0.9192588867705318,0.08074111322946817,0,likely_real,True,correct
char_tfidf,true_1420,1420,0,real,Haradinaj shkon i pari në takim me Avdullah Hotin,93,short_61_120,0.927239449885614,0.07276055011438598,0,likely_real,True,correct
char_tfidf,true_1424,1424,0,real,Zbulohet e vërteta: Ja çfarë pritet të ndodhë më 27 qershor në Shtëpinë e Bardhë,524,long_gt_250,0.9640549881345979,0.035945011865402145,0,likely_real,True,correct
char_tfidf,true_1426,1426,0,real,Hoti i fton liderët e partive në zyrë për t’u koordinuar para udhëtimit në Washington,164,medium_121_250,0.968753349174953,0.031246650825046917,0,likely_real,True,correct
char_tfidf,true_1432,1432,0,real,Zbulohet substanca që e ul vdekshmërinë e pacientëve me Covid-19,344,long_gt_250,0.9833701880978994,0.016629811902100607,0,likely_real,True,correct
char_tfidf,true_1434,1434,0,real,"Gati për të shijuar pushimet, Elita dhe Gjiko zgjedhin këtë destinacion brenda Shqipërisë",148,medium_121_250,0.6141910604499925,0.38580893955000756,0,uncertain,True,correct
char_tfidf,true_1441,1441,0,real,A është Nicki Minaj shtatzënë!,107,short_61_120,0.9655106745663773,0.03448932543362266,0,likely_real,True,correct
char_tfidf,true_1450,1450,0,real,Stërvitja e parë e Valon Berishës te Reims,88,short_61_120,0.4590247803796331,0.5409752196203669,1,uncertain,False,false_positive
char_tfidf,true_1451,1451,0,real,"Hoti e Hyseni presin në takim ambasadorët e QUINT-it, flasin për dialogun me Serbinë",218,medium_121_250,0.9673565961997785,0.03264340380022142,0,likely_real,True,correct
char_tfidf,true_1454,1454,0,real,Çavuşoğlu: Ajasofja është çështje e sovranitetit të Turqisë,188,medium_121_250,0.9731121766351658,0.026887823364834154,0,likely_real,True,correct
char_tfidf,true_1461,1461,0,real,"8 të vdekur nga koronavirusi brenda ditës në Kosovë, shkon në 177 numri i përgjithshëm i viktimave",65,short_61_120,0.7248713203758632,0.27512867962413673,0,likely_real,True,correct
char_tfidf,true_1465,1465,0,real,Lëngu i qepës së kuqe/ Kura natyrale për stomakun dhe alergjitë,340,long_gt_250,0.6712062274894357,0.3287937725105643,0,uncertain,True,correct
char_tfidf,true_1466,1466,0,real,"Bilanci i pandemisë në botë, mbi 16 milionë raste me COVID-19",283,long_gt_250,0.9969928405361816,0.0030071594638183983,0,likely_real,True,correct
char_tfidf,true_1473,1473,0,real,"Certifikohen rezultatet zgjedhore, shqiptarët me 32 mandate në Kuvendin e Maqedonisë së Veriut",112,short_61_120,0.45298199682220563,0.5470180031777944,1,uncertain,False,false_positive
char_tfidf,true_1474,1474,0,real,Turqia reagon kundër djegies së flamurit turk në Greqi,341,long_gt_250,0.9708151169936245,0.029184883006375464,0,likely_real,True,correct
char_tfidf,true_1475,1475,0,real,Policia izraelite arreston 3 fëmijë palestinezë në Kuds,129,medium_121_250,0.6499037299455914,0.35009627005440863,0,uncertain,True,correct
char_tfidf,true_1484,1484,0,real,Ndihma humanitare botërore e Turqisë përbën 26 për qind në vitin 2019,754,long_gt_250,0.9864868819105035,0.01351311808949647,0,likely_real,True,correct
char_tfidf,true_1488,1488,0,real,Breshka e detit e ndjekur nga shkencëtarët turq përmes satelitit përshkoi 5.500 kilometra për një vit,339,long_gt_250,0.9599226274091706,0.040077372590829406,0,likely_real,True,correct
char_tfidf,true_1492,1492,0,real,Vdes nga koronavirusi një 66-vjeçare në Spitalin e Pejës,203,medium_121_250,0.9775243651587449,0.022475634841255143,0,likely_real,True,correct
char_tfidf,true_1498,1498,0,real,"Isa Mustafa përkrah fuqishëm ndërtimin e Xhamisë, dënon protestën: Të krenohemi që jemi muslimanë",349,long_gt_250,0.9603501775412807,0.03964982245871924,0,likely_real,True,correct
char_tfidf,true_1503,1503,0,real,"Edhe 5 të vdekur nga Covid-19 në Kosovë, numri i përgjithshëm 144",111,short_61_120,0.996775092321276,0.003224907678723926,0,likely_real,True,correct
char_tfidf,true_1511,1511,0,real,Nisin hetimet ndaj TikTok në Australi,178,medium_121_250,0.9000307027552318,0.09996929724476825,0,likely_real,True,correct
char_tfidf,true_1513,1513,0,real,"“Vrisni një serb e ne do të vrasim 100 myslimanë”, Kurti kujton deklaratën famëkeqe të Vuçiqit",256,long_gt_250,0.2970232066167394,0.7029767933832606,1,likely_fake,False,false_positive
char_tfidf,true_1519,1519,0,real,Sot pritet fillimi i testimeve serologjike për koronavirus,227,medium_121_250,0.9962743380894987,0.0037256619105012286,0,likely_real,True,correct
char_tfidf,true_1531,1531,0,real,"Gjashtë nivelet në të cilat shfaqet koronavirusi, simptomat dhe pacientët më të rrezikuar",422,long_gt_250,0.7932277358124498,0.20677226418755026,0,likely_real,True,correct
char_tfidf,true_1533,1533,0,real,Apeli i IKSHPK-së: Mbani maskat dhe distancën fizike,399,long_gt_250,0.9971510770115897,0.002848922988410326,0,likely_real,True,correct
char_tfidf,true_1538,1538,0,real,Vdes gjyqtari Shashivar Hoti,115,short_61_120,0.8666982809831558,0.1333017190168442,0,likely_real,True,correct
char_tfidf,true_1542,1542,0,real,Shënohen edhe dy vdekje nga Covid-19 në Kosovë,177,medium_121_250,0.9763301618898615,0.02366983811013848,0,likely_real,True,correct
char_tfidf,true_1544,1544,0,real,Kur pritet t’u mundësohet qytetarëve tërheqja e parave nga Trusti?,209,medium_121_250,0.9655883302548167,0.03441166974518324,0,likely_real,True,correct
char_tfidf,true_1545,1545,0,real,​Apeli i IKSHPK-së: Vazhdoni të mbani distancën fizike dhe maskat,441,long_gt_250,0.9963283448616161,0.0036716551383839035,0,likely_real,True,correct
char_tfidf,true_1547,1547,0,real,"Hoti deklarohet pas takimit me Vuçiq: Kemi bërë progres, besojmë në partnerët ndërkombëtarë",172,medium_121_250,0.9538034610485192,0.046196538951480806,0,likely_real,True,correct
char_tfidf,true_1551,1551,0,real,Kurti: Me qeverinë koti kriminelët dolën nga skutat,408,long_gt_250,0.9946012820707913,0.005398717929208638,0,likely_real,True,correct
char_tfidf,true_1552,1552,0,real,"Specialja e nis intervistimin, Presidenti nuk deklarohet për media",203,medium_121_250,0.7466875271797291,0.253312472820271,0,likely_real,True,correct
char_tfidf,true_1556,1556,0,real,"Shqipëri, vazhdon rritja e rasteve me koronavirus",137,medium_121_250,0.9989902086958572,0.0010097913041427877,0,likely_real,True,correct
char_tfidf,true_1557,1557,0,real,Maqedoni: Shqiptarët me 32 deputetë në Parlamentin,211,medium_121_250,0.9148158508810463,0.08518414911895371,0,likely_real,True,correct
char_tfidf,true_1563,1563,0,real,Kosova e para në Evropë për raste të reja me COVID-19 në dy javët e fundit,214,medium_121_250,0.9936935510679493,0.006306448932050731,0,likely_real,True,correct
char_tfidf,true_1564,1564,0,real,"Fillon ndërtimi i Xhamisë së Madhe në Prishtinë, Tërnava uron besimtarët",107,short_61_120,0.8070244323959519,0.19297556760404808,0,likely_real,True,correct
char_tfidf,true_1567,1567,0,real,"Policia mas 2 muajsh hetime zbulon 20 kg marihuanë, në pranga 5 persona",301,long_gt_250,0.9971434265165697,0.002856573483430265,0,likely_real,True,correct
char_tfidf,true_1568,1568,0,real,Vaksina kundër COVID-19 e testuar tek njerëzit tregon shenja të hershme të suksesit,277,long_gt_250,0.9874530554240856,0.012546944575914444,0,likely_real,True,correct
char_tfidf,true_1569,1569,0,real,Dita e tretë e intervistimit të presidentit Thaçi në Hagë,163,medium_121_250,0.5494081887678036,0.4505918112321964,0,uncertain,True,correct
char_tfidf,true_1574,1574,0,real,Në SHSKUK po trajtohen 268 pacientë me Covid-19,154,medium_121_250,0.9881754552208717,0.01182454477912834,0,likely_real,True,correct
char_tfidf,true_1593,1593,0,real,Fillon seanca e Kuvendit ku kryeministri Hoti do të raportojë para takimit të Uashingtonit,221,medium_121_250,0.9816592131783357,0.01834078682166424,0,likely_real,True,correct
char_tfidf,true_1594,1594,0,real,"Shqipëri, një i vdekur dhe 53 raste të reja me COVID-19",169,medium_121_250,0.9994414852473668,0.000558514752633194,0,likely_real,True,correct
char_tfidf,true_1601,1601,0,real,Messi i gatshëm për ndeshjen e sotme ndaj Mallorcas,128,medium_121_250,0.8863829047453589,0.11361709525464117,0,likely_real,True,correct
char_tfidf,true_1606,1606,0,real,Isa Mustafa: Atakimi i familjes së Vjosa Osmanit është neveritës,162,medium_121_250,0.7004772508292137,0.29952274917078625,0,likely_real,True,correct
char_tfidf,true_1609,1609,0,real,Thaçi reagon pas votimit të qeverisë: Ditë e rëndësishme për demokracinë,156,medium_121_250,0.9673306339945538,0.03266936600544623,0,likely_real,True,correct
char_tfidf,true_1610,1610,0,real,Kuvendi votoi Qeverinë Hoti,44,very_short_le_60,0.899102233871847,0.100897766128153,0,likely_real,True,correct
char_tfidf,true_1611,1611,0,real,Wuhan-i “kryen me sukses” testimin e popullsisë për koronavirus,147,medium_121_250,0.9440574709121594,0.05594252908784053,0,likely_real,True,correct
char_tfidf,true_1613,1613,0,real,​Kryesia e Kuvendit sot vendos datën e seancës për votimin e Qeverisë Hoti,108,short_61_120,0.9484692344959398,0.05153076550406022,0,likely_real,True,correct
char_tfidf,true_1616,1616,0,real,Një i prekur me koronavirus në Infektivë në gjendje të rëndë,105,short_61_120,0.9223472116602884,0.07765278833971154,0,likely_real,True,correct
char_tfidf,true_1619,1619,0,real,"Mbi 2,3 milionë të shëruar nga COVID-19 në mbarë botën",109,short_61_120,0.9074112431740422,0.09258875682595784,0,likely_real,True,correct
char_tfidf,true_1622,1622,0,real,Mbi 12 mijë teste për COVID-19 në Kosovë,102,short_61_120,0.9938352731722738,0.006164726827726219,0,likely_real,True,correct
char_tfidf,true_1624,1624,0,real,Klopp thotë se Liverpooli do të jetë i gatshëm për rikthimin e lojës së bukur,223,medium_121_250,0.9621721536533246,0.03782784634667538,0,likely_real,True,correct
char_tfidf,true_1625,1625,0,real,"Britani, qentë do të trajnohen për të diagnostikuar personat me COVID-19",269,long_gt_250,0.9286775202892515,0.0713224797107485,0,likely_real,True,correct
char_tfidf,true_1641,1641,0,real,​17 milionë raste me COVID-19 në botë,100,short_61_120,0.8832295939525607,0.11677040604743923,0,likely_real,True,correct
char_tfidf,true_1647,1647,0,real,Sekuestrohen mbi 40 armë në një operacion në Prishtinë,139,medium_121_250,0.9914129114183239,0.008587088581676082,0,likely_real,True,correct
char_tfidf,true_1648,1648,0,real,Qeveria nuk u konsultua me KOK-un për ndalimin e aktiviteteve sportive,518,long_gt_250,0.999150615309894,0.0008493846901059645,0,likely_real,True,correct
char_tfidf,true_1653,1653,0,real,​Veliu thotë se VV-ja pati tendenca që të pamundësohet raportimi në Komision,279,long_gt_250,0.9822115529968479,0.017788447003152023,0,likely_real,True,correct
char_tfidf,true_1655,1655,0,real,Janë bërë të ditura nominimet e shpërblimeve “Emmy”,304,long_gt_250,0.9256486254646422,0.0743513745353578,0,likely_real,True,correct
char_tfidf,true_1659,1659,0,real,Numër i vogël në pelegrinazhin e sivjetmë në Haxh,238,medium_121_250,0.9726489806197289,0.027351019380271117,0,likely_real,True,correct
char_tfidf,true_1660,1660,0,real,Finalja e Kupës – për një fund me dinjitet të edicionit të vështirë,716,long_gt_250,0.9967157112657883,0.0032842887342116943,0,likely_real,True,correct
char_tfidf,true_1665,1665,0,real,Partitë shqiptare në Mal të Zi garojnë të ndara në zgjedhjet parlamentare,267,long_gt_250,0.8206917753813996,0.1793082246186004,0,likely_real,True,correct
char_tfidf,true_1667,1667,0,real,Mbretëria e Bashkuar largon Spanjën nga lista e udhëtimeve,189,medium_121_250,0.9303752543866497,0.0696247456133503,0,likely_real,True,correct
char_tfidf,true_1674,1674,0,real,Ish-ministri i Shëndetësisë: E pafalshme që kjo situatë abnormale të trajtohet si normale nga Qeveria,316,long_gt_250,0.9959114428003296,0.004088557199670337,0,likely_real,True,correct
char_tfidf,true_1675,1675,0,real,Leron Kurteshi sjell stilin urban në muzikë,135,medium_121_250,0.8951435738178883,0.1048564261821117,0,likely_real,True,correct
char_tfidf,true_1676,1676,0,real,Zvicra njofton për 132 raste të reja me COVID-19 e tre të vdekur,118,short_61_120,0.9952428824232729,0.00475711757672718,0,likely_real,True,correct
char_tfidf,true_1687,1687,0,real,Me rigon kundër infeksioneve dhe problemeve me fytin,307,long_gt_250,0.7716821077445173,0.22831789225548269,0,likely_real,True,correct
char_tfidf,true_1692,1692,0,real,"Bazeli, vendi ku lindi shkenca e halucinacioneve",569,long_gt_250,0.9475733830745683,0.052426616925431664,0,likely_real,True,correct
char_tfidf,true_1697,1697,0,real,"Katër gola në dy ndeshje, Ademi tregon sekretin e kthimit në formë",220,medium_121_250,0.9300935706181361,0.06990642938186381,0,likely_real,True,correct
char_tfidf,true_1698,1698,0,real,Rreth 200 shtretër kanë mbetur në dispozicion për trajtim të pacientëve me COVID-19,226,medium_121_250,0.9976336467159992,0.002366353284000839,0,likely_real,True,correct
char_tfidf,true_1700,1700,0,real,Këshilltari kryesor i Trumpit del pozitiv në COVID-19,115,short_61_120,0.8633170086838937,0.13668299131610628,0,likely_real,True,correct
char_tfidf,true_1711,1711,0,real,Grupi “3 Doors Down” do ta lansojë këngën e parë në pesë vjetët e fundit,345,long_gt_250,0.9857695509448265,0.01423044905517347,0,likely_real,True,correct
char_tfidf,true_1714,1714,0,real,Konfiskime të armëve në ahengje,145,medium_121_250,0.9839338718084257,0.016066128191574273,0,likely_real,True,correct
char_tfidf,true_1720,1720,0,real,Java e fundit e korrikut me mot të nxehtë,148,medium_121_250,0.9901211978114979,0.009878802188502069,0,likely_real,True,correct
char_tfidf,true_1729,1729,0,real,Në Fushë-Kosovë dyshohet se djali vrau babanë,174,medium_121_250,0.9743317153676053,0.02566828463239472,0,likely_real,True,correct
char_tfidf,true_1730,1730,0,real,Simptomat e COVID-19 ndahen në gjashtë grupe sipas një studimi,401,long_gt_250,0.8838918412364076,0.11610815876359232,0,likely_real,True,correct
char_tfidf,true_1732,1732,0,real,​Ekzekutohen pagesat e pakos emergjente për masën 3a për 7241 përfitues,83,short_61_120,0.9552553935595482,0.04474460644045174,0,likely_real,True,correct
char_tfidf,true_1737,1737,0,real,"Buxhovi: LDK-së i duhen reforma, Osmani duhet të qëndrojë",2091,long_gt_250,0.9987448551579319,0.0012551448420680769,0,likely_real,True,correct
char_tfidf,true_1738,1738,0,real,Shpërblehen sekretarët që ia punësuan renë Mustafës dhe dhëndrin Limajt,302,long_gt_250,0.9608853347934688,0.03911466520653118,0,likely_real,True,correct
char_tfidf,true_1740,1740,0,real,Konsiderohet e dëmshme rizgjedhja e Thaçit edhe për një mandat,179,medium_121_250,0.7909965586465686,0.20900344135343135,0,likely_real,True,correct
char_tfidf,true_1742,1742,0,real,"Vuçiqi takohet me Lajçakun, pranon se temat janë të dhimbshme dhe se kompromisi nuk është i lehtë",339,long_gt_250,0.9506713760997978,0.04932862390020225,0,likely_real,True,correct
char_tfidf,true_1746,1746,0,real,Haradinaj ia kishte ndarë Mustafës mbi 24 mijë euro në emër të pagës retroaktive,340,long_gt_250,0.8913290135922305,0.10867098640776947,0,likely_real,True,correct
char_tfidf,true_1755,1755,0,real,Tayna u ndërton shtëpi të re prindërve të saj,188,medium_121_250,0.9341808817637949,0.06581911823620515,0,likely_real,True,correct
char_tfidf,true_1757,1757,0,real,Qeveria mbulon shpenzimet e Kartonit të Gjelbër për bashkatdhetarët deri në fund të këtij viti,268,long_gt_250,0.992017665793498,0.007982334206501988,0,likely_real,True,correct
char_tfidf,true_1767,1767,0,real,"Hoti: Kemi hyrë në valën e dytë të pandemisë COVID-19, të aktivizohet Plani i reagimit kombëtar",263,long_gt_250,0.9991529747442995,0.0008470252557005036,0,likely_real,True,correct
char_tfidf,true_1768,1768,0,real,Qeveria ndan nga 300 euro për mantelbardhët,118,short_61_120,0.9923866462422185,0.007613353757781442,0,likely_real,True,correct
char_tfidf,true_1783,1783,0,real,"Khabib – Gaethje, caktohet përfundimisht data për meçin e zjarrtë",123,medium_121_250,0.910170881096583,0.08982911890341706,0,likely_real,True,correct
char_tfidf,true_1785,1785,0,real,"​Ndalohen të gjitha veprimtaritë fetare, nuk lejohet as therja e kafshëve në shtëpi",161,medium_121_250,0.7887641922674229,0.2112358077325771,0,likely_real,True,correct
char_tfidf,true_1790,1790,0,real,Gazmend Gjyshinca: Kujtim Shala dhe Arben Gashi më ngrehen nga krahu dhe më thanë budalla,352,long_gt_250,0.9944739551937216,0.0055260448062783955,0,likely_real,True,correct
char_tfidf,true_1795,1795,0,real,Fauci thotë se përgjigja mbi vaksinën për COVID-19 mund të vijë në ‘tetor ose nëntor’,245,medium_121_250,0.9468950281063223,0.05310497189367774,0,likely_real,True,correct
char_tfidf,true_1799,1799,0,real,Një grua në TikTok ndau një truk që ndihmon për gjetjen e xhinseve të duhura,234,medium_121_250,0.9008843336994251,0.09911566630057493,0,likely_real,True,correct
char_tfidf,true_1804,1804,0,real,"Lëvoret e shalqirit, të mbushura me produkte ushqyese",219,medium_121_250,0.876378336341402,0.1236216636585979,0,likely_real,True,correct
char_tfidf,true_1811,1811,0,real,Deputetja Eliza Hoxha rrëfen përvojën dhe betejën me COVID-19,657,long_gt_250,0.9983777157302951,0.0016222842697049108,0,likely_real,True,correct
char_tfidf,true_1814,1814,0,real,Ish-lojtari i Ballkanit ndërron jetë nga COVID-19,156,medium_121_250,0.9958588771603655,0.004141122839634482,0,likely_real,True,correct
char_tfidf,true_1815,1815,0,real,"Qeveria me masa të reja për kopshtet, gastronominë e fusha tjera",130,medium_121_250,0.9888117415277139,0.011188258472286123,0,likely_real,True,correct
char_tfidf,true_1819,1819,0,real,"Shkretëtira shndërrohet në varrezë, skena rrëqethëse nga Iraku",220,medium_121_250,0.9473035440230799,0.05269645597692006,0,likely_real,True,correct
char_tfidf,true_1820,1820,0,real,"Ka filluar të mbahet gara robotikës “First Global Challenge”, Kosova kryeson në listë",163,medium_121_250,0.7062815684624528,0.2937184315375472,0,likely_real,True,correct
char_tfidf,true_1826,1826,0,real,Si lindi sfondi më i famshëm kompjuterik i të gjitha kohërave – dhe ja si duket tani vendi ku u bë fotografia,421,long_gt_250,0.986701850759843,0.01329814924015707,0,likely_real,True,correct
char_tfidf,true_1832,1832,0,real,"Kina raporton numrin më të madh të rasteve me coronavirus, që nga fundi i shpërthimit të Wuhan",170,medium_121_250,0.9844554685385126,0.01554453146148739,0,likely_real,True,correct
char_tfidf,true_1834,1834,0,real,"Gastronomët ia ‘dorëzojnë çelësat’ Qeverisë së Kosovës, kërkojnë përkrahje institucionale",170,medium_121_250,0.9821108407900719,0.017889159209928094,0,likely_real,True,correct
char_tfidf,true_1839,1839,0,real,Horoskopi javor për periudhën nga 27 korrik – 03 gusht,1619,long_gt_250,0.9935668951092763,0.006433104890723653,0,likely_real,True,correct
char_tfidf,true_1848,1848,0,real,Mustafa: Dialogu është krejtësisht politik dhe rezulton me marrëveshje politike ndërshtetërore për njohje reciproke,255,long_gt_250,0.9799595934950764,0.02004040650492353,0,likely_real,True,correct
char_tfidf,true_1853,1853,0,real,Sabri Fejzullahu përkujton veprimtarin Adem Demaçi në dyvjetorin e vdekjes së tij,141,medium_121_250,0.9190370849219565,0.08096291507804351,0,likely_real,True,correct
char_tfidf,true_1861,1861,0,real,A mund të vetëkallet më lehtë vetura që ka aparat klime?,202,medium_121_250,0.9793664832833731,0.0206335167166269,0,likely_real,True,correct
char_tfidf,true_1873,1873,0,real,DailyMail shkruan për nënën e Rita Orës: 56-vjeçarja Vera që rrëmben vëmendjen me paraqitjet e saj me bikini në plazh,245,medium_121_250,0.983789004033653,0.016210995966347026,0,likely_real,True,correct
char_tfidf,true_1874,1874,0,real,FSK blen automjete të blinduara nga Ushtria amerikane,92,short_61_120,0.7661278101465375,0.2338721898534625,0,likely_real,True,correct
char_tfidf,true_1885,1885,0,real,Çaji i zakonshëm i nenexhikut – Ilaç universal i gjyshes që vërtet është i fuqishëm!,588,long_gt_250,0.7436590058865304,0.2563409941134695,0,likely_real,True,correct
char_tfidf,true_1894,1894,0,real,Në Spitalin e Pejës dje ka vdekur një pacient me COVID-19,137,medium_121_250,0.9945565054752601,0.005443494524739953,0,likely_real,True,correct
char_tfidf,true_1898,1898,0,real,Djersitja është dukuri shumë më e ndërlikuar seç mendoni,695,long_gt_250,0.9664207418317374,0.03357925816826262,0,likely_real,True,correct
char_tfidf,true_1904,1904,0,real,Këto vende ishin model i suksesit në luftën ndaj coronavirusit – por nuk janë më!,917,long_gt_250,0.9992170108700372,0.000782989129962813,0,likely_real,True,correct
char_tfidf,true_1906,1906,0,real,"Fansi e quajti lojtar ‘shumë të mbivlerësuar’, Toni Kross i përgjigjet në mënyrë epike",281,long_gt_250,0.9794534543093476,0.020546545690652392,0,likely_real,True,correct
char_tfidf,true_1912,1912,0,real,Rastet e reja me coronavirus – 91 vetëm në Prishtinë,284,long_gt_250,0.9990510109338331,0.000948989066166901,0,likely_real,True,correct
char_tfidf,true_1913,1913,0,real,Rita Ora në lidhje serioze me Roman Gavras,133,medium_121_250,0.7628805371657004,0.2371194628342997,0,likely_real,True,correct
char_tfidf,true_1917,1917,0,real,"Dua Lipa në frymë patriotike, publikon flamurin ‘Autochthonous’ dhe kuptimin e fjalës",157,medium_121_250,0.9614950345601877,0.03850496543981226,0,likely_real,True,correct
char_tfidf,true_1920,1920,0,real,LVV reagon pas akuzave të PDK-së për Telekomin: Sejdi Hoxha i ka kushtuar Postës mbi 50 mijë euro për dy vite,385,long_gt_250,0.9802837770228072,0.019716222977192763,0,likely_real,True,correct
char_tfidf,true_1923,1923,0,real,"Shpërndau lajmin se ka vdekur Isa Mustafa, policia arreston të dyshuarin",149,medium_121_250,0.9866734320392369,0.013326567960763187,0,likely_real,True,correct
char_tfidf,true_1925,1925,0,real,Florentino Perez thotë se Benzema duhet ta fitojë Topin e Artë këtë vit,177,medium_121_250,0.9254671828500693,0.07453281714993071,0,likely_real,True,correct
char_tfidf,true_1928,1928,0,real,Përfundon takimi Hoti-Vuçiq në Bruksel,364,long_gt_250,0.9898213988778892,0.01017860112211072,0,likely_real,True,correct
char_tfidf,true_1931,1931,0,real,Magjia verore në ETC vjen me zbritje deri në 50%,292,long_gt_250,0.3882569334687572,0.6117430665312428,1,uncertain,False,false_positive
char_tfidf,true_1932,1932,0,real,Nipi i Elvis Presleyt është emri më i ri që i bashkohet listës së yjeve që nuk iu shmangën mallkimit të “Klubit 27”,435,long_gt_250,0.9918400415056178,0.008159958494382256,0,likely_real,True,correct
char_tfidf,true_1933,1933,0,real,Haradinaj: Aktakuzat ndaj Thaçit dhe Veselit janë goditje ndaj lirisë së Kosovës,431,long_gt_250,0.9235089400727506,0.0764910599272494,0,likely_real,True,correct
char_tfidf,true_1935,1935,0,real,Haradinaj: Nëse konfirmohen akuzat ndaj Thaçit e Veselit Kosova rrezikon të dëmtohet rëndë,155,medium_121_250,0.23092867337576073,0.7690713266242393,1,likely_fake,False,false_positive
char_tfidf,true_1938,1938,0,real,"Kjo është sasia e mjaftueshme e ujit, të cilin duhet ta konsumojmë për të qenë të shëndetshëm",428,long_gt_250,0.8882512944899661,0.11174870551003394,0,likely_real,True,correct
char_tfidf,true_1939,1939,0,real,Kendall Jenner vë në pah të pasmet në imazhet e fundit me të brendshme,153,medium_121_250,0.9815574392600745,0.01844256073992548,0,likely_real,True,correct
char_tfidf,true_1951,1951,0,real,Jakupi: Edhe Kosova do të bëjë përpjekje për të siguruar disa doza të ilaçit që trajton pacientët me COVID-19,212,medium_121_250,0.968552296211004,0.03144770378899599,0,likely_real,True,correct
char_tfidf,true_1960,1960,0,real,Ledri Vula rrëfen historinë me Sara Hoxhën dhe planet për t’u bërë baba,305,long_gt_250,0.9783230885685256,0.021676911431474398,0,likely_real,True,correct
char_tfidf,true_1963,1963,0,real,Sadio Mane mezi ka pritur të rifillojë Liga Premier – senegalezi harroi se duhet gjunjëzuar në shenjë nderimi për “Black Lives Matter”,170,medium_121_250,0.9596731133004515,0.040326886699548516,0,likely_real,True,correct
char_tfidf,true_1966,1966,0,real,Viola von Cramon shpreson se kosovarëve do t’iu hiqen vizat kur Gjermania ta marrë Presidencën,205,medium_121_250,0.345166270335467,0.654833729664533,1,uncertain,False,false_positive
char_tfidf,true_1967,1967,0,real,Vuçiq: Nga Lavrovi pranova informata shqetësuese për çështjen e Kosovës,142,medium_121_250,0.8711117508784727,0.12888824912152724,0,likely_real,True,correct
char_tfidf,true_1979,1979,0,real,WhatsApp do t’ju lejojë të përdorni të njëjtën llogari deri në katër pajisje,92,short_61_120,0.9071304566328308,0.09286954336716928,0,likely_real,True,correct
char_tfidf,true_1982,1982,0,real,"Labinot Tahiri reagon i revoltuar: Kjo është një gënjeshtër, le të më dërgojnë në burg mua dhe gjithë estradën",216,medium_121_250,0.9379554322381265,0.06204456776187352,0,likely_real,True,correct
char_tfidf,true_1988,1988,0,real,Konjufca: Mustafa përsëri do t’ia bëjë votat Thaçit për president,217,medium_121_250,0.48507541620877426,0.5149245837912257,1,uncertain,False,false_positive
char_tfidf,true_1991,1991,0,real,"Kylie Jenner etiketohet si raciste, kryqëzohet nga fansat pasi vetëm 13 për qind e punonjësve në markën e saj janë njerëz me ngjyrë",272,long_gt_250,0.8816083963362538,0.11839160366374621,0,likely_real,True,correct
char_tfidf,fake_24,24,1,fake,"Askush Nuk Po E Besonte Që Kjo Ka’fshë Është Në Këtë Vend, Banorët Janë Mbledhur Dhe… VIDEO",66,short_61_120,0.0015822002771553878,0.9984177997228446,1,likely_fake,True,correct
char_tfidf,fake_30,30,1,fake,Vallëzimi I Nuses Në Dasmën E Saj Po Mahnitë Të Gjithë Në Rrjetet Sociale,72,short_61_120,0.06443102196989048,0.9355689780301095,1,likely_fake,True,correct
char_tfidf,fake_31,31,1,fake,"Babai Merr Dy Ditë Leje Për Lindjen E Fëmijes, Kur Papritur I Vjen Nje Mesazh Nga Shefi I Tij Që E Lë Pa M,End",112,short_61_120,0.06884462718993478,0.9311553728100652,1,likely_fake,True,correct
char_tfidf,fake_33,33,1,fake,Njihuni Me Shqiptarën E Parë Që U Bë Milionere Me Bitcoin (FOTO),213,medium_121_250,0.5628428686785119,0.4371571313214881,0,uncertain,False,false_negative
char_tfidf,fake_45,45,1,fake,"Nisi Procesi Për Punë Sezonale Në Itali, Ja Sa Shqiptarë Mund Të Përfitojnë Punë Bashkë Me Leje Qëndrimi",78,short_61_120,0.20302357036743202,0.796976429632568,1,likely_fake,True,correct
char_tfidf,fake_46,46,1,fake,"Rasti i rralle qe emocjonoi gjithe boten,i biri pa duar ushqen nenen e paralizuar (Video)",107,short_61_120,0.006762803577530341,0.9932371964224697,1,likely_fake,True,correct
char_tfidf,fake_50,50,1,fake,EKSLUZIVE:Rasheli Tregon Pa Dorashka Arsyen Pse U Largua Nga Ermali “Ai Me Ngacmonte Dhe …”,94,short_61_120,0.0009462259560728548,0.9990537740439271,1,likely_fake,True,correct
char_tfidf,fake_57,57,1,fake,Soda Del Jasht “Loje” Ky Eshte Perberesi I Cili Do Te Sheroj Lukthin Tuaj Ne Vetem Pak Dite,188,medium_121_250,0.5151527472624324,0.48484725273756757,0,uncertain,False,false_negative
char_tfidf,fake_60,60,1,fake,"Po na përlot me rolin e saj! Flet Ejlyli, tregon të pathënat e jetës së saj: U bëra…",99,short_61_120,0.009806737464864823,0.9901932625351352,1,likely_fake,True,correct
char_tfidf,fake_64,64,1,fake,"Mbani Lotët! Vajza E Zbulon Pak Para Dasmës Që I Fejuari Ia Kishte Dredhur, Më Pas Ia Bën…",75,short_61_120,0.001874163032375864,0.9981258369676241,1,likely_fake,True,correct
char_tfidf,fake_66,66,1,fake,Gazetarja E Njohur Rrëfen Ëndrrën Me Edi Ramën Gjatë Karantinës: Më Ka… (Video),107,short_61_120,0.006653358149929178,0.9933466418500708,1,likely_fake,True,correct
char_tfidf,fake_68,68,1,fake,"Ata Duheshin Shumë, Por Babai I Saj Nuk Ja Jepte Për Grua Edhe Pse Ajo Mbeti Shtatëzanë. Ajo Që Ndodhi 56 Vite Më Vonë Do T’ju Përlotë…",121,medium_121_250,0.0030300455763656586,0.9969699544236343,1,likely_fake,True,correct
char_tfidf,fake_70,70,1,fake,"BE Përshëndet Miratimin E ‘5 Qershorit’, Apeli I Sorecës: Mos Dëmtoni Frymën E Reformës Zgjedhore",93,short_61_120,0.0568919816619059,0.9431080183380941,1,likely_fake,True,correct
char_tfidf,fake_71,71,1,fake,"“T Ërmeti I Madh Do Ndryshojë Tokën, Kontinentet Do Ndahen Përgjysmë”, A Larmi I Shkencëtarit",118,short_61_120,0.0036128795316768825,0.9963871204683231,1,likely_fake,True,correct
char_tfidf,fake_74,74,1,fake,"Gezim I Madh Ne Familjen E Shkurte Fejzes, Ja Qfare Ndodhi ..",90,short_61_120,0.007410798155696896,0.9925892018443031,1,likely_fake,True,correct
char_tfidf,fake_77,77,1,fake,Kush Është Kjo Gruaja Që Sot Protestoi Dhe Tha:Do Ta Tuboj Popullaten Nuk Ka Ndërtim Të Xhamisë,120,short_61_120,0.02211463888953691,0.9778853611104631,1,likely_fake,True,correct
char_tfidf,fake_79,79,1,fake,"Plas Sh Erri Brenda Familjes Miliardere, Motra Urdhëron “Vr Ásjen” E Të Vëllait",132,medium_121_250,0.03781717777760285,0.9621828222223971,1,likely_fake,True,correct
char_tfidf,fake_100,100,1,fake,Bëhet Baba Në Moshën 92-Vjeçare Dhe Ai Deshiron Qe Ta…,75,short_61_120,0.019063055756830316,0.9809369442431697,1,likely_fake,True,correct
char_tfidf,fake_101,101,1,fake,"Nuk Është Parë As Dëgjuar Ndonjëherë, Nëna Lind Fëmijën Dhe Pas 2 Ditësh Merr Lajmin Që Nuk E Priste Kurrë",163,medium_121_250,0.3554302789198286,0.6445697210801714,1,uncertain,True,correct
char_tfidf,fake_112,112,1,fake,"Ekskluzive: Shitet urgjent Golf 5, Çmimi 2600 Euro, pres blers serioz (Foto/Video)",90,short_61_120,0.0004342417102872753,0.9995657582897127,1,likely_fake,True,correct
char_tfidf,fake_116,116,1,fake,"Para Me Thasë, SHTETl Ku Paraja Nuk Ka Asnjë VIerë",96,short_61_120,0.0047383604080639685,0.995261639591936,1,likely_fake,True,correct
char_tfidf,fake_121,121,1,fake,"Rasti i rralle qe emocjonoi gjithe boten,i biri pa duar ushqen nenen e paralizuar (Video)",109,short_61_120,0.005685474454157791,0.9943145255458422,1,likely_fake,True,correct
char_tfidf,fake_124,124,1,fake,"Flet Nga SHBA Mjeku Per Shqiperine: Vjeshta Do Jete E Tm.Errshme, Ja Çdo Të Ndodhë",95,short_61_120,0.0013689943906237678,0.9986310056093762,1,likely_fake,True,correct
char_tfidf,fake_125,125,1,fake,"U Nda Nga Eros Grezda/ Oriola Marashi E Zevendeson Menjehere, Me Ke Po I Kalon Pushimet Bukuroshja",100,short_61_120,0.001427990836410653,0.9985720091635893,1,likely_fake,True,correct
char_tfidf,fake_129,129,1,fake,"Kapi Peshkun, Por Burri U Sho Kua Nga Ajo Se Çfarë I Gjeti Në Stomak",155,medium_121_250,0.013794232408167684,0.9862057675918323,1,likely_fake,True,correct
char_tfidf,fake_136,136,1,fake,Si të bëheni milioner për 2020-ën/ 6 tradita për të sjellë fatin e mirë për Vitin e Ri (FOTO),85,short_61_120,0.23860624207923153,0.7613937579207685,1,likely_fake,True,correct
char_tfidf,fake_163,163,1,fake,"E fundit! Shtrohet ne spital nga koronavirusi biznesmeni dhe deputeti i PS-së,",87,short_61_120,0.007136304425931828,0.9928636955740682,1,likely_fake,True,correct
char_tfidf,fake_164,164,1,fake,Vetëm 11 Ditësh Dhe Me Dhëmbë? ‘Zbulohet’ E Vërteta E Videos Që Po ‘Çmend’ Rrjetin (Video),73,short_61_120,0.0005862104495414355,0.9994137895504586,1,likely_fake,True,correct
char_tfidf,fake_169,169,1,fake,Përse Nuk Duhet Të Kaloni Natën Pranë Varrezave…,98,short_61_120,0.009705968548394894,0.9902940314516051,1,likely_fake,True,correct
char_tfidf,fake_174,174,1,fake,"E FUNDIT:Publikohen Pamjet EKSLUZIVE Endrit Thaçi, Djali I Presidenti Blen Veturë 35 Mijë Euro Populli Ska Buk Me Honger",97,short_61_120,0.0005194517216433603,0.9994805482783566,1,likely_fake,True,correct
char_tfidf,fake_176,176,1,fake,"TURP!! 3 mijë euro për një nuse, si i shiten vajzat Shqiptarëve burrave Serbë",107,short_61_120,0.0006778961076725487,0.9993221038923275,1,likely_fake,True,correct
char_tfidf,fake_186,186,1,fake,"LAJMI I FUNDIT: Gjërat ”rrotulluan” krejtësisht, prishet ”loja” LDK-VV – Kush e bëri këtë?",76,short_61_120,0.0014954893533066782,0.9985045106466933,1,likely_fake,True,correct
char_tfidf,fake_189,189,1,fake,Super lajm nga Zvicra – Shqiptarja lind gjashtënjakë por do te Çmendeni se Çfarë i ofroj shteti,114,short_61_120,0.009257241973642416,0.9907427580263576,1,likely_fake,True,correct
char_tfidf,fake_195,195,1,fake,Shitet Iphone X cmimi vetem 200 euro nxito sasi e limituar,66,short_61_120,0.001975856411217447,0.9980241435887826,1,likely_fake,True,correct
char_tfidf,fake_197,197,1,fake,"Ka 3 adresa Facebook-u per tu shkruar te dashurave, gruaja i nxjerr ‘bojën’ burrit! Por Ardit Gjebrea i ben ate qe nuk e priste",95,short_61_120,0.005295858905304374,0.9947041410946956,1,likely_fake,True,correct
char_tfidf,fake_204,204,1,fake,"Është Vetëm 8-Muajshe, Por Ka Diçka Të Veçantë Që Askush Nuk E Beson Se Është Ajo",98,short_61_120,0.0018576735725133187,0.9981423264274867,1,likely_fake,True,correct
char_tfidf,fake_211,211,1,fake,Kos apo qumësht? Ky është ideali për mëngjes dhe do jeni me energji gjithë ditën,71,short_61_120,0.00852731784108085,0.9914726821589191,1,likely_fake,True,correct
char_tfidf,fake_212,212,1,fake,"Babai i saj trim u nda nga jeta 22 vite më parë, këngëtarja shqiptare të prek në shpirt me fjalët",118,short_61_120,0.05966596804319291,0.9403340319568071,1,likely_fake,True,correct
char_tfidf,fake_213,213,1,fake,"Mjellma ng.ordh nga “ze mra e th.yèr”, adoIeshentët i th.yen vezèt e saj me tuIIa",142,medium_121_250,0.047009551659636384,0.9529904483403636,1,likely_fake,True,correct
char_tfidf,fake_219,219,1,fake,"VIDEO EKSLUZIVE:Kevina Kthella Ngre Temperaturat, Shëtit Me Mbathje Në Rrugë Pa Komplekse Dhe Cmend Te Rinjte Dhe Pleqtë",94,short_61_120,0.05832899115325185,0.9416710088467481,1,likely_fake,True,correct
char_tfidf,fake_221,221,1,fake,Shikojeni me çfarë deklarate vjen tani Naim Abazi për Mihrijën! (PAMJE),82,short_61_120,0.1186711275589476,0.8813288724410524,1,likely_fake,True,correct
char_tfidf,fake_232,232,1,fake,"Koronavirusi/ “Kjo situatë mund të zgjasë deri në 3 vjet”, kryeministri Rama “befason” që të gjithë",150,medium_121_250,0.16111456155381876,0.8388854384461812,1,likely_fake,True,correct
char_tfidf,fake_234,234,1,fake,"Anulohen dasmat e muajit gusht, ja çfarë do ndodhë me dasmat !?",156,medium_121_250,0.49259838756655294,0.5074016124334471,1,uncertain,True,correct
char_tfidf,fake_238,238,1,fake,"Dëgjonte zhurma në tavan, por aty sipër gjen një “thesar” të vërtetë (FOTO)",79,short_61_120,0.048752156324777696,0.9512478436752223,1,likely_fake,True,correct
char_tfidf,fake_240,240,1,fake,E kush nuk e njeh kete lule? Ajo sheron sem undje qe ju as qe i coni neper mend,84,short_61_120,0.04883573409047259,0.9511642659095274,1,likely_fake,True,correct
char_tfidf,fake_248,248,1,fake,"Këngëtarja Shqiptare Merr Masa Për Pastërti, Fut Nën Ujë Edhe Celularin!",92,short_61_120,0.06874727804406455,0.9312527219559354,1,likely_fake,True,correct
char_tfidf,fake_252,252,1,fake,Nxirrni jargë teksa flini ? Kjo shenjë tregon që ju vuani nga një sëm undje e cila prek…(VIDEO),189,medium_121_250,0.014879922628536546,0.9851200773714635,1,likely_fake,True,correct
char_tfidf,fake_255,255,1,fake,KUJDES: Këtë Vendim Të Policisë Së Kosovës Duhet Ta Dini Të Gjithë!,105,short_61_120,0.05961246483367799,0.940387535166322,1,likely_fake,True,correct
char_tfidf,fake_257,257,1,fake,Nga Ilaçet Te Recetat Në Shtëpi: Si Mund Të Trajtohet Humbja E Nuhatjes,87,short_61_120,0.02656158826342614,0.9734384117365739,1,likely_fake,True,correct
char_tfidf,fake_262,262,1,fake,Do u rrëqethet mishi nga kjo histori! Kjo shqiptare u martua në moshën 15-vjeçare e humbi 7 fëmijë: Jam..,106,short_61_120,0.003715017311777924,0.9962849826882221,1,likely_fake,True,correct
char_tfidf,fake_267,267,1,fake,NJlHUNl me artistin korean që po “truIIos” botën me veprat e tij,81,short_61_120,0.011916803817272115,0.9880831961827279,1,likely_fake,True,correct
char_tfidf,fake_271,271,1,fake,"VIDEO:‘Noizy E Liroi Nga B Urgu, E Takonte Në Fushë Krujë’/ Klodiana Lala Zbulon Cfare Ndodhi Ne Va Rrimin E Hekuran Billës: Morën Pjesë Edhe Emra Të Botës Së K Rimit",92,short_61_120,0.009168289626502846,0.9908317103734972,1,likely_fake,True,correct
char_tfidf,fake_276,276,1,fake,"Pasanikët Po Ikin Nga Coronavirusi, Po Futen Nën Tokë – Apartamenti Më I Lirë Në Bunker Kushton Një Milion Dollarë",102,short_61_120,0.01668009565366102,0.983319904346339,1,likely_fake,True,correct
char_tfidf,fake_282,282,1,fake,“Jam e tro.nditur…”. Eni Çobanit indodh e papritura: Ti duhet të dish dhe ha.llin tim,91,short_61_120,0.0020750571667700335,0.99792494283323,1,likely_fake,True,correct
char_tfidf,fake_290,290,1,fake,EPABESUESHME : Dy djem gropojnë një vend por shikoni cfar nxjerrin ..,67,short_61_120,0.0029120806468596605,0.9970879193531403,1,likely_fake,True,correct
char_tfidf,fake_298,298,1,fake,"Shkoi për pushime në Shëngjin, Ja çka i ndodhi 34 vjeçarit nga Kosova",66,short_61_120,0.06882510348532334,0.9311748965146767,1,likely_fake,True,correct
char_tfidf,fake_299,299,1,fake,Lista Serbe për Vjosa Osmanin: Ti moj Vjosa na ndoqe në korridor për t’i dhënë votat për kryetare të Kuvendit,163,medium_121_250,0.2350899941761544,0.7649100058238456,1,likely_fake,True,correct
char_tfidf,fake_301,301,1,fake,"“Dieta Me Oriz”! Minus 10 Kg, Dobësimi Që Nuk Rimerr Kilet As Pas 6 Vitesh",114,short_61_120,0.047738207744608574,0.9522617922553914,1,likely_fake,True,correct
char_tfidf,fake_304,304,1,fake,Trumpi I Drejtohet Popullit Amerikan: Ju Njoftoj Se Nga Ky Moment Ne Do Të…,88,short_61_120,0.004219368011707192,0.9957806319882928,1,likely_fake,True,correct
char_tfidf,fake_306,306,1,fake,"Albin Kurti e jep lajmin e madh: Më në fund gjithçka përfundoj, URIME KOSOVË",89,short_61_120,0.0026028460568545686,0.9973971539431454,1,likely_fake,True,correct
char_tfidf,fake_307,307,1,fake,"“Bombardohet” Mihrihe Braha, takon për herë të parë “djalin jashtëmartesor” të Naim Abazit pas 19 viteve (VIDEO)",80,short_61_120,0.012414291123853616,0.9875857088761464,1,likely_fake,True,correct
char_tfidf,fake_308,308,1,fake,"Juria U Tall Dhe Dyshonte Shumë Në Talentin E Saj, Nuk E Dinin Se Ajo Do Ta Ngritë Publikun Në Këmbë!(Video)",111,short_61_120,0.06688436342749293,0.9331156365725071,1,likely_fake,True,correct
char_tfidf,fake_317,317,1,fake,"Dyshonin Se Ishte Shta’tzënë, Mjekët Bëjnë Zbu’limin E Tmer.Rshëm",87,short_61_120,0.025621250063170065,0.9743787499368299,1,likely_fake,True,correct
char_tfidf,fake_323,323,1,fake,"Kjo Vajzë Cdo Ditë E Puthte Këtë Të Pastrehë, Por Cfarë Bëri Plaku Për Të, Do Mbeteni Pa Fjalë",370,long_gt_250,0.6774444958812669,0.3225555041187332,0,uncertain,False,false_negative
char_tfidf,fake_325,325,1,fake,Edi Rama ka “dasht” me nda Kosovën (tonë). Ramush Haradinaj “pa dasht” e ka nda Çakorrin (Video),78,short_61_120,0.0010620203574913667,0.9989379796425086,1,likely_fake,True,correct
char_tfidf,fake_332,332,1,fake,LAJMI I FUNDIT: Infektohet Me CO -19 Këngëtari I Njohur Kosovar!,79,short_61_120,0.2266005832314828,0.7733994167685172,1,likely_fake,True,correct
char_tfidf,fake_343,343,1,fake,"Naim Abazi: Punë ka sa të duash, po rinia po kanë qef me nejt në kafe, me prit prej babës hala!",96,short_61_120,0.28859162858577736,0.7114083714142226,1,likely_fake,True,correct
char_tfidf,fake_345,345,1,fake,"I Tregoi Të Dashurës Se Jetonte Në Rrugë, Reagimi I Vajzës Do Ju Lërë Pa Fjalë…",82,short_61_120,0.11801349965016728,0.8819865003498327,1,likely_fake,True,correct
char_tfidf,fake_351,351,1,fake,"Lejeni menjane ujin me limon ne mengjes, vazhdoni te konsumoni kete perberje qe po cmend te gjithe",488,long_gt_250,0.7968656614608701,0.20313433853912988,0,likely_real,False,false_negative
char_tfidf,fake_352,352,1,fake,"Ekskluzive: Vjosa Osmani me parti të re, Ja si do të quhet partia e saj!",112,short_61_120,0.018187178770369905,0.9818128212296301,1,likely_fake,True,correct
char_tfidf,fake_353,353,1,fake,"Burri vetëm për letra më ka marr mua, tani qe s’kemi as njeri letrat më thotë dil gjeje një tjetër…",600,long_gt_250,0.01772195712172009,0.9822780428782799,1,likely_fake,True,correct
char_tfidf,fake_354,354,1,fake,Lëngu i qepës efikas kundër katër sëmundjeve!?,270,long_gt_250,0.44855803060892707,0.5514419693910729,1,uncertain,True,correct
char_tfidf,fake_355,355,1,fake,Mediat serbe: Serbia njeh Kosovën dhe hyn në BE,332,long_gt_250,0.5539633019486785,0.4460366980513215,0,uncertain,False,false_negative
char_tfidf,fake_367,367,1,fake,Tmerr për Kosovën kush po e përfaqëson! Zbulohet detaje tronditese,96,short_61_120,0.0009398971410340407,0.999060102858966,1,likely_fake,True,correct
char_tfidf,fake_368,368,1,fake,Kjo qe do te ndodhe te Henen ne Kosove do iu shokoje,143,medium_121_250,0.018640312164699635,0.9813596878353004,1,likely_fake,True,correct
char_tfidf,fake_369,369,1,fake,"Avdullah Hotin nuk e do as fshati i tij Ratkoc, ja çfarë thanë disa prej tyre. – (VIDEO)",95,short_61_120,0.00020089496569242193,0.9997991050343076,1,likely_fake,True,correct
char_tfidf,fake_375,375,1,fake,Ja sa është paga e Naser Rafuna tek seriali ‘Çka ka shpija.’,75,short_61_120,0.0005157989109468852,0.9994842010890531,1,likely_fake,True,correct
char_tfidf,fake_383,383,1,fake,Albin Kurtin e shokon Hashim Thaçin me kete qe i zbuloi per luften dhe hagen,83,short_61_120,2.0174483845725177e-06,0.9999979825516154,1,likely_fake,True,correct
char_tfidf,fake_384,384,1,fake,"Skandal: Nuk iu lindi djalë, babai vret vetën e ja se çfarë i ndodhi nënës së re",139,medium_121_250,0.09695494484503953,0.9030450551549605,1,likely_fake,True,correct
char_tfidf,fake_394,394,1,fake,"Kjo video po fikson botën, janë futur veta 20 makinë/ Shikoni si dalin një nga një",77,short_61_120,2.4975549915540185e-05,0.9999750244500845,1,likely_fake,True,correct
char_tfidf,fake_395,395,1,fake,"Shkoni në vendin ku ishte burri, gruaja e kap atë keq me një femër dhe u bën të pabërën",87,short_61_120,0.0001503074356463685,0.9998496925643536,1,likely_fake,True,correct
char_tfidf,fake_412,412,1,fake,"“Eskalon” familjari i deputetit Xhavit Ukaj, fyen rëndë Vjosa Osmanin",85,short_61_120,0.0009736044348145345,0.9990263955651855,1,likely_fake,True,correct
char_tfidf,fake_415,415,1,fake,Flet edhe njëherë deputeti që iu vërsul Osmanit në Kuvend: Me pas dashtë me e sulmua e kisha…,109,short_61_120,0.0038948633726757498,0.9961051366273243,1,likely_fake,True,correct
char_tfidf,fake_417,417,1,fake,LAJMI I FUNDIT – Më në fund Lajm i mirë për vizat,147,medium_121_250,0.005022857502166911,0.9949771424978331,1,likely_fake,True,correct
char_tfidf,fake_423,423,1,fake,"Fero postoi foto me armë, Arbenita e frikësuar se ai ‘do ta vrasë’",70,short_61_120,0.00034476817368622736,0.9996552318263138,1,likely_fake,True,correct
char_tfidf,fake_428,428,1,fake,Zyrtari i VV-së habit me deklaratën për Thaçin dhe Veselin,87,short_61_120,0.00036414674224471977,0.9996358532577553,1,likely_fake,True,correct
char_tfidf,fake_430,430,1,fake,E jashtëzakonshme: Merkel me flamurin e Kosovës para syve të Vuçiqit,78,short_61_120,0.0006376004250512324,0.9993623995749488,1,likely_fake,True,correct
char_tfidf,fake_433,433,1,fake,Pasi u infektua me Covid-19 vdes Mustafa,57,very_short_le_60,0.013229005165420249,0.9867709948345798,1,likely_fake,True,correct
char_tfidf,fake_434,434,1,fake,"Lajm qe duhet ta din te gjithe, Viber do behet me para detaje ekskluzive",78,short_61_120,0.022334626256084955,0.977665373743915,1,likely_fake,True,correct
char_tfidf,fake_439,439,1,fake,‘Çartet’ Sami Lushtaku ia zbulon kete gje Rexhep Selimit,93,short_61_120,0.001392878086964311,0.9986071219130357,1,likely_fake,True,correct
char_tfidf,fake_451,451,1,fake,Maqedonia e Veriut e shokon Kosoven dhe qytetaret e saj me kete vendim qe morri,78,short_61_120,0.0003391464284530077,0.999660853571547,1,likely_fake,True,correct
char_tfidf,fake_454,454,1,fake,Këto janë pikat kufitare ku iu kërkohet testi për COVID-19,98,short_61_120,0.026327855729175176,0.9736721442708248,1,likely_fake,True,correct
char_tfidf,fake_463,463,1,fake,Emily Ratajkowski duket super s.e.ksi në fotografitë e fundit,94,short_61_120,0.005089780062453753,0.9949102199375462,1,likely_fake,True,correct
char_tfidf,fake_465,465,1,fake,"Lë Bashkëshorten E Tij Për Një Grua Më Të Re. Çfarë Ndodh 3 Vite Më Vonë, E Lë Atë Pa Fjalë…",136,medium_121_250,0.0023785079757390193,0.997621492024261,1,likely_fake,True,correct
char_tfidf,fake_472,472,1,fake,"Acarohen raportet e Serbisë me Rusinë, ja çfarë veprimi ka bërë Vuçiq",101,short_61_120,0.004101384923104079,0.9958986150768959,1,likely_fake,True,correct
char_tfidf,fake_479,479,1,fake,Ja sa kohë duhet për ta marrë virusin në një bar apo restaurant,112,short_61_120,0.010990538266710814,0.9890094617332892,1,likely_fake,True,correct
char_tfidf,fake_480,480,1,fake,Gani Geci: Hashim Thaçi ma i dëmshëm se KoronaVirusi në këtë kohë!,78,short_61_120,1.3999457106339541e-05,0.9999860005428937,1,likely_fake,True,correct
char_tfidf,fake_481,481,1,fake,"Detaji që u iku të gjithëve: Tyta e automatikut në shtëpinë e prindërve të Thaçit, e “zbuloi” Veseli",85,short_61_120,0.0001950423703214188,0.9998049576296786,1,likely_fake,True,correct
char_tfidf,fake_483,483,1,fake,"Nasim Haradinaj: o Ramush Haradinaj, Lakmia e pushteti të prishë!",80,short_61_120,0.0006394493462605899,0.9993605506537394,1,likely_fake,True,correct
char_tfidf,fake_495,495,1,fake,Lajmi i fundit: Hashim Thaçi ¨tenton¨ te ia merr jeten Gani Gecit,197,medium_121_250,0.5247473162870593,0.4752526837129407,0,uncertain,False,false_negative
char_tfidf,fake_496,496,1,fake,Mulla Osmani i ‘bie shuplakë’ Milaim Zekës live në emision (Video),81,short_61_120,0.024312450628731996,0.975687549371268,1,likely_fake,True,correct
char_tfidf,fake_508,508,1,fake,Shikoni  reagimin e Leonora Jakupit për ndërtimin e xhamisë në Prishtinë,82,short_61_120,0.802850002717966,0.19714999728203397,0,likely_real,False,false_negative
char_tfidf,fake_515,515,1,fake,"Bac Qikat e Kosoves po na zbardhin ftyren, Kjo qe beri tash Rita Ora eshte e madhe!",352,long_gt_250,0.9027930988537207,0.09720690114627925,0,likely_real,False,false_negative
char_tfidf,fake_520,520,1,fake,LAJMI BOMBASTIK / Richard Grenell: Vizat Mund Të Hiqen Ditën E Dielë (VIDEO),162,medium_121_250,0.0013987051278956386,0.9986012948721044,1,likely_fake,True,correct
char_tfidf,fake_527,527,1,fake,A e keni ditur se kjo moderatore është motra e Haki Abazit?,76,short_61_120,0.0001380609412316991,0.9998619390587683,1,likely_fake,True,correct
char_tfidf,fake_528,528,1,fake,Ganja e PDK-s thot se Vjosa tash pa LDK-n as 10% ska me mujt me i fitu,189,medium_121_250,0.31703787183127674,0.6829621281687233,1,uncertain,True,correct
char_tfidf,fake_530,530,1,fake,Shuma marramendëse: Robert Berisha tregon sa paguhet në koncerte,142,medium_121_250,0.5956244351474884,0.4043755648525115,0,uncertain,False,false_negative
char_tfidf,fake_531,531,1,fake,EKSKLUZIVE: Albin Kurti President i Kosoves?,86,short_61_120,7.805737267663204e-07,0.9999992194262732,1,likely_fake,True,correct
char_tfidf,fake_535,535,1,fake,‘Hashim Thaçi’ futet papritmas në emisionin ku ishte Berat Buzhala (Video),96,short_61_120,0.04102627997856578,0.9589737200214342,1,likely_fake,True,correct
char_tfidf,fake_536,536,1,fake,Dardan Molliqaj ia publikon këtë ‘top sekret’ Albin Kurtit,65,short_61_120,0.05377006822465957,0.9462299317753404,1,likely_fake,True,correct
char_tfidf,fake_539,539,1,fake,E PAPRITUR: Ja Kush Është I Dashuri I Ri I Nora Istrefit sdo ta besoni,96,short_61_120,0.0016530341660786485,0.9983469658339214,1,likely_fake,True,correct
char_tfidf,fake_544,544,1,fake,Kur pritet t’u mundësohet qytetarëve tërheqja e parave nga Trusti?,209,medium_121_250,0.9655883302548167,0.03441166974518324,0,likely_real,False,false_negative
char_tfidf,fake_545,545,1,fake,"E pabesueshme, banorët e ketij fshati kapin gjarprin me përmasa të frikshme (Foto)",84,short_61_120,0.2595665500341289,0.7404334499658711,1,likely_fake,True,correct
char_tfidf,fake_553,553,1,fake,"Dhurata shkëlqeu e veshur e tëra me lule, por nuk do ta besoni sa kushtoi veshja e saj",97,short_61_120,0.5456276428433036,0.4543723571566965,0,uncertain,False,false_negative
char_tfidf,fake_555,555,1,fake,Kosova zë vendin e parë në Evropë si vendi me numrin më të madh të infektuarve,158,medium_121_250,0.9827728750425245,0.017227124957475512,0,likely_real,False,false_negative
char_tfidf,fake_556,556,1,fake,"BE-ja dhe SHBA e godasin fort Serbine, cmenden serbet",86,short_61_120,0.03875149131499178,0.9612485086850082,1,likely_fake,True,correct
char_tfidf,fake_571,571,1,fake,E papritur:Qeveria fut në karantinë edhe katër komuna,98,short_61_120,0.6190940766953459,0.38090592330465406,0,uncertain,False,false_negative
char_tfidf,fake_573,573,1,fake,TURP: Ja çfarë thonë mediat serbe për shkuarjen e Thaçit në Hagë,105,short_61_120,0.08015849727701885,0.9198415027229812,1,likely_fake,True,correct
char_tfidf,fake_580,580,1,fake,Ja kur pritet te vijë Vala e dytë e Covid-19.,146,medium_121_250,0.7533907215626348,0.24660927843736524,0,likely_real,False,false_negative
char_tfidf,fake_582,582,1,fake,"Nuk Ka Te Ndalur Tayna, Tregon Si Po Rrit Të Pasmet E Saj Çdo Ditë",111,short_61_120,0.01339812571048804,0.986601874289512,1,likely_fake,True,correct
char_tfidf,fake_583,583,1,fake,"Azem Hajdari ku i thotë Thaçit “të rre hi si qenin more pis…”, ka dy fjalë për Isa Mustafën",191,medium_121_250,0.07886861515890564,0.9211313848410944,1,likely_fake,True,correct
char_tfidf,fake_584,584,1,fake,Albin Kurti kapet në aeroport,90,short_61_120,0.17078900023397348,0.8292109997660265,1,likely_fake,True,correct
char_tfidf,fake_585,585,1,fake,LAJMI I FUNDIT – E pabesushme ja qka i ndodhi Isa Mustafes ne keto momente pas infektimit me COVID 19,152,medium_121_250,0.0005489606039166262,0.9994510393960834,1,likely_fake,True,correct
char_tfidf,fake_586,586,1,fake,Përhapja e virusit nuk ndalohet me gjendjen e jashtëzakonshme.,165,medium_121_250,0.6055202574425046,0.3944797425574954,0,uncertain,False,false_negative
char_tfidf,fake_592,592,1,fake,"Mjeku Pipero jep lajmin e mirë: Shqipëria s’do izolohet sërish, vetëm nëse bëni këtë gjë",97,short_61_120,0.14796191947203974,0.8520380805279603,1,likely_fake,True,correct
char_tfidf,fake_600,600,1,fake,"LAJMI I FUNDIT: Eshë ulur çmimi i naftës,nuk do ta besoni se sa ka ra!?",145,medium_121_250,0.18688782388617164,0.8131121761138284,1,likely_fake,True,correct
char_tfidf,fake_603,603,1,fake,Neurologët: Njerëzit me simptoma të butë të koronavirusit po pësojnë çrregullime serioze të trurit,501,long_gt_250,0.9633016939484971,0.036698306051502906,0,likely_real,False,false_negative
char_tfidf,fake_608,608,1,fake,E FUNDIT:Video Eksluzive ”Lajm I Madh Nga Zemaj: Do Ta Porosisim Vaksinën Kundër Koronavirusit”,164,medium_121_250,0.08036811136796584,0.9196318886320342,1,likely_fake,True,correct
char_tfidf,fake_611,611,1,fake,Ka përçarje brenda LDK’së? Isa Mustafa trondite me kete qe tha!,124,medium_121_250,0.0023928778910385917,0.9976071221089614,1,likely_fake,True,correct
char_tfidf,fake_612,612,1,fake,"WOW kjo eshte e madhe, Ambasadori Gjerman jep nje lajm te madh per Albin Kurtin dhe Vjosa Osmanin",89,short_61_120,0.0282580615005249,0.9717419384994751,1,likely_fake,True,correct
char_tfidf,fake_614,614,1,fake,LAJMI I FUNDIT -Ne kete jave po kthehemi ne Karantine?,465,long_gt_250,0.7712757651346508,0.2287242348653492,0,likely_real,False,false_negative
char_tfidf,fake_618,618,1,fake,Mergimtari qe erdhi nga Zvicra tregon çka i ndodhi sdo ta besoni(VIDEO),97,short_61_120,0.0024587196049645765,0.9975412803950354,1,likely_fake,True,correct
char_tfidf,fake_619,619,1,fake,“Godet“ Veton Surroi: Ata qe e “kalle” flamurin e Kosovës sigurisht janë katundar nga Drenica,85,short_61_120,0.11243995013967789,0.8875600498603221,1,likely_fake,True,correct
char_tfidf,fake_621,621,1,fake,"Pasi u martuan, gruaja mëson pse burri nuk “e prek”. Kur ai bënte dush ajo e pa hapur…",280,long_gt_250,0.5804285298506845,0.4195714701493155,0,uncertain,False,false_negative
char_tfidf,fake_629,629,1,fake,Aktorja nga Gjilani i quan kosovarët dreqër,93,short_61_120,0.7886475120233691,0.21135248797663084,0,likely_real,False,false_negative
char_tfidf,fake_631,631,1,fake,"Habitet 22 Vjeçarja Shqiptare Nga Zvicra: Ju Rr Efej Se Cka Ndodh Me Ata Që Martohen Për Letra, Mua Më…",128,medium_121_250,0.027952808723022082,0.9720471912769779,1,likely_fake,True,correct
char_tfidf,fake_638,638,1,fake,Lajmi më i ri sa i përket pagesave prej 170 eurosh për punëtorët që mbetën pa punë gjatë pandemisë!,174,medium_121_250,0.9893732462749669,0.010626753725033111,0,likely_real,False,false_negative
char_tfidf,fake_652,652,1,fake,"Beogradi shpall gjendjen e jashtëzakonshme, kjo e keqe po ndodh atje",78,short_61_120,0.09038003256675242,0.9096199674332476,1,likely_fake,True,correct
char_tfidf,fake_655,655,1,fake,Krenar Gashi:“Avdullah Hoti Mund Të Bëhet Si Ibrahim Rugova “ ndoshta me i zoti se aj,161,medium_121_250,0.5406909787046744,0.4593090212953256,0,uncertain,False,false_negative
char_tfidf,fake_671,671,1,fake,"E Fundit VIDEO Eksluzive:Harrojeni Covid19,Frika E Shkencëtarëve: “Hëna Do Të Përplaset Me Tokën”",94,short_61_120,0.026921146691134323,0.9730788533088657,1,likely_fake,True,correct
char_tfidf,fake_675,675,1,fake,"I Shkatërrohet Karriera, Nora Istrefit I Publikohet Video Me Avokatin E Njohur Kosovar",70,short_61_120,0.007256452168766581,0.9927435478312334,1,likely_fake,True,correct
char_tfidf,fake_679,679,1,fake,Fatmir Limaj: Albini As Pragun Ska Me Kalu Ne Zgjedhje Te Reja Keni Me Pa O Popull – VIDEO –,154,medium_121_250,0.07668382185361611,0.9233161781463839,1,likely_fake,True,correct
char_tfidf,fake_680,680,1,fake,Ganja e PDK-s Kur tka qef Vjosa matum me vota qe si fitoj 50% ma shum se ajo une dha dorheqje nga PDK-ja,196,medium_121_250,0.2437230462144172,0.7562769537855828,1,likely_fake,True,correct
char_tfidf,fake_694,694,1,fake,"LAJMI I FUNDIT: Vjosa Osmani nuk ndalet, Ja jep goditjen finale Isa Mustafes",148,medium_121_250,0.5450830534490354,0.45491694655096454,0,uncertain,False,false_negative
char_tfidf,fake_702,702,1,fake,LAJMI I FUNDIT – Thaçi: Nëse nuk arrihet marrëveshja me 27 qershor kjo do të ndodhë…,2233,long_gt_250,0.9929940199054363,0.007005980094563606,0,likely_real,False,false_negative
char_tfidf,fake_713,713,1,fake,"Mixha hyri në një restorant luksoz dhe i shërben kamarierja më e mirë, por të nesërmen ajo shkarkohet pas asaj që kishte bërë!",489,long_gt_250,0.776310260410646,0.22368973958935398,0,likely_real,False,false_negative
char_tfidf,fake_721,721,1,fake,"Cka po ndodh ne shesh te Prishtines,zjarrefiksat jane aty dhe",83,short_61_120,0.011748279283880114,0.9882517207161199,1,likely_fake,True,correct
char_tfidf,fake_731,731,1,fake,Kryeministri britanik jep lajmin e madh: Ja kur mbaron kriza nga COVID-19,136,medium_121_250,0.3985932311027891,0.6014067688972109,1,uncertain,True,correct
char_tfidf,fake_744,744,1,fake,Studimi i ri: Njerëzit kanë më shumë gjasa të infektohen në shtëpi se sa jashtë,121,medium_121_250,0.28045926131371623,0.7195407386862838,1,likely_fake,True,correct
char_tfidf,fake_745,745,1,fake,Vaksina “premtuese” e COVID-19 në Oxford: Çfarë është ajo dhe katër gjërat tjera që duhet ditur,99,short_61_120,0.2610227005631933,0.7389772994368067,1,likely_fake,True,correct
char_tfidf,fake_747,747,1,fake,Hoxha nga Drenica i përmend me emra: Këta janë islamofobët që po u pengon ndërtimi i xhamisë,89,short_61_120,0.010866021701531614,0.9891339782984684,1,likely_fake,True,correct
char_tfidf,fake_756,756,1,fake,"Fotografi brenda Klinikës Infektive në QKUK, mjekë të lodhur e rraskapitur: Këtu as Supermeni nuk bën punë",251,long_gt_250,0.38052226648756904,0.619477733512431,1,uncertain,True,correct
char_tfidf,fake_758,758,1,fake,Çfarë e zhduk koronavirusin? Italianët bëjnë zbulimin që do na rikthejë në normalitet,100,short_61_120,0.03568636521834301,0.964313634781657,1,likely_fake,True,correct
char_tfidf,fake_760,760,1,fake,Mj eku i njohur Pellumb Pipero jep lajmin e k eq: Pa ndemia mund të zgjasë deri në..,126,medium_121_250,0.05724413222897595,0.942755867771024,1,likely_fake,True,correct
char_tfidf,fake_765,765,1,fake,"Intervistimi 4 ditor i Thaçit, Raportuesja për Kosovën bënë veprimin e papritur",210,medium_121_250,0.15016973735429995,0.8498302626457,1,likely_fake,True,correct
char_tfidf,fake_772,772,1,fake,"Ylli super seksi i ‘Victoria Secret’ kapet ‘mat’ nga paparacit, bikinit morën të gjithë vëmendjen",143,medium_121_250,0.1033532033466702,0.8966467966533298,1,likely_fake,True,correct
char_tfidf,fake_781,781,1,fake,Greqia: I dhimbshëm vendimi për xhaminë,120,short_61_120,0.11897176315896651,0.8810282368410335,1,likely_fake,True,correct
char_tfidf,fake_783,783,1,fake,Të marrësh kredi për të bërë fëmijë / historia emocionuese e çiftit që u bënë prindër pas 15 vitesh,135,medium_121_250,0.09869183000531578,0.9013081699946842,1,likely_fake,True,correct
char_tfidf,fake_788,788,1,fake,Albin Kurti e quan Zezaj Ministrin e Shëndetësisë,257,long_gt_250,0.6458170511221334,0.3541829488778666,0,uncertain,False,false_negative
char_tfidf,fake_789,789,1,fake,"Zemaj deputetëve të VV’së: Ju jeni shëtit me paramilitarë, unë jam nip i Mic Sokolit",246,medium_121_250,0.8918087235617612,0.10819127643823878,0,likely_real,False,false_negative
char_tfidf,fake_793,793,1,fake,"Bëri dasmë në kohën e koronavirusit, Rama i bën shqiptarit atë që nuk e kishte parë as në ëndrrat më të k ëqija",134,medium_121_250,0.15961354689956375,0.8403864531004362,1,likely_fake,True,correct
char_tfidf,fake_803,803,1,fake,A do të mbyllen prapë xhamitë?,71,short_61_120,0.05559230522337455,0.9444076947766255,1,likely_fake,True,correct
char_tfidf,fake_808,808,1,fake,FËMlJA i a doptuar thotë DlÇKA në sallën e GJYQlT që prek z emrën e të GJlTHËVE,146,medium_121_250,0.10495153869374518,0.8950484613062548,1,likely_fake,True,correct
char_tfidf,fake_809,809,1,fake,Oj Qeveri: Ku mbetën 170 eurot që qytetarët janë në pritje të tyre ?,109,short_61_120,0.09375194493633465,0.9062480550636653,1,likely_fake,True,correct
char_tfidf,fake_825,825,1,fake,"Eskalon situata në Serbi, protesutesit futen në Kuvend",99,short_61_120,0.09649442940094977,0.9035055705990502,1,likely_fake,True,correct
char_tfidf,fake_830,830,1,fake,"‘Cmendet’ Moti Në Shqipëri, Shihni Çfarë Po Ndodh Në Plazhin E Borshit",100,short_61_120,0.018705517424138507,0.9812944825758615,1,likely_fake,True,correct
char_tfidf,fake_833,833,1,fake,A paguhen 10 ditët e humbura të karantinës në Zvicër? Flet Shoqata e Sipermarrësve Zviceranë,251,long_gt_250,0.6394951243308988,0.36050487566910117,0,uncertain,False,false_negative
char_tfidf,fake_835,835,1,fake,"Video Eksluzive:“Doja Të Bleja Shtëpi, Ai Ishte Ndërtuesi I Pallatit”, Alketa Vejsiu Rr Ëfen Hi Storinë! Si U Njoh Me Burrin: U Çmenda Pas Syve Të Tij",127,medium_121_250,0.009128558654992625,0.9908714413450074,1,likely_fake,True,correct
char_tfidf,fake_856,856,1,fake,"Gjermania planifikon vendimin e madh, ja qfarë pritet të ndodhë",149,medium_121_250,0.7620794672014554,0.23792053279854466,0,likely_real,False,false_negative
char_tfidf,fake_858,858,1,fake,Çdo bëhet me këtë vend?! Zëri i Amerikës ia pl.as të vërtetën Shqipërisë: Më ulët se kurrë…,134,medium_121_250,0.053302950467564614,0.9466970495324354,1,likely_fake,True,correct
char_tfidf,fake_863,863,1,fake,"Video Eksluzive:“Shqiperia Ka Qene Greqi”, Këngëtarja E Njohur ‘Shp Ërthen’ Ndaj Arjan Çanit: Ky Njeri Duhet Te",105,short_61_120,0.01445627035381547,0.9855437296461845,1,likely_fake,True,correct
char_tfidf,fake_875,875,1,fake,"Labi gëzon vajzën me aftësi të kufizuara, ia dorëzon një karrocë të re (VIDEO)",139,medium_121_250,0.035944525616693146,0.9640554743833069,1,likely_fake,True,correct
char_tfidf,fake_880,880,1,fake,Kadri Veseli “kë.rcënon” ata që u pasuruan pa djersë,112,short_61_120,0.04115219541268855,0.9588478045873114,1,likely_fake,True,correct
char_tfidf,fake_887,887,1,fake,"Vjen një lajm shumë i keq për Kosovën dhe qytetarët e saj, KUJDES",112,short_61_120,0.04294692040899939,0.9570530795910006,1,likely_fake,True,correct
char_tfidf,fake_888,888,1,fake,Doktori i QKUK-së hedh vrer mbi politikanët kosovarë: A keni familje more politikuaj,92,short_61_120,0.02116343569574919,0.9788365643042508,1,likely_fake,True,correct
char_tfidf,fake_889,889,1,fake,"E Porsalindur Dhe Ecën, Publikohen Pamjet Mbreslënëse Dhe… (VIDEO EMOCIONUESE)",62,short_61_120,0.0002845076874489205,0.9997154923125511,1,likely_fake,True,correct
char_tfidf,fake_890,890,1,fake,"Policia Nuk Kursehet Aspak Për Familjen Shqiptare, E Shpo.Rrin Me Urgjencë. 26-Vjeçarja Me Barkun Te Goja Bashkë Me Djalin 2 -Vjeçar",139,medium_121_250,0.049710535123216215,0.9502894648767838,1,likely_fake,True,correct
char_tfidf,fake_906,906,1,fake,Nga VV tregojnë nëse do ta pranojnë Vjosa Osmanin në parti,95,short_61_120,0.003276256720993631,0.9967237432790064,1,likely_fake,True,correct
char_tfidf,fake_907,907,1,fake,VIDEO EKSLUZIVE:Grida Duma: Edi Rama Ka Pro.Bleme Me Pastër.Tinë E Duarve…,98,short_61_120,0.004836374786209019,0.995163625213791,1,likely_fake,True,correct
char_tfidf,fake_908,908,1,fake,VIDEO EKSLUZIVE:Ilir Meta E Financoi Me Parat E Dro.Ges Filmin E Bes Kallakut Dhe I Solli Dhe Dashnoren Bleonen Si Aktore…,138,medium_121_250,0.007484155007147275,0.9925158449928527,1,likely_fake,True,correct
char_tfidf,fake_910,910,1,fake,Kjo është mundësia e ardhjes së mërgimtarëve nga Gjermania,79,short_61_120,0.0026821898602169547,0.997317810139783,1,likely_fake,True,correct
char_tfidf,fake_917,917,1,fake,"Rruga shnd.ërrohet në ri.ng, shoferi n.oka.uton tri herë shoferin tjetër",83,short_61_120,0.003923066690628807,0.9960769333093712,1,likely_fake,True,correct
char_tfidf,fake_931,931,1,fake,"Xheni dhe partnerja e saj duan të bëhen me fëmijë, ja kush do jetë dhuruesi",89,short_61_120,0.012247001844441496,0.9877529981555585,1,likely_fake,True,correct
char_tfidf,fake_938,938,1,fake,"Leje qëndrimi për punëtorët sezonalë në Itali, nis procesi, ja sa shqiptarë mund të përfitojnë…",104,short_61_120,0.054188112300606606,0.9458118876993934,1,likely_fake,True,correct
char_tfidf,fake_939,939,1,fake,(VIDEO) A Nuk Eshte Mrekulli? Momenti Kur Femija Shpetohet Nga Mb.Ytja Ne Pishine,106,short_61_120,0.028507185777905564,0.9714928142220944,1,likely_fake,True,correct
char_tfidf,fake_945,945,1,fake,"Exluzive Aeroplani Rrëzohet Në Det, Piloti Filmon Momentin E Shpëtimit Nga..",125,medium_121_250,0.12217601735676342,0.8778239826432366,1,likely_fake,True,correct
char_tfidf,fake_950,950,1,fake,"Zeka: Albin Kurti po nxit vëllavrasjen, mund të ketë lufte civile",83,short_61_120,0.00249464662136778,0.9975053533786322,1,likely_fake,True,correct
char_tfidf,fake_965,965,1,fake,Çka nëse nuk mbahen dasmat këtë verë?,79,short_61_120,0.0037197351340974016,0.9962802648659026,1,likely_fake,True,correct
char_tfidf,fake_966,966,1,fake,"Arben, edhe ti a?🤦‍♂️",107,short_61_120,0.19944753203265175,0.8005524679673482,1,likely_fake,True,correct
char_tfidf,fake_974,974,1,fake,Engjellusha a je ti? Nuk i besova syve kur të shikova në plazhë!,90,short_61_120,0.29788208636727653,0.7021179136327235,1,likely_fake,True,correct
char_tfidf,fake_975,975,1,fake,"Flet Meda “Ja kam pa hajrin ktij populli, me shpi e kerra”",88,short_61_120,0.17578193122861518,0.8242180687713848,1,likely_fake,True,correct
char_tfidf,fake_979,979,1,fake,"Kosova në zgjedhje të jashtëzakonshme, Kjo është data!",186,medium_121_250,0.42484594391621044,0.5751540560837896,1,uncertain,True,correct
char_tfidf,fake_988,988,1,fake,"Rexhaj ‘godet’ Nasim Haradinajn, o Nasim ti je banditi më i madh që ka Kosova",99,short_61_120,0.0611966807712222,0.9388033192287778,1,likely_fake,True,correct
char_tfidf,fake_991,991,1,fake,"Kështu u pritë jashtë Presidenti Thaçi, pas përfundimit të intervistimit në Hagë (Video)",107,short_61_120,0.1473120723844139,0.8526879276155861,1,likely_fake,True,correct
char_tfidf,fake_994,994,1,fake,Albin Kurti është takuar me fshehurazi me qeverinë e sërbisë mos i besoni ketij tradhtari o popull,172,medium_121_250,0.24441817932063714,0.7555818206793629,1,likely_fake,True,correct
char_tfidf,fake_1005,1005,1,fake,"Urime Kosovë! Në këtë datë në Korrik do hiqen Vizat, SHBA jep lajmin e madh",105,short_61_120,0.11874044464369704,0.881259555356303,1,likely_fake,True,correct
char_tfidf,fake_1028,1028,1,fake,"BE i’a palon Grenellit: Bën veprimin e papritur për Kosovën, hiqen vizat për Kosovën??",261,long_gt_250,0.9218541282499975,0.07814587175000255,0,likely_real,False,false_negative
char_tfidf,fake_1034,1034,1,fake,"Rr’ahje mes dasmorëve në Prishtinë, bërtit “Nusja koka si Lop” (Video)",115,short_61_120,0.458675259711507,0.541324740288493,1,uncertain,True,correct
char_tfidf,fake_1037,1037,1,fake,"Daçiq: Na jepni Veriun e Kosovës, pastaj fillojmë me bisedime!",344,long_gt_250,0.8808809517949511,0.11911904820504891,0,likely_real,False,false_negative
char_tfidf,fake_1042,1042,1,fake,"Afrim Muçiqi: Nëse nuk na lejohet puna, do t’i mbajmë dasmat në shesh apo livadhe",166,medium_121_250,0.9301949360104017,0.06980506398959829,0,likely_real,False,false_negative
char_tfidf,fake_1054,1054,1,fake,LAJMI FUNDIT: Vjosa Osmani antarsohet në Vetëvendosje ja detajet,96,short_61_120,0.21100624659752698,0.788993753402473,1,likely_fake,True,correct
char_tfidf,fake_1055,1055,1,fake,SHBA vjen me Super Lajm Për Kosovën,286,long_gt_250,0.980466712782965,0.019533287217034997,0,likely_real,False,false_negative
char_tfidf,fake_1064,1064,1,fake,Nuk do ta besoni se çka e paralajmëron Isa Mustafa Vjosën!,132,medium_121_250,0.4394794730274951,0.5605205269725049,1,uncertain,True,correct
char_tfidf,fake_1076,1076,1,fake,Isa Mustafa marrja e Qeverisë në këtë kohë është sakrificë që po bënë LDK-ja,103,short_61_120,0.28474725687459657,0.7152527431254034,1,likely_fake,True,correct
char_tfidf,fake_1079,1079,1,fake,Agim Veliu “godet“ Vjosen: Oj trashaluqe duhesh mi hjek killat për mu…..,152,medium_121_250,0.355920917925705,0.644079082074295,1,uncertain,True,correct
char_tfidf,fake_1081,1081,1,fake,"Isa Mustafa: Ne Shqiptarët e Kosovës jemi me Amerikën, kurse Albin Kurti….",81,short_61_120,0.16712877717478358,0.8328712228252164,1,likely_fake,True,correct
char_tfidf,fake_1084,1084,1,fake,E pabesueshme se çfarë vendimi pritet të merr Presidenti Hashim Thaçi nëse e…,107,short_61_120,0.041716163287872865,0.9582838367121271,1,likely_fake,True,correct
char_tfidf,fake_1085,1085,1,fake,Glauk Konjufca: Bëhuni gati…Nesër është vetëm nxemje!,170,medium_121_250,0.9167019577618828,0.0832980422381172,0,likely_real,False,false_negative
char_tfidf,fake_1090,1090,1,fake,Politikani Serb ‘zbulon’ dy politikanët e Kosovës që po bashkëpunojnë me…,176,medium_121_250,0.4975623777844317,0.5024376222155683,1,uncertain,True,correct
char_tfidf,fake_1092,1092,1,fake,"Abdulla Hoti “godet“ Lëvizjen Vetëvendosje, ja çka i thotë!",112,short_61_120,0.6066558266308744,0.39334417336912564,0,uncertain,False,false_negative
char_tfidf,fake_1101,1101,1,fake,Ky kombinim po i çmend të gjithë: Bëhu me fIokë duke përdorur bananen,194,medium_121_250,0.600089273379713,0.399910726620287,0,uncertain,False,false_negative
char_tfidf,fake_1104,1104,1,fake,"Nuk hapen xhamitë as në ditët e fundit të Ramazanit, edhe ne Hoxhallarët duam pushim",378,long_gt_250,0.9864146582076455,0.013585341792354435,0,likely_real,False,false_negative
char_tfidf,fake_1106,1106,1,fake,"Behgjet Pacolli “befason“ me fjalë: E deshtët apo Jo, Halil Kastrati nuk ban “NONA“ tjetër në Shqiptari",75,short_61_120,0.13076397733352974,0.8692360226664703,1,likely_fake,True,correct
char_tfidf,fake_1108,1108,1,fake,Vjosa po vjen me parti të re politike me 9 deputet!,44,very_short_le_60,0.06552495513344403,0.934475044866556,1,likely_fake,True,correct
char_tfidf,fake_1117,1117,1,fake,"Albin Kurtit do ti ndodhë më e keqja, Ja çka paralajmëron Pacolli",362,long_gt_250,0.6771091731915058,0.32289082680849424,0,uncertain,False,false_negative
char_tfidf,fake_1119,1119,1,fake,Detaje të reja: Zbulohen mesazhet zyrtare për rastin e 26 vjeçarit që vdiq dje në Qendrën e Studentëve,84,short_61_120,0.5382720028786435,0.4617279971213565,0,uncertain,False,false_negative
char_tfidf,fake_1121,1121,1,fake,Vali Corleone flet për Hashim Thaçin e Albin Kurtin: Ja kush janë këta!,73,short_61_120,0.0659866791049375,0.9340133208950625,1,likely_fake,True,correct
char_tfidf,fake_1135,1135,1,fake,Hoxhaj: Kurr sdo të bëhet mirë pa ardhur në krye të Kosovës Kadri Veseli,107,short_61_120,0.00688825622199063,0.9931117437780094,1,likely_fake,True,correct
char_tfidf,fake_1138,1138,1,fake,Hyn dhe Voto dr. Shefqet Krasniqin për imam të xhamisë së re në Prishtinë,104,short_61_120,0.04149757013718158,0.9585024298628184,1,likely_fake,True,correct
char_tfidf,fake_1165,1165,1,fake,Çmimi i lartë do tju trondit se sa do të kushtojë një vaksinë anti-korona që e keni patjetër ta merrni!,86,short_61_120,0.0015511962370898802,0.9984488037629101,1,likely_fake,True,correct
char_tfidf,fake_1174,1174,1,fake,"Vjen thirrja e fundit për zgjedhje të parakohshme, pas Albinit e penzionojnë edhe Avdullah Hotin",104,short_61_120,0.07204715992049437,0.9279528400795056,1,likely_fake,True,correct
char_tfidf,fake_1179,1179,1,fake,"Bekim Jashari: Albin Kurti , ‘Nuse e mirë po duket por t’ja shohim çeizin’!",110,short_61_120,0.002912906822881478,0.9970870931771185,1,likely_fake,True,correct
char_tfidf,fake_1180,1180,1,fake,"Avdullah Hoti fyen rëndë të gjithë myslimanët që falën nëpër xhami, duke i quajtur…?",81,short_61_120,0.028615659862823106,0.9713843401371769,1,likely_fake,True,correct
char_tfidf,fake_1183,1183,1,fake,"Kadri Veseli e ‘pren’ punën e xhamisë, nuk do ta besoni se a dha lejen për ndërtimin apo jo?",88,short_61_120,0.5822385796098171,0.4177614203901829,0,uncertain,False,false_negative
char_tfidf,fake_1186,1186,1,fake,"I gjithë shteti në Alarm, Ja ‘Lajmin që e solli nga Haga’ Hashim Thaçi dhe Kadri Veseli",99,short_61_120,0.0034243130118647436,0.9965756869881353,1,likely_fake,True,correct
char_tfidf,fake_1191,1191,1,fake,"Specialisti italian na i qetëzoi zemrat të gjithëve: ‘Kjo është e vërteta e koronavirusit, mos bini pre e biznismenëve’",91,short_61_120,0.0005689845231118262,0.9994310154768882,1,likely_fake,True,correct
char_tfidf,fake_1194,1194,1,fake,"Media Gjermane: Merkel është e përfshirë në një skandal, ndihmoi Hashim Thaçin me 2 miliardë Euro?",90,short_61_120,0.009321899207267448,0.9906781007927326,1,likely_fake,True,correct
char_tfidf,fake_1197,1197,1,fake,Urime KOSOVË / Qeveria e Izraelit zyrtarisht ofron këtë ndihmë pë çdo qytetar të Kosovës,96,short_61_120,0.045140826953902424,0.9548591730460976,1,likely_fake,True,correct
char_tfidf,fake_1199,1199,1,fake,"Pse shumë njerëz po dështojnë? Cili meriton të kalon i pari, i dyti dhe i fundit?",109,short_61_120,0.0059344514356831635,0.9940655485643168,1,likely_fake,True,correct
char_tfidf,fake_1224,1224,1,fake,"Ndërron jetë Luan Bajra pak ditë para martesës, i riu vuante nga kjo sëmundje! Ngushllime familjes Bajra",77,short_61_120,0.005194339348769228,0.9948056606512308,1,likely_fake,True,correct
char_tfidf,fake_1226,1226,1,fake,URIME NA QOFTË / Oxford jep rezultatet e para pozitive të vaksinës që zhduk tërësisht virusin,74,short_61_120,0.001306484988295109,0.9986935150117049,1,likely_fake,True,correct
char_tfidf,fake_1230,1230,1,fake,"Vjosa Osmani me lot në sy pranon largimin e saj nga politika, fjalimi i plotë i saj…?",87,short_61_120,0.0007796173603293877,0.9992203826396706,1,likely_fake,True,correct
char_tfidf,fake_1234,1234,1,fake,"Viola Cramon ‘trondet’ Kosovën, tregon se cilët dy politikan i than ‘Mos nai liberalizoni vizat pa i fitu na zgjedhjet’",103,short_61_120,0.0014673106946883063,0.9985326893053117,1,likely_fake,True,correct
char_tfidf,fake_1243,1243,1,fake,"Historike / DELAWIE: ‘O burra, ne ta harron Serbia që SHBA hjek dor nga Kosova, për at Zot i dua si vëllezër’",99,short_61_120,0.004246051413165031,0.995753948586835,1,likely_fake,True,correct
char_tfidf,fake_1245,1245,1,fake,"Hyri brenda në qabe dhe filmoi pamje nga brenda, u ‘trondit’ nga ajo që pa sepse se kishte menduar kurrë këtë?",84,short_61_120,0.0005351002387281589,0.9994648997612718,1,likely_fake,True,correct
char_tfidf,fake_1246,1246,1,fake,"Çmime jashtëzakonisht të ulëta në këto dyqane për shopping, NXITONI URGJENTISHT",87,short_61_120,0.005696206548650995,0.994303793451349,1,likely_fake,True,correct
char_tfidf,fake_1260,1260,1,fake,"Skena shumë të nxehta, çmendet Edona Llalloshi dhe bën rezil udhëheqësen te ‘Shiko kush luan’",93,short_61_120,0.0022755710819943875,0.9977244289180056,1,likely_fake,True,correct
char_tfidf,fake_1266,1266,1,fake,LAJMI I FUNDIT Nga Gjermania – BE-ja më në fund iberalizohen vizat për Kosovarët,98,short_61_120,0.00025987273749805695,0.9997401272625019,1,likely_fake,True,correct
char_tfidf,fake_1274,1274,1,fake,Mustafa Nano e tepron / E vetmja shpresë për shqiptarin është ardhja e Albin Kurtit në pushtet,78,short_61_120,8.973131169043302e-05,0.9999102686883096,1,likely_fake,True,correct
char_tfidf,fake_1275,1275,1,fake,"Mjer KOSOVA / Vuçiq e bën ‘hor’ Avduallah Hotin para BE-së, kurse Hoti vetëm shikon si i çmendur",98,short_61_120,0.0017356638030275873,0.9982643361969724,1,likely_fake,True,correct
char_tfidf,fake_1279,1279,1,fake,"Ramiz Lladrovci: Pishpirikat e Vetëvendosjes nuk ti baj hesap, Albini Kurti ngelafç ngat mu?",106,short_61_120,0.0006224988388063846,0.9993775011611936,1,likely_fake,True,correct
char_tfidf,fake_1285,1285,1,fake,"Kur e pyetën Albert Ajnshtajnin a besonte në Zot, përgjigja e tij la pa frymë gjith Botën",111,short_61_120,0.0017955292560319913,0.998204470743968,1,likely_fake,True,correct
char_tfidf,fake_1290,1290,1,fake,"URIME NA QOFTË / Mbyllen votimet në Maqedoninë e Veriut, shpallet kryeministri i parë shqipëtar atje",89,short_61_120,0.012055712526545914,0.9879442874734541,1,likely_fake,True,correct
char_tfidf,fake_1291,1291,1,fake,Artan Abrashi i VV-së / Krimineli Hashim Thaçi duheshte të jep dorëheqje para se të shkonte sepse sdo të kthehet?,99,short_61_120,0.0005507955211629945,0.999449204478837,1,likely_fake,True,correct
char_tfidf,fake_1293,1293,1,fake,"Pas di vorcit, nëna gjen të d ashur: Ky është mesazhi që fëmijët kanë për t’i dhënë!",87,short_61_120,0.002884503259765636,0.9971154967402344,1,likely_fake,True,correct
char_tfidf,fake_1302,1302,1,fake,"BISEDA SEKRETE: Clinton-D’Alema më 23 mars, 1999 për ndërhyrjën e NATO-së në Kosovë",94,short_61_120,0.009976654369908688,0.9900233456300913,1,likely_fake,True,correct
char_tfidf,fake_1311,1311,1,fake,EKSKLUZIVE / Këto pamje të filmuara në 1999 të Gani Gecit bëjnë të qarta debatet e këtyre 20 viteve,100,short_61_120,0.01928850104722979,0.9807114989527702,1,likely_fake,True,correct
char_tfidf,fake_1314,1314,1,fake,Hashim Thaçi ‘çartet’ dhe dridh gjithë Amerikën me fjalimin e tij për KOSOVËN HEROIKE,112,short_61_120,0.015319786329505813,0.9846802136704942,1,likely_fake,True,correct
char_tfidf,fake_1320,1320,1,fake,Gent Cakaj: Kur është në pyetje UÇK-ja duhet të jemi 1 or kafsha të pista të Kosovës,86,short_61_120,0.010639430822212304,0.9893605691777877,1,likely_fake,True,correct
char_tfidf,fake_1324,1324,1,fake,Mërgimtarët shqipëtar përlotin Hashim Thaçin me befasinë që ia bënë para Gjykatës së Hagës,87,short_61_120,0.0003710941682919522,0.999628905831708,1,likely_fake,True,correct
char_tfidf,fake_1325,1325,1,fake,"Prifti shqipëtar Don Zefi: Ne shqipëtarët katolik vëllezër i kemi grekët dhe serbet,",103,short_61_120,0.0005801711173859525,0.999419828882614,1,likely_fake,True,correct
char_tfidf,fake_1334,1334,1,fake,"E Fundit / Shkarkohet presidenti i Shqipërisë Ilir Meta, komisioni hetimor raporton që?",97,short_61_120,0.22132866714200616,0.7786713328579938,1,likely_fake,True,correct
char_tfidf,fake_1336,1336,1,fake,"Nuk e pranuan Hashim Thaçin në shtëpi, vjen reagimi i Bekim Jasharit ku tregon arsyen se pse?",102,short_61_120,0.0014058807872452395,0.9985941192127548,1,likely_fake,True,correct
char_tfidf,fake_1346,1346,1,fake,Nga nesër bllokim i plotë i lëvizjes së qytetarëve në këto komuna të Kosovës?,95,short_61_120,0.010348944262656645,0.9896510557373434,1,likely_fake,True,correct
char_tfidf,fake_1351,1351,1,fake,Urime Kosovë / Grenell zyrtarisht jep datën kur mund kosovarët të udhëtojnë PA VIZA?,98,short_61_120,0.004258898301958358,0.9957411016980416,1,likely_fake,True,correct
char_tfidf,fake_1365,1365,1,fake,Shkëlzen Gashi: Kur un ju thoja nuk e besojshit të vërtetën e UÇK-së,99,short_61_120,0.0022394964502742143,0.9977605035497258,1,likely_fake,True,correct
char_tfidf,fake_1371,1371,1,fake,Dokumenti i CIA 1978: Ky ishte politikani që i dha tokat shqipëtare Greqisë,101,short_61_120,0.010068533897938714,0.9899314661020613,1,likely_fake,True,correct
char_tfidf,fake_1379,1379,1,fake,"Shefqet Krasniqi: Mos keni frik nga ky virus, nëse e keni të shkruar do tjesh i fundit që dot kap",86,short_61_120,0.020556313901639145,0.9794436860983609,1,likely_fake,True,correct
char_tfidf,fake_1382,1382,1,fake,‘Dorëzohet Sërbia’ / Numri i viktimave nga virusi në Sërbi thyen rekordin botëror,74,short_61_120,0.003679583121016239,0.9963204168789838,1,likely_fake,True,correct
char_tfidf,fake_1385,1385,1,fake,Merkel ia terron Vuçiqit me këtë kërkesë që ia bëri në lidhje me kufijtë dhe njohjen e pavarsisë së Kosovës,87,short_61_120,0.0019005846688517902,0.9980994153311482,1,likely_fake,True,correct
char_tfidf,fake_1395,1395,1,fake,Krijesë e huaj misterioze me ‘krahët që duken njerëzore’ i vë në dyshim mendjet e njerëzve,85,short_61_120,0.0007851563704442954,0.9992148436295557,1,likely_fake,True,correct
char_tfidf,fake_1396,1396,1,fake,Ju Lutem Shpërndaje Që Ta shohin Gjithë / Ja se çfarë po ju ndodh qytetarëve që po udhëtojnë për në Europë,93,short_61_120,0.002012233699117294,0.9979877663008827,1,likely_fake,True,correct
char_tfidf,fake_1413,1413,1,fake,Publikohen për herë të parë fotot e Anisa Josifit në shtratin e vd ekjes,100,short_61_120,0.01197164761839653,0.9880283523816035,1,likely_fake,True,correct
char_tfidf,fake_1415,1415,1,fake,Italia merr vendim të prerë për shtetin e Kosovës dhe bën apel në gjithë Europën për izolim 24 muajsh?,86,short_61_120,0.00435312111719155,0.9956468788828085,1,likely_fake,True,correct
char_tfidf,fake_1420,1420,1,fake,"Molliqaj: Hashim Thaçi nuk është anti-amerikan, është k riminel!",71,short_61_120,0.0006276586472111489,0.9993723413527889,1,likely_fake,True,correct
char_tfidf,fake_1424,1424,1,fake,Plaku nga Kosova: Evropa i ka borxh Kosovës,72,short_61_120,0.009419481599272972,0.990580518400727,1,likely_fake,True,correct
char_tfidf,fake_1426,1426,1,fake,LAJM I FUNDIT:Nuk do mund ta besoni se ku ndodhet në Këto momente Hashim Thaçi,86,short_61_120,8.842805836917211e-05,0.9999115719416308,1,likely_fake,True,correct
char_tfidf,fake_1432,1432,1,fake,Këta zyrtarë priten të largohen nga LDK-ja! arsyeja shkarkimi Vjoses?,76,short_61_120,0.000579015615846834,0.9994209843841532,1,likely_fake,True,correct
char_tfidf,fake_1434,1434,1,fake,A do të vazhdojë të jetë antare e LDKsë? Ja çka thotë Osmani,77,short_61_120,0.00041172752029294823,0.999588272479707,1,likely_fake,True,correct
char_tfidf,fake_1441,1441,1,fake,Zbulohet vendin ku ndodhen 28 ton flori!,103,short_61_120,0.022121212282500746,0.9778787877174993,1,likely_fake,True,correct
char_tfidf,fake_1450,1450,1,fake,"Besa Gaxherri: Vjosa Duhet Të Matet, Nuk Është E Rrugës Me Luftu Shtëpinë E Vet",91,short_61_120,0.0017178664173984615,0.9982821335826015,1,likely_fake,True,correct
char_tfidf,fake_1451,1451,1,fake,"Erdogan ndan lajmin më të keq pas pandemisë së fundit, shpreh ngushllimet e tij të sinqerta",86,short_61_120,0.012174653100081478,0.9878253468999185,1,likely_fake,True,correct
char_tfidf,fake_1454,1454,1,fake,"I dërgon gabimisht shefit një foto pa rroba, përgjigja e tij e lë pa fjalë",96,short_61_120,0.0042361821841534475,0.9957638178158466,1,likely_fake,True,correct
char_tfidf,fake_1461,1461,1,fake,Djaloshi ne Prishtine gjen 1450 Euro dhe nje qeles te vetures.,99,short_61_120,0.0005283479731456042,0.9994716520268544,1,likely_fake,True,correct
char_tfidf,fake_1465,1465,1,fake,"Gjermania në kërkim të 472 mijë punëtorëve, këto janë profilet më të kërkuara",88,short_61_120,0.0587913402181266,0.9412086597818734,1,likely_fake,True,correct
char_tfidf,fake_1466,1466,1,fake,"Ky pe.nsioner mbante një th.esar në shtëpi, nuk e dinte",94,short_61_120,0.0074369455254033046,0.9925630544745967,1,likely_fake,True,correct
char_tfidf,fake_1473,1473,1,fake,"Karkalecat pushtojnë Lindjen e Mesme, bll.okohet qarkullimi i automjeteve",93,short_61_120,0.02513360605109005,0.97486639394891,1,likely_fake,True,correct
char_tfidf,fake_1474,1474,1,fake,Christopher Hill rrë.fen momente të lu.ftës në Kosovë: Çfarë më tha Millosheviçi pas takimit me UÇK-në,101,short_61_120,0.05262450316061207,0.9473754968393879,1,likely_fake,True,correct
char_tfidf,fake_1475,1475,1,fake,Nuk keni pë ta besuar se cila këngëtare kosovare është kjo vogëlushe,96,short_61_120,0.03998998872375492,0.9600100112762451,1,likely_fake,True,correct
char_tfidf,fake_1484,1484,1,fake,"E mbajti të fshehtë, futbollisti shqiptar bëhet baba për herë të parë",88,short_61_120,0.1292316102944473,0.8707683897055527,1,likely_fake,True,correct
char_tfidf,fake_1488,1488,1,fake,Kilogrami shitet 0ër 1.000 Euro / Gjenden në këtë vend,80,short_61_120,0.043266950643637836,0.9567330493563622,1,likely_fake,True,correct
char_tfidf,fake_1492,1492,1,fake,Vjosa Osmani po i bashkohet LVV ? Edhe zogjtë e malit e dinë ..,92,short_61_120,0.0338606065162822,0.9661393934837178,1,likely_fake,True,correct
char_tfidf,fake_1498,1498,1,fake,"Hapi i madh i Ramës, arreston zyrtarin e larte te LVV / Reagon Kurti ..",95,short_61_120,0.08545237182057541,0.9145476281794246,1,likely_fake,True,correct
char_tfidf,fake_1503,1503,1,fake,"Afrim Muqiqi jep lajmin e madh, nga kjo datë dasmat do të bahen dhe urime të gjithëve",83,short_61_120,0.009689549453040236,0.9903104505469598,1,likely_fake,True,correct
char_tfidf,fake_1511,1511,1,fake,"Ak sident i tm errshëm , treni g odet veturën me 5 u dhëtarë",90,short_61_120,0.021905077492925584,0.9780949225070744,1,likely_fake,True,correct
char_tfidf,fake_1513,1513,1,fake,"Ky është shteti, qytetarët e të cilit tr.adhtojnë më shumë partnerin",99,short_61_120,0.021813998407089197,0.9781860015929108,1,likely_fake,True,correct
char_tfidf,fake_1519,1519,1,fake,"Dorëzohet Vuçiqi, vendos ta pranon Republikën e Kosovës për shkak të kësaj arsye?",73,short_61_120,0.002505414108833648,0.9974945858911664,1,likely_fake,True,correct
char_tfidf,fake_1531,1531,1,fake,"E fundit! Shp.ërthen bo.mbula e gazit, e moshuara në gjendje të rëndë",92,short_61_120,0.12578958459939482,0.8742104154006052,1,likely_fake,True,correct
char_tfidf,fake_1533,1533,1,fake,EKSLUZIVE – Ja kush po i kerkon Albinit debat televiziv nuk do ta besoni,87,short_61_120,0.0004180591842281034,0.9995819408157719,1,likely_fake,True,correct
char_tfidf,fake_1538,1538,1,fake,"Ndërron jetë këngëtarja e njohur, pati g.oditje në tru",78,short_61_120,0.07087837954201315,0.9291216204579869,1,likely_fake,True,correct
char_tfidf,fake_1542,1542,1,fake,"HlSTORlA e shqiptarit që ka HABlTUR rrjetet sociaIe, a ja vIen të Ie gruan për rusen e pasur",100,short_61_120,0.014860225733600019,0.9851397742664,1,likely_fake,True,correct
char_tfidf,fake_1544,1544,1,fake,"Gold AG p ublikon këngën e re, krejt Mediat serbe po shkruajn",88,short_61_120,0.013202042376461276,0.9867979576235387,1,likely_fake,True,correct
char_tfidf,fake_1545,1545,1,fake,Nuk do ta besoni qfare thote Glauk Konjufca per kreun e LVV-se,90,short_61_120,0.0033156270887979566,0.996684372911202,1,likely_fake,True,correct
char_tfidf,fake_1547,1547,1,fake,"Izraeli apo Turqia, cila e ka u shtrinë më të fortë",81,short_61_120,0.14804817641396917,0.8519518235860308,1,likely_fake,True,correct
char_tfidf,fake_1551,1551,1,fake,"Presidentja E Kroacisë I’a Thotë Në Sy Mogherinit: Kosovës Duhet Të I’a Jepni Liberalizimin, Sepse Kosovarët E Meritojnë Këtë Gjë Dhe Shumë Gjëra Tjera!",91,short_61_120,0.004030140883583555,0.9959698591164164,1,likely_fake,True,correct
char_tfidf,fake_1552,1552,1,fake,E pabesueshme: Adelina rr.ëfen se si e ka kapur politikanin e njohur duke vje.dhur para,90,short_61_120,0.009885575101085231,0.9901144248989148,1,likely_fake,True,correct
char_tfidf,fake_1556,1556,1,fake,Jam tri.shtuar nga vd.ekja tra.gjike e të riut 26-vjeçar nga Gjilani,92,short_61_120,0.023576394185713445,0.9764236058142866,1,likely_fake,True,correct
char_tfidf,fake_1557,1557,1,fake,"E FUNDIT: Paralajmërimi i Kurtit dr.idh Kosoven, ja qka tha",96,short_61_120,0.00176190957777822,0.9982380904222218,1,likely_fake,True,correct
char_tfidf,fake_1563,1563,1,fake,"Pacolli: Telefonin e kam përplot me kë.rcënime, jam i fr.ikësuar nga militantet e VV-së!!",100,short_61_120,0.010672688816604214,0.9893273111833958,1,likely_fake,True,correct
char_tfidf,fake_1564,1564,1,fake,"LDK para cop.ëtimit – ka përpl.asje të mëdha, zbulohet se disa figura të larta partiake",92,short_61_120,0.15684898575794004,0.84315101424206,1,likely_fake,True,correct
char_tfidf,fake_1567,1567,1,fake,"Po pastronte shtëpinë e gjyshërve kur gjeti diçka në dysheme, kur e hapi u sh.okua nga ajo që pa",114,short_61_120,0.016007523598212448,0.9839924764017876,1,likely_fake,True,correct
char_tfidf,fake_1568,1568,1,fake,Lajm i mire/ Me ne fund del data se kur do levizim me makina pa marr leje,97,short_61_120,0.007391101032208636,0.9926088989677914,1,likely_fake,True,correct
char_tfidf,fake_1569,1569,1,fake,Rama pu.blikon statistikat/ Shqipëria vendi europian që ka menaxhuar më mirë situatën e CoVi.d-19,111,short_61_120,0.02257409194269977,0.9774259080573002,1,likely_fake,True,correct
char_tfidf,fake_1574,1574,1,fake,Nuk ishte t.ërmet as v.ullkan por diçka e fr.ikshme që rallë kush …,99,short_61_120,0.012496171473929119,0.9875038285260709,1,likely_fake,True,correct
char_tfidf,fake_1593,1593,1,fake,Lajmi tr.ondit mediat greke e italiane: Nexhmija e dinte që Enveri…,101,short_61_120,0.04411551004882441,0.9558844899511756,1,likely_fake,True,correct
char_tfidf,fake_1594,1594,1,fake,"Pamje shokuese , gruaja hidhet nga ballkoni i PALLATIT ! (Video)",55,very_short_le_60,0.0013327076459668241,0.9986672923540332,1,likely_fake,True,correct
char_tfidf,fake_1601,1601,1,fake,Vjen SUPER LAJMI Italianët bëjnë zbulimin që do na rikthejë në normalitet nga COVID-19,192,medium_121_250,0.014679637308718685,0.9853203626912813,1,likely_fake,True,correct
char_tfidf,fake_1606,1606,1,fake,"LAJMI I FUNDIT: E shpërfilli  virusin COVID-19, Presidenti del Pozitiv i…!",122,medium_121_250,0.3165794757125253,0.6834205242874747,1,uncertain,True,correct
char_tfidf,fake_1609,1609,1,fake,"LAJMI I FUNDIT: Ky është super lajm,Mjeku jep shpresë  sa i perket COVID-19, për popullin e Kosovës!",127,medium_121_250,0.05913187821267929,0.9408681217873207,1,likely_fake,True,correct
char_tfidf,fake_1610,1610,1,fake,"LAJMI I FUNDIT: Tronditet skena politike, pas shum rastev me Koronavirus jep doreheqje Ministri i Shendetsise në…!",150,medium_121_250,0.10892626197726785,0.8910737380227322,1,likely_fake,True,correct
char_tfidf,fake_1611,1611,1,fake,E FUNDIT: Do befasoheni Çfarë i bëri sot bashkë Vjosa Osmanin dhe Albin Kurtin?,113,short_61_120,0.009725961595588473,0.9902740384044115,1,likely_fake,True,correct
char_tfidf,fake_1613,1613,1,fake,"Veton Surroi: UÇK nuk ishte ushtri çlirimtare, po kan lyp me…!",122,medium_121_250,0.04524778175667943,0.9547522182433206,1,likely_fake,True,correct
char_tfidf,fake_1616,1616,1,fake,"LAJM I PAPRITUR KY!: Vjosa Osmani Presidente e vendit, ja si dhe kur mund të ndodh?",149,medium_121_250,0.004545435442816159,0.9954545645571838,1,likely_fake,True,correct
char_tfidf,fake_1619,1619,1,fake,Fatmir Limaj: ”Albini as pragun ska me kalu ne Zgjedhje te reja keni me pa O Popull”? – VIDEO,114,short_61_120,0.003523935005852352,0.9964760649941476,1,likely_fake,True,correct
char_tfidf,fake_1622,1622,1,fake,Shpërthen Ganimete Musliu kundër VV-së: Të pafytyrë e po t’ja…!,118,short_61_120,0.08256534585135478,0.9174346541486452,1,likely_fake,True,correct
char_tfidf,fake_1624,1624,1,fake,"LAJMI I FUNDIT: Pas aktakuzës ndaj Thaçit e Veselit, PDK merr këtë vendim te papritur nga askush..!",132,medium_121_250,0.09518331123950974,0.9048166887604903,1,likely_fake,True,correct
char_tfidf,fake_1625,1625,1,fake,"Kjo video nga Glauk Konjufca ta bën Zemrën mal, Ja çka thoshte ai për Gjykatën Speciale",85,short_61_120,0.0067220877698014325,0.9932779122301986,1,likely_fake,True,correct
char_tfidf,fake_1641,1641,1,fake,Tunës ka përfunduar në këtë gjendje pas shum se…!,78,short_61_120,0.6139779494790965,0.3860220505209036,0,uncertain,False,false_negative
char_tfidf,fake_1647,1647,1,fake,"Nuk është më kryeministër, por Oriola tregon hapur simpatinë e saj për Albin Kurtin",104,short_61_120,0.011483855915015662,0.9885161440849843,1,likely_fake,True,correct
char_tfidf,fake_1648,1648,1,fake,Godet Thaci : o Albin e more popullin nqaf me ato protesta shikoje numrin e te inf ekt uarve o ti po lyp…?,92,short_61_120,0.001115454005044425,0.9988845459949556,1,likely_fake,True,correct
char_tfidf,fake_1653,1653,1,fake,Mjeku shqiptar trondit botën: Ja çfarë i pret të gjithë njerëzit e prekur nga COVID-19,375,long_gt_250,0.7348579000492876,0.26514209995071236,0,likely_real,False,false_negative
char_tfidf,fake_1655,1655,1,fake,LAJMI I FUNDIT – Ja cili politikan i VV-s do te arrestohet nga Gjykata Speciale,118,short_61_120,0.003066313486662975,0.996933686513337,1,likely_fake,True,correct
char_tfidf,fake_1659,1659,1,fake,Kallashi O Albin Ta Hongsha Zemren Ty Je Zemra Kosoves Per Ty Kisha Vallzu Tanë Naten Ne…,151,medium_121_250,7.240258346963291e-05,0.9999275974165304,1,likely_fake,True,correct
char_tfidf,fake_1660,1660,1,fake,"Kosovë, Pacienti Me Koronavirus Nga Spitali I Qon “Selam“ Labinot Tahirit (Video)",129,medium_121_250,0.002022524788433344,0.9979774752115667,1,likely_fake,True,correct
char_tfidf,fake_1667,1667,1,fake,"VIDEO EKSLUZIVE:Nëse Ke Ndonjë Nga Këto Monedha, Mund Të Bëhesh Shumë I Pasur Ja Pse",196,medium_121_250,0.054819803556783064,0.9451801964432169,1,likely_fake,True,correct
char_tfidf,fake_1674,1674,1,fake,LAJMI I FUNDIT – Bota po perballet nga nje rre zik tjeter ja per qfar behet fjale,145,medium_121_250,0.0937995558758371,0.9062004441241629,1,likely_fake,True,correct
char_tfidf,fake_1675,1675,1,fake,Befason Thaçi: ‘Sa tjem gjall une Albini asnjehere nuk do te vendos per Kosoven sdo ta lejoj me…!,198,medium_121_250,0.10833175340711498,0.891668246592885,1,likely_fake,True,correct
char_tfidf,fake_1676,1676,1,fake,Fatos Lubonja: Hashim Thaçi ka ber vepra te k eqia ndaj serbë të pafajshëm!! Ska vy me i bo,247,medium_121_250,0.03624881678764991,0.9637511832123501,1,likely_fake,True,correct
char_tfidf,fake_1687,1687,1,fake,Kjo Grua Nga Prishtina Në Ballkon Dhe Ajo Që Bën Më Ç.Mend Kalimtaret.. (Video),134,medium_121_250,0.08842683667208395,0.911573163327916,1,likely_fake,True,correct
char_tfidf,fake_1692,1692,1,fake,LAJMI I FUNDIT – Nuk do ta besoni qfar do te ndodhe ne Kosove,135,medium_121_250,0.36345909873025173,0.6365409012697483,1,uncertain,True,correct
char_tfidf,fake_1697,1697,1,fake,Shpallja e gjendjes së jashtëzakonshme në Kosovë/ Nuk do të ketë bllokim të plotë,167,medium_121_250,0.009363484366107677,0.9906365156338923,1,likely_fake,True,correct
char_tfidf,fake_1698,1698,1,fake,"Prekese: Sot u bëra nene pas 10 viteve martes, jam Nene e Trinjakëve, kush me uron i dhent Zoti ate qe i mungon ..",221,medium_121_250,0.0007492826359070115,0.999250717364093,1,likely_fake,True,correct
char_tfidf,fake_1700,1700,1,fake,"Pipero: Jep lajmin e madh që e kemi pritur të gjithë, “Koronavirusi nuk do të…”",229,medium_121_250,0.679364860558871,0.320635139441129,0,uncertain,False,false_negative
char_tfidf,fake_1711,1711,1,fake,Video Eksluzive: Shikojeni Çka I Ndodhi Ketij Mërgimtarit Nga Kosova Në Finlandë,173,medium_121_250,0.018741745010031674,0.9812582549899683,1,likely_fake,True,correct
char_tfidf,fake_1714,1714,1,fake,Godet Kallashi ja qka thot per Albinin nuk do ta besoni,159,medium_121_250,0.002282063887434238,0.9977179361125658,1,likely_fake,True,correct
char_tfidf,fake_1720,1720,1,fake,EKSLUZIVE – Vjosa Osmani zbulon detajet e partise te saj te re ja deputet sdo ta besoni,180,medium_121_250,0.056842471067111044,0.943157528932889,1,likely_fake,True,correct
char_tfidf,fake_1729,1729,1,fake,Kush dhe pse e duan të vdekur Gani Gecin ???,177,medium_121_250,0.036512487911693814,0.9634875120883062,1,likely_fake,True,correct
char_tfidf,fake_1730,1730,1,fake,"Hoti do mbetet kryeministri më i suksesshëm në historinë e Kosovës, nëse Vuçiqi nuk e bën këtë",130,medium_121_250,0.11197887192096667,0.8880211280790333,1,likely_fake,True,correct
char_tfidf,fake_1732,1732,1,fake,Haki Abazi dridhe skenen politike ne Kosove me kete qe tha!,162,medium_121_250,0.9419599212203587,0.058040078779641326,0,likely_real,False,false_negative
char_tfidf,fake_1737,1737,1,fake,Paralajmërohet ‘tronditja’ e madhe për PDK-në: Ja dy përplasjet e forta në këtë parti,88,short_61_120,0.00042664231242883766,0.9995733576875712,1,likely_fake,True,correct
char_tfidf,fake_1738,1738,1,fake,Tomë Gashi publikon videon e Besa Gaxherrit që tronditi Hashim Thaçin,122,medium_121_250,0.0009722139937724528,0.9990277860062275,1,likely_fake,True,correct
char_tfidf,fake_1740,1740,1,fake,Lajm bomb: Arrestohet djali i deputeti te Partis Demokratike,99,short_61_120,0.1657050473387196,0.8342949526612804,1,likely_fake,True,correct
char_tfidf,fake_1742,1742,1,fake,A eshte normal ky njeri? Kjo qe tha Mustafo Nano per Kosoven do iu cmend dhe nervozoj,107,short_61_120,0.00035753935604077025,0.9996424606439592,1,likely_fake,True,correct
char_tfidf,fake_1746,1746,1,fake,"Hiqen te gjitha dyshimet, Kjo eshte partia e re e formuar nga Vjosa Osmani",98,short_61_120,0.0006832489273937981,0.9993167510726062,1,likely_fake,True,correct
char_tfidf,fake_1755,1755,1,fake,Çfarë sinjali po dërgon Ganimete Musliu tek Albin Kurti me një deklaratë të Ramush Haradinajt – përmendet vrasja e Fehmi Aganit!,65,short_61_120,1.489151224509655e-05,0.9999851084877549,1,likely_fake,True,correct
char_tfidf,fake_1757,1757,1,fake,"Ngjarje shokuese vjen nga Gjakova , atje sapo ndodhi kjo gje e keqe",69,short_61_120,0.0003677217514727049,0.9996322782485273,1,likely_fake,True,correct
char_tfidf,fake_1767,1767,1,fake,"Pamje të rralla, kur Leonora Jakupi shetiste me aeroplan në Drenicë  VIDEO",95,short_61_120,0.5063682745671243,0.4936317254328757,0,uncertain,False,false_negative
char_tfidf,fake_1768,1768,1,fake,Paralajmëroj katastrofë në Kosovë: Ja çka thotë Lul Raka,79,short_61_120,0.00034412685791784803,0.9996558731420822,1,likely_fake,True,correct
char_tfidf,fake_1783,1783,1,fake,"Një bionde kosovare kaq ekzotike, Blerta Veseli çmend me pozat në bikini",66,short_61_120,0.0001915125410436591,0.9998084874589563,1,likely_fake,True,correct
char_tfidf,fake_1785,1785,1,fake,"Viti 2020 vit i mallkuar, Zbulohet virusi tjeter me i rrezikshme se Koronavirusi",76,short_61_120,0.00017233742583699918,0.999827662574163,1,likely_fake,True,correct
char_tfidf,fake_1790,1790,1,fake,"Vjen nje goditje e rende per Arben Vitine , edhe kjo u tha per te!",104,short_61_120,0.003439726627215478,0.9965602733727845,1,likely_fake,True,correct
char_tfidf,fake_1795,1795,1,fake,"Nora i deklason të gjitha, shfaqet veç në bikini nga plazhi ekspozon trupin si ‘peshk’",100,short_61_120,0.010730993868574568,0.9892690061314254,1,likely_fake,True,correct
char_tfidf,fake_1799,1799,1,fake,"Aksidente i rende ne Kosove , vdes ne vend ky person EMRI",67,short_61_120,0.000504711523626189,0.9994952884763738,1,likely_fake,True,correct
char_tfidf,fake_1804,1804,1,fake,ALARMANTE/ Qeveria Hoti po na çon në katastrofë DETAJE EKSKLUZIVE,165,medium_121_250,0.7674992677325974,0.23250073226740267,0,likely_real,False,false_negative
char_tfidf,fake_1811,1811,1,fake,Ky turp u dëgjua mbrëmë në Kosovë! Kështu bërtiti serbi,85,short_61_120,0.005812060419328358,0.9941879395806716,1,likely_fake,True,correct
char_tfidf,fake_1814,1814,1,fake,"Ekspertët japin në alarm tjetër të keq: Vala e dytë ne Kosove e Covid-19 do nisë, ja kur",226,medium_121_250,0.007561633744659457,0.9924383662553405,1,likely_fake,True,correct
char_tfidf,fake_1815,1815,1,fake,A ekziston Virusi apo jo? Ky eshte lajmi i Fundit,96,short_61_120,0.0032709380946732702,0.9967290619053267,1,likely_fake,True,correct
char_tfidf,fake_1819,1819,1,fake,"Kina paralajmëron botën: Keni kujdes, pneumoni vdekjeprurëse nga Kazakistani!",112,short_61_120,0.009042852185074612,0.9909571478149254,1,likely_fake,True,correct
char_tfidf,fake_1820,1820,1,fake,"Shikon nje femije ne liqen, hyn ta shpetoje dhe shok.o.h.et nga ajo qe zbulon",89,short_61_120,2.2982122031112162e-05,0.9999770178779689,1,likely_fake,True,correct
char_tfidf,fake_1826,1826,1,fake,"Hoteli 5 yje: 30 euro nata me ‘mëngjes, darkë dhe çadër’, bëhet fjalë për këtë bregdet të Shqipërisë",96,short_61_120,0.0007471602455344506,0.9992528397544655,1,likely_fake,True,correct
char_tfidf,fake_1832,1832,1,fake,Publikohen emrat e nëntë aktorëve të ndarjes së Kosovës/ Sali Berisha: Ja trojka kryesore,109,short_61_120,0.0051267745430699785,0.99487322545693,1,likely_fake,True,correct
char_tfidf,fake_1834,1834,1,fake,"Gjendja e Jashtëzakonshme? Flet Hashim Thaçi, ka një thirrje të fundit për qytetarët e Kosovës",109,short_61_120,0.002167881228626989,0.997832118771373,1,likely_fake,True,correct
char_tfidf,fake_1839,1839,1,fake,"Video Eksluzive:U Mundua T’i Prishte Martesën Me Tjetrën, I Shoqi E Tërheq Zvarrë Për Flokësh",104,short_61_120,0.07530219108198999,0.92469780891801,1,likely_fake,True,correct
char_tfidf,fake_1848,1848,1,fake,Me këtë imazh Edona po e dëshmon që vajza po bëhet më e bukur se nëna,96,short_61_120,0.8465931992442924,0.15340680075570753,0,likely_real,False,false_negative
char_tfidf,fake_1861,1861,1,fake,"Vetëm një lugë nga kjo përbërje çdo mëngjes dhe zorrët tuaja do të pastrohen nga mbetjet, në 2 minuta!",375,long_gt_250,0.6839611075956651,0.31603889240433497,0,uncertain,False,false_negative
char_tfidf,fake_1873,1873,1,fake,Zbulim i ri: Kjo simptomë e re e koronavirusit po shfaqet tek të moshuarit,448,long_gt_250,0.9519385137965115,0.04806148620348847,0,likely_real,False,false_negative
char_tfidf,fake_1874,1874,1,fake,Si të bini nga pesha në dy javë duke konsumuar vezë të ziera,441,long_gt_250,0.19956948450559464,0.8004305154944054,1,likely_fake,True,correct
char_tfidf,fake_1885,1885,1,fake,"Infermierja e infektuar me Covid-19 i lutet kolegëve: Mos më lini të vdes, kam fëmijë",247,medium_121_250,0.6967626416747719,0.3032373583252281,0,uncertain,False,false_negative
char_tfidf,fake_1894,1894,1,fake,"Merret nëpërmjet hundës, ky është ilaçi që pritet të kurojë koronavirusin",162,medium_121_250,0.3406332235103047,0.6593667764896953,1,uncertain,True,correct
char_tfidf,fake_1898,1898,1,fake,"Për kokë të mamit e kapa”, filmojnë “diskun” e çuditshëm që lëviz nëpër qiellin e Tiranës: Është UFO… e kapa, e kapa për Zotin e Madh!",100,short_61_120,0.012260523952109748,0.9877394760478903,1,likely_fake,True,correct
char_tfidf,fake_1904,1904,1,fake,"E mbajti të fshehtë, zbulohet më në fund kush është i dashuri i Fifit",130,medium_121_250,0.2967839875567724,0.7032160124432276,1,likely_fake,True,correct
char_tfidf,fake_1906,1906,1,fake,Befason profesori italian: Ka një kurë që e Zhduk Koronavirusin brenda 48 orëve,826,long_gt_250,0.9789258283070111,0.02107417169298886,0,likely_real,False,false_negative
char_tfidf,fake_1912,1912,1,fake,"Konfirmohet frika e kancelares Merkel, kjo është duke ndodhur me COVID-19 në Gjermani",206,medium_121_250,0.692744497923518,0.307255502076482,0,uncertain,False,false_negative
char_tfidf,fake_1913,1913,1,fake,Nuk ua merr mendja sa e bukur është bashkëshortja e Gold Ag,130,medium_121_250,0.5698638821170636,0.4301361178829364,0,uncertain,False,false_negative
char_tfidf,fake_1917,1917,1,fake,Hëna që ju zgjidhni tregon tipin e personit me të cilin do të dashuroheni,370,long_gt_250,0.9380858996388515,0.06191410036114853,0,likely_real,False,false_negative
char_tfidf,fake_1920,1920,1,fake,"Gjethet e limonit, zgjidhja natyrale për problemet me fytin, migrenën dhe astmën!",332,long_gt_250,0.6630092079021066,0.3369907920978934,0,uncertain,False,false_negative
char_tfidf,fake_1923,1923,1,fake,"Hoxha i njohur nga Peja: Shkuarja në diskotekë nuk është haram, unë vetëm kam qenë aty",129,medium_121_250,0.28831420621007164,0.7116857937899284,1,likely_fake,True,correct
char_tfidf,fake_1925,1925,1,fake,"Te gjithe Shqiptaret lene koken pas tyre, por ja se cfare nuk keni ditur per to, kur ta merrni vesh do t’i hani dhe me shume",472,long_gt_250,0.6452212880809483,0.3547787119190518,0,uncertain,False,false_negative
char_tfidf,fake_1928,1928,1,fake,Merrini gjethet e rrushit dhe ruajini ne ngrirje te frigoriferit dhe pervec japrakut ju do te beni dhe dicka tjeter fantastike,180,medium_121_250,0.1535443370284869,0.8464556629715131,1,likely_fake,True,correct
char_tfidf,fake_1931,1931,1,fake,Rezultoi 100% e suksesshme/ BE mbështet kurën izraelite kundër koronavirusit,171,medium_121_250,0.5329333266054077,0.46706667339459235,0,uncertain,False,false_negative
char_tfidf,fake_1932,1932,1,fake,Flet mjekja shqiptare në Kanada: Si të trajtoni virusin në kushtet e shtëpisë,2376,long_gt_250,0.9997687937567425,0.0002312062432574857,0,likely_real,False,false_negative
char_tfidf,fake_1933,1933,1,fake,Erdogan vjen me një paralajmërim për mbarë njerëzimin,77,short_61_120,0.01829301897331015,0.9817069810266899,1,likely_fake,True,correct
char_tfidf,fake_1935,1935,1,fake,TRAGJlKE: Këngëtarja e njohur humb tre familjarë në një ditë prej Korona Virus,103,short_61_120,0.09060184154000861,0.9093981584599914,1,likely_fake,True,correct
char_tfidf,fake_1938,1938,1,fake,"Nobelisti japonez shokon botën: Koronavirusi u prodhua nga Kina, asnjë prej miqve të mi në Wuhan s’ma hap telefonin",353,long_gt_250,0.8042152015861026,0.19578479841389745,0,likely_real,False,false_negative
char_tfidf,fake_1939,1939,1,fake,Vjosa Osmani ia dërgon një “selam” LDK-së pak ditë para votimit të Qeverisë së re..,146,medium_121_250,0.03069524317568839,0.9693047568243116,1,likely_fake,True,correct
char_tfidf,fake_1951,1951,1,fake,Peci: Ukaj i tha kryetares Osmani “Ule gishtin se ta fus në b*** e ta…!?”,189,medium_121_250,0.116414288460718,0.883585711539282,1,likely_fake,True,correct
char_tfidf,fake_1960,1960,1,fake,"LAJMI I FUNDIT: Ky eshte vendimi i Vjosa Osmanit, formon partin e re?",117,short_61_120,0.025999826615846766,0.9740001733841532,1,likely_fake,True,correct
char_tfidf,fake_1963,1963,1,fake,"Me rrudha dhe e plakur, ‘Nermin’ nuk njihet më!",94,short_61_120,0.0003223355304532438,0.9996776644695468,1,likely_fake,True,correct
char_tfidf,fake_1967,1967,1,fake,"Lajm i madh sapo erdhi, nga Gjermania per Kosovën! URIMEE!",81,short_61_120,0.0020558866873877646,0.9979441133126122,1,likely_fake,True,correct
char_tfidf,fake_1979,1979,1,fake,Lajm i madh sa erdhi nga Gjermani: Ja kur do të hiqen vizat për Kosovën! URIMEE!,118,short_61_120,0.0026406857278677975,0.9973593142721322,1,likely_fake,True,correct
char_tfidf,fake_1982,1982,1,fake,LAJMI I FUNDIT – Grenell merr kete vendim per Kosoven URIME !,106,short_61_120,0.026358088608662178,0.9736419113913378,1,likely_fake,True,correct
char_tfidf,fake_1988,1988,1,fake,"E FUNDIT: Harrojeni Koronavirusin, Ngjarje e rende po ndodhe ne Kosove",79,short_61_120,0.021657778002679096,0.9783422219973209,1,likely_fake,True,correct
char_tfidf,fake_1991,1991,1,fake,Eskalon gjithqka Gashi- Vjosa Osmanit: A je normal…? – Reagon kryeparlamentarja,120,short_61_120,0.2869233987642996,0.7130766012357004,1,likely_fake,True,correct
word_char_tfidf,true_24,24,0,real,"Po, pajtohem me ambasadorin e ShBA-së",391,long_gt_250,0.9949709402517459,0.0050290597482541026,0,likely_real,True,correct
word_char_tfidf,true_30,30,0,real,Zemaj: Testi për COVID-19 nuk u kërkohet qytetarëve që vijnë nga Shqipëria dhe Serbia,362,long_gt_250,0.9947456299710037,0.00525437002899626,0,likely_real,True,correct
word_char_tfidf,true_31,31,0,real,Mjeku shqiptar: Mos u ndjeni të mbrojtur apo supermenë vetëm se keni maskë!,175,medium_121_250,0.8198570202632802,0.18014297973671975,0,likely_real,True,correct
word_char_tfidf,true_33,33,0,real,LVV në Tiranë kundër ndryshimeve kushtetuese: Deformojnë vullnetin e qytetarëve dhe sistemin zgjedhor,488,long_gt_250,0.9868272894133912,0.013172710586608868,0,likely_real,True,correct
word_char_tfidf,true_45,45,0,real,BE demanton mediat serbe të cilat raportuan se Brukseli po i jep ultimatum Serbisë për Kosovën,213,medium_121_250,0.670106488956066,0.3298935110439341,0,uncertain,True,correct
word_char_tfidf,true_46,46,0,real,"Reagon Mimoza Kusari për sulmin ndaj deputetit të VV-së: Kur ju iku marrja, ju iku edhe mendja e gënjejnë pa turp",118,short_61_120,0.6283412005699309,0.371658799430069,0,uncertain,True,correct
word_char_tfidf,true_50,50,0,real,"Detyrim për test corone në Gjermani, por si funksionon ai?",775,long_gt_250,0.9913025679647446,0.008697432035255467,0,likely_real,True,correct
word_char_tfidf,true_57,57,0,real,"Hoti: Autobusët, taksitë dhe kombibusët do të punojnë me gjysmën e kapaciteteve",65,short_61_120,0.7797678992798365,0.22023210072016355,0,likely_real,True,correct
word_char_tfidf,true_60,60,0,real,33-vjeçarja e sëmurë u përdhunua nga fqinji/ Apeli prekës i vëllait,262,long_gt_250,0.9104835550125245,0.08951644498747548,0,likely_real,True,correct
word_char_tfidf,true_64,64,0,real,"Thaçi viziton familjen e Murat dhe Enver Halitit, ndan urdhërin “Hero i Kosovës”",148,medium_121_250,0.4442815157483836,0.5557184842516164,1,uncertain,False,false_positive
word_char_tfidf,true_66,66,0,real,Gjiganti turk bën gati ofertën zyrtare për djaloshin e Kosovës,209,medium_121_250,0.9793378524092138,0.020662147590786186,0,likely_real,True,correct
word_char_tfidf,true_68,68,0,real,Zemaj e konfirmon: Qytetarëve të Shqipërisë që hyjnë në Kosovë nuk u kërkohet testi Covid-19,190,medium_121_250,0.9673262521493708,0.032673747850629126,0,likely_real,True,correct
word_char_tfidf,true_70,70,0,real,"Nis Haxhi, BIK ka një njoftim për besimtarët myslimanë",199,medium_121_250,0.9437461319338684,0.056253868066131606,0,likely_real,True,correct
word_char_tfidf,true_71,71,0,real,"Çfarë kërkuan serbet në Rambuje, e çfarë po kërkon sot Serbia nga Kosova",245,medium_121_250,0.7656362030590473,0.23436379694095263,0,likely_real,True,correct
word_char_tfidf,true_77,77,0,real,Qeveria po na e bëjka varrimin kur të vdesim nga COVID-19...,127,medium_121_250,0.8478217932372181,0.15217820676278193,0,likely_real,True,correct
word_char_tfidf,true_79,79,0,real,Mësoni kush është bashkëshortja e Driton Selmanajt,171,medium_121_250,0.44364974786384115,0.5563502521361589,1,uncertain,False,false_positive
word_char_tfidf,true_100,100,0,real,Parashikon Albulena Haxhiu: Shpejt shihemi në zgjedhje të jashtëzakonshme,258,long_gt_250,0.9566098834786593,0.04339011652134073,0,likely_real,True,correct
word_char_tfidf,true_101,101,0,real,"Gjurmimi i COVID-19, cilat vende po e përjetojnë valën e dytë?",597,long_gt_250,0.9919286620397622,0.008071337960237842,0,likely_real,True,correct
word_char_tfidf,true_110,110,0,real,"Arbana Xharra: Erdogan ndërton xhami te ne, kurse në Serbi çon biznesmenë",270,long_gt_250,0.8250141825324915,0.17498581746750855,0,likely_real,True,correct
word_char_tfidf,true_112,112,0,real,"Masat kundër pandemisë, qeveria merr vendim edhe për çerdhet",74,short_61_120,0.951224091434875,0.048775908565125,0,likely_real,True,correct
word_char_tfidf,true_116,116,0,real,Shtyhet gjykimi ndaj të akuzuarve për vrasjen e rojës së lokalit “Bon Vivant”,1192,long_gt_250,0.99953689480628,0.00046310519371997616,0,likely_real,True,correct
word_char_tfidf,true_121,121,0,real,"Makiqi: Zotëri Hashani, kjo që e ke shkruar është rrena më e madhe! Qysh ki fytyrë...",973,long_gt_250,0.9858926710178271,0.014107328982172908,0,likely_real,True,correct
word_char_tfidf,true_124,124,0,real,Ja vendimet e fundit nga Qeveria e Kosovës për aktivitetet kulturore e sportive,101,short_61_120,0.9081109367306229,0.09188906326937707,0,likely_real,True,correct
word_char_tfidf,true_125,125,0,real,"Më në fund, Isa Mustafa e “pranoi” se e prishi koalicionin me VV-në",293,long_gt_250,0.7523598455878664,0.2476401544121336,0,likely_real,True,correct
word_char_tfidf,true_129,129,0,real,"Burri pranon vrasjen e gruas gjatë pushimeve në Francë, para se të merrte avionin për t’u kthyer",365,long_gt_250,0.9769095672679862,0.023090432732013846,0,likely_real,True,correct
word_char_tfidf,true_136,136,0,real,“Rrethohet Kuvendi i Kosovës - rrahën e shkallmohen në dajak - Deputetët e VV-së!?”,165,medium_121_250,0.9563649547113333,0.04363504528866667,0,likely_real,True,correct
word_char_tfidf,true_163,163,0,real,Kujtim Shala polemizon me Meliza Haradinajn,179,medium_121_250,0.9151552211457126,0.08484477885428744,0,likely_real,True,correct
word_char_tfidf,true_164,164,0,real,Flet zëvendëskryemistrja: Nuk do të ketë vendim që obligon qytetarët të vetizolohen pas kthimit nga Shqipëria,393,long_gt_250,0.9796988292537244,0.020301170746275524,0,likely_real,True,correct
word_char_tfidf,true_169,169,0,real,Deputetja Albena Reshitaj tregon se është shëruar nga koronavirusi,231,medium_121_250,0.9519005986193212,0.048099401380678794,0,likely_real,True,correct
word_char_tfidf,true_174,174,0,real,"Hashani: Aziz Makiqi, ku keni qenë ju gjatë okupimit?",181,medium_121_250,0.8450436804357326,0.1549563195642674,0,likely_real,True,correct
word_char_tfidf,true_176,176,0,real,"Ministri Reçica viziton OVL-në, të lejohet përfitimi i pensioneve",224,medium_121_250,0.9582331476512616,0.04176685234873848,0,likely_real,True,correct
word_char_tfidf,true_186,186,0,real,Aziz Makiqi: Disa njerëz në FHK kanë bërë çmos të mos na lejojnë t’i afrohemi Federatës,1091,long_gt_250,0.99716296036838,0.002837039631619951,0,likely_real,True,correct
word_char_tfidf,true_189,189,0,real,Novosti: Tri vende janë të gatshme të rishqyrtojnë vendimin për njohjen e Kosovës,183,medium_121_250,0.9621232700463179,0.03787672995368205,0,likely_real,True,correct
word_char_tfidf,true_195,195,0,real,Ky është deputeti i radhës nga Vetëvendosje i infektuar me COVID-19,97,short_61_120,0.8507918507585663,0.14920814924143364,0,likely_real,True,correct
word_char_tfidf,true_197,197,0,real,Kryetari i Prizrenit “ashpërsohet” me masat e Qeverisë,211,medium_121_250,0.9896322670281049,0.010367732971895086,0,likely_real,True,correct
word_char_tfidf,true_204,204,0,real,"A do të falet Kurban Bajrami në xhami? – Zemaj: Tubimet në masë, nga dita e nesërme do të ndalohen",197,medium_121_250,0.926939600980793,0.07306039901920704,0,likely_real,True,correct
word_char_tfidf,true_211,211,0,real,Google merr vendimin e papritur për punonjësit e vet,158,medium_121_250,0.5581377160395911,0.44186228396040894,0,uncertain,True,correct
word_char_tfidf,true_212,212,0,real,"I moshuari nga Ferizaj akuzon shumë rëndë Thaçin dhe Veselin, kërkon të hiqet fotografia e tyre",118,short_61_120,0.18745948504221455,0.8125405149577855,1,likely_fake,False,false_positive
word_char_tfidf,true_213,213,0,real,"Tetë të vdekur e numër rekord rastesh të reja me COVID-19, vjen alarmi i zyrtarit të LDK-së: Gjendja është shumë serioze",212,medium_121_250,0.9724336505480592,0.02756634945194078,0,likely_real,True,correct
word_char_tfidf,true_219,219,0,real,"Policia ndalon ngjarjen, boksieri shqiptar nuk kursehet: Kush ma paguan...",429,long_gt_250,0.9893821492953613,0.010617850704638679,0,likely_real,True,correct
word_char_tfidf,true_221,221,0,real,"Emocionuese, mërgimtari takohet me prindërit pas pesë vitesh",151,medium_121_250,0.22509226108180924,0.7749077389181908,1,likely_fake,False,false_positive
word_char_tfidf,true_232,232,0,real,Këshilltari i Bidenit e vlerëson lart Thaçin,170,medium_121_250,0.5329167133058343,0.46708328669416566,0,uncertain,True,correct
word_char_tfidf,true_234,234,0,real,"“Oj e shkretë”, kështu Vjosa Osmani i përgjigjet Avdullah Hotit",177,medium_121_250,0.5357049180843108,0.46429508191568925,0,uncertain,True,correct
word_char_tfidf,true_238,238,0,real,Mehmeti: Hotin askush nuk e merr për seriozisht,236,medium_121_250,0.9531817478678924,0.046818252132107586,0,likely_real,True,correct
word_char_tfidf,true_240,240,0,real,Raporti evropian: Si e kapën shqiptarët tregun e drogës ne Evropë me çmime të ulëta dhe cilësi të lartë,1495,long_gt_250,0.9959028098121384,0.004097190187861546,0,likely_real,True,correct
word_char_tfidf,true_248,248,0,real,"Cubat e maleve, s'ka kush i bën bashkë?!",624,long_gt_250,0.676625371513969,0.3233746284860311,0,uncertain,True,correct
word_char_tfidf,true_252,252,0,real,"Flet Jakup Krasniqi pasi rezultoi pozitiv me Covid-19, tregon për gjendjen",108,short_61_120,0.8452584200673074,0.15474157993269255,0,likely_real,True,correct
word_char_tfidf,true_255,255,0,real,"Haradinaj: Nuk e di çfarë ka ndodhur në takimin Hoti-Vuçiq, por nuk besoj se Hoti bëri ndonjë tradhti",253,long_gt_250,0.7172972891838192,0.2827027108161808,0,likely_real,True,correct
word_char_tfidf,true_257,257,0,real,Si u bë feja islame kaq e ‘gjallë’ dhe atraktive!,990,long_gt_250,0.9890909826134968,0.010909017386503213,0,likely_real,True,correct
word_char_tfidf,true_262,262,0,real,Caktohet një muaj paraburgim për 40-vjeçarin që ia preu kokën babait me sëpatë në Fushë Kosovë,171,medium_121_250,0.9373649761150555,0.06263502388494452,0,likely_real,True,correct
word_char_tfidf,true_267,267,0,real,Driton Selmanaj jep lajmin e fundit për kompleksin memorial “Adem Jashari”,153,medium_121_250,0.8296094969962733,0.17039050300372666,0,likely_real,True,correct
word_char_tfidf,true_271,271,0,real,"BE ende pa vendim për rihapjen e kufijve, amerikanët pritet të përjashtohen",480,long_gt_250,0.9889293122119587,0.01107068778804129,0,likely_real,True,correct
word_char_tfidf,true_276,276,0,real,“Gazeta “Bota sot” shkatërron të këqijtë dhe përkrahë vlerat e përjetshme kombëtare”,223,medium_121_250,0.8376338826755778,0.16236611732442213,0,likely_real,True,correct
word_char_tfidf,true_282,282,0,real,"Zogaj: “Bota sot”, zëdhënëse e shqiptarëve për liri",797,long_gt_250,0.9982030506560158,0.0017969493439842325,0,likely_real,True,correct
word_char_tfidf,true_290,290,0,real,"Përdhunime, aborte… Detaje tronditëse, çfarë ndodh me gratë në burgjet e Koresë së Veriut",249,medium_121_250,0.9667015110926782,0.03329848890732174,0,likely_real,True,correct
word_char_tfidf,true_298,298,0,real,Pse këto salca janë më të famshmet në botë?,342,long_gt_250,0.9861349269808265,0.013865073019173476,0,likely_real,True,correct
word_char_tfidf,true_299,299,0,real,"“Kini mëshirë, dua të takoj fëmijët” Thirrja e të moshuarës shqiptare nga kampi sirian",191,medium_121_250,0.7926217610445668,0.20737823895543314,0,likely_real,True,correct
word_char_tfidf,true_301,301,0,real,Zvicra nuk e përjashton testimin e detyrueshëm në aeroporte,433,long_gt_250,0.9235994244798169,0.07640057552018312,0,likely_real,True,correct
word_char_tfidf,true_304,304,0,real,Llapi angazhon trajner nga Afrika e Jugut,324,long_gt_250,0.9616717522601672,0.03832824773983277,0,likely_real,True,correct
word_char_tfidf,true_306,306,0,real,"Pavarësisht masave kundër COVID-19, xhamitë mbeten të hapura, të premten falet namazi i Kurban Bajramit",282,long_gt_250,0.9165145958630974,0.08348540413690266,0,likely_real,True,correct
word_char_tfidf,true_307,307,0,real,"Shkuan t’i prangosin, por komisionerët kishin vdekur! Kreu i SPAK: Nuk ishin ç’regjistruar, hetimi ishte sekret",341,long_gt_250,0.9684053776354652,0.03159462236453485,0,likely_real,True,correct
word_char_tfidf,true_308,308,0,real,"Pesë muaj pasi u dogj në veturë, presidenti Thaçi e shpall hero Qerim Kelmendin",201,medium_121_250,0.5699892517799685,0.43001074822003144,0,uncertain,True,correct
word_char_tfidf,true_317,317,0,real,Bastoret parashikojnë fituesin e Kupës së Kosovës,336,long_gt_250,0.9876333357026589,0.012366664297341099,0,likely_real,True,correct
word_char_tfidf,true_323,323,0,real,Lautaro Martinez shënon gol të çmendur kundër Napolit,65,short_61_120,0.33425244653835107,0.6657475534616489,1,uncertain,False,false_positive
word_char_tfidf,true_325,325,0,real,Ekskluzive: Flet protagonistja e videos virale “O shac”,293,long_gt_250,0.5829303500246963,0.41706964997530377,0,uncertain,True,correct
word_char_tfidf,true_332,332,0,real,"Goditje e rëndë për Arsenalin, Shkodran Mustafi mungon deri në tetor",163,medium_121_250,0.8721615607516067,0.12783843924839333,0,likely_real,True,correct
word_char_tfidf,true_343,343,0,real,"“Përplasje fizike LDK-VV në Kuvend”, Gashi mohon të ketë pasur incident",104,short_61_120,0.9370515576702533,0.0629484423297467,0,likely_real,True,correct
word_char_tfidf,true_345,345,0,real,"Fieraku lind me 6 gishta e probleme mendore, prindërit shpërthejnë në lot: Na dhunon, mos të ishin komshinjtë, sot do kishim 2 varre!",765,long_gt_250,0.9352050270320184,0.06479497296798163,0,likely_real,True,correct
word_char_tfidf,true_351,351,0,real,Lë punën shitësi që nuk bëri asnjë ditë pushim për 38 vite radhazi,200,medium_121_250,0.6430585322201694,0.35694146777983055,0,uncertain,True,correct
word_char_tfidf,true_352,352,0,real,"‘Do vriste katër persona’, policia aksion për kapjen e një të dënuari, në kërkim prej 5 vitesh. Ja ku u gjet",202,medium_121_250,0.9779824243721705,0.022017575627829463,0,likely_real,True,correct
word_char_tfidf,true_353,353,0,real,"Valbon Krasniqi: Jemi keq, i lus qytetarët të jenë të kujdesshëm",450,long_gt_250,0.9949303053916697,0.005069694608330318,0,likely_real,True,correct
word_char_tfidf,true_354,354,0,real,Aksident i rëndë në Prizren: Çiklisti goditet nga një veturë e cila e hedh disa metra larg,158,medium_121_250,0.7189774047817805,0.2810225952182195,0,likely_real,True,correct
word_char_tfidf,true_355,355,0,real,"Andy Ruiz reklamon transformimin, para kthimit në ring",162,medium_121_250,0.7008023841985687,0.2991976158014313,0,likely_real,True,correct
word_char_tfidf,true_362,362,0,real,Protestojnë artistët: Askush nuk mund ta rishkruajë Historinë e Kosovës,184,medium_121_250,0.676040203970588,0.32395979602941205,0,uncertain,True,correct
word_char_tfidf,true_367,367,0,real,“100 € për shërbim ekstra” Si i zbuloi agjenti i infiltruar 3 qendra estetike prostitucioni,652,long_gt_250,0.9657278107361024,0.03427218926389766,0,likely_real,True,correct
word_char_tfidf,true_368,368,0,real,"“Gjuhen” me fjalë, Rina Balaj e Erza Jusaj",252,long_gt_250,0.9693933863760392,0.03060661362396083,0,likely_real,True,correct
word_char_tfidf,true_369,369,0,real,Haziri i ashpërson kritikat ndaj Hotit: Nuk jam kryetar për të numëruar të vdekurit nga Covid-19,266,long_gt_250,0.9877755402797,0.012224459720299946,0,likely_real,True,correct
word_char_tfidf,true_375,375,0,real,"Nga abstenimi i Xhafës tek ‘mungesa’ e Elisës, si u votua për shkarkimin e Metës",198,medium_121_250,0.6403064143782387,0.3596935856217613,0,uncertain,True,correct
word_char_tfidf,true_383,383,0,real,"Gjermania vendi më i pëlqyer në botë, lë pas SHBA, Kinën dhe Rusinë",230,medium_121_250,0.8872579518896302,0.11274204811036986,0,likely_real,True,correct
word_char_tfidf,true_384,384,0,real,"Edi Rama ia uron Lorik Canës ditëlindjen, paralajmëron bashkim kombëtar",451,long_gt_250,0.9755303496695685,0.024469650330431438,0,likely_real,True,correct
word_char_tfidf,true_394,394,0,real,Gjermania refuzon propozimin e Trumpit për lejimin e kthimit të Rusisë në Grupin G7,247,medium_121_250,0.6957148321308259,0.30428516786917414,0,uncertain,True,correct
word_char_tfidf,true_395,395,0,real,"Njihuni me fshatin ku paraja dhe pushteti nuk kanë vlerë, çdo gjë falas",272,long_gt_250,0.9559679799070512,0.04403202009294885,0,likely_real,True,correct
word_char_tfidf,true_412,412,0,real,"Ischinger lobon për heqjen e vizave, von Cramon i reagon: Mos harro t’ua thash këtë Macronit dhe Rutte’s",170,medium_121_250,0.212358793781938,0.787641206218062,1,likely_fake,False,false_positive
word_char_tfidf,true_415,415,0,real,Takimi Vuçiq – Vahrleyi u zhvillua në zyrat e misionit serb – aty ishte libri që ka në titull fjalët “Kosova dhe Metohia”,165,medium_121_250,0.8621292931055352,0.13787070689446482,0,likely_real,True,correct
word_char_tfidf,true_417,417,0,real,"Vdesin 2 persona nga covid19 në Shqipëri, shkon në 53 numri i qytetarëve që kanë humbur jetën",87,short_61_120,0.8957965364364455,0.10420346356355452,0,likely_real,True,correct
word_char_tfidf,true_423,423,0,real,Kryeprokurori: Ende s’dihet nëse Agon Musliu bëri vetëvrasje apo dikush e shtyri në vrasje,424,long_gt_250,0.9962264761453472,0.0037735238546528376,0,likely_real,True,correct
word_char_tfidf,true_428,428,0,real,Grenell lajmërohet për takimin në Washington: Kosova dhe Serbia duhet ta shfrytëzojnë këtë mundësi,205,medium_121_250,0.7845020195745849,0.21549798042541515,0,likely_real,True,correct
word_char_tfidf,true_430,430,0,real,"Labi: 87 vjeçares nga Istogu që mbeti e vetme 30 vjet më parë, pension 200 euro që prej sot",398,long_gt_250,0.9509449931194831,0.04905500688051694,0,likely_real,True,correct
word_char_tfidf,true_433,433,0,real,Kek super i butë – Shije e lehtë fantastike,449,long_gt_250,0.8176971872027221,0.18230281279727784,0,likely_real,True,correct
word_char_tfidf,true_434,434,0,real,​FSSHK kërkon në kuadër të rishikimit të buxhetit të aprovohet edhe shtesa në paga,192,medium_121_250,0.9500272674227367,0.04997273257726334,0,likely_real,True,correct
word_char_tfidf,true_439,439,0,real,"Dikur jetoi në shpellë, sot është një nga liderët më të fuqishëm në botë",1196,long_gt_250,0.9979543975079709,0.0020456024920290933,0,likely_real,True,correct
word_char_tfidf,true_451,451,0,real,"Kaq të rinjë prindërit e Taynes, sikur t’i kishte vëlla e motër",139,medium_121_250,0.8821183421938774,0.11788165780612259,0,likely_real,True,correct
word_char_tfidf,true_454,454,0,real,Disa arsye se përse nuk duhet të flini përmbys,210,medium_121_250,0.8333807465505144,0.16661925344948558,0,likely_real,True,correct
word_char_tfidf,true_463,463,0,real,"Gjyste Vulaj sfidon moshën, me foton e fundit la edhe njëherë nën hije vajzat e reja",113,short_61_120,0.6519052368525919,0.3480947631474081,0,uncertain,True,correct
word_char_tfidf,true_465,465,0,real,Zgjerimi i familjes? Milot Rashica flet për planet,70,short_61_120,0.24379711213581257,0.7562028878641874,1,likely_fake,False,false_positive
word_char_tfidf,true_472,472,0,real,"Elsa, vajza e Safetes jo veç këngëtare, ky është profesioni tjetër i saj",118,short_61_120,0.8990060616530848,0.10099393834691522,0,likely_real,True,correct
word_char_tfidf,true_479,479,0,real,Mustafa i reagon VV-së: Akademik Kujtim Shala me dije…,168,medium_121_250,0.9007700232605891,0.09922997673941092,0,likely_real,True,correct
word_char_tfidf,true_480,480,0,real,Sa palë syza ka Leonora Jakupi,106,short_61_120,0.6790513588650895,0.32094864113491056,0,uncertain,True,correct
word_char_tfidf,true_481,481,0,real,Vjollca Haxhiu realizon foto të bukur në Dubai,77,short_61_120,0.5256240661886896,0.4743759338113104,0,uncertain,True,correct
word_char_tfidf,true_483,483,0,real,Ky burrë e ha specin më të djegës në botë pa pirë asgjë,133,medium_121_250,0.758809972612181,0.24119002738781906,0,likely_real,True,correct
word_char_tfidf,true_486,486,0,real,Miss Valentina shfaqet superseksi me të zeza,62,short_61_120,0.5465808131247789,0.45341918687522104,0,uncertain,True,correct
word_char_tfidf,true_495,495,0,real,"‘Eh moj Sara Hoxha mbas 5 vitesh, kur ta kapësh duke të të tradhtuar këtë laper’",238,medium_121_250,0.760821562557916,0.23917843744208397,0,likely_real,True,correct
word_char_tfidf,true_496,496,0,real,Në këto komuna janë konfirmuar 276 rastet e reja me koronavirus,113,short_61_120,0.9559640821129577,0.04403591788704226,0,likely_real,True,correct
word_char_tfidf,true_508,508,0,real,Trajneri i njohur shqiptar ndërron jetë shkaku i Koronavirusit,128,medium_121_250,0.6423167542526007,0.3576832457473993,0,uncertain,True,correct
word_char_tfidf,true_515,515,0,real,"Është 53 vjeç, por në këtë foto Eli Fara duket si një vajzë e re",102,short_61_120,0.9139437790985826,0.08605622090141743,0,likely_real,True,correct
word_char_tfidf,true_520,520,0,real,Cilat janë simptomat që tregojnë nëse e keni kaluar koronavirusin,272,long_gt_250,0.4492955556251158,0.5507044443748842,1,uncertain,False,false_positive
word_char_tfidf,true_527,527,0,real,Sa shumë kanë ndryshuar aktorët e serialit “Kloni”,134,medium_121_250,0.8247918566453292,0.1752081433546708,0,likely_real,True,correct
word_char_tfidf,true_528,528,0,real,"Një yll si Oriola Marashi, ndriçon edhe në mbrëmje",110,short_61_120,0.9405039626648823,0.0594960373351177,0,likely_real,True,correct
word_char_tfidf,true_530,530,0,real,Morena ‘rrëzohet’ në rrafsh,63,short_61_120,0.31897128462155266,0.6810287153784473,1,uncertain,False,false_positive
word_char_tfidf,true_531,531,0,real,"Ndërron jetë edhe një person i infektuar me Covid-19, nga Peja",57,very_short_le_60,0.7994244879136392,0.20057551208636085,0,likely_real,True,correct
word_char_tfidf,true_535,535,0,real,Loredana: Zemër ty a të ka marrë malli?,154,medium_121_250,0.9245149099000849,0.07548509009991508,0,likely_real,True,correct
word_char_tfidf,true_536,536,0,real,Arta Bajrami me çizme të gjata në pikë të verës,87,short_61_120,0.664949204226542,0.335050795773458,0,uncertain,True,correct
word_char_tfidf,true_539,539,0,real,"Bukë me vaj, djathë e domate, pushuesi ndan fotot modeste nga Spilleja: Kaq kemi mundësi…",166,medium_121_250,0.2596164575247598,0.7403835424752402,1,likely_fake,False,false_positive
word_char_tfidf,true_544,544,0,real,"Besojeni ose jo, kjo ndërtesë nuk u shemb as me 300 kilogram tritol",72,short_61_120,0.5394402292390162,0.46055977076098376,0,uncertain,True,correct
word_char_tfidf,true_545,545,0,real,Zyrtarja e huaj: Gratë mund të mbesin shtatzëna nëse notojnë bashkë me burrat,203,medium_121_250,0.6618863249133599,0.33811367508664014,0,uncertain,True,correct
word_char_tfidf,true_553,553,0,real,MIloti e xhiron Edonën prapa kamerave,86,short_61_120,0.9188293633381548,0.0811706366618452,0,likely_real,True,correct
word_char_tfidf,true_555,555,0,real,Atletes i ndodh e papritura gjatë ushtrimeve në palestër,88,short_61_120,0.5911254212670711,0.4088745787329288,0,uncertain,True,correct
word_char_tfidf,true_556,556,0,real,"Vila e Esat pashë Toptanit, në fshatin Reth të Durrësit",283,long_gt_250,0.974921244404685,0.025078755595315007,0,likely_real,True,correct
word_char_tfidf,true_571,571,0,real,Kështu e zuri babai i saj Shyhreten me të dashurin,212,medium_121_250,0.8611770636665643,0.13882293633343565,0,likely_real,True,correct
word_char_tfidf,true_573,573,0,real,"Thënie të Ibrahim Rugovës: Kokën mund të ma ndërrojnë, por mendimin kurrë!",461,long_gt_250,0.9855359835949977,0.014464016405002321,0,likely_real,True,correct
word_char_tfidf,true_580,580,0,real,"Dua Lipa lanson këngën e re, Tokyo e ‘Casa de Papel’ shkëlqen në videoklip",129,medium_121_250,0.8000048978998606,0.19999510210013935,0,likely_real,True,correct
word_char_tfidf,true_582,582,0,real,"Sërish viza gjermane për ata me kontratë pune, por edhe pengesa",1095,long_gt_250,0.9770587536415319,0.022941246358468028,0,likely_real,True,correct
word_char_tfidf,true_583,583,0,real,Covid-19 u merr jetën dy mjekëve kosovarë,241,medium_121_250,0.9147339849574527,0.08526601504254726,0,likely_real,True,correct
word_char_tfidf,true_584,584,0,real,Adelina e tepron me fustanin e shkurtër,76,short_61_120,0.9081389062145577,0.09186109378544229,0,likely_real,True,correct
word_char_tfidf,true_585,585,0,real,"Sejdiu i gatshëm të kandidojë për president, nëse dorëhiqet Thaçi",152,medium_121_250,0.2622504445079482,0.7377495554920518,1,likely_fake,False,false_positive
word_char_tfidf,true_586,586,0,real,Menjëherë fshijeni nësë ju vjen ky mesazh në telefon,206,medium_121_250,0.27855412526923196,0.721445874730768,1,likely_fake,False,false_positive
word_char_tfidf,true_592,592,0,real,"Kejvina bombastike, merr gjithë vëmendjen me paraqitjen e fundit!",90,short_61_120,0.3678874245256698,0.6321125754743302,1,uncertain,False,false_positive
word_char_tfidf,true_600,600,0,real,Gjashtë simptomat të lehta të Coronavirust që duhet t’i dini,1467,long_gt_250,0.9944409388763316,0.005559061123668434,0,likely_real,True,correct
word_char_tfidf,true_603,603,0,real,Krasniqi: Sot i kemi sjell para falimentimit të gjithë gastronomët e Kosovës,401,long_gt_250,0.987184865374747,0.01281513462525291,0,likely_real,True,correct
word_char_tfidf,true_608,608,0,real,Pse duhet të konsumoni limon çdo ditë?,170,medium_121_250,0.7179121819932454,0.28208781800675464,0,likely_real,True,correct
word_char_tfidf,true_611,611,0,real,"E pabesueshme, por ky do jetë çmimi i vaksinës për trajtimin e Covid 19",187,medium_121_250,0.7322138824902915,0.2677861175097085,0,likely_real,True,correct
word_char_tfidf,true_612,612,0,real,A do të zgjatet leja për punëtorët nga Kosova në Gjermani?,163,medium_121_250,0.8822793007503358,0.11772069924966425,0,likely_real,True,correct
word_char_tfidf,true_614,614,0,real,Vjen edhe reagimi i Leonora Jakupit për ndërtimin e xhamisë në Prishtinë,75,short_61_120,0.9109680301194598,0.0890319698805402,0,likely_real,True,correct
word_char_tfidf,true_618,618,0,real,Haradinaj “godet” Hotin: Pse nuk e pyete edhe ti Vuçiqin a din shqip?,244,medium_121_250,0.5497473430545157,0.4502526569454844,0,uncertain,True,correct
word_char_tfidf,true_619,619,0,real,"Haradinaj paralajmëron prishjen e koalicionit, i pakënaqur me Kryeministrin Hoti",167,medium_121_250,0.5750312714365964,0.4249687285634036,0,uncertain,True,correct
word_char_tfidf,true_621,621,0,real,Isa Mustafa shërohet nga koronavirusi,140,medium_121_250,0.32708560891927974,0.6729143910807203,1,uncertain,False,false_positive
word_char_tfidf,true_629,629,0,real,Tetë anesteziologë të QKUK-së infektohen me koronavirus,436,long_gt_250,0.9945352921277116,0.005464707872288343,0,likely_real,True,correct
word_char_tfidf,true_631,631,0,real,4 mënyra natyrale si të largoni rrudhat nga fytyra,476,long_gt_250,0.5027442815169401,0.49725571848306,0,uncertain,True,correct
word_char_tfidf,true_638,638,0,real,Vjen një lajm i mirë për veteranët e UÇK-së,132,medium_121_250,0.931404182195191,0.06859581780480892,0,likely_real,True,correct
word_char_tfidf,true_652,652,0,real,Adea Pules i del kuki prej vendit,93,short_61_120,0.8619025020382091,0.13809749796179097,0,likely_real,True,correct
word_char_tfidf,true_655,655,0,real,"Nëse i fsheh paratë në këto 8 vende, zëre se nuk i ke fare!",277,long_gt_250,0.6339285047403256,0.3660714952596744,0,uncertain,True,correct
word_char_tfidf,true_671,671,0,real,Kosova hiqet nga harta – Dua Lipa nënshkruan peticionin,100,short_61_120,0.8386177676049744,0.16138223239502553,0,likely_real,True,correct
word_char_tfidf,true_675,675,0,real,A është Fifi në lidhje? Përgjigjet këngëtarja,55,very_short_le_60,0.5774947231691685,0.4225052768308315,0,uncertain,True,correct
word_char_tfidf,true_679,679,0,real,"Duke punuar kopshtin, çifti gjen kasafortën me mijëra dollarë e stoli ari",146,medium_121_250,0.4417631841025298,0.5582368158974702,1,uncertain,False,false_positive
word_char_tfidf,true_680,680,0,real,Fitore Pacolli: Shpallja e gjendjes së jashtëzakonshme siç po ka dëshirë qeveria Hoti nuk është zgjidhje,394,long_gt_250,0.9769640120008269,0.02303598799917305,0,likely_real,True,correct
word_char_tfidf,true_694,694,0,real,Nora Istrefi më në fund merr një vendim në lidhje me Robertin,117,short_61_120,0.5123735252166326,0.48762647478336746,0,uncertain,True,correct
word_char_tfidf,true_702,702,0,real,Turku ia mbush dhomën me dhurata të shtrenjta Gentës,113,short_61_120,0.7630227077606035,0.23697729223939648,0,likely_real,True,correct
word_char_tfidf,true_713,713,0,real,Shkencëtaret kinez: Covid-19 u shfaq për herë të parë në Spanjë,234,medium_121_250,0.9346963483103263,0.06530365168967361,0,likely_real,True,correct
word_char_tfidf,true_721,721,0,real,Genci ia dedikon këto fjalë të bukura Enit me rastin e ditëlindjes,198,medium_121_250,0.947143841544253,0.05285615845574704,0,likely_real,True,correct
word_char_tfidf,true_731,731,0,real,Kështu dukej Egzona para se të dashurohej me Albatritin,101,short_61_120,0.8480188686894752,0.15198113131052482,0,likely_real,True,correct
word_char_tfidf,true_744,744,0,real,Vajza e ish-kryeministrit Bajram Rexhepi nuk lejohet nga e ëma t’i hyjë politikës,229,medium_121_250,0.8177299070191713,0.18227009298082875,0,likely_real,True,correct
word_char_tfidf,true_745,745,0,real,Me këtë fustan del në park Qëndresa e Labit,89,short_61_120,0.44925047546593655,0.5507495245340635,1,uncertain,False,false_positive
word_char_tfidf,true_747,747,0,real,Endrit Thaçi reagon pasi Gjykata Speciale ngriti aktakuzë ndaj babait të tij,92,short_61_120,0.40783493731258214,0.5921650626874179,1,uncertain,False,false_positive
word_char_tfidf,true_756,756,0,real,Angela Martini nuk i ndalë provokimet as në jaht,87,short_61_120,0.6207465637019163,0.3792534362980838,0,uncertain,True,correct
word_char_tfidf,true_758,758,0,real,Aq shumë iu ka rritur gjoksi sa që Oriola Marashi po e mban me duar,98,short_61_120,0.7856494190644419,0.21435058093555812,0,likely_real,True,correct
word_char_tfidf,true_760,760,0,real,Do të befasoheni se çfarë të vërtetash fshehen prapa serialeve turke,297,long_gt_250,0.946098423210496,0.053901576789504024,0,likely_real,True,correct
word_char_tfidf,true_765,765,0,real,"Sasa e “O sa mirë” plotë jetë, vitet thjeshtë numra janë për të",57,very_short_le_60,0.47911333936336553,0.5208866606366345,1,uncertain,False,false_positive
word_char_tfidf,true_772,772,0,real,"Dhimbjet që mendoni se i keni nga dhëmbët, por në fakt kanë të bëjë me diçka tjetër",445,long_gt_250,0.7892419355774465,0.21075806442255354,0,likely_real,True,correct
word_char_tfidf,true_781,781,0,real,Reperja e njohur e publikon nga afër tatuazhin në pjesën e të pasmeve,105,short_61_120,0.8901081740433825,0.10989182595661753,0,likely_real,True,correct
word_char_tfidf,true_783,783,0,real,"“Nëntori i dytë”, ja pse u hoq pjesa kur Isa Boletini luftonte me serbët",1952,long_gt_250,0.9997309658162432,0.00026903418375681795,0,likely_real,True,correct
word_char_tfidf,true_786,786,0,real,Ekskluzive: Alfred Cako zbulon vaksinën e Covid19 që shkakton vdekje dhe ndalon lindjet,46,very_short_le_60,0.027963769171409636,0.9720362308285904,1,likely_fake,False,false_positive
word_char_tfidf,true_788,788,0,real,"Infekton 76 të ftuar me koronavirus babai i nuses, dasma kthehet në rast studimi",238,medium_121_250,0.6948888622568387,0.30511113774316134,0,uncertain,True,correct
word_char_tfidf,true_789,789,0,real,Ivanka Trump në secilën paraqitje pa sytjena,68,short_61_120,0.612194243207276,0.38780575679272405,0,uncertain,True,correct
word_char_tfidf,true_793,793,0,real,"Trusti s’do pengojë tërheqjen e kursimeve, kompensimi nga qeveria jo për të gjithë",942,long_gt_250,0.9979578761184493,0.002042123881550646,0,likely_real,True,correct
word_char_tfidf,true_803,803,0,real,"Ambasada e SHBA-së në Kosovë apelon për kujdes, tubimi paqësor i LVV-së mund të bëhet i dhunshëm",263,long_gt_250,0.9784518236379104,0.02154817636208958,0,likely_real,True,correct
word_char_tfidf,true_808,808,0,real,"Avdyli i del në krahë Osmanit: Kur do flasim ne të vertetën, atëherë keni me mbetë pa fjalë",244,medium_121_250,0.38773255505957205,0.612267444940428,1,uncertain,False,false_positive
word_char_tfidf,true_809,809,0,real,Gëzimja përgatit tortën më të bukur për vajzën,86,short_61_120,0.4566148317350811,0.5433851682649189,1,uncertain,False,false_positive
word_char_tfidf,true_825,825,0,real,"Pasi u propozua për kryeministër konsensual Murat Jashari, vjen edhe reagimi nga Familja Jashari",258,long_gt_250,0.7163980849067338,0.28360191509326615,0,likely_real,True,correct
word_char_tfidf,true_830,830,0,real,Vjosa Osmani mbështet masat e reja të Albin Kurtit kundër Serbisë,221,medium_121_250,0.7370826338789019,0.26291736612109806,0,likely_real,True,correct
word_char_tfidf,true_833,833,0,real,"Horoskopi, e shtunë 30 maj 2020",529,long_gt_250,0.9779290109045607,0.02207098909543928,0,likely_real,True,correct
word_char_tfidf,true_835,835,0,real,"Veton Surroi mbetet pa tekst, ky është reagimi i tij për aktgjykimin",115,short_61_120,0.23468368469971201,0.765316315300288,1,likely_fake,False,false_positive
word_char_tfidf,true_856,856,0,real,​ Nesër në Bruksel mbahet takimi i ekspertëve,60,very_short_le_60,0.8949896180177617,0.10501038198223835,0,likely_real,True,correct
word_char_tfidf,true_858,858,0,real,Qeveria ua heq kartonin e gjelbër atyre që hyjnë në Kosovë,185,medium_121_250,0.990986867535872,0.009013132464128003,0,likely_real,True,correct
word_char_tfidf,true_863,863,0,real,Ministri Zemaj komenton fotografin e Skender Hysenit pa maskë,223,medium_121_250,0.9970082764178049,0.0029917235821951362,0,likely_real,True,correct
word_char_tfidf,true_875,875,0,real,"Granata e gjetur te vendpunishtja e Xhamisë së Madhe, e kohës së Luftës së Dytë Botërore",107,short_61_120,0.9304049400999894,0.06959505990001055,0,likely_real,True,correct
word_char_tfidf,true_880,880,0,real,"Shtyhet raportimi i Agim Veliut në Komisionin për Siguri, polemika mes deputetëve",356,long_gt_250,0.9896652944190183,0.010334705580981676,0,likely_real,True,correct
word_char_tfidf,true_887,887,0,real,"Vendet që morën nën kontroll pandeminë coronavirus, tani prapë po përballen me të",1294,long_gt_250,0.998840646970745,0.0011593530292549306,0,likely_real,True,correct
word_char_tfidf,true_888,888,0,real,Debat i nxehtë në Komisionin për Punë të Jashtme - VIDEO,71,short_61_120,0.8909314968207459,0.10906850317925408,0,likely_real,True,correct
word_char_tfidf,true_889,889,0,real,Rrahjet mes deputetëve ndër vite në Kuvendin e Kosovës,721,long_gt_250,0.9986752778100448,0.0013247221899552058,0,likely_real,True,correct
word_char_tfidf,true_890,890,0,real,Qeveria heq dorë nga vendimi për izolimin e atyre që kthehen nga Shqipëria!,178,medium_121_250,0.9222035314761715,0.07779646852382846,0,likely_real,True,correct
word_char_tfidf,true_906,906,0,real,Oda Ekonomike kërkon të digjitalizohen disa shërbime dhe të licencohen laboratoret private,439,long_gt_250,0.9276435209894331,0.07235647901056691,0,likely_real,True,correct
word_char_tfidf,true_907,907,0,real,Prishtina edhe sot komuna me më së shumti raste me COVID-19,128,medium_121_250,0.9772860823103154,0.022713917689684573,0,likely_real,True,correct
word_char_tfidf,true_908,908,0,real,Arrestohet gjilanasi për mashtrim me shitje të banesës,95,short_61_120,0.9718601418013185,0.02813985819868147,0,likely_real,True,correct
word_char_tfidf,true_910,910,0,real,Fati i medias më të lexuar në Hungari Index në pikëpyetje pas largimit të shumicës së gazetarëve,349,long_gt_250,0.9687591545479382,0.03124084545206188,0,likely_real,True,correct
word_char_tfidf,true_917,917,0,real,"Hoti: Situata po përkeqësohet, stafi shëndetësor i FSK-së do të integrohet në Ministri të Shëndetësisë",271,long_gt_250,0.9963614107639799,0.0036385892360201017,0,likely_real,True,correct
word_char_tfidf,true_931,931,0,real,Auditori: Policët ushtrojnë pozitat e punës në mospërputhje me gradat,382,long_gt_250,0.9958706474415289,0.004129352558471147,0,likely_real,True,correct
word_char_tfidf,true_938,938,0,real,Partia Socialiste tërhiqet nga shkarkimi i Ilir Metës,474,long_gt_250,0.9737085135988034,0.02629148640119656,0,likely_real,True,correct
word_char_tfidf,true_939,939,0,real,Philip Morris lejohet të komunikojë se IQOS redukton ekspozimin e dëmshëm,414,long_gt_250,0.8736320794339427,0.1263679205660573,0,likely_real,True,correct
word_char_tfidf,true_945,945,0,real,Rekord i ri me raste pozitive me COVID-19 në Kosovë,216,medium_121_250,0.9917668010609826,0.008233198939017458,0,likely_real,True,correct
word_char_tfidf,true_950,950,0,real,Hoti: Jemi në diskutime që rruga nacionale Prishtinë-Mitrovicë të shndërrohet në rrugë ndërkombëtare,263,long_gt_250,0.9775896285447676,0.02241037145523235,0,likely_real,True,correct
word_char_tfidf,true_965,965,0,real,VIDEO: Vetura zyrtare në vikend merr udhë për kositje të barit,85,short_61_120,0.7856875644261444,0.21431243557385563,0,likely_real,True,correct
word_char_tfidf,true_966,966,0,real,Pneumologu kosovar tregon si zhvillohet pneumonia te pacientët me COVID-19,620,long_gt_250,0.9792504989346662,0.02074950106533379,0,likely_real,True,correct
word_char_tfidf,true_974,974,0,real,Mbi 10 mijë të infektuar me COVID-19 në Maqedoninë e Veriut,148,medium_121_250,0.9945543599155838,0.00544564008441617,0,likely_real,True,correct
word_char_tfidf,true_975,975,0,real,VIDEO - Xhamia që u mbijetoi shekujve,465,long_gt_250,0.9894790930541537,0.010520906945846257,0,likely_real,True,correct
word_char_tfidf,true_979,979,0,real,Lihen në arrest shtëpiak policët e arrestuar për keqtrajtim të një të mituri,146,medium_121_250,0.9753297678040883,0.02467023219591173,0,likely_real,True,correct
word_char_tfidf,true_988,988,0,real,"Ilir Meta për Adem Demaçin: ""Mandela i Evropës"" dhe ""Saharovi"" ynë",320,long_gt_250,0.9075829817054508,0.09241701829454921,0,likely_real,True,correct
word_char_tfidf,true_991,991,0,real,Evropa ime: T'u tregojmë vendin elitave të korruptuara të Ballkanit Perëndimor,1084,long_gt_250,0.9980987761560889,0.0019012238439110964,0,likely_real,True,correct
word_char_tfidf,true_994,994,0,real,Ministria e Bujqësisë pagoi mbi 176 mijë euro për analiza që mund t'i kryente vetë,210,medium_121_250,0.9442386086467288,0.05576139135327123,0,likely_real,True,correct
word_char_tfidf,true_1005,1005,0,real,Alarmante - Rreth 3 mijë raste aktive me COVID-19 në Kosovë,219,medium_121_250,0.997625572606507,0.0023744273934930235,0,likely_real,True,correct
word_char_tfidf,true_1028,1028,0,real,Qeveria emëroi Bordin e përkohshëm i Telekomit të Kosovës,158,medium_121_250,0.9863776970971717,0.01362230290282828,0,likely_real,True,correct
word_char_tfidf,true_1034,1034,0,real,Xhamia më e vjetër në Prishtinë një dekadë restaurim,275,long_gt_250,0.9877904302548287,0.012209569745171293,0,likely_real,True,correct
word_char_tfidf,true_1037,1037,0,real,Osmani për Hotin: Duhet me hangër një thes kryp me dikë për me njoftë,186,medium_121_250,0.5664788429006946,0.43352115709930544,0,uncertain,True,correct
word_char_tfidf,true_1042,1042,0,real,Raport: Bandat nga Ballkani tani janë kthyer në kontrabandistë globalë,773,long_gt_250,0.9919182505445757,0.008081749455424251,0,likely_real,True,correct
word_char_tfidf,true_1054,1054,0,real,ORCA: 55% e profesorëve në UP nuk e justifikojnë titullin e tyre akademik,328,long_gt_250,0.955731209290545,0.044268790709454955,0,likely_real,True,correct
word_char_tfidf,true_1055,1055,0,real,Boris Johnson: Kriza e COVID-19 përfundon nga mesi i vitit 2021,131,medium_121_250,0.7926655785757499,0.20733442142425004,0,likely_real,True,correct
word_char_tfidf,true_1064,1064,0,real,Thaçi nuk do dialog teknik me Serbinë,217,medium_121_250,0.9573138869211595,0.04268611307884046,0,likely_real,True,correct
word_char_tfidf,true_1076,1076,0,real,"Pas dy muajve, Maqedonia e Veriut me asnjë viktimë nga COVID-19",143,medium_121_250,0.9894594060183042,0.010540593981695772,0,likely_real,True,correct
word_char_tfidf,true_1079,1079,0,real,Hoti i shkruan letër Osmanit për raportimin në Kuvend pas takimit në Bruksel,90,short_61_120,0.9576262624997212,0.04237373750027883,0,likely_real,True,correct
word_char_tfidf,true_1081,1081,0,real,"Mësimi në shtator mund të fillojë nga ekrani, ekspertët rekomandojnë më shumë udhëzime",1082,long_gt_250,0.9985579416811541,0.0014420583188459134,0,likely_real,True,correct
word_char_tfidf,true_1084,1084,0,real,"Pas katër ditësh intervistim në Hagë, Thaçi kthehet sot në Kosovë",244,medium_121_250,0.9205637376796756,0.07943626232032441,0,likely_real,True,correct
word_char_tfidf,true_1085,1085,0,real,Teatri i Podujevës bëhet me aktorë rezidentë,163,medium_121_250,0.8136883806727445,0.18631161932725548,0,likely_real,True,correct
word_char_tfidf,true_1090,1090,0,real,"Incident në një port iranian, disa anije përfshihen nga zjarri",224,medium_121_250,0.9546583147164163,0.04534168528358373,0,likely_real,True,correct
word_char_tfidf,true_1092,1092,0,real,Mbi 13 milionë të infektuar me coronavirus në botë,466,long_gt_250,0.9983784424773293,0.0016215575226707344,0,likely_real,True,correct
word_char_tfidf,true_1101,1101,0,real,"Hoti e Vuçiq zhvillojnë sot takim virtual, rinis dialogu Kosovë-Serbi",212,medium_121_250,0.9508740098443499,0.049125990155650064,0,likely_real,True,correct
word_char_tfidf,true_1104,1104,0,real,Hoti paralajmëron shpalljen e gjendjes së jashtëzakonshme,285,long_gt_250,0.9230070769973565,0.0769929230026435,0,likely_real,True,correct
word_char_tfidf,true_1106,1106,0,real,Abazi: Ligji për COVID-19 u refuzua e Hoti drejt shpalljes së gjendjes së jashtëzakonshme,392,long_gt_250,0.9179309451179691,0.08206905488203085,0,likely_real,True,correct
word_char_tfidf,true_1108,1108,0,real,COVID-19: Vdes veterani i UÇK-së nga Malisheva,123,medium_121_250,0.9355324816521059,0.06446751834789409,0,likely_real,True,correct
word_char_tfidf,true_1117,1117,0,real,Anulohet udhëtimi i Thaçit për në Washington,113,short_61_120,0.3427249346263004,0.6572750653736996,1,uncertain,False,false_positive
word_char_tfidf,true_1119,1119,0,real,Zemaj: Gjashtë pacientë me COVID-19 janë në kujdes intensiv,89,short_61_120,0.9815638535246182,0.018436146475381852,0,likely_real,True,correct
word_char_tfidf,true_1121,1121,0,real,"Hoti raporton në Kuvend për dialogun: Ose do të ketë marrëveshje të mirë për Kosovën, ose s’do të ketë fare",297,long_gt_250,0.9923051740771297,0.007694825922870312,0,likely_real,True,correct
word_char_tfidf,true_1135,1135,0,real,"Kosova synon njohjen nga Serbia, nuk dëshiron kompromis",952,long_gt_250,0.9978663583970062,0.002133641602993816,0,likely_real,True,correct
word_char_tfidf,true_1138,1138,0,real,"Qeveritarët pa maska e me duarshtrëngime, përurojnë rrugën Deçan–Plavë - FOTO",288,long_gt_250,0.9876640180975678,0.012335981902432272,0,likely_real,True,correct
word_char_tfidf,true_1165,1165,0,real,Hoti nesër në Gjilan te kritikuesi i tij më i madh Lutfi Haziri,187,medium_121_250,0.9856548826025541,0.014345117397445912,0,likely_real,True,correct
word_char_tfidf,true_1174,1174,0,real,"Të hyrat në gjashtë muajt e parë ranë për 8 %, shpenzimet u rritën për 38.7 milionë euro",219,medium_121_250,0.9979605391601327,0.0020394608398672325,0,likely_real,True,correct
word_char_tfidf,true_1179,1179,0,real,"Pini ilaçin e përgatitur vetë për ta shëruar diabetin, tipi 2",219,medium_121_250,0.8550605492438437,0.14493945075615636,0,likely_real,True,correct
word_char_tfidf,true_1180,1180,0,real,Vetëm në këtë kënd të shtëpisë së Kylie Jenner gjendet një pasuri e tërë,140,medium_121_250,0.9521746822557589,0.0478253177442412,0,likely_real,True,correct
word_char_tfidf,true_1183,1183,0,real,Sekreti i japonezëve për jetë të gjatë,212,medium_121_250,0.9166237217569411,0.08337627824305895,0,likely_real,True,correct
word_char_tfidf,true_1186,1186,0,real,Fansi i çmendur bën tatuazh në trup fytyrën e Noizyt!,119,short_61_120,0.9255149596334262,0.07448504036657383,0,likely_real,True,correct
word_char_tfidf,true_1191,1191,0,real,Infektohet edhe presidenti që tha se saunat dhe vodka janë ilaçe kundër Covid-19,155,medium_121_250,0.9480868983256,0.05191310167439997,0,likely_real,True,correct
word_char_tfidf,true_1194,1194,0,real,Pezullimi i përpjekjeve për anëtarësim në mekanizma ndërkombëtarë gabim i pa falshëm i Qeverisë Hoti,675,long_gt_250,0.994863263862554,0.005136736137446018,0,likely_real,True,correct
word_char_tfidf,true_1197,1197,0,real,Dalin fotot e Gymysh me fustan të bardhë - shikoni sa nuse e bukur është bërë,189,medium_121_250,0.9829297912314793,0.017070208768520685,0,likely_real,True,correct
word_char_tfidf,true_1199,1199,0,real,Jeni gati të shihni ndryshimin e radhës së Tayna-s?,177,medium_121_250,0.9734319791455718,0.026568020854428255,0,likely_real,True,correct
word_char_tfidf,true_1224,1224,0,real,"Situata me Covid-19, kryeministri Hoti kërkon të vërehet dora e fortë e shtetit",145,medium_121_250,0.9921756494846729,0.007824350515327132,0,likely_real,True,correct
word_char_tfidf,true_1226,1226,0,real,Super hiti është gati! Kënga e re e Encës dhe e Don Xhonit e ka një datë publikimi,82,short_61_120,0.793640544376135,0.20635945562386507,0,likely_real,True,correct
word_char_tfidf,true_1230,1230,0,real,Rasheli do ua hapë sytë me këtë imazh,114,short_61_120,0.9956288090873958,0.004371190912604184,0,likely_real,True,correct
word_char_tfidf,true_1234,1234,0,real,Blero: Ky reper shqiptar është i preferuari im,155,medium_121_250,0.9660965310779956,0.033903468922004354,0,likely_real,True,correct
word_char_tfidf,true_1243,1243,0,real,Deputetja e Kuvendit të Kosovës Eliza Hoxha është shëruar nga koronavirusi,702,long_gt_250,0.9977998752746964,0.002200124725303645,0,likely_real,True,correct
word_char_tfidf,true_1245,1245,0,real,Pandora më në formë se kurrë feston ditëlindjen,82,short_61_120,0.9894021393287347,0.010597860671265294,0,likely_real,True,correct
word_char_tfidf,true_1246,1246,0,real,"Ja përse duhet të hani 1 thelb hudhër në esëll/ Bën mrekulli për organizmin, ja si",142,medium_121_250,0.608031833783419,0.391968166216581,0,uncertain,True,correct
word_char_tfidf,true_1260,1260,0,real,Receta çudibërëse me farat e lirit: Të dobësohemi shëndetshëm dhe sigurt,418,long_gt_250,0.9689829017805093,0.031017098219490686,0,likely_real,True,correct
word_char_tfidf,true_1266,1266,0,real,Receta e Cekës - Maregnore,244,medium_121_250,0.8397523569535214,0.16024764304647868,0,likely_real,True,correct
word_char_tfidf,true_1274,1274,0,real,Koronavirusi anulon festimet e Vitit të Ri,162,medium_121_250,0.9943388397520655,0.005661160247934461,0,likely_real,True,correct
word_char_tfidf,true_1275,1275,0,real,"Ç’do ndodhë me koronavirusin? OBSH në alarm, rritja e infektimeve po…",442,long_gt_250,0.9982795878294438,0.0017204121705561594,0,likely_real,True,correct
word_char_tfidf,true_1279,1279,0,real,Çfarë misteri i pazgjidhur fshihet në mes të selisë së CIA?,590,long_gt_250,0.9960419352150338,0.003958064784966219,0,likely_real,True,correct
word_char_tfidf,true_1285,1285,0,real,Prekëse: Kujdestari vishet bardhezi për t’ia plotësuar mungesën e nënës zebrës jetime,189,medium_121_250,0.9480372160600542,0.05196278393994579,0,likely_real,True,correct
word_char_tfidf,true_1290,1290,0,real,Aleksander Vuçiq: Dialogu i Brukselit po ndodhë nga dëshira e Brukselit për ta përjashtuar Amerikën,262,long_gt_250,0.9651941752651967,0.0348058247348033,0,likely_real,True,correct
word_char_tfidf,true_1291,1291,0,real,Kaçanikasi tenton t’i vrasë dy persona shkaku i një kontesti pronësor,249,medium_121_250,0.9953996894192423,0.004600310580757758,0,likely_real,True,correct
word_char_tfidf,true_1293,1293,0,real,"U bë me vajzë por dëshironte djalë – Burri vret veten, e shoqja pëson atak kardiak",118,short_61_120,0.6316768100451231,0.3683231899548769,0,uncertain,True,correct
word_char_tfidf,true_1302,1302,0,real,"OBSH: Rritje shqetësuese të rasteve nga coronavirusi në Ballkan, duhet të tregohemi vigjilentë",141,medium_121_250,0.9813213387476933,0.018678661252306647,0,likely_real,True,correct
word_char_tfidf,true_1311,1311,0,real,"E akuzuan për ndërhyrje në Gjykatë, Von Cramon ia kthen Enver Hoxhajt: Kjo s’ndodh në demokraci, ndoshta në vendin tuaj po",254,long_gt_250,0.8512133379236531,0.148786662076347,0,likely_real,True,correct
word_char_tfidf,true_1314,1314,0,real,Ky është 22 vjeçari nga Peja që vdiq në aksidentin tragjik,94,short_61_120,0.972726861528329,0.02727313847167098,0,likely_real,True,correct
word_char_tfidf,true_1320,1320,0,real,Shikoni çfarë vozitje të shpejtë i bën veturës 60-vjeçarja shqiptare,145,medium_121_250,0.45724453944779175,0.5427554605522082,1,uncertain,False,false_positive
word_char_tfidf,true_1324,1324,0,real,Turqia pezullon fluturimet shkaku i shtimit të rasteve të Covid-19,200,medium_121_250,0.9901474380722641,0.009852561927735924,0,likely_real,True,correct
word_char_tfidf,true_1325,1325,0,real,"Zemaj dhe Ramadani pushojnë sot, i cojnë me e-mail njoftimet për situatën 24 orëshe me COVID-19",135,medium_121_250,0.9978229600477622,0.0021770399522378307,0,likely_real,True,correct
word_char_tfidf,true_1334,1334,0,real,"Tayna poston fotot provokuese dhe dërgon mesazhin, “Të josh dhe të bëj budalla, sa herë dua”",106,short_61_120,0.7599164380429514,0.24008356195704864,0,likely_real,True,correct
word_char_tfidf,true_1336,1336,0,real,Presidenti në aktakuzë para Gjykatës Speciale dhe dialogu me Serbinë e sfidojnë shtetësinë e Kosovës,309,long_gt_250,0.9963217333638962,0.0036782666361038015,0,likely_real,True,correct
word_char_tfidf,true_1346,1346,0,real,Kështu e kujton Leonora babin në 22 vjetorin e vdekjes,75,short_61_120,0.9429221932972314,0.05707780670276864,0,likely_real,True,correct
word_char_tfidf,true_1351,1351,0,real,Receta e Cekës: Omletë me mollë,157,medium_121_250,0.49734586283600213,0.5026541371639979,1,uncertain,False,false_positive
word_char_tfidf,true_1365,1365,0,real,"Çdo natë para gjumit, pije këtë lëng dhe do largoni gjithçka nga barku, shkrin gjithë yndyrën, do t’ju heqi kilet e tepërta fare nga trupi",450,long_gt_250,0.6039952849229246,0.3960047150770754,0,uncertain,True,correct
word_char_tfidf,true_1371,1371,0,real,Ku ngeli Alba Hoxha?,77,short_61_120,0.9608789475877964,0.039121052412203615,0,likely_real,True,correct
word_char_tfidf,true_1379,1379,0,real,Isufi: Nuk ka aktakuzë që mund ta njollosë luftën e UÇK’së,214,medium_121_250,0.9918560075919528,0.008143992408047153,0,likely_real,True,correct
word_char_tfidf,true_1382,1382,0,real,"Serwer: Aktakuza ndaj Thaçit e Veselit s’është personale, Kosova është në telashe",206,medium_121_250,0.8651070805616847,0.13489291943831522,0,likely_real,True,correct
word_char_tfidf,true_1385,1385,0,real,"Është mashtrim, qeveria e kombinimit politik LDK me partnerët e PAN-it nuk e bëjnë ligjin Vetting",579,long_gt_250,0.9945873661254307,0.00541263387456924,0,likely_real,True,correct
word_char_tfidf,true_1395,1395,0,real,"Infektologu italian: Koronavirusi është dobësuar, ja kur pritet të zhduket",273,long_gt_250,0.9728774973269956,0.027122502673004464,0,likely_real,True,correct
word_char_tfidf,true_1396,1396,0,real,Cramon për vizat: Ja kur pritet liberalizimi final,310,long_gt_250,0.6727012865203725,0.3272987134796274,0,uncertain,True,correct
word_char_tfidf,true_1413,1413,0,real,Koronavirusi: Renditja e Kosovës krahas shteteve të rajonit,366,long_gt_250,0.9990607248664057,0.000939275133594288,0,likely_real,True,correct
word_char_tfidf,true_1415,1415,0,real,"Trump për John Bolton: Askush nuk e donte në Shtëpinë e Bardhë, dukej i çmendur",344,long_gt_250,0.9379540735455985,0.06204592645440151,0,likely_real,True,correct
word_char_tfidf,true_1420,1420,0,real,Haradinaj shkon i pari në takim me Avdullah Hotin,93,short_61_120,0.9532096715548484,0.04679032844515164,0,likely_real,True,correct
word_char_tfidf,true_1424,1424,0,real,Zbulohet e vërteta: Ja çfarë pritet të ndodhë më 27 qershor në Shtëpinë e Bardhë,524,long_gt_250,0.959959647383485,0.040040352616514965,0,likely_real,True,correct
word_char_tfidf,true_1426,1426,0,real,Hoti i fton liderët e partive në zyrë për t’u koordinuar para udhëtimit në Washington,164,medium_121_250,0.9765281819323111,0.02347181806768899,0,likely_real,True,correct
word_char_tfidf,true_1432,1432,0,real,Zbulohet substanca që e ul vdekshmërinë e pacientëve me Covid-19,344,long_gt_250,0.9823351079657946,0.01766489203420544,0,likely_real,True,correct
word_char_tfidf,true_1434,1434,0,real,"Gati për të shijuar pushimet, Elita dhe Gjiko zgjedhin këtë destinacion brenda Shqipërisë",148,medium_121_250,0.728180640825306,0.2718193591746941,0,likely_real,True,correct
word_char_tfidf,true_1441,1441,0,real,A është Nicki Minaj shtatzënë!,107,short_61_120,0.9783216339954415,0.021678366004558473,0,likely_real,True,correct
word_char_tfidf,true_1450,1450,0,real,Stërvitja e parë e Valon Berishës te Reims,88,short_61_120,0.4564035952288594,0.5435964047711406,1,uncertain,False,false_positive
word_char_tfidf,true_1451,1451,0,real,"Hoti e Hyseni presin në takim ambasadorët e QUINT-it, flasin për dialogun me Serbinë",218,medium_121_250,0.9736819428312784,0.026318057168721563,0,likely_real,True,correct
word_char_tfidf,true_1454,1454,0,real,Çavuşoğlu: Ajasofja është çështje e sovranitetit të Turqisë,188,medium_121_250,0.9810585849432993,0.018941415056700717,0,likely_real,True,correct
word_char_tfidf,true_1461,1461,0,real,"8 të vdekur nga koronavirusi brenda ditës në Kosovë, shkon në 177 numri i përgjithshëm i viktimave",65,short_61_120,0.7975667545044656,0.20243324549553443,0,likely_real,True,correct
word_char_tfidf,true_1465,1465,0,real,Lëngu i qepës së kuqe/ Kura natyrale për stomakun dhe alergjitë,340,long_gt_250,0.6984641342243405,0.30153586577565955,0,uncertain,True,correct
word_char_tfidf,true_1466,1466,0,real,"Bilanci i pandemisë në botë, mbi 16 milionë raste me COVID-19",283,long_gt_250,0.9980975479467102,0.00190245205328975,0,likely_real,True,correct
word_char_tfidf,true_1473,1473,0,real,"Certifikohen rezultatet zgjedhore, shqiptarët me 32 mandate në Kuvendin e Maqedonisë së Veriut",112,short_61_120,0.56461093957038,0.43538906042961995,0,uncertain,True,correct
word_char_tfidf,true_1474,1474,0,real,Turqia reagon kundër djegies së flamurit turk në Greqi,341,long_gt_250,0.9912728484238866,0.008727151576113343,0,likely_real,True,correct
word_char_tfidf,true_1475,1475,0,real,Policia izraelite arreston 3 fëmijë palestinezë në Kuds,129,medium_121_250,0.8654966075594113,0.1345033924405888,0,likely_real,True,correct
word_char_tfidf,true_1484,1484,0,real,Ndihma humanitare botërore e Turqisë përbën 26 për qind në vitin 2019,754,long_gt_250,0.9913960127607664,0.008603987239233616,0,likely_real,True,correct
word_char_tfidf,true_1488,1488,0,real,Breshka e detit e ndjekur nga shkencëtarët turq përmes satelitit përshkoi 5.500 kilometra për një vit,339,long_gt_250,0.9773337344019387,0.02266626559806125,0,likely_real,True,correct
word_char_tfidf,true_1492,1492,0,real,Vdes nga koronavirusi një 66-vjeçare në Spitalin e Pejës,203,medium_121_250,0.9828017769182952,0.017198223081704864,0,likely_real,True,correct
word_char_tfidf,true_1498,1498,0,real,"Isa Mustafa përkrah fuqishëm ndërtimin e Xhamisë, dënon protestën: Të krenohemi që jemi muslimanë",349,long_gt_250,0.9676329943075109,0.03236700569248906,0,likely_real,True,correct
word_char_tfidf,true_1503,1503,0,real,"Edhe 5 të vdekur nga Covid-19 në Kosovë, numri i përgjithshëm 144",111,short_61_120,0.9957762004778569,0.004223799522143134,0,likely_real,True,correct
word_char_tfidf,true_1511,1511,0,real,Nisin hetimet ndaj TikTok në Australi,178,medium_121_250,0.7867218655240626,0.2132781344759374,0,likely_real,True,correct
word_char_tfidf,true_1513,1513,0,real,"“Vrisni një serb e ne do të vrasim 100 myslimanë”, Kurti kujton deklaratën famëkeqe të Vuçiqit",256,long_gt_250,0.44095895526625783,0.5590410447337422,1,uncertain,False,false_positive
word_char_tfidf,true_1519,1519,0,real,Sot pritet fillimi i testimeve serologjike për koronavirus,227,medium_121_250,0.9956882104304262,0.00431178956957377,0,likely_real,True,correct
word_char_tfidf,true_1531,1531,0,real,"Gjashtë nivelet në të cilat shfaqet koronavirusi, simptomat dhe pacientët më të rrezikuar",422,long_gt_250,0.8275710896516079,0.17242891034839214,0,likely_real,True,correct
word_char_tfidf,true_1533,1533,0,real,Apeli i IKSHPK-së: Mbani maskat dhe distancën fizike,399,long_gt_250,0.9930296691056428,0.006970330894357177,0,likely_real,True,correct
word_char_tfidf,true_1538,1538,0,real,Vdes gjyqtari Shashivar Hoti,115,short_61_120,0.8932694605957239,0.10673053940427617,0,likely_real,True,correct
word_char_tfidf,true_1542,1542,0,real,Shënohen edhe dy vdekje nga Covid-19 në Kosovë,177,medium_121_250,0.9744052500257122,0.025594749974287824,0,likely_real,True,correct
word_char_tfidf,true_1544,1544,0,real,Kur pritet t’u mundësohet qytetarëve tërheqja e parave nga Trusti?,209,medium_121_250,0.9587224541190058,0.04127754588099421,0,likely_real,True,correct
word_char_tfidf,true_1545,1545,0,real,​Apeli i IKSHPK-së: Vazhdoni të mbani distancën fizike dhe maskat,441,long_gt_250,0.991303217990622,0.008696782009378002,0,likely_real,True,correct
word_char_tfidf,true_1547,1547,0,real,"Hoti deklarohet pas takimit me Vuçiq: Kemi bërë progres, besojmë në partnerët ndërkombëtarë",172,medium_121_250,0.9585936523961085,0.041406347603891544,0,likely_real,True,correct
word_char_tfidf,true_1551,1551,0,real,Kurti: Me qeverinë koti kriminelët dolën nga skutat,408,long_gt_250,0.9918465382531946,0.008153461746805384,0,likely_real,True,correct
word_char_tfidf,true_1552,1552,0,real,"Specialja e nis intervistimin, Presidenti nuk deklarohet për media",203,medium_121_250,0.8150355015585163,0.1849644984414837,0,likely_real,True,correct
word_char_tfidf,true_1556,1556,0,real,"Shqipëri, vazhdon rritja e rasteve me koronavirus",137,medium_121_250,0.998692436361405,0.0013075636385950099,0,likely_real,True,correct
word_char_tfidf,true_1557,1557,0,real,Maqedoni: Shqiptarët me 32 deputetë në Parlamentin,211,medium_121_250,0.9186231776335438,0.0813768223664561,0,likely_real,True,correct
word_char_tfidf,true_1563,1563,0,real,Kosova e para në Evropë për raste të reja me COVID-19 në dy javët e fundit,214,medium_121_250,0.9927738106917618,0.007226189308238126,0,likely_real,True,correct
word_char_tfidf,true_1564,1564,0,real,"Fillon ndërtimi i Xhamisë së Madhe në Prishtinë, Tërnava uron besimtarët",107,short_61_120,0.7872873548257018,0.21271264517429822,0,likely_real,True,correct
word_char_tfidf,true_1567,1567,0,real,"Policia mas 2 muajsh hetime zbulon 20 kg marihuanë, në pranga 5 persona",301,long_gt_250,0.9972110150563425,0.0027889849436574937,0,likely_real,True,correct
word_char_tfidf,true_1568,1568,0,real,Vaksina kundër COVID-19 e testuar tek njerëzit tregon shenja të hershme të suksesit,277,long_gt_250,0.9732445186913228,0.026755481308677196,0,likely_real,True,correct
word_char_tfidf,true_1569,1569,0,real,Dita e tretë e intervistimit të presidentit Thaçi në Hagë,163,medium_121_250,0.5651894919141972,0.4348105080858028,0,uncertain,True,correct
word_char_tfidf,true_1574,1574,0,real,Në SHSKUK po trajtohen 268 pacientë me Covid-19,154,medium_121_250,0.9927228150341375,0.0072771849658624455,0,likely_real,True,correct
word_char_tfidf,true_1593,1593,0,real,Fillon seanca e Kuvendit ku kryeministri Hoti do të raportojë para takimit të Uashingtonit,221,medium_121_250,0.9742887016656506,0.025711298334349347,0,likely_real,True,correct
word_char_tfidf,true_1594,1594,0,real,"Shqipëri, një i vdekur dhe 53 raste të reja me COVID-19",169,medium_121_250,0.9995473259922217,0.0004526740077782697,0,likely_real,True,correct
word_char_tfidf,true_1601,1601,0,real,Messi i gatshëm për ndeshjen e sotme ndaj Mallorcas,128,medium_121_250,0.8740566774888733,0.12594332251112672,0,likely_real,True,correct
word_char_tfidf,true_1606,1606,0,real,Isa Mustafa: Atakimi i familjes së Vjosa Osmanit është neveritës,162,medium_121_250,0.7185552801558625,0.28144471984413755,0,likely_real,True,correct
word_char_tfidf,true_1609,1609,0,real,Thaçi reagon pas votimit të qeverisë: Ditë e rëndësishme për demokracinë,156,medium_121_250,0.9215504035954513,0.07844959640454874,0,likely_real,True,correct
word_char_tfidf,true_1610,1610,0,real,Kuvendi votoi Qeverinë Hoti,44,very_short_le_60,0.8475510079484602,0.1524489920515398,0,likely_real,True,correct
word_char_tfidf,true_1611,1611,0,real,Wuhan-i “kryen me sukses” testimin e popullsisë për koronavirus,147,medium_121_250,0.9449929379441148,0.05500706205588525,0,likely_real,True,correct
word_char_tfidf,true_1613,1613,0,real,​Kryesia e Kuvendit sot vendos datën e seancës për votimin e Qeverisë Hoti,108,short_61_120,0.952379631355205,0.047620368644795054,0,likely_real,True,correct
word_char_tfidf,true_1616,1616,0,real,Një i prekur me koronavirus në Infektivë në gjendje të rëndë,105,short_61_120,0.9326310819835889,0.06736891801641108,0,likely_real,True,correct
word_char_tfidf,true_1619,1619,0,real,"Mbi 2,3 milionë të shëruar nga COVID-19 në mbarë botën",109,short_61_120,0.9075951903550034,0.09240480964499667,0,likely_real,True,correct
word_char_tfidf,true_1622,1622,0,real,Mbi 12 mijë teste për COVID-19 në Kosovë,102,short_61_120,0.9916347033322149,0.008365296667785018,0,likely_real,True,correct
word_char_tfidf,true_1624,1624,0,real,Klopp thotë se Liverpooli do të jetë i gatshëm për rikthimin e lojës së bukur,223,medium_121_250,0.9480159662916466,0.051984033708353326,0,likely_real,True,correct
word_char_tfidf,true_1625,1625,0,real,"Britani, qentë do të trajnohen për të diagnostikuar personat me COVID-19",269,long_gt_250,0.9284039910884735,0.07159600891152647,0,likely_real,True,correct
word_char_tfidf,true_1641,1641,0,real,​17 milionë raste me COVID-19 në botë,100,short_61_120,0.9137447073678387,0.08625529263216124,0,likely_real,True,correct
word_char_tfidf,true_1647,1647,0,real,Sekuestrohen mbi 40 armë në një operacion në Prishtinë,139,medium_121_250,0.9925900125632824,0.007409987436717607,0,likely_real,True,correct
word_char_tfidf,true_1648,1648,0,real,Qeveria nuk u konsultua me KOK-un për ndalimin e aktiviteteve sportive,518,long_gt_250,0.9994299044421999,0.0005700955578001142,0,likely_real,True,correct
word_char_tfidf,true_1653,1653,0,real,​Veliu thotë se VV-ja pati tendenca që të pamundësohet raportimi në Komision,279,long_gt_250,0.9773648140272536,0.02263518597274642,0,likely_real,True,correct
word_char_tfidf,true_1655,1655,0,real,Janë bërë të ditura nominimet e shpërblimeve “Emmy”,304,long_gt_250,0.9621006848815841,0.03789931511841589,0,likely_real,True,correct
word_char_tfidf,true_1659,1659,0,real,Numër i vogël në pelegrinazhin e sivjetmë në Haxh,238,medium_121_250,0.9814455764370348,0.01855442356296525,0,likely_real,True,correct
word_char_tfidf,true_1660,1660,0,real,Finalja e Kupës – për një fund me dinjitet të edicionit të vështirë,716,long_gt_250,0.9971450539306131,0.0028549460693868553,0,likely_real,True,correct
word_char_tfidf,true_1665,1665,0,real,Partitë shqiptare në Mal të Zi garojnë të ndara në zgjedhjet parlamentare,267,long_gt_250,0.9078867870634465,0.09211321293655346,0,likely_real,True,correct
word_char_tfidf,true_1667,1667,0,real,Mbretëria e Bashkuar largon Spanjën nga lista e udhëtimeve,189,medium_121_250,0.9201752566350492,0.07982474336495085,0,likely_real,True,correct
word_char_tfidf,true_1674,1674,0,real,Ish-ministri i Shëndetësisë: E pafalshme që kjo situatë abnormale të trajtohet si normale nga Qeveria,316,long_gt_250,0.9974411865271587,0.0025588134728412567,0,likely_real,True,correct
word_char_tfidf,true_1675,1675,0,real,Leron Kurteshi sjell stilin urban në muzikë,135,medium_121_250,0.9532872743809484,0.04671272561905156,0,likely_real,True,correct
word_char_tfidf,true_1676,1676,0,real,Zvicra njofton për 132 raste të reja me COVID-19 e tre të vdekur,118,short_61_120,0.9923674550876317,0.007632544912368286,0,likely_real,True,correct
word_char_tfidf,true_1687,1687,0,real,Me rigon kundër infeksioneve dhe problemeve me fytin,307,long_gt_250,0.842893705253266,0.15710629474673402,0,likely_real,True,correct
word_char_tfidf,true_1692,1692,0,real,"Bazeli, vendi ku lindi shkenca e halucinacioneve",569,long_gt_250,0.972700096588776,0.02729990341122396,0,likely_real,True,correct
word_char_tfidf,true_1697,1697,0,real,"Katër gola në dy ndeshje, Ademi tregon sekretin e kthimit në formë",220,medium_121_250,0.9472142207929122,0.0527857792070878,0,likely_real,True,correct
word_char_tfidf,true_1698,1698,0,real,Rreth 200 shtretër kanë mbetur në dispozicion për trajtim të pacientëve me COVID-19,226,medium_121_250,0.9976902014053509,0.002309798594649039,0,likely_real,True,correct
word_char_tfidf,true_1700,1700,0,real,Këshilltari kryesor i Trumpit del pozitiv në COVID-19,115,short_61_120,0.9030791503365394,0.09692084966346062,0,likely_real,True,correct
word_char_tfidf,true_1711,1711,0,real,Grupi “3 Doors Down” do ta lansojë këngën e parë në pesë vjetët e fundit,345,long_gt_250,0.9864601342321293,0.013539865767870696,0,likely_real,True,correct
word_char_tfidf,true_1714,1714,0,real,Konfiskime të armëve në ahengje,145,medium_121_250,0.9927489891189875,0.007251010881012493,0,likely_real,True,correct
word_char_tfidf,true_1720,1720,0,real,Java e fundit e korrikut me mot të nxehtë,148,medium_121_250,0.9930808305418569,0.006919169458143135,0,likely_real,True,correct
word_char_tfidf,true_1729,1729,0,real,Në Fushë-Kosovë dyshohet se djali vrau babanë,174,medium_121_250,0.973371614471802,0.02662838552819803,0,likely_real,True,correct
word_char_tfidf,true_1730,1730,0,real,Simptomat e COVID-19 ndahen në gjashtë grupe sipas një studimi,401,long_gt_250,0.9125181296438325,0.0874818703561675,0,likely_real,True,correct
word_char_tfidf,true_1732,1732,0,real,​Ekzekutohen pagesat e pakos emergjente për masën 3a për 7241 përfitues,83,short_61_120,0.971738516028882,0.02826148397111803,0,likely_real,True,correct
word_char_tfidf,true_1737,1737,0,real,"Buxhovi: LDK-së i duhen reforma, Osmani duhet të qëndrojë",2091,long_gt_250,0.9993330145302475,0.0006669854697524823,0,likely_real,True,correct
word_char_tfidf,true_1738,1738,0,real,Shpërblehen sekretarët që ia punësuan renë Mustafës dhe dhëndrin Limajt,302,long_gt_250,0.9577448228756598,0.0422551771243402,0,likely_real,True,correct
word_char_tfidf,true_1740,1740,0,real,Konsiderohet e dëmshme rizgjedhja e Thaçit edhe për një mandat,179,medium_121_250,0.9078220935827462,0.09217790641725379,0,likely_real,True,correct
word_char_tfidf,true_1742,1742,0,real,"Vuçiqi takohet me Lajçakun, pranon se temat janë të dhimbshme dhe se kompromisi nuk është i lehtë",339,long_gt_250,0.9825709433880324,0.017429056611967562,0,likely_real,True,correct
word_char_tfidf,true_1746,1746,0,real,Haradinaj ia kishte ndarë Mustafës mbi 24 mijë euro në emër të pagës retroaktive,340,long_gt_250,0.9091797063125938,0.09082029368740618,0,likely_real,True,correct
word_char_tfidf,true_1755,1755,0,real,Tayna u ndërton shtëpi të re prindërve të saj,188,medium_121_250,0.8965585074777298,0.10344149252227021,0,likely_real,True,correct
word_char_tfidf,true_1757,1757,0,real,Qeveria mbulon shpenzimet e Kartonit të Gjelbër për bashkatdhetarët deri në fund të këtij viti,268,long_gt_250,0.994252945040145,0.005747054959854985,0,likely_real,True,correct
word_char_tfidf,true_1767,1767,0,real,"Hoti: Kemi hyrë në valën e dytë të pandemisë COVID-19, të aktivizohet Plani i reagimit kombëtar",263,long_gt_250,0.9985833411370705,0.001416658862929564,0,likely_real,True,correct
word_char_tfidf,true_1768,1768,0,real,Qeveria ndan nga 300 euro për mantelbardhët,118,short_61_120,0.9816990404291929,0.018300959570807154,0,likely_real,True,correct
word_char_tfidf,true_1783,1783,0,real,"Khabib – Gaethje, caktohet përfundimisht data për meçin e zjarrtë",123,medium_121_250,0.8713669622360731,0.12863303776392682,0,likely_real,True,correct
word_char_tfidf,true_1785,1785,0,real,"​Ndalohen të gjitha veprimtaritë fetare, nuk lejohet as therja e kafshëve në shtëpi",161,medium_121_250,0.8732521428363799,0.12674785716362014,0,likely_real,True,correct
word_char_tfidf,true_1790,1790,0,real,Gazmend Gjyshinca: Kujtim Shala dhe Arben Gashi më ngrehen nga krahu dhe më thanë budalla,352,long_gt_250,0.9962287064223596,0.0037712935776403928,0,likely_real,True,correct
word_char_tfidf,true_1795,1795,0,real,Fauci thotë se përgjigja mbi vaksinën për COVID-19 mund të vijë në ‘tetor ose nëntor’,245,medium_121_250,0.9450510290856065,0.05494897091439349,0,likely_real,True,correct
word_char_tfidf,true_1799,1799,0,real,Një grua në TikTok ndau një truk që ndihmon për gjetjen e xhinseve të duhura,234,medium_121_250,0.8991124294835346,0.10088757051646531,0,likely_real,True,correct
word_char_tfidf,true_1804,1804,0,real,"Lëvoret e shalqirit, të mbushura me produkte ushqyese",219,medium_121_250,0.7974963040465086,0.20250369595349133,0,likely_real,True,correct
word_char_tfidf,true_1811,1811,0,real,Deputetja Eliza Hoxha rrëfen përvojën dhe betejën me COVID-19,657,long_gt_250,0.9975489709705798,0.0024510290294202227,0,likely_real,True,correct
word_char_tfidf,true_1814,1814,0,real,Ish-lojtari i Ballkanit ndërron jetë nga COVID-19,156,medium_121_250,0.9950283016715059,0.0049716983284940714,0,likely_real,True,correct
word_char_tfidf,true_1815,1815,0,real,"Qeveria me masa të reja për kopshtet, gastronominë e fusha tjera",130,medium_121_250,0.9863188661426414,0.013681133857358531,0,likely_real,True,correct
word_char_tfidf,true_1819,1819,0,real,"Shkretëtira shndërrohet në varrezë, skena rrëqethëse nga Iraku",220,medium_121_250,0.9587441989462795,0.0412558010537205,0,likely_real,True,correct
word_char_tfidf,true_1820,1820,0,real,"Ka filluar të mbahet gara robotikës “First Global Challenge”, Kosova kryeson në listë",163,medium_121_250,0.8072316392031617,0.19276836079683835,0,likely_real,True,correct
word_char_tfidf,true_1826,1826,0,real,Si lindi sfondi më i famshëm kompjuterik i të gjitha kohërave – dhe ja si duket tani vendi ku u bë fotografia,421,long_gt_250,0.9915493553069616,0.008450644693038308,0,likely_real,True,correct
word_char_tfidf,true_1832,1832,0,real,"Kina raporton numrin më të madh të rasteve me coronavirus, që nga fundi i shpërthimit të Wuhan",170,medium_121_250,0.9843941599494371,0.0156058400505629,0,likely_real,True,correct
word_char_tfidf,true_1834,1834,0,real,"Gastronomët ia ‘dorëzojnë çelësat’ Qeverisë së Kosovës, kërkojnë përkrahje institucionale",170,medium_121_250,0.9885957263985992,0.011404273601400835,0,likely_real,True,correct
word_char_tfidf,true_1839,1839,0,real,Horoskopi javor për periudhën nga 27 korrik – 03 gusht,1619,long_gt_250,0.9958152542949943,0.00418474570500566,0,likely_real,True,correct
word_char_tfidf,true_1848,1848,0,real,Mustafa: Dialogu është krejtësisht politik dhe rezulton me marrëveshje politike ndërshtetërore për njohje reciproke,255,long_gt_250,0.9790548913433671,0.020945108656632877,0,likely_real,True,correct
word_char_tfidf,true_1853,1853,0,real,Sabri Fejzullahu përkujton veprimtarin Adem Demaçi në dyvjetorin e vdekjes së tij,141,medium_121_250,0.8746230257434418,0.12537697425655828,0,likely_real,True,correct
word_char_tfidf,true_1861,1861,0,real,A mund të vetëkallet më lehtë vetura që ka aparat klime?,202,medium_121_250,0.9822221596471964,0.017777840352803637,0,likely_real,True,correct
word_char_tfidf,true_1873,1873,0,real,DailyMail shkruan për nënën e Rita Orës: 56-vjeçarja Vera që rrëmben vëmendjen me paraqitjet e saj me bikini në plazh,245,medium_121_250,0.9874607981847424,0.012539201815257568,0,likely_real,True,correct
word_char_tfidf,true_1874,1874,0,real,FSK blen automjete të blinduara nga Ushtria amerikane,92,short_61_120,0.8394646461996877,0.16053535380031225,0,likely_real,True,correct
word_char_tfidf,true_1885,1885,0,real,Çaji i zakonshëm i nenexhikut – Ilaç universal i gjyshes që vërtet është i fuqishëm!,588,long_gt_250,0.8825929209017866,0.11740707909821335,0,likely_real,True,correct
word_char_tfidf,true_1894,1894,0,real,Në Spitalin e Pejës dje ka vdekur një pacient me COVID-19,137,medium_121_250,0.9962784372786447,0.003721562721355229,0,likely_real,True,correct
word_char_tfidf,true_1898,1898,0,real,Djersitja është dukuri shumë më e ndërlikuar seç mendoni,695,long_gt_250,0.9783173644595109,0.021682635540489145,0,likely_real,True,correct
word_char_tfidf,true_1904,1904,0,real,Këto vende ishin model i suksesit në luftën ndaj coronavirusit – por nuk janë më!,917,long_gt_250,0.9994509601400796,0.0005490398599203824,0,likely_real,True,correct
word_char_tfidf,true_1906,1906,0,real,"Fansi e quajti lojtar ‘shumë të mbivlerësuar’, Toni Kross i përgjigjet në mënyrë epike",281,long_gt_250,0.9883589169962238,0.011641083003776162,0,likely_real,True,correct
word_char_tfidf,true_1912,1912,0,real,Rastet e reja me coronavirus – 91 vetëm në Prishtinë,284,long_gt_250,0.9968085434875464,0.003191456512453575,0,likely_real,True,correct
word_char_tfidf,true_1913,1913,0,real,Rita Ora në lidhje serioze me Roman Gavras,133,medium_121_250,0.719516951705707,0.28048304829429305,0,likely_real,True,correct
word_char_tfidf,true_1917,1917,0,real,"Dua Lipa në frymë patriotike, publikon flamurin ‘Autochthonous’ dhe kuptimin e fjalës",157,medium_121_250,0.9588876308955356,0.04111236910446438,0,likely_real,True,correct
word_char_tfidf,true_1920,1920,0,real,LVV reagon pas akuzave të PDK-së për Telekomin: Sejdi Hoxha i ka kushtuar Postës mbi 50 mijë euro për dy vite,385,long_gt_250,0.9692328869864859,0.030767113013514088,0,likely_real,True,correct
word_char_tfidf,true_1923,1923,0,real,"Shpërndau lajmin se ka vdekur Isa Mustafa, policia arreston të dyshuarin",149,medium_121_250,0.9886086553217814,0.011391344678218557,0,likely_real,True,correct
word_char_tfidf,true_1925,1925,0,real,Florentino Perez thotë se Benzema duhet ta fitojë Topin e Artë këtë vit,177,medium_121_250,0.9671823462085505,0.03281765379144951,0,likely_real,True,correct
word_char_tfidf,true_1928,1928,0,real,Përfundon takimi Hoti-Vuçiq në Bruksel,364,long_gt_250,0.992495769111276,0.007504230888724033,0,likely_real,True,correct
word_char_tfidf,true_1931,1931,0,real,Magjia verore në ETC vjen me zbritje deri në 50%,292,long_gt_250,0.5232091259079175,0.4767908740920826,0,uncertain,True,correct
word_char_tfidf,true_1932,1932,0,real,Nipi i Elvis Presleyt është emri më i ri që i bashkohet listës së yjeve që nuk iu shmangën mallkimit të “Klubit 27”,435,long_gt_250,0.9937945461725134,0.006205453827486586,0,likely_real,True,correct
word_char_tfidf,true_1933,1933,0,real,Haradinaj: Aktakuzat ndaj Thaçit dhe Veselit janë goditje ndaj lirisë së Kosovës,431,long_gt_250,0.9453999965374112,0.05460000346258876,0,likely_real,True,correct
word_char_tfidf,true_1935,1935,0,real,Haradinaj: Nëse konfirmohen akuzat ndaj Thaçit e Veselit Kosova rrezikon të dëmtohet rëndë,155,medium_121_250,0.2238258313838547,0.7761741686161453,1,likely_fake,False,false_positive
word_char_tfidf,true_1938,1938,0,real,"Kjo është sasia e mjaftueshme e ujit, të cilin duhet ta konsumojmë për të qenë të shëndetshëm",428,long_gt_250,0.7994789811945546,0.20052101880544537,0,likely_real,True,correct
word_char_tfidf,true_1939,1939,0,real,Kendall Jenner vë në pah të pasmet në imazhet e fundit me të brendshme,153,medium_121_250,0.986405580336362,0.01359441966363794,0,likely_real,True,correct
word_char_tfidf,true_1951,1951,0,real,Jakupi: Edhe Kosova do të bëjë përpjekje për të siguruar disa doza të ilaçit që trajton pacientët me COVID-19,212,medium_121_250,0.9679066284525653,0.03209337154743473,0,likely_real,True,correct
word_char_tfidf,true_1960,1960,0,real,Ledri Vula rrëfen historinë me Sara Hoxhën dhe planet për t’u bërë baba,305,long_gt_250,0.9833916519207803,0.01660834807921976,0,likely_real,True,correct
word_char_tfidf,true_1963,1963,0,real,Sadio Mane mezi ka pritur të rifillojë Liga Premier – senegalezi harroi se duhet gjunjëzuar në shenjë nderimi për “Black Lives Matter”,170,medium_121_250,0.9673704449001699,0.032629555099830135,0,likely_real,True,correct
word_char_tfidf,true_1966,1966,0,real,Viola von Cramon shpreson se kosovarëve do t’iu hiqen vizat kur Gjermania ta marrë Presidencën,205,medium_121_250,0.3006124570427908,0.6993875429572092,1,uncertain,False,false_positive
word_char_tfidf,true_1967,1967,0,real,Vuçiq: Nga Lavrovi pranova informata shqetësuese për çështjen e Kosovës,142,medium_121_250,0.8603773295008342,0.1396226704991658,0,likely_real,True,correct
word_char_tfidf,true_1979,1979,0,real,WhatsApp do t’ju lejojë të përdorni të njëjtën llogari deri në katër pajisje,92,short_61_120,0.8386326918018158,0.16136730819818423,0,likely_real,True,correct
word_char_tfidf,true_1982,1982,0,real,"Labinot Tahiri reagon i revoltuar: Kjo është një gënjeshtër, le të më dërgojnë në burg mua dhe gjithë estradën",216,medium_121_250,0.9445165024748515,0.05548349752514852,0,likely_real,True,correct
word_char_tfidf,true_1988,1988,0,real,Konjufca: Mustafa përsëri do t’ia bëjë votat Thaçit për president,217,medium_121_250,0.4923641947739703,0.5076358052260297,1,uncertain,False,false_positive
word_char_tfidf,true_1991,1991,0,real,"Kylie Jenner etiketohet si raciste, kryqëzohet nga fansat pasi vetëm 13 për qind e punonjësve në markën e saj janë njerëz me ngjyrë",272,long_gt_250,0.927276901842533,0.07272309815746704,0,likely_real,True,correct
word_char_tfidf,fake_24,24,1,fake,"Askush Nuk Po E Besonte Që Kjo Ka’fshë Është Në Këtë Vend, Banorët Janë Mbledhur Dhe… VIDEO",66,short_61_120,0.0005371683341974798,0.9994628316658025,1,likely_fake,True,correct
word_char_tfidf,fake_30,30,1,fake,Vallëzimi I Nuses Në Dasmën E Saj Po Mahnitë Të Gjithë Në Rrjetet Sociale,72,short_61_120,0.11730338899945625,0.8826966110005438,1,likely_fake,True,correct
word_char_tfidf,fake_31,31,1,fake,"Babai Merr Dy Ditë Leje Për Lindjen E Fëmijes, Kur Papritur I Vjen Nje Mesazh Nga Shefi I Tij Që E Lë Pa M,End",112,short_61_120,0.049437735946397776,0.9505622640536022,1,likely_fake,True,correct
word_char_tfidf,fake_33,33,1,fake,Njihuni Me Shqiptarën E Parë Që U Bë Milionere Me Bitcoin (FOTO),213,medium_121_250,0.440613233789774,0.559386766210226,1,uncertain,True,correct
word_char_tfidf,fake_45,45,1,fake,"Nisi Procesi Për Punë Sezonale Në Itali, Ja Sa Shqiptarë Mund Të Përfitojnë Punë Bashkë Me Leje Qëndrimi",78,short_61_120,0.136067431745706,0.863932568254294,1,likely_fake,True,correct
word_char_tfidf,fake_46,46,1,fake,"Rasti i rralle qe emocjonoi gjithe boten,i biri pa duar ushqen nenen e paralizuar (Video)",107,short_61_120,0.005121783327970086,0.9948782166720299,1,likely_fake,True,correct
word_char_tfidf,fake_50,50,1,fake,EKSLUZIVE:Rasheli Tregon Pa Dorashka Arsyen Pse U Largua Nga Ermali “Ai Me Ngacmonte Dhe …”,94,short_61_120,0.0010397753585729141,0.9989602246414271,1,likely_fake,True,correct
word_char_tfidf,fake_57,57,1,fake,Soda Del Jasht “Loje” Ky Eshte Perberesi I Cili Do Te Sheroj Lukthin Tuaj Ne Vetem Pak Dite,188,medium_121_250,0.24928309652054104,0.750716903479459,1,likely_fake,True,correct
word_char_tfidf,fake_60,60,1,fake,"Po na përlot me rolin e saj! Flet Ejlyli, tregon të pathënat e jetës së saj: U bëra…",99,short_61_120,0.007737502543267105,0.9922624974567329,1,likely_fake,True,correct
word_char_tfidf,fake_64,64,1,fake,"Mbani Lotët! Vajza E Zbulon Pak Para Dasmës Që I Fejuari Ia Kishte Dredhur, Më Pas Ia Bën…",75,short_61_120,0.0014205949895018666,0.9985794050104981,1,likely_fake,True,correct
word_char_tfidf,fake_66,66,1,fake,Gazetarja E Njohur Rrëfen Ëndrrën Me Edi Ramën Gjatë Karantinës: Më Ka… (Video),107,short_61_120,0.00924946382206493,0.9907505361779351,1,likely_fake,True,correct
word_char_tfidf,fake_68,68,1,fake,"Ata Duheshin Shumë, Por Babai I Saj Nuk Ja Jepte Për Grua Edhe Pse Ajo Mbeti Shtatëzanë. Ajo Që Ndodhi 56 Vite Më Vonë Do T’ju Përlotë…",121,medium_121_250,0.0015634807410189744,0.998436519258981,1,likely_fake,True,correct
word_char_tfidf,fake_70,70,1,fake,"BE Përshëndet Miratimin E ‘5 Qershorit’, Apeli I Sorecës: Mos Dëmtoni Frymën E Reformës Zgjedhore",93,short_61_120,0.02619913066172641,0.9738008693382736,1,likely_fake,True,correct
word_char_tfidf,fake_71,71,1,fake,"“T Ërmeti I Madh Do Ndryshojë Tokën, Kontinentet Do Ndahen Përgjysmë”, A Larmi I Shkencëtarit",118,short_61_120,0.0011124100523218772,0.9988875899476781,1,likely_fake,True,correct
word_char_tfidf,fake_74,74,1,fake,"Gezim I Madh Ne Familjen E Shkurte Fejzes, Ja Qfare Ndodhi ..",90,short_61_120,0.007456995270553768,0.9925430047294462,1,likely_fake,True,correct
word_char_tfidf,fake_77,77,1,fake,Kush Është Kjo Gruaja Që Sot Protestoi Dhe Tha:Do Ta Tuboj Popullaten Nuk Ka Ndërtim Të Xhamisë,120,short_61_120,0.005535759257786155,0.9944642407422138,1,likely_fake,True,correct
word_char_tfidf,fake_79,79,1,fake,"Plas Sh Erri Brenda Familjes Miliardere, Motra Urdhëron “Vr Ásjen” E Të Vëllait",132,medium_121_250,0.008690313832129815,0.9913096861678702,1,likely_fake,True,correct
word_char_tfidf,fake_100,100,1,fake,Bëhet Baba Në Moshën 92-Vjeçare Dhe Ai Deshiron Qe Ta…,75,short_61_120,0.01620396367361021,0.9837960363263898,1,likely_fake,True,correct
word_char_tfidf,fake_101,101,1,fake,"Nuk Është Parë As Dëgjuar Ndonjëherë, Nëna Lind Fëmijën Dhe Pas 2 Ditësh Merr Lajmin Që Nuk E Priste Kurrë",163,medium_121_250,0.4273699351154633,0.5726300648845367,1,uncertain,True,correct
word_char_tfidf,fake_112,112,1,fake,"Ekskluzive: Shitet urgjent Golf 5, Çmimi 2600 Euro, pres blers serioz (Foto/Video)",90,short_61_120,0.00037606257284916733,0.9996239374271508,1,likely_fake,True,correct
word_char_tfidf,fake_116,116,1,fake,"Para Me Thasë, SHTETl Ku Paraja Nuk Ka Asnjë VIerë",96,short_61_120,0.0035201801497584118,0.9964798198502416,1,likely_fake,True,correct
word_char_tfidf,fake_121,121,1,fake,"Rasti i rralle qe emocjonoi gjithe boten,i biri pa duar ushqen nenen e paralizuar (Video)",109,short_61_120,0.0042995348253336285,0.9957004651746664,1,likely_fake,True,correct
word_char_tfidf,fake_124,124,1,fake,"Flet Nga SHBA Mjeku Per Shqiperine: Vjeshta Do Jete E Tm.Errshme, Ja Çdo Të Ndodhë",95,short_61_120,0.00025697091099641245,0.9997430290890036,1,likely_fake,True,correct
word_char_tfidf,fake_125,125,1,fake,"U Nda Nga Eros Grezda/ Oriola Marashi E Zevendeson Menjehere, Me Ke Po I Kalon Pushimet Bukuroshja",100,short_61_120,0.0007573691538262928,0.9992426308461737,1,likely_fake,True,correct
word_char_tfidf,fake_129,129,1,fake,"Kapi Peshkun, Por Burri U Sho Kua Nga Ajo Se Çfarë I Gjeti Në Stomak",155,medium_121_250,0.003548766909611145,0.9964512330903889,1,likely_fake,True,correct
word_char_tfidf,fake_136,136,1,fake,Si të bëheni milioner për 2020-ën/ 6 tradita për të sjellë fatin e mirë për Vitin e Ri (FOTO),85,short_61_120,0.18535887200591616,0.8146411279940838,1,likely_fake,True,correct
word_char_tfidf,fake_163,163,1,fake,"E fundit! Shtrohet ne spital nga koronavirusi biznesmeni dhe deputeti i PS-së,",87,short_61_120,0.006919801940658221,0.9930801980593418,1,likely_fake,True,correct
word_char_tfidf,fake_164,164,1,fake,Vetëm 11 Ditësh Dhe Me Dhëmbë? ‘Zbulohet’ E Vërteta E Videos Që Po ‘Çmend’ Rrjetin (Video),73,short_61_120,0.0003668139973547202,0.9996331860026453,1,likely_fake,True,correct
word_char_tfidf,fake_169,169,1,fake,Përse Nuk Duhet Të Kaloni Natën Pranë Varrezave…,98,short_61_120,0.003198232996277861,0.9968017670037221,1,likely_fake,True,correct
word_char_tfidf,fake_174,174,1,fake,"E FUNDIT:Publikohen Pamjet EKSLUZIVE Endrit Thaçi, Djali I Presidenti Blen Veturë 35 Mijë Euro Populli Ska Buk Me Honger",97,short_61_120,0.00048778584375652745,0.9995122141562435,1,likely_fake,True,correct
word_char_tfidf,fake_176,176,1,fake,"TURP!! 3 mijë euro për një nuse, si i shiten vajzat Shqiptarëve burrave Serbë",107,short_61_120,0.0013433044683752726,0.9986566955316247,1,likely_fake,True,correct
word_char_tfidf,fake_186,186,1,fake,"LAJMI I FUNDIT: Gjërat ”rrotulluan” krejtësisht, prishet ”loja” LDK-VV – Kush e bëri këtë?",76,short_61_120,0.0020687441577553756,0.9979312558422446,1,likely_fake,True,correct
word_char_tfidf,fake_189,189,1,fake,Super lajm nga Zvicra – Shqiptarja lind gjashtënjakë por do te Çmendeni se Çfarë i ofroj shteti,114,short_61_120,0.011476117174723077,0.9885238828252769,1,likely_fake,True,correct
word_char_tfidf,fake_195,195,1,fake,Shitet Iphone X cmimi vetem 200 euro nxito sasi e limituar,66,short_61_120,0.0029075413991437316,0.9970924586008563,1,likely_fake,True,correct
word_char_tfidf,fake_197,197,1,fake,"Ka 3 adresa Facebook-u per tu shkruar te dashurave, gruaja i nxjerr ‘bojën’ burrit! Por Ardit Gjebrea i ben ate qe nuk e priste",95,short_61_120,0.001925169635824231,0.9980748303641758,1,likely_fake,True,correct
word_char_tfidf,fake_204,204,1,fake,"Është Vetëm 8-Muajshe, Por Ka Diçka Të Veçantë Që Askush Nuk E Beson Se Është Ajo",98,short_61_120,0.0008298910231563372,0.9991701089768437,1,likely_fake,True,correct
word_char_tfidf,fake_211,211,1,fake,Kos apo qumësht? Ky është ideali për mëngjes dhe do jeni me energji gjithë ditën,71,short_61_120,0.0034458634768478325,0.9965541365231522,1,likely_fake,True,correct
word_char_tfidf,fake_212,212,1,fake,"Babai i saj trim u nda nga jeta 22 vite më parë, këngëtarja shqiptare të prek në shpirt me fjalët",118,short_61_120,0.07868302755164613,0.9213169724483539,1,likely_fake,True,correct
word_char_tfidf,fake_213,213,1,fake,"Mjellma ng.ordh nga “ze mra e th.yèr”, adoIeshentët i th.yen vezèt e saj me tuIIa",142,medium_121_250,0.023407169238250702,0.9765928307617493,1,likely_fake,True,correct
word_char_tfidf,fake_219,219,1,fake,"VIDEO EKSLUZIVE:Kevina Kthella Ngre Temperaturat, Shëtit Me Mbathje Në Rrugë Pa Komplekse Dhe Cmend Te Rinjte Dhe Pleqtë",94,short_61_120,0.027583052664196694,0.9724169473358033,1,likely_fake,True,correct
word_char_tfidf,fake_221,221,1,fake,Shikojeni me çfarë deklarate vjen tani Naim Abazi për Mihrijën! (PAMJE),82,short_61_120,0.09481598090434995,0.90518401909565,1,likely_fake,True,correct
word_char_tfidf,fake_232,232,1,fake,"Koronavirusi/ “Kjo situatë mund të zgjasë deri në 3 vjet”, kryeministri Rama “befason” që të gjithë",150,medium_121_250,0.08236687026819389,0.9176331297318061,1,likely_fake,True,correct
word_char_tfidf,fake_234,234,1,fake,"Anulohen dasmat e muajit gusht, ja çfarë do ndodhë me dasmat !?",156,medium_121_250,0.4014020140980472,0.5985979859019528,1,uncertain,True,correct
word_char_tfidf,fake_238,238,1,fake,"Dëgjonte zhurma në tavan, por aty sipër gjen një “thesar” të vërtetë (FOTO)",79,short_61_120,0.07634959148355525,0.9236504085164448,1,likely_fake,True,correct
word_char_tfidf,fake_240,240,1,fake,E kush nuk e njeh kete lule? Ajo sheron sem undje qe ju as qe i coni neper mend,84,short_61_120,0.023428593016022292,0.9765714069839777,1,likely_fake,True,correct
word_char_tfidf,fake_248,248,1,fake,"Këngëtarja Shqiptare Merr Masa Për Pastërti, Fut Nën Ujë Edhe Celularin!",92,short_61_120,0.06700372166617952,0.9329962783338205,1,likely_fake,True,correct
word_char_tfidf,fake_252,252,1,fake,Nxirrni jargë teksa flini ? Kjo shenjë tregon që ju vuani nga një sëm undje e cila prek…(VIDEO),189,medium_121_250,0.010263709350351147,0.9897362906496489,1,likely_fake,True,correct
word_char_tfidf,fake_255,255,1,fake,KUJDES: Këtë Vendim Të Policisë Së Kosovës Duhet Ta Dini Të Gjithë!,105,short_61_120,0.04353975063958182,0.9564602493604182,1,likely_fake,True,correct
word_char_tfidf,fake_257,257,1,fake,Nga Ilaçet Te Recetat Në Shtëpi: Si Mund Të Trajtohet Humbja E Nuhatjes,87,short_61_120,0.009277684848698953,0.990722315151301,1,likely_fake,True,correct
word_char_tfidf,fake_262,262,1,fake,Do u rrëqethet mishi nga kjo histori! Kjo shqiptare u martua në moshën 15-vjeçare e humbi 7 fëmijë: Jam..,106,short_61_120,0.0031236828494051183,0.9968763171505949,1,likely_fake,True,correct
word_char_tfidf,fake_267,267,1,fake,NJlHUNl me artistin korean që po “truIIos” botën me veprat e tij,81,short_61_120,0.006709775745974533,0.9932902242540255,1,likely_fake,True,correct
word_char_tfidf,fake_271,271,1,fake,"VIDEO:‘Noizy E Liroi Nga B Urgu, E Takonte Në Fushë Krujë’/ Klodiana Lala Zbulon Cfare Ndodhi Ne Va Rrimin E Hekuran Billës: Morën Pjesë Edhe Emra Të Botës Së K Rimit",92,short_61_120,0.005195970016492524,0.9948040299835075,1,likely_fake,True,correct
word_char_tfidf,fake_276,276,1,fake,"Pasanikët Po Ikin Nga Coronavirusi, Po Futen Nën Tokë – Apartamenti Më I Lirë Në Bunker Kushton Një Milion Dollarë",102,short_61_120,0.008001422910192568,0.9919985770898074,1,likely_fake,True,correct
word_char_tfidf,fake_282,282,1,fake,“Jam e tro.nditur…”. Eni Çobanit indodh e papritura: Ti duhet të dish dhe ha.llin tim,91,short_61_120,0.0010291920873730653,0.9989708079126269,1,likely_fake,True,correct
word_char_tfidf,fake_290,290,1,fake,EPABESUESHME : Dy djem gropojnë një vend por shikoni cfar nxjerrin ..,67,short_61_120,0.01018633631035315,0.9898136636896468,1,likely_fake,True,correct
word_char_tfidf,fake_298,298,1,fake,"Shkoi për pushime në Shëngjin, Ja çka i ndodhi 34 vjeçarit nga Kosova",66,short_61_120,0.05837776964418584,0.9416222303558142,1,likely_fake,True,correct
word_char_tfidf,fake_299,299,1,fake,Lista Serbe për Vjosa Osmanin: Ti moj Vjosa na ndoqe në korridor për t’i dhënë votat për kryetare të Kuvendit,163,medium_121_250,0.21072222920856454,0.7892777707914355,1,likely_fake,True,correct
word_char_tfidf,fake_301,301,1,fake,"“Dieta Me Oriz”! Minus 10 Kg, Dobësimi Që Nuk Rimerr Kilet As Pas 6 Vitesh",114,short_61_120,0.027275952239011136,0.9727240477609889,1,likely_fake,True,correct
word_char_tfidf,fake_304,304,1,fake,Trumpi I Drejtohet Popullit Amerikan: Ju Njoftoj Se Nga Ky Moment Ne Do Të…,88,short_61_120,0.0038921784138481463,0.9961078215861519,1,likely_fake,True,correct
word_char_tfidf,fake_306,306,1,fake,"Albin Kurti e jep lajmin e madh: Më në fund gjithçka përfundoj, URIME KOSOVË",89,short_61_120,0.0015565544448157276,0.9984434455551843,1,likely_fake,True,correct
word_char_tfidf,fake_307,307,1,fake,"“Bombardohet” Mihrihe Braha, takon për herë të parë “djalin jashtëmartesor” të Naim Abazit pas 19 viteve (VIDEO)",80,short_61_120,0.02166462842688166,0.9783353715731183,1,likely_fake,True,correct
word_char_tfidf,fake_308,308,1,fake,"Juria U Tall Dhe Dyshonte Shumë Në Talentin E Saj, Nuk E Dinin Se Ajo Do Ta Ngritë Publikun Në Këmbë!(Video)",111,short_61_120,0.0792737774051383,0.9207262225948617,1,likely_fake,True,correct
word_char_tfidf,fake_317,317,1,fake,"Dyshonin Se Ishte Shta’tzënë, Mjekët Bëjnë Zbu’limin E Tmer.Rshëm",87,short_61_120,0.015151988047159004,0.984848011952841,1,likely_fake,True,correct
word_char_tfidf,fake_323,323,1,fake,"Kjo Vajzë Cdo Ditë E Puthte Këtë Të Pastrehë, Por Cfarë Bëri Plaku Për Të, Do Mbeteni Pa Fjalë",370,long_gt_250,0.6473333920550607,0.3526666079449393,0,uncertain,False,false_negative
word_char_tfidf,fake_325,325,1,fake,Edi Rama ka “dasht” me nda Kosovën (tonë). Ramush Haradinaj “pa dasht” e ka nda Çakorrin (Video),78,short_61_120,0.0010125619268552821,0.9989874380731447,1,likely_fake,True,correct
word_char_tfidf,fake_332,332,1,fake,LAJMI I FUNDIT: Infektohet Me CO -19 Këngëtari I Njohur Kosovar!,79,short_61_120,0.18323683533837387,0.8167631646616261,1,likely_fake,True,correct
word_char_tfidf,fake_343,343,1,fake,"Naim Abazi: Punë ka sa të duash, po rinia po kanë qef me nejt në kafe, me prit prej babës hala!",96,short_61_120,0.31065993539210246,0.6893400646078975,1,uncertain,True,correct
word_char_tfidf,fake_345,345,1,fake,"I Tregoi Të Dashurës Se Jetonte Në Rrugë, Reagimi I Vajzës Do Ju Lërë Pa Fjalë…",82,short_61_120,0.09937818173300406,0.9006218182669959,1,likely_fake,True,correct
word_char_tfidf,fake_351,351,1,fake,"Lejeni menjane ujin me limon ne mengjes, vazhdoni te konsumoni kete perberje qe po cmend te gjithe",488,long_gt_250,0.5808673858624338,0.4191326141375662,0,uncertain,False,false_negative
word_char_tfidf,fake_352,352,1,fake,"Ekskluzive: Vjosa Osmani me parti të re, Ja si do të quhet partia e saj!",112,short_61_120,0.011386587574303109,0.9886134124256969,1,likely_fake,True,correct
word_char_tfidf,fake_353,353,1,fake,"Burri vetëm për letra më ka marr mua, tani qe s’kemi as njeri letrat më thotë dil gjeje një tjetër…",600,long_gt_250,0.011887433751026744,0.9881125662489733,1,likely_fake,True,correct
word_char_tfidf,fake_354,354,1,fake,Lëngu i qepës efikas kundër katër sëmundjeve!?,270,long_gt_250,0.5822481036100944,0.4177518963899057,0,uncertain,False,false_negative
word_char_tfidf,fake_355,355,1,fake,Mediat serbe: Serbia njeh Kosovën dhe hyn në BE,332,long_gt_250,0.48533632382459324,0.5146636761754068,1,uncertain,True,correct
word_char_tfidf,fake_367,367,1,fake,Tmerr për Kosovën kush po e përfaqëson! Zbulohet detaje tronditese,96,short_61_120,0.00046988261602254333,0.9995301173839775,1,likely_fake,True,correct
word_char_tfidf,fake_368,368,1,fake,Kjo qe do te ndodhe te Henen ne Kosove do iu shokoje,143,medium_121_250,0.007518888240350519,0.9924811117596495,1,likely_fake,True,correct
word_char_tfidf,fake_369,369,1,fake,"Avdullah Hotin nuk e do as fshati i tij Ratkoc, ja çfarë thanë disa prej tyre. – (VIDEO)",95,short_61_120,8.65847072496484e-05,0.9999134152927504,1,likely_fake,True,correct
word_char_tfidf,fake_375,375,1,fake,Ja sa është paga e Naser Rafuna tek seriali ‘Çka ka shpija.’,75,short_61_120,0.0001711464385081296,0.9998288535614919,1,likely_fake,True,correct
word_char_tfidf,fake_383,383,1,fake,Albin Kurtin e shokon Hashim Thaçin me kete qe i zbuloi per luften dhe hagen,83,short_61_120,1.4662562174416749e-06,0.9999985337437826,1,likely_fake,True,correct
word_char_tfidf,fake_384,384,1,fake,"Skandal: Nuk iu lindi djalë, babai vret vetën e ja se çfarë i ndodhi nënës së re",139,medium_121_250,0.08117236234185354,0.9188276376581465,1,likely_fake,True,correct
word_char_tfidf,fake_394,394,1,fake,"Kjo video po fikson botën, janë futur veta 20 makinë/ Shikoni si dalin një nga një",77,short_61_120,1.447644015351024e-05,0.9999855235598465,1,likely_fake,True,correct
word_char_tfidf,fake_395,395,1,fake,"Shkoni në vendin ku ishte burri, gruaja e kap atë keq me një femër dhe u bën të pabërën",87,short_61_120,0.0002127649131377085,0.9997872350868623,1,likely_fake,True,correct
word_char_tfidf,fake_412,412,1,fake,"“Eskalon” familjari i deputetit Xhavit Ukaj, fyen rëndë Vjosa Osmanin",85,short_61_120,0.00044540419741501136,0.999554595802585,1,likely_fake,True,correct
word_char_tfidf,fake_415,415,1,fake,Flet edhe njëherë deputeti që iu vërsul Osmanit në Kuvend: Me pas dashtë me e sulmua e kisha…,109,short_61_120,0.002090246794262951,0.997909753205737,1,likely_fake,True,correct
word_char_tfidf,fake_417,417,1,fake,LAJMI I FUNDIT – Më në fund Lajm i mirë për vizat,147,medium_121_250,0.0035612411203311822,0.9964387588796688,1,likely_fake,True,correct
word_char_tfidf,fake_423,423,1,fake,"Fero postoi foto me armë, Arbenita e frikësuar se ai ‘do ta vrasë’",70,short_61_120,0.00016217002608143183,0.9998378299739186,1,likely_fake,True,correct
word_char_tfidf,fake_428,428,1,fake,Zyrtari i VV-së habit me deklaratën për Thaçin dhe Veselin,87,short_61_120,0.00044783260597791585,0.9995521673940221,1,likely_fake,True,correct
word_char_tfidf,fake_430,430,1,fake,E jashtëzakonshme: Merkel me flamurin e Kosovës para syve të Vuçiqit,78,short_61_120,0.0007565835333711579,0.9992434164666288,1,likely_fake,True,correct
word_char_tfidf,fake_433,433,1,fake,Pasi u infektua me Covid-19 vdes Mustafa,57,very_short_le_60,0.020252789625701095,0.9797472103742989,1,likely_fake,True,correct
word_char_tfidf,fake_434,434,1,fake,"Lajm qe duhet ta din te gjithe, Viber do behet me para detaje ekskluzive",78,short_61_120,0.021850988607697075,0.9781490113923029,1,likely_fake,True,correct
word_char_tfidf,fake_439,439,1,fake,‘Çartet’ Sami Lushtaku ia zbulon kete gje Rexhep Selimit,93,short_61_120,0.0006999791782051901,0.9993000208217948,1,likely_fake,True,correct
word_char_tfidf,fake_451,451,1,fake,Maqedonia e Veriut e shokon Kosoven dhe qytetaret e saj me kete vendim qe morri,78,short_61_120,0.0002706329712875988,0.9997293670287124,1,likely_fake,True,correct
word_char_tfidf,fake_454,454,1,fake,Këto janë pikat kufitare ku iu kërkohet testi për COVID-19,98,short_61_120,0.03905073021550587,0.9609492697844941,1,likely_fake,True,correct
word_char_tfidf,fake_463,463,1,fake,Emily Ratajkowski duket super s.e.ksi në fotografitë e fundit,94,short_61_120,0.0058980432506364755,0.9941019567493635,1,likely_fake,True,correct
word_char_tfidf,fake_465,465,1,fake,"Lë Bashkëshorten E Tij Për Një Grua Më Të Re. Çfarë Ndodh 3 Vite Më Vonë, E Lë Atë Pa Fjalë…",136,medium_121_250,0.0017246633579182102,0.9982753366420818,1,likely_fake,True,correct
word_char_tfidf,fake_472,472,1,fake,"Acarohen raportet e Serbisë me Rusinë, ja çfarë veprimi ka bërë Vuçiq",101,short_61_120,0.003225204839070961,0.996774795160929,1,likely_fake,True,correct
word_char_tfidf,fake_479,479,1,fake,Ja sa kohë duhet për ta marrë virusin në një bar apo restaurant,112,short_61_120,0.004523723436887117,0.9954762765631129,1,likely_fake,True,correct
word_char_tfidf,fake_480,480,1,fake,Gani Geci: Hashim Thaçi ma i dëmshëm se KoronaVirusi në këtë kohë!,78,short_61_120,1.1043644743913283e-05,0.9999889563552561,1,likely_fake,True,correct
word_char_tfidf,fake_481,481,1,fake,"Detaji që u iku të gjithëve: Tyta e automatikut në shtëpinë e prindërve të Thaçit, e “zbuloi” Veseli",85,short_61_120,0.00012212640777442552,0.9998778735922256,1,likely_fake,True,correct
word_char_tfidf,fake_483,483,1,fake,"Nasim Haradinaj: o Ramush Haradinaj, Lakmia e pushteti të prishë!",80,short_61_120,0.0005809762123470952,0.9994190237876529,1,likely_fake,True,correct
word_char_tfidf,fake_495,495,1,fake,Lajmi i fundit: Hashim Thaçi ¨tenton¨ te ia merr jeten Gani Gecit,197,medium_121_250,0.4485364130476941,0.5514635869523059,1,uncertain,True,correct
word_char_tfidf,fake_496,496,1,fake,Mulla Osmani i ‘bie shuplakë’ Milaim Zekës live në emision (Video),81,short_61_120,0.019819127806734116,0.9801808721932659,1,likely_fake,True,correct
word_char_tfidf,fake_508,508,1,fake,Shikoni  reagimin e Leonora Jakupit për ndërtimin e xhamisë në Prishtinë,82,short_61_120,0.8279699042634846,0.1720300957365154,0,likely_real,False,false_negative
word_char_tfidf,fake_515,515,1,fake,"Bac Qikat e Kosoves po na zbardhin ftyren, Kjo qe beri tash Rita Ora eshte e madhe!",352,long_gt_250,0.9398802766463,0.060119723353699986,0,likely_real,False,false_negative
word_char_tfidf,fake_520,520,1,fake,LAJMI BOMBASTIK / Richard Grenell: Vizat Mund Të Hiqen Ditën E Dielë (VIDEO),162,medium_121_250,0.0006014720529079476,0.999398527947092,1,likely_fake,True,correct
word_char_tfidf,fake_527,527,1,fake,A e keni ditur se kjo moderatore është motra e Haki Abazit?,76,short_61_120,7.494750695979935e-05,0.9999250524930402,1,likely_fake,True,correct
word_char_tfidf,fake_528,528,1,fake,Ganja e PDK-s thot se Vjosa tash pa LDK-n as 10% ska me mujt me i fitu,189,medium_121_250,0.15851958561676893,0.8414804143832311,1,likely_fake,True,correct
word_char_tfidf,fake_530,530,1,fake,Shuma marramendëse: Robert Berisha tregon sa paguhet në koncerte,142,medium_121_250,0.701466050176306,0.29853394982369397,0,likely_real,False,false_negative
word_char_tfidf,fake_531,531,1,fake,EKSKLUZIVE: Albin Kurti President i Kosoves?,86,short_61_120,5.107762899303481e-07,0.9999994892237101,1,likely_fake,True,correct
word_char_tfidf,fake_535,535,1,fake,‘Hashim Thaçi’ futet papritmas në emisionin ku ishte Berat Buzhala (Video),96,short_61_120,0.05137309054671124,0.9486269094532888,1,likely_fake,True,correct
word_char_tfidf,fake_536,536,1,fake,Dardan Molliqaj ia publikon këtë ‘top sekret’ Albin Kurtit,65,short_61_120,0.06832491961662845,0.9316750803833715,1,likely_fake,True,correct
word_char_tfidf,fake_539,539,1,fake,E PAPRITUR: Ja Kush Është I Dashuri I Ri I Nora Istrefit sdo ta besoni,96,short_61_120,0.0006212164055419134,0.9993787835944581,1,likely_fake,True,correct
word_char_tfidf,fake_544,544,1,fake,Kur pritet t’u mundësohet qytetarëve tërheqja e parave nga Trusti?,209,medium_121_250,0.9587224541190058,0.04127754588099421,0,likely_real,False,false_negative
word_char_tfidf,fake_545,545,1,fake,"E pabesueshme, banorët e ketij fshati kapin gjarprin me përmasa të frikshme (Foto)",84,short_61_120,0.29364992326029604,0.706350076739704,1,likely_fake,True,correct
word_char_tfidf,fake_553,553,1,fake,"Dhurata shkëlqeu e veshur e tëra me lule, por nuk do ta besoni sa kushtoi veshja e saj",97,short_61_120,0.46736407770850363,0.5326359222914964,1,uncertain,True,correct
word_char_tfidf,fake_555,555,1,fake,Kosova zë vendin e parë në Evropë si vendi me numrin më të madh të infektuarve,158,medium_121_250,0.9792306734210589,0.02076932657894112,0,likely_real,False,false_negative
word_char_tfidf,fake_556,556,1,fake,"BE-ja dhe SHBA e godasin fort Serbine, cmenden serbet",86,short_61_120,0.01916527695425807,0.9808347230457419,1,likely_fake,True,correct
word_char_tfidf,fake_571,571,1,fake,E papritur:Qeveria fut në karantinë edhe katër komuna,98,short_61_120,0.5994633272452509,0.40053667275474913,0,uncertain,False,false_negative
word_char_tfidf,fake_573,573,1,fake,TURP: Ja çfarë thonë mediat serbe për shkuarjen e Thaçit në Hagë,105,short_61_120,0.05331043162950588,0.9466895683704941,1,likely_fake,True,correct
word_char_tfidf,fake_580,580,1,fake,Ja kur pritet te vijë Vala e dytë e Covid-19.,146,medium_121_250,0.5403840531126515,0.4596159468873485,0,uncertain,False,false_negative
word_char_tfidf,fake_582,582,1,fake,"Nuk Ka Te Ndalur Tayna, Tregon Si Po Rrit Të Pasmet E Saj Çdo Ditë",111,short_61_120,0.006232509064056924,0.9937674909359431,1,likely_fake,True,correct
word_char_tfidf,fake_583,583,1,fake,"Azem Hajdari ku i thotë Thaçit “të rre hi si qenin more pis…”, ka dy fjalë për Isa Mustafën",191,medium_121_250,0.1130441137318764,0.8869558862681236,1,likely_fake,True,correct
word_char_tfidf,fake_584,584,1,fake,Albin Kurti kapet në aeroport,90,short_61_120,0.10673222363620649,0.8932677763637935,1,likely_fake,True,correct
word_char_tfidf,fake_585,585,1,fake,LAJMI I FUNDIT – E pabesushme ja qka i ndodhi Isa Mustafes ne keto momente pas infektimit me COVID 19,152,medium_121_250,0.0001694329424105634,0.9998305670575894,1,likely_fake,True,correct
word_char_tfidf,fake_586,586,1,fake,Përhapja e virusit nuk ndalohet me gjendjen e jashtëzakonshme.,165,medium_121_250,0.6834949336668883,0.31650506633311176,0,uncertain,False,false_negative
word_char_tfidf,fake_592,592,1,fake,"Mjeku Pipero jep lajmin e mirë: Shqipëria s’do izolohet sërish, vetëm nëse bëni këtë gjë",97,short_61_120,0.138387249554358,0.861612750445642,1,likely_fake,True,correct
word_char_tfidf,fake_600,600,1,fake,"LAJMI I FUNDIT: Eshë ulur çmimi i naftës,nuk do ta besoni se sa ka ra!?",145,medium_121_250,0.12612178452900802,0.873878215470992,1,likely_fake,True,correct
word_char_tfidf,fake_603,603,1,fake,Neurologët: Njerëzit me simptoma të butë të koronavirusit po pësojnë çrregullime serioze të trurit,501,long_gt_250,0.9749479180008396,0.025052081999160394,0,likely_real,False,false_negative
word_char_tfidf,fake_608,608,1,fake,E FUNDIT:Video Eksluzive ”Lajm I Madh Nga Zemaj: Do Ta Porosisim Vaksinën Kundër Koronavirusit”,164,medium_121_250,0.04471735362671603,0.955282646373284,1,likely_fake,True,correct
word_char_tfidf,fake_611,611,1,fake,Ka përçarje brenda LDK’së? Isa Mustafa trondite me kete qe tha!,124,medium_121_250,0.0014611161459120448,0.998538883854088,1,likely_fake,True,correct
word_char_tfidf,fake_612,612,1,fake,"WOW kjo eshte e madhe, Ambasadori Gjerman jep nje lajm te madh per Albin Kurtin dhe Vjosa Osmanin",89,short_61_120,0.024715450305097697,0.9752845496949023,1,likely_fake,True,correct
word_char_tfidf,fake_614,614,1,fake,LAJMI I FUNDIT -Ne kete jave po kthehemi ne Karantine?,465,long_gt_250,0.7363947092722227,0.2636052907277772,0,likely_real,False,false_negative
word_char_tfidf,fake_618,618,1,fake,Mergimtari qe erdhi nga Zvicra tregon çka i ndodhi sdo ta besoni(VIDEO),97,short_61_120,0.0010730227988644536,0.9989269772011355,1,likely_fake,True,correct
word_char_tfidf,fake_619,619,1,fake,“Godet“ Veton Surroi: Ata qe e “kalle” flamurin e Kosovës sigurisht janë katundar nga Drenica,85,short_61_120,0.08067524127866676,0.9193247587213332,1,likely_fake,True,correct
word_char_tfidf,fake_621,621,1,fake,"Pasi u martuan, gruaja mëson pse burri nuk “e prek”. Kur ai bënte dush ajo e pa hapur…",280,long_gt_250,0.7512870745456809,0.24871292545431908,0,likely_real,False,false_negative
word_char_tfidf,fake_629,629,1,fake,Aktorja nga Gjilani i quan kosovarët dreqër,93,short_61_120,0.7321869778394339,0.26781302216056607,0,likely_real,False,false_negative
word_char_tfidf,fake_631,631,1,fake,"Habitet 22 Vjeçarja Shqiptare Nga Zvicra: Ju Rr Efej Se Cka Ndodh Me Ata Që Martohen Për Letra, Mua Më…",128,medium_121_250,0.0334762946990772,0.9665237053009228,1,likely_fake,True,correct
word_char_tfidf,fake_638,638,1,fake,Lajmi më i ri sa i përket pagesave prej 170 eurosh për punëtorët që mbetën pa punë gjatë pandemisë!,174,medium_121_250,0.9801568044096026,0.019843195590397357,0,likely_real,False,false_negative
word_char_tfidf,fake_652,652,1,fake,"Beogradi shpall gjendjen e jashtëzakonshme, kjo e keqe po ndodh atje",78,short_61_120,0.15588262673536202,0.844117373264638,1,likely_fake,True,correct
word_char_tfidf,fake_655,655,1,fake,Krenar Gashi:“Avdullah Hoti Mund Të Bëhet Si Ibrahim Rugova “ ndoshta me i zoti se aj,161,medium_121_250,0.5716801429829027,0.4283198570170973,0,uncertain,False,false_negative
word_char_tfidf,fake_671,671,1,fake,"E Fundit VIDEO Eksluzive:Harrojeni Covid19,Frika E Shkencëtarëve: “Hëna Do Të Përplaset Me Tokën”",94,short_61_120,0.020724117106442286,0.9792758828935577,1,likely_fake,True,correct
word_char_tfidf,fake_675,675,1,fake,"I Shkatërrohet Karriera, Nora Istrefit I Publikohet Video Me Avokatin E Njohur Kosovar",70,short_61_120,0.004578279998161627,0.9954217200018384,1,likely_fake,True,correct
word_char_tfidf,fake_679,679,1,fake,Fatmir Limaj: Albini As Pragun Ska Me Kalu Ne Zgjedhje Te Reja Keni Me Pa O Popull – VIDEO –,154,medium_121_250,0.034836904431263416,0.9651630955687366,1,likely_fake,True,correct
word_char_tfidf,fake_680,680,1,fake,Ganja e PDK-s Kur tka qef Vjosa matum me vota qe si fitoj 50% ma shum se ajo une dha dorheqje nga PDK-ja,196,medium_121_250,0.10727830325956689,0.8927216967404331,1,likely_fake,True,correct
word_char_tfidf,fake_694,694,1,fake,"LAJMI I FUNDIT: Vjosa Osmani nuk ndalet, Ja jep goditjen finale Isa Mustafes",148,medium_121_250,0.39081201410815847,0.6091879858918415,1,uncertain,True,correct
word_char_tfidf,fake_702,702,1,fake,LAJMI I FUNDIT – Thaçi: Nëse nuk arrihet marrëveshja me 27 qershor kjo do të ndodhë…,2233,long_gt_250,0.995218016295537,0.004781983704463069,0,likely_real,False,false_negative
word_char_tfidf,fake_713,713,1,fake,"Mixha hyri në një restorant luksoz dhe i shërben kamarierja më e mirë, por të nesërmen ajo shkarkohet pas asaj që kishte bërë!",489,long_gt_250,0.7290595868390755,0.2709404131609245,0,likely_real,False,false_negative
word_char_tfidf,fake_721,721,1,fake,"Cka po ndodh ne shesh te Prishtines,zjarrefiksat jane aty dhe",83,short_61_120,0.006036294897497463,0.9939637051025025,1,likely_fake,True,correct
word_char_tfidf,fake_731,731,1,fake,Kryeministri britanik jep lajmin e madh: Ja kur mbaron kriza nga COVID-19,136,medium_121_250,0.11732681710048232,0.8826731828995177,1,likely_fake,True,correct
word_char_tfidf,fake_744,744,1,fake,Studimi i ri: Njerëzit kanë më shumë gjasa të infektohen në shtëpi se sa jashtë,121,medium_121_250,0.16438411329117697,0.835615886708823,1,likely_fake,True,correct
word_char_tfidf,fake_745,745,1,fake,Vaksina “premtuese” e COVID-19 në Oxford: Çfarë është ajo dhe katër gjërat tjera që duhet ditur,99,short_61_120,0.1380240701708476,0.8619759298291524,1,likely_fake,True,correct
word_char_tfidf,fake_747,747,1,fake,Hoxha nga Drenica i përmend me emra: Këta janë islamofobët që po u pengon ndërtimi i xhamisë,89,short_61_120,0.007356561037235698,0.9926434389627643,1,likely_fake,True,correct
word_char_tfidf,fake_756,756,1,fake,"Fotografi brenda Klinikës Infektive në QKUK, mjekë të lodhur e rraskapitur: Këtu as Supermeni nuk bën punë",251,long_gt_250,0.2603687775020136,0.7396312224979864,1,likely_fake,True,correct
word_char_tfidf,fake_758,758,1,fake,Çfarë e zhduk koronavirusin? Italianët bëjnë zbulimin që do na rikthejë në normalitet,100,short_61_120,0.014986805156946836,0.9850131948430532,1,likely_fake,True,correct
word_char_tfidf,fake_760,760,1,fake,Mj eku i njohur Pellumb Pipero jep lajmin e k eq: Pa ndemia mund të zgjasë deri në..,126,medium_121_250,0.04496746301168342,0.9550325369883166,1,likely_fake,True,correct
word_char_tfidf,fake_765,765,1,fake,"Intervistimi 4 ditor i Thaçit, Raportuesja për Kosovën bënë veprimin e papritur",210,medium_121_250,0.042821579179326386,0.9571784208206736,1,likely_fake,True,correct
word_char_tfidf,fake_772,772,1,fake,"Ylli super seksi i ‘Victoria Secret’ kapet ‘mat’ nga paparacit, bikinit morën të gjithë vëmendjen",143,medium_121_250,0.05602936750536747,0.9439706324946325,1,likely_fake,True,correct
word_char_tfidf,fake_781,781,1,fake,Greqia: I dhimbshëm vendimi për xhaminë,120,short_61_120,0.04501150123836872,0.9549884987616313,1,likely_fake,True,correct
word_char_tfidf,fake_783,783,1,fake,Të marrësh kredi për të bërë fëmijë / historia emocionuese e çiftit që u bënë prindër pas 15 vitesh,135,medium_121_250,0.05680372444524939,0.9431962755547506,1,likely_fake,True,correct
word_char_tfidf,fake_788,788,1,fake,Albin Kurti e quan Zezaj Ministrin e Shëndetësisë,257,long_gt_250,0.5152733890972647,0.4847266109027353,0,uncertain,False,false_negative
word_char_tfidf,fake_789,789,1,fake,"Zemaj deputetëve të VV’së: Ju jeni shëtit me paramilitarë, unë jam nip i Mic Sokolit",246,medium_121_250,0.8803909791625264,0.11960902083747361,0,likely_real,False,false_negative
word_char_tfidf,fake_793,793,1,fake,"Bëri dasmë në kohën e koronavirusit, Rama i bën shqiptarit atë që nuk e kishte parë as në ëndrrat më të k ëqija",134,medium_121_250,0.03812083778029185,0.9618791622197082,1,likely_fake,True,correct
word_char_tfidf,fake_803,803,1,fake,A do të mbyllen prapë xhamitë?,71,short_61_120,0.02337327580063564,0.9766267241993644,1,likely_fake,True,correct
word_char_tfidf,fake_808,808,1,fake,FËMlJA i a doptuar thotë DlÇKA në sallën e GJYQlT që prek z emrën e të GJlTHËVE,146,medium_121_250,0.08464790133845479,0.9153520986615452,1,likely_fake,True,correct
word_char_tfidf,fake_809,809,1,fake,Oj Qeveri: Ku mbetën 170 eurot që qytetarët janë në pritje të tyre ?,109,short_61_120,0.07554282669272783,0.9244571733072722,1,likely_fake,True,correct
word_char_tfidf,fake_825,825,1,fake,"Eskalon situata në Serbi, protesutesit futen në Kuvend",99,short_61_120,0.03623321909814936,0.9637667809018506,1,likely_fake,True,correct
word_char_tfidf,fake_830,830,1,fake,"‘Cmendet’ Moti Në Shqipëri, Shihni Çfarë Po Ndodh Në Plazhin E Borshit",100,short_61_120,0.009944181140362773,0.9900558188596372,1,likely_fake,True,correct
word_char_tfidf,fake_833,833,1,fake,A paguhen 10 ditët e humbura të karantinës në Zvicër? Flet Shoqata e Sipermarrësve Zviceranë,251,long_gt_250,0.5316597206889635,0.4683402793110365,0,uncertain,False,false_negative
word_char_tfidf,fake_835,835,1,fake,"Video Eksluzive:“Doja Të Bleja Shtëpi, Ai Ishte Ndërtuesi I Pallatit”, Alketa Vejsiu Rr Ëfen Hi Storinë! Si U Njoh Me Burrin: U Çmenda Pas Syve Të Tij",127,medium_121_250,0.010973352270219894,0.9890266477297801,1,likely_fake,True,correct
word_char_tfidf,fake_856,856,1,fake,"Gjermania planifikon vendimin e madh, ja qfarë pritet të ndodhë",149,medium_121_250,0.552072393050419,0.44792760694958095,0,uncertain,False,false_negative
word_char_tfidf,fake_858,858,1,fake,Çdo bëhet me këtë vend?! Zëri i Amerikës ia pl.as të vërtetën Shqipërisë: Më ulët se kurrë…,134,medium_121_250,0.03990570470212251,0.9600942952978775,1,likely_fake,True,correct
word_char_tfidf,fake_863,863,1,fake,"Video Eksluzive:“Shqiperia Ka Qene Greqi”, Këngëtarja E Njohur ‘Shp Ërthen’ Ndaj Arjan Çanit: Ky Njeri Duhet Te",105,short_61_120,0.014781165633062754,0.9852188343669372,1,likely_fake,True,correct
word_char_tfidf,fake_875,875,1,fake,"Labi gëzon vajzën me aftësi të kufizuara, ia dorëzon një karrocë të re (VIDEO)",139,medium_121_250,0.018321248729336936,0.9816787512706631,1,likely_fake,True,correct
word_char_tfidf,fake_880,880,1,fake,Kadri Veseli “kë.rcënon” ata që u pasuruan pa djersë,112,short_61_120,0.02050113784860763,0.9794988621513924,1,likely_fake,True,correct
word_char_tfidf,fake_887,887,1,fake,"Vjen një lajm shumë i keq për Kosovën dhe qytetarët e saj, KUJDES",112,short_61_120,0.013797146002687777,0.9862028539973122,1,likely_fake,True,correct
word_char_tfidf,fake_888,888,1,fake,Doktori i QKUK-së hedh vrer mbi politikanët kosovarë: A keni familje more politikuaj,92,short_61_120,0.010075418218505106,0.9899245817814949,1,likely_fake,True,correct
word_char_tfidf,fake_889,889,1,fake,"E Porsalindur Dhe Ecën, Publikohen Pamjet Mbreslënëse Dhe… (VIDEO EMOCIONUESE)",62,short_61_120,0.00013692929480002558,0.9998630707052,1,likely_fake,True,correct
word_char_tfidf,fake_890,890,1,fake,"Policia Nuk Kursehet Aspak Për Familjen Shqiptare, E Shpo.Rrin Me Urgjencë. 26-Vjeçarja Me Barkun Te Goja Bashkë Me Djalin 2 -Vjeçar",139,medium_121_250,0.05007274260601724,0.9499272573939828,1,likely_fake,True,correct
word_char_tfidf,fake_906,906,1,fake,Nga VV tregojnë nëse do ta pranojnë Vjosa Osmanin në parti,95,short_61_120,0.0036299152923785494,0.9963700847076215,1,likely_fake,True,correct
word_char_tfidf,fake_907,907,1,fake,VIDEO EKSLUZIVE:Grida Duma: Edi Rama Ka Pro.Bleme Me Pastër.Tinë E Duarve…,98,short_61_120,0.0011632050274351657,0.9988367949725648,1,likely_fake,True,correct
word_char_tfidf,fake_908,908,1,fake,VIDEO EKSLUZIVE:Ilir Meta E Financoi Me Parat E Dro.Ges Filmin E Bes Kallakut Dhe I Solli Dhe Dashnoren Bleonen Si Aktore…,138,medium_121_250,0.0037796452579008655,0.9962203547420991,1,likely_fake,True,correct
word_char_tfidf,fake_910,910,1,fake,Kjo është mundësia e ardhjes së mërgimtarëve nga Gjermania,79,short_61_120,0.0015240471941773137,0.9984759528058227,1,likely_fake,True,correct
word_char_tfidf,fake_917,917,1,fake,"Rruga shnd.ërrohet në ri.ng, shoferi n.oka.uton tri herë shoferin tjetër",83,short_61_120,0.004476994612896301,0.9955230053871037,1,likely_fake,True,correct
word_char_tfidf,fake_931,931,1,fake,"Xheni dhe partnerja e saj duan të bëhen me fëmijë, ja kush do jetë dhuruesi",89,short_61_120,0.004058125147811009,0.995941874852189,1,likely_fake,True,correct
word_char_tfidf,fake_938,938,1,fake,"Leje qëndrimi për punëtorët sezonalë në Itali, nis procesi, ja sa shqiptarë mund të përfitojnë…",104,short_61_120,0.01339996507641028,0.9866000349235897,1,likely_fake,True,correct
word_char_tfidf,fake_939,939,1,fake,(VIDEO) A Nuk Eshte Mrekulli? Momenti Kur Femija Shpetohet Nga Mb.Ytja Ne Pishine,106,short_61_120,0.03758621257733041,0.9624137874226696,1,likely_fake,True,correct
word_char_tfidf,fake_945,945,1,fake,"Exluzive Aeroplani Rrëzohet Në Det, Piloti Filmon Momentin E Shpëtimit Nga..",125,medium_121_250,0.11622140137315828,0.8837785986268417,1,likely_fake,True,correct
word_char_tfidf,fake_950,950,1,fake,"Zeka: Albin Kurti po nxit vëllavrasjen, mund të ketë lufte civile",83,short_61_120,0.0014665905772611731,0.9985334094227388,1,likely_fake,True,correct
word_char_tfidf,fake_965,965,1,fake,Çka nëse nuk mbahen dasmat këtë verë?,79,short_61_120,0.0022097631572646215,0.9977902368427354,1,likely_fake,True,correct
word_char_tfidf,fake_966,966,1,fake,"Arben, edhe ti a?🤦‍♂️",107,short_61_120,0.12785534509779317,0.8721446549022068,1,likely_fake,True,correct
word_char_tfidf,fake_974,974,1,fake,Engjellusha a je ti? Nuk i besova syve kur të shikova në plazhë!,90,short_61_120,0.360869926627128,0.639130073372872,1,uncertain,True,correct
word_char_tfidf,fake_975,975,1,fake,"Flet Meda “Ja kam pa hajrin ktij populli, me shpi e kerra”",88,short_61_120,0.11526955454836774,0.8847304454516323,1,likely_fake,True,correct
word_char_tfidf,fake_979,979,1,fake,"Kosova në zgjedhje të jashtëzakonshme, Kjo është data!",186,medium_121_250,0.3959443946865815,0.6040556053134185,1,uncertain,True,correct
word_char_tfidf,fake_988,988,1,fake,"Rexhaj ‘godet’ Nasim Haradinajn, o Nasim ti je banditi më i madh që ka Kosova",99,short_61_120,0.04363841251504119,0.9563615874849588,1,likely_fake,True,correct
word_char_tfidf,fake_991,991,1,fake,"Kështu u pritë jashtë Presidenti Thaçi, pas përfundimit të intervistimit në Hagë (Video)",107,short_61_120,0.08931860678096826,0.9106813932190317,1,likely_fake,True,correct
word_char_tfidf,fake_994,994,1,fake,Albin Kurti është takuar me fshehurazi me qeverinë e sërbisë mos i besoni ketij tradhtari o popull,172,medium_121_250,0.21601662026658364,0.7839833797334164,1,likely_fake,True,correct
word_char_tfidf,fake_1005,1005,1,fake,"Urime Kosovë! Në këtë datë në Korrik do hiqen Vizat, SHBA jep lajmin e madh",105,short_61_120,0.06490365828084954,0.9350963417191505,1,likely_fake,True,correct
word_char_tfidf,fake_1028,1028,1,fake,"BE i’a palon Grenellit: Bën veprimin e papritur për Kosovën, hiqen vizat për Kosovën??",261,long_gt_250,0.9182914264065146,0.08170857359348539,0,likely_real,False,false_negative
word_char_tfidf,fake_1034,1034,1,fake,"Rr’ahje mes dasmorëve në Prishtinë, bërtit “Nusja koka si Lop” (Video)",115,short_61_120,0.340782171081061,0.659217828918939,1,uncertain,True,correct
word_char_tfidf,fake_1037,1037,1,fake,"Daçiq: Na jepni Veriun e Kosovës, pastaj fillojmë me bisedime!",344,long_gt_250,0.9155689900088725,0.08443100999112754,0,likely_real,False,false_negative
word_char_tfidf,fake_1042,1042,1,fake,"Afrim Muçiqi: Nëse nuk na lejohet puna, do t’i mbajmë dasmat në shesh apo livadhe",166,medium_121_250,0.9124664475034252,0.08753355249657474,0,likely_real,False,false_negative
word_char_tfidf,fake_1054,1054,1,fake,LAJMI FUNDIT: Vjosa Osmani antarsohet në Vetëvendosje ja detajet,96,short_61_120,0.18377444105428586,0.8162255589457141,1,likely_fake,True,correct
word_char_tfidf,fake_1055,1055,1,fake,SHBA vjen me Super Lajm Për Kosovën,286,long_gt_250,0.9692312951085899,0.030768704891410145,0,likely_real,False,false_negative
word_char_tfidf,fake_1064,1064,1,fake,Nuk do ta besoni se çka e paralajmëron Isa Mustafa Vjosën!,132,medium_121_250,0.45424870389719163,0.5457512961028084,1,uncertain,True,correct
word_char_tfidf,fake_1076,1076,1,fake,Isa Mustafa marrja e Qeverisë në këtë kohë është sakrificë që po bënë LDK-ja,103,short_61_120,0.19092104299804846,0.8090789570019515,1,likely_fake,True,correct
word_char_tfidf,fake_1079,1079,1,fake,Agim Veliu “godet“ Vjosen: Oj trashaluqe duhesh mi hjek killat për mu…..,152,medium_121_250,0.44819512971472275,0.5518048702852772,1,uncertain,True,correct
word_char_tfidf,fake_1081,1081,1,fake,"Isa Mustafa: Ne Shqiptarët e Kosovës jemi me Amerikën, kurse Albin Kurti….",81,short_61_120,0.15434419165430913,0.8456558083456909,1,likely_fake,True,correct
word_char_tfidf,fake_1084,1084,1,fake,E pabesueshme se çfarë vendimi pritet të merr Presidenti Hashim Thaçi nëse e…,107,short_61_120,0.04502353908094958,0.9549764609190504,1,likely_fake,True,correct
word_char_tfidf,fake_1085,1085,1,fake,Glauk Konjufca: Bëhuni gati…Nesër është vetëm nxemje!,170,medium_121_250,0.9383850477986483,0.061614952201351665,0,likely_real,False,false_negative
word_char_tfidf,fake_1090,1090,1,fake,Politikani Serb ‘zbulon’ dy politikanët e Kosovës që po bashkëpunojnë me…,176,medium_121_250,0.4374715254401531,0.5625284745598469,1,uncertain,True,correct
word_char_tfidf,fake_1092,1092,1,fake,"Abdulla Hoti “godet“ Lëvizjen Vetëvendosje, ja çka i thotë!",112,short_61_120,0.6493891953296389,0.3506108046703611,0,uncertain,False,false_negative
word_char_tfidf,fake_1101,1101,1,fake,Ky kombinim po i çmend të gjithë: Bëhu me fIokë duke përdorur bananen,194,medium_121_250,0.49071870786132865,0.5092812921386713,1,uncertain,True,correct
word_char_tfidf,fake_1104,1104,1,fake,"Nuk hapen xhamitë as në ditët e fundit të Ramazanit, edhe ne Hoxhallarët duam pushim",378,long_gt_250,0.9812242172023986,0.018775782797601424,0,likely_real,False,false_negative
word_char_tfidf,fake_1106,1106,1,fake,"Behgjet Pacolli “befason“ me fjalë: E deshtët apo Jo, Halil Kastrati nuk ban “NONA“ tjetër në Shqiptari",75,short_61_120,0.11342682399321224,0.8865731760067878,1,likely_fake,True,correct
word_char_tfidf,fake_1108,1108,1,fake,Vjosa po vjen me parti të re politike me 9 deputet!,44,very_short_le_60,0.05800564825336074,0.9419943517466393,1,likely_fake,True,correct
word_char_tfidf,fake_1117,1117,1,fake,"Albin Kurtit do ti ndodhë më e keqja, Ja çka paralajmëron Pacolli",362,long_gt_250,0.411024720984693,0.588975279015307,1,uncertain,True,correct
word_char_tfidf,fake_1119,1119,1,fake,Detaje të reja: Zbulohen mesazhet zyrtare për rastin e 26 vjeçarit që vdiq dje në Qendrën e Studentëve,84,short_61_120,0.5123786555019515,0.4876213444980485,0,uncertain,False,false_negative
word_char_tfidf,fake_1121,1121,1,fake,Vali Corleone flet për Hashim Thaçin e Albin Kurtin: Ja kush janë këta!,73,short_61_120,0.08346320434189436,0.9165367956581056,1,likely_fake,True,correct
word_char_tfidf,fake_1135,1135,1,fake,Hoxhaj: Kurr sdo të bëhet mirë pa ardhur në krye të Kosovës Kadri Veseli,107,short_61_120,0.005127808271592982,0.994872191728407,1,likely_fake,True,correct
word_char_tfidf,fake_1138,1138,1,fake,Hyn dhe Voto dr. Shefqet Krasniqin për imam të xhamisë së re në Prishtinë,104,short_61_120,0.026623781604312335,0.9733762183956877,1,likely_fake,True,correct
word_char_tfidf,fake_1165,1165,1,fake,Çmimi i lartë do tju trondit se sa do të kushtojë një vaksinë anti-korona që e keni patjetër ta merrni!,86,short_61_120,0.0008179025131271889,0.9991820974868728,1,likely_fake,True,correct
word_char_tfidf,fake_1174,1174,1,fake,"Vjen thirrja e fundit për zgjedhje të parakohshme, pas Albinit e penzionojnë edhe Avdullah Hotin",104,short_61_120,0.047757973019883604,0.9522420269801164,1,likely_fake,True,correct
word_char_tfidf,fake_1179,1179,1,fake,"Bekim Jashari: Albin Kurti , ‘Nuse e mirë po duket por t’ja shohim çeizin’!",110,short_61_120,0.0027436309755809463,0.997256369024419,1,likely_fake,True,correct
word_char_tfidf,fake_1180,1180,1,fake,"Avdullah Hoti fyen rëndë të gjithë myslimanët që falën nëpër xhami, duke i quajtur…?",81,short_61_120,0.01717180283966635,0.9828281971603336,1,likely_fake,True,correct
word_char_tfidf,fake_1183,1183,1,fake,"Kadri Veseli e ‘pren’ punën e xhamisë, nuk do ta besoni se a dha lejen për ndërtimin apo jo?",88,short_61_120,0.4870054663910932,0.5129945336089068,1,uncertain,True,correct
word_char_tfidf,fake_1186,1186,1,fake,"I gjithë shteti në Alarm, Ja ‘Lajmin që e solli nga Haga’ Hashim Thaçi dhe Kadri Veseli",99,short_61_120,0.0025041834084151837,0.9974958165915848,1,likely_fake,True,correct
word_char_tfidf,fake_1191,1191,1,fake,"Specialisti italian na i qetëzoi zemrat të gjithëve: ‘Kjo është e vërteta e koronavirusit, mos bini pre e biznismenëve’",91,short_61_120,0.000537288653783885,0.9994627113462161,1,likely_fake,True,correct
word_char_tfidf,fake_1194,1194,1,fake,"Media Gjermane: Merkel është e përfshirë në një skandal, ndihmoi Hashim Thaçin me 2 miliardë Euro?",90,short_61_120,0.00562867798644251,0.9943713220135575,1,likely_fake,True,correct
word_char_tfidf,fake_1197,1197,1,fake,Urime KOSOVË / Qeveria e Izraelit zyrtarisht ofron këtë ndihmë pë çdo qytetar të Kosovës,96,short_61_120,0.029700800515300774,0.9702991994846992,1,likely_fake,True,correct
word_char_tfidf,fake_1199,1199,1,fake,"Pse shumë njerëz po dështojnë? Cili meriton të kalon i pari, i dyti dhe i fundit?",109,short_61_120,0.0020603491987283284,0.9979396508012717,1,likely_fake,True,correct
word_char_tfidf,fake_1224,1224,1,fake,"Ndërron jetë Luan Bajra pak ditë para martesës, i riu vuante nga kjo sëmundje! Ngushllime familjes Bajra",77,short_61_120,0.003048075968287156,0.9969519240317128,1,likely_fake,True,correct
word_char_tfidf,fake_1226,1226,1,fake,URIME NA QOFTË / Oxford jep rezultatet e para pozitive të vaksinës që zhduk tërësisht virusin,74,short_61_120,0.0006026479243556038,0.9993973520756444,1,likely_fake,True,correct
word_char_tfidf,fake_1230,1230,1,fake,"Vjosa Osmani me lot në sy pranon largimin e saj nga politika, fjalimi i plotë i saj…?",87,short_61_120,0.00040023404327516054,0.9995997659567248,1,likely_fake,True,correct
word_char_tfidf,fake_1234,1234,1,fake,"Viola Cramon ‘trondet’ Kosovën, tregon se cilët dy politikan i than ‘Mos nai liberalizoni vizat pa i fitu na zgjedhjet’",103,short_61_120,0.001983459469154236,0.9980165405308458,1,likely_fake,True,correct
word_char_tfidf,fake_1243,1243,1,fake,"Historike / DELAWIE: ‘O burra, ne ta harron Serbia që SHBA hjek dor nga Kosova, për at Zot i dua si vëllezër’",99,short_61_120,0.002397644965206114,0.9976023550347939,1,likely_fake,True,correct
word_char_tfidf,fake_1245,1245,1,fake,"Hyri brenda në qabe dhe filmoi pamje nga brenda, u ‘trondit’ nga ajo që pa sepse se kishte menduar kurrë këtë?",84,short_61_120,0.0002972073336277026,0.9997027926663723,1,likely_fake,True,correct
word_char_tfidf,fake_1246,1246,1,fake,"Çmime jashtëzakonisht të ulëta në këto dyqane për shopping, NXITONI URGJENTISHT",87,short_61_120,0.006420014049877132,0.9935799859501229,1,likely_fake,True,correct
word_char_tfidf,fake_1260,1260,1,fake,"Skena shumë të nxehta, çmendet Edona Llalloshi dhe bën rezil udhëheqësen te ‘Shiko kush luan’",93,short_61_120,0.001957850288875629,0.9980421497111244,1,likely_fake,True,correct
word_char_tfidf,fake_1266,1266,1,fake,LAJMI I FUNDIT Nga Gjermania – BE-ja më në fund iberalizohen vizat për Kosovarët,98,short_61_120,0.00013664211004449367,0.9998633578899555,1,likely_fake,True,correct
word_char_tfidf,fake_1274,1274,1,fake,Mustafa Nano e tepron / E vetmja shpresë për shqiptarin është ardhja e Albin Kurtit në pushtet,78,short_61_120,0.00011365434835952648,0.9998863456516405,1,likely_fake,True,correct
word_char_tfidf,fake_1275,1275,1,fake,"Mjer KOSOVA / Vuçiq e bën ‘hor’ Avduallah Hotin para BE-së, kurse Hoti vetëm shikon si i çmendur",98,short_61_120,0.003025355989402345,0.9969746440105977,1,likely_fake,True,correct
word_char_tfidf,fake_1279,1279,1,fake,"Ramiz Lladrovci: Pishpirikat e Vetëvendosjes nuk ti baj hesap, Albini Kurti ngelafç ngat mu?",106,short_61_120,0.0005062952670376042,0.9994937047329624,1,likely_fake,True,correct
word_char_tfidf,fake_1285,1285,1,fake,"Kur e pyetën Albert Ajnshtajnin a besonte në Zot, përgjigja e tij la pa frymë gjith Botën",111,short_61_120,0.0031900587284663384,0.9968099412715337,1,likely_fake,True,correct
word_char_tfidf,fake_1290,1290,1,fake,"URIME NA QOFTË / Mbyllen votimet në Maqedoninë e Veriut, shpallet kryeministri i parë shqipëtar atje",89,short_61_120,0.02028754266624977,0.9797124573337502,1,likely_fake,True,correct
word_char_tfidf,fake_1291,1291,1,fake,Artan Abrashi i VV-së / Krimineli Hashim Thaçi duheshte të jep dorëheqje para se të shkonte sepse sdo të kthehet?,99,short_61_120,0.0005597588947481302,0.9994402411052519,1,likely_fake,True,correct
word_char_tfidf,fake_1293,1293,1,fake,"Pas di vorcit, nëna gjen të d ashur: Ky është mesazhi që fëmijët kanë për t’i dhënë!",87,short_61_120,0.002387466364037638,0.9976125336359624,1,likely_fake,True,correct
word_char_tfidf,fake_1302,1302,1,fake,"BISEDA SEKRETE: Clinton-D’Alema më 23 mars, 1999 për ndërhyrjën e NATO-së në Kosovë",94,short_61_120,0.006600696146576546,0.9933993038534235,1,likely_fake,True,correct
word_char_tfidf,fake_1311,1311,1,fake,EKSKLUZIVE / Këto pamje të filmuara në 1999 të Gani Gecit bëjnë të qarta debatet e këtyre 20 viteve,100,short_61_120,0.056800585116359104,0.9431994148836409,1,likely_fake,True,correct
word_char_tfidf,fake_1314,1314,1,fake,Hashim Thaçi ‘çartet’ dhe dridh gjithë Amerikën me fjalimin e tij për KOSOVËN HEROIKE,112,short_61_120,0.0104385155388661,0.9895614844611339,1,likely_fake,True,correct
word_char_tfidf,fake_1320,1320,1,fake,Gent Cakaj: Kur është në pyetje UÇK-ja duhet të jemi 1 or kafsha të pista të Kosovës,86,short_61_120,0.012989287285730455,0.9870107127142695,1,likely_fake,True,correct
word_char_tfidf,fake_1324,1324,1,fake,Mërgimtarët shqipëtar përlotin Hashim Thaçin me befasinë që ia bënë para Gjykatës së Hagës,87,short_61_120,0.000240611164219251,0.9997593888357807,1,likely_fake,True,correct
word_char_tfidf,fake_1325,1325,1,fake,"Prifti shqipëtar Don Zefi: Ne shqipëtarët katolik vëllezër i kemi grekët dhe serbet,",103,short_61_120,0.0003108101083014736,0.9996891898916985,1,likely_fake,True,correct
word_char_tfidf,fake_1334,1334,1,fake,"E Fundit / Shkarkohet presidenti i Shqipërisë Ilir Meta, komisioni hetimor raporton që?",97,short_61_120,0.22958833983436788,0.7704116601656321,1,likely_fake,True,correct
word_char_tfidf,fake_1336,1336,1,fake,"Nuk e pranuan Hashim Thaçin në shtëpi, vjen reagimi i Bekim Jasharit ku tregon arsyen se pse?",102,short_61_120,0.0013328133748430337,0.998667186625157,1,likely_fake,True,correct
word_char_tfidf,fake_1346,1346,1,fake,Nga nesër bllokim i plotë i lëvizjes së qytetarëve në këto komuna të Kosovës?,95,short_61_120,0.008163104098071639,0.9918368959019284,1,likely_fake,True,correct
word_char_tfidf,fake_1351,1351,1,fake,Urime Kosovë / Grenell zyrtarisht jep datën kur mund kosovarët të udhëtojnë PA VIZA?,98,short_61_120,0.0021861722995971666,0.9978138277004028,1,likely_fake,True,correct
word_char_tfidf,fake_1365,1365,1,fake,Shkëlzen Gashi: Kur un ju thoja nuk e besojshit të vërtetën e UÇK-së,99,short_61_120,0.003380215375161977,0.996619784624838,1,likely_fake,True,correct
word_char_tfidf,fake_1371,1371,1,fake,Dokumenti i CIA 1978: Ky ishte politikani që i dha tokat shqipëtare Greqisë,101,short_61_120,0.007226872336467016,0.992773127663533,1,likely_fake,True,correct
word_char_tfidf,fake_1379,1379,1,fake,"Shefqet Krasniqi: Mos keni frik nga ky virus, nëse e keni të shkruar do tjesh i fundit që dot kap",86,short_61_120,0.025991262241323754,0.9740087377586762,1,likely_fake,True,correct
word_char_tfidf,fake_1382,1382,1,fake,‘Dorëzohet Sërbia’ / Numri i viktimave nga virusi në Sërbi thyen rekordin botëror,74,short_61_120,0.0033515247187939634,0.996648475281206,1,likely_fake,True,correct
word_char_tfidf,fake_1385,1385,1,fake,Merkel ia terron Vuçiqit me këtë kërkesë që ia bëri në lidhje me kufijtë dhe njohjen e pavarsisë së Kosovës,87,short_61_120,0.0018537853630568035,0.9981462146369432,1,likely_fake,True,correct
word_char_tfidf,fake_1395,1395,1,fake,Krijesë e huaj misterioze me ‘krahët që duken njerëzore’ i vë në dyshim mendjet e njerëzve,85,short_61_120,0.0010004389311295547,0.9989995610688704,1,likely_fake,True,correct
word_char_tfidf,fake_1396,1396,1,fake,Ju Lutem Shpërndaje Që Ta shohin Gjithë / Ja se çfarë po ju ndodh qytetarëve që po udhëtojnë për në Europë,93,short_61_120,0.0018221945389386152,0.9981778054610614,1,likely_fake,True,correct
word_char_tfidf,fake_1413,1413,1,fake,Publikohen për herë të parë fotot e Anisa Josifit në shtratin e vd ekjes,100,short_61_120,0.011375956103246487,0.9886240438967535,1,likely_fake,True,correct
word_char_tfidf,fake_1415,1415,1,fake,Italia merr vendim të prerë për shtetin e Kosovës dhe bën apel në gjithë Europën për izolim 24 muajsh?,86,short_61_120,0.003317714691536744,0.9966822853084633,1,likely_fake,True,correct
word_char_tfidf,fake_1420,1420,1,fake,"Molliqaj: Hashim Thaçi nuk është anti-amerikan, është k riminel!",71,short_61_120,0.00021341235193594876,0.999786587648064,1,likely_fake,True,correct
word_char_tfidf,fake_1424,1424,1,fake,Plaku nga Kosova: Evropa i ka borxh Kosovës,72,short_61_120,0.007202300189020017,0.99279769981098,1,likely_fake,True,correct
word_char_tfidf,fake_1426,1426,1,fake,LAJM I FUNDIT:Nuk do mund ta besoni se ku ndodhet në Këto momente Hashim Thaçi,86,short_61_120,8.94113297899013e-05,0.9999105886702101,1,likely_fake,True,correct
word_char_tfidf,fake_1432,1432,1,fake,Këta zyrtarë priten të largohen nga LDK-ja! arsyeja shkarkimi Vjoses?,76,short_61_120,0.0006552900248245619,0.9993447099751754,1,likely_fake,True,correct
word_char_tfidf,fake_1434,1434,1,fake,A do të vazhdojë të jetë antare e LDKsë? Ja çka thotë Osmani,77,short_61_120,0.0003072010227624933,0.9996927989772375,1,likely_fake,True,correct
word_char_tfidf,fake_1441,1441,1,fake,Zbulohet vendin ku ndodhen 28 ton flori!,103,short_61_120,0.01780568014340278,0.9821943198565972,1,likely_fake,True,correct
word_char_tfidf,fake_1450,1450,1,fake,"Besa Gaxherri: Vjosa Duhet Të Matet, Nuk Është E Rrugës Me Luftu Shtëpinë E Vet",91,short_61_120,0.001271180683486528,0.9987288193165135,1,likely_fake,True,correct
word_char_tfidf,fake_1451,1451,1,fake,"Erdogan ndan lajmin më të keq pas pandemisë së fundit, shpreh ngushllimet e tij të sinqerta",86,short_61_120,0.011563896534533602,0.9884361034654664,1,likely_fake,True,correct
word_char_tfidf,fake_1454,1454,1,fake,"I dërgon gabimisht shefit një foto pa rroba, përgjigja e tij e lë pa fjalë",96,short_61_120,0.0021881224333492044,0.9978118775666508,1,likely_fake,True,correct
word_char_tfidf,fake_1461,1461,1,fake,Djaloshi ne Prishtine gjen 1450 Euro dhe nje qeles te vetures.,99,short_61_120,0.00012805320893172212,0.9998719467910683,1,likely_fake,True,correct
word_char_tfidf,fake_1465,1465,1,fake,"Gjermania në kërkim të 472 mijë punëtorëve, këto janë profilet më të kërkuara",88,short_61_120,0.05948654352318816,0.9405134564768118,1,likely_fake,True,correct
word_char_tfidf,fake_1466,1466,1,fake,"Ky pe.nsioner mbante një th.esar në shtëpi, nuk e dinte",94,short_61_120,0.003953233993633676,0.9960467660063663,1,likely_fake,True,correct
word_char_tfidf,fake_1473,1473,1,fake,"Karkalecat pushtojnë Lindjen e Mesme, bll.okohet qarkullimi i automjeteve",93,short_61_120,0.02158825024773192,0.9784117497522681,1,likely_fake,True,correct
word_char_tfidf,fake_1474,1474,1,fake,Christopher Hill rrë.fen momente të lu.ftës në Kosovë: Çfarë më tha Millosheviçi pas takimit me UÇK-në,101,short_61_120,0.06450158719004673,0.9354984128099533,1,likely_fake,True,correct
word_char_tfidf,fake_1475,1475,1,fake,Nuk keni pë ta besuar se cila këngëtare kosovare është kjo vogëlushe,96,short_61_120,0.05601822197366857,0.9439817780263314,1,likely_fake,True,correct
word_char_tfidf,fake_1484,1484,1,fake,"E mbajti të fshehtë, futbollisti shqiptar bëhet baba për herë të parë",88,short_61_120,0.09438534605453275,0.9056146539454673,1,likely_fake,True,correct
word_char_tfidf,fake_1488,1488,1,fake,Kilogrami shitet 0ër 1.000 Euro / Gjenden në këtë vend,80,short_61_120,0.03144298206746021,0.9685570179325398,1,likely_fake,True,correct
word_char_tfidf,fake_1492,1492,1,fake,Vjosa Osmani po i bashkohet LVV ? Edhe zogjtë e malit e dinë ..,92,short_61_120,0.0167690635612191,0.9832309364387809,1,likely_fake,True,correct
word_char_tfidf,fake_1498,1498,1,fake,"Hapi i madh i Ramës, arreston zyrtarin e larte te LVV / Reagon Kurti ..",95,short_61_120,0.05071511950121965,0.9492848804987803,1,likely_fake,True,correct
word_char_tfidf,fake_1503,1503,1,fake,"Afrim Muqiqi jep lajmin e madh, nga kjo datë dasmat do të bahen dhe urime të gjithëve",83,short_61_120,0.006775615045486072,0.9932243849545139,1,likely_fake,True,correct
word_char_tfidf,fake_1511,1511,1,fake,"Ak sident i tm errshëm , treni g odet veturën me 5 u dhëtarë",90,short_61_120,0.010304812856793855,0.9896951871432061,1,likely_fake,True,correct
word_char_tfidf,fake_1513,1513,1,fake,"Ky është shteti, qytetarët e të cilit tr.adhtojnë më shumë partnerin",99,short_61_120,0.01378504775358702,0.986214952246413,1,likely_fake,True,correct
word_char_tfidf,fake_1519,1519,1,fake,"Dorëzohet Vuçiqi, vendos ta pranon Republikën e Kosovës për shkak të kësaj arsye?",73,short_61_120,0.002977442514621176,0.9970225574853788,1,likely_fake,True,correct
word_char_tfidf,fake_1531,1531,1,fake,"E fundit! Shp.ërthen bo.mbula e gazit, e moshuara në gjendje të rëndë",92,short_61_120,0.06253283831628464,0.9374671616837154,1,likely_fake,True,correct
word_char_tfidf,fake_1533,1533,1,fake,EKSLUZIVE – Ja kush po i kerkon Albinit debat televiziv nuk do ta besoni,87,short_61_120,0.0002446422251939362,0.9997553577748061,1,likely_fake,True,correct
word_char_tfidf,fake_1538,1538,1,fake,"Ndërron jetë këngëtarja e njohur, pati g.oditje në tru",78,short_61_120,0.07154077401339054,0.9284592259866095,1,likely_fake,True,correct
word_char_tfidf,fake_1542,1542,1,fake,"HlSTORlA e shqiptarit që ka HABlTUR rrjetet sociaIe, a ja vIen të Ie gruan për rusen e pasur",100,short_61_120,0.017240412072486166,0.9827595879275138,1,likely_fake,True,correct
word_char_tfidf,fake_1544,1544,1,fake,"Gold AG p ublikon këngën e re, krejt Mediat serbe po shkruajn",88,short_61_120,0.00835985795554861,0.9916401420444514,1,likely_fake,True,correct
word_char_tfidf,fake_1545,1545,1,fake,Nuk do ta besoni qfare thote Glauk Konjufca per kreun e LVV-se,90,short_61_120,0.004000640703232139,0.9959993592967679,1,likely_fake,True,correct
word_char_tfidf,fake_1547,1547,1,fake,"Izraeli apo Turqia, cila e ka u shtrinë më të fortë",81,short_61_120,0.16460016154147172,0.8353998384585283,1,likely_fake,True,correct
word_char_tfidf,fake_1551,1551,1,fake,"Presidentja E Kroacisë I’a Thotë Në Sy Mogherinit: Kosovës Duhet Të I’a Jepni Liberalizimin, Sepse Kosovarët E Meritojnë Këtë Gjë Dhe Shumë Gjëra Tjera!",91,short_61_120,0.0034759492757383548,0.9965240507242616,1,likely_fake,True,correct
word_char_tfidf,fake_1552,1552,1,fake,E pabesueshme: Adelina rr.ëfen se si e ka kapur politikanin e njohur duke vje.dhur para,90,short_61_120,0.00674290481394646,0.9932570951860535,1,likely_fake,True,correct
word_char_tfidf,fake_1556,1556,1,fake,Jam tri.shtuar nga vd.ekja tra.gjike e të riut 26-vjeçar nga Gjilani,92,short_61_120,0.027036655140513344,0.9729633448594867,1,likely_fake,True,correct
word_char_tfidf,fake_1557,1557,1,fake,"E FUNDIT: Paralajmërimi i Kurtit dr.idh Kosoven, ja qka tha",96,short_61_120,0.0010236030523649298,0.9989763969476351,1,likely_fake,True,correct
word_char_tfidf,fake_1563,1563,1,fake,"Pacolli: Telefonin e kam përplot me kë.rcënime, jam i fr.ikësuar nga militantet e VV-së!!",100,short_61_120,0.008046859312533794,0.9919531406874662,1,likely_fake,True,correct
word_char_tfidf,fake_1564,1564,1,fake,"LDK para cop.ëtimit – ka përpl.asje të mëdha, zbulohet se disa figura të larta partiake",92,short_61_120,0.09169026322622509,0.9083097367737749,1,likely_fake,True,correct
word_char_tfidf,fake_1567,1567,1,fake,"Po pastronte shtëpinë e gjyshërve kur gjeti diçka në dysheme, kur e hapi u sh.okua nga ajo që pa",114,short_61_120,0.005212394074806448,0.9947876059251936,1,likely_fake,True,correct
word_char_tfidf,fake_1568,1568,1,fake,Lajm i mire/ Me ne fund del data se kur do levizim me makina pa marr leje,97,short_61_120,0.002913216372124383,0.9970867836278756,1,likely_fake,True,correct
word_char_tfidf,fake_1569,1569,1,fake,Rama pu.blikon statistikat/ Shqipëria vendi europian që ka menaxhuar më mirë situatën e CoVi.d-19,111,short_61_120,0.01505490380431973,0.9849450961956803,1,likely_fake,True,correct
word_char_tfidf,fake_1574,1574,1,fake,Nuk ishte t.ërmet as v.ullkan por diçka e fr.ikshme që rallë kush …,99,short_61_120,0.009350898514824846,0.9906491014851752,1,likely_fake,True,correct
word_char_tfidf,fake_1593,1593,1,fake,Lajmi tr.ondit mediat greke e italiane: Nexhmija e dinte që Enveri…,101,short_61_120,0.03394450855380304,0.966055491446197,1,likely_fake,True,correct
word_char_tfidf,fake_1594,1594,1,fake,"Pamje shokuese , gruaja hidhet nga ballkoni i PALLATIT ! (Video)",55,very_short_le_60,0.002785638506787813,0.9972143614932122,1,likely_fake,True,correct
word_char_tfidf,fake_1601,1601,1,fake,Vjen SUPER LAJMI Italianët bëjnë zbulimin që do na rikthejë në normalitet nga COVID-19,192,medium_121_250,0.009497504264797785,0.9905024957352022,1,likely_fake,True,correct
word_char_tfidf,fake_1606,1606,1,fake,"LAJMI I FUNDIT: E shpërfilli  virusin COVID-19, Presidenti del Pozitiv i…!",122,medium_121_250,0.1934782567584925,0.8065217432415075,1,likely_fake,True,correct
word_char_tfidf,fake_1609,1609,1,fake,"LAJMI I FUNDIT: Ky është super lajm,Mjeku jep shpresë  sa i perket COVID-19, për popullin e Kosovës!",127,medium_121_250,0.031809115228152884,0.9681908847718471,1,likely_fake,True,correct
word_char_tfidf,fake_1610,1610,1,fake,"LAJMI I FUNDIT: Tronditet skena politike, pas shum rastev me Koronavirus jep doreheqje Ministri i Shendetsise në…!",150,medium_121_250,0.10810336505372387,0.8918966349462761,1,likely_fake,True,correct
word_char_tfidf,fake_1611,1611,1,fake,E FUNDIT: Do befasoheni Çfarë i bëri sot bashkë Vjosa Osmanin dhe Albin Kurtin?,113,short_61_120,0.006711339963873408,0.9932886600361266,1,likely_fake,True,correct
word_char_tfidf,fake_1613,1613,1,fake,"Veton Surroi: UÇK nuk ishte ushtri çlirimtare, po kan lyp me…!",122,medium_121_250,0.03949755517088105,0.960502444829119,1,likely_fake,True,correct
word_char_tfidf,fake_1616,1616,1,fake,"LAJM I PAPRITUR KY!: Vjosa Osmani Presidente e vendit, ja si dhe kur mund të ndodh?",149,medium_121_250,0.0029227183098213816,0.9970772816901786,1,likely_fake,True,correct
word_char_tfidf,fake_1619,1619,1,fake,Fatmir Limaj: ”Albini as pragun ska me kalu ne Zgjedhje te reja keni me pa O Popull”? – VIDEO,114,short_61_120,0.0013393178439485842,0.9986606821560514,1,likely_fake,True,correct
word_char_tfidf,fake_1622,1622,1,fake,Shpërthen Ganimete Musliu kundër VV-së: Të pafytyrë e po t’ja…!,118,short_61_120,0.04806084193608873,0.9519391580639113,1,likely_fake,True,correct
word_char_tfidf,fake_1624,1624,1,fake,"LAJMI I FUNDIT: Pas aktakuzës ndaj Thaçit e Veselit, PDK merr këtë vendim te papritur nga askush..!",132,medium_121_250,0.04952800161750459,0.9504719983824954,1,likely_fake,True,correct
word_char_tfidf,fake_1625,1625,1,fake,"Kjo video nga Glauk Konjufca ta bën Zemrën mal, Ja çka thoshte ai për Gjykatën Speciale",85,short_61_120,0.0074305864121841925,0.9925694135878158,1,likely_fake,True,correct
word_char_tfidf,fake_1641,1641,1,fake,Tunës ka përfunduar në këtë gjendje pas shum se…!,78,short_61_120,0.3891313001226515,0.6108686998773485,1,uncertain,True,correct
word_char_tfidf,fake_1647,1647,1,fake,"Nuk është më kryeministër, por Oriola tregon hapur simpatinë e saj për Albin Kurtin",104,short_61_120,0.008711530831100989,0.991288469168899,1,likely_fake,True,correct
word_char_tfidf,fake_1648,1648,1,fake,Godet Thaci : o Albin e more popullin nqaf me ato protesta shikoje numrin e te inf ekt uarve o ti po lyp…?,92,short_61_120,0.0010292639723958885,0.9989707360276041,1,likely_fake,True,correct
word_char_tfidf,fake_1653,1653,1,fake,Mjeku shqiptar trondit botën: Ja çfarë i pret të gjithë njerëzit e prekur nga COVID-19,375,long_gt_250,0.7018359252724837,0.2981640747275162,0,likely_real,False,false_negative
word_char_tfidf,fake_1655,1655,1,fake,LAJMI I FUNDIT – Ja cili politikan i VV-s do te arrestohet nga Gjykata Speciale,118,short_61_120,0.00140421962227133,0.9985957803777287,1,likely_fake,True,correct
word_char_tfidf,fake_1659,1659,1,fake,Kallashi O Albin Ta Hongsha Zemren Ty Je Zemra Kosoves Per Ty Kisha Vallzu Tanë Naten Ne…,151,medium_121_250,3.241636945683357e-05,0.9999675836305432,1,likely_fake,True,correct
word_char_tfidf,fake_1660,1660,1,fake,"Kosovë, Pacienti Me Koronavirus Nga Spitali I Qon “Selam“ Labinot Tahirit (Video)",129,medium_121_250,0.0006483283160724218,0.9993516716839276,1,likely_fake,True,correct
word_char_tfidf,fake_1667,1667,1,fake,"VIDEO EKSLUZIVE:Nëse Ke Ndonjë Nga Këto Monedha, Mund Të Bëhesh Shumë I Pasur Ja Pse",196,medium_121_250,0.054955541325360846,0.9450444586746392,1,likely_fake,True,correct
word_char_tfidf,fake_1674,1674,1,fake,LAJMI I FUNDIT – Bota po perballet nga nje rre zik tjeter ja per qfar behet fjale,145,medium_121_250,0.0728920722370966,0.9271079277629034,1,likely_fake,True,correct
word_char_tfidf,fake_1675,1675,1,fake,Befason Thaçi: ‘Sa tjem gjall une Albini asnjehere nuk do te vendos per Kosoven sdo ta lejoj me…!,198,medium_121_250,0.05100144985927413,0.9489985501407259,1,likely_fake,True,correct
word_char_tfidf,fake_1676,1676,1,fake,Fatos Lubonja: Hashim Thaçi ka ber vepra te k eqia ndaj serbë të pafajshëm!! Ska vy me i bo,247,medium_121_250,0.018697235240538235,0.9813027647594618,1,likely_fake,True,correct
word_char_tfidf,fake_1687,1687,1,fake,Kjo Grua Nga Prishtina Në Ballkon Dhe Ajo Që Bën Më Ç.Mend Kalimtaret.. (Video),134,medium_121_250,0.05454677411447617,0.9454532258855238,1,likely_fake,True,correct
word_char_tfidf,fake_1692,1692,1,fake,LAJMI I FUNDIT – Nuk do ta besoni qfar do te ndodhe ne Kosove,135,medium_121_250,0.21741996396806518,0.7825800360319348,1,likely_fake,True,correct
word_char_tfidf,fake_1697,1697,1,fake,Shpallja e gjendjes së jashtëzakonshme në Kosovë/ Nuk do të ketë bllokim të plotë,167,medium_121_250,0.0026532002130872367,0.9973467997869128,1,likely_fake,True,correct
word_char_tfidf,fake_1698,1698,1,fake,"Prekese: Sot u bëra nene pas 10 viteve martes, jam Nene e Trinjakëve, kush me uron i dhent Zoti ate qe i mungon ..",221,medium_121_250,0.0002772986069602412,0.9997227013930398,1,likely_fake,True,correct
word_char_tfidf,fake_1700,1700,1,fake,"Pipero: Jep lajmin e madh që e kemi pritur të gjithë, “Koronavirusi nuk do të…”",229,medium_121_250,0.606713775092827,0.393286224907173,0,uncertain,False,false_negative
word_char_tfidf,fake_1711,1711,1,fake,Video Eksluzive: Shikojeni Çka I Ndodhi Ketij Mërgimtarit Nga Kosova Në Finlandë,173,medium_121_250,0.039444159308255955,0.960555840691744,1,likely_fake,True,correct
word_char_tfidf,fake_1714,1714,1,fake,Godet Kallashi ja qka thot per Albinin nuk do ta besoni,159,medium_121_250,0.0015597013567715257,0.9984402986432285,1,likely_fake,True,correct
word_char_tfidf,fake_1720,1720,1,fake,EKSLUZIVE – Vjosa Osmani zbulon detajet e partise te saj te re ja deputet sdo ta besoni,180,medium_121_250,0.03946154625348375,0.9605384537465163,1,likely_fake,True,correct
word_char_tfidf,fake_1729,1729,1,fake,Kush dhe pse e duan të vdekur Gani Gecin ???,177,medium_121_250,0.03812657779738404,0.961873422202616,1,likely_fake,True,correct
word_char_tfidf,fake_1730,1730,1,fake,"Hoti do mbetet kryeministri më i suksesshëm në historinë e Kosovës, nëse Vuçiqi nuk e bën këtë",130,medium_121_250,0.07147937668188142,0.9285206233181186,1,likely_fake,True,correct
word_char_tfidf,fake_1732,1732,1,fake,Haki Abazi dridhe skenen politike ne Kosove me kete qe tha!,162,medium_121_250,0.9167421878488086,0.08325781215119146,0,likely_real,False,false_negative
word_char_tfidf,fake_1737,1737,1,fake,Paralajmërohet ‘tronditja’ e madhe për PDK-në: Ja dy përplasjet e forta në këtë parti,88,short_61_120,0.0002452301117932265,0.9997547698882068,1,likely_fake,True,correct
word_char_tfidf,fake_1738,1738,1,fake,Tomë Gashi publikon videon e Besa Gaxherrit që tronditi Hashim Thaçin,122,medium_121_250,0.001137578033352793,0.9988624219666472,1,likely_fake,True,correct
word_char_tfidf,fake_1740,1740,1,fake,Lajm bomb: Arrestohet djali i deputeti te Partis Demokratike,99,short_61_120,0.11682211825283317,0.8831778817471668,1,likely_fake,True,correct
word_char_tfidf,fake_1742,1742,1,fake,A eshte normal ky njeri? Kjo qe tha Mustafo Nano per Kosoven do iu cmend dhe nervozoj,107,short_61_120,0.00030192284812191605,0.9996980771518781,1,likely_fake,True,correct
word_char_tfidf,fake_1746,1746,1,fake,"Hiqen te gjitha dyshimet, Kjo eshte partia e re e formuar nga Vjosa Osmani",98,short_61_120,0.00043363287892739244,0.9995663671210726,1,likely_fake,True,correct
word_char_tfidf,fake_1755,1755,1,fake,Çfarë sinjali po dërgon Ganimete Musliu tek Albin Kurti me një deklaratë të Ramush Haradinajt – përmendet vrasja e Fehmi Aganit!,65,short_61_120,8.914977376761613e-06,0.9999910850226232,1,likely_fake,True,correct
word_char_tfidf,fake_1757,1757,1,fake,"Ngjarje shokuese vjen nga Gjakova , atje sapo ndodhi kjo gje e keqe",69,short_61_120,0.00014982022614973278,0.9998501797738503,1,likely_fake,True,correct
word_char_tfidf,fake_1767,1767,1,fake,"Pamje të rralla, kur Leonora Jakupi shetiste me aeroplan në Drenicë  VIDEO",95,short_61_120,0.6902607774972754,0.30973922250272456,0,uncertain,False,false_negative
word_char_tfidf,fake_1768,1768,1,fake,Paralajmëroj katastrofë në Kosovë: Ja çka thotë Lul Raka,79,short_61_120,0.00031418784257597476,0.999685812157424,1,likely_fake,True,correct
word_char_tfidf,fake_1783,1783,1,fake,"Një bionde kosovare kaq ekzotike, Blerta Veseli çmend me pozat në bikini",66,short_61_120,0.00011589117816102057,0.999884108821839,1,likely_fake,True,correct
word_char_tfidf,fake_1785,1785,1,fake,"Viti 2020 vit i mallkuar, Zbulohet virusi tjeter me i rrezikshme se Koronavirusi",76,short_61_120,4.105989173452951e-05,0.9999589401082655,1,likely_fake,True,correct
word_char_tfidf,fake_1790,1790,1,fake,"Vjen nje goditje e rende per Arben Vitine , edhe kjo u tha per te!",104,short_61_120,0.0007907177730042125,0.9992092822269958,1,likely_fake,True,correct
word_char_tfidf,fake_1795,1795,1,fake,"Nora i deklason të gjitha, shfaqet veç në bikini nga plazhi ekspozon trupin si ‘peshk’",100,short_61_120,0.00551540031239095,0.994484599687609,1,likely_fake,True,correct
word_char_tfidf,fake_1799,1799,1,fake,"Aksidente i rende ne Kosove , vdes ne vend ky person EMRI",67,short_61_120,0.00026273740223714537,0.9997372625977629,1,likely_fake,True,correct
word_char_tfidf,fake_1804,1804,1,fake,ALARMANTE/ Qeveria Hoti po na çon në katastrofë DETAJE EKSKLUZIVE,165,medium_121_250,0.5698981229875102,0.43010187701248986,0,uncertain,False,false_negative
word_char_tfidf,fake_1811,1811,1,fake,Ky turp u dëgjua mbrëmë në Kosovë! Kështu bërtiti serbi,85,short_61_120,0.0022011414612943536,0.9977988585387056,1,likely_fake,True,correct
word_char_tfidf,fake_1814,1814,1,fake,"Ekspertët japin në alarm tjetër të keq: Vala e dytë ne Kosove e Covid-19 do nisë, ja kur",226,medium_121_250,0.002095584048318111,0.9979044159516819,1,likely_fake,True,correct
word_char_tfidf,fake_1815,1815,1,fake,A ekziston Virusi apo jo? Ky eshte lajmi i Fundit,96,short_61_120,0.0027898249955192744,0.9972101750044807,1,likely_fake,True,correct
word_char_tfidf,fake_1819,1819,1,fake,"Kina paralajmëron botën: Keni kujdes, pneumoni vdekjeprurëse nga Kazakistani!",112,short_61_120,0.0027898305071787366,0.9972101694928213,1,likely_fake,True,correct
word_char_tfidf,fake_1820,1820,1,fake,"Shikon nje femije ne liqen, hyn ta shpetoje dhe shok.o.h.et nga ajo qe zbulon",89,short_61_120,1.3608767914452535e-05,0.9999863912320855,1,likely_fake,True,correct
word_char_tfidf,fake_1826,1826,1,fake,"Hoteli 5 yje: 30 euro nata me ‘mëngjes, darkë dhe çadër’, bëhet fjalë për këtë bregdet të Shqipërisë",96,short_61_120,0.0006415312443943666,0.9993584687556056,1,likely_fake,True,correct
word_char_tfidf,fake_1832,1832,1,fake,Publikohen emrat e nëntë aktorëve të ndarjes së Kosovës/ Sali Berisha: Ja trojka kryesore,109,short_61_120,0.0013982563270407145,0.9986017436729593,1,likely_fake,True,correct
word_char_tfidf,fake_1834,1834,1,fake,"Gjendja e Jashtëzakonshme? Flet Hashim Thaçi, ka një thirrje të fundit për qytetarët e Kosovës",109,short_61_120,0.001713282552209705,0.9982867174477903,1,likely_fake,True,correct
word_char_tfidf,fake_1839,1839,1,fake,"Video Eksluzive:U Mundua T’i Prishte Martesën Me Tjetrën, I Shoqi E Tërheq Zvarrë Për Flokësh",104,short_61_120,0.08921689819310008,0.9107831018068999,1,likely_fake,True,correct
word_char_tfidf,fake_1848,1848,1,fake,Me këtë imazh Edona po e dëshmon që vajza po bëhet më e bukur se nëna,96,short_61_120,0.8124227564963784,0.18757724350362162,0,likely_real,False,false_negative
word_char_tfidf,fake_1861,1861,1,fake,"Vetëm një lugë nga kjo përbërje çdo mëngjes dhe zorrët tuaja do të pastrohen nga mbetjet, në 2 minuta!",375,long_gt_250,0.6148102235818701,0.3851897764181299,0,uncertain,False,false_negative
word_char_tfidf,fake_1873,1873,1,fake,Zbulim i ri: Kjo simptomë e re e koronavirusit po shfaqet tek të moshuarit,448,long_gt_250,0.944256859615409,0.055743140384591015,0,likely_real,False,false_negative
word_char_tfidf,fake_1874,1874,1,fake,Si të bini nga pesha në dy javë duke konsumuar vezë të ziera,441,long_gt_250,0.14523578094307288,0.8547642190569271,1,likely_fake,True,correct
word_char_tfidf,fake_1885,1885,1,fake,"Infermierja e infektuar me Covid-19 i lutet kolegëve: Mos më lini të vdes, kam fëmijë",247,medium_121_250,0.7677173215647699,0.23228267843523012,0,likely_real,False,false_negative
word_char_tfidf,fake_1894,1894,1,fake,"Merret nëpërmjet hundës, ky është ilaçi që pritet të kurojë koronavirusin",162,medium_121_250,0.22213957484507096,0.777860425154929,1,likely_fake,True,correct
word_char_tfidf,fake_1898,1898,1,fake,"Për kokë të mamit e kapa”, filmojnë “diskun” e çuditshëm që lëviz nëpër qiellin e Tiranës: Është UFO… e kapa, e kapa për Zotin e Madh!",100,short_61_120,0.007229099344112311,0.9927709006558877,1,likely_fake,True,correct
word_char_tfidf,fake_1904,1904,1,fake,"E mbajti të fshehtë, zbulohet më në fund kush është i dashuri i Fifit",130,medium_121_250,0.17450326317634468,0.8254967368236553,1,likely_fake,True,correct
word_char_tfidf,fake_1906,1906,1,fake,Befason profesori italian: Ka një kurë që e Zhduk Koronavirusin brenda 48 orëve,826,long_gt_250,0.9764777138178429,0.023522286182157175,0,likely_real,False,false_negative
word_char_tfidf,fake_1912,1912,1,fake,"Konfirmohet frika e kancelares Merkel, kjo është duke ndodhur me COVID-19 në Gjermani",206,medium_121_250,0.8085351753419666,0.1914648246580334,0,likely_real,False,false_negative
word_char_tfidf,fake_1913,1913,1,fake,Nuk ua merr mendja sa e bukur është bashkëshortja e Gold Ag,130,medium_121_250,0.24658692879323119,0.7534130712067688,1,likely_fake,True,correct
word_char_tfidf,fake_1917,1917,1,fake,Hëna që ju zgjidhni tregon tipin e personit me të cilin do të dashuroheni,370,long_gt_250,0.9222796603081925,0.07772033969180746,0,likely_real,False,false_negative
word_char_tfidf,fake_1920,1920,1,fake,"Gjethet e limonit, zgjidhja natyrale për problemet me fytin, migrenën dhe astmën!",332,long_gt_250,0.5890213094995133,0.41097869050048674,0,uncertain,False,false_negative
word_char_tfidf,fake_1923,1923,1,fake,"Hoxha i njohur nga Peja: Shkuarja në diskotekë nuk është haram, unë vetëm kam qenë aty",129,medium_121_250,0.3724550656935042,0.6275449343064958,1,uncertain,True,correct
word_char_tfidf,fake_1925,1925,1,fake,"Te gjithe Shqiptaret lene koken pas tyre, por ja se cfare nuk keni ditur per to, kur ta merrni vesh do t’i hani dhe me shume",472,long_gt_250,0.5285079764630352,0.4714920235369649,0,uncertain,False,false_negative
word_char_tfidf,fake_1928,1928,1,fake,Merrini gjethet e rrushit dhe ruajini ne ngrirje te frigoriferit dhe pervec japrakut ju do te beni dhe dicka tjeter fantastike,180,medium_121_250,0.12311308120482745,0.8768869187951726,1,likely_fake,True,correct
word_char_tfidf,fake_1931,1931,1,fake,Rezultoi 100% e suksesshme/ BE mbështet kurën izraelite kundër koronavirusit,171,medium_121_250,0.36889179399191063,0.6311082060080894,1,uncertain,True,correct
word_char_tfidf,fake_1932,1932,1,fake,Flet mjekja shqiptare në Kanada: Si të trajtoni virusin në kushtet e shtëpisë,2376,long_gt_250,0.9998753473621207,0.00012465263787926712,0,likely_real,False,false_negative
word_char_tfidf,fake_1933,1933,1,fake,Erdogan vjen me një paralajmërim për mbarë njerëzimin,77,short_61_120,0.01303486036562207,0.9869651396343779,1,likely_fake,True,correct
word_char_tfidf,fake_1935,1935,1,fake,TRAGJlKE: Këngëtarja e njohur humb tre familjarë në një ditë prej Korona Virus,103,short_61_120,0.10616911858595113,0.8938308814140489,1,likely_fake,True,correct
word_char_tfidf,fake_1938,1938,1,fake,"Nobelisti japonez shokon botën: Koronavirusi u prodhua nga Kina, asnjë prej miqve të mi në Wuhan s’ma hap telefonin",353,long_gt_250,0.8313516695064619,0.1686483304935381,0,likely_real,False,false_negative
word_char_tfidf,fake_1939,1939,1,fake,Vjosa Osmani ia dërgon një “selam” LDK-së pak ditë para votimit të Qeverisë së re..,146,medium_121_250,0.03922647292615966,0.9607735270738403,1,likely_fake,True,correct
word_char_tfidf,fake_1951,1951,1,fake,Peci: Ukaj i tha kryetares Osmani “Ule gishtin se ta fus në b*** e ta…!?”,189,medium_121_250,0.09984072910994624,0.9001592708900538,1,likely_fake,True,correct
word_char_tfidf,fake_1960,1960,1,fake,"LAJMI I FUNDIT: Ky eshte vendimi i Vjosa Osmanit, formon partin e re?",117,short_61_120,0.011938186050292954,0.988061813949707,1,likely_fake,True,correct
word_char_tfidf,fake_1963,1963,1,fake,"Me rrudha dhe e plakur, ‘Nermin’ nuk njihet më!",94,short_61_120,0.00018521336266907884,0.9998147866373309,1,likely_fake,True,correct
word_char_tfidf,fake_1967,1967,1,fake,"Lajm i madh sapo erdhi, nga Gjermania per Kosovën! URIMEE!",81,short_61_120,0.0008393575228364814,0.9991606424771635,1,likely_fake,True,correct
word_char_tfidf,fake_1979,1979,1,fake,Lajm i madh sa erdhi nga Gjermani: Ja kur do të hiqen vizat për Kosovën! URIMEE!,118,short_61_120,0.0010996926825683762,0.9989003073174316,1,likely_fake,True,correct
word_char_tfidf,fake_1982,1982,1,fake,LAJMI I FUNDIT – Grenell merr kete vendim per Kosoven URIME !,106,short_61_120,0.009584368264012322,0.9904156317359877,1,likely_fake,True,correct
word_char_tfidf,fake_1988,1988,1,fake,"E FUNDIT: Harrojeni Koronavirusin, Ngjarje e rende po ndodhe ne Kosove",79,short_61_120,0.02097695276902123,0.9790230472309788,1,likely_fake,True,correct
word_char_tfidf,fake_1991,1991,1,fake,Eskalon gjithqka Gashi- Vjosa Osmanit: A je normal…? – Reagon kryeparlamentarja,120,short_61_120,0.205133352660956,0.794866647339044,1,likely_fake,True,correct
