candidate_id,c_value,article_id,pair_id,label,label_name,title,word_count,length_group,score_type,decision_score_fake,binary_prediction,prediction_correct,error_type
linear_svm_c_1_0,1.0,true_24,24,0,real,"Po, pajtohem me ambasadorin e ShBA-së",391,long_gt_250,Linear SVM decision score (jo probabilitet),-1.4414063003056503,0,True,correct
linear_svm_c_1_0,1.0,true_30,30,0,real,Zemaj: Testi për COVID-19 nuk u kërkohet qytetarëve që vijnë nga Shqipëria dhe Serbia,362,long_gt_250,Linear SVM decision score (jo probabilitet),-1.3166561506888776,0,True,correct
linear_svm_c_1_0,1.0,true_31,31,0,real,Mjeku shqiptar: Mos u ndjeni të mbrojtur apo supermenë vetëm se keni maskë!,175,medium_121_250,Linear SVM decision score (jo probabilitet),-0.8669898051149032,0,True,correct
linear_svm_c_1_0,1.0,true_33,33,0,real,LVV në Tiranë kundër ndryshimeve kushtetuese: Deformojnë vullnetin e qytetarëve dhe sistemin zgjedhor,488,long_gt_250,Linear SVM decision score (jo probabilitet),-0.9668548467367319,0,True,correct
linear_svm_c_1_0,1.0,true_45,45,0,real,BE demanton mediat serbe të cilat raportuan se Brukseli po i jep ultimatum Serbisë për Kosovën,213,medium_121_250,Linear SVM decision score (jo probabilitet),-0.1833222627573226,0,True,correct
linear_svm_c_1_0,1.0,true_46,46,0,real,"Reagon Mimoza Kusari për sulmin ndaj deputetit të VV-së: Kur ju iku marrja, ju iku edhe mendja e gënjejnë pa turp",118,short_61_120,Linear SVM decision score (jo probabilitet),-0.4681803447555977,0,True,correct
linear_svm_c_1_0,1.0,true_50,50,0,real,"Detyrim për test corone në Gjermani, por si funksionon ai?",775,long_gt_250,Linear SVM decision score (jo probabilitet),-1.0185902191360785,0,True,correct
linear_svm_c_1_0,1.0,true_57,57,0,real,"Hoti: Autobusët, taksitë dhe kombibusët do të punojnë me gjysmën e kapaciteteve",65,short_61_120,Linear SVM decision score (jo probabilitet),-0.38894983323929416,0,True,correct
linear_svm_c_1_0,1.0,true_60,60,0,real,33-vjeçarja e sëmurë u përdhunua nga fqinji/ Apeli prekës i vëllait,262,long_gt_250,Linear SVM decision score (jo probabilitet),-0.547497473556525,0,True,correct
linear_svm_c_1_0,1.0,true_64,64,0,real,"Thaçi viziton familjen e Murat dhe Enver Halitit, ndan urdhërin “Hero i Kosovës”",148,medium_121_250,Linear SVM decision score (jo probabilitet),-0.3299207464317117,0,True,correct
linear_svm_c_1_0,1.0,true_66,66,0,real,Gjiganti turk bën gati ofertën zyrtare për djaloshin e Kosovës,209,medium_121_250,Linear SVM decision score (jo probabilitet),-1.0044759839009147,0,True,correct
linear_svm_c_1_0,1.0,true_68,68,0,real,Zemaj e konfirmon: Qytetarëve të Shqipërisë që hyjnë në Kosovë nuk u kërkohet testi Covid-19,190,medium_121_250,Linear SVM decision score (jo probabilitet),-1.048935714311415,0,True,correct
linear_svm_c_1_0,1.0,true_70,70,0,real,"Nis Haxhi, BIK ka një njoftim për besimtarët myslimanë",199,medium_121_250,Linear SVM decision score (jo probabilitet),-0.8172646012305331,0,True,correct
linear_svm_c_1_0,1.0,true_71,71,0,real,"Çfarë kërkuan serbet në Rambuje, e çfarë po kërkon sot Serbia nga Kosova",245,medium_121_250,Linear SVM decision score (jo probabilitet),-0.038136042778419144,0,True,correct
linear_svm_c_1_0,1.0,true_77,77,0,real,Qeveria po na e bëjka varrimin kur të vdesim nga COVID-19...,127,medium_121_250,Linear SVM decision score (jo probabilitet),-0.5619804248891243,0,True,correct
linear_svm_c_1_0,1.0,true_79,79,0,real,Mësoni kush është bashkëshortja e Driton Selmanajt,171,medium_121_250,Linear SVM decision score (jo probabilitet),-0.07783388445637512,0,True,correct
linear_svm_c_1_0,1.0,true_100,100,0,real,Parashikon Albulena Haxhiu: Shpejt shihemi në zgjedhje të jashtëzakonshme,258,long_gt_250,Linear SVM decision score (jo probabilitet),-0.7892035461275382,0,True,correct
linear_svm_c_1_0,1.0,true_101,101,0,real,"Gjurmimi i COVID-19, cilat vende po e përjetojnë valën e dytë?",597,long_gt_250,Linear SVM decision score (jo probabilitet),-0.9300142569950307,0,True,correct
linear_svm_c_1_0,1.0,true_110,110,0,real,"Arbana Xharra: Erdogan ndërton xhami te ne, kurse në Serbi çon biznesmenë",270,long_gt_250,Linear SVM decision score (jo probabilitet),-0.4319514748207302,0,True,correct
linear_svm_c_1_0,1.0,true_112,112,0,real,"Masat kundër pandemisë, qeveria merr vendim edhe për çerdhet",74,short_61_120,Linear SVM decision score (jo probabilitet),-0.8152509240747312,0,True,correct
linear_svm_c_1_0,1.0,true_116,116,0,real,Shtyhet gjykimi ndaj të akuzuarve për vrasjen e rojës së lokalit “Bon Vivant”,1192,long_gt_250,Linear SVM decision score (jo probabilitet),-1.809864277961776,0,True,correct
linear_svm_c_1_0,1.0,true_121,121,0,real,"Makiqi: Zotëri Hashani, kjo që e ke shkruar është rrena më e madhe! Qysh ki fytyrë...",973,long_gt_250,Linear SVM decision score (jo probabilitet),-0.8802213299052994,0,True,correct
linear_svm_c_1_0,1.0,true_124,124,0,real,Ja vendimet e fundit nga Qeveria e Kosovës për aktivitetet kulturore e sportive,101,short_61_120,Linear SVM decision score (jo probabilitet),-0.3876949470111764,0,True,correct
linear_svm_c_1_0,1.0,true_125,125,0,real,"Më në fund, Isa Mustafa e “pranoi” se e prishi koalicionin me VV-në",293,long_gt_250,Linear SVM decision score (jo probabilitet),-0.5430687829887122,0,True,correct
linear_svm_c_1_0,1.0,true_129,129,0,real,"Burri pranon vrasjen e gruas gjatë pushimeve në Francë, para se të merrte avionin për t’u kthyer",365,long_gt_250,Linear SVM decision score (jo probabilitet),-1.036141370843417,0,True,correct
linear_svm_c_1_0,1.0,true_136,136,0,real,“Rrethohet Kuvendi i Kosovës - rrahën e shkallmohen në dajak - Deputetët e VV-së!?”,165,medium_121_250,Linear SVM decision score (jo probabilitet),-0.7412549893438825,0,True,correct
linear_svm_c_1_0,1.0,true_163,163,0,real,Kujtim Shala polemizon me Meliza Haradinajn,179,medium_121_250,Linear SVM decision score (jo probabilitet),-0.5206864608910193,0,True,correct
linear_svm_c_1_0,1.0,true_164,164,0,real,Flet zëvendëskryemistrja: Nuk do të ketë vendim që obligon qytetarët të vetizolohen pas kthimit nga Shqipëria,393,long_gt_250,Linear SVM decision score (jo probabilitet),-0.9234621618400325,0,True,correct
linear_svm_c_1_0,1.0,true_169,169,0,real,Deputetja Albena Reshitaj tregon se është shëruar nga koronavirusi,231,medium_121_250,Linear SVM decision score (jo probabilitet),-0.8419939462594435,0,True,correct
linear_svm_c_1_0,1.0,true_174,174,0,real,"Hashani: Aziz Makiqi, ku keni qenë ju gjatë okupimit?",181,medium_121_250,Linear SVM decision score (jo probabilitet),-0.7289367487948772,0,True,correct
linear_svm_c_1_0,1.0,true_176,176,0,real,"Ministri Reçica viziton OVL-në, të lejohet përfitimi i pensioneve",224,medium_121_250,Linear SVM decision score (jo probabilitet),-0.9467951584586192,0,True,correct
linear_svm_c_1_0,1.0,true_186,186,0,real,Aziz Makiqi: Disa njerëz në FHK kanë bërë çmos të mos na lejojnë t’i afrohemi Federatës,1091,long_gt_250,Linear SVM decision score (jo probabilitet),-1.2583187014493906,0,True,correct
linear_svm_c_1_0,1.0,true_189,189,0,real,Novosti: Tri vende janë të gatshme të rishqyrtojnë vendimin për njohjen e Kosovës,183,medium_121_250,Linear SVM decision score (jo probabilitet),-0.5139620607751954,0,True,correct
linear_svm_c_1_0,1.0,true_195,195,0,real,Ky është deputeti i radhës nga Vetëvendosje i infektuar me COVID-19,97,short_61_120,Linear SVM decision score (jo probabilitet),-0.6364650464519037,0,True,correct
linear_svm_c_1_0,1.0,true_197,197,0,real,Kryetari i Prizrenit “ashpërsohet” me masat e Qeverisë,211,medium_121_250,Linear SVM decision score (jo probabilitet),-1.1893416389397464,0,True,correct
linear_svm_c_1_0,1.0,true_204,204,0,real,"A do të falet Kurban Bajrami në xhami? – Zemaj: Tubimet në masë, nga dita e nesërme do të ndalohen",197,medium_121_250,Linear SVM decision score (jo probabilitet),-0.8365097819175475,0,True,correct
linear_svm_c_1_0,1.0,true_211,211,0,real,Google merr vendimin e papritur për punonjësit e vet,158,medium_121_250,Linear SVM decision score (jo probabilitet),0.0739907953843717,1,False,false_positive
linear_svm_c_1_0,1.0,true_212,212,0,real,"I moshuari nga Ferizaj akuzon shumë rëndë Thaçin dhe Veselin, kërkon të hiqet fotografia e tyre",118,short_61_120,Linear SVM decision score (jo probabilitet),0.18989806959444427,1,False,false_positive
linear_svm_c_1_0,1.0,true_213,213,0,real,"Tetë të vdekur e numër rekord rastesh të reja me COVID-19, vjen alarmi i zyrtarit të LDK-së: Gjendja është shumë serioze",212,medium_121_250,Linear SVM decision score (jo probabilitet),-0.6377216167638178,0,True,correct
linear_svm_c_1_0,1.0,true_219,219,0,real,"Policia ndalon ngjarjen, boksieri shqiptar nuk kursehet: Kush ma paguan...",429,long_gt_250,Linear SVM decision score (jo probabilitet),-1.1546272403449893,0,True,correct
linear_svm_c_1_0,1.0,true_221,221,0,real,"Emocionuese, mërgimtari takohet me prindërit pas pesë vitesh",151,medium_121_250,Linear SVM decision score (jo probabilitet),0.07140075265781642,1,False,false_positive
linear_svm_c_1_0,1.0,true_232,232,0,real,Këshilltari i Bidenit e vlerëson lart Thaçin,170,medium_121_250,Linear SVM decision score (jo probabilitet),0.0929266404182078,1,False,false_positive
linear_svm_c_1_0,1.0,true_234,234,0,real,"“Oj e shkretë”, kështu Vjosa Osmani i përgjigjet Avdullah Hotit",177,medium_121_250,Linear SVM decision score (jo probabilitet),-0.6749471762180257,0,True,correct
linear_svm_c_1_0,1.0,true_238,238,0,real,Mehmeti: Hotin askush nuk e merr për seriozisht,236,medium_121_250,Linear SVM decision score (jo probabilitet),-0.9741086692376941,0,True,correct
linear_svm_c_1_0,1.0,true_240,240,0,real,Raporti evropian: Si e kapën shqiptarët tregun e drogës ne Evropë me çmime të ulëta dhe cilësi të lartë,1495,long_gt_250,Linear SVM decision score (jo probabilitet),-0.8970508577327854,0,True,correct
linear_svm_c_1_0,1.0,true_248,248,0,real,"Cubat e maleve, s'ka kush i bën bashkë?!",624,long_gt_250,Linear SVM decision score (jo probabilitet),-0.5719747575318341,0,True,correct
linear_svm_c_1_0,1.0,true_252,252,0,real,"Flet Jakup Krasniqi pasi rezultoi pozitiv me Covid-19, tregon për gjendjen",108,short_61_120,Linear SVM decision score (jo probabilitet),-0.6378127927260298,0,True,correct
linear_svm_c_1_0,1.0,true_255,255,0,real,"Haradinaj: Nuk e di çfarë ka ndodhur në takimin Hoti-Vuçiq, por nuk besoj se Hoti bëri ndonjë tradhti",253,long_gt_250,Linear SVM decision score (jo probabilitet),-0.4195903799714276,0,True,correct
linear_svm_c_1_0,1.0,true_257,257,0,real,Si u bë feja islame kaq e ‘gjallë’ dhe atraktive!,990,long_gt_250,Linear SVM decision score (jo probabilitet),-1.0186288188103838,0,True,correct
linear_svm_c_1_0,1.0,true_262,262,0,real,Caktohet një muaj paraburgim për 40-vjeçarin që ia preu kokën babait me sëpatë në Fushë Kosovë,171,medium_121_250,Linear SVM decision score (jo probabilitet),-0.6025863217975711,0,True,correct
linear_svm_c_1_0,1.0,true_267,267,0,real,Driton Selmanaj jep lajmin e fundit për kompleksin memorial “Adem Jashari”,153,medium_121_250,Linear SVM decision score (jo probabilitet),-0.44985518122741147,0,True,correct
linear_svm_c_1_0,1.0,true_271,271,0,real,"BE ende pa vendim për rihapjen e kufijve, amerikanët pritet të përjashtohen",480,long_gt_250,Linear SVM decision score (jo probabilitet),-0.9973015582473088,0,True,correct
linear_svm_c_1_0,1.0,true_276,276,0,real,“Gazeta “Bota sot” shkatërron të këqijtë dhe përkrahë vlerat e përjetshme kombëtare”,223,medium_121_250,Linear SVM decision score (jo probabilitet),-0.6744976051407507,0,True,correct
linear_svm_c_1_0,1.0,true_282,282,0,real,"Zogaj: “Bota sot”, zëdhënëse e shqiptarëve për liri",797,long_gt_250,Linear SVM decision score (jo probabilitet),-1.626105444903569,0,True,correct
linear_svm_c_1_0,1.0,true_290,290,0,real,"Përdhunime, aborte… Detaje tronditëse, çfarë ndodh me gratë në burgjet e Koresë së Veriut",249,medium_121_250,Linear SVM decision score (jo probabilitet),-0.883400204655258,0,True,correct
linear_svm_c_1_0,1.0,true_298,298,0,real,Pse këto salca janë më të famshmet në botë?,342,long_gt_250,Linear SVM decision score (jo probabilitet),-1.2145388898971647,0,True,correct
linear_svm_c_1_0,1.0,true_299,299,0,real,"“Kini mëshirë, dua të takoj fëmijët” Thirrja e të moshuarës shqiptare nga kampi sirian",191,medium_121_250,Linear SVM decision score (jo probabilitet),-0.376492941765224,0,True,correct
linear_svm_c_1_0,1.0,true_301,301,0,real,Zvicra nuk e përjashton testimin e detyrueshëm në aeroporte,433,long_gt_250,Linear SVM decision score (jo probabilitet),-0.3632204132098779,0,True,correct
linear_svm_c_1_0,1.0,true_304,304,0,real,Llapi angazhon trajner nga Afrika e Jugut,324,long_gt_250,Linear SVM decision score (jo probabilitet),-1.0509422548182297,0,True,correct
linear_svm_c_1_0,1.0,true_306,306,0,real,"Pavarësisht masave kundër COVID-19, xhamitë mbeten të hapura, të premten falet namazi i Kurban Bajramit",282,long_gt_250,Linear SVM decision score (jo probabilitet),-0.6758235060064999,0,True,correct
linear_svm_c_1_0,1.0,true_307,307,0,real,"Shkuan t’i prangosin, por komisionerët kishin vdekur! Kreu i SPAK: Nuk ishin ç’regjistruar, hetimi ishte sekret",341,long_gt_250,Linear SVM decision score (jo probabilitet),-0.798079623167774,0,True,correct
linear_svm_c_1_0,1.0,true_308,308,0,real,"Pesë muaj pasi u dogj në veturë, presidenti Thaçi e shpall hero Qerim Kelmendin",201,medium_121_250,Linear SVM decision score (jo probabilitet),-0.4760817098476689,0,True,correct
linear_svm_c_1_0,1.0,true_317,317,0,real,Bastoret parashikojnë fituesin e Kupës së Kosovës,336,long_gt_250,Linear SVM decision score (jo probabilitet),-1.041061507235402,0,True,correct
linear_svm_c_1_0,1.0,true_323,323,0,real,Lautaro Martinez shënon gol të çmendur kundër Napolit,65,short_61_120,Linear SVM decision score (jo probabilitet),-0.009124228056775097,0,True,correct
linear_svm_c_1_0,1.0,true_325,325,0,real,Ekskluzive: Flet protagonistja e videos virale “O shac”,293,long_gt_250,Linear SVM decision score (jo probabilitet),-0.08546401278115551,0,True,correct
linear_svm_c_1_0,1.0,true_332,332,0,real,"Goditje e rëndë për Arsenalin, Shkodran Mustafi mungon deri në tetor",163,medium_121_250,Linear SVM decision score (jo probabilitet),-0.6130850181538501,0,True,correct
linear_svm_c_1_0,1.0,true_343,343,0,real,"“Përplasje fizike LDK-VV në Kuvend”, Gashi mohon të ketë pasur incident",104,short_61_120,Linear SVM decision score (jo probabilitet),-0.6751376774544826,0,True,correct
linear_svm_c_1_0,1.0,true_345,345,0,real,"Fieraku lind me 6 gishta e probleme mendore, prindërit shpërthejnë në lot: Na dhunon, mos të ishin komshinjtë, sot do kishim 2 varre!",765,long_gt_250,Linear SVM decision score (jo probabilitet),-0.4809583732119152,0,True,correct
linear_svm_c_1_0,1.0,true_351,351,0,real,Lë punën shitësi që nuk bëri asnjë ditë pushim për 38 vite radhazi,200,medium_121_250,Linear SVM decision score (jo probabilitet),0.14377920391426613,1,False,false_positive
linear_svm_c_1_0,1.0,true_352,352,0,real,"‘Do vriste katër persona’, policia aksion për kapjen e një të dënuari, në kërkim prej 5 vitesh. Ja ku u gjet",202,medium_121_250,Linear SVM decision score (jo probabilitet),-0.8875560566167171,0,True,correct
linear_svm_c_1_0,1.0,true_353,353,0,real,"Valbon Krasniqi: Jemi keq, i lus qytetarët të jenë të kujdesshëm",450,long_gt_250,Linear SVM decision score (jo probabilitet),-1.0998797483124845,0,True,correct
linear_svm_c_1_0,1.0,true_354,354,0,real,Aksident i rëndë në Prizren: Çiklisti goditet nga një veturë e cila e hedh disa metra larg,158,medium_121_250,Linear SVM decision score (jo probabilitet),-0.6215146855903535,0,True,correct
linear_svm_c_1_0,1.0,true_355,355,0,real,"Andy Ruiz reklamon transformimin, para kthimit në ring",162,medium_121_250,Linear SVM decision score (jo probabilitet),-0.2217116706951156,0,True,correct
linear_svm_c_1_0,1.0,true_362,362,0,real,Protestojnë artistët: Askush nuk mund ta rishkruajë Historinë e Kosovës,184,medium_121_250,Linear SVM decision score (jo probabilitet),-0.399356078499657,0,True,correct
linear_svm_c_1_0,1.0,true_367,367,0,real,“100 € për shërbim ekstra” Si i zbuloi agjenti i infiltruar 3 qendra estetike prostitucioni,652,long_gt_250,Linear SVM decision score (jo probabilitet),-0.7087317050619024,0,True,correct
linear_svm_c_1_0,1.0,true_368,368,0,real,"“Gjuhen” me fjalë, Rina Balaj e Erza Jusaj",252,long_gt_250,Linear SVM decision score (jo probabilitet),-0.9912036263890727,0,True,correct
linear_svm_c_1_0,1.0,true_369,369,0,real,Haziri i ashpërson kritikat ndaj Hotit: Nuk jam kryetar për të numëruar të vdekurit nga Covid-19,266,long_gt_250,Linear SVM decision score (jo probabilitet),-1.0743360606113852,0,True,correct
linear_svm_c_1_0,1.0,true_375,375,0,real,"Nga abstenimi i Xhafës tek ‘mungesa’ e Elisës, si u votua për shkarkimin e Metës",198,medium_121_250,Linear SVM decision score (jo probabilitet),-0.5558679763605865,0,True,correct
linear_svm_c_1_0,1.0,true_383,383,0,real,"Gjermania vendi më i pëlqyer në botë, lë pas SHBA, Kinën dhe Rusinë",230,medium_121_250,Linear SVM decision score (jo probabilitet),-0.5443032117805122,0,True,correct
linear_svm_c_1_0,1.0,true_384,384,0,real,"Edi Rama ia uron Lorik Canës ditëlindjen, paralajmëron bashkim kombëtar",451,long_gt_250,Linear SVM decision score (jo probabilitet),-0.8298653415190795,0,True,correct
linear_svm_c_1_0,1.0,true_394,394,0,real,Gjermania refuzon propozimin e Trumpit për lejimin e kthimit të Rusisë në Grupin G7,247,medium_121_250,Linear SVM decision score (jo probabilitet),-0.1885385389258148,0,True,correct
linear_svm_c_1_0,1.0,true_395,395,0,real,"Njihuni me fshatin ku paraja dhe pushteti nuk kanë vlerë, çdo gjë falas",272,long_gt_250,Linear SVM decision score (jo probabilitet),-0.8158118883988938,0,True,correct
linear_svm_c_1_0,1.0,true_412,412,0,real,"Ischinger lobon për heqjen e vizave, von Cramon i reagon: Mos harro t’ua thash këtë Macronit dhe Rutte’s",170,medium_121_250,Linear SVM decision score (jo probabilitet),0.08690099935608392,1,False,false_positive
linear_svm_c_1_0,1.0,true_415,415,0,real,Takimi Vuçiq – Vahrleyi u zhvillua në zyrat e misionit serb – aty ishte libri që ka në titull fjalët “Kosova dhe Metohia”,165,medium_121_250,Linear SVM decision score (jo probabilitet),-0.6736906518606414,0,True,correct
linear_svm_c_1_0,1.0,true_417,417,0,real,"Vdesin 2 persona nga covid19 në Shqipëri, shkon në 53 numri i qytetarëve që kanë humbur jetën",87,short_61_120,Linear SVM decision score (jo probabilitet),-0.7668441259176566,0,True,correct
linear_svm_c_1_0,1.0,true_423,423,0,real,Kryeprokurori: Ende s’dihet nëse Agon Musliu bëri vetëvrasje apo dikush e shtyri në vrasje,424,long_gt_250,Linear SVM decision score (jo probabilitet),-1.3316823671703468,0,True,correct
linear_svm_c_1_0,1.0,true_428,428,0,real,Grenell lajmërohet për takimin në Washington: Kosova dhe Serbia duhet ta shfrytëzojnë këtë mundësi,205,medium_121_250,Linear SVM decision score (jo probabilitet),-0.17601084256214677,0,True,correct
linear_svm_c_1_0,1.0,true_430,430,0,real,"Labi: 87 vjeçares nga Istogu që mbeti e vetme 30 vjet më parë, pension 200 euro që prej sot",398,long_gt_250,Linear SVM decision score (jo probabilitet),-1.0147493083920274,0,True,correct
linear_svm_c_1_0,1.0,true_433,433,0,real,Kek super i butë – Shije e lehtë fantastike,449,long_gt_250,Linear SVM decision score (jo probabilitet),-0.4383004485871584,0,True,correct
linear_svm_c_1_0,1.0,true_434,434,0,real,​FSSHK kërkon në kuadër të rishikimit të buxhetit të aprovohet edhe shtesa në paga,192,medium_121_250,Linear SVM decision score (jo probabilitet),-0.8668196043402037,0,True,correct
linear_svm_c_1_0,1.0,true_439,439,0,real,"Dikur jetoi në shpellë, sot është një nga liderët më të fuqishëm në botë",1196,long_gt_250,Linear SVM decision score (jo probabilitet),-1.3206386277472428,0,True,correct
linear_svm_c_1_0,1.0,true_451,451,0,real,"Kaq të rinjë prindërit e Taynes, sikur t’i kishte vëlla e motër",139,medium_121_250,Linear SVM decision score (jo probabilitet),-0.5534224700577748,0,True,correct
linear_svm_c_1_0,1.0,true_454,454,0,real,Disa arsye se përse nuk duhet të flini përmbys,210,medium_121_250,Linear SVM decision score (jo probabilitet),-0.6539725930324964,0,True,correct
linear_svm_c_1_0,1.0,true_463,463,0,real,"Gjyste Vulaj sfidon moshën, me foton e fundit la edhe njëherë nën hije vajzat e reja",113,short_61_120,Linear SVM decision score (jo probabilitet),-0.23911338777842456,0,True,correct
linear_svm_c_1_0,1.0,true_465,465,0,real,Zgjerimi i familjes? Milot Rashica flet për planet,70,short_61_120,Linear SVM decision score (jo probabilitet),0.06670790216764955,1,False,false_positive
linear_svm_c_1_0,1.0,true_472,472,0,real,"Elsa, vajza e Safetes jo veç këngëtare, ky është profesioni tjetër i saj",118,short_61_120,Linear SVM decision score (jo probabilitet),-1.000896874303135,0,True,correct
linear_svm_c_1_0,1.0,true_479,479,0,real,Mustafa i reagon VV-së: Akademik Kujtim Shala me dije…,168,medium_121_250,Linear SVM decision score (jo probabilitet),-0.7751104193514537,0,True,correct
linear_svm_c_1_0,1.0,true_480,480,0,real,Sa palë syza ka Leonora Jakupi,106,short_61_120,Linear SVM decision score (jo probabilitet),-0.5433859752683934,0,True,correct
linear_svm_c_1_0,1.0,true_481,481,0,real,Vjollca Haxhiu realizon foto të bukur në Dubai,77,short_61_120,Linear SVM decision score (jo probabilitet),-0.19869624632573585,0,True,correct
linear_svm_c_1_0,1.0,true_483,483,0,real,Ky burrë e ha specin më të djegës në botë pa pirë asgjë,133,medium_121_250,Linear SVM decision score (jo probabilitet),-0.5874236667412172,0,True,correct
linear_svm_c_1_0,1.0,true_486,486,0,real,Miss Valentina shfaqet superseksi me të zeza,62,short_61_120,Linear SVM decision score (jo probabilitet),-0.4024796687101619,0,True,correct
linear_svm_c_1_0,1.0,true_495,495,0,real,"‘Eh moj Sara Hoxha mbas 5 vitesh, kur ta kapësh duke të të tradhtuar këtë laper’",238,medium_121_250,Linear SVM decision score (jo probabilitet),-0.4655635911362935,0,True,correct
linear_svm_c_1_0,1.0,true_496,496,0,real,Në këto komuna janë konfirmuar 276 rastet e reja me koronavirus,113,short_61_120,Linear SVM decision score (jo probabilitet),-0.8611829681731422,0,True,correct
linear_svm_c_1_0,1.0,true_508,508,0,real,Trajneri i njohur shqiptar ndërron jetë shkaku i Koronavirusit,128,medium_121_250,Linear SVM decision score (jo probabilitet),-0.5710509398978276,0,True,correct
linear_svm_c_1_0,1.0,true_515,515,0,real,"Është 53 vjeç, por në këtë foto Eli Fara duket si një vajzë e re",102,short_61_120,Linear SVM decision score (jo probabilitet),-0.8645746384310589,0,True,correct
linear_svm_c_1_0,1.0,true_520,520,0,real,Cilat janë simptomat që tregojnë nëse e keni kaluar koronavirusin,272,long_gt_250,Linear SVM decision score (jo probabilitet),0.09877265941772617,1,False,false_positive
linear_svm_c_1_0,1.0,true_527,527,0,real,Sa shumë kanë ndryshuar aktorët e serialit “Kloni”,134,medium_121_250,Linear SVM decision score (jo probabilitet),-0.6795492322245744,0,True,correct
linear_svm_c_1_0,1.0,true_528,528,0,real,"Një yll si Oriola Marashi, ndriçon edhe në mbrëmje",110,short_61_120,Linear SVM decision score (jo probabilitet),-0.822693248434389,0,True,correct
linear_svm_c_1_0,1.0,true_530,530,0,real,Morena ‘rrëzohet’ në rrafsh,63,short_61_120,Linear SVM decision score (jo probabilitet),-0.3861008640503362,0,True,correct
linear_svm_c_1_0,1.0,true_531,531,0,real,"Ndërron jetë edhe një person i infektuar me Covid-19, nga Peja",57,very_short_le_60,Linear SVM decision score (jo probabilitet),-0.5812236402244617,0,True,correct
linear_svm_c_1_0,1.0,true_535,535,0,real,Loredana: Zemër ty a të ka marrë malli?,154,medium_121_250,Linear SVM decision score (jo probabilitet),-0.8606421645452977,0,True,correct
linear_svm_c_1_0,1.0,true_536,536,0,real,Arta Bajrami me çizme të gjata në pikë të verës,87,short_61_120,Linear SVM decision score (jo probabilitet),-0.39210665164625275,0,True,correct
linear_svm_c_1_0,1.0,true_539,539,0,real,"Bukë me vaj, djathë e domate, pushuesi ndan fotot modeste nga Spilleja: Kaq kemi mundësi…",166,medium_121_250,Linear SVM decision score (jo probabilitet),0.3199005716891233,1,False,false_positive
linear_svm_c_1_0,1.0,true_544,544,0,real,"Besojeni ose jo, kjo ndërtesë nuk u shemb as me 300 kilogram tritol",72,short_61_120,Linear SVM decision score (jo probabilitet),-0.5318178759818528,0,True,correct
linear_svm_c_1_0,1.0,true_545,545,0,real,Zyrtarja e huaj: Gratë mund të mbesin shtatzëna nëse notojnë bashkë me burrat,203,medium_121_250,Linear SVM decision score (jo probabilitet),-0.1490967792444889,0,True,correct
linear_svm_c_1_0,1.0,true_553,553,0,real,MIloti e xhiron Edonën prapa kamerave,86,short_61_120,Linear SVM decision score (jo probabilitet),-1.1127025628277023,0,True,correct
linear_svm_c_1_0,1.0,true_555,555,0,real,Atletes i ndodh e papritura gjatë ushtrimeve në palestër,88,short_61_120,Linear SVM decision score (jo probabilitet),-0.5614008640346486,0,True,correct
linear_svm_c_1_0,1.0,true_556,556,0,real,"Vila e Esat pashë Toptanit, në fshatin Reth të Durrësit",283,long_gt_250,Linear SVM decision score (jo probabilitet),-0.9667562854078702,0,True,correct
linear_svm_c_1_0,1.0,true_571,571,0,real,Kështu e zuri babai i saj Shyhreten me të dashurin,212,medium_121_250,Linear SVM decision score (jo probabilitet),-0.614729052348606,0,True,correct
linear_svm_c_1_0,1.0,true_573,573,0,real,"Thënie të Ibrahim Rugovës: Kokën mund të ma ndërrojnë, por mendimin kurrë!",461,long_gt_250,Linear SVM decision score (jo probabilitet),-0.8135914497022325,0,True,correct
linear_svm_c_1_0,1.0,true_580,580,0,real,"Dua Lipa lanson këngën e re, Tokyo e ‘Casa de Papel’ shkëlqen në videoklip",129,medium_121_250,Linear SVM decision score (jo probabilitet),-0.46356442621353616,0,True,correct
linear_svm_c_1_0,1.0,true_582,582,0,real,"Sërish viza gjermane për ata me kontratë pune, por edhe pengesa",1095,long_gt_250,Linear SVM decision score (jo probabilitet),-0.7788138068560133,0,True,correct
linear_svm_c_1_0,1.0,true_583,583,0,real,Covid-19 u merr jetën dy mjekëve kosovarë,241,medium_121_250,Linear SVM decision score (jo probabilitet),-0.6397153487351099,0,True,correct
linear_svm_c_1_0,1.0,true_584,584,0,real,Adelina e tepron me fustanin e shkurtër,76,short_61_120,Linear SVM decision score (jo probabilitet),-0.9944361708681397,0,True,correct
linear_svm_c_1_0,1.0,true_585,585,0,real,"Sejdiu i gatshëm të kandidojë për president, nëse dorëhiqet Thaçi",152,medium_121_250,Linear SVM decision score (jo probabilitet),-0.0848311861568965,0,True,correct
linear_svm_c_1_0,1.0,true_586,586,0,real,Menjëherë fshijeni nësë ju vjen ky mesazh në telefon,206,medium_121_250,Linear SVM decision score (jo probabilitet),0.3916401980543477,1,False,false_positive
linear_svm_c_1_0,1.0,true_592,592,0,real,"Kejvina bombastike, merr gjithë vëmendjen me paraqitjen e fundit!",90,short_61_120,Linear SVM decision score (jo probabilitet),0.1778105094744828,1,False,false_positive
linear_svm_c_1_0,1.0,true_600,600,0,real,Gjashtë simptomat të lehta të Coronavirust që duhet t’i dini,1467,long_gt_250,Linear SVM decision score (jo probabilitet),-0.9375301952678121,0,True,correct
linear_svm_c_1_0,1.0,true_603,603,0,real,Krasniqi: Sot i kemi sjell para falimentimit të gjithë gastronomët e Kosovës,401,long_gt_250,Linear SVM decision score (jo probabilitet),-1.1252111170971437,0,True,correct
linear_svm_c_1_0,1.0,true_608,608,0,real,Pse duhet të konsumoni limon çdo ditë?,170,medium_121_250,Linear SVM decision score (jo probabilitet),-0.15859727261945705,0,True,correct
linear_svm_c_1_0,1.0,true_611,611,0,real,"E pabesueshme, por ky do jetë çmimi i vaksinës për trajtimin e Covid 19",187,medium_121_250,Linear SVM decision score (jo probabilitet),-0.3460566984594589,0,True,correct
linear_svm_c_1_0,1.0,true_612,612,0,real,A do të zgjatet leja për punëtorët nga Kosova në Gjermani?,163,medium_121_250,Linear SVM decision score (jo probabilitet),-0.5585282130571891,0,True,correct
linear_svm_c_1_0,1.0,true_614,614,0,real,Vjen edhe reagimi i Leonora Jakupit për ndërtimin e xhamisë në Prishtinë,75,short_61_120,Linear SVM decision score (jo probabilitet),-1.031964869019481,0,True,correct
linear_svm_c_1_0,1.0,true_618,618,0,real,Haradinaj “godet” Hotin: Pse nuk e pyete edhe ti Vuçiqin a din shqip?,244,medium_121_250,Linear SVM decision score (jo probabilitet),-0.406894517730571,0,True,correct
linear_svm_c_1_0,1.0,true_619,619,0,real,"Haradinaj paralajmëron prishjen e koalicionit, i pakënaqur me Kryeministrin Hoti",167,medium_121_250,Linear SVM decision score (jo probabilitet),-0.44006949742897833,0,True,correct
linear_svm_c_1_0,1.0,true_621,621,0,real,Isa Mustafa shërohet nga koronavirusi,140,medium_121_250,Linear SVM decision score (jo probabilitet),0.0560548110387602,1,False,false_positive
linear_svm_c_1_0,1.0,true_629,629,0,real,Tetë anesteziologë të QKUK-së infektohen me koronavirus,436,long_gt_250,Linear SVM decision score (jo probabilitet),-0.9429256421749381,0,True,correct
linear_svm_c_1_0,1.0,true_631,631,0,real,4 mënyra natyrale si të largoni rrudhat nga fytyra,476,long_gt_250,Linear SVM decision score (jo probabilitet),0.1786538056812479,1,False,false_positive
linear_svm_c_1_0,1.0,true_638,638,0,real,Vjen një lajm i mirë për veteranët e UÇK-së,132,medium_121_250,Linear SVM decision score (jo probabilitet),-0.7181144912633055,0,True,correct
linear_svm_c_1_0,1.0,true_652,652,0,real,Adea Pules i del kuki prej vendit,93,short_61_120,Linear SVM decision score (jo probabilitet),-0.8822329806317022,0,True,correct
linear_svm_c_1_0,1.0,true_655,655,0,real,"Nëse i fsheh paratë në këto 8 vende, zëre se nuk i ke fare!",277,long_gt_250,Linear SVM decision score (jo probabilitet),-0.021849021289839843,0,True,correct
linear_svm_c_1_0,1.0,true_671,671,0,real,Kosova hiqet nga harta – Dua Lipa nënshkruan peticionin,100,short_61_120,Linear SVM decision score (jo probabilitet),-0.8244636318765652,0,True,correct
linear_svm_c_1_0,1.0,true_675,675,0,real,A është Fifi në lidhje? Përgjigjet këngëtarja,55,very_short_le_60,Linear SVM decision score (jo probabilitet),-0.09699039737416998,0,True,correct
linear_svm_c_1_0,1.0,true_679,679,0,real,"Duke punuar kopshtin, çifti gjen kasafortën me mijëra dollarë e stoli ari",146,medium_121_250,Linear SVM decision score (jo probabilitet),0.144660071707503,1,False,false_positive
linear_svm_c_1_0,1.0,true_680,680,0,real,Fitore Pacolli: Shpallja e gjendjes së jashtëzakonshme siç po ka dëshirë qeveria Hoti nuk është zgjidhje,394,long_gt_250,Linear SVM decision score (jo probabilitet),-1.0079767754957194,0,True,correct
linear_svm_c_1_0,1.0,true_694,694,0,real,Nora Istrefi më në fund merr një vendim në lidhje me Robertin,117,short_61_120,Linear SVM decision score (jo probabilitet),0.37260147313507924,1,False,false_positive
linear_svm_c_1_0,1.0,true_702,702,0,real,Turku ia mbush dhomën me dhurata të shtrenjta Gentës,113,short_61_120,Linear SVM decision score (jo probabilitet),-0.628321524372486,0,True,correct
linear_svm_c_1_0,1.0,true_713,713,0,real,Shkencëtaret kinez: Covid-19 u shfaq për herë të parë në Spanjë,234,medium_121_250,Linear SVM decision score (jo probabilitet),-0.3307162743168555,0,True,correct
linear_svm_c_1_0,1.0,true_721,721,0,real,Genci ia dedikon këto fjalë të bukura Enit me rastin e ditëlindjes,198,medium_121_250,Linear SVM decision score (jo probabilitet),-0.6451266070751212,0,True,correct
linear_svm_c_1_0,1.0,true_731,731,0,real,Kështu dukej Egzona para se të dashurohej me Albatritin,101,short_61_120,Linear SVM decision score (jo probabilitet),-0.9219144340411163,0,True,correct
linear_svm_c_1_0,1.0,true_744,744,0,real,Vajza e ish-kryeministrit Bajram Rexhepi nuk lejohet nga e ëma t’i hyjë politikës,229,medium_121_250,Linear SVM decision score (jo probabilitet),-0.6008185677351048,0,True,correct
linear_svm_c_1_0,1.0,true_745,745,0,real,Me këtë fustan del në park Qëndresa e Labit,89,short_61_120,Linear SVM decision score (jo probabilitet),-0.17805010752771327,0,True,correct
linear_svm_c_1_0,1.0,true_747,747,0,real,Endrit Thaçi reagon pasi Gjykata Speciale ngriti aktakuzë ndaj babait të tij,92,short_61_120,Linear SVM decision score (jo probabilitet),-0.2988706044574813,0,True,correct
linear_svm_c_1_0,1.0,true_756,756,0,real,Angela Martini nuk i ndalë provokimet as në jaht,87,short_61_120,Linear SVM decision score (jo probabilitet),-0.5356781198869651,0,True,correct
linear_svm_c_1_0,1.0,true_758,758,0,real,Aq shumë iu ka rritur gjoksi sa që Oriola Marashi po e mban me duar,98,short_61_120,Linear SVM decision score (jo probabilitet),-0.531796553494553,0,True,correct
linear_svm_c_1_0,1.0,true_760,760,0,real,Do të befasoheni se çfarë të vërtetash fshehen prapa serialeve turke,297,long_gt_250,Linear SVM decision score (jo probabilitet),-0.46556673449762814,0,True,correct
linear_svm_c_1_0,1.0,true_765,765,0,real,"Sasa e “O sa mirë” plotë jetë, vitet thjeshtë numra janë për të",57,very_short_le_60,Linear SVM decision score (jo probabilitet),-0.35506195811932345,0,True,correct
linear_svm_c_1_0,1.0,true_772,772,0,real,"Dhimbjet që mendoni se i keni nga dhëmbët, por në fakt kanë të bëjë me diçka tjetër",445,long_gt_250,Linear SVM decision score (jo probabilitet),-0.4398808024425623,0,True,correct
linear_svm_c_1_0,1.0,true_781,781,0,real,Reperja e njohur e publikon nga afër tatuazhin në pjesën e të pasmeve,105,short_61_120,Linear SVM decision score (jo probabilitet),-0.6137386971287297,0,True,correct
linear_svm_c_1_0,1.0,true_783,783,0,real,"“Nëntori i dytë”, ja pse u hoq pjesa kur Isa Boletini luftonte me serbët",1952,long_gt_250,Linear SVM decision score (jo probabilitet),-1.8838952995689349,0,True,correct
linear_svm_c_1_0,1.0,true_786,786,0,real,Ekskluzive: Alfred Cako zbulon vaksinën e Covid19 që shkakton vdekje dhe ndalon lindjet,46,very_short_le_60,Linear SVM decision score (jo probabilitet),0.5291442974477045,1,False,false_positive
linear_svm_c_1_0,1.0,true_788,788,0,real,"Infekton 76 të ftuar me koronavirus babai i nuses, dasma kthehet në rast studimi",238,medium_121_250,Linear SVM decision score (jo probabilitet),-0.061011606756952,0,True,correct
linear_svm_c_1_0,1.0,true_789,789,0,real,Ivanka Trump në secilën paraqitje pa sytjena,68,short_61_120,Linear SVM decision score (jo probabilitet),-0.271556403419083,0,True,correct
linear_svm_c_1_0,1.0,true_793,793,0,real,"Trusti s’do pengojë tërheqjen e kursimeve, kompensimi nga qeveria jo për të gjithë",942,long_gt_250,Linear SVM decision score (jo probabilitet),-1.1476420010725252,0,True,correct
linear_svm_c_1_0,1.0,true_803,803,0,real,"Ambasada e SHBA-së në Kosovë apelon për kujdes, tubimi paqësor i LVV-së mund të bëhet i dhunshëm",263,long_gt_250,Linear SVM decision score (jo probabilitet),-0.9367567501430483,0,True,correct
linear_svm_c_1_0,1.0,true_808,808,0,real,"Avdyli i del në krahë Osmanit: Kur do flasim ne të vertetën, atëherë keni me mbetë pa fjalë",244,medium_121_250,Linear SVM decision score (jo probabilitet),0.047775286043061416,1,False,false_positive
linear_svm_c_1_0,1.0,true_809,809,0,real,Gëzimja përgatit tortën më të bukur për vajzën,86,short_61_120,Linear SVM decision score (jo probabilitet),0.050463926733622766,1,False,false_positive
linear_svm_c_1_0,1.0,true_825,825,0,real,"Pasi u propozua për kryeministër konsensual Murat Jashari, vjen edhe reagimi nga Familja Jashari",258,long_gt_250,Linear SVM decision score (jo probabilitet),-0.16393625578235033,0,True,correct
linear_svm_c_1_0,1.0,true_830,830,0,real,Vjosa Osmani mbështet masat e reja të Albin Kurtit kundër Serbisë,221,medium_121_250,Linear SVM decision score (jo probabilitet),-0.3356294994784144,0,True,correct
linear_svm_c_1_0,1.0,true_833,833,0,real,"Horoskopi, e shtunë 30 maj 2020",529,long_gt_250,Linear SVM decision score (jo probabilitet),-0.9237494496726306,0,True,correct
linear_svm_c_1_0,1.0,true_835,835,0,real,"Veton Surroi mbetet pa tekst, ky është reagimi i tij për aktgjykimin",115,short_61_120,Linear SVM decision score (jo probabilitet),0.1458798917479644,1,False,false_positive
linear_svm_c_1_0,1.0,true_856,856,0,real,​ Nesër në Bruksel mbahet takimi i ekspertëve,60,very_short_le_60,Linear SVM decision score (jo probabilitet),-0.6590700685046709,0,True,correct
linear_svm_c_1_0,1.0,true_858,858,0,real,Qeveria ua heq kartonin e gjelbër atyre që hyjnë në Kosovë,185,medium_121_250,Linear SVM decision score (jo probabilitet),-1.3779069044936925,0,True,correct
linear_svm_c_1_0,1.0,true_863,863,0,real,Ministri Zemaj komenton fotografin e Skender Hysenit pa maskë,223,medium_121_250,Linear SVM decision score (jo probabilitet),-1.3182084416472086,0,True,correct
linear_svm_c_1_0,1.0,true_875,875,0,real,"Granata e gjetur te vendpunishtja e Xhamisë së Madhe, e kohës së Luftës së Dytë Botërore",107,short_61_120,Linear SVM decision score (jo probabilitet),-0.9872598700293314,0,True,correct
linear_svm_c_1_0,1.0,true_880,880,0,real,"Shtyhet raportimi i Agim Veliut në Komisionin për Siguri, polemika mes deputetëve",356,long_gt_250,Linear SVM decision score (jo probabilitet),-1.1494751598154431,0,True,correct
linear_svm_c_1_0,1.0,true_887,887,0,real,"Vendet që morën nën kontroll pandeminë coronavirus, tani prapë po përballen me të",1294,long_gt_250,Linear SVM decision score (jo probabilitet),-1.0326842938000351,0,True,correct
linear_svm_c_1_0,1.0,true_888,888,0,real,Debat i nxehtë në Komisionin për Punë të Jashtme - VIDEO,71,short_61_120,Linear SVM decision score (jo probabilitet),-0.7614105985482607,0,True,correct
linear_svm_c_1_0,1.0,true_889,889,0,real,Rrahjet mes deputetëve ndër vite në Kuvendin e Kosovës,721,long_gt_250,Linear SVM decision score (jo probabilitet),-1.374481908773126,0,True,correct
linear_svm_c_1_0,1.0,true_890,890,0,real,Qeveria heq dorë nga vendimi për izolimin e atyre që kthehen nga Shqipëria!,178,medium_121_250,Linear SVM decision score (jo probabilitet),-0.768392011170089,0,True,correct
linear_svm_c_1_0,1.0,true_906,906,0,real,Oda Ekonomike kërkon të digjitalizohen disa shërbime dhe të licencohen laboratoret private,439,long_gt_250,Linear SVM decision score (jo probabilitet),-0.20602820796753823,0,True,correct
linear_svm_c_1_0,1.0,true_907,907,0,real,Prishtina edhe sot komuna me më së shumti raste me COVID-19,128,medium_121_250,Linear SVM decision score (jo probabilitet),-0.9356358092990218,0,True,correct
linear_svm_c_1_0,1.0,true_908,908,0,real,Arrestohet gjilanasi për mashtrim me shitje të banesës,95,short_61_120,Linear SVM decision score (jo probabilitet),-0.7174750073706098,0,True,correct
linear_svm_c_1_0,1.0,true_910,910,0,real,Fati i medias më të lexuar në Hungari Index në pikëpyetje pas largimit të shumicës së gazetarëve,349,long_gt_250,Linear SVM decision score (jo probabilitet),-0.9160133419836549,0,True,correct
linear_svm_c_1_0,1.0,true_917,917,0,real,"Hoti: Situata po përkeqësohet, stafi shëndetësor i FSK-së do të integrohet në Ministri të Shëndetësisë",271,long_gt_250,Linear SVM decision score (jo probabilitet),-1.0650962473387946,0,True,correct
linear_svm_c_1_0,1.0,true_931,931,0,real,Auditori: Policët ushtrojnë pozitat e punës në mospërputhje me gradat,382,long_gt_250,Linear SVM decision score (jo probabilitet),-1.0640117720279028,0,True,correct
linear_svm_c_1_0,1.0,true_938,938,0,real,Partia Socialiste tërhiqet nga shkarkimi i Ilir Metës,474,long_gt_250,Linear SVM decision score (jo probabilitet),-0.8500298030783688,0,True,correct
linear_svm_c_1_0,1.0,true_939,939,0,real,Philip Morris lejohet të komunikojë se IQOS redukton ekspozimin e dëmshëm,414,long_gt_250,Linear SVM decision score (jo probabilitet),-0.30129889131275983,0,True,correct
linear_svm_c_1_0,1.0,true_945,945,0,real,Rekord i ri me raste pozitive me COVID-19 në Kosovë,216,medium_121_250,Linear SVM decision score (jo probabilitet),-1.0947826588023952,0,True,correct
linear_svm_c_1_0,1.0,true_950,950,0,real,Hoti: Jemi në diskutime që rruga nacionale Prishtinë-Mitrovicë të shndërrohet në rrugë ndërkombëtare,263,long_gt_250,Linear SVM decision score (jo probabilitet),-0.8759179618135509,0,True,correct
linear_svm_c_1_0,1.0,true_965,965,0,real,VIDEO: Vetura zyrtare në vikend merr udhë për kositje të barit,85,short_61_120,Linear SVM decision score (jo probabilitet),-0.5790850623844219,0,True,correct
linear_svm_c_1_0,1.0,true_966,966,0,real,Pneumologu kosovar tregon si zhvillohet pneumonia te pacientët me COVID-19,620,long_gt_250,Linear SVM decision score (jo probabilitet),-0.5615347979215817,0,True,correct
linear_svm_c_1_0,1.0,true_974,974,0,real,Mbi 10 mijë të infektuar me COVID-19 në Maqedoninë e Veriut,148,medium_121_250,Linear SVM decision score (jo probabilitet),-1.1446545259915992,0,True,correct
linear_svm_c_1_0,1.0,true_975,975,0,real,VIDEO - Xhamia që u mbijetoi shekujve,465,long_gt_250,Linear SVM decision score (jo probabilitet),-0.9412688019160709,0,True,correct
linear_svm_c_1_0,1.0,true_979,979,0,real,Lihen në arrest shtëpiak policët e arrestuar për keqtrajtim të një të mituri,146,medium_121_250,Linear SVM decision score (jo probabilitet),-0.8132693331056693,0,True,correct
linear_svm_c_1_0,1.0,true_988,988,0,real,"Ilir Meta për Adem Demaçin: ""Mandela i Evropës"" dhe ""Saharovi"" ynë",320,long_gt_250,Linear SVM decision score (jo probabilitet),-1.0865260735552067,0,True,correct
linear_svm_c_1_0,1.0,true_991,991,0,real,Evropa ime: T'u tregojmë vendin elitave të korruptuara të Ballkanit Perëndimor,1084,long_gt_250,Linear SVM decision score (jo probabilitet),-1.3141293700562386,0,True,correct
linear_svm_c_1_0,1.0,true_994,994,0,real,Ministria e Bujqësisë pagoi mbi 176 mijë euro për analiza që mund t'i kryente vetë,210,medium_121_250,Linear SVM decision score (jo probabilitet),-0.618725544556223,0,True,correct
linear_svm_c_1_0,1.0,true_1005,1005,0,real,Alarmante - Rreth 3 mijë raste aktive me COVID-19 në Kosovë,219,medium_121_250,Linear SVM decision score (jo probabilitet),-1.2529130265885695,0,True,correct
linear_svm_c_1_0,1.0,true_1028,1028,0,real,Qeveria emëroi Bordin e përkohshëm i Telekomit të Kosovës,158,medium_121_250,Linear SVM decision score (jo probabilitet),-1.1141261097901811,0,True,correct
linear_svm_c_1_0,1.0,true_1034,1034,0,real,Xhamia më e vjetër në Prishtinë një dekadë restaurim,275,long_gt_250,Linear SVM decision score (jo probabilitet),-1.0093834528222372,0,True,correct
linear_svm_c_1_0,1.0,true_1037,1037,0,real,Osmani për Hotin: Duhet me hangër një thes kryp me dikë për me njoftë,186,medium_121_250,Linear SVM decision score (jo probabilitet),-0.13031988683200785,0,True,correct
linear_svm_c_1_0,1.0,true_1042,1042,0,real,Raport: Bandat nga Ballkani tani janë kthyer në kontrabandistë globalë,773,long_gt_250,Linear SVM decision score (jo probabilitet),-1.2366789166103347,0,True,correct
linear_svm_c_1_0,1.0,true_1054,1054,0,real,ORCA: 55% e profesorëve në UP nuk e justifikojnë titullin e tyre akademik,328,long_gt_250,Linear SVM decision score (jo probabilitet),-0.8121287693791053,0,True,correct
linear_svm_c_1_0,1.0,true_1055,1055,0,real,Boris Johnson: Kriza e COVID-19 përfundon nga mesi i vitit 2021,131,medium_121_250,Linear SVM decision score (jo probabilitet),-0.2639050084718921,0,True,correct
linear_svm_c_1_0,1.0,true_1064,1064,0,real,Thaçi nuk do dialog teknik me Serbinë,217,medium_121_250,Linear SVM decision score (jo probabilitet),-0.7118723278763228,0,True,correct
linear_svm_c_1_0,1.0,true_1076,1076,0,real,"Pas dy muajve, Maqedonia e Veriut me asnjë viktimë nga COVID-19",143,medium_121_250,Linear SVM decision score (jo probabilitet),-1.1019437525588278,0,True,correct
linear_svm_c_1_0,1.0,true_1079,1079,0,real,Hoti i shkruan letër Osmanit për raportimin në Kuvend pas takimit në Bruksel,90,short_61_120,Linear SVM decision score (jo probabilitet),-0.9402366288202204,0,True,correct
linear_svm_c_1_0,1.0,true_1081,1081,0,real,"Mësimi në shtator mund të fillojë nga ekrani, ekspertët rekomandojnë më shumë udhëzime",1082,long_gt_250,Linear SVM decision score (jo probabilitet),-1.36580573565396,0,True,correct
linear_svm_c_1_0,1.0,true_1084,1084,0,real,"Pas katër ditësh intervistim në Hagë, Thaçi kthehet sot në Kosovë",244,medium_121_250,Linear SVM decision score (jo probabilitet),-0.721204096797458,0,True,correct
linear_svm_c_1_0,1.0,true_1085,1085,0,real,Teatri i Podujevës bëhet me aktorë rezidentë,163,medium_121_250,Linear SVM decision score (jo probabilitet),-0.5212533792661538,0,True,correct
linear_svm_c_1_0,1.0,true_1090,1090,0,real,"Incident në një port iranian, disa anije përfshihen nga zjarri",224,medium_121_250,Linear SVM decision score (jo probabilitet),-1.0140722144720815,0,True,correct
linear_svm_c_1_0,1.0,true_1092,1092,0,real,Mbi 13 milionë të infektuar me coronavirus në botë,466,long_gt_250,Linear SVM decision score (jo probabilitet),-1.3196002959504283,0,True,correct
linear_svm_c_1_0,1.0,true_1101,1101,0,real,"Hoti e Vuçiq zhvillojnë sot takim virtual, rinis dialogu Kosovë-Serbi",212,medium_121_250,Linear SVM decision score (jo probabilitet),-0.614670895542462,0,True,correct
linear_svm_c_1_0,1.0,true_1104,1104,0,real,Hoti paralajmëron shpalljen e gjendjes së jashtëzakonshme,285,long_gt_250,Linear SVM decision score (jo probabilitet),-0.4867054650696004,0,True,correct
linear_svm_c_1_0,1.0,true_1106,1106,0,real,Abazi: Ligji për COVID-19 u refuzua e Hoti drejt shpalljes së gjendjes së jashtëzakonshme,392,long_gt_250,Linear SVM decision score (jo probabilitet),-0.4486552639991093,0,True,correct
linear_svm_c_1_0,1.0,true_1108,1108,0,real,COVID-19: Vdes veterani i UÇK-së nga Malisheva,123,medium_121_250,Linear SVM decision score (jo probabilitet),-0.6268882587466222,0,True,correct
linear_svm_c_1_0,1.0,true_1117,1117,0,real,Anulohet udhëtimi i Thaçit për në Washington,113,short_61_120,Linear SVM decision score (jo probabilitet),0.302069675022431,1,False,false_positive
linear_svm_c_1_0,1.0,true_1119,1119,0,real,Zemaj: Gjashtë pacientë me COVID-19 janë në kujdes intensiv,89,short_61_120,Linear SVM decision score (jo probabilitet),-0.7712995782113545,0,True,correct
linear_svm_c_1_0,1.0,true_1121,1121,0,real,"Hoti raporton në Kuvend për dialogun: Ose do të ketë marrëveshje të mirë për Kosovën, ose s’do të ketë fare",297,long_gt_250,Linear SVM decision score (jo probabilitet),-0.967242120485895,0,True,correct
linear_svm_c_1_0,1.0,true_1135,1135,0,real,"Kosova synon njohjen nga Serbia, nuk dëshiron kompromis",952,long_gt_250,Linear SVM decision score (jo probabilitet),-1.2077142977669386,0,True,correct
linear_svm_c_1_0,1.0,true_1138,1138,0,real,"Qeveritarët pa maska e me duarshtrëngime, përurojnë rrugën Deçan–Plavë - FOTO",288,long_gt_250,Linear SVM decision score (jo probabilitet),-0.6699025365596956,0,True,correct
linear_svm_c_1_0,1.0,true_1165,1165,0,real,Hoti nesër në Gjilan te kritikuesi i tij më i madh Lutfi Haziri,187,medium_121_250,Linear SVM decision score (jo probabilitet),-1.1191715813968133,0,True,correct
linear_svm_c_1_0,1.0,true_1174,1174,0,real,"Të hyrat në gjashtë muajt e parë ranë për 8 %, shpenzimet u rritën për 38.7 milionë euro",219,medium_121_250,Linear SVM decision score (jo probabilitet),-1.6892025827206254,0,True,correct
linear_svm_c_1_0,1.0,true_1179,1179,0,real,"Pini ilaçin e përgatitur vetë për ta shëruar diabetin, tipi 2",219,medium_121_250,Linear SVM decision score (jo probabilitet),-0.5754667635448283,0,True,correct
linear_svm_c_1_0,1.0,true_1180,1180,0,real,Vetëm në këtë kënd të shtëpisë së Kylie Jenner gjendet një pasuri e tërë,140,medium_121_250,Linear SVM decision score (jo probabilitet),-1.027968075465337,0,True,correct
linear_svm_c_1_0,1.0,true_1183,1183,0,real,Sekreti i japonezëve për jetë të gjatë,212,medium_121_250,Linear SVM decision score (jo probabilitet),-0.6472979422134977,0,True,correct
linear_svm_c_1_0,1.0,true_1186,1186,0,real,Fansi i çmendur bën tatuazh në trup fytyrën e Noizyt!,119,short_61_120,Linear SVM decision score (jo probabilitet),-0.7337791470595871,0,True,correct
linear_svm_c_1_0,1.0,true_1191,1191,0,real,Infektohet edhe presidenti që tha se saunat dhe vodka janë ilaçe kundër Covid-19,155,medium_121_250,Linear SVM decision score (jo probabilitet),-1.0794331881992434,0,True,correct
linear_svm_c_1_0,1.0,true_1194,1194,0,real,Pezullimi i përpjekjeve për anëtarësim në mekanizma ndërkombëtarë gabim i pa falshëm i Qeverisë Hoti,675,long_gt_250,Linear SVM decision score (jo probabilitet),-1.0896065985066214,0,True,correct
linear_svm_c_1_0,1.0,true_1197,1197,0,real,Dalin fotot e Gymysh me fustan të bardhë - shikoni sa nuse e bukur është bërë,189,medium_121_250,Linear SVM decision score (jo probabilitet),-1.2468990729671727,0,True,correct
linear_svm_c_1_0,1.0,true_1199,1199,0,real,Jeni gati të shihni ndryshimin e radhës së Tayna-s?,177,medium_121_250,Linear SVM decision score (jo probabilitet),-1.199767546652251,0,True,correct
linear_svm_c_1_0,1.0,true_1224,1224,0,real,"Situata me Covid-19, kryeministri Hoti kërkon të vërehet dora e fortë e shtetit",145,medium_121_250,Linear SVM decision score (jo probabilitet),-1.0865532176048385,0,True,correct
linear_svm_c_1_0,1.0,true_1226,1226,0,real,Super hiti është gati! Kënga e re e Encës dhe e Don Xhonit e ka një datë publikimi,82,short_61_120,Linear SVM decision score (jo probabilitet),-0.5639845468943916,0,True,correct
linear_svm_c_1_0,1.0,true_1230,1230,0,real,Rasheli do ua hapë sytë me këtë imazh,114,short_61_120,Linear SVM decision score (jo probabilitet),-1.8165563392652806,0,True,correct
linear_svm_c_1_0,1.0,true_1234,1234,0,real,Blero: Ky reper shqiptar është i preferuari im,155,medium_121_250,Linear SVM decision score (jo probabilitet),-0.748370598652059,0,True,correct
linear_svm_c_1_0,1.0,true_1243,1243,0,real,Deputetja e Kuvendit të Kosovës Eliza Hoxha është shëruar nga koronavirusi,702,long_gt_250,Linear SVM decision score (jo probabilitet),-1.3594906043222135,0,True,correct
linear_svm_c_1_0,1.0,true_1245,1245,0,real,Pandora më në formë se kurrë feston ditëlindjen,82,short_61_120,Linear SVM decision score (jo probabilitet),-1.4173286292358562,0,True,correct
linear_svm_c_1_0,1.0,true_1246,1246,0,real,"Ja përse duhet të hani 1 thelb hudhër në esëll/ Bën mrekulli për organizmin, ja si",142,medium_121_250,Linear SVM decision score (jo probabilitet),-0.1967319773355392,0,True,correct
linear_svm_c_1_0,1.0,true_1260,1260,0,real,Receta çudibërëse me farat e lirit: Të dobësohemi shëndetshëm dhe sigurt,418,long_gt_250,Linear SVM decision score (jo probabilitet),-0.6480660819046107,0,True,correct
linear_svm_c_1_0,1.0,true_1266,1266,0,real,Receta e Cekës - Maregnore,244,medium_121_250,Linear SVM decision score (jo probabilitet),-0.6677732812199946,0,True,correct
linear_svm_c_1_0,1.0,true_1274,1274,0,real,Koronavirusi anulon festimet e Vitit të Ri,162,medium_121_250,Linear SVM decision score (jo probabilitet),-1.405923324923427,0,True,correct
linear_svm_c_1_0,1.0,true_1275,1275,0,real,"Ç’do ndodhë me koronavirusin? OBSH në alarm, rritja e infektimeve po…",442,long_gt_250,Linear SVM decision score (jo probabilitet),-1.1212616006456768,0,True,correct
linear_svm_c_1_0,1.0,true_1279,1279,0,real,Çfarë misteri i pazgjidhur fshihet në mes të selisë së CIA?,590,long_gt_250,Linear SVM decision score (jo probabilitet),-1.3459491776375883,0,True,correct
linear_svm_c_1_0,1.0,true_1285,1285,0,real,Prekëse: Kujdestari vishet bardhezi për t’ia plotësuar mungesën e nënës zebrës jetime,189,medium_121_250,Linear SVM decision score (jo probabilitet),-0.8687290856443655,0,True,correct
linear_svm_c_1_0,1.0,true_1290,1290,0,real,Aleksander Vuçiq: Dialogu i Brukselit po ndodhë nga dëshira e Brukselit për ta përjashtuar Amerikën,262,long_gt_250,Linear SVM decision score (jo probabilitet),-0.9068054766505,0,True,correct
linear_svm_c_1_0,1.0,true_1291,1291,0,real,Kaçanikasi tenton t’i vrasë dy persona shkaku i një kontesti pronësor,249,medium_121_250,Linear SVM decision score (jo probabilitet),-1.513931172575657,0,True,correct
linear_svm_c_1_0,1.0,true_1293,1293,0,real,"U bë me vajzë por dëshironte djalë – Burri vret veten, e shoqja pëson atak kardiak",118,short_61_120,Linear SVM decision score (jo probabilitet),-0.5106227895986366,0,True,correct
linear_svm_c_1_0,1.0,true_1302,1302,0,real,"OBSH: Rritje shqetësuese të rasteve nga coronavirusi në Ballkan, duhet të tregohemi vigjilentë",141,medium_121_250,Linear SVM decision score (jo probabilitet),-1.0537273854491307,0,True,correct
linear_svm_c_1_0,1.0,true_1311,1311,0,real,"E akuzuan për ndërhyrje në Gjykatë, Von Cramon ia kthen Enver Hoxhajt: Kjo s’ndodh në demokraci, ndoshta në vendin tuaj po",254,long_gt_250,Linear SVM decision score (jo probabilitet),-0.5054880203754208,0,True,correct
linear_svm_c_1_0,1.0,true_1314,1314,0,real,Ky është 22 vjeçari nga Peja që vdiq në aksidentin tragjik,94,short_61_120,Linear SVM decision score (jo probabilitet),-1.1326142121875842,0,True,correct
linear_svm_c_1_0,1.0,true_1320,1320,0,real,Shikoni çfarë vozitje të shpejtë i bën veturës 60-vjeçarja shqiptare,145,medium_121_250,Linear SVM decision score (jo probabilitet),0.21640494354755158,1,False,false_positive
linear_svm_c_1_0,1.0,true_1324,1324,0,real,Turqia pezullon fluturimet shkaku i shtimit të rasteve të Covid-19,200,medium_121_250,Linear SVM decision score (jo probabilitet),-1.3076849684698786,0,True,correct
linear_svm_c_1_0,1.0,true_1325,1325,0,real,"Zemaj dhe Ramadani pushojnë sot, i cojnë me e-mail njoftimet për situatën 24 orëshe me COVID-19",135,medium_121_250,Linear SVM decision score (jo probabilitet),-1.6648850513117366,0,True,correct
linear_svm_c_1_0,1.0,true_1334,1334,0,real,"Tayna poston fotot provokuese dhe dërgon mesazhin, “Të josh dhe të bëj budalla, sa herë dua”",106,short_61_120,Linear SVM decision score (jo probabilitet),-0.32296348938313385,0,True,correct
linear_svm_c_1_0,1.0,true_1336,1336,0,real,Presidenti në aktakuzë para Gjykatës Speciale dhe dialogu me Serbinë e sfidojnë shtetësinë e Kosovës,309,long_gt_250,Linear SVM decision score (jo probabilitet),-1.5291417640523433,0,True,correct
linear_svm_c_1_0,1.0,true_1346,1346,0,real,Kështu e kujton Leonora babin në 22 vjetorin e vdekjes,75,short_61_120,Linear SVM decision score (jo probabilitet),-1.2131704932403284,0,True,correct
linear_svm_c_1_0,1.0,true_1351,1351,0,real,Receta e Cekës: Omletë me mollë,157,medium_121_250,Linear SVM decision score (jo probabilitet),-0.2934809158767872,0,True,correct
linear_svm_c_1_0,1.0,true_1365,1365,0,real,"Çdo natë para gjumit, pije këtë lëng dhe do largoni gjithçka nga barku, shkrin gjithë yndyrën, do t’ju heqi kilet e tepërta fare nga trupi",450,long_gt_250,Linear SVM decision score (jo probabilitet),0.26334119244134624,1,False,false_positive
linear_svm_c_1_0,1.0,true_1371,1371,0,real,Ku ngeli Alba Hoxha?,77,short_61_120,Linear SVM decision score (jo probabilitet),-1.1755716318579026,0,True,correct
linear_svm_c_1_0,1.0,true_1379,1379,0,real,Isufi: Nuk ka aktakuzë që mund ta njollosë luftën e UÇK’së,214,medium_121_250,Linear SVM decision score (jo probabilitet),-1.4927762191136342,0,True,correct
linear_svm_c_1_0,1.0,true_1382,1382,0,real,"Serwer: Aktakuza ndaj Thaçit e Veselit s’është personale, Kosova është në telashe",206,medium_121_250,Linear SVM decision score (jo probabilitet),-0.742394840219389,0,True,correct
linear_svm_c_1_0,1.0,true_1385,1385,0,real,"Është mashtrim, qeveria e kombinimit politik LDK me partnerët e PAN-it nuk e bëjnë ligjin Vetting",579,long_gt_250,Linear SVM decision score (jo probabilitet),-1.2153662491051744,0,True,correct
linear_svm_c_1_0,1.0,true_1395,1395,0,real,"Infektologu italian: Koronavirusi është dobësuar, ja kur pritet të zhduket",273,long_gt_250,Linear SVM decision score (jo probabilitet),-0.9660786994057007,0,True,correct
linear_svm_c_1_0,1.0,true_1396,1396,0,real,Cramon për vizat: Ja kur pritet liberalizimi final,310,long_gt_250,Linear SVM decision score (jo probabilitet),-0.7917825765493325,0,True,correct
linear_svm_c_1_0,1.0,true_1413,1413,0,real,Koronavirusi: Renditja e Kosovës krahas shteteve të rajonit,366,long_gt_250,Linear SVM decision score (jo probabilitet),-1.4478083526154932,0,True,correct
linear_svm_c_1_0,1.0,true_1415,1415,0,real,"Trump për John Bolton: Askush nuk e donte në Shtëpinë e Bardhë, dukej i çmendur",344,long_gt_250,Linear SVM decision score (jo probabilitet),-0.9449166508014653,0,True,correct
linear_svm_c_1_0,1.0,true_1420,1420,0,real,Haradinaj shkon i pari në takim me Avdullah Hotin,93,short_61_120,Linear SVM decision score (jo probabilitet),-1.0907673081113223,0,True,correct
linear_svm_c_1_0,1.0,true_1424,1424,0,real,Zbulohet e vërteta: Ja çfarë pritet të ndodhë më 27 qershor në Shtëpinë e Bardhë,524,long_gt_250,Linear SVM decision score (jo probabilitet),-0.4032298931459705,0,True,correct
linear_svm_c_1_0,1.0,true_1426,1426,0,real,Hoti i fton liderët e partive në zyrë për t’u koordinuar para udhëtimit në Washington,164,medium_121_250,Linear SVM decision score (jo probabilitet),-0.9310544532557445,0,True,correct
linear_svm_c_1_0,1.0,true_1432,1432,0,real,Zbulohet substanca që e ul vdekshmërinë e pacientëve me Covid-19,344,long_gt_250,Linear SVM decision score (jo probabilitet),-1.024397256308499,0,True,correct
linear_svm_c_1_0,1.0,true_1434,1434,0,real,"Gati për të shijuar pushimet, Elita dhe Gjiko zgjedhin këtë destinacion brenda Shqipërisë",148,medium_121_250,Linear SVM decision score (jo probabilitet),-0.13560023140895455,0,True,correct
linear_svm_c_1_0,1.0,true_1441,1441,0,real,A është Nicki Minaj shtatzënë!,107,short_61_120,Linear SVM decision score (jo probabilitet),-1.2999946505533164,0,True,correct
linear_svm_c_1_0,1.0,true_1450,1450,0,real,Stërvitja e parë e Valon Berishës te Reims,88,short_61_120,Linear SVM decision score (jo probabilitet),-0.2708878377863297,0,True,correct
linear_svm_c_1_0,1.0,true_1451,1451,0,real,"Hoti e Hyseni presin në takim ambasadorët e QUINT-it, flasin për dialogun me Serbinë",218,medium_121_250,Linear SVM decision score (jo probabilitet),-0.8248268733159556,0,True,correct
linear_svm_c_1_0,1.0,true_1454,1454,0,real,Çavuşoğlu: Ajasofja është çështje e sovranitetit të Turqisë,188,medium_121_250,Linear SVM decision score (jo probabilitet),-1.1011127192657804,0,True,correct
linear_svm_c_1_0,1.0,true_1461,1461,0,real,"8 të vdekur nga koronavirusi brenda ditës në Kosovë, shkon në 177 numri i përgjithshëm i viktimave",65,short_61_120,Linear SVM decision score (jo probabilitet),-0.31142905238977475,0,True,correct
linear_svm_c_1_0,1.0,true_1465,1465,0,real,Lëngu i qepës së kuqe/ Kura natyrale për stomakun dhe alergjitë,340,long_gt_250,Linear SVM decision score (jo probabilitet),-0.24595179218925717,0,True,correct
linear_svm_c_1_0,1.0,true_1466,1466,0,real,"Bilanci i pandemisë në botë, mbi 16 milionë raste me COVID-19",283,long_gt_250,Linear SVM decision score (jo probabilitet),-1.481541420731732,0,True,correct
linear_svm_c_1_0,1.0,true_1473,1473,0,real,"Certifikohen rezultatet zgjedhore, shqiptarët me 32 mandate në Kuvendin e Maqedonisë së Veriut",112,short_61_120,Linear SVM decision score (jo probabilitet),-0.5379061112917374,0,True,correct
linear_svm_c_1_0,1.0,true_1474,1474,0,real,Turqia reagon kundër djegies së flamurit turk në Greqi,341,long_gt_250,Linear SVM decision score (jo probabilitet),-1.3620501685093656,0,True,correct
linear_svm_c_1_0,1.0,true_1475,1475,0,real,Policia izraelite arreston 3 fëmijë palestinezë në Kuds,129,medium_121_250,Linear SVM decision score (jo probabilitet),-0.7795419242062924,0,True,correct
linear_svm_c_1_0,1.0,true_1484,1484,0,real,Ndihma humanitare botërore e Turqisë përbën 26 për qind në vitin 2019,754,long_gt_250,Linear SVM decision score (jo probabilitet),-1.2446506664840387,0,True,correct
linear_svm_c_1_0,1.0,true_1488,1488,0,real,Breshka e detit e ndjekur nga shkencëtarët turq përmes satelitit përshkoi 5.500 kilometra për një vit,339,long_gt_250,Linear SVM decision score (jo probabilitet),-1.189763669287823,0,True,correct
linear_svm_c_1_0,1.0,true_1492,1492,0,real,Vdes nga koronavirusi një 66-vjeçare në Spitalin e Pejës,203,medium_121_250,Linear SVM decision score (jo probabilitet),-0.8837847477187821,0,True,correct
linear_svm_c_1_0,1.0,true_1498,1498,0,real,"Isa Mustafa përkrah fuqishëm ndërtimin e Xhamisë, dënon protestën: Të krenohemi që jemi muslimanë",349,long_gt_250,Linear SVM decision score (jo probabilitet),-0.8695120279209034,0,True,correct
linear_svm_c_1_0,1.0,true_1503,1503,0,real,"Edhe 5 të vdekur nga Covid-19 në Kosovë, numri i përgjithshëm 144",111,short_61_120,Linear SVM decision score (jo probabilitet),-1.177559544505143,0,True,correct
linear_svm_c_1_0,1.0,true_1511,1511,0,real,Nisin hetimet ndaj TikTok në Australi,178,medium_121_250,Linear SVM decision score (jo probabilitet),-0.16347015025820671,0,True,correct
linear_svm_c_1_0,1.0,true_1513,1513,0,real,"“Vrisni një serb e ne do të vrasim 100 myslimanë”, Kurti kujton deklaratën famëkeqe të Vuçiqit",256,long_gt_250,Linear SVM decision score (jo probabilitet),-0.2745411304693029,0,True,correct
linear_svm_c_1_0,1.0,true_1519,1519,0,real,Sot pritet fillimi i testimeve serologjike për koronavirus,227,medium_121_250,Linear SVM decision score (jo probabilitet),-1.2028176645852604,0,True,correct
linear_svm_c_1_0,1.0,true_1531,1531,0,real,"Gjashtë nivelet në të cilat shfaqet koronavirusi, simptomat dhe pacientët më të rrezikuar",422,long_gt_250,Linear SVM decision score (jo probabilitet),-0.6450691024931368,0,True,correct
linear_svm_c_1_0,1.0,true_1533,1533,0,real,Apeli i IKSHPK-së: Mbani maskat dhe distancën fizike,399,long_gt_250,Linear SVM decision score (jo probabilitet),-0.9815682173782247,0,True,correct
linear_svm_c_1_0,1.0,true_1538,1538,0,real,Vdes gjyqtari Shashivar Hoti,115,short_61_120,Linear SVM decision score (jo probabilitet),-0.5660538040725347,0,True,correct
linear_svm_c_1_0,1.0,true_1542,1542,0,real,Shënohen edhe dy vdekje nga Covid-19 në Kosovë,177,medium_121_250,Linear SVM decision score (jo probabilitet),-0.8993544408788892,0,True,correct
linear_svm_c_1_0,1.0,true_1544,1544,0,real,Kur pritet t’u mundësohet qytetarëve tërheqja e parave nga Trusti?,209,medium_121_250,Linear SVM decision score (jo probabilitet),-0.6298837134576014,0,True,correct
linear_svm_c_1_0,1.0,true_1545,1545,0,real,​Apeli i IKSHPK-së: Vazhdoni të mbani distancën fizike dhe maskat,441,long_gt_250,Linear SVM decision score (jo probabilitet),-0.8856909127956845,0,True,correct
linear_svm_c_1_0,1.0,true_1547,1547,0,real,"Hoti deklarohet pas takimit me Vuçiq: Kemi bërë progres, besojmë në partnerët ndërkombëtarë",172,medium_121_250,Linear SVM decision score (jo probabilitet),-0.6570949389034924,0,True,correct
linear_svm_c_1_0,1.0,true_1551,1551,0,real,Kurti: Me qeverinë koti kriminelët dolën nga skutat,408,long_gt_250,Linear SVM decision score (jo probabilitet),-1.033738111677419,0,True,correct
linear_svm_c_1_0,1.0,true_1552,1552,0,real,"Specialja e nis intervistimin, Presidenti nuk deklarohet për media",203,medium_121_250,Linear SVM decision score (jo probabilitet),-0.7468111969297555,0,True,correct
linear_svm_c_1_0,1.0,true_1556,1556,0,real,"Shqipëri, vazhdon rritja e rasteve me koronavirus",137,medium_121_250,Linear SVM decision score (jo probabilitet),-1.81068840134667,0,True,correct
linear_svm_c_1_0,1.0,true_1557,1557,0,real,Maqedoni: Shqiptarët me 32 deputetë në Parlamentin,211,medium_121_250,Linear SVM decision score (jo probabilitet),-0.8655389784440428,0,True,correct
linear_svm_c_1_0,1.0,true_1563,1563,0,real,Kosova e para në Evropë për raste të reja me COVID-19 në dy javët e fundit,214,medium_121_250,Linear SVM decision score (jo probabilitet),-1.0058434660532842,0,True,correct
linear_svm_c_1_0,1.0,true_1564,1564,0,real,"Fillon ndërtimi i Xhamisë së Madhe në Prishtinë, Tërnava uron besimtarët",107,short_61_120,Linear SVM decision score (jo probabilitet),-0.34795213537900754,0,True,correct
linear_svm_c_1_0,1.0,true_1567,1567,0,real,"Policia mas 2 muajsh hetime zbulon 20 kg marihuanë, në pranga 5 persona",301,long_gt_250,Linear SVM decision score (jo probabilitet),-1.445767143888594,0,True,correct
linear_svm_c_1_0,1.0,true_1568,1568,0,real,Vaksina kundër COVID-19 e testuar tek njerëzit tregon shenja të hershme të suksesit,277,long_gt_250,Linear SVM decision score (jo probabilitet),-0.5925106586989746,0,True,correct
linear_svm_c_1_0,1.0,true_1569,1569,0,real,Dita e tretë e intervistimit të presidentit Thaçi në Hagë,163,medium_121_250,Linear SVM decision score (jo probabilitet),-0.24521422436740953,0,True,correct
linear_svm_c_1_0,1.0,true_1574,1574,0,real,Në SHSKUK po trajtohen 268 pacientë me Covid-19,154,medium_121_250,Linear SVM decision score (jo probabilitet),-1.1597238382678343,0,True,correct
linear_svm_c_1_0,1.0,true_1593,1593,0,real,Fillon seanca e Kuvendit ku kryeministri Hoti do të raportojë para takimit të Uashingtonit,221,medium_121_250,Linear SVM decision score (jo probabilitet),-0.9654661151512944,0,True,correct
linear_svm_c_1_0,1.0,true_1594,1594,0,real,"Shqipëri, një i vdekur dhe 53 raste të reja me COVID-19",169,medium_121_250,Linear SVM decision score (jo probabilitet),-2.105540704804133,0,True,correct
linear_svm_c_1_0,1.0,true_1601,1601,0,real,Messi i gatshëm për ndeshjen e sotme ndaj Mallorcas,128,medium_121_250,Linear SVM decision score (jo probabilitet),-0.5235832700010863,0,True,correct
linear_svm_c_1_0,1.0,true_1606,1606,0,real,Isa Mustafa: Atakimi i familjes së Vjosa Osmanit është neveritës,162,medium_121_250,Linear SVM decision score (jo probabilitet),-0.5057547980091714,0,True,correct
linear_svm_c_1_0,1.0,true_1609,1609,0,real,Thaçi reagon pas votimit të qeverisë: Ditë e rëndësishme për demokracinë,156,medium_121_250,Linear SVM decision score (jo probabilitet),-0.6398611936006777,0,True,correct
linear_svm_c_1_0,1.0,true_1610,1610,0,real,Kuvendi votoi Qeverinë Hoti,44,very_short_le_60,Linear SVM decision score (jo probabilitet),-0.7728348070842825,0,True,correct
linear_svm_c_1_0,1.0,true_1611,1611,0,real,Wuhan-i “kryen me sukses” testimin e popullsisë për koronavirus,147,medium_121_250,Linear SVM decision score (jo probabilitet),-0.7232448847382558,0,True,correct
linear_svm_c_1_0,1.0,true_1613,1613,0,real,​Kryesia e Kuvendit sot vendos datën e seancës për votimin e Qeverisë Hoti,108,short_61_120,Linear SVM decision score (jo probabilitet),-0.8277195942145601,0,True,correct
linear_svm_c_1_0,1.0,true_1616,1616,0,real,Një i prekur me koronavirus në Infektivë në gjendje të rëndë,105,short_61_120,Linear SVM decision score (jo probabilitet),-0.7657291923157745,0,True,correct
linear_svm_c_1_0,1.0,true_1619,1619,0,real,"Mbi 2,3 milionë të shëruar nga COVID-19 në mbarë botën",109,short_61_120,Linear SVM decision score (jo probabilitet),-0.4279943636083225,0,True,correct
linear_svm_c_1_0,1.0,true_1622,1622,0,real,Mbi 12 mijë teste për COVID-19 në Kosovë,102,short_61_120,Linear SVM decision score (jo probabilitet),-0.8259815122211702,0,True,correct
linear_svm_c_1_0,1.0,true_1624,1624,0,real,Klopp thotë se Liverpooli do të jetë i gatshëm për rikthimin e lojës së bukur,223,medium_121_250,Linear SVM decision score (jo probabilitet),-0.778705800800022,0,True,correct
linear_svm_c_1_0,1.0,true_1625,1625,0,real,"Britani, qentë do të trajnohen për të diagnostikuar personat me COVID-19",269,long_gt_250,Linear SVM decision score (jo probabilitet),-0.6453166505076768,0,True,correct
linear_svm_c_1_0,1.0,true_1641,1641,0,real,​17 milionë raste me COVID-19 në botë,100,short_61_120,Linear SVM decision score (jo probabilitet),-0.9197631927449545,0,True,correct
linear_svm_c_1_0,1.0,true_1647,1647,0,real,Sekuestrohen mbi 40 armë në një operacion në Prishtinë,139,medium_121_250,Linear SVM decision score (jo probabilitet),-1.3936251413223424,0,True,correct
linear_svm_c_1_0,1.0,true_1648,1648,0,real,Qeveria nuk u konsultua me KOK-un për ndalimin e aktiviteteve sportive,518,long_gt_250,Linear SVM decision score (jo probabilitet),-1.6016540545044373,0,True,correct
linear_svm_c_1_0,1.0,true_1653,1653,0,real,​Veliu thotë se VV-ja pati tendenca që të pamundësohet raportimi në Komision,279,long_gt_250,Linear SVM decision score (jo probabilitet),-0.9284610378126601,0,True,correct
linear_svm_c_1_0,1.0,true_1655,1655,0,real,Janë bërë të ditura nominimet e shpërblimeve “Emmy”,304,long_gt_250,Linear SVM decision score (jo probabilitet),-0.9211730898428265,0,True,correct
linear_svm_c_1_0,1.0,true_1659,1659,0,real,Numër i vogël në pelegrinazhin e sivjetmë në Haxh,238,medium_121_250,Linear SVM decision score (jo probabilitet),-1.0398206673643364,0,True,correct
linear_svm_c_1_0,1.0,true_1660,1660,0,real,Finalja e Kupës – për një fund me dinjitet të edicionit të vështirë,716,long_gt_250,Linear SVM decision score (jo probabilitet),-1.3023989998827188,0,True,correct
linear_svm_c_1_0,1.0,true_1665,1665,0,real,Partitë shqiptare në Mal të Zi garojnë të ndara në zgjedhjet parlamentare,267,long_gt_250,Linear SVM decision score (jo probabilitet),-0.7211636364867822,0,True,correct
linear_svm_c_1_0,1.0,true_1667,1667,0,real,Mbretëria e Bashkuar largon Spanjën nga lista e udhëtimeve,189,medium_121_250,Linear SVM decision score (jo probabilitet),-0.7933578298122679,0,True,correct
linear_svm_c_1_0,1.0,true_1674,1674,0,real,Ish-ministri i Shëndetësisë: E pafalshme që kjo situatë abnormale të trajtohet si normale nga Qeveria,316,long_gt_250,Linear SVM decision score (jo probabilitet),-1.2370189673824792,0,True,correct
linear_svm_c_1_0,1.0,true_1675,1675,0,real,Leron Kurteshi sjell stilin urban në muzikë,135,medium_121_250,Linear SVM decision score (jo probabilitet),-1.090425055794414,0,True,correct
linear_svm_c_1_0,1.0,true_1676,1676,0,real,Zvicra njofton për 132 raste të reja me COVID-19 e tre të vdekur,118,short_61_120,Linear SVM decision score (jo probabilitet),-0.9621853398310338,0,True,correct
linear_svm_c_1_0,1.0,true_1687,1687,0,real,Me rigon kundër infeksioneve dhe problemeve me fytin,307,long_gt_250,Linear SVM decision score (jo probabilitet),-0.19001086349506718,0,True,correct
linear_svm_c_1_0,1.0,true_1692,1692,0,real,"Bazeli, vendi ku lindi shkenca e halucinacioneve",569,long_gt_250,Linear SVM decision score (jo probabilitet),-0.7102032467063355,0,True,correct
linear_svm_c_1_0,1.0,true_1697,1697,0,real,"Katër gola në dy ndeshje, Ademi tregon sekretin e kthimit në formë",220,medium_121_250,Linear SVM decision score (jo probabilitet),-0.8474177815198181,0,True,correct
linear_svm_c_1_0,1.0,true_1698,1698,0,real,Rreth 200 shtretër kanë mbetur në dispozicion për trajtim të pacientëve me COVID-19,226,medium_121_250,Linear SVM decision score (jo probabilitet),-1.3704443589265665,0,True,correct
linear_svm_c_1_0,1.0,true_1700,1700,0,real,Këshilltari kryesor i Trumpit del pozitiv në COVID-19,115,short_61_120,Linear SVM decision score (jo probabilitet),-0.5532236030433895,0,True,correct
linear_svm_c_1_0,1.0,true_1711,1711,0,real,Grupi “3 Doors Down” do ta lansojë këngën e parë në pesë vjetët e fundit,345,long_gt_250,Linear SVM decision score (jo probabilitet),-1.1090991354501503,0,True,correct
linear_svm_c_1_0,1.0,true_1714,1714,0,real,Konfiskime të armëve në ahengje,145,medium_121_250,Linear SVM decision score (jo probabilitet),-1.3670997410416867,0,True,correct
linear_svm_c_1_0,1.0,true_1720,1720,0,real,Java e fundit e korrikut me mot të nxehtë,148,medium_121_250,Linear SVM decision score (jo probabilitet),-1.3443401405752815,0,True,correct
linear_svm_c_1_0,1.0,true_1729,1729,0,real,Në Fushë-Kosovë dyshohet se djali vrau babanë,174,medium_121_250,Linear SVM decision score (jo probabilitet),-0.6147077929528284,0,True,correct
linear_svm_c_1_0,1.0,true_1730,1730,0,real,Simptomat e COVID-19 ndahen në gjashtë grupe sipas një studimi,401,long_gt_250,Linear SVM decision score (jo probabilitet),-0.5734285987461754,0,True,correct
linear_svm_c_1_0,1.0,true_1732,1732,0,real,​Ekzekutohen pagesat e pakos emergjente për masën 3a për 7241 përfitues,83,short_61_120,Linear SVM decision score (jo probabilitet),-1.2539071341675523,0,True,correct
linear_svm_c_1_0,1.0,true_1737,1737,0,real,"Buxhovi: LDK-së i duhen reforma, Osmani duhet të qëndrojë",2091,long_gt_250,Linear SVM decision score (jo probabilitet),-1.4926386153430427,0,True,correct
linear_svm_c_1_0,1.0,true_1738,1738,0,real,Shpërblehen sekretarët që ia punësuan renë Mustafës dhe dhëndrin Limajt,302,long_gt_250,Linear SVM decision score (jo probabilitet),-0.6659555474668419,0,True,correct
linear_svm_c_1_0,1.0,true_1740,1740,0,real,Konsiderohet e dëmshme rizgjedhja e Thaçit edhe për një mandat,179,medium_121_250,Linear SVM decision score (jo probabilitet),-0.8222340234371242,0,True,correct
linear_svm_c_1_0,1.0,true_1742,1742,0,real,"Vuçiqi takohet me Lajçakun, pranon se temat janë të dhimbshme dhe se kompromisi nuk është i lehtë",339,long_gt_250,Linear SVM decision score (jo probabilitet),-1.0798250826378275,0,True,correct
linear_svm_c_1_0,1.0,true_1746,1746,0,real,Haradinaj ia kishte ndarë Mustafës mbi 24 mijë euro në emër të pagës retroaktive,340,long_gt_250,Linear SVM decision score (jo probabilitet),-0.6146162272149658,0,True,correct
linear_svm_c_1_0,1.0,true_1755,1755,0,real,Tayna u ndërton shtëpi të re prindërve të saj,188,medium_121_250,Linear SVM decision score (jo probabilitet),-0.4204389873988846,0,True,correct
linear_svm_c_1_0,1.0,true_1757,1757,0,real,Qeveria mbulon shpenzimet e Kartonit të Gjelbër për bashkatdhetarët deri në fund të këtij viti,268,long_gt_250,Linear SVM decision score (jo probabilitet),-1.4316442594673338,0,True,correct
linear_svm_c_1_0,1.0,true_1767,1767,0,real,"Hoti: Kemi hyrë në valën e dytë të pandemisë COVID-19, të aktivizohet Plani i reagimit kombëtar",263,long_gt_250,Linear SVM decision score (jo probabilitet),-1.5984445434564636,0,True,correct
linear_svm_c_1_0,1.0,true_1768,1768,0,real,Qeveria ndan nga 300 euro për mantelbardhët,118,short_61_120,Linear SVM decision score (jo probabilitet),-0.9907444610605585,0,True,correct
linear_svm_c_1_0,1.0,true_1783,1783,0,real,"Khabib – Gaethje, caktohet përfundimisht data për meçin e zjarrtë",123,medium_121_250,Linear SVM decision score (jo probabilitet),-0.46219512373523225,0,True,correct
linear_svm_c_1_0,1.0,true_1785,1785,0,real,"​Ndalohen të gjitha veprimtaritë fetare, nuk lejohet as therja e kafshëve në shtëpi",161,medium_121_250,Linear SVM decision score (jo probabilitet),-0.8169813469932155,0,True,correct
linear_svm_c_1_0,1.0,true_1790,1790,0,real,Gazmend Gjyshinca: Kujtim Shala dhe Arben Gashi më ngrehen nga krahu dhe më thanë budalla,352,long_gt_250,Linear SVM decision score (jo probabilitet),-1.5209103486633464,0,True,correct
linear_svm_c_1_0,1.0,true_1795,1795,0,real,Fauci thotë se përgjigja mbi vaksinën për COVID-19 mund të vijë në ‘tetor ose nëntor’,245,medium_121_250,Linear SVM decision score (jo probabilitet),-0.7720598499295188,0,True,correct
linear_svm_c_1_0,1.0,true_1799,1799,0,real,Një grua në TikTok ndau një truk që ndihmon për gjetjen e xhinseve të duhura,234,medium_121_250,Linear SVM decision score (jo probabilitet),-0.43469422642551175,0,True,correct
linear_svm_c_1_0,1.0,true_1804,1804,0,real,"Lëvoret e shalqirit, të mbushura me produkte ushqyese",219,medium_121_250,Linear SVM decision score (jo probabilitet),-0.20748584839517753,0,True,correct
linear_svm_c_1_0,1.0,true_1811,1811,0,real,Deputetja Eliza Hoxha rrëfen përvojën dhe betejën me COVID-19,657,long_gt_250,Linear SVM decision score (jo probabilitet),-1.279429458162891,0,True,correct
linear_svm_c_1_0,1.0,true_1814,1814,0,real,Ish-lojtari i Ballkanit ndërron jetë nga COVID-19,156,medium_121_250,Linear SVM decision score (jo probabilitet),-1.8354585685420863,0,True,correct
linear_svm_c_1_0,1.0,true_1815,1815,0,real,"Qeveria me masa të reja për kopshtet, gastronominë e fusha tjera",130,medium_121_250,Linear SVM decision score (jo probabilitet),-1.1531606862158987,0,True,correct
linear_svm_c_1_0,1.0,true_1819,1819,0,real,"Shkretëtira shndërrohet në varrezë, skena rrëqethëse nga Iraku",220,medium_121_250,Linear SVM decision score (jo probabilitet),-0.7826389911109557,0,True,correct
linear_svm_c_1_0,1.0,true_1820,1820,0,real,"Ka filluar të mbahet gara robotikës “First Global Challenge”, Kosova kryeson në listë",163,medium_121_250,Linear SVM decision score (jo probabilitet),-0.16836712064265508,0,True,correct
linear_svm_c_1_0,1.0,true_1826,1826,0,real,Si lindi sfondi më i famshëm kompjuterik i të gjitha kohërave – dhe ja si duket tani vendi ku u bë fotografia,421,long_gt_250,Linear SVM decision score (jo probabilitet),-1.1028417928623058,0,True,correct
linear_svm_c_1_0,1.0,true_1832,1832,0,real,"Kina raporton numrin më të madh të rasteve me coronavirus, që nga fundi i shpërthimit të Wuhan",170,medium_121_250,Linear SVM decision score (jo probabilitet),-1.1629186956680382,0,True,correct
linear_svm_c_1_0,1.0,true_1834,1834,0,real,"Gastronomët ia ‘dorëzojnë çelësat’ Qeverisë së Kosovës, kërkojnë përkrahje institucionale",170,medium_121_250,Linear SVM decision score (jo probabilitet),-1.2039361530584154,0,True,correct
linear_svm_c_1_0,1.0,true_1839,1839,0,real,Horoskopi javor për periudhën nga 27 korrik – 03 gusht,1619,long_gt_250,Linear SVM decision score (jo probabilitet),-1.3493977236126744,0,True,correct
linear_svm_c_1_0,1.0,true_1848,1848,0,real,Mustafa: Dialogu është krejtësisht politik dhe rezulton me marrëveshje politike ndërshtetërore për njohje reciproke,255,long_gt_250,Linear SVM decision score (jo probabilitet),-1.3003332398322245,0,True,correct
linear_svm_c_1_0,1.0,true_1853,1853,0,real,Sabri Fejzullahu përkujton veprimtarin Adem Demaçi në dyvjetorin e vdekjes së tij,141,medium_121_250,Linear SVM decision score (jo probabilitet),-0.8668861066535174,0,True,correct
linear_svm_c_1_0,1.0,true_1861,1861,0,real,A mund të vetëkallet më lehtë vetura që ka aparat klime?,202,medium_121_250,Linear SVM decision score (jo probabilitet),-1.1189999136730913,0,True,correct
linear_svm_c_1_0,1.0,true_1873,1873,0,real,DailyMail shkruan për nënën e Rita Orës: 56-vjeçarja Vera që rrëmben vëmendjen me paraqitjet e saj me bikini në plazh,245,medium_121_250,Linear SVM decision score (jo probabilitet),-1.0964952744566883,0,True,correct
linear_svm_c_1_0,1.0,true_1874,1874,0,real,FSK blen automjete të blinduara nga Ushtria amerikane,92,short_61_120,Linear SVM decision score (jo probabilitet),-0.6947294351024191,0,True,correct
linear_svm_c_1_0,1.0,true_1885,1885,0,real,Çaji i zakonshëm i nenexhikut – Ilaç universal i gjyshes që vërtet është i fuqishëm!,588,long_gt_250,Linear SVM decision score (jo probabilitet),-0.2588342549259068,0,True,correct
linear_svm_c_1_0,1.0,true_1894,1894,0,real,Në Spitalin e Pejës dje ka vdekur një pacient me COVID-19,137,medium_121_250,Linear SVM decision score (jo probabilitet),-1.3526425500362327,0,True,correct
linear_svm_c_1_0,1.0,true_1898,1898,0,real,Djersitja është dukuri shumë më e ndërlikuar seç mendoni,695,long_gt_250,Linear SVM decision score (jo probabilitet),-0.7188594349893436,0,True,correct
linear_svm_c_1_0,1.0,true_1904,1904,0,real,Këto vende ishin model i suksesit në luftën ndaj coronavirusit – por nuk janë më!,917,long_gt_250,Linear SVM decision score (jo probabilitet),-1.4299653703712967,0,True,correct
linear_svm_c_1_0,1.0,true_1906,1906,0,real,"Fansi e quajti lojtar ‘shumë të mbivlerësuar’, Toni Kross i përgjigjet në mënyrë epike",281,long_gt_250,Linear SVM decision score (jo probabilitet),-1.3135956004844829,0,True,correct
linear_svm_c_1_0,1.0,true_1912,1912,0,real,Rastet e reja me coronavirus – 91 vetëm në Prishtinë,284,long_gt_250,Linear SVM decision score (jo probabilitet),-1.0701926606964238,0,True,correct
linear_svm_c_1_0,1.0,true_1913,1913,0,real,Rita Ora në lidhje serioze me Roman Gavras,133,medium_121_250,Linear SVM decision score (jo probabilitet),-0.14093246460928793,0,True,correct
linear_svm_c_1_0,1.0,true_1917,1917,0,real,"Dua Lipa në frymë patriotike, publikon flamurin ‘Autochthonous’ dhe kuptimin e fjalës",157,medium_121_250,Linear SVM decision score (jo probabilitet),-0.9316915576248541,0,True,correct
linear_svm_c_1_0,1.0,true_1920,1920,0,real,LVV reagon pas akuzave të PDK-së për Telekomin: Sejdi Hoxha i ka kushtuar Postës mbi 50 mijë euro për dy vite,385,long_gt_250,Linear SVM decision score (jo probabilitet),-0.8835854657216398,0,True,correct
linear_svm_c_1_0,1.0,true_1923,1923,0,real,"Shpërndau lajmin se ka vdekur Isa Mustafa, policia arreston të dyshuarin",149,medium_121_250,Linear SVM decision score (jo probabilitet),-1.266596667426439,0,True,correct
linear_svm_c_1_0,1.0,true_1925,1925,0,real,Florentino Perez thotë se Benzema duhet ta fitojë Topin e Artë këtë vit,177,medium_121_250,Linear SVM decision score (jo probabilitet),-0.9258334287747054,0,True,correct
linear_svm_c_1_0,1.0,true_1928,1928,0,real,Përfundon takimi Hoti-Vuçiq në Bruksel,364,long_gt_250,Linear SVM decision score (jo probabilitet),-1.2923323725311227,0,True,correct
linear_svm_c_1_0,1.0,true_1931,1931,0,real,Magjia verore në ETC vjen me zbritje deri në 50%,292,long_gt_250,Linear SVM decision score (jo probabilitet),-0.009931130470730132,0,True,correct
linear_svm_c_1_0,1.0,true_1932,1932,0,real,Nipi i Elvis Presleyt është emri më i ri që i bashkohet listës së yjeve që nuk iu shmangën mallkimit të “Klubit 27”,435,long_gt_250,Linear SVM decision score (jo probabilitet),-1.1494154773516396,0,True,correct
linear_svm_c_1_0,1.0,true_1933,1933,0,real,Haradinaj: Aktakuzat ndaj Thaçit dhe Veselit janë goditje ndaj lirisë së Kosovës,431,long_gt_250,Linear SVM decision score (jo probabilitet),-0.78464758192957,0,True,correct
linear_svm_c_1_0,1.0,true_1935,1935,0,real,Haradinaj: Nëse konfirmohen akuzat ndaj Thaçit e Veselit Kosova rrezikon të dëmtohet rëndë,155,medium_121_250,Linear SVM decision score (jo probabilitet),0.19530551844748256,1,False,false_positive
linear_svm_c_1_0,1.0,true_1938,1938,0,real,"Kjo është sasia e mjaftueshme e ujit, të cilin duhet ta konsumojmë për të qenë të shëndetshëm",428,long_gt_250,Linear SVM decision score (jo probabilitet),-0.12384181160209923,0,True,correct
linear_svm_c_1_0,1.0,true_1939,1939,0,real,Kendall Jenner vë në pah të pasmet në imazhet e fundit me të brendshme,153,medium_121_250,Linear SVM decision score (jo probabilitet),-1.098391145737896,0,True,correct
linear_svm_c_1_0,1.0,true_1951,1951,0,real,Jakupi: Edhe Kosova do të bëjë përpjekje për të siguruar disa doza të ilaçit që trajton pacientët me COVID-19,212,medium_121_250,Linear SVM decision score (jo probabilitet),-0.7566439063467558,0,True,correct
linear_svm_c_1_0,1.0,true_1960,1960,0,real,Ledri Vula rrëfen historinë me Sara Hoxhën dhe planet për t’u bërë baba,305,long_gt_250,Linear SVM decision score (jo probabilitet),-1.081250172083221,0,True,correct
linear_svm_c_1_0,1.0,true_1963,1963,0,real,Sadio Mane mezi ka pritur të rifillojë Liga Premier – senegalezi harroi se duhet gjunjëzuar në shenjë nderimi për “Black Lives Matter”,170,medium_121_250,Linear SVM decision score (jo probabilitet),-1.0423780059688135,0,True,correct
linear_svm_c_1_0,1.0,true_1966,1966,0,real,Viola von Cramon shpreson se kosovarëve do t’iu hiqen vizat kur Gjermania ta marrë Presidencën,205,medium_121_250,Linear SVM decision score (jo probabilitet),0.36218600207604934,1,False,false_positive
linear_svm_c_1_0,1.0,true_1967,1967,0,real,Vuçiq: Nga Lavrovi pranova informata shqetësuese për çështjen e Kosovës,142,medium_121_250,Linear SVM decision score (jo probabilitet),-0.5374082155596727,0,True,correct
linear_svm_c_1_0,1.0,true_1979,1979,0,real,WhatsApp do t’ju lejojë të përdorni të njëjtën llogari deri në katër pajisje,92,short_61_120,Linear SVM decision score (jo probabilitet),-0.6837179342238888,0,True,correct
linear_svm_c_1_0,1.0,true_1982,1982,0,real,"Labinot Tahiri reagon i revoltuar: Kjo është një gënjeshtër, le të më dërgojnë në burg mua dhe gjithë estradën",216,medium_121_250,Linear SVM decision score (jo probabilitet),-0.9529901552156397,0,True,correct
linear_svm_c_1_0,1.0,true_1988,1988,0,real,Konjufca: Mustafa përsëri do t’ia bëjë votat Thaçit për president,217,medium_121_250,Linear SVM decision score (jo probabilitet),-0.36852371086243135,0,True,correct
linear_svm_c_1_0,1.0,true_1991,1991,0,real,"Kylie Jenner etiketohet si raciste, kryqëzohet nga fansat pasi vetëm 13 për qind e punonjësve në markën e saj janë njerëz me ngjyrë",272,long_gt_250,Linear SVM decision score (jo probabilitet),-0.9337536209439601,0,True,correct
linear_svm_c_1_0,1.0,fake_24,24,1,fake,"Askush Nuk Po E Besonte Që Kjo Ka’fshë Është Në Këtë Vend, Banorët Janë Mbledhur Dhe… VIDEO",66,short_61_120,Linear SVM decision score (jo probabilitet),1.8282803753404335,1,True,correct
linear_svm_c_1_0,1.0,fake_30,30,1,fake,Vallëzimi I Nuses Në Dasmën E Saj Po Mahnitë Të Gjithë Në Rrjetet Sociale,72,short_61_120,Linear SVM decision score (jo probabilitet),0.4149338549697909,1,True,correct
linear_svm_c_1_0,1.0,fake_31,31,1,fake,"Babai Merr Dy Ditë Leje Për Lindjen E Fëmijes, Kur Papritur I Vjen Nje Mesazh Nga Shefi I Tij Që E Lë Pa M,End",112,short_61_120,Linear SVM decision score (jo probabilitet),0.6956463638578377,1,True,correct
linear_svm_c_1_0,1.0,fake_33,33,1,fake,Njihuni Me Shqiptarën E Parë Që U Bë Milionere Me Bitcoin (FOTO),213,medium_121_250,Linear SVM decision score (jo probabilitet),-0.0026149113026853743,0,False,false_negative
linear_svm_c_1_0,1.0,fake_45,45,1,fake,"Nisi Procesi Për Punë Sezonale Në Itali, Ja Sa Shqiptarë Mund Të Përfitojnë Punë Bashkë Me Leje Qëndrimi",78,short_61_120,Linear SVM decision score (jo probabilitet),0.5732623691368746,1,True,correct
linear_svm_c_1_0,1.0,fake_46,46,1,fake,"Rasti i rralle qe emocjonoi gjithe boten,i biri pa duar ushqen nenen e paralizuar (Video)",107,short_61_120,Linear SVM decision score (jo probabilitet),1.181659148132064,1,True,correct
linear_svm_c_1_0,1.0,fake_50,50,1,fake,EKSLUZIVE:Rasheli Tregon Pa Dorashka Arsyen Pse U Largua Nga Ermali “Ai Me Ngacmonte Dhe …”,94,short_61_120,Linear SVM decision score (jo probabilitet),1.7007187934080752,1,True,correct
linear_svm_c_1_0,1.0,fake_57,57,1,fake,Soda Del Jasht “Loje” Ky Eshte Perberesi I Cili Do Te Sheroj Lukthin Tuaj Ne Vetem Pak Dite,188,medium_121_250,Linear SVM decision score (jo probabilitet),0.12471584353595017,1,True,correct
linear_svm_c_1_0,1.0,fake_60,60,1,fake,"Po na përlot me rolin e saj! Flet Ejlyli, tregon të pathënat e jetës së saj: U bëra…",99,short_61_120,Linear SVM decision score (jo probabilitet),0.9691681370404848,1,True,correct
linear_svm_c_1_0,1.0,fake_64,64,1,fake,"Mbani Lotët! Vajza E Zbulon Pak Para Dasmës Që I Fejuari Ia Kishte Dredhur, Më Pas Ia Bën…",75,short_61_120,Linear SVM decision score (jo probabilitet),1.6369633840766786,1,True,correct
linear_svm_c_1_0,1.0,fake_66,66,1,fake,Gazetarja E Njohur Rrëfen Ëndrrën Me Edi Ramën Gjatë Karantinës: Më Ka… (Video),107,short_61_120,Linear SVM decision score (jo probabilitet),0.8106511052424182,1,True,correct
linear_svm_c_1_0,1.0,fake_68,68,1,fake,"Ata Duheshin Shumë, Por Babai I Saj Nuk Ja Jepte Për Grua Edhe Pse Ajo Mbeti Shtatëzanë. Ajo Që Ndodhi 56 Vite Më Vonë Do T’ju Përlotë…",121,medium_121_250,Linear SVM decision score (jo probabilitet),1.509358939348503,1,True,correct
linear_svm_c_1_0,1.0,fake_70,70,1,fake,"BE Përshëndet Miratimin E ‘5 Qershorit’, Apeli I Sorecës: Mos Dëmtoni Frymën E Reformës Zgjedhore",93,short_61_120,Linear SVM decision score (jo probabilitet),0.6391529530339398,1,True,correct
linear_svm_c_1_0,1.0,fake_71,71,1,fake,"“T Ërmeti I Madh Do Ndryshojë Tokën, Kontinentet Do Ndahen Përgjysmë”, A Larmi I Shkencëtarit",118,short_61_120,Linear SVM decision score (jo probabilitet),1.5877093536146663,1,True,correct
linear_svm_c_1_0,1.0,fake_74,74,1,fake,"Gezim I Madh Ne Familjen E Shkurte Fejzes, Ja Qfare Ndodhi ..",90,short_61_120,Linear SVM decision score (jo probabilitet),1.2276564154132399,1,True,correct
linear_svm_c_1_0,1.0,fake_77,77,1,fake,Kush Është Kjo Gruaja Që Sot Protestoi Dhe Tha:Do Ta Tuboj Popullaten Nuk Ka Ndërtim Të Xhamisë,120,short_61_120,Linear SVM decision score (jo probabilitet),1.2412048422686799,1,True,correct
linear_svm_c_1_0,1.0,fake_79,79,1,fake,"Plas Sh Erri Brenda Familjes Miliardere, Motra Urdhëron “Vr Ásjen” E Të Vëllait",132,medium_121_250,Linear SVM decision score (jo probabilitet),1.1580216684867264,1,True,correct
linear_svm_c_1_0,1.0,fake_100,100,1,fake,Bëhet Baba Në Moshën 92-Vjeçare Dhe Ai Deshiron Qe Ta…,75,short_61_120,Linear SVM decision score (jo probabilitet),0.7866872810600193,1,True,correct
linear_svm_c_1_0,1.0,fake_101,101,1,fake,"Nuk Është Parë As Dëgjuar Ndonjëherë, Nëna Lind Fëmijën Dhe Pas 2 Ditësh Merr Lajmin Që Nuk E Priste Kurrë",163,medium_121_250,Linear SVM decision score (jo probabilitet),-0.06864031044739788,0,False,false_negative
linear_svm_c_1_0,1.0,fake_112,112,1,fake,"Ekskluzive: Shitet urgjent Golf 5, Çmimi 2600 Euro, pres blers serioz (Foto/Video)",90,short_61_120,Linear SVM decision score (jo probabilitet),1.5645603626907556,1,True,correct
linear_svm_c_1_0,1.0,fake_116,116,1,fake,"Para Me Thasë, SHTETl Ku Paraja Nuk Ka Asnjë VIerë",96,short_61_120,Linear SVM decision score (jo probabilitet),1.4246550012600128,1,True,correct
linear_svm_c_1_0,1.0,fake_121,121,1,fake,"Rasti i rralle qe emocjonoi gjithe boten,i biri pa duar ushqen nenen e paralizuar (Video)",109,short_61_120,Linear SVM decision score (jo probabilitet),1.186494757217242,1,True,correct
linear_svm_c_1_0,1.0,fake_124,124,1,fake,"Flet Nga SHBA Mjeku Per Shqiperine: Vjeshta Do Jete E Tm.Errshme, Ja Çdo Të Ndodhë",95,short_61_120,Linear SVM decision score (jo probabilitet),2.0870645581429845,1,True,correct
linear_svm_c_1_0,1.0,fake_125,125,1,fake,"U Nda Nga Eros Grezda/ Oriola Marashi E Zevendeson Menjehere, Me Ke Po I Kalon Pushimet Bukuroshja",100,short_61_120,Linear SVM decision score (jo probabilitet),1.8197524382825603,1,True,correct
linear_svm_c_1_0,1.0,fake_129,129,1,fake,"Kapi Peshkun, Por Burri U Sho Kua Nga Ajo Se Çfarë I Gjeti Në Stomak",155,medium_121_250,Linear SVM decision score (jo probabilitet),1.3316985685864169,1,True,correct
linear_svm_c_1_0,1.0,fake_136,136,1,fake,Si të bëheni milioner për 2020-ën/ 6 tradita për të sjellë fatin e mirë për Vitin e Ri (FOTO),85,short_61_120,Linear SVM decision score (jo probabilitet),0.31071484982461073,1,True,correct
linear_svm_c_1_0,1.0,fake_163,163,1,fake,"E fundit! Shtrohet ne spital nga koronavirusi biznesmeni dhe deputeti i PS-së,",87,short_61_120,Linear SVM decision score (jo probabilitet),1.0132118912239207,1,True,correct
linear_svm_c_1_0,1.0,fake_164,164,1,fake,Vetëm 11 Ditësh Dhe Me Dhëmbë? ‘Zbulohet’ E Vërteta E Videos Që Po ‘Çmend’ Rrjetin (Video),73,short_61_120,Linear SVM decision score (jo probabilitet),1.657762102604612,1,True,correct
linear_svm_c_1_0,1.0,fake_169,169,1,fake,Përse Nuk Duhet Të Kaloni Natën Pranë Varrezave…,98,short_61_120,Linear SVM decision score (jo probabilitet),1.3433662565483862,1,True,correct
linear_svm_c_1_0,1.0,fake_174,174,1,fake,"E FUNDIT:Publikohen Pamjet EKSLUZIVE Endrit Thaçi, Djali I Presidenti Blen Veturë 35 Mijë Euro Populli Ska Buk Me Honger",97,short_61_120,Linear SVM decision score (jo probabilitet),1.7046283703750529,1,True,correct
linear_svm_c_1_0,1.0,fake_176,176,1,fake,"TURP!! 3 mijë euro për një nuse, si i shiten vajzat Shqiptarëve burrave Serbë",107,short_61_120,Linear SVM decision score (jo probabilitet),1.3047034676588587,1,True,correct
linear_svm_c_1_0,1.0,fake_186,186,1,fake,"LAJMI I FUNDIT: Gjërat ”rrotulluan” krejtësisht, prishet ”loja” LDK-VV – Kush e bëri këtë?",76,short_61_120,Linear SVM decision score (jo probabilitet),1.3547007675458578,1,True,correct
linear_svm_c_1_0,1.0,fake_189,189,1,fake,Super lajm nga Zvicra – Shqiptarja lind gjashtënjakë por do te Çmendeni se Çfarë i ofroj shteti,114,short_61_120,Linear SVM decision score (jo probabilitet),1.1838429733690456,1,True,correct
linear_svm_c_1_0,1.0,fake_195,195,1,fake,Shitet Iphone X cmimi vetem 200 euro nxito sasi e limituar,66,short_61_120,Linear SVM decision score (jo probabilitet),1.0783885235139814,1,True,correct
linear_svm_c_1_0,1.0,fake_197,197,1,fake,"Ka 3 adresa Facebook-u per tu shkruar te dashurave, gruaja i nxjerr ‘bojën’ burrit! Por Ardit Gjebrea i ben ate qe nuk e priste",95,short_61_120,Linear SVM decision score (jo probabilitet),1.1747435704711384,1,True,correct
linear_svm_c_1_0,1.0,fake_204,204,1,fake,"Është Vetëm 8-Muajshe, Por Ka Diçka Të Veçantë Që Askush Nuk E Beson Se Është Ajo",98,short_61_120,Linear SVM decision score (jo probabilitet),1.8562056239123614,1,True,correct
linear_svm_c_1_0,1.0,fake_211,211,1,fake,Kos apo qumësht? Ky është ideali për mëngjes dhe do jeni me energji gjithë ditën,71,short_61_120,Linear SVM decision score (jo probabilitet),1.3212860914378461,1,True,correct
linear_svm_c_1_0,1.0,fake_212,212,1,fake,"Babai i saj trim u nda nga jeta 22 vite më parë, këngëtarja shqiptare të prek në shpirt me fjalët",118,short_61_120,Linear SVM decision score (jo probabilitet),0.292941916367386,1,True,correct
linear_svm_c_1_0,1.0,fake_213,213,1,fake,"Mjellma ng.ordh nga “ze mra e th.yèr”, adoIeshentët i th.yen vezèt e saj me tuIIa",142,medium_121_250,Linear SVM decision score (jo probabilitet),0.6524120074671319,1,True,correct
linear_svm_c_1_0,1.0,fake_219,219,1,fake,"VIDEO EKSLUZIVE:Kevina Kthella Ngre Temperaturat, Shëtit Me Mbathje Në Rrugë Pa Komplekse Dhe Cmend Te Rinjte Dhe Pleqtë",94,short_61_120,Linear SVM decision score (jo probabilitet),0.9037757008190153,1,True,correct
linear_svm_c_1_0,1.0,fake_221,221,1,fake,Shikojeni me çfarë deklarate vjen tani Naim Abazi për Mihrijën! (PAMJE),82,short_61_120,Linear SVM decision score (jo probabilitet),0.25691007775846686,1,True,correct
linear_svm_c_1_0,1.0,fake_232,232,1,fake,"Koronavirusi/ “Kjo situatë mund të zgjasë deri në 3 vjet”, kryeministri Rama “befason” që të gjithë",150,medium_121_250,Linear SVM decision score (jo probabilitet),0.8458768625272746,1,True,correct
linear_svm_c_1_0,1.0,fake_234,234,1,fake,"Anulohen dasmat e muajit gusht, ja çfarë do ndodhë me dasmat !?",156,medium_121_250,Linear SVM decision score (jo probabilitet),0.37219006396568943,1,True,correct
linear_svm_c_1_0,1.0,fake_238,238,1,fake,"Dëgjonte zhurma në tavan, por aty sipër gjen një “thesar” të vërtetë (FOTO)",79,short_61_120,Linear SVM decision score (jo probabilitet),0.29460170095229193,1,True,correct
linear_svm_c_1_0,1.0,fake_240,240,1,fake,E kush nuk e njeh kete lule? Ajo sheron sem undje qe ju as qe i coni neper mend,84,short_61_120,Linear SVM decision score (jo probabilitet),1.1361606390635128,1,True,correct
linear_svm_c_1_0,1.0,fake_248,248,1,fake,"Këngëtarja Shqiptare Merr Masa Për Pastërti, Fut Nën Ujë Edhe Celularin!",92,short_61_120,Linear SVM decision score (jo probabilitet),0.8848176919186423,1,True,correct
linear_svm_c_1_0,1.0,fake_252,252,1,fake,Nxirrni jargë teksa flini ? Kjo shenjë tregon që ju vuani nga një sëm undje e cila prek…(VIDEO),189,medium_121_250,Linear SVM decision score (jo probabilitet),1.077591581959235,1,True,correct
linear_svm_c_1_0,1.0,fake_255,255,1,fake,KUJDES: Këtë Vendim Të Policisë Së Kosovës Duhet Ta Dini Të Gjithë!,105,short_61_120,Linear SVM decision score (jo probabilitet),0.6822555224196205,1,True,correct
linear_svm_c_1_0,1.0,fake_257,257,1,fake,Nga Ilaçet Te Recetat Në Shtëpi: Si Mund Të Trajtohet Humbja E Nuhatjes,87,short_61_120,Linear SVM decision score (jo probabilitet),0.7645885758237503,1,True,correct
linear_svm_c_1_0,1.0,fake_262,262,1,fake,Do u rrëqethet mishi nga kjo histori! Kjo shqiptare u martua në moshën 15-vjeçare e humbi 7 fëmijë: Jam..,106,short_61_120,Linear SVM decision score (jo probabilitet),1.2308415438210287,1,True,correct
linear_svm_c_1_0,1.0,fake_267,267,1,fake,NJlHUNl me artistin korean që po “truIIos” botën me veprat e tij,81,short_61_120,Linear SVM decision score (jo probabilitet),0.8841263425813439,1,True,correct
linear_svm_c_1_0,1.0,fake_271,271,1,fake,"VIDEO:‘Noizy E Liroi Nga B Urgu, E Takonte Në Fushë Krujë’/ Klodiana Lala Zbulon Cfare Ndodhi Ne Va Rrimin E Hekuran Billës: Morën Pjesë Edhe Emra Të Botës Së K Rimit",92,short_61_120,Linear SVM decision score (jo probabilitet),1.449575750571365,1,True,correct
linear_svm_c_1_0,1.0,fake_276,276,1,fake,"Pasanikët Po Ikin Nga Coronavirusi, Po Futen Nën Tokë – Apartamenti Më I Lirë Në Bunker Kushton Një Milion Dollarë",102,short_61_120,Linear SVM decision score (jo probabilitet),1.0678483318403111,1,True,correct
linear_svm_c_1_0,1.0,fake_282,282,1,fake,“Jam e tro.nditur…”. Eni Çobanit indodh e papritura: Ti duhet të dish dhe ha.llin tim,91,short_61_120,Linear SVM decision score (jo probabilitet),1.5838127269955071,1,True,correct
linear_svm_c_1_0,1.0,fake_290,290,1,fake,EPABESUESHME : Dy djem gropojnë një vend por shikoni cfar nxjerrin ..,67,short_61_120,Linear SVM decision score (jo probabilitet),0.7514789943787537,1,True,correct
linear_svm_c_1_0,1.0,fake_298,298,1,fake,"Shkoi për pushime në Shëngjin, Ja çka i ndodhi 34 vjeçarit nga Kosova",66,short_61_120,Linear SVM decision score (jo probabilitet),0.5431084997808711,1,True,correct
linear_svm_c_1_0,1.0,fake_299,299,1,fake,Lista Serbe për Vjosa Osmanin: Ti moj Vjosa na ndoqe në korridor për t’i dhënë votat për kryetare të Kuvendit,163,medium_121_250,Linear SVM decision score (jo probabilitet),0.17510876769155365,1,True,correct
linear_svm_c_1_0,1.0,fake_301,301,1,fake,"“Dieta Me Oriz”! Minus 10 Kg, Dobësimi Që Nuk Rimerr Kilet As Pas 6 Vitesh",114,short_61_120,Linear SVM decision score (jo probabilitet),0.99468702485665,1,True,correct
linear_svm_c_1_0,1.0,fake_304,304,1,fake,Trumpi I Drejtohet Popullit Amerikan: Ju Njoftoj Se Nga Ky Moment Ne Do Të…,88,short_61_120,Linear SVM decision score (jo probabilitet),1.227449349168755,1,True,correct
linear_svm_c_1_0,1.0,fake_306,306,1,fake,"Albin Kurti e jep lajmin e madh: Më në fund gjithçka përfundoj, URIME KOSOVË",89,short_61_120,Linear SVM decision score (jo probabilitet),1.8428282813361558,1,True,correct
linear_svm_c_1_0,1.0,fake_307,307,1,fake,"“Bombardohet” Mihrihe Braha, takon për herë të parë “djalin jashtëmartesor” të Naim Abazit pas 19 viteve (VIDEO)",80,short_61_120,Linear SVM decision score (jo probabilitet),0.723770773371097,1,True,correct
linear_svm_c_1_0,1.0,fake_308,308,1,fake,"Juria U Tall Dhe Dyshonte Shumë Në Talentin E Saj, Nuk E Dinin Se Ajo Do Ta Ngritë Publikun Në Këmbë!(Video)",111,short_61_120,Linear SVM decision score (jo probabilitet),0.3759120158870819,1,True,correct
linear_svm_c_1_0,1.0,fake_317,317,1,fake,"Dyshonin Se Ishte Shta’tzënë, Mjekët Bëjnë Zbu’limin E Tmer.Rshëm",87,short_61_120,Linear SVM decision score (jo probabilitet),0.9319892390803282,1,True,correct
linear_svm_c_1_0,1.0,fake_323,323,1,fake,"Kjo Vajzë Cdo Ditë E Puthte Këtë Të Pastrehë, Por Cfarë Bëri Plaku Për Të, Do Mbeteni Pa Fjalë",370,long_gt_250,Linear SVM decision score (jo probabilitet),-0.10618890547029652,0,False,false_negative
linear_svm_c_1_0,1.0,fake_325,325,1,fake,Edi Rama ka “dasht” me nda Kosovën (tonë). Ramush Haradinaj “pa dasht” e ka nda Çakorrin (Video),78,short_61_120,Linear SVM decision score (jo probabilitet),1.4986357323351767,1,True,correct
linear_svm_c_1_0,1.0,fake_332,332,1,fake,LAJMI I FUNDIT: Infektohet Me CO -19 Këngëtari I Njohur Kosovar!,79,short_61_120,Linear SVM decision score (jo probabilitet),0.47122060065124777,1,True,correct
linear_svm_c_1_0,1.0,fake_343,343,1,fake,"Naim Abazi: Punë ka sa të duash, po rinia po kanë qef me nejt në kafe, me prit prej babës hala!",96,short_61_120,Linear SVM decision score (jo probabilitet),0.11475983110546895,1,True,correct
linear_svm_c_1_0,1.0,fake_345,345,1,fake,"I Tregoi Të Dashurës Se Jetonte Në Rrugë, Reagimi I Vajzës Do Ju Lërë Pa Fjalë…",82,short_61_120,Linear SVM decision score (jo probabilitet),0.4588300057128533,1,True,correct
linear_svm_c_1_0,1.0,fake_351,351,1,fake,"Lejeni menjane ujin me limon ne mengjes, vazhdoni te konsumoni kete perberje qe po cmend te gjithe",488,long_gt_250,Linear SVM decision score (jo probabilitet),0.3621447933681123,1,True,correct
linear_svm_c_1_0,1.0,fake_352,352,1,fake,"Ekskluzive: Vjosa Osmani me parti të re, Ja si do të quhet partia e saj!",112,short_61_120,Linear SVM decision score (jo probabilitet),1.0422297363915267,1,True,correct
linear_svm_c_1_0,1.0,fake_353,353,1,fake,"Burri vetëm për letra më ka marr mua, tani qe s’kemi as njeri letrat më thotë dil gjeje një tjetër…",600,long_gt_250,Linear SVM decision score (jo probabilitet),0.7287364979353422,1,True,correct
linear_svm_c_1_0,1.0,fake_354,354,1,fake,Lëngu i qepës efikas kundër katër sëmundjeve!?,270,long_gt_250,Linear SVM decision score (jo probabilitet),-0.22436322014757398,0,False,false_negative
linear_svm_c_1_0,1.0,fake_355,355,1,fake,Mediat serbe: Serbia njeh Kosovën dhe hyn në BE,332,long_gt_250,Linear SVM decision score (jo probabilitet),0.16041140891299943,1,True,correct
linear_svm_c_1_0,1.0,fake_367,367,1,fake,Tmerr për Kosovën kush po e përfaqëson! Zbulohet detaje tronditese,96,short_61_120,Linear SVM decision score (jo probabilitet),1.8396912601456923,1,True,correct
linear_svm_c_1_0,1.0,fake_368,368,1,fake,Kjo qe do te ndodhe te Henen ne Kosove do iu shokoje,143,medium_121_250,Linear SVM decision score (jo probabilitet),1.1780087153904302,1,True,correct
linear_svm_c_1_0,1.0,fake_369,369,1,fake,"Avdullah Hotin nuk e do as fshati i tij Ratkoc, ja çfarë thanë disa prej tyre. – (VIDEO)",95,short_61_120,Linear SVM decision score (jo probabilitet),2.0183536149139063,1,True,correct
linear_svm_c_1_0,1.0,fake_375,375,1,fake,Ja sa është paga e Naser Rafuna tek seriali ‘Çka ka shpija.’,75,short_61_120,Linear SVM decision score (jo probabilitet),1.7464182236723398,1,True,correct
linear_svm_c_1_0,1.0,fake_383,383,1,fake,Albin Kurtin e shokon Hashim Thaçin me kete qe i zbuloi per luften dhe hagen,83,short_61_120,Linear SVM decision score (jo probabilitet),3.0121911436758535,1,True,correct
linear_svm_c_1_0,1.0,fake_384,384,1,fake,"Skandal: Nuk iu lindi djalë, babai vret vetën e ja se çfarë i ndodhi nënës së re",139,medium_121_250,Linear SVM decision score (jo probabilitet),0.4859218498261484,1,True,correct
linear_svm_c_1_0,1.0,fake_394,394,1,fake,"Kjo video po fikson botën, janë futur veta 20 makinë/ Shikoni si dalin një nga një",77,short_61_120,Linear SVM decision score (jo probabilitet),2.3382311262799327,1,True,correct
linear_svm_c_1_0,1.0,fake_395,395,1,fake,"Shkoni në vendin ku ishte burri, gruaja e kap atë keq me një femër dhe u bën të pabërën",87,short_61_120,Linear SVM decision score (jo probabilitet),1.8050858484293923,1,True,correct
linear_svm_c_1_0,1.0,fake_412,412,1,fake,"“Eskalon” familjari i deputetit Xhavit Ukaj, fyen rëndë Vjosa Osmanin",85,short_61_120,Linear SVM decision score (jo probabilitet),1.4729936392328837,1,True,correct
linear_svm_c_1_0,1.0,fake_415,415,1,fake,Flet edhe njëherë deputeti që iu vërsul Osmanit në Kuvend: Me pas dashtë me e sulmua e kisha…,109,short_61_120,Linear SVM decision score (jo probabilitet),1.0440304974095607,1,True,correct
linear_svm_c_1_0,1.0,fake_417,417,1,fake,LAJMI I FUNDIT – Më në fund Lajm i mirë për vizat,147,medium_121_250,Linear SVM decision score (jo probabilitet),1.392696480329488,1,True,correct
linear_svm_c_1_0,1.0,fake_423,423,1,fake,"Fero postoi foto me armë, Arbenita e frikësuar se ai ‘do ta vrasë’",70,short_61_120,Linear SVM decision score (jo probabilitet),1.9309116956083656,1,True,correct
linear_svm_c_1_0,1.0,fake_428,428,1,fake,Zyrtari i VV-së habit me deklaratën për Thaçin dhe Veselin,87,short_61_120,Linear SVM decision score (jo probabilitet),1.2092321192300517,1,True,correct
linear_svm_c_1_0,1.0,fake_430,430,1,fake,E jashtëzakonshme: Merkel me flamurin e Kosovës para syve të Vuçiqit,78,short_61_120,Linear SVM decision score (jo probabilitet),1.3999923810572894,1,True,correct
linear_svm_c_1_0,1.0,fake_433,433,1,fake,Pasi u infektua me Covid-19 vdes Mustafa,57,very_short_le_60,Linear SVM decision score (jo probabilitet),0.597601090313605,1,True,correct
linear_svm_c_1_0,1.0,fake_434,434,1,fake,"Lajm qe duhet ta din te gjithe, Viber do behet me para detaje ekskluzive",78,short_61_120,Linear SVM decision score (jo probabilitet),0.8370728332744264,1,True,correct
linear_svm_c_1_0,1.0,fake_439,439,1,fake,‘Çartet’ Sami Lushtaku ia zbulon kete gje Rexhep Selimit,93,short_61_120,Linear SVM decision score (jo probabilitet),1.6876423728164731,1,True,correct
linear_svm_c_1_0,1.0,fake_451,451,1,fake,Maqedonia e Veriut e shokon Kosoven dhe qytetaret e saj me kete vendim qe morri,78,short_61_120,Linear SVM decision score (jo probabilitet),1.8357118461265074,1,True,correct
linear_svm_c_1_0,1.0,fake_454,454,1,fake,Këto janë pikat kufitare ku iu kërkohet testi për COVID-19,98,short_61_120,Linear SVM decision score (jo probabilitet),0.6835710165005804,1,True,correct
linear_svm_c_1_0,1.0,fake_463,463,1,fake,Emily Ratajkowski duket super s.e.ksi në fotografitë e fundit,94,short_61_120,Linear SVM decision score (jo probabilitet),0.9977894506482614,1,True,correct
linear_svm_c_1_0,1.0,fake_465,465,1,fake,"Lë Bashkëshorten E Tij Për Një Grua Më Të Re. Çfarë Ndodh 3 Vite Më Vonë, E Lë Atë Pa Fjalë…",136,medium_121_250,Linear SVM decision score (jo probabilitet),1.3634802397095442,1,True,correct
linear_svm_c_1_0,1.0,fake_472,472,1,fake,"Acarohen raportet e Serbisë me Rusinë, ja çfarë veprimi ka bërë Vuçiq",101,short_61_120,Linear SVM decision score (jo probabilitet),1.1572949915741324,1,True,correct
linear_svm_c_1_0,1.0,fake_479,479,1,fake,Ja sa kohë duhet për ta marrë virusin në një bar apo restaurant,112,short_61_120,Linear SVM decision score (jo probabilitet),1.348066565425749,1,True,correct
linear_svm_c_1_0,1.0,fake_480,480,1,fake,Gani Geci: Hashim Thaçi ma i dëmshëm se KoronaVirusi në këtë kohë!,78,short_61_120,Linear SVM decision score (jo probabilitet),2.3629520545447766,1,True,correct
linear_svm_c_1_0,1.0,fake_481,481,1,fake,"Detaji që u iku të gjithëve: Tyta e automatikut në shtëpinë e prindërve të Thaçit, e “zbuloi” Veseli",85,short_61_120,Linear SVM decision score (jo probabilitet),1.898732108061799,1,True,correct
linear_svm_c_1_0,1.0,fake_483,483,1,fake,"Nasim Haradinaj: o Ramush Haradinaj, Lakmia e pushteti të prishë!",80,short_61_120,Linear SVM decision score (jo probabilitet),1.6113946174794547,1,True,correct
linear_svm_c_1_0,1.0,fake_495,495,1,fake,Lajmi i fundit: Hashim Thaçi ¨tenton¨ te ia merr jeten Gani Gecit,197,medium_121_250,Linear SVM decision score (jo probabilitet),-0.11075686629842257,0,False,false_negative
linear_svm_c_1_0,1.0,fake_496,496,1,fake,Mulla Osmani i ‘bie shuplakë’ Milaim Zekës live në emision (Video),81,short_61_120,Linear SVM decision score (jo probabilitet),0.812878537547576,1,True,correct
linear_svm_c_1_0,1.0,fake_508,508,1,fake,Shikoni  reagimin e Leonora Jakupit për ndërtimin e xhamisë në Prishtinë,82,short_61_120,Linear SVM decision score (jo probabilitet),-0.6824457724432085,0,False,false_negative
linear_svm_c_1_0,1.0,fake_515,515,1,fake,"Bac Qikat e Kosoves po na zbardhin ftyren, Kjo qe beri tash Rita Ora eshte e madhe!",352,long_gt_250,Linear SVM decision score (jo probabilitet),-0.6248091405841918,0,False,false_negative
linear_svm_c_1_0,1.0,fake_520,520,1,fake,LAJMI BOMBASTIK / Richard Grenell: Vizat Mund Të Hiqen Ditën E Dielë (VIDEO),162,medium_121_250,Linear SVM decision score (jo probabilitet),1.8225842015094829,1,True,correct
linear_svm_c_1_0,1.0,fake_527,527,1,fake,A e keni ditur se kjo moderatore është motra e Haki Abazit?,76,short_61_120,Linear SVM decision score (jo probabilitet),1.917106116688161,1,True,correct
linear_svm_c_1_0,1.0,fake_528,528,1,fake,Ganja e PDK-s thot se Vjosa tash pa LDK-n as 10% ska me mujt me i fitu,189,medium_121_250,Linear SVM decision score (jo probabilitet),0.4713387792711579,1,True,correct
linear_svm_c_1_0,1.0,fake_530,530,1,fake,Shuma marramendëse: Robert Berisha tregon sa paguhet në koncerte,142,medium_121_250,Linear SVM decision score (jo probabilitet),-0.452089522598148,0,False,false_negative
linear_svm_c_1_0,1.0,fake_531,531,1,fake,EKSKLUZIVE: Albin Kurti President i Kosoves?,86,short_61_120,Linear SVM decision score (jo probabilitet),3.2228703047245775,1,True,correct
linear_svm_c_1_0,1.0,fake_535,535,1,fake,‘Hashim Thaçi’ futet papritmas në emisionin ku ishte Berat Buzhala (Video),96,short_61_120,Linear SVM decision score (jo probabilitet),0.4146684957837161,1,True,correct
linear_svm_c_1_0,1.0,fake_536,536,1,fake,Dardan Molliqaj ia publikon këtë ‘top sekret’ Albin Kurtit,65,short_61_120,Linear SVM decision score (jo probabilitet),0.28867472629178625,1,True,correct
linear_svm_c_1_0,1.0,fake_539,539,1,fake,E PAPRITUR: Ja Kush Është I Dashuri I Ri I Nora Istrefit sdo ta besoni,96,short_61_120,Linear SVM decision score (jo probabilitet),1.5582103810661592,1,True,correct
linear_svm_c_1_0,1.0,fake_544,544,1,fake,Kur pritet t’u mundësohet qytetarëve tërheqja e parave nga Trusti?,209,medium_121_250,Linear SVM decision score (jo probabilitet),-0.6298837134576014,0,False,false_negative
linear_svm_c_1_0,1.0,fake_545,545,1,fake,"E pabesueshme, banorët e ketij fshati kapin gjarprin me përmasa të frikshme (Foto)",84,short_61_120,Linear SVM decision score (jo probabilitet),0.0772690664845409,1,True,correct
linear_svm_c_1_0,1.0,fake_553,553,1,fake,"Dhurata shkëlqeu e veshur e tëra me lule, por nuk do ta besoni sa kushtoi veshja e saj",97,short_61_120,Linear SVM decision score (jo probabilitet),0.10850089460754336,1,True,correct
linear_svm_c_1_0,1.0,fake_555,555,1,fake,Kosova zë vendin e parë në Evropë si vendi me numrin më të madh të infektuarve,158,medium_121_250,Linear SVM decision score (jo probabilitet),-0.8002130896397761,0,False,false_negative
linear_svm_c_1_0,1.0,fake_556,556,1,fake,"BE-ja dhe SHBA e godasin fort Serbine, cmenden serbet",86,short_61_120,Linear SVM decision score (jo probabilitet),0.8782620940641777,1,True,correct
linear_svm_c_1_0,1.0,fake_571,571,1,fake,E papritur:Qeveria fut në karantinë edhe katër komuna,98,short_61_120,Linear SVM decision score (jo probabilitet),-0.2369253004292174,0,False,false_negative
linear_svm_c_1_0,1.0,fake_573,573,1,fake,TURP: Ja çfarë thonë mediat serbe për shkuarjen e Thaçit në Hagë,105,short_61_120,Linear SVM decision score (jo probabilitet),0.4155375266761753,1,True,correct
linear_svm_c_1_0,1.0,fake_580,580,1,fake,Ja kur pritet te vijë Vala e dytë e Covid-19.,146,medium_121_250,Linear SVM decision score (jo probabilitet),0.24010332066074552,1,True,correct
linear_svm_c_1_0,1.0,fake_582,582,1,fake,"Nuk Ka Te Ndalur Tayna, Tregon Si Po Rrit Të Pasmet E Saj Çdo Ditë",111,short_61_120,Linear SVM decision score (jo probabilitet),1.516644133186629,1,True,correct
linear_svm_c_1_0,1.0,fake_583,583,1,fake,"Azem Hajdari ku i thotë Thaçit “të rre hi si qenin more pis…”, ka dy fjalë për Isa Mustafën",191,medium_121_250,Linear SVM decision score (jo probabilitet),0.2819073774974983,1,True,correct
linear_svm_c_1_0,1.0,fake_584,584,1,fake,Albin Kurti kapet në aeroport,90,short_61_120,Linear SVM decision score (jo probabilitet),0.62723906495488,1,True,correct
linear_svm_c_1_0,1.0,fake_585,585,1,fake,LAJMI I FUNDIT – E pabesushme ja qka i ndodhi Isa Mustafes ne keto momente pas infektimit me COVID 19,152,medium_121_250,Linear SVM decision score (jo probabilitet),2.5638404148754903,1,True,correct
linear_svm_c_1_0,1.0,fake_586,586,1,fake,Përhapja e virusit nuk ndalohet me gjendjen e jashtëzakonshme.,165,medium_121_250,Linear SVM decision score (jo probabilitet),-0.1897132178225049,0,False,false_negative
linear_svm_c_1_0,1.0,fake_592,592,1,fake,"Mjeku Pipero jep lajmin e mirë: Shqipëria s’do izolohet sërish, vetëm nëse bëni këtë gjë",97,short_61_120,Linear SVM decision score (jo probabilitet),0.22464148032760461,1,True,correct
linear_svm_c_1_0,1.0,fake_600,600,1,fake,"LAJMI I FUNDIT: Eshë ulur çmimi i naftës,nuk do ta besoni se sa ka ra!?",145,medium_121_250,Linear SVM decision score (jo probabilitet),0.8269422325788032,1,True,correct
linear_svm_c_1_0,1.0,fake_603,603,1,fake,Neurologët: Njerëzit me simptoma të butë të koronavirusit po pësojnë çrregullime serioze të trurit,501,long_gt_250,Linear SVM decision score (jo probabilitet),-0.7614719326843367,0,False,false_negative
linear_svm_c_1_0,1.0,fake_608,608,1,fake,E FUNDIT:Video Eksluzive ”Lajm I Madh Nga Zemaj: Do Ta Porosisim Vaksinën Kundër Koronavirusit”,164,medium_121_250,Linear SVM decision score (jo probabilitet),0.7570089869540659,1,True,correct
linear_svm_c_1_0,1.0,fake_611,611,1,fake,Ka përçarje brenda LDK’së? Isa Mustafa trondite me kete qe tha!,124,medium_121_250,Linear SVM decision score (jo probabilitet),1.3496546128649105,1,True,correct
linear_svm_c_1_0,1.0,fake_612,612,1,fake,"WOW kjo eshte e madhe, Ambasadori Gjerman jep nje lajm te madh per Albin Kurtin dhe Vjosa Osmanin",89,short_61_120,Linear SVM decision score (jo probabilitet),0.5627317677704038,1,True,correct
linear_svm_c_1_0,1.0,fake_614,614,1,fake,LAJMI I FUNDIT -Ne kete jave po kthehemi ne Karantine?,465,long_gt_250,Linear SVM decision score (jo probabilitet),-0.5205301447592936,0,False,false_negative
linear_svm_c_1_0,1.0,fake_618,618,1,fake,Mergimtari qe erdhi nga Zvicra tregon çka i ndodhi sdo ta besoni(VIDEO),97,short_61_120,Linear SVM decision score (jo probabilitet),1.8065733739083214,1,True,correct
linear_svm_c_1_0,1.0,fake_619,619,1,fake,“Godet“ Veton Surroi: Ata qe e “kalle” flamurin e Kosovës sigurisht janë katundar nga Drenica,85,short_61_120,Linear SVM decision score (jo probabilitet),0.2983309935162308,1,True,correct
linear_svm_c_1_0,1.0,fake_621,621,1,fake,"Pasi u martuan, gruaja mëson pse burri nuk “e prek”. Kur ai bënte dush ajo e pa hapur…",280,long_gt_250,Linear SVM decision score (jo probabilitet),-0.25422416071786563,0,False,false_negative
linear_svm_c_1_0,1.0,fake_629,629,1,fake,Aktorja nga Gjilani i quan kosovarët dreqër,93,short_61_120,Linear SVM decision score (jo probabilitet),-0.3327507055358144,0,False,false_negative
linear_svm_c_1_0,1.0,fake_631,631,1,fake,"Habitet 22 Vjeçarja Shqiptare Nga Zvicra: Ju Rr Efej Se Cka Ndodh Me Ata Që Martohen Për Letra, Mua Më…",128,medium_121_250,Linear SVM decision score (jo probabilitet),0.6705508804720742,1,True,correct
linear_svm_c_1_0,1.0,fake_638,638,1,fake,Lajmi më i ri sa i përket pagesave prej 170 eurosh për punëtorët që mbetën pa punë gjatë pandemisë!,174,medium_121_250,Linear SVM decision score (jo probabilitet),-0.9253640923471163,0,False,false_negative
linear_svm_c_1_0,1.0,fake_652,652,1,fake,"Beogradi shpall gjendjen e jashtëzakonshme, kjo e keqe po ndodh atje",78,short_61_120,Linear SVM decision score (jo probabilitet),0.3726409597647189,1,True,correct
linear_svm_c_1_0,1.0,fake_655,655,1,fake,Krenar Gashi:“Avdullah Hoti Mund Të Bëhet Si Ibrahim Rugova “ ndoshta me i zoti se aj,161,medium_121_250,Linear SVM decision score (jo probabilitet),-0.08860489823018652,0,False,false_negative
linear_svm_c_1_0,1.0,fake_671,671,1,fake,"E Fundit VIDEO Eksluzive:Harrojeni Covid19,Frika E Shkencëtarëve: “Hëna Do Të Përplaset Me Tokën”",94,short_61_120,Linear SVM decision score (jo probabilitet),1.0228794569057489,1,True,correct
linear_svm_c_1_0,1.0,fake_675,675,1,fake,"I Shkatërrohet Karriera, Nora Istrefit I Publikohet Video Me Avokatin E Njohur Kosovar",70,short_61_120,Linear SVM decision score (jo probabilitet),1.303795811729909,1,True,correct
linear_svm_c_1_0,1.0,fake_679,679,1,fake,Fatmir Limaj: Albini As Pragun Ska Me Kalu Ne Zgjedhje Te Reja Keni Me Pa O Popull – VIDEO –,154,medium_121_250,Linear SVM decision score (jo probabilitet),0.8852726238542501,1,True,correct
linear_svm_c_1_0,1.0,fake_680,680,1,fake,Ganja e PDK-s Kur tka qef Vjosa matum me vota qe si fitoj 50% ma shum se ajo une dha dorheqje nga PDK-ja,196,medium_121_250,Linear SVM decision score (jo probabilitet),0.6023052378887953,1,True,correct
linear_svm_c_1_0,1.0,fake_694,694,1,fake,"LAJMI I FUNDIT: Vjosa Osmani nuk ndalet, Ja jep goditjen finale Isa Mustafes",148,medium_121_250,Linear SVM decision score (jo probabilitet),0.06833511373425444,1,True,correct
linear_svm_c_1_0,1.0,fake_702,702,1,fake,LAJMI I FUNDIT – Thaçi: Nëse nuk arrihet marrëveshja me 27 qershor kjo do të ndodhë…,2233,long_gt_250,Linear SVM decision score (jo probabilitet),-0.8566249436938114,0,False,false_negative
linear_svm_c_1_0,1.0,fake_713,713,1,fake,"Mixha hyri në një restorant luksoz dhe i shërben kamarierja më e mirë, por të nesërmen ajo shkarkohet pas asaj që kishte bërë!",489,long_gt_250,Linear SVM decision score (jo probabilitet),-0.16463395990006496,0,False,false_negative
linear_svm_c_1_0,1.0,fake_721,721,1,fake,"Cka po ndodh ne shesh te Prishtines,zjarrefiksat jane aty dhe",83,short_61_120,Linear SVM decision score (jo probabilitet),1.0662196715684311,1,True,correct
linear_svm_c_1_0,1.0,fake_731,731,1,fake,Kryeministri britanik jep lajmin e madh: Ja kur mbaron kriza nga COVID-19,136,medium_121_250,Linear SVM decision score (jo probabilitet),0.8397681623417612,1,True,correct
linear_svm_c_1_0,1.0,fake_744,744,1,fake,Studimi i ri: Njerëzit kanë më shumë gjasa të infektohen në shtëpi se sa jashtë,121,medium_121_250,Linear SVM decision score (jo probabilitet),0.29829137068536016,1,True,correct
linear_svm_c_1_0,1.0,fake_745,745,1,fake,Vaksina “premtuese” e COVID-19 në Oxford: Çfarë është ajo dhe katër gjërat tjera që duhet ditur,99,short_61_120,Linear SVM decision score (jo probabilitet),0.35169159503183306,1,True,correct
linear_svm_c_1_0,1.0,fake_747,747,1,fake,Hoxha nga Drenica i përmend me emra: Këta janë islamofobët që po u pengon ndërtimi i xhamisë,89,short_61_120,Linear SVM decision score (jo probabilitet),1.264122971091065,1,True,correct
linear_svm_c_1_0,1.0,fake_756,756,1,fake,"Fotografi brenda Klinikës Infektive në QKUK, mjekë të lodhur e rraskapitur: Këtu as Supermeni nuk bën punë",251,long_gt_250,Linear SVM decision score (jo probabilitet),0.5979860973972573,1,True,correct
linear_svm_c_1_0,1.0,fake_758,758,1,fake,Çfarë e zhduk koronavirusin? Italianët bëjnë zbulimin që do na rikthejë në normalitet,100,short_61_120,Linear SVM decision score (jo probabilitet),1.1194668356190063,1,True,correct
linear_svm_c_1_0,1.0,fake_760,760,1,fake,Mj eku i njohur Pellumb Pipero jep lajmin e k eq: Pa ndemia mund të zgjasë deri në..,126,medium_121_250,Linear SVM decision score (jo probabilitet),0.5998889352329708,1,True,correct
linear_svm_c_1_0,1.0,fake_765,765,1,fake,"Intervistimi 4 ditor i Thaçit, Raportuesja për Kosovën bënë veprimin e papritur",210,medium_121_250,Linear SVM decision score (jo probabilitet),1.313837458228833,1,True,correct
linear_svm_c_1_0,1.0,fake_772,772,1,fake,"Ylli super seksi i ‘Victoria Secret’ kapet ‘mat’ nga paparacit, bikinit morën të gjithë vëmendjen",143,medium_121_250,Linear SVM decision score (jo probabilitet),0.9892397937013617,1,True,correct
linear_svm_c_1_0,1.0,fake_781,781,1,fake,Greqia: I dhimbshëm vendimi për xhaminë,120,short_61_120,Linear SVM decision score (jo probabilitet),0.9553289487785048,1,True,correct
linear_svm_c_1_0,1.0,fake_783,783,1,fake,Të marrësh kredi për të bërë fëmijë / historia emocionuese e çiftit që u bënë prindër pas 15 vitesh,135,medium_121_250,Linear SVM decision score (jo probabilitet),0.5039616382204659,1,True,correct
linear_svm_c_1_0,1.0,fake_788,788,1,fake,Albin Kurti e quan Zezaj Ministrin e Shëndetësisë,257,long_gt_250,Linear SVM decision score (jo probabilitet),0.3198394202650454,1,True,correct
linear_svm_c_1_0,1.0,fake_789,789,1,fake,"Zemaj deputetëve të VV’së: Ju jeni shëtit me paramilitarë, unë jam nip i Mic Sokolit",246,medium_121_250,Linear SVM decision score (jo probabilitet),-0.5498721081807192,0,False,false_negative
linear_svm_c_1_0,1.0,fake_793,793,1,fake,"Bëri dasmë në kohën e koronavirusit, Rama i bën shqiptarit atë që nuk e kishte parë as në ëndrrat më të k ëqija",134,medium_121_250,Linear SVM decision score (jo probabilitet),0.7320387587147847,1,True,correct
linear_svm_c_1_0,1.0,fake_803,803,1,fake,A do të mbyllen prapë xhamitë?,71,short_61_120,Linear SVM decision score (jo probabilitet),0.9811025991811595,1,True,correct
linear_svm_c_1_0,1.0,fake_808,808,1,fake,FËMlJA i a doptuar thotë DlÇKA në sallën e GJYQlT që prek z emrën e të GJlTHËVE,146,medium_121_250,Linear SVM decision score (jo probabilitet),0.6159598686326614,1,True,correct
linear_svm_c_1_0,1.0,fake_809,809,1,fake,Oj Qeveri: Ku mbetën 170 eurot që qytetarët janë në pritje të tyre ?,109,short_61_120,Linear SVM decision score (jo probabilitet),0.43839417999383923,1,True,correct
linear_svm_c_1_0,1.0,fake_825,825,1,fake,"Eskalon situata në Serbi, protesutesit futen në Kuvend",99,short_61_120,Linear SVM decision score (jo probabilitet),0.7850267808683088,1,True,correct
linear_svm_c_1_0,1.0,fake_830,830,1,fake,"‘Cmendet’ Moti Në Shqipëri, Shihni Çfarë Po Ndodh Në Plazhin E Borshit",100,short_61_120,Linear SVM decision score (jo probabilitet),1.202283211650034,1,True,correct
linear_svm_c_1_0,1.0,fake_833,833,1,fake,A paguhen 10 ditët e humbura të karantinës në Zvicër? Flet Shoqata e Sipermarrësve Zviceranë,251,long_gt_250,Linear SVM decision score (jo probabilitet),0.03575326696683567,1,True,correct
linear_svm_c_1_0,1.0,fake_835,835,1,fake,"Video Eksluzive:“Doja Të Bleja Shtëpi, Ai Ishte Ndërtuesi I Pallatit”, Alketa Vejsiu Rr Ëfen Hi Storinë! Si U Njoh Me Burrin: U Çmenda Pas Syve Të Tij",127,medium_121_250,Linear SVM decision score (jo probabilitet),0.8306908025875266,1,True,correct
linear_svm_c_1_0,1.0,fake_856,856,1,fake,"Gjermania planifikon vendimin e madh, ja qfarë pritet të ndodhë",149,medium_121_250,Linear SVM decision score (jo probabilitet),0.018091285927483103,1,True,correct
linear_svm_c_1_0,1.0,fake_858,858,1,fake,Çdo bëhet me këtë vend?! Zëri i Amerikës ia pl.as të vërtetën Shqipërisë: Më ulët se kurrë…,134,medium_121_250,Linear SVM decision score (jo probabilitet),0.4903824177202837,1,True,correct
linear_svm_c_1_0,1.0,fake_863,863,1,fake,"Video Eksluzive:“Shqiperia Ka Qene Greqi”, Këngëtarja E Njohur ‘Shp Ërthen’ Ndaj Arjan Çanit: Ky Njeri Duhet Te",105,short_61_120,Linear SVM decision score (jo probabilitet),0.8280924109276616,1,True,correct
linear_svm_c_1_0,1.0,fake_875,875,1,fake,"Labi gëzon vajzën me aftësi të kufizuara, ia dorëzon një karrocë të re (VIDEO)",139,medium_121_250,Linear SVM decision score (jo probabilitet),0.9950025674043304,1,True,correct
linear_svm_c_1_0,1.0,fake_880,880,1,fake,Kadri Veseli “kë.rcënon” ata që u pasuruan pa djersë,112,short_61_120,Linear SVM decision score (jo probabilitet),0.9213405501841324,1,True,correct
linear_svm_c_1_0,1.0,fake_887,887,1,fake,"Vjen një lajm shumë i keq për Kosovën dhe qytetarët e saj, KUJDES",112,short_61_120,Linear SVM decision score (jo probabilitet),1.4279427326316119,1,True,correct
linear_svm_c_1_0,1.0,fake_888,888,1,fake,Doktori i QKUK-së hedh vrer mbi politikanët kosovarë: A keni familje more politikuaj,92,short_61_120,Linear SVM decision score (jo probabilitet),0.8919339326484887,1,True,correct
linear_svm_c_1_0,1.0,fake_889,889,1,fake,"E Porsalindur Dhe Ecën, Publikohen Pamjet Mbreslënëse Dhe… (VIDEO EMOCIONUESE)",62,short_61_120,Linear SVM decision score (jo probabilitet),2.0352837175265024,1,True,correct
linear_svm_c_1_0,1.0,fake_890,890,1,fake,"Policia Nuk Kursehet Aspak Për Familjen Shqiptare, E Shpo.Rrin Me Urgjencë. 26-Vjeçarja Me Barkun Te Goja Bashkë Me Djalin 2 -Vjeçar",139,medium_121_250,Linear SVM decision score (jo probabilitet),0.6013212793084112,1,True,correct
linear_svm_c_1_0,1.0,fake_906,906,1,fake,Nga VV tregojnë nëse do ta pranojnë Vjosa Osmanin në parti,95,short_61_120,Linear SVM decision score (jo probabilitet),1.2273830562681598,1,True,correct
linear_svm_c_1_0,1.0,fake_907,907,1,fake,VIDEO EKSLUZIVE:Grida Duma: Edi Rama Ka Pro.Bleme Me Pastër.Tinë E Duarve…,98,short_61_120,Linear SVM decision score (jo probabilitet),1.7522942257724148,1,True,correct
linear_svm_c_1_0,1.0,fake_908,908,1,fake,VIDEO EKSLUZIVE:Ilir Meta E Financoi Me Parat E Dro.Ges Filmin E Bes Kallakut Dhe I Solli Dhe Dashnoren Bleonen Si Aktore…,138,medium_121_250,Linear SVM decision score (jo probabilitet),1.1248213983685147,1,True,correct
linear_svm_c_1_0,1.0,fake_910,910,1,fake,Kjo është mundësia e ardhjes së mërgimtarëve nga Gjermania,79,short_61_120,Linear SVM decision score (jo probabilitet),1.500614289530881,1,True,correct
linear_svm_c_1_0,1.0,fake_917,917,1,fake,"Rruga shnd.ërrohet në ri.ng, shoferi n.oka.uton tri herë shoferin tjetër",83,short_61_120,Linear SVM decision score (jo probabilitet),0.8985103353840456,1,True,correct
linear_svm_c_1_0,1.0,fake_931,931,1,fake,"Xheni dhe partnerja e saj duan të bëhen me fëmijë, ja kush do jetë dhuruesi",89,short_61_120,Linear SVM decision score (jo probabilitet),1.4471088346992593,1,True,correct
linear_svm_c_1_0,1.0,fake_938,938,1,fake,"Leje qëndrimi për punëtorët sezonalë në Itali, nis procesi, ja sa shqiptarë mund të përfitojnë…",104,short_61_120,Linear SVM decision score (jo probabilitet),1.2885697677686878,1,True,correct
linear_svm_c_1_0,1.0,fake_939,939,1,fake,(VIDEO) A Nuk Eshte Mrekulli? Momenti Kur Femija Shpetohet Nga Mb.Ytja Ne Pishine,106,short_61_120,Linear SVM decision score (jo probabilitet),0.8676010750636527,1,True,correct
linear_svm_c_1_0,1.0,fake_945,945,1,fake,"Exluzive Aeroplani Rrëzohet Në Det, Piloti Filmon Momentin E Shpëtimit Nga..",125,medium_121_250,Linear SVM decision score (jo probabilitet),0.40741441750615015,1,True,correct
linear_svm_c_1_0,1.0,fake_950,950,1,fake,"Zeka: Albin Kurti po nxit vëllavrasjen, mund të ketë lufte civile",83,short_61_120,Linear SVM decision score (jo probabilitet),1.496654618826595,1,True,correct
linear_svm_c_1_0,1.0,fake_965,965,1,fake,Çka nëse nuk mbahen dasmat këtë verë?,79,short_61_120,Linear SVM decision score (jo probabilitet),1.368240004187536,1,True,correct
linear_svm_c_1_0,1.0,fake_966,966,1,fake,"Arben, edhe ti a?🤦‍♂️",107,short_61_120,Linear SVM decision score (jo probabilitet),0.5282774224405707,1,True,correct
linear_svm_c_1_0,1.0,fake_974,974,1,fake,Engjellusha a je ti? Nuk i besova syve kur të shikova në plazhë!,90,short_61_120,Linear SVM decision score (jo probabilitet),0.000613947717729546,1,True,correct
linear_svm_c_1_0,1.0,fake_975,975,1,fake,"Flet Meda “Ja kam pa hajrin ktij populli, me shpi e kerra”",88,short_61_120,Linear SVM decision score (jo probabilitet),0.5584625228424016,1,True,correct
linear_svm_c_1_0,1.0,fake_979,979,1,fake,"Kosova në zgjedhje të jashtëzakonshme, Kjo është data!",186,medium_121_250,Linear SVM decision score (jo probabilitet),0.40653567498211807,1,True,correct
linear_svm_c_1_0,1.0,fake_988,988,1,fake,"Rexhaj ‘godet’ Nasim Haradinajn, o Nasim ti je banditi më i madh që ka Kosova",99,short_61_120,Linear SVM decision score (jo probabilitet),0.6869194490984888,1,True,correct
linear_svm_c_1_0,1.0,fake_991,991,1,fake,"Kështu u pritë jashtë Presidenti Thaçi, pas përfundimit të intervistimit në Hagë (Video)",107,short_61_120,Linear SVM decision score (jo probabilitet),0.5855684498075715,1,True,correct
linear_svm_c_1_0,1.0,fake_994,994,1,fake,Albin Kurti është takuar me fshehurazi me qeverinë e sërbisë mos i besoni ketij tradhtari o popull,172,medium_121_250,Linear SVM decision score (jo probabilitet),0.5658942264132092,1,True,correct
linear_svm_c_1_0,1.0,fake_1005,1005,1,fake,"Urime Kosovë! Në këtë datë në Korrik do hiqen Vizat, SHBA jep lajmin e madh",105,short_61_120,Linear SVM decision score (jo probabilitet),0.9763949688397705,1,True,correct
linear_svm_c_1_0,1.0,fake_1028,1028,1,fake,"BE i’a palon Grenellit: Bën veprimin e papritur për Kosovën, hiqen vizat për Kosovën??",261,long_gt_250,Linear SVM decision score (jo probabilitet),-0.3306041582196883,0,False,false_negative
linear_svm_c_1_0,1.0,fake_1034,1034,1,fake,"Rr’ahje mes dasmorëve në Prishtinë, bërtit “Nusja koka si Lop” (Video)",115,short_61_120,Linear SVM decision score (jo probabilitet),0.0595025025195417,1,True,correct
linear_svm_c_1_0,1.0,fake_1037,1037,1,fake,"Daçiq: Na jepni Veriun e Kosovës, pastaj fillojmë me bisedime!",344,long_gt_250,Linear SVM decision score (jo probabilitet),-0.4040204662890919,0,False,false_negative
linear_svm_c_1_0,1.0,fake_1042,1042,1,fake,"Afrim Muçiqi: Nëse nuk na lejohet puna, do t’i mbajmë dasmat në shesh apo livadhe",166,medium_121_250,Linear SVM decision score (jo probabilitet),-0.5016406350454181,0,False,false_negative
linear_svm_c_1_0,1.0,fake_1054,1054,1,fake,LAJMI FUNDIT: Vjosa Osmani antarsohet në Vetëvendosje ja detajet,96,short_61_120,Linear SVM decision score (jo probabilitet),0.4323390832529505,1,True,correct
linear_svm_c_1_0,1.0,fake_1055,1055,1,fake,SHBA vjen me Super Lajm Për Kosovën,286,long_gt_250,Linear SVM decision score (jo probabilitet),-0.6055090011105795,0,False,false_negative
linear_svm_c_1_0,1.0,fake_1064,1064,1,fake,Nuk do ta besoni se çka e paralajmëron Isa Mustafa Vjosën!,132,medium_121_250,Linear SVM decision score (jo probabilitet),-0.11098560567376564,0,False,false_negative
linear_svm_c_1_0,1.0,fake_1076,1076,1,fake,Isa Mustafa marrja e Qeverisë në këtë kohë është sakrificë që po bënë LDK-ja,103,short_61_120,Linear SVM decision score (jo probabilitet),0.5201977010388115,1,True,correct
linear_svm_c_1_0,1.0,fake_1079,1079,1,fake,Agim Veliu “godet“ Vjosen: Oj trashaluqe duhesh mi hjek killat për mu…..,152,medium_121_250,Linear SVM decision score (jo probabilitet),-0.09245527682371751,0,False,false_negative
linear_svm_c_1_0,1.0,fake_1081,1081,1,fake,"Isa Mustafa: Ne Shqiptarët e Kosovës jemi me Amerikën, kurse Albin Kurti….",81,short_61_120,Linear SVM decision score (jo probabilitet),0.1457362658208567,1,True,correct
linear_svm_c_1_0,1.0,fake_1084,1084,1,fake,E pabesueshme se çfarë vendimi pritet të merr Presidenti Hashim Thaçi nëse e…,107,short_61_120,Linear SVM decision score (jo probabilitet),0.8425774090882724,1,True,correct
linear_svm_c_1_0,1.0,fake_1085,1085,1,fake,Glauk Konjufca: Bëhuni gati…Nesër është vetëm nxemje!,170,medium_121_250,Linear SVM decision score (jo probabilitet),-0.5936227433621988,0,False,false_negative
linear_svm_c_1_0,1.0,fake_1090,1090,1,fake,Politikani Serb ‘zbulon’ dy politikanët e Kosovës që po bashkëpunojnë me…,176,medium_121_250,Linear SVM decision score (jo probabilitet),-0.18430831234314354,0,False,false_negative
linear_svm_c_1_0,1.0,fake_1092,1092,1,fake,"Abdulla Hoti “godet“ Lëvizjen Vetëvendosje, ja çka i thotë!",112,short_61_120,Linear SVM decision score (jo probabilitet),-0.013189649589289032,0,False,false_negative
linear_svm_c_1_0,1.0,fake_1101,1101,1,fake,Ky kombinim po i çmend të gjithë: Bëhu me fIokë duke përdorur bananen,194,medium_121_250,Linear SVM decision score (jo probabilitet),0.07042344628628533,1,True,correct
linear_svm_c_1_0,1.0,fake_1104,1104,1,fake,"Nuk hapen xhamitë as në ditët e fundit të Ramazanit, edhe ne Hoxhallarët duam pushim",378,long_gt_250,Linear SVM decision score (jo probabilitet),-0.5509636227208183,0,False,false_negative
linear_svm_c_1_0,1.0,fake_1106,1106,1,fake,"Behgjet Pacolli “befason“ me fjalë: E deshtët apo Jo, Halil Kastrati nuk ban “NONA“ tjetër në Shqiptari",75,short_61_120,Linear SVM decision score (jo probabilitet),0.37639555313959294,1,True,correct
linear_svm_c_1_0,1.0,fake_1108,1108,1,fake,Vjosa po vjen me parti të re politike me 9 deputet!,44,very_short_le_60,Linear SVM decision score (jo probabilitet),0.5379867067700317,1,True,correct
linear_svm_c_1_0,1.0,fake_1117,1117,1,fake,"Albin Kurtit do ti ndodhë më e keqja, Ja çka paralajmëron Pacolli",362,long_gt_250,Linear SVM decision score (jo probabilitet),0.40090210676214827,1,True,correct
linear_svm_c_1_0,1.0,fake_1119,1119,1,fake,Detaje të reja: Zbulohen mesazhet zyrtare për rastin e 26 vjeçarit që vdiq dje në Qendrën e Studentëve,84,short_61_120,Linear SVM decision score (jo probabilitet),-0.12917467740239957,0,False,false_negative
linear_svm_c_1_0,1.0,fake_1121,1121,1,fake,Vali Corleone flet për Hashim Thaçin e Albin Kurtin: Ja kush janë këta!,73,short_61_120,Linear SVM decision score (jo probabilitet),0.5873270642846933,1,True,correct
linear_svm_c_1_0,1.0,fake_1135,1135,1,fake,Hoxhaj: Kurr sdo të bëhet mirë pa ardhur në krye të Kosovës Kadri Veseli,107,short_61_120,Linear SVM decision score (jo probabilitet),1.3972777589580399,1,True,correct
linear_svm_c_1_0,1.0,fake_1138,1138,1,fake,Hyn dhe Voto dr. Shefqet Krasniqin për imam të xhamisë së re në Prishtinë,104,short_61_120,Linear SVM decision score (jo probabilitet),0.7284807551630947,1,True,correct
linear_svm_c_1_0,1.0,fake_1165,1165,1,fake,Çmimi i lartë do tju trondit se sa do të kushtojë një vaksinë anti-korona që e keni patjetër ta merrni!,86,short_61_120,Linear SVM decision score (jo probabilitet),1.6596484608750992,1,True,correct
linear_svm_c_1_0,1.0,fake_1174,1174,1,fake,"Vjen thirrja e fundit për zgjedhje të parakohshme, pas Albinit e penzionojnë edhe Avdullah Hotin",104,short_61_120,Linear SVM decision score (jo probabilitet),0.558902071497225,1,True,correct
linear_svm_c_1_0,1.0,fake_1179,1179,1,fake,"Bekim Jashari: Albin Kurti , ‘Nuse e mirë po duket por t’ja shohim çeizin’!",110,short_61_120,Linear SVM decision score (jo probabilitet),1.2492656892775302,1,True,correct
linear_svm_c_1_0,1.0,fake_1180,1180,1,fake,"Avdullah Hoti fyen rëndë të gjithë myslimanët që falën nëpër xhami, duke i quajtur…?",81,short_61_120,Linear SVM decision score (jo probabilitet),0.7770380992035508,1,True,correct
linear_svm_c_1_0,1.0,fake_1183,1183,1,fake,"Kadri Veseli e ‘pren’ punën e xhamisë, nuk do ta besoni se a dha lejen për ndërtimin apo jo?",88,short_61_120,Linear SVM decision score (jo probabilitet),-0.15025305511402925,0,False,false_negative
linear_svm_c_1_0,1.0,fake_1186,1186,1,fake,"I gjithë shteti në Alarm, Ja ‘Lajmin që e solli nga Haga’ Hashim Thaçi dhe Kadri Veseli",99,short_61_120,Linear SVM decision score (jo probabilitet),1.3386371015927578,1,True,correct
linear_svm_c_1_0,1.0,fake_1191,1191,1,fake,"Specialisti italian na i qetëzoi zemrat të gjithëve: ‘Kjo është e vërteta e koronavirusit, mos bini pre e biznismenëve’",91,short_61_120,Linear SVM decision score (jo probabilitet),1.7952788855371655,1,True,correct
linear_svm_c_1_0,1.0,fake_1194,1194,1,fake,"Media Gjermane: Merkel është e përfshirë në një skandal, ndihmoi Hashim Thaçin me 2 miliardë Euro?",90,short_61_120,Linear SVM decision score (jo probabilitet),0.937404160455722,1,True,correct
linear_svm_c_1_0,1.0,fake_1197,1197,1,fake,Urime KOSOVË / Qeveria e Izraelit zyrtarisht ofron këtë ndihmë pë çdo qytetar të Kosovës,96,short_61_120,Linear SVM decision score (jo probabilitet),0.7523386995887826,1,True,correct
linear_svm_c_1_0,1.0,fake_1199,1199,1,fake,"Pse shumë njerëz po dështojnë? Cili meriton të kalon i pari, i dyti dhe i fundit?",109,short_61_120,Linear SVM decision score (jo probabilitet),1.7038001847511315,1,True,correct
linear_svm_c_1_0,1.0,fake_1224,1224,1,fake,"Ndërron jetë Luan Bajra pak ditë para martesës, i riu vuante nga kjo sëmundje! Ngushllime familjes Bajra",77,short_61_120,Linear SVM decision score (jo probabilitet),1.1367420809290794,1,True,correct
linear_svm_c_1_0,1.0,fake_1226,1226,1,fake,URIME NA QOFTË / Oxford jep rezultatet e para pozitive të vaksinës që zhduk tërësisht virusin,74,short_61_120,Linear SVM decision score (jo probabilitet),1.301745106789043,1,True,correct
linear_svm_c_1_0,1.0,fake_1230,1230,1,fake,"Vjosa Osmani me lot në sy pranon largimin e saj nga politika, fjalimi i plotë i saj…?",87,short_61_120,Linear SVM decision score (jo probabilitet),1.6367664543255913,1,True,correct
linear_svm_c_1_0,1.0,fake_1234,1234,1,fake,"Viola Cramon ‘trondet’ Kosovën, tregon se cilët dy politikan i than ‘Mos nai liberalizoni vizat pa i fitu na zgjedhjet’",103,short_61_120,Linear SVM decision score (jo probabilitet),1.0228258051555759,1,True,correct
linear_svm_c_1_0,1.0,fake_1243,1243,1,fake,"Historike / DELAWIE: ‘O burra, ne ta harron Serbia që SHBA hjek dor nga Kosova, për at Zot i dua si vëllezër’",99,short_61_120,Linear SVM decision score (jo probabilitet),1.2580357686156114,1,True,correct
linear_svm_c_1_0,1.0,fake_1245,1245,1,fake,"Hyri brenda në qabe dhe filmoi pamje nga brenda, u ‘trondit’ nga ajo që pa sepse se kishte menduar kurrë këtë?",84,short_61_120,Linear SVM decision score (jo probabilitet),1.9910446393546388,1,True,correct
linear_svm_c_1_0,1.0,fake_1246,1246,1,fake,"Çmime jashtëzakonisht të ulëta në këto dyqane për shopping, NXITONI URGJENTISHT",87,short_61_120,Linear SVM decision score (jo probabilitet),1.1420945739598636,1,True,correct
linear_svm_c_1_0,1.0,fake_1260,1260,1,fake,"Skena shumë të nxehta, çmendet Edona Llalloshi dhe bën rezil udhëheqësen te ‘Shiko kush luan’",93,short_61_120,Linear SVM decision score (jo probabilitet),1.385693972931108,1,True,correct
linear_svm_c_1_0,1.0,fake_1266,1266,1,fake,LAJMI I FUNDIT Nga Gjermania – BE-ja më në fund iberalizohen vizat për Kosovarët,98,short_61_120,Linear SVM decision score (jo probabilitet),2.0894051842105905,1,True,correct
linear_svm_c_1_0,1.0,fake_1274,1274,1,fake,Mustafa Nano e tepron / E vetmja shpresë për shqiptarin është ardhja e Albin Kurtit në pushtet,78,short_61_120,Linear SVM decision score (jo probabilitet),1.9117585185998431,1,True,correct
linear_svm_c_1_0,1.0,fake_1275,1275,1,fake,"Mjer KOSOVA / Vuçiq e bën ‘hor’ Avduallah Hotin para BE-së, kurse Hoti vetëm shikon si i çmendur",98,short_61_120,Linear SVM decision score (jo probabilitet),1.5447929188152858,1,True,correct
linear_svm_c_1_0,1.0,fake_1279,1279,1,fake,"Ramiz Lladrovci: Pishpirikat e Vetëvendosjes nuk ti baj hesap, Albini Kurti ngelafç ngat mu?",106,short_61_120,Linear SVM decision score (jo probabilitet),1.7918349690477566,1,True,correct
linear_svm_c_1_0,1.0,fake_1285,1285,1,fake,"Kur e pyetën Albert Ajnshtajnin a besonte në Zot, përgjigja e tij la pa frymë gjith Botën",111,short_61_120,Linear SVM decision score (jo probabilitet),1.1069826232899511,1,True,correct
linear_svm_c_1_0,1.0,fake_1290,1290,1,fake,"URIME NA QOFTË / Mbyllen votimet në Maqedoninë e Veriut, shpallet kryeministri i parë shqipëtar atje",89,short_61_120,Linear SVM decision score (jo probabilitet),0.4667909761490393,1,True,correct
linear_svm_c_1_0,1.0,fake_1291,1291,1,fake,Artan Abrashi i VV-së / Krimineli Hashim Thaçi duheshte të jep dorëheqje para se të shkonte sepse sdo të kthehet?,99,short_61_120,Linear SVM decision score (jo probabilitet),1.595175020847504,1,True,correct
linear_svm_c_1_0,1.0,fake_1293,1293,1,fake,"Pas di vorcit, nëna gjen të d ashur: Ky është mesazhi që fëmijët kanë për t’i dhënë!",87,short_61_120,Linear SVM decision score (jo probabilitet),1.270040535198219,1,True,correct
linear_svm_c_1_0,1.0,fake_1302,1302,1,fake,"BISEDA SEKRETE: Clinton-D’Alema më 23 mars, 1999 për ndërhyrjën e NATO-së në Kosovë",94,short_61_120,Linear SVM decision score (jo probabilitet),1.181665419548503,1,True,correct
linear_svm_c_1_0,1.0,fake_1311,1311,1,fake,EKSKLUZIVE / Këto pamje të filmuara në 1999 të Gani Gecit bëjnë të qarta debatet e këtyre 20 viteve,100,short_61_120,Linear SVM decision score (jo probabilitet),0.7632042349065601,1,True,correct
linear_svm_c_1_0,1.0,fake_1314,1314,1,fake,Hashim Thaçi ‘çartet’ dhe dridh gjithë Amerikën me fjalimin e tij për KOSOVËN HEROIKE,112,short_61_120,Linear SVM decision score (jo probabilitet),0.8869284278086846,1,True,correct
linear_svm_c_1_0,1.0,fake_1320,1320,1,fake,Gent Cakaj: Kur është në pyetje UÇK-ja duhet të jemi 1 or kafsha të pista të Kosovës,86,short_61_120,Linear SVM decision score (jo probabilitet),0.7502330697090793,1,True,correct
linear_svm_c_1_0,1.0,fake_1324,1324,1,fake,Mërgimtarët shqipëtar përlotin Hashim Thaçin me befasinë që ia bënë para Gjykatës së Hagës,87,short_61_120,Linear SVM decision score (jo probabilitet),1.9641031415278805,1,True,correct
linear_svm_c_1_0,1.0,fake_1325,1325,1,fake,"Prifti shqipëtar Don Zefi: Ne shqipëtarët katolik vëllezër i kemi grekët dhe serbet,",103,short_61_120,Linear SVM decision score (jo probabilitet),1.9316488236651497,1,True,correct
linear_svm_c_1_0,1.0,fake_1334,1334,1,fake,"E Fundit / Shkarkohet presidenti i Shqipërisë Ilir Meta, komisioni hetimor raporton që?",97,short_61_120,Linear SVM decision score (jo probabilitet),0.13860353710995632,1,True,correct
linear_svm_c_1_0,1.0,fake_1336,1336,1,fake,"Nuk e pranuan Hashim Thaçin në shtëpi, vjen reagimi i Bekim Jasharit ku tregon arsyen se pse?",102,short_61_120,Linear SVM decision score (jo probabilitet),1.1744208552110809,1,True,correct
linear_svm_c_1_0,1.0,fake_1346,1346,1,fake,Nga nesër bllokim i plotë i lëvizjes së qytetarëve në këto komuna të Kosovës?,95,short_61_120,Linear SVM decision score (jo probabilitet),1.3424116697028787,1,True,correct
linear_svm_c_1_0,1.0,fake_1351,1351,1,fake,Urime Kosovë / Grenell zyrtarisht jep datën kur mund kosovarët të udhëtojnë PA VIZA?,98,short_61_120,Linear SVM decision score (jo probabilitet),1.6782706847277336,1,True,correct
linear_svm_c_1_0,1.0,fake_1365,1365,1,fake,Shkëlzen Gashi: Kur un ju thoja nuk e besojshit të vërtetën e UÇK-së,99,short_61_120,Linear SVM decision score (jo probabilitet),1.2907148853717147,1,True,correct
linear_svm_c_1_0,1.0,fake_1371,1371,1,fake,Dokumenti i CIA 1978: Ky ishte politikani që i dha tokat shqipëtare Greqisë,101,short_61_120,Linear SVM decision score (jo probabilitet),0.9257525851495174,1,True,correct
linear_svm_c_1_0,1.0,fake_1379,1379,1,fake,"Shefqet Krasniqi: Mos keni frik nga ky virus, nëse e keni të shkruar do tjesh i fundit që dot kap",86,short_61_120,Linear SVM decision score (jo probabilitet),0.6640718469859195,1,True,correct
linear_svm_c_1_0,1.0,fake_1382,1382,1,fake,‘Dorëzohet Sërbia’ / Numri i viktimave nga virusi në Sërbi thyen rekordin botëror,74,short_61_120,Linear SVM decision score (jo probabilitet),1.2513870467693398,1,True,correct
linear_svm_c_1_0,1.0,fake_1385,1385,1,fake,Merkel ia terron Vuçiqit me këtë kërkesë që ia bëri në lidhje me kufijtë dhe njohjen e pavarsisë së Kosovës,87,short_61_120,Linear SVM decision score (jo probabilitet),1.4711664547516277,1,True,correct
linear_svm_c_1_0,1.0,fake_1395,1395,1,fake,Krijesë e huaj misterioze me ‘krahët që duken njerëzore’ i vë në dyshim mendjet e njerëzve,85,short_61_120,Linear SVM decision score (jo probabilitet),1.4914220924482944,1,True,correct
linear_svm_c_1_0,1.0,fake_1396,1396,1,fake,Ju Lutem Shpërndaje Që Ta shohin Gjithë / Ja se çfarë po ju ndodh qytetarëve që po udhëtojnë për në Europë,93,short_61_120,Linear SVM decision score (jo probabilitet),1.12328730968279,1,True,correct
linear_svm_c_1_0,1.0,fake_1413,1413,1,fake,Publikohen për herë të parë fotot e Anisa Josifit në shtratin e vd ekjes,100,short_61_120,Linear SVM decision score (jo probabilitet),0.9269846162023572,1,True,correct
linear_svm_c_1_0,1.0,fake_1415,1415,1,fake,Italia merr vendim të prerë për shtetin e Kosovës dhe bën apel në gjithë Europën për izolim 24 muajsh?,86,short_61_120,Linear SVM decision score (jo probabilitet),1.2721964641254964,1,True,correct
linear_svm_c_1_0,1.0,fake_1420,1420,1,fake,"Molliqaj: Hashim Thaçi nuk është anti-amerikan, është k riminel!",71,short_61_120,Linear SVM decision score (jo probabilitet),1.8875032665141747,1,True,correct
linear_svm_c_1_0,1.0,fake_1424,1424,1,fake,Plaku nga Kosova: Evropa i ka borxh Kosovës,72,short_61_120,Linear SVM decision score (jo probabilitet),1.3092441634337357,1,True,correct
linear_svm_c_1_0,1.0,fake_1426,1426,1,fake,LAJM I FUNDIT:Nuk do mund ta besoni se ku ndodhet në Këto momente Hashim Thaçi,86,short_61_120,Linear SVM decision score (jo probabilitet),2.3188604717465986,1,True,correct
linear_svm_c_1_0,1.0,fake_1432,1432,1,fake,Këta zyrtarë priten të largohen nga LDK-ja! arsyeja shkarkimi Vjoses?,76,short_61_120,Linear SVM decision score (jo probabilitet),1.4578766943785,1,True,correct
linear_svm_c_1_0,1.0,fake_1434,1434,1,fake,A do të vazhdojë të jetë antare e LDKsë? Ja çka thotë Osmani,77,short_61_120,Linear SVM decision score (jo probabilitet),1.8876481951089215,1,True,correct
linear_svm_c_1_0,1.0,fake_1441,1441,1,fake,Zbulohet vendin ku ndodhen 28 ton flori!,103,short_61_120,Linear SVM decision score (jo probabilitet),0.8701922881647987,1,True,correct
linear_svm_c_1_0,1.0,fake_1450,1450,1,fake,"Besa Gaxherri: Vjosa Duhet Të Matet, Nuk Është E Rrugës Me Luftu Shtëpinë E Vet",91,short_61_120,Linear SVM decision score (jo probabilitet),1.25638528139613,1,True,correct
linear_svm_c_1_0,1.0,fake_1451,1451,1,fake,"Erdogan ndan lajmin më të keq pas pandemisë së fundit, shpreh ngushllimet e tij të sinqerta",86,short_61_120,Linear SVM decision score (jo probabilitet),0.9798733154981323,1,True,correct
linear_svm_c_1_0,1.0,fake_1454,1454,1,fake,"I dërgon gabimisht shefit një foto pa rroba, përgjigja e tij e lë pa fjalë",96,short_61_120,Linear SVM decision score (jo probabilitet),1.3267464108517408,1,True,correct
linear_svm_c_1_0,1.0,fake_1461,1461,1,fake,Djaloshi ne Prishtine gjen 1450 Euro dhe nje qeles te vetures.,99,short_61_120,Linear SVM decision score (jo probabilitet),1.8009178131615953,1,True,correct
linear_svm_c_1_0,1.0,fake_1465,1465,1,fake,"Gjermania në kërkim të 472 mijë punëtorëve, këto janë profilet më të kërkuara",88,short_61_120,Linear SVM decision score (jo probabilitet),0.6598767181626684,1,True,correct
linear_svm_c_1_0,1.0,fake_1466,1466,1,fake,"Ky pe.nsioner mbante një th.esar në shtëpi, nuk e dinte",94,short_61_120,Linear SVM decision score (jo probabilitet),1.1740617176613553,1,True,correct
linear_svm_c_1_0,1.0,fake_1473,1473,1,fake,"Karkalecat pushtojnë Lindjen e Mesme, bll.okohet qarkullimi i automjeteve",93,short_61_120,Linear SVM decision score (jo probabilitet),0.6552761282917782,1,True,correct
linear_svm_c_1_0,1.0,fake_1474,1474,1,fake,Christopher Hill rrë.fen momente të lu.ftës në Kosovë: Çfarë më tha Millosheviçi pas takimit me UÇK-në,101,short_61_120,Linear SVM decision score (jo probabilitet),0.6605934278470108,1,True,correct
linear_svm_c_1_0,1.0,fake_1475,1475,1,fake,Nuk keni pë ta besuar se cila këngëtare kosovare është kjo vogëlushe,96,short_61_120,Linear SVM decision score (jo probabilitet),0.8071486995141669,1,True,correct
linear_svm_c_1_0,1.0,fake_1484,1484,1,fake,"E mbajti të fshehtë, futbollisti shqiptar bëhet baba për herë të parë",88,short_61_120,Linear SVM decision score (jo probabilitet),0.46920625223845913,1,True,correct
linear_svm_c_1_0,1.0,fake_1488,1488,1,fake,Kilogrami shitet 0ër 1.000 Euro / Gjenden në këtë vend,80,short_61_120,Linear SVM decision score (jo probabilitet),0.5843940412191495,1,True,correct
linear_svm_c_1_0,1.0,fake_1492,1492,1,fake,Vjosa Osmani po i bashkohet LVV ? Edhe zogjtë e malit e dinë ..,92,short_61_120,Linear SVM decision score (jo probabilitet),0.8916882158717511,1,True,correct
linear_svm_c_1_0,1.0,fake_1498,1498,1,fake,"Hapi i madh i Ramës, arreston zyrtarin e larte te LVV / Reagon Kurti ..",95,short_61_120,Linear SVM decision score (jo probabilitet),0.5325104602404639,1,True,correct
linear_svm_c_1_0,1.0,fake_1503,1503,1,fake,"Afrim Muqiqi jep lajmin e madh, nga kjo datë dasmat do të bahen dhe urime të gjithëve",83,short_61_120,Linear SVM decision score (jo probabilitet),1.440469961649351,1,True,correct
linear_svm_c_1_0,1.0,fake_1511,1511,1,fake,"Ak sident i tm errshëm , treni g odet veturën me 5 u dhëtarë",90,short_61_120,Linear SVM decision score (jo probabilitet),1.0575954384498718,1,True,correct
linear_svm_c_1_0,1.0,fake_1513,1513,1,fake,"Ky është shteti, qytetarët e të cilit tr.adhtojnë më shumë partnerin",99,short_61_120,Linear SVM decision score (jo probabilitet),1.0324439289735963,1,True,correct
linear_svm_c_1_0,1.0,fake_1519,1519,1,fake,"Dorëzohet Vuçiqi, vendos ta pranon Republikën e Kosovës për shkak të kësaj arsye?",73,short_61_120,Linear SVM decision score (jo probabilitet),1.6134106357183327,1,True,correct
linear_svm_c_1_0,1.0,fake_1531,1531,1,fake,"E fundit! Shp.ërthen bo.mbula e gazit, e moshuara në gjendje të rëndë",92,short_61_120,Linear SVM decision score (jo probabilitet),0.4192302603825353,1,True,correct
linear_svm_c_1_0,1.0,fake_1533,1533,1,fake,EKSLUZIVE – Ja kush po i kerkon Albinit debat televiziv nuk do ta besoni,87,short_61_120,Linear SVM decision score (jo probabilitet),2.162913205351789,1,True,correct
linear_svm_c_1_0,1.0,fake_1538,1538,1,fake,"Ndërron jetë këngëtarja e njohur, pati g.oditje në tru",78,short_61_120,Linear SVM decision score (jo probabilitet),0.47527150470577134,1,True,correct
linear_svm_c_1_0,1.0,fake_1542,1542,1,fake,"HlSTORlA e shqiptarit që ka HABlTUR rrjetet sociaIe, a ja vIen të Ie gruan për rusen e pasur",100,short_61_120,Linear SVM decision score (jo probabilitet),0.8531124635010211,1,True,correct
linear_svm_c_1_0,1.0,fake_1544,1544,1,fake,"Gold AG p ublikon këngën e re, krejt Mediat serbe po shkruajn",88,short_61_120,Linear SVM decision score (jo probabilitet),0.9158541072943117,1,True,correct
linear_svm_c_1_0,1.0,fake_1545,1545,1,fake,Nuk do ta besoni qfare thote Glauk Konjufca per kreun e LVV-se,90,short_61_120,Linear SVM decision score (jo probabilitet),1.2592221502266143,1,True,correct
linear_svm_c_1_0,1.0,fake_1547,1547,1,fake,"Izraeli apo Turqia, cila e ka u shtrinë më të fortë",81,short_61_120,Linear SVM decision score (jo probabilitet),0.20387988383761607,1,True,correct
linear_svm_c_1_0,1.0,fake_1551,1551,1,fake,"Presidentja E Kroacisë I’a Thotë Në Sy Mogherinit: Kosovës Duhet Të I’a Jepni Liberalizimin, Sepse Kosovarët E Meritojnë Këtë Gjë Dhe Shumë Gjëra Tjera!",91,short_61_120,Linear SVM decision score (jo probabilitet),1.3514121983819516,1,True,correct
linear_svm_c_1_0,1.0,fake_1552,1552,1,fake,E pabesueshme: Adelina rr.ëfen se si e ka kapur politikanin e njohur duke vje.dhur para,90,short_61_120,Linear SVM decision score (jo probabilitet),1.3003573687304932,1,True,correct
linear_svm_c_1_0,1.0,fake_1556,1556,1,fake,Jam tri.shtuar nga vd.ekja tra.gjike e të riut 26-vjeçar nga Gjilani,92,short_61_120,Linear SVM decision score (jo probabilitet),0.9233512503023316,1,True,correct
linear_svm_c_1_0,1.0,fake_1557,1557,1,fake,"E FUNDIT: Paralajmërimi i Kurtit dr.idh Kosoven, ja qka tha",96,short_61_120,Linear SVM decision score (jo probabilitet),1.9318502308116219,1,True,correct
linear_svm_c_1_0,1.0,fake_1563,1563,1,fake,"Pacolli: Telefonin e kam përplot me kë.rcënime, jam i fr.ikësuar nga militantet e VV-së!!",100,short_61_120,Linear SVM decision score (jo probabilitet),0.8245881473731527,1,True,correct
linear_svm_c_1_0,1.0,fake_1564,1564,1,fake,"LDK para cop.ëtimit – ka përpl.asje të mëdha, zbulohet se disa figura të larta partiake",92,short_61_120,Linear SVM decision score (jo probabilitet),0.8208270164715656,1,True,correct
linear_svm_c_1_0,1.0,fake_1567,1567,1,fake,"Po pastronte shtëpinë e gjyshërve kur gjeti diçka në dysheme, kur e hapi u sh.okua nga ajo që pa",114,short_61_120,Linear SVM decision score (jo probabilitet),1.185909259264467,1,True,correct
linear_svm_c_1_0,1.0,fake_1568,1568,1,fake,Lajm i mire/ Me ne fund del data se kur do levizim me makina pa marr leje,97,short_61_120,Linear SVM decision score (jo probabilitet),1.1576077088074024,1,True,correct
linear_svm_c_1_0,1.0,fake_1569,1569,1,fake,Rama pu.blikon statistikat/ Shqipëria vendi europian që ka menaxhuar më mirë situatën e CoVi.d-19,111,short_61_120,Linear SVM decision score (jo probabilitet),0.8469115006058979,1,True,correct
linear_svm_c_1_0,1.0,fake_1574,1574,1,fake,Nuk ishte t.ërmet as v.ullkan por diçka e fr.ikshme që rallë kush …,99,short_61_120,Linear SVM decision score (jo probabilitet),0.916915204349936,1,True,correct
linear_svm_c_1_0,1.0,fake_1593,1593,1,fake,Lajmi tr.ondit mediat greke e italiane: Nexhmija e dinte që Enveri…,101,short_61_120,Linear SVM decision score (jo probabilitet),0.676418682466722,1,True,correct
linear_svm_c_1_0,1.0,fake_1594,1594,1,fake,"Pamje shokuese , gruaja hidhet nga ballkoni i PALLATIT ! (Video)",55,very_short_le_60,Linear SVM decision score (jo probabilitet),1.2846122914123266,1,True,correct
linear_svm_c_1_0,1.0,fake_1601,1601,1,fake,Vjen SUPER LAJMI Italianët bëjnë zbulimin që do na rikthejë në normalitet nga COVID-19,192,medium_121_250,Linear SVM decision score (jo probabilitet),0.9886767442202349,1,True,correct
linear_svm_c_1_0,1.0,fake_1606,1606,1,fake,"LAJMI I FUNDIT: E shpërfilli  virusin COVID-19, Presidenti del Pozitiv i…!",122,medium_121_250,Linear SVM decision score (jo probabilitet),0.35715466451770683,1,True,correct
linear_svm_c_1_0,1.0,fake_1609,1609,1,fake,"LAJMI I FUNDIT: Ky është super lajm,Mjeku jep shpresë  sa i perket COVID-19, për popullin e Kosovës!",127,medium_121_250,Linear SVM decision score (jo probabilitet),1.1211780935953435,1,True,correct
linear_svm_c_1_0,1.0,fake_1610,1610,1,fake,"LAJMI I FUNDIT: Tronditet skena politike, pas shum rastev me Koronavirus jep doreheqje Ministri i Shendetsise në…!",150,medium_121_250,Linear SVM decision score (jo probabilitet),0.6837632862174341,1,True,correct
linear_svm_c_1_0,1.0,fake_1611,1611,1,fake,E FUNDIT: Do befasoheni Çfarë i bëri sot bashkë Vjosa Osmanin dhe Albin Kurtin?,113,short_61_120,Linear SVM decision score (jo probabilitet),1.3194125861900208,1,True,correct
linear_svm_c_1_0,1.0,fake_1613,1613,1,fake,"Veton Surroi: UÇK nuk ishte ushtri çlirimtare, po kan lyp me…!",122,medium_121_250,Linear SVM decision score (jo probabilitet),0.8111007473701288,1,True,correct
linear_svm_c_1_0,1.0,fake_1616,1616,1,fake,"LAJM I PAPRITUR KY!: Vjosa Osmani Presidente e vendit, ja si dhe kur mund të ndodh?",149,medium_121_250,Linear SVM decision score (jo probabilitet),1.6394874174950567,1,True,correct
linear_svm_c_1_0,1.0,fake_1619,1619,1,fake,Fatmir Limaj: ”Albini as pragun ska me kalu ne Zgjedhje te reja keni me pa O Popull”? – VIDEO,114,short_61_120,Linear SVM decision score (jo probabilitet),1.740575470614919,1,True,correct
linear_svm_c_1_0,1.0,fake_1622,1622,1,fake,Shpërthen Ganimete Musliu kundër VV-së: Të pafytyrë e po t’ja…!,118,short_61_120,Linear SVM decision score (jo probabilitet),0.4570333289007803,1,True,correct
linear_svm_c_1_0,1.0,fake_1624,1624,1,fake,"LAJMI I FUNDIT: Pas aktakuzës ndaj Thaçit e Veselit, PDK merr këtë vendim te papritur nga askush..!",132,medium_121_250,Linear SVM decision score (jo probabilitet),0.9352179218680119,1,True,correct
linear_svm_c_1_0,1.0,fake_1625,1625,1,fake,"Kjo video nga Glauk Konjufca ta bën Zemrën mal, Ja çka thoshte ai për Gjykatën Speciale",85,short_61_120,Linear SVM decision score (jo probabilitet),0.968857399939044,1,True,correct
linear_svm_c_1_0,1.0,fake_1641,1641,1,fake,Tunës ka përfunduar në këtë gjendje pas shum se…!,78,short_61_120,Linear SVM decision score (jo probabilitet),-0.022813422682277318,0,False,false_negative
linear_svm_c_1_0,1.0,fake_1647,1647,1,fake,"Nuk është më kryeministër, por Oriola tregon hapur simpatinë e saj për Albin Kurtin",104,short_61_120,Linear SVM decision score (jo probabilitet),1.1760497200970594,1,True,correct
linear_svm_c_1_0,1.0,fake_1648,1648,1,fake,Godet Thaci : o Albin e more popullin nqaf me ato protesta shikoje numrin e te inf ekt uarve o ti po lyp…?,92,short_61_120,Linear SVM decision score (jo probabilitet),1.3745197455839013,1,True,correct
linear_svm_c_1_0,1.0,fake_1653,1653,1,fake,Mjeku shqiptar trondit botën: Ja çfarë i pret të gjithë njerëzit e prekur nga COVID-19,375,long_gt_250,Linear SVM decision score (jo probabilitet),0.3034851494144263,1,True,correct
linear_svm_c_1_0,1.0,fake_1655,1655,1,fake,LAJMI I FUNDIT – Ja cili politikan i VV-s do te arrestohet nga Gjykata Speciale,118,short_61_120,Linear SVM decision score (jo probabilitet),1.5897006412615686,1,True,correct
linear_svm_c_1_0,1.0,fake_1659,1659,1,fake,Kallashi O Albin Ta Hongsha Zemren Ty Je Zemra Kosoves Per Ty Kisha Vallzu Tanë Naten Ne…,151,medium_121_250,Linear SVM decision score (jo probabilitet),2.325167329746771,1,True,correct
linear_svm_c_1_0,1.0,fake_1660,1660,1,fake,"Kosovë, Pacienti Me Koronavirus Nga Spitali I Qon “Selam“ Labinot Tahirit (Video)",129,medium_121_250,Linear SVM decision score (jo probabilitet),1.6841195310161516,1,True,correct
linear_svm_c_1_0,1.0,fake_1667,1667,1,fake,"VIDEO EKSLUZIVE:Nëse Ke Ndonjë Nga Këto Monedha, Mund Të Bëhesh Shumë I Pasur Ja Pse",196,medium_121_250,Linear SVM decision score (jo probabilitet),0.6893844604437875,1,True,correct
linear_svm_c_1_0,1.0,fake_1674,1674,1,fake,LAJMI I FUNDIT – Bota po perballet nga nje rre zik tjeter ja per qfar behet fjale,145,medium_121_250,Linear SVM decision score (jo probabilitet),0.918414055145587,1,True,correct
linear_svm_c_1_0,1.0,fake_1675,1675,1,fake,Befason Thaçi: ‘Sa tjem gjall une Albini asnjehere nuk do te vendos per Kosoven sdo ta lejoj me…!,198,medium_121_250,Linear SVM decision score (jo probabilitet),0.8598360504060049,1,True,correct
linear_svm_c_1_0,1.0,fake_1676,1676,1,fake,Fatos Lubonja: Hashim Thaçi ka ber vepra te k eqia ndaj serbë të pafajshëm!! Ska vy me i bo,247,medium_121_250,Linear SVM decision score (jo probabilitet),0.9668426148150713,1,True,correct
linear_svm_c_1_0,1.0,fake_1687,1687,1,fake,Kjo Grua Nga Prishtina Në Ballkon Dhe Ajo Që Bën Më Ç.Mend Kalimtaret.. (Video),134,medium_121_250,Linear SVM decision score (jo probabilitet),0.8063117664418742,1,True,correct
linear_svm_c_1_0,1.0,fake_1692,1692,1,fake,LAJMI I FUNDIT – Nuk do ta besoni qfar do te ndodhe ne Kosove,135,medium_121_250,Linear SVM decision score (jo probabilitet),0.28723164797721396,1,True,correct
linear_svm_c_1_0,1.0,fake_1697,1697,1,fake,Shpallja e gjendjes së jashtëzakonshme në Kosovë/ Nuk do të ketë bllokim të plotë,167,medium_121_250,Linear SVM decision score (jo probabilitet),1.789296855572115,1,True,correct
linear_svm_c_1_0,1.0,fake_1698,1698,1,fake,"Prekese: Sot u bëra nene pas 10 viteve martes, jam Nene e Trinjakëve, kush me uron i dhent Zoti ate qe i mungon ..",221,medium_121_250,Linear SVM decision score (jo probabilitet),2.22086212860206,1,True,correct
linear_svm_c_1_0,1.0,fake_1700,1700,1,fake,"Pipero: Jep lajmin e madh që e kemi pritur të gjithë, “Koronavirusi nuk do të…”",229,medium_121_250,Linear SVM decision score (jo probabilitet),0.17561347991560083,1,True,correct
linear_svm_c_1_0,1.0,fake_1711,1711,1,fake,Video Eksluzive: Shikojeni Çka I Ndodhi Ketij Mërgimtarit Nga Kosova Në Finlandë,173,medium_121_250,Linear SVM decision score (jo probabilitet),0.6342975385738756,1,True,correct
linear_svm_c_1_0,1.0,fake_1714,1714,1,fake,Godet Kallashi ja qka thot per Albinin nuk do ta besoni,159,medium_121_250,Linear SVM decision score (jo probabilitet),1.3098623737807609,1,True,correct
linear_svm_c_1_0,1.0,fake_1720,1720,1,fake,EKSLUZIVE – Vjosa Osmani zbulon detajet e partise te saj te re ja deputet sdo ta besoni,180,medium_121_250,Linear SVM decision score (jo probabilitet),0.8974240252636618,1,True,correct
linear_svm_c_1_0,1.0,fake_1729,1729,1,fake,Kush dhe pse e duan të vdekur Gani Gecin ???,177,medium_121_250,Linear SVM decision score (jo probabilitet),0.46028153250084364,1,True,correct
linear_svm_c_1_0,1.0,fake_1730,1730,1,fake,"Hoti do mbetet kryeministri më i suksesshëm në historinë e Kosovës, nëse Vuçiqi nuk e bën këtë",130,medium_121_250,Linear SVM decision score (jo probabilitet),0.2758909157672774,1,True,correct
linear_svm_c_1_0,1.0,fake_1732,1732,1,fake,Haki Abazi dridhe skenen politike ne Kosove me kete qe tha!,162,medium_121_250,Linear SVM decision score (jo probabilitet),-0.600819988076714,0,False,false_negative
linear_svm_c_1_0,1.0,fake_1737,1737,1,fake,Paralajmërohet ‘tronditja’ e madhe për PDK-në: Ja dy përplasjet e forta në këtë parti,88,short_61_120,Linear SVM decision score (jo probabilitet),1.8880096930722692,1,True,correct
linear_svm_c_1_0,1.0,fake_1738,1738,1,fake,Tomë Gashi publikon videon e Besa Gaxherrit që tronditi Hashim Thaçin,122,medium_121_250,Linear SVM decision score (jo probabilitet),1.2860124810190232,1,True,correct
linear_svm_c_1_0,1.0,fake_1740,1740,1,fake,Lajm bomb: Arrestohet djali i deputeti te Partis Demokratike,99,short_61_120,Linear SVM decision score (jo probabilitet),0.2274057132978365,1,True,correct
linear_svm_c_1_0,1.0,fake_1742,1742,1,fake,A eshte normal ky njeri? Kjo qe tha Mustafo Nano per Kosoven do iu cmend dhe nervozoj,107,short_61_120,Linear SVM decision score (jo probabilitet),1.9785968783716967,1,True,correct
linear_svm_c_1_0,1.0,fake_1746,1746,1,fake,"Hiqen te gjitha dyshimet, Kjo eshte partia e re e formuar nga Vjosa Osmani",98,short_61_120,Linear SVM decision score (jo probabilitet),1.8635807024171755,1,True,correct
linear_svm_c_1_0,1.0,fake_1755,1755,1,fake,Çfarë sinjali po dërgon Ganimete Musliu tek Albin Kurti me një deklaratë të Ramush Haradinajt – përmendet vrasja e Fehmi Aganit!,65,short_61_120,Linear SVM decision score (jo probabilitet),2.5111770605330097,1,True,correct
linear_svm_c_1_0,1.0,fake_1757,1757,1,fake,"Ngjarje shokuese vjen nga Gjakova , atje sapo ndodhi kjo gje e keqe",69,short_61_120,Linear SVM decision score (jo probabilitet),2.034768286309649,1,True,correct
linear_svm_c_1_0,1.0,fake_1767,1767,1,fake,"Pamje të rralla, kur Leonora Jakupi shetiste me aeroplan në Drenicë  VIDEO",95,short_61_120,Linear SVM decision score (jo probabilitet),-0.399031087388752,0,False,false_negative
linear_svm_c_1_0,1.0,fake_1768,1768,1,fake,Paralajmëroj katastrofë në Kosovë: Ja çka thotë Lul Raka,79,short_61_120,Linear SVM decision score (jo probabilitet),1.5601734513707899,1,True,correct
linear_svm_c_1_0,1.0,fake_1783,1783,1,fake,"Një bionde kosovare kaq ekzotike, Blerta Veseli çmend me pozat në bikini",66,short_61_120,Linear SVM decision score (jo probabilitet),1.9743609720258157,1,True,correct
linear_svm_c_1_0,1.0,fake_1785,1785,1,fake,"Viti 2020 vit i mallkuar, Zbulohet virusi tjeter me i rrezikshme se Koronavirusi",76,short_61_120,Linear SVM decision score (jo probabilitet),2.1665317659617007,1,True,correct
linear_svm_c_1_0,1.0,fake_1790,1790,1,fake,"Vjen nje goditje e rende per Arben Vitine , edhe kjo u tha per te!",104,short_61_120,Linear SVM decision score (jo probabilitet),1.4936241081353612,1,True,correct
linear_svm_c_1_0,1.0,fake_1795,1795,1,fake,"Nora i deklason të gjitha, shfaqet veç në bikini nga plazhi ekspozon trupin si ‘peshk’",100,short_61_120,Linear SVM decision score (jo probabilitet),1.411515055265749,1,True,correct
linear_svm_c_1_0,1.0,fake_1799,1799,1,fake,"Aksidente i rende ne Kosove , vdes ne vend ky person EMRI",67,short_61_120,Linear SVM decision score (jo probabilitet),1.7435302384998257,1,True,correct
linear_svm_c_1_0,1.0,fake_1804,1804,1,fake,ALARMANTE/ Qeveria Hoti po na çon në katastrofë DETAJE EKSKLUZIVE,165,medium_121_250,Linear SVM decision score (jo probabilitet),-0.2500721978478048,0,False,false_negative
linear_svm_c_1_0,1.0,fake_1811,1811,1,fake,Ky turp u dëgjua mbrëmë në Kosovë! Kështu bërtiti serbi,85,short_61_120,Linear SVM decision score (jo probabilitet),1.1669096375811128,1,True,correct
linear_svm_c_1_0,1.0,fake_1814,1814,1,fake,"Ekspertët japin në alarm tjetër të keq: Vala e dytë ne Kosove e Covid-19 do nisë, ja kur",226,medium_121_250,Linear SVM decision score (jo probabilitet),1.8579011035341815,1,True,correct
linear_svm_c_1_0,1.0,fake_1815,1815,1,fake,A ekziston Virusi apo jo? Ky eshte lajmi i Fundit,96,short_61_120,Linear SVM decision score (jo probabilitet),1.4730016197795621,1,True,correct
linear_svm_c_1_0,1.0,fake_1819,1819,1,fake,"Kina paralajmëron botën: Keni kujdes, pneumoni vdekjeprurëse nga Kazakistani!",112,short_61_120,Linear SVM decision score (jo probabilitet),1.5339374927223124,1,True,correct
linear_svm_c_1_0,1.0,fake_1820,1820,1,fake,"Shikon nje femije ne liqen, hyn ta shpetoje dhe shok.o.h.et nga ajo qe zbulon",89,short_61_120,Linear SVM decision score (jo probabilitet),2.5649307683758393,1,True,correct
linear_svm_c_1_0,1.0,fake_1826,1826,1,fake,"Hoteli 5 yje: 30 euro nata me ‘mëngjes, darkë dhe çadër’, bëhet fjalë për këtë bregdet të Shqipërisë",96,short_61_120,Linear SVM decision score (jo probabilitet),1.4834702343010548,1,True,correct
linear_svm_c_1_0,1.0,fake_1832,1832,1,fake,Publikohen emrat e nëntë aktorëve të ndarjes së Kosovës/ Sali Berisha: Ja trojka kryesore,109,short_61_120,Linear SVM decision score (jo probabilitet),1.5310000692310253,1,True,correct
linear_svm_c_1_0,1.0,fake_1834,1834,1,fake,"Gjendja e Jashtëzakonshme? Flet Hashim Thaçi, ka një thirrje të fundit për qytetarët e Kosovës",109,short_61_120,Linear SVM decision score (jo probabilitet),1.6398209969526376,1,True,correct
linear_svm_c_1_0,1.0,fake_1839,1839,1,fake,"Video Eksluzive:U Mundua T’i Prishte Martesën Me Tjetrën, I Shoqi E Tërheq Zvarrë Për Flokësh",104,short_61_120,Linear SVM decision score (jo probabilitet),0.34865368107118855,1,True,correct
linear_svm_c_1_0,1.0,fake_1848,1848,1,fake,Me këtë imazh Edona po e dëshmon që vajza po bëhet më e bukur se nëna,96,short_61_120,Linear SVM decision score (jo probabilitet),-0.7844570888249882,0,False,false_negative
linear_svm_c_1_0,1.0,fake_1861,1861,1,fake,"Vetëm një lugë nga kjo përbërje çdo mëngjes dhe zorrët tuaja do të pastrohen nga mbetjet, në 2 minuta!",375,long_gt_250,Linear SVM decision score (jo probabilitet),0.03699072957118904,1,True,correct
linear_svm_c_1_0,1.0,fake_1873,1873,1,fake,Zbulim i ri: Kjo simptomë e re e koronavirusit po shfaqet tek të moshuarit,448,long_gt_250,Linear SVM decision score (jo probabilitet),-0.6288215583455616,0,False,false_negative
linear_svm_c_1_0,1.0,fake_1874,1874,1,fake,Si të bini nga pesha në dy javë duke konsumuar vezë të ziera,441,long_gt_250,Linear SVM decision score (jo probabilitet),0.30693759327097647,1,True,correct
linear_svm_c_1_0,1.0,fake_1885,1885,1,fake,"Infermierja e infektuar me Covid-19 i lutet kolegëve: Mos më lini të vdes, kam fëmijë",247,medium_121_250,Linear SVM decision score (jo probabilitet),-0.3906817645988056,0,False,false_negative
linear_svm_c_1_0,1.0,fake_1894,1894,1,fake,"Merret nëpërmjet hundës, ky është ilaçi që pritet të kurojë koronavirusin",162,medium_121_250,Linear SVM decision score (jo probabilitet),0.6034180677706473,1,True,correct
linear_svm_c_1_0,1.0,fake_1898,1898,1,fake,"Për kokë të mamit e kapa”, filmojnë “diskun” e çuditshëm që lëviz nëpër qiellin e Tiranës: Është UFO… e kapa, e kapa për Zotin e Madh!",100,short_61_120,Linear SVM decision score (jo probabilitet),1.190894854109838,1,True,correct
linear_svm_c_1_0,1.0,fake_1904,1904,1,fake,"E mbajti të fshehtë, zbulohet më në fund kush është i dashuri i Fifit",130,medium_121_250,Linear SVM decision score (jo probabilitet),0.703938554653079,1,True,correct
linear_svm_c_1_0,1.0,fake_1906,1906,1,fake,Befason profesori italian: Ka një kurë që e Zhduk Koronavirusin brenda 48 orëve,826,long_gt_250,Linear SVM decision score (jo probabilitet),-0.6797078860877295,0,False,false_negative
linear_svm_c_1_0,1.0,fake_1912,1912,1,fake,"Konfirmohet frika e kancelares Merkel, kjo është duke ndodhur me COVID-19 në Gjermani",206,medium_121_250,Linear SVM decision score (jo probabilitet),-0.40779267116451706,0,False,false_negative
linear_svm_c_1_0,1.0,fake_1913,1913,1,fake,Nuk ua merr mendja sa e bukur është bashkëshortja e Gold Ag,130,medium_121_250,Linear SVM decision score (jo probabilitet),0.5467843325061195,1,True,correct
linear_svm_c_1_0,1.0,fake_1917,1917,1,fake,Hëna që ju zgjidhni tregon tipin e personit me të cilin do të dashuroheni,370,long_gt_250,Linear SVM decision score (jo probabilitet),-0.32966318615651197,0,False,false_negative
linear_svm_c_1_0,1.0,fake_1920,1920,1,fake,"Gjethet e limonit, zgjidhja natyrale për problemet me fytin, migrenën dhe astmën!",332,long_gt_250,Linear SVM decision score (jo probabilitet),0.057758173519970424,1,True,correct
linear_svm_c_1_0,1.0,fake_1923,1923,1,fake,"Hoxha i njohur nga Peja: Shkuarja në diskotekë nuk është haram, unë vetëm kam qenë aty",129,medium_121_250,Linear SVM decision score (jo probabilitet),0.19152622583042328,1,True,correct
linear_svm_c_1_0,1.0,fake_1925,1925,1,fake,"Te gjithe Shqiptaret lene koken pas tyre, por ja se cfare nuk keni ditur per to, kur ta merrni vesh do t’i hani dhe me shume",472,long_gt_250,Linear SVM decision score (jo probabilitet),0.025087980019631917,1,True,correct
linear_svm_c_1_0,1.0,fake_1928,1928,1,fake,Merrini gjethet e rrushit dhe ruajini ne ngrirje te frigoriferit dhe pervec japrakut ju do te beni dhe dicka tjeter fantastike,180,medium_121_250,Linear SVM decision score (jo probabilitet),0.3377568884684097,1,True,correct
linear_svm_c_1_0,1.0,fake_1931,1931,1,fake,Rezultoi 100% e suksesshme/ BE mbështet kurën izraelite kundër koronavirusit,171,medium_121_250,Linear SVM decision score (jo probabilitet),0.3649290845778461,1,True,correct
linear_svm_c_1_0,1.0,fake_1932,1932,1,fake,Flet mjekja shqiptare në Kanada: Si të trajtoni virusin në kushtet e shtëpisë,2376,long_gt_250,Linear SVM decision score (jo probabilitet),-1.6413558770005037,0,False,false_negative
linear_svm_c_1_0,1.0,fake_1933,1933,1,fake,Erdogan vjen me një paralajmërim për mbarë njerëzimin,77,short_61_120,Linear SVM decision score (jo probabilitet),1.3413772135631854,1,True,correct
linear_svm_c_1_0,1.0,fake_1935,1935,1,fake,TRAGJlKE: Këngëtarja e njohur humb tre familjarë në një ditë prej Korona Virus,103,short_61_120,Linear SVM decision score (jo probabilitet),0.6690198182995365,1,True,correct
linear_svm_c_1_0,1.0,fake_1938,1938,1,fake,"Nobelisti japonez shokon botën: Koronavirusi u prodhua nga Kina, asnjë prej miqve të mi në Wuhan s’ma hap telefonin",353,long_gt_250,Linear SVM decision score (jo probabilitet),0.00358227816115958,1,True,correct
linear_svm_c_1_0,1.0,fake_1939,1939,1,fake,Vjosa Osmani ia dërgon një “selam” LDK-së pak ditë para votimit të Qeverisë së re..,146,medium_121_250,Linear SVM decision score (jo probabilitet),0.8703781359444489,1,True,correct
linear_svm_c_1_0,1.0,fake_1951,1951,1,fake,Peci: Ukaj i tha kryetares Osmani “Ule gishtin se ta fus në b*** e ta…!?”,189,medium_121_250,Linear SVM decision score (jo probabilitet),0.15418167481422634,1,True,correct
linear_svm_c_1_0,1.0,fake_1960,1960,1,fake,"LAJMI I FUNDIT: Ky eshte vendimi i Vjosa Osmanit, formon partin e re?",117,short_61_120,Linear SVM decision score (jo probabilitet),1.2235688240484424,1,True,correct
linear_svm_c_1_0,1.0,fake_1963,1963,1,fake,"Me rrudha dhe e plakur, ‘Nermin’ nuk njihet më!",94,short_61_120,Linear SVM decision score (jo probabilitet),1.803327869282721,1,True,correct
linear_svm_c_1_0,1.0,fake_1967,1967,1,fake,"Lajm i madh sapo erdhi, nga Gjermania per Kosovën! URIMEE!",81,short_61_120,Linear SVM decision score (jo probabilitet),2.0835806452463124,1,True,correct
linear_svm_c_1_0,1.0,fake_1979,1979,1,fake,Lajm i madh sa erdhi nga Gjermani: Ja kur do të hiqen vizat për Kosovën! URIMEE!,118,short_61_120,Linear SVM decision score (jo probabilitet),1.6778223594897648,1,True,correct
linear_svm_c_1_0,1.0,fake_1982,1982,1,fake,LAJMI I FUNDIT – Grenell merr kete vendim per Kosoven URIME !,106,short_61_120,Linear SVM decision score (jo probabilitet),1.6995777525890867,1,True,correct
linear_svm_c_1_0,1.0,fake_1988,1988,1,fake,"E FUNDIT: Harrojeni Koronavirusin, Ngjarje e rende po ndodhe ne Kosove",79,short_61_120,Linear SVM decision score (jo probabilitet),1.1724131753467093,1,True,correct
linear_svm_c_1_0,1.0,fake_1991,1991,1,fake,Eskalon gjithqka Gashi- Vjosa Osmanit: A je normal…? – Reagon kryeparlamentarja,120,short_61_120,Linear SVM decision score (jo probabilitet),0.2451576969496093,1,True,correct
linear_svm_c_4_0,4.0,true_24,24,0,real,"Po, pajtohem me ambasadorin e ShBA-së",391,long_gt_250,Linear SVM decision score (jo probabilitet),-1.5396403823878435,0,True,correct
linear_svm_c_4_0,4.0,true_30,30,0,real,Zemaj: Testi për COVID-19 nuk u kërkohet qytetarëve që vijnë nga Shqipëria dhe Serbia,362,long_gt_250,Linear SVM decision score (jo probabilitet),-1.4344742029853323,0,True,correct
linear_svm_c_4_0,4.0,true_31,31,0,real,Mjeku shqiptar: Mos u ndjeni të mbrojtur apo supermenë vetëm se keni maskë!,175,medium_121_250,Linear SVM decision score (jo probabilitet),-1.0019162377279671,0,True,correct
linear_svm_c_4_0,4.0,true_33,33,0,real,LVV në Tiranë kundër ndryshimeve kushtetuese: Deformojnë vullnetin e qytetarëve dhe sistemin zgjedhor,488,long_gt_250,Linear SVM decision score (jo probabilitet),-1.003022101503817,0,True,correct
linear_svm_c_4_0,4.0,true_45,45,0,real,BE demanton mediat serbe të cilat raportuan se Brukseli po i jep ultimatum Serbisë për Kosovën,213,medium_121_250,Linear SVM decision score (jo probabilitet),-0.2141462939925891,0,True,correct
linear_svm_c_4_0,4.0,true_46,46,0,real,"Reagon Mimoza Kusari për sulmin ndaj deputetit të VV-së: Kur ju iku marrja, ju iku edhe mendja e gënjejnë pa turp",118,short_61_120,Linear SVM decision score (jo probabilitet),-0.5524119572033065,0,True,correct
linear_svm_c_4_0,4.0,true_50,50,0,real,"Detyrim për test corone në Gjermani, por si funksionon ai?",775,long_gt_250,Linear SVM decision score (jo probabilitet),-1.1039270394867557,0,True,correct
linear_svm_c_4_0,4.0,true_57,57,0,real,"Hoti: Autobusët, taksitë dhe kombibusët do të punojnë me gjysmën e kapaciteteve",65,short_61_120,Linear SVM decision score (jo probabilitet),-0.4388940885500088,0,True,correct
linear_svm_c_4_0,4.0,true_60,60,0,real,33-vjeçarja e sëmurë u përdhunua nga fqinji/ Apeli prekës i vëllait,262,long_gt_250,Linear SVM decision score (jo probabilitet),-0.5240227547436956,0,True,correct
linear_svm_c_4_0,4.0,true_64,64,0,real,"Thaçi viziton familjen e Murat dhe Enver Halitit, ndan urdhërin “Hero i Kosovës”",148,medium_121_250,Linear SVM decision score (jo probabilitet),-0.35786991666574497,0,True,correct
linear_svm_c_4_0,4.0,true_66,66,0,real,Gjiganti turk bën gati ofertën zyrtare për djaloshin e Kosovës,209,medium_121_250,Linear SVM decision score (jo probabilitet),-1.0019388325888046,0,True,correct
linear_svm_c_4_0,4.0,true_68,68,0,real,Zemaj e konfirmon: Qytetarëve të Shqipërisë që hyjnë në Kosovë nuk u kërkohet testi Covid-19,190,medium_121_250,Linear SVM decision score (jo probabilitet),-1.1585490430649101,0,True,correct
linear_svm_c_4_0,4.0,true_70,70,0,real,"Nis Haxhi, BIK ka një njoftim për besimtarët myslimanë",199,medium_121_250,Linear SVM decision score (jo probabilitet),-0.8738034938530882,0,True,correct
linear_svm_c_4_0,4.0,true_71,71,0,real,"Çfarë kërkuan serbet në Rambuje, e çfarë po kërkon sot Serbia nga Kosova",245,medium_121_250,Linear SVM decision score (jo probabilitet),0.01677538063828088,1,False,false_positive
linear_svm_c_4_0,4.0,true_77,77,0,real,Qeveria po na e bëjka varrimin kur të vdesim nga COVID-19...,127,medium_121_250,Linear SVM decision score (jo probabilitet),-0.6100354137776037,0,True,correct
linear_svm_c_4_0,4.0,true_79,79,0,real,Mësoni kush është bashkëshortja e Driton Selmanajt,171,medium_121_250,Linear SVM decision score (jo probabilitet),-0.08842372846441204,0,True,correct
linear_svm_c_4_0,4.0,true_100,100,0,real,Parashikon Albulena Haxhiu: Shpejt shihemi në zgjedhje të jashtëzakonshme,258,long_gt_250,Linear SVM decision score (jo probabilitet),-0.8749894548306408,0,True,correct
linear_svm_c_4_0,4.0,true_101,101,0,real,"Gjurmimi i COVID-19, cilat vende po e përjetojnë valën e dytë?",597,long_gt_250,Linear SVM decision score (jo probabilitet),-0.9589731355554681,0,True,correct
linear_svm_c_4_0,4.0,true_110,110,0,real,"Arbana Xharra: Erdogan ndërton xhami te ne, kurse në Serbi çon biznesmenë",270,long_gt_250,Linear SVM decision score (jo probabilitet),-0.480409835221697,0,True,correct
linear_svm_c_4_0,4.0,true_112,112,0,real,"Masat kundër pandemisë, qeveria merr vendim edhe për çerdhet",74,short_61_120,Linear SVM decision score (jo probabilitet),-0.8658581015545478,0,True,correct
linear_svm_c_4_0,4.0,true_116,116,0,real,Shtyhet gjykimi ndaj të akuzuarve për vrasjen e rojës së lokalit “Bon Vivant”,1192,long_gt_250,Linear SVM decision score (jo probabilitet),-1.9340129154656482,0,True,correct
linear_svm_c_4_0,4.0,true_121,121,0,real,"Makiqi: Zotëri Hashani, kjo që e ke shkruar është rrena më e madhe! Qysh ki fytyrë...",973,long_gt_250,Linear SVM decision score (jo probabilitet),-0.8827272957761984,0,True,correct
linear_svm_c_4_0,4.0,true_124,124,0,real,Ja vendimet e fundit nga Qeveria e Kosovës për aktivitetet kulturore e sportive,101,short_61_120,Linear SVM decision score (jo probabilitet),-0.3257007649052045,0,True,correct
linear_svm_c_4_0,4.0,true_125,125,0,real,"Më në fund, Isa Mustafa e “pranoi” se e prishi koalicionin me VV-në",293,long_gt_250,Linear SVM decision score (jo probabilitet),-0.6879704426532792,0,True,correct
linear_svm_c_4_0,4.0,true_129,129,0,real,"Burri pranon vrasjen e gruas gjatë pushimeve në Francë, para se të merrte avionin për t’u kthyer",365,long_gt_250,Linear SVM decision score (jo probabilitet),-1.1706565159595672,0,True,correct
linear_svm_c_4_0,4.0,true_136,136,0,real,“Rrethohet Kuvendi i Kosovës - rrahën e shkallmohen në dajak - Deputetët e VV-së!?”,165,medium_121_250,Linear SVM decision score (jo probabilitet),-0.765275440985597,0,True,correct
linear_svm_c_4_0,4.0,true_163,163,0,real,Kujtim Shala polemizon me Meliza Haradinajn,179,medium_121_250,Linear SVM decision score (jo probabilitet),-0.5263381317892909,0,True,correct
linear_svm_c_4_0,4.0,true_164,164,0,real,Flet zëvendëskryemistrja: Nuk do të ketë vendim që obligon qytetarët të vetizolohen pas kthimit nga Shqipëria,393,long_gt_250,Linear SVM decision score (jo probabilitet),-0.9987535487973359,0,True,correct
linear_svm_c_4_0,4.0,true_169,169,0,real,Deputetja Albena Reshitaj tregon se është shëruar nga koronavirusi,231,medium_121_250,Linear SVM decision score (jo probabilitet),-0.8623162621879695,0,True,correct
linear_svm_c_4_0,4.0,true_174,174,0,real,"Hashani: Aziz Makiqi, ku keni qenë ju gjatë okupimit?",181,medium_121_250,Linear SVM decision score (jo probabilitet),-0.8551627419777891,0,True,correct
linear_svm_c_4_0,4.0,true_176,176,0,real,"Ministri Reçica viziton OVL-në, të lejohet përfitimi i pensioneve",224,medium_121_250,Linear SVM decision score (jo probabilitet),-1.0153132944474295,0,True,correct
linear_svm_c_4_0,4.0,true_186,186,0,real,Aziz Makiqi: Disa njerëz në FHK kanë bërë çmos të mos na lejojnë t’i afrohemi Federatës,1091,long_gt_250,Linear SVM decision score (jo probabilitet),-1.2895172158410366,0,True,correct
linear_svm_c_4_0,4.0,true_189,189,0,real,Novosti: Tri vende janë të gatshme të rishqyrtojnë vendimin për njohjen e Kosovës,183,medium_121_250,Linear SVM decision score (jo probabilitet),-0.46461826318139154,0,True,correct
linear_svm_c_4_0,4.0,true_195,195,0,real,Ky është deputeti i radhës nga Vetëvendosje i infektuar me COVID-19,97,short_61_120,Linear SVM decision score (jo probabilitet),-0.6911363390540896,0,True,correct
linear_svm_c_4_0,4.0,true_197,197,0,real,Kryetari i Prizrenit “ashpërsohet” me masat e Qeverisë,211,medium_121_250,Linear SVM decision score (jo probabilitet),-1.2328069476517274,0,True,correct
linear_svm_c_4_0,4.0,true_204,204,0,real,"A do të falet Kurban Bajrami në xhami? – Zemaj: Tubimet në masë, nga dita e nesërme do të ndalohen",197,medium_121_250,Linear SVM decision score (jo probabilitet),-0.9148287630365387,0,True,correct
linear_svm_c_4_0,4.0,true_211,211,0,real,Google merr vendimin e papritur për punonjësit e vet,158,medium_121_250,Linear SVM decision score (jo probabilitet),0.0928521605570134,1,False,false_positive
linear_svm_c_4_0,4.0,true_212,212,0,real,"I moshuari nga Ferizaj akuzon shumë rëndë Thaçin dhe Veselin, kërkon të hiqet fotografia e tyre",118,short_61_120,Linear SVM decision score (jo probabilitet),0.258546522003522,1,False,false_positive
linear_svm_c_4_0,4.0,true_213,213,0,real,"Tetë të vdekur e numër rekord rastesh të reja me COVID-19, vjen alarmi i zyrtarit të LDK-së: Gjendja është shumë serioze",212,medium_121_250,Linear SVM decision score (jo probabilitet),-0.6283280698681962,0,True,correct
linear_svm_c_4_0,4.0,true_219,219,0,real,"Policia ndalon ngjarjen, boksieri shqiptar nuk kursehet: Kush ma paguan...",429,long_gt_250,Linear SVM decision score (jo probabilitet),-1.2836822505358652,0,True,correct
linear_svm_c_4_0,4.0,true_221,221,0,real,"Emocionuese, mërgimtari takohet me prindërit pas pesë vitesh",151,medium_121_250,Linear SVM decision score (jo probabilitet),0.05805387446064947,1,False,false_positive
linear_svm_c_4_0,4.0,true_232,232,0,real,Këshilltari i Bidenit e vlerëson lart Thaçin,170,medium_121_250,Linear SVM decision score (jo probabilitet),0.17993586128085876,1,False,false_positive
linear_svm_c_4_0,4.0,true_234,234,0,real,"“Oj e shkretë”, kështu Vjosa Osmani i përgjigjet Avdullah Hotit",177,medium_121_250,Linear SVM decision score (jo probabilitet),-0.8704468988333761,0,True,correct
linear_svm_c_4_0,4.0,true_238,238,0,real,Mehmeti: Hotin askush nuk e merr për seriozisht,236,medium_121_250,Linear SVM decision score (jo probabilitet),-1.0686457137321432,0,True,correct
linear_svm_c_4_0,4.0,true_240,240,0,real,Raporti evropian: Si e kapën shqiptarët tregun e drogës ne Evropë me çmime të ulëta dhe cilësi të lartë,1495,long_gt_250,Linear SVM decision score (jo probabilitet),-0.8881390714100205,0,True,correct
linear_svm_c_4_0,4.0,true_248,248,0,real,"Cubat e maleve, s'ka kush i bën bashkë?!",624,long_gt_250,Linear SVM decision score (jo probabilitet),-0.7606655024702379,0,True,correct
linear_svm_c_4_0,4.0,true_252,252,0,real,"Flet Jakup Krasniqi pasi rezultoi pozitiv me Covid-19, tregon për gjendjen",108,short_61_120,Linear SVM decision score (jo probabilitet),-0.7789326525789554,0,True,correct
linear_svm_c_4_0,4.0,true_255,255,0,real,"Haradinaj: Nuk e di çfarë ka ndodhur në takimin Hoti-Vuçiq, por nuk besoj se Hoti bëri ndonjë tradhti",253,long_gt_250,Linear SVM decision score (jo probabilitet),-0.47730490157937133,0,True,correct
linear_svm_c_4_0,4.0,true_257,257,0,real,Si u bë feja islame kaq e ‘gjallë’ dhe atraktive!,990,long_gt_250,Linear SVM decision score (jo probabilitet),-1.0772765696245585,0,True,correct
linear_svm_c_4_0,4.0,true_262,262,0,real,Caktohet një muaj paraburgim për 40-vjeçarin që ia preu kokën babait me sëpatë në Fushë Kosovë,171,medium_121_250,Linear SVM decision score (jo probabilitet),-0.5071791292557536,0,True,correct
linear_svm_c_4_0,4.0,true_267,267,0,real,Driton Selmanaj jep lajmin e fundit për kompleksin memorial “Adem Jashari”,153,medium_121_250,Linear SVM decision score (jo probabilitet),-0.4688359583976003,0,True,correct
linear_svm_c_4_0,4.0,true_271,271,0,real,"BE ende pa vendim për rihapjen e kufijve, amerikanët pritet të përjashtohen",480,long_gt_250,Linear SVM decision score (jo probabilitet),-1.0936680779634989,0,True,correct
linear_svm_c_4_0,4.0,true_276,276,0,real,“Gazeta “Bota sot” shkatërron të këqijtë dhe përkrahë vlerat e përjetshme kombëtare”,223,medium_121_250,Linear SVM decision score (jo probabilitet),-0.7127350583217477,0,True,correct
linear_svm_c_4_0,4.0,true_282,282,0,real,"Zogaj: “Bota sot”, zëdhënëse e shqiptarëve për liri",797,long_gt_250,Linear SVM decision score (jo probabilitet),-1.6674949010914646,0,True,correct
linear_svm_c_4_0,4.0,true_290,290,0,real,"Përdhunime, aborte… Detaje tronditëse, çfarë ndodh me gratë në burgjet e Koresë së Veriut",249,medium_121_250,Linear SVM decision score (jo probabilitet),-0.9632984617152943,0,True,correct
linear_svm_c_4_0,4.0,true_298,298,0,real,Pse këto salca janë më të famshmet në botë?,342,long_gt_250,Linear SVM decision score (jo probabilitet),-1.3252840009519962,0,True,correct
linear_svm_c_4_0,4.0,true_299,299,0,real,"“Kini mëshirë, dua të takoj fëmijët” Thirrja e të moshuarës shqiptare nga kampi sirian",191,medium_121_250,Linear SVM decision score (jo probabilitet),-0.36530999715654544,0,True,correct
linear_svm_c_4_0,4.0,true_301,301,0,real,Zvicra nuk e përjashton testimin e detyrueshëm në aeroporte,433,long_gt_250,Linear SVM decision score (jo probabilitet),-0.3110806268052072,0,True,correct
linear_svm_c_4_0,4.0,true_304,304,0,real,Llapi angazhon trajner nga Afrika e Jugut,324,long_gt_250,Linear SVM decision score (jo probabilitet),-1.1121375049453466,0,True,correct
linear_svm_c_4_0,4.0,true_306,306,0,real,"Pavarësisht masave kundër COVID-19, xhamitë mbeten të hapura, të premten falet namazi i Kurban Bajramit",282,long_gt_250,Linear SVM decision score (jo probabilitet),-0.8137452773655377,0,True,correct
linear_svm_c_4_0,4.0,true_307,307,0,real,"Shkuan t’i prangosin, por komisionerët kishin vdekur! Kreu i SPAK: Nuk ishin ç’regjistruar, hetimi ishte sekret",341,long_gt_250,Linear SVM decision score (jo probabilitet),-0.8009957547013532,0,True,correct
linear_svm_c_4_0,4.0,true_308,308,0,real,"Pesë muaj pasi u dogj në veturë, presidenti Thaçi e shpall hero Qerim Kelmendin",201,medium_121_250,Linear SVM decision score (jo probabilitet),-0.5961294155469837,0,True,correct
linear_svm_c_4_0,4.0,true_317,317,0,real,Bastoret parashikojnë fituesin e Kupës së Kosovës,336,long_gt_250,Linear SVM decision score (jo probabilitet),-1.1532669497472892,0,True,correct
linear_svm_c_4_0,4.0,true_323,323,0,real,Lautaro Martinez shënon gol të çmendur kundër Napolit,65,short_61_120,Linear SVM decision score (jo probabilitet),0.028536542869535053,1,False,false_positive
linear_svm_c_4_0,4.0,true_325,325,0,real,Ekskluzive: Flet protagonistja e videos virale “O shac”,293,long_gt_250,Linear SVM decision score (jo probabilitet),-0.05094913753564545,0,True,correct
linear_svm_c_4_0,4.0,true_332,332,0,real,"Goditje e rëndë për Arsenalin, Shkodran Mustafi mungon deri në tetor",163,medium_121_250,Linear SVM decision score (jo probabilitet),-0.6390803644545361,0,True,correct
linear_svm_c_4_0,4.0,true_343,343,0,real,"“Përplasje fizike LDK-VV në Kuvend”, Gashi mohon të ketë pasur incident",104,short_61_120,Linear SVM decision score (jo probabilitet),-0.62987337162017,0,True,correct
linear_svm_c_4_0,4.0,true_345,345,0,real,"Fieraku lind me 6 gishta e probleme mendore, prindërit shpërthejnë në lot: Na dhunon, mos të ishin komshinjtë, sot do kishim 2 varre!",765,long_gt_250,Linear SVM decision score (jo probabilitet),-0.49791676358013714,0,True,correct
linear_svm_c_4_0,4.0,true_351,351,0,real,Lë punën shitësi që nuk bëri asnjë ditë pushim për 38 vite radhazi,200,medium_121_250,Linear SVM decision score (jo probabilitet),0.21898210436959215,1,False,false_positive
linear_svm_c_4_0,4.0,true_352,352,0,real,"‘Do vriste katër persona’, policia aksion për kapjen e një të dënuari, në kërkim prej 5 vitesh. Ja ku u gjet",202,medium_121_250,Linear SVM decision score (jo probabilitet),-0.9204137335880597,0,True,correct
linear_svm_c_4_0,4.0,true_353,353,0,real,"Valbon Krasniqi: Jemi keq, i lus qytetarët të jenë të kujdesshëm",450,long_gt_250,Linear SVM decision score (jo probabilitet),-1.1867699591821608,0,True,correct
linear_svm_c_4_0,4.0,true_354,354,0,real,Aksident i rëndë në Prizren: Çiklisti goditet nga një veturë e cila e hedh disa metra larg,158,medium_121_250,Linear SVM decision score (jo probabilitet),-0.7682919096896498,0,True,correct
linear_svm_c_4_0,4.0,true_355,355,0,real,"Andy Ruiz reklamon transformimin, para kthimit në ring",162,medium_121_250,Linear SVM decision score (jo probabilitet),-0.1931543914617886,0,True,correct
linear_svm_c_4_0,4.0,true_362,362,0,real,Protestojnë artistët: Askush nuk mund ta rishkruajë Historinë e Kosovës,184,medium_121_250,Linear SVM decision score (jo probabilitet),-0.407155541632104,0,True,correct
linear_svm_c_4_0,4.0,true_367,367,0,real,“100 € për shërbim ekstra” Si i zbuloi agjenti i infiltruar 3 qendra estetike prostitucioni,652,long_gt_250,Linear SVM decision score (jo probabilitet),-0.7500688039705746,0,True,correct
linear_svm_c_4_0,4.0,true_368,368,0,real,"“Gjuhen” me fjalë, Rina Balaj e Erza Jusaj",252,long_gt_250,Linear SVM decision score (jo probabilitet),-1.0786704488047163,0,True,correct
linear_svm_c_4_0,4.0,true_369,369,0,real,Haziri i ashpërson kritikat ndaj Hotit: Nuk jam kryetar për të numëruar të vdekurit nga Covid-19,266,long_gt_250,Linear SVM decision score (jo probabilitet),-1.1504669988631182,0,True,correct
linear_svm_c_4_0,4.0,true_375,375,0,real,"Nga abstenimi i Xhafës tek ‘mungesa’ e Elisës, si u votua për shkarkimin e Metës",198,medium_121_250,Linear SVM decision score (jo probabilitet),-0.6272829445219384,0,True,correct
linear_svm_c_4_0,4.0,true_383,383,0,real,"Gjermania vendi më i pëlqyer në botë, lë pas SHBA, Kinën dhe Rusinë",230,medium_121_250,Linear SVM decision score (jo probabilitet),-0.6621557419348917,0,True,correct
linear_svm_c_4_0,4.0,true_384,384,0,real,"Edi Rama ia uron Lorik Canës ditëlindjen, paralajmëron bashkim kombëtar",451,long_gt_250,Linear SVM decision score (jo probabilitet),-0.8889513978326246,0,True,correct
linear_svm_c_4_0,4.0,true_394,394,0,real,Gjermania refuzon propozimin e Trumpit për lejimin e kthimit të Rusisë në Grupin G7,247,medium_121_250,Linear SVM decision score (jo probabilitet),-0.16101158997116594,0,True,correct
linear_svm_c_4_0,4.0,true_395,395,0,real,"Njihuni me fshatin ku paraja dhe pushteti nuk kanë vlerë, çdo gjë falas",272,long_gt_250,Linear SVM decision score (jo probabilitet),-0.8609826622190272,0,True,correct
linear_svm_c_4_0,4.0,true_412,412,0,real,"Ischinger lobon për heqjen e vizave, von Cramon i reagon: Mos harro t’ua thash këtë Macronit dhe Rutte’s",170,medium_121_250,Linear SVM decision score (jo probabilitet),0.05913290670548765,1,False,false_positive
linear_svm_c_4_0,4.0,true_415,415,0,real,Takimi Vuçiq – Vahrleyi u zhvillua në zyrat e misionit serb – aty ishte libri që ka në titull fjalët “Kosova dhe Metohia”,165,medium_121_250,Linear SVM decision score (jo probabilitet),-0.7623440302884187,0,True,correct
linear_svm_c_4_0,4.0,true_417,417,0,real,"Vdesin 2 persona nga covid19 në Shqipëri, shkon në 53 numri i qytetarëve që kanë humbur jetën",87,short_61_120,Linear SVM decision score (jo probabilitet),-0.8447509888248387,0,True,correct
linear_svm_c_4_0,4.0,true_423,423,0,real,Kryeprokurori: Ende s’dihet nëse Agon Musliu bëri vetëvrasje apo dikush e shtyri në vrasje,424,long_gt_250,Linear SVM decision score (jo probabilitet),-1.4251139152156358,0,True,correct
linear_svm_c_4_0,4.0,true_428,428,0,real,Grenell lajmërohet për takimin në Washington: Kosova dhe Serbia duhet ta shfrytëzojnë këtë mundësi,205,medium_121_250,Linear SVM decision score (jo probabilitet),-0.14897511562240606,0,True,correct
linear_svm_c_4_0,4.0,true_430,430,0,real,"Labi: 87 vjeçares nga Istogu që mbeti e vetme 30 vjet më parë, pension 200 euro që prej sot",398,long_gt_250,Linear SVM decision score (jo probabilitet),-1.1006587015294942,0,True,correct
linear_svm_c_4_0,4.0,true_433,433,0,real,Kek super i butë – Shije e lehtë fantastike,449,long_gt_250,Linear SVM decision score (jo probabilitet),-0.44818394881077117,0,True,correct
linear_svm_c_4_0,4.0,true_434,434,0,real,​FSSHK kërkon në kuadër të rishikimit të buxhetit të aprovohet edhe shtesa në paga,192,medium_121_250,Linear SVM decision score (jo probabilitet),-0.9660173977635093,0,True,correct
linear_svm_c_4_0,4.0,true_439,439,0,real,"Dikur jetoi në shpellë, sot është një nga liderët më të fuqishëm në botë",1196,long_gt_250,Linear SVM decision score (jo probabilitet),-1.4354874414217962,0,True,correct
linear_svm_c_4_0,4.0,true_451,451,0,real,"Kaq të rinjë prindërit e Taynes, sikur t’i kishte vëlla e motër",139,medium_121_250,Linear SVM decision score (jo probabilitet),-0.6428528910207626,0,True,correct
linear_svm_c_4_0,4.0,true_454,454,0,real,Disa arsye se përse nuk duhet të flini përmbys,210,medium_121_250,Linear SVM decision score (jo probabilitet),-0.8793710164443614,0,True,correct
linear_svm_c_4_0,4.0,true_463,463,0,real,"Gjyste Vulaj sfidon moshën, me foton e fundit la edhe njëherë nën hije vajzat e reja",113,short_61_120,Linear SVM decision score (jo probabilitet),-0.2553793330044708,0,True,correct
linear_svm_c_4_0,4.0,true_465,465,0,real,Zgjerimi i familjes? Milot Rashica flet për planet,70,short_61_120,Linear SVM decision score (jo probabilitet),0.056307383463309046,1,False,false_positive
linear_svm_c_4_0,4.0,true_472,472,0,real,"Elsa, vajza e Safetes jo veç këngëtare, ky është profesioni tjetër i saj",118,short_61_120,Linear SVM decision score (jo probabilitet),-1.155693500394654,0,True,correct
linear_svm_c_4_0,4.0,true_479,479,0,real,Mustafa i reagon VV-së: Akademik Kujtim Shala me dije…,168,medium_121_250,Linear SVM decision score (jo probabilitet),-0.8440835249153963,0,True,correct
linear_svm_c_4_0,4.0,true_480,480,0,real,Sa palë syza ka Leonora Jakupi,106,short_61_120,Linear SVM decision score (jo probabilitet),-0.5863905094445142,0,True,correct
linear_svm_c_4_0,4.0,true_481,481,0,real,Vjollca Haxhiu realizon foto të bukur në Dubai,77,short_61_120,Linear SVM decision score (jo probabilitet),-0.22318750346964145,0,True,correct
linear_svm_c_4_0,4.0,true_483,483,0,real,Ky burrë e ha specin më të djegës në botë pa pirë asgjë,133,medium_121_250,Linear SVM decision score (jo probabilitet),-0.6449999587277305,0,True,correct
linear_svm_c_4_0,4.0,true_486,486,0,real,Miss Valentina shfaqet superseksi me të zeza,62,short_61_120,Linear SVM decision score (jo probabilitet),-0.4871597505507208,0,True,correct
linear_svm_c_4_0,4.0,true_495,495,0,real,"‘Eh moj Sara Hoxha mbas 5 vitesh, kur ta kapësh duke të të tradhtuar këtë laper’",238,medium_121_250,Linear SVM decision score (jo probabilitet),-0.4910182854330427,0,True,correct
linear_svm_c_4_0,4.0,true_496,496,0,real,Në këto komuna janë konfirmuar 276 rastet e reja me koronavirus,113,short_61_120,Linear SVM decision score (jo probabilitet),-0.9818704218211575,0,True,correct
linear_svm_c_4_0,4.0,true_508,508,0,real,Trajneri i njohur shqiptar ndërron jetë shkaku i Koronavirusit,128,medium_121_250,Linear SVM decision score (jo probabilitet),-0.6180098858155773,0,True,correct
linear_svm_c_4_0,4.0,true_515,515,0,real,"Është 53 vjeç, por në këtë foto Eli Fara duket si një vajzë e re",102,short_61_120,Linear SVM decision score (jo probabilitet),-0.9890923173911051,0,True,correct
linear_svm_c_4_0,4.0,true_520,520,0,real,Cilat janë simptomat që tregojnë nëse e keni kaluar koronavirusin,272,long_gt_250,Linear SVM decision score (jo probabilitet),0.39329811111724394,1,False,false_positive
linear_svm_c_4_0,4.0,true_527,527,0,real,Sa shumë kanë ndryshuar aktorët e serialit “Kloni”,134,medium_121_250,Linear SVM decision score (jo probabilitet),-0.8293005264501049,0,True,correct
linear_svm_c_4_0,4.0,true_528,528,0,real,"Një yll si Oriola Marashi, ndriçon edhe në mbrëmje",110,short_61_120,Linear SVM decision score (jo probabilitet),-0.8817956563869956,0,True,correct
linear_svm_c_4_0,4.0,true_530,530,0,real,Morena ‘rrëzohet’ në rrafsh,63,short_61_120,Linear SVM decision score (jo probabilitet),-0.5177281305959197,0,True,correct
linear_svm_c_4_0,4.0,true_531,531,0,real,"Ndërron jetë edhe një person i infektuar me Covid-19, nga Peja",57,very_short_le_60,Linear SVM decision score (jo probabilitet),-0.685024704057199,0,True,correct
linear_svm_c_4_0,4.0,true_535,535,0,real,Loredana: Zemër ty a të ka marrë malli?,154,medium_121_250,Linear SVM decision score (jo probabilitet),-0.9325675644343047,0,True,correct
linear_svm_c_4_0,4.0,true_536,536,0,real,Arta Bajrami me çizme të gjata në pikë të verës,87,short_61_120,Linear SVM decision score (jo probabilitet),-0.37162817458520636,0,True,correct
linear_svm_c_4_0,4.0,true_539,539,0,real,"Bukë me vaj, djathë e domate, pushuesi ndan fotot modeste nga Spilleja: Kaq kemi mundësi…",166,medium_121_250,Linear SVM decision score (jo probabilitet),0.3777009169992742,1,False,false_positive
linear_svm_c_4_0,4.0,true_544,544,0,real,"Besojeni ose jo, kjo ndërtesë nuk u shemb as me 300 kilogram tritol",72,short_61_120,Linear SVM decision score (jo probabilitet),-0.646215212310343,0,True,correct
linear_svm_c_4_0,4.0,true_545,545,0,real,Zyrtarja e huaj: Gratë mund të mbesin shtatzëna nëse notojnë bashkë me burrat,203,medium_121_250,Linear SVM decision score (jo probabilitet),-0.1253056751061088,0,True,correct
linear_svm_c_4_0,4.0,true_553,553,0,real,MIloti e xhiron Edonën prapa kamerave,86,short_61_120,Linear SVM decision score (jo probabilitet),-1.3168335812765015,0,True,correct
linear_svm_c_4_0,4.0,true_555,555,0,real,Atletes i ndodh e papritura gjatë ushtrimeve në palestër,88,short_61_120,Linear SVM decision score (jo probabilitet),-0.7069588590855828,0,True,correct
linear_svm_c_4_0,4.0,true_556,556,0,real,"Vila e Esat pashë Toptanit, në fshatin Reth të Durrësit",283,long_gt_250,Linear SVM decision score (jo probabilitet),-1.0342695347647557,0,True,correct
linear_svm_c_4_0,4.0,true_571,571,0,real,Kështu e zuri babai i saj Shyhreten me të dashurin,212,medium_121_250,Linear SVM decision score (jo probabilitet),-0.6584792756647538,0,True,correct
linear_svm_c_4_0,4.0,true_573,573,0,real,"Thënie të Ibrahim Rugovës: Kokën mund të ma ndërrojnë, por mendimin kurrë!",461,long_gt_250,Linear SVM decision score (jo probabilitet),-0.8560830286518911,0,True,correct
linear_svm_c_4_0,4.0,true_580,580,0,real,"Dua Lipa lanson këngën e re, Tokyo e ‘Casa de Papel’ shkëlqen në videoklip",129,medium_121_250,Linear SVM decision score (jo probabilitet),-0.4602372605243935,0,True,correct
linear_svm_c_4_0,4.0,true_582,582,0,real,"Sërish viza gjermane për ata me kontratë pune, por edhe pengesa",1095,long_gt_250,Linear SVM decision score (jo probabilitet),-0.8414029509688502,0,True,correct
linear_svm_c_4_0,4.0,true_583,583,0,real,Covid-19 u merr jetën dy mjekëve kosovarë,241,medium_121_250,Linear SVM decision score (jo probabilitet),-0.6481621478487046,0,True,correct
linear_svm_c_4_0,4.0,true_584,584,0,real,Adelina e tepron me fustanin e shkurtër,76,short_61_120,Linear SVM decision score (jo probabilitet),-1.1974423425680585,0,True,correct
linear_svm_c_4_0,4.0,true_585,585,0,real,"Sejdiu i gatshëm të kandidojë për president, nëse dorëhiqet Thaçi",152,medium_121_250,Linear SVM decision score (jo probabilitet),-0.23053526295406368,0,True,correct
linear_svm_c_4_0,4.0,true_586,586,0,real,Menjëherë fshijeni nësë ju vjen ky mesazh në telefon,206,medium_121_250,Linear SVM decision score (jo probabilitet),0.4988480811137308,1,False,false_positive
linear_svm_c_4_0,4.0,true_592,592,0,real,"Kejvina bombastike, merr gjithë vëmendjen me paraqitjen e fundit!",90,short_61_120,Linear SVM decision score (jo probabilitet),0.24526345549144185,1,False,false_positive
linear_svm_c_4_0,4.0,true_600,600,0,real,Gjashtë simptomat të lehta të Coronavirust që duhet t’i dini,1467,long_gt_250,Linear SVM decision score (jo probabilitet),-0.9298162607785548,0,True,correct
linear_svm_c_4_0,4.0,true_603,603,0,real,Krasniqi: Sot i kemi sjell para falimentimit të gjithë gastronomët e Kosovës,401,long_gt_250,Linear SVM decision score (jo probabilitet),-1.3316082420203936,0,True,correct
linear_svm_c_4_0,4.0,true_608,608,0,real,Pse duhet të konsumoni limon çdo ditë?,170,medium_121_250,Linear SVM decision score (jo probabilitet),-0.12848082159880014,0,True,correct
linear_svm_c_4_0,4.0,true_611,611,0,real,"E pabesueshme, por ky do jetë çmimi i vaksinës për trajtimin e Covid 19",187,medium_121_250,Linear SVM decision score (jo probabilitet),-0.39635190376159035,0,True,correct
linear_svm_c_4_0,4.0,true_612,612,0,real,A do të zgjatet leja për punëtorët nga Kosova në Gjermani?,163,medium_121_250,Linear SVM decision score (jo probabilitet),-0.6099810421042849,0,True,correct
linear_svm_c_4_0,4.0,true_614,614,0,real,Vjen edhe reagimi i Leonora Jakupit për ndërtimin e xhamisë në Prishtinë,75,short_61_120,Linear SVM decision score (jo probabilitet),-1.2983012146724726,0,True,correct
linear_svm_c_4_0,4.0,true_618,618,0,real,Haradinaj “godet” Hotin: Pse nuk e pyete edhe ti Vuçiqin a din shqip?,244,medium_121_250,Linear SVM decision score (jo probabilitet),-0.5166726089253674,0,True,correct
linear_svm_c_4_0,4.0,true_619,619,0,real,"Haradinaj paralajmëron prishjen e koalicionit, i pakënaqur me Kryeministrin Hoti",167,medium_121_250,Linear SVM decision score (jo probabilitet),-0.5505176666451718,0,True,correct
linear_svm_c_4_0,4.0,true_621,621,0,real,Isa Mustafa shërohet nga koronavirusi,140,medium_121_250,Linear SVM decision score (jo probabilitet),0.06241826164827602,1,False,false_positive
linear_svm_c_4_0,4.0,true_629,629,0,real,Tetë anesteziologë të QKUK-së infektohen me koronavirus,436,long_gt_250,Linear SVM decision score (jo probabilitet),-0.9572130773585231,0,True,correct
linear_svm_c_4_0,4.0,true_631,631,0,real,4 mënyra natyrale si të largoni rrudhat nga fytyra,476,long_gt_250,Linear SVM decision score (jo probabilitet),0.26250549224893605,1,False,false_positive
linear_svm_c_4_0,4.0,true_638,638,0,real,Vjen një lajm i mirë për veteranët e UÇK-së,132,medium_121_250,Linear SVM decision score (jo probabilitet),-0.7659650761009181,0,True,correct
linear_svm_c_4_0,4.0,true_652,652,0,real,Adea Pules i del kuki prej vendit,93,short_61_120,Linear SVM decision score (jo probabilitet),-1.0331777647797589,0,True,correct
linear_svm_c_4_0,4.0,true_655,655,0,real,"Nëse i fsheh paratë në këto 8 vende, zëre se nuk i ke fare!",277,long_gt_250,Linear SVM decision score (jo probabilitet),-0.029918168244540966,0,True,correct
linear_svm_c_4_0,4.0,true_671,671,0,real,Kosova hiqet nga harta – Dua Lipa nënshkruan peticionin,100,short_61_120,Linear SVM decision score (jo probabilitet),-0.9568286903912501,0,True,correct
linear_svm_c_4_0,4.0,true_675,675,0,real,A është Fifi në lidhje? Përgjigjet këngëtarja,55,very_short_le_60,Linear SVM decision score (jo probabilitet),-0.12185331091395146,0,True,correct
linear_svm_c_4_0,4.0,true_679,679,0,real,"Duke punuar kopshtin, çifti gjen kasafortën me mijëra dollarë e stoli ari",146,medium_121_250,Linear SVM decision score (jo probabilitet),0.22824939406956618,1,False,false_positive
linear_svm_c_4_0,4.0,true_680,680,0,real,Fitore Pacolli: Shpallja e gjendjes së jashtëzakonshme siç po ka dëshirë qeveria Hoti nuk është zgjidhje,394,long_gt_250,Linear SVM decision score (jo probabilitet),-1.179984539726111,0,True,correct
linear_svm_c_4_0,4.0,true_694,694,0,real,Nora Istrefi më në fund merr një vendim në lidhje me Robertin,117,short_61_120,Linear SVM decision score (jo probabilitet),0.5794498122248358,1,False,false_positive
linear_svm_c_4_0,4.0,true_702,702,0,real,Turku ia mbush dhomën me dhurata të shtrenjta Gentës,113,short_61_120,Linear SVM decision score (jo probabilitet),-0.715226801623215,0,True,correct
linear_svm_c_4_0,4.0,true_713,713,0,real,Shkencëtaret kinez: Covid-19 u shfaq për herë të parë në Spanjë,234,medium_121_250,Linear SVM decision score (jo probabilitet),-0.29453467424564317,0,True,correct
linear_svm_c_4_0,4.0,true_721,721,0,real,Genci ia dedikon këto fjalë të bukura Enit me rastin e ditëlindjes,198,medium_121_250,Linear SVM decision score (jo probabilitet),-0.6067840721009371,0,True,correct
linear_svm_c_4_0,4.0,true_731,731,0,real,Kështu dukej Egzona para se të dashurohej me Albatritin,101,short_61_120,Linear SVM decision score (jo probabilitet),-1.1125213458987346,0,True,correct
linear_svm_c_4_0,4.0,true_744,744,0,real,Vajza e ish-kryeministrit Bajram Rexhepi nuk lejohet nga e ëma t’i hyjë politikës,229,medium_121_250,Linear SVM decision score (jo probabilitet),-0.7122450503063579,0,True,correct
linear_svm_c_4_0,4.0,true_745,745,0,real,Me këtë fustan del në park Qëndresa e Labit,89,short_61_120,Linear SVM decision score (jo probabilitet),-0.20438936806847763,0,True,correct
linear_svm_c_4_0,4.0,true_747,747,0,real,Endrit Thaçi reagon pasi Gjykata Speciale ngriti aktakuzë ndaj babait të tij,92,short_61_120,Linear SVM decision score (jo probabilitet),-0.36675920271790163,0,True,correct
linear_svm_c_4_0,4.0,true_756,756,0,real,Angela Martini nuk i ndalë provokimet as në jaht,87,short_61_120,Linear SVM decision score (jo probabilitet),-0.7043688154401561,0,True,correct
linear_svm_c_4_0,4.0,true_758,758,0,real,Aq shumë iu ka rritur gjoksi sa që Oriola Marashi po e mban me duar,98,short_61_120,Linear SVM decision score (jo probabilitet),-0.5833420469689125,0,True,correct
linear_svm_c_4_0,4.0,true_760,760,0,real,Do të befasoheni se çfarë të vërtetash fshehen prapa serialeve turke,297,long_gt_250,Linear SVM decision score (jo probabilitet),-0.4846271154831373,0,True,correct
linear_svm_c_4_0,4.0,true_765,765,0,real,"Sasa e “O sa mirë” plotë jetë, vitet thjeshtë numra janë për të",57,very_short_le_60,Linear SVM decision score (jo probabilitet),-0.40470940768132235,0,True,correct
linear_svm_c_4_0,4.0,true_772,772,0,real,"Dhimbjet që mendoni se i keni nga dhëmbët, por në fakt kanë të bëjë me diçka tjetër",445,long_gt_250,Linear SVM decision score (jo probabilitet),-0.51195296629627,0,True,correct
linear_svm_c_4_0,4.0,true_781,781,0,real,Reperja e njohur e publikon nga afër tatuazhin në pjesën e të pasmeve,105,short_61_120,Linear SVM decision score (jo probabilitet),-0.6394690026353845,0,True,correct
linear_svm_c_4_0,4.0,true_783,783,0,real,"“Nëntori i dytë”, ja pse u hoq pjesa kur Isa Boletini luftonte me serbët",1952,long_gt_250,Linear SVM decision score (jo probabilitet),-1.9990606208840385,0,True,correct
linear_svm_c_4_0,4.0,true_786,786,0,real,Ekskluzive: Alfred Cako zbulon vaksinën e Covid19 që shkakton vdekje dhe ndalon lindjet,46,very_short_le_60,Linear SVM decision score (jo probabilitet),0.5755963965652607,1,False,false_positive
linear_svm_c_4_0,4.0,true_788,788,0,real,"Infekton 76 të ftuar me koronavirus babai i nuses, dasma kthehet në rast studimi",238,medium_121_250,Linear SVM decision score (jo probabilitet),-0.015020540704855811,0,True,correct
linear_svm_c_4_0,4.0,true_789,789,0,real,Ivanka Trump në secilën paraqitje pa sytjena,68,short_61_120,Linear SVM decision score (jo probabilitet),-0.2576540978245827,0,True,correct
linear_svm_c_4_0,4.0,true_793,793,0,real,"Trusti s’do pengojë tërheqjen e kursimeve, kompensimi nga qeveria jo për të gjithë",942,long_gt_250,Linear SVM decision score (jo probabilitet),-1.1670100634225218,0,True,correct
linear_svm_c_4_0,4.0,true_803,803,0,real,"Ambasada e SHBA-së në Kosovë apelon për kujdes, tubimi paqësor i LVV-së mund të bëhet i dhunshëm",263,long_gt_250,Linear SVM decision score (jo probabilitet),-0.9754853628068377,0,True,correct
linear_svm_c_4_0,4.0,true_808,808,0,real,"Avdyli i del në krahë Osmanit: Kur do flasim ne të vertetën, atëherë keni me mbetë pa fjalë",244,medium_121_250,Linear SVM decision score (jo probabilitet),0.017070583197314915,1,False,false_positive
linear_svm_c_4_0,4.0,true_809,809,0,real,Gëzimja përgatit tortën më të bukur për vajzën,86,short_61_120,Linear SVM decision score (jo probabilitet),0.1126908610428291,1,False,false_positive
linear_svm_c_4_0,4.0,true_825,825,0,real,"Pasi u propozua për kryeministër konsensual Murat Jashari, vjen edhe reagimi nga Familja Jashari",258,long_gt_250,Linear SVM decision score (jo probabilitet),-0.11609459553398704,0,True,correct
linear_svm_c_4_0,4.0,true_830,830,0,real,Vjosa Osmani mbështet masat e reja të Albin Kurtit kundër Serbisë,221,medium_121_250,Linear SVM decision score (jo probabilitet),-0.37926778812983486,0,True,correct
linear_svm_c_4_0,4.0,true_833,833,0,real,"Horoskopi, e shtunë 30 maj 2020",529,long_gt_250,Linear SVM decision score (jo probabilitet),-1.0039709835172537,0,True,correct
linear_svm_c_4_0,4.0,true_835,835,0,real,"Veton Surroi mbetet pa tekst, ky është reagimi i tij për aktgjykimin",115,short_61_120,Linear SVM decision score (jo probabilitet),0.11975904443100827,1,False,false_positive
linear_svm_c_4_0,4.0,true_856,856,0,real,​ Nesër në Bruksel mbahet takimi i ekspertëve,60,very_short_le_60,Linear SVM decision score (jo probabilitet),-0.6270427001655196,0,True,correct
linear_svm_c_4_0,4.0,true_858,858,0,real,Qeveria ua heq kartonin e gjelbër atyre që hyjnë në Kosovë,185,medium_121_250,Linear SVM decision score (jo probabilitet),-1.5201892432673074,0,True,correct
linear_svm_c_4_0,4.0,true_863,863,0,real,Ministri Zemaj komenton fotografin e Skender Hysenit pa maskë,223,medium_121_250,Linear SVM decision score (jo probabilitet),-1.4206028825332382,0,True,correct
linear_svm_c_4_0,4.0,true_875,875,0,real,"Granata e gjetur te vendpunishtja e Xhamisë së Madhe, e kohës së Luftës së Dytë Botërore",107,short_61_120,Linear SVM decision score (jo probabilitet),-1.089647291074209,0,True,correct
linear_svm_c_4_0,4.0,true_880,880,0,real,"Shtyhet raportimi i Agim Veliut në Komisionin për Siguri, polemika mes deputetëve",356,long_gt_250,Linear SVM decision score (jo probabilitet),-1.2748594299340033,0,True,correct
linear_svm_c_4_0,4.0,true_887,887,0,real,"Vendet që morën nën kontroll pandeminë coronavirus, tani prapë po përballen me të",1294,long_gt_250,Linear SVM decision score (jo probabilitet),-1.0029282187309527,0,True,correct
linear_svm_c_4_0,4.0,true_888,888,0,real,Debat i nxehtë në Komisionin për Punë të Jashtme - VIDEO,71,short_61_120,Linear SVM decision score (jo probabilitet),-0.8856754654434112,0,True,correct
linear_svm_c_4_0,4.0,true_889,889,0,real,Rrahjet mes deputetëve ndër vite në Kuvendin e Kosovës,721,long_gt_250,Linear SVM decision score (jo probabilitet),-1.3843441254699171,0,True,correct
linear_svm_c_4_0,4.0,true_890,890,0,real,Qeveria heq dorë nga vendimi për izolimin e atyre që kthehen nga Shqipëria!,178,medium_121_250,Linear SVM decision score (jo probabilitet),-0.8587676509543068,0,True,correct
linear_svm_c_4_0,4.0,true_906,906,0,real,Oda Ekonomike kërkon të digjitalizohen disa shërbime dhe të licencohen laboratoret private,439,long_gt_250,Linear SVM decision score (jo probabilitet),-0.13826787687432152,0,True,correct
linear_svm_c_4_0,4.0,true_907,907,0,real,Prishtina edhe sot komuna me më së shumti raste me COVID-19,128,medium_121_250,Linear SVM decision score (jo probabilitet),-1.0306880543721135,0,True,correct
linear_svm_c_4_0,4.0,true_908,908,0,real,Arrestohet gjilanasi për mashtrim me shitje të banesës,95,short_61_120,Linear SVM decision score (jo probabilitet),-0.7566865044714254,0,True,correct
linear_svm_c_4_0,4.0,true_910,910,0,real,Fati i medias më të lexuar në Hungari Index në pikëpyetje pas largimit të shumicës së gazetarëve,349,long_gt_250,Linear SVM decision score (jo probabilitet),-0.9949356001246167,0,True,correct
linear_svm_c_4_0,4.0,true_917,917,0,real,"Hoti: Situata po përkeqësohet, stafi shëndetësor i FSK-së do të integrohet në Ministri të Shëndetësisë",271,long_gt_250,Linear SVM decision score (jo probabilitet),-1.112269938252275,0,True,correct
linear_svm_c_4_0,4.0,true_931,931,0,real,Auditori: Policët ushtrojnë pozitat e punës në mospërputhje me gradat,382,long_gt_250,Linear SVM decision score (jo probabilitet),-1.0461019201027502,0,True,correct
linear_svm_c_4_0,4.0,true_938,938,0,real,Partia Socialiste tërhiqet nga shkarkimi i Ilir Metës,474,long_gt_250,Linear SVM decision score (jo probabilitet),-0.8888961222657953,0,True,correct
linear_svm_c_4_0,4.0,true_939,939,0,real,Philip Morris lejohet të komunikojë se IQOS redukton ekspozimin e dëmshëm,414,long_gt_250,Linear SVM decision score (jo probabilitet),-0.23118448651445367,0,True,correct
linear_svm_c_4_0,4.0,true_945,945,0,real,Rekord i ri me raste pozitive me COVID-19 në Kosovë,216,medium_121_250,Linear SVM decision score (jo probabilitet),-1.205511546343263,0,True,correct
linear_svm_c_4_0,4.0,true_950,950,0,real,Hoti: Jemi në diskutime që rruga nacionale Prishtinë-Mitrovicë të shndërrohet në rrugë ndërkombëtare,263,long_gt_250,Linear SVM decision score (jo probabilitet),-0.9337695158041276,0,True,correct
linear_svm_c_4_0,4.0,true_965,965,0,real,VIDEO: Vetura zyrtare në vikend merr udhë për kositje të barit,85,short_61_120,Linear SVM decision score (jo probabilitet),-0.6929060872781739,0,True,correct
linear_svm_c_4_0,4.0,true_966,966,0,real,Pneumologu kosovar tregon si zhvillohet pneumonia te pacientët me COVID-19,620,long_gt_250,Linear SVM decision score (jo probabilitet),-0.4795087223115553,0,True,correct
linear_svm_c_4_0,4.0,true_974,974,0,real,Mbi 10 mijë të infektuar me COVID-19 në Maqedoninë e Veriut,148,medium_121_250,Linear SVM decision score (jo probabilitet),-1.1958129819708083,0,True,correct
linear_svm_c_4_0,4.0,true_975,975,0,real,VIDEO - Xhamia që u mbijetoi shekujve,465,long_gt_250,Linear SVM decision score (jo probabilitet),-0.9525250258226686,0,True,correct
linear_svm_c_4_0,4.0,true_979,979,0,real,Lihen në arrest shtëpiak policët e arrestuar për keqtrajtim të një të mituri,146,medium_121_250,Linear SVM decision score (jo probabilitet),-0.7992440221523022,0,True,correct
linear_svm_c_4_0,4.0,true_988,988,0,real,"Ilir Meta për Adem Demaçin: ""Mandela i Evropës"" dhe ""Saharovi"" ynë",320,long_gt_250,Linear SVM decision score (jo probabilitet),-1.225750246418328,0,True,correct
linear_svm_c_4_0,4.0,true_991,991,0,real,Evropa ime: T'u tregojmë vendin elitave të korruptuara të Ballkanit Perëndimor,1084,long_gt_250,Linear SVM decision score (jo probabilitet),-1.4194971367397562,0,True,correct
linear_svm_c_4_0,4.0,true_994,994,0,real,Ministria e Bujqësisë pagoi mbi 176 mijë euro për analiza që mund t'i kryente vetë,210,medium_121_250,Linear SVM decision score (jo probabilitet),-0.6709099404846098,0,True,correct
linear_svm_c_4_0,4.0,true_1005,1005,0,real,Alarmante - Rreth 3 mijë raste aktive me COVID-19 në Kosovë,219,medium_121_250,Linear SVM decision score (jo probabilitet),-1.3636865821252142,0,True,correct
linear_svm_c_4_0,4.0,true_1028,1028,0,real,Qeveria emëroi Bordin e përkohshëm i Telekomit të Kosovës,158,medium_121_250,Linear SVM decision score (jo probabilitet),-1.2233742106818761,0,True,correct
linear_svm_c_4_0,4.0,true_1034,1034,0,real,Xhamia më e vjetër në Prishtinë një dekadë restaurim,275,long_gt_250,Linear SVM decision score (jo probabilitet),-1.0555727808445958,0,True,correct
linear_svm_c_4_0,4.0,true_1037,1037,0,real,Osmani për Hotin: Duhet me hangër një thes kryp me dikë për me njoftë,186,medium_121_250,Linear SVM decision score (jo probabilitet),-0.09974342348898702,0,True,correct
linear_svm_c_4_0,4.0,true_1042,1042,0,real,Raport: Bandat nga Ballkani tani janë kthyer në kontrabandistë globalë,773,long_gt_250,Linear SVM decision score (jo probabilitet),-1.3554695573637034,0,True,correct
linear_svm_c_4_0,4.0,true_1054,1054,0,real,ORCA: 55% e profesorëve në UP nuk e justifikojnë titullin e tyre akademik,328,long_gt_250,Linear SVM decision score (jo probabilitet),-0.8782096285223614,0,True,correct
linear_svm_c_4_0,4.0,true_1055,1055,0,real,Boris Johnson: Kriza e COVID-19 përfundon nga mesi i vitit 2021,131,medium_121_250,Linear SVM decision score (jo probabilitet),-0.20144808518539759,0,True,correct
linear_svm_c_4_0,4.0,true_1064,1064,0,real,Thaçi nuk do dialog teknik me Serbinë,217,medium_121_250,Linear SVM decision score (jo probabilitet),-0.7107010422572951,0,True,correct
linear_svm_c_4_0,4.0,true_1076,1076,0,real,"Pas dy muajve, Maqedonia e Veriut me asnjë viktimë nga COVID-19",143,medium_121_250,Linear SVM decision score (jo probabilitet),-1.1475835737904405,0,True,correct
linear_svm_c_4_0,4.0,true_1079,1079,0,real,Hoti i shkruan letër Osmanit për raportimin në Kuvend pas takimit në Bruksel,90,short_61_120,Linear SVM decision score (jo probabilitet),-1.0101412627722097,0,True,correct
linear_svm_c_4_0,4.0,true_1081,1081,0,real,"Mësimi në shtator mund të fillojë nga ekrani, ekspertët rekomandojnë më shumë udhëzime",1082,long_gt_250,Linear SVM decision score (jo probabilitet),-1.4559551260699712,0,True,correct
linear_svm_c_4_0,4.0,true_1084,1084,0,real,"Pas katër ditësh intervistim në Hagë, Thaçi kthehet sot në Kosovë",244,medium_121_250,Linear SVM decision score (jo probabilitet),-0.7613170076252088,0,True,correct
linear_svm_c_4_0,4.0,true_1085,1085,0,real,Teatri i Podujevës bëhet me aktorë rezidentë,163,medium_121_250,Linear SVM decision score (jo probabilitet),-0.5334794228501903,0,True,correct
linear_svm_c_4_0,4.0,true_1090,1090,0,real,"Incident në një port iranian, disa anije përfshihen nga zjarri",224,medium_121_250,Linear SVM decision score (jo probabilitet),-1.1185184867052276,0,True,correct
linear_svm_c_4_0,4.0,true_1092,1092,0,real,Mbi 13 milionë të infektuar me coronavirus në botë,466,long_gt_250,Linear SVM decision score (jo probabilitet),-1.399073781744347,0,True,correct
linear_svm_c_4_0,4.0,true_1101,1101,0,real,"Hoti e Vuçiq zhvillojnë sot takim virtual, rinis dialogu Kosovë-Serbi",212,medium_121_250,Linear SVM decision score (jo probabilitet),-0.5680461434210283,0,True,correct
linear_svm_c_4_0,4.0,true_1104,1104,0,real,Hoti paralajmëron shpalljen e gjendjes së jashtëzakonshme,285,long_gt_250,Linear SVM decision score (jo probabilitet),-0.5128839482611721,0,True,correct
linear_svm_c_4_0,4.0,true_1106,1106,0,real,Abazi: Ligji për COVID-19 u refuzua e Hoti drejt shpalljes së gjendjes së jashtëzakonshme,392,long_gt_250,Linear SVM decision score (jo probabilitet),-0.4451520685742588,0,True,correct
linear_svm_c_4_0,4.0,true_1108,1108,0,real,COVID-19: Vdes veterani i UÇK-së nga Malisheva,123,medium_121_250,Linear SVM decision score (jo probabilitet),-0.6210600187939678,0,True,correct
linear_svm_c_4_0,4.0,true_1117,1117,0,real,Anulohet udhëtimi i Thaçit për në Washington,113,short_61_120,Linear SVM decision score (jo probabilitet),0.3957479647182551,1,False,false_positive
linear_svm_c_4_0,4.0,true_1119,1119,0,real,Zemaj: Gjashtë pacientë me COVID-19 janë në kujdes intensiv,89,short_61_120,Linear SVM decision score (jo probabilitet),-0.7687466829658572,0,True,correct
linear_svm_c_4_0,4.0,true_1121,1121,0,real,"Hoti raporton në Kuvend për dialogun: Ose do të ketë marrëveshje të mirë për Kosovën, ose s’do të ketë fare",297,long_gt_250,Linear SVM decision score (jo probabilitet),-0.9337628432881785,0,True,correct
linear_svm_c_4_0,4.0,true_1135,1135,0,real,"Kosova synon njohjen nga Serbia, nuk dëshiron kompromis",952,long_gt_250,Linear SVM decision score (jo probabilitet),-1.242949728036883,0,True,correct
linear_svm_c_4_0,4.0,true_1138,1138,0,real,"Qeveritarët pa maska e me duarshtrëngime, përurojnë rrugën Deçan–Plavë - FOTO",288,long_gt_250,Linear SVM decision score (jo probabilitet),-0.6429733261798142,0,True,correct
linear_svm_c_4_0,4.0,true_1165,1165,0,real,Hoti nesër në Gjilan te kritikuesi i tij më i madh Lutfi Haziri,187,medium_121_250,Linear SVM decision score (jo probabilitet),-1.2055303153862735,0,True,correct
linear_svm_c_4_0,4.0,true_1174,1174,0,real,"Të hyrat në gjashtë muajt e parë ranë për 8 %, shpenzimet u rritën për 38.7 milionë euro",219,medium_121_250,Linear SVM decision score (jo probabilitet),-1.9012975885717043,0,True,correct
linear_svm_c_4_0,4.0,true_1179,1179,0,real,"Pini ilaçin e përgatitur vetë për ta shëruar diabetin, tipi 2",219,medium_121_250,Linear SVM decision score (jo probabilitet),-0.5672691267036679,0,True,correct
linear_svm_c_4_0,4.0,true_1180,1180,0,real,Vetëm në këtë kënd të shtëpisë së Kylie Jenner gjendet një pasuri e tërë,140,medium_121_250,Linear SVM decision score (jo probabilitet),-1.140872211110585,0,True,correct
linear_svm_c_4_0,4.0,true_1183,1183,0,real,Sekreti i japonezëve për jetë të gjatë,212,medium_121_250,Linear SVM decision score (jo probabilitet),-0.6752273153953013,0,True,correct
linear_svm_c_4_0,4.0,true_1186,1186,0,real,Fansi i çmendur bën tatuazh në trup fytyrën e Noizyt!,119,short_61_120,Linear SVM decision score (jo probabilitet),-0.7980311406128463,0,True,correct
linear_svm_c_4_0,4.0,true_1191,1191,0,real,Infektohet edhe presidenti që tha se saunat dhe vodka janë ilaçe kundër Covid-19,155,medium_121_250,Linear SVM decision score (jo probabilitet),-1.2369455437733752,0,True,correct
linear_svm_c_4_0,4.0,true_1194,1194,0,real,Pezullimi i përpjekjeve për anëtarësim në mekanizma ndërkombëtarë gabim i pa falshëm i Qeverisë Hoti,675,long_gt_250,Linear SVM decision score (jo probabilitet),-1.1513312800089293,0,True,correct
linear_svm_c_4_0,4.0,true_1197,1197,0,real,Dalin fotot e Gymysh me fustan të bardhë - shikoni sa nuse e bukur është bërë,189,medium_121_250,Linear SVM decision score (jo probabilitet),-1.3477391688796567,0,True,correct
linear_svm_c_4_0,4.0,true_1199,1199,0,real,Jeni gati të shihni ndryshimin e radhës së Tayna-s?,177,medium_121_250,Linear SVM decision score (jo probabilitet),-1.3438426812568722,0,True,correct
linear_svm_c_4_0,4.0,true_1224,1224,0,real,"Situata me Covid-19, kryeministri Hoti kërkon të vërehet dora e fortë e shtetit",145,medium_121_250,Linear SVM decision score (jo probabilitet),-1.1645053361380984,0,True,correct
linear_svm_c_4_0,4.0,true_1226,1226,0,real,Super hiti është gati! Kënga e re e Encës dhe e Don Xhonit e ka një datë publikimi,82,short_61_120,Linear SVM decision score (jo probabilitet),-0.6340714309828589,0,True,correct
linear_svm_c_4_0,4.0,true_1230,1230,0,real,Rasheli do ua hapë sytë me këtë imazh,114,short_61_120,Linear SVM decision score (jo probabilitet),-2.037097669041847,0,True,correct
linear_svm_c_4_0,4.0,true_1234,1234,0,real,Blero: Ky reper shqiptar është i preferuari im,155,medium_121_250,Linear SVM decision score (jo probabilitet),-0.7069377404131724,0,True,correct
linear_svm_c_4_0,4.0,true_1243,1243,0,real,Deputetja e Kuvendit të Kosovës Eliza Hoxha është shëruar nga koronavirusi,702,long_gt_250,Linear SVM decision score (jo probabilitet),-1.4353494235924957,0,True,correct
linear_svm_c_4_0,4.0,true_1245,1245,0,real,Pandora më në formë se kurrë feston ditëlindjen,82,short_61_120,Linear SVM decision score (jo probabilitet),-1.5120487732781496,0,True,correct
linear_svm_c_4_0,4.0,true_1246,1246,0,real,"Ja përse duhet të hani 1 thelb hudhër në esëll/ Bën mrekulli për organizmin, ja si",142,medium_121_250,Linear SVM decision score (jo probabilitet),-0.1912620217492622,0,True,correct
linear_svm_c_4_0,4.0,true_1260,1260,0,real,Receta çudibërëse me farat e lirit: Të dobësohemi shëndetshëm dhe sigurt,418,long_gt_250,Linear SVM decision score (jo probabilitet),-0.5810611481675408,0,True,correct
linear_svm_c_4_0,4.0,true_1266,1266,0,real,Receta e Cekës - Maregnore,244,medium_121_250,Linear SVM decision score (jo probabilitet),-0.7709021752439348,0,True,correct
linear_svm_c_4_0,4.0,true_1274,1274,0,real,Koronavirusi anulon festimet e Vitit të Ri,162,medium_121_250,Linear SVM decision score (jo probabilitet),-1.6319703059283848,0,True,correct
linear_svm_c_4_0,4.0,true_1275,1275,0,real,"Ç’do ndodhë me koronavirusin? OBSH në alarm, rritja e infektimeve po…",442,long_gt_250,Linear SVM decision score (jo probabilitet),-1.1394647647056688,0,True,correct
linear_svm_c_4_0,4.0,true_1279,1279,0,real,Çfarë misteri i pazgjidhur fshihet në mes të selisë së CIA?,590,long_gt_250,Linear SVM decision score (jo probabilitet),-1.4590579542457003,0,True,correct
linear_svm_c_4_0,4.0,true_1285,1285,0,real,Prekëse: Kujdestari vishet bardhezi për t’ia plotësuar mungesën e nënës zebrës jetime,189,medium_121_250,Linear SVM decision score (jo probabilitet),-0.9137721064022942,0,True,correct
linear_svm_c_4_0,4.0,true_1290,1290,0,real,Aleksander Vuçiq: Dialogu i Brukselit po ndodhë nga dëshira e Brukselit për ta përjashtuar Amerikën,262,long_gt_250,Linear SVM decision score (jo probabilitet),-1.0132531106469398,0,True,correct
linear_svm_c_4_0,4.0,true_1291,1291,0,real,Kaçanikasi tenton t’i vrasë dy persona shkaku i një kontesti pronësor,249,medium_121_250,Linear SVM decision score (jo probabilitet),-1.6728799120636277,0,True,correct
linear_svm_c_4_0,4.0,true_1293,1293,0,real,"U bë me vajzë por dëshironte djalë – Burri vret veten, e shoqja pëson atak kardiak",118,short_61_120,Linear SVM decision score (jo probabilitet),-0.615891694576611,0,True,correct
linear_svm_c_4_0,4.0,true_1302,1302,0,real,"OBSH: Rritje shqetësuese të rasteve nga coronavirusi në Ballkan, duhet të tregohemi vigjilentë",141,medium_121_250,Linear SVM decision score (jo probabilitet),-1.1821711414399751,0,True,correct
linear_svm_c_4_0,4.0,true_1311,1311,0,real,"E akuzuan për ndërhyrje në Gjykatë, Von Cramon ia kthen Enver Hoxhajt: Kjo s’ndodh në demokraci, ndoshta në vendin tuaj po",254,long_gt_250,Linear SVM decision score (jo probabilitet),-0.528697985608744,0,True,correct
linear_svm_c_4_0,4.0,true_1314,1314,0,real,Ky është 22 vjeçari nga Peja që vdiq në aksidentin tragjik,94,short_61_120,Linear SVM decision score (jo probabilitet),-1.277481590209057,0,True,correct
linear_svm_c_4_0,4.0,true_1320,1320,0,real,Shikoni çfarë vozitje të shpejtë i bën veturës 60-vjeçarja shqiptare,145,medium_121_250,Linear SVM decision score (jo probabilitet),0.30172764841910626,1,False,false_positive
linear_svm_c_4_0,4.0,true_1324,1324,0,real,Turqia pezullon fluturimet shkaku i shtimit të rasteve të Covid-19,200,medium_121_250,Linear SVM decision score (jo probabilitet),-1.4831398590993983,0,True,correct
linear_svm_c_4_0,4.0,true_1325,1325,0,real,"Zemaj dhe Ramadani pushojnë sot, i cojnë me e-mail njoftimet për situatën 24 orëshe me COVID-19",135,medium_121_250,Linear SVM decision score (jo probabilitet),-1.8484990633969578,0,True,correct
linear_svm_c_4_0,4.0,true_1334,1334,0,real,"Tayna poston fotot provokuese dhe dërgon mesazhin, “Të josh dhe të bëj budalla, sa herë dua”",106,short_61_120,Linear SVM decision score (jo probabilitet),-0.2856164422466717,0,True,correct
linear_svm_c_4_0,4.0,true_1336,1336,0,real,Presidenti në aktakuzë para Gjykatës Speciale dhe dialogu me Serbinë e sfidojnë shtetësinë e Kosovës,309,long_gt_250,Linear SVM decision score (jo probabilitet),-1.6467059664065151,0,True,correct
linear_svm_c_4_0,4.0,true_1346,1346,0,real,Kështu e kujton Leonora babin në 22 vjetorin e vdekjes,75,short_61_120,Linear SVM decision score (jo probabilitet),-1.3793396908062885,0,True,correct
linear_svm_c_4_0,4.0,true_1351,1351,0,real,Receta e Cekës: Omletë me mollë,157,medium_121_250,Linear SVM decision score (jo probabilitet),-0.3309576499855854,0,True,correct
linear_svm_c_4_0,4.0,true_1365,1365,0,real,"Çdo natë para gjumit, pije këtë lëng dhe do largoni gjithçka nga barku, shkrin gjithë yndyrën, do t’ju heqi kilet e tepërta fare nga trupi",450,long_gt_250,Linear SVM decision score (jo probabilitet),0.36062883787773126,1,False,false_positive
linear_svm_c_4_0,4.0,true_1371,1371,0,real,Ku ngeli Alba Hoxha?,77,short_61_120,Linear SVM decision score (jo probabilitet),-1.3901498764021887,0,True,correct
linear_svm_c_4_0,4.0,true_1379,1379,0,real,Isufi: Nuk ka aktakuzë që mund ta njollosë luftën e UÇK’së,214,medium_121_250,Linear SVM decision score (jo probabilitet),-1.5094240717806748,0,True,correct
linear_svm_c_4_0,4.0,true_1382,1382,0,real,"Serwer: Aktakuza ndaj Thaçit e Veselit s’është personale, Kosova është në telashe",206,medium_121_250,Linear SVM decision score (jo probabilitet),-0.8041614924670905,0,True,correct
linear_svm_c_4_0,4.0,true_1385,1385,0,real,"Është mashtrim, qeveria e kombinimit politik LDK me partnerët e PAN-it nuk e bëjnë ligjin Vetting",579,long_gt_250,Linear SVM decision score (jo probabilitet),-1.3132117296821044,0,True,correct
linear_svm_c_4_0,4.0,true_1395,1395,0,real,"Infektologu italian: Koronavirusi është dobësuar, ja kur pritet të zhduket",273,long_gt_250,Linear SVM decision score (jo probabilitet),-1.0408426283208074,0,True,correct
linear_svm_c_4_0,4.0,true_1396,1396,0,real,Cramon për vizat: Ja kur pritet liberalizimi final,310,long_gt_250,Linear SVM decision score (jo probabilitet),-1.029166034249268,0,True,correct
linear_svm_c_4_0,4.0,true_1413,1413,0,real,Koronavirusi: Renditja e Kosovës krahas shteteve të rajonit,366,long_gt_250,Linear SVM decision score (jo probabilitet),-1.4834198588193361,0,True,correct
linear_svm_c_4_0,4.0,true_1415,1415,0,real,"Trump për John Bolton: Askush nuk e donte në Shtëpinë e Bardhë, dukej i çmendur",344,long_gt_250,Linear SVM decision score (jo probabilitet),-0.9906315535765257,0,True,correct
linear_svm_c_4_0,4.0,true_1420,1420,0,real,Haradinaj shkon i pari në takim me Avdullah Hotin,93,short_61_120,Linear SVM decision score (jo probabilitet),-1.2613814561577508,0,True,correct
linear_svm_c_4_0,4.0,true_1424,1424,0,real,Zbulohet e vërteta: Ja çfarë pritet të ndodhë më 27 qershor në Shtëpinë e Bardhë,524,long_gt_250,Linear SVM decision score (jo probabilitet),-0.3851615472218026,0,True,correct
linear_svm_c_4_0,4.0,true_1426,1426,0,real,Hoti i fton liderët e partive në zyrë për t’u koordinuar para udhëtimit në Washington,164,medium_121_250,Linear SVM decision score (jo probabilitet),-1.0056260489399302,0,True,correct
linear_svm_c_4_0,4.0,true_1432,1432,0,real,Zbulohet substanca që e ul vdekshmërinë e pacientëve me Covid-19,344,long_gt_250,Linear SVM decision score (jo probabilitet),-1.132714111855245,0,True,correct
linear_svm_c_4_0,4.0,true_1434,1434,0,real,"Gati për të shijuar pushimet, Elita dhe Gjiko zgjedhin këtë destinacion brenda Shqipërisë",148,medium_121_250,Linear SVM decision score (jo probabilitet),-0.10815397309274555,0,True,correct
linear_svm_c_4_0,4.0,true_1441,1441,0,real,A është Nicki Minaj shtatzënë!,107,short_61_120,Linear SVM decision score (jo probabilitet),-1.427446518287344,0,True,correct
linear_svm_c_4_0,4.0,true_1450,1450,0,real,Stërvitja e parë e Valon Berishës te Reims,88,short_61_120,Linear SVM decision score (jo probabilitet),-0.35592358958532233,0,True,correct
linear_svm_c_4_0,4.0,true_1451,1451,0,real,"Hoti e Hyseni presin në takim ambasadorët e QUINT-it, flasin për dialogun me Serbinë",218,medium_121_250,Linear SVM decision score (jo probabilitet),-0.8725970116812861,0,True,correct
linear_svm_c_4_0,4.0,true_1454,1454,0,real,Çavuşoğlu: Ajasofja është çështje e sovranitetit të Turqisë,188,medium_121_250,Linear SVM decision score (jo probabilitet),-1.1342703470299673,0,True,correct
linear_svm_c_4_0,4.0,true_1461,1461,0,real,"8 të vdekur nga koronavirusi brenda ditës në Kosovë, shkon në 177 numri i përgjithshëm i viktimave",65,short_61_120,Linear SVM decision score (jo probabilitet),-0.3082114701482275,0,True,correct
linear_svm_c_4_0,4.0,true_1465,1465,0,real,Lëngu i qepës së kuqe/ Kura natyrale për stomakun dhe alergjitë,340,long_gt_250,Linear SVM decision score (jo probabilitet),-0.23928351795314284,0,True,correct
linear_svm_c_4_0,4.0,true_1466,1466,0,real,"Bilanci i pandemisë në botë, mbi 16 milionë raste me COVID-19",283,long_gt_250,Linear SVM decision score (jo probabilitet),-1.5683537935430123,0,True,correct
linear_svm_c_4_0,4.0,true_1473,1473,0,real,"Certifikohen rezultatet zgjedhore, shqiptarët me 32 mandate në Kuvendin e Maqedonisë së Veriut",112,short_61_120,Linear SVM decision score (jo probabilitet),-0.6220840786781349,0,True,correct
linear_svm_c_4_0,4.0,true_1474,1474,0,real,Turqia reagon kundër djegies së flamurit turk në Greqi,341,long_gt_250,Linear SVM decision score (jo probabilitet),-1.45774556405219,0,True,correct
linear_svm_c_4_0,4.0,true_1475,1475,0,real,Policia izraelite arreston 3 fëmijë palestinezë në Kuds,129,medium_121_250,Linear SVM decision score (jo probabilitet),-0.8471261819647858,0,True,correct
linear_svm_c_4_0,4.0,true_1484,1484,0,real,Ndihma humanitare botërore e Turqisë përbën 26 për qind në vitin 2019,754,long_gt_250,Linear SVM decision score (jo probabilitet),-1.3505727609128648,0,True,correct
linear_svm_c_4_0,4.0,true_1488,1488,0,real,Breshka e detit e ndjekur nga shkencëtarët turq përmes satelitit përshkoi 5.500 kilometra për një vit,339,long_gt_250,Linear SVM decision score (jo probabilitet),-1.2898353285698336,0,True,correct
linear_svm_c_4_0,4.0,true_1492,1492,0,real,Vdes nga koronavirusi një 66-vjeçare në Spitalin e Pejës,203,medium_121_250,Linear SVM decision score (jo probabilitet),-0.9492895312925927,0,True,correct
linear_svm_c_4_0,4.0,true_1498,1498,0,real,"Isa Mustafa përkrah fuqishëm ndërtimin e Xhamisë, dënon protestën: Të krenohemi që jemi muslimanë",349,long_gt_250,Linear SVM decision score (jo probabilitet),-0.8920938935765165,0,True,correct
linear_svm_c_4_0,4.0,true_1503,1503,0,real,"Edhe 5 të vdekur nga Covid-19 në Kosovë, numri i përgjithshëm 144",111,short_61_120,Linear SVM decision score (jo probabilitet),-1.2821459281260803,0,True,correct
linear_svm_c_4_0,4.0,true_1511,1511,0,real,Nisin hetimet ndaj TikTok në Australi,178,medium_121_250,Linear SVM decision score (jo probabilitet),-0.14038867875782735,0,True,correct
linear_svm_c_4_0,4.0,true_1513,1513,0,real,"“Vrisni një serb e ne do të vrasim 100 myslimanë”, Kurti kujton deklaratën famëkeqe të Vuçiqit",256,long_gt_250,Linear SVM decision score (jo probabilitet),-0.3792437752756478,0,True,correct
linear_svm_c_4_0,4.0,true_1519,1519,0,real,Sot pritet fillimi i testimeve serologjike për koronavirus,227,medium_121_250,Linear SVM decision score (jo probabilitet),-1.2341385840984787,0,True,correct
linear_svm_c_4_0,4.0,true_1531,1531,0,real,"Gjashtë nivelet në të cilat shfaqet koronavirusi, simptomat dhe pacientët më të rrezikuar",422,long_gt_250,Linear SVM decision score (jo probabilitet),-0.69846022884169,0,True,correct
linear_svm_c_4_0,4.0,true_1533,1533,0,real,Apeli i IKSHPK-së: Mbani maskat dhe distancën fizike,399,long_gt_250,Linear SVM decision score (jo probabilitet),-1.0170589429474512,0,True,correct
linear_svm_c_4_0,4.0,true_1538,1538,0,real,Vdes gjyqtari Shashivar Hoti,115,short_61_120,Linear SVM decision score (jo probabilitet),-0.600409958654594,0,True,correct
linear_svm_c_4_0,4.0,true_1542,1542,0,real,Shënohen edhe dy vdekje nga Covid-19 në Kosovë,177,medium_121_250,Linear SVM decision score (jo probabilitet),-0.9551515077757179,0,True,correct
linear_svm_c_4_0,4.0,true_1544,1544,0,real,Kur pritet t’u mundësohet qytetarëve tërheqja e parave nga Trusti?,209,medium_121_250,Linear SVM decision score (jo probabilitet),-0.658625304196289,0,True,correct
linear_svm_c_4_0,4.0,true_1545,1545,0,real,​Apeli i IKSHPK-së: Vazhdoni të mbani distancën fizike dhe maskat,441,long_gt_250,Linear SVM decision score (jo probabilitet),-0.9185174794341006,0,True,correct
linear_svm_c_4_0,4.0,true_1547,1547,0,real,"Hoti deklarohet pas takimit me Vuçiq: Kemi bërë progres, besojmë në partnerët ndërkombëtarë",172,medium_121_250,Linear SVM decision score (jo probabilitet),-0.6366544227249783,0,True,correct
linear_svm_c_4_0,4.0,true_1551,1551,0,real,Kurti: Me qeverinë koti kriminelët dolën nga skutat,408,long_gt_250,Linear SVM decision score (jo probabilitet),-1.1184995835729312,0,True,correct
linear_svm_c_4_0,4.0,true_1552,1552,0,real,"Specialja e nis intervistimin, Presidenti nuk deklarohet për media",203,medium_121_250,Linear SVM decision score (jo probabilitet),-0.8823210381914869,0,True,correct
linear_svm_c_4_0,4.0,true_1556,1556,0,real,"Shqipëri, vazhdon rritja e rasteve me koronavirus",137,medium_121_250,Linear SVM decision score (jo probabilitet),-2.006101690023894,0,True,correct
linear_svm_c_4_0,4.0,true_1557,1557,0,real,Maqedoni: Shqiptarët me 32 deputetë në Parlamentin,211,medium_121_250,Linear SVM decision score (jo probabilitet),-0.9552114587495314,0,True,correct
linear_svm_c_4_0,4.0,true_1563,1563,0,real,Kosova e para në Evropë për raste të reja me COVID-19 në dy javët e fundit,214,medium_121_250,Linear SVM decision score (jo probabilitet),-1.0736474671353284,0,True,correct
linear_svm_c_4_0,4.0,true_1564,1564,0,real,"Fillon ndërtimi i Xhamisë së Madhe në Prishtinë, Tërnava uron besimtarët",107,short_61_120,Linear SVM decision score (jo probabilitet),-0.3244768409411649,0,True,correct
linear_svm_c_4_0,4.0,true_1567,1567,0,real,"Policia mas 2 muajsh hetime zbulon 20 kg marihuanë, në pranga 5 persona",301,long_gt_250,Linear SVM decision score (jo probabilitet),-1.524692128859936,0,True,correct
linear_svm_c_4_0,4.0,true_1568,1568,0,real,Vaksina kundër COVID-19 e testuar tek njerëzit tregon shenja të hershme të suksesit,277,long_gt_250,Linear SVM decision score (jo probabilitet),-0.49321826403966673,0,True,correct
linear_svm_c_4_0,4.0,true_1569,1569,0,real,Dita e tretë e intervistimit të presidentit Thaçi në Hagë,163,medium_121_250,Linear SVM decision score (jo probabilitet),-0.23751565820368092,0,True,correct
linear_svm_c_4_0,4.0,true_1574,1574,0,real,Në SHSKUK po trajtohen 268 pacientë me Covid-19,154,medium_121_250,Linear SVM decision score (jo probabilitet),-1.326751156020431,0,True,correct
linear_svm_c_4_0,4.0,true_1593,1593,0,real,Fillon seanca e Kuvendit ku kryeministri Hoti do të raportojë para takimit të Uashingtonit,221,medium_121_250,Linear SVM decision score (jo probabilitet),-0.9700123062784346,0,True,correct
linear_svm_c_4_0,4.0,true_1594,1594,0,real,"Shqipëri, një i vdekur dhe 53 raste të reja me COVID-19",169,medium_121_250,Linear SVM decision score (jo probabilitet),-2.3433417398457466,0,True,correct
linear_svm_c_4_0,4.0,true_1601,1601,0,real,Messi i gatshëm për ndeshjen e sotme ndaj Mallorcas,128,medium_121_250,Linear SVM decision score (jo probabilitet),-0.5163149485534139,0,True,correct
linear_svm_c_4_0,4.0,true_1606,1606,0,real,Isa Mustafa: Atakimi i familjes së Vjosa Osmanit është neveritës,162,medium_121_250,Linear SVM decision score (jo probabilitet),-0.5910865449975585,0,True,correct
linear_svm_c_4_0,4.0,true_1609,1609,0,real,Thaçi reagon pas votimit të qeverisë: Ditë e rëndësishme për demokracinë,156,medium_121_250,Linear SVM decision score (jo probabilitet),-0.675076090713958,0,True,correct
linear_svm_c_4_0,4.0,true_1610,1610,0,real,Kuvendi votoi Qeverinë Hoti,44,very_short_le_60,Linear SVM decision score (jo probabilitet),-0.907160624909693,0,True,correct
linear_svm_c_4_0,4.0,true_1611,1611,0,real,Wuhan-i “kryen me sukses” testimin e popullsisë për koronavirus,147,medium_121_250,Linear SVM decision score (jo probabilitet),-0.7351467792185095,0,True,correct
linear_svm_c_4_0,4.0,true_1613,1613,0,real,​Kryesia e Kuvendit sot vendos datën e seancës për votimin e Qeverisë Hoti,108,short_61_120,Linear SVM decision score (jo probabilitet),-0.875513116264892,0,True,correct
linear_svm_c_4_0,4.0,true_1616,1616,0,real,Një i prekur me koronavirus në Infektivë në gjendje të rëndë,105,short_61_120,Linear SVM decision score (jo probabilitet),-0.864873122225022,0,True,correct
linear_svm_c_4_0,4.0,true_1619,1619,0,real,"Mbi 2,3 milionë të shëruar nga COVID-19 në mbarë botën",109,short_61_120,Linear SVM decision score (jo probabilitet),-0.38995946364574996,0,True,correct
linear_svm_c_4_0,4.0,true_1622,1622,0,real,Mbi 12 mijë teste për COVID-19 në Kosovë,102,short_61_120,Linear SVM decision score (jo probabilitet),-0.7953757421979294,0,True,correct
linear_svm_c_4_0,4.0,true_1624,1624,0,real,Klopp thotë se Liverpooli do të jetë i gatshëm për rikthimin e lojës së bukur,223,medium_121_250,Linear SVM decision score (jo probabilitet),-0.7506219840177569,0,True,correct
linear_svm_c_4_0,4.0,true_1625,1625,0,real,"Britani, qentë do të trajnohen për të diagnostikuar personat me COVID-19",269,long_gt_250,Linear SVM decision score (jo probabilitet),-0.6767889851270804,0,True,correct
linear_svm_c_4_0,4.0,true_1641,1641,0,real,​17 milionë raste me COVID-19 në botë,100,short_61_120,Linear SVM decision score (jo probabilitet),-1.1112011494084206,0,True,correct
linear_svm_c_4_0,4.0,true_1647,1647,0,real,Sekuestrohen mbi 40 armë në një operacion në Prishtinë,139,medium_121_250,Linear SVM decision score (jo probabilitet),-1.5461731598928572,0,True,correct
linear_svm_c_4_0,4.0,true_1648,1648,0,real,Qeveria nuk u konsultua me KOK-un për ndalimin e aktiviteteve sportive,518,long_gt_250,Linear SVM decision score (jo probabilitet),-1.712584400955334,0,True,correct
linear_svm_c_4_0,4.0,true_1653,1653,0,real,​Veliu thotë se VV-ja pati tendenca që të pamundësohet raportimi në Komision,279,long_gt_250,Linear SVM decision score (jo probabilitet),-1.0018422833963192,0,True,correct
linear_svm_c_4_0,4.0,true_1655,1655,0,real,Janë bërë të ditura nominimet e shpërblimeve “Emmy”,304,long_gt_250,Linear SVM decision score (jo probabilitet),-0.9602647958216811,0,True,correct
linear_svm_c_4_0,4.0,true_1659,1659,0,real,Numër i vogël në pelegrinazhin e sivjetmë në Haxh,238,medium_121_250,Linear SVM decision score (jo probabilitet),-1.1037609680822342,0,True,correct
linear_svm_c_4_0,4.0,true_1660,1660,0,real,Finalja e Kupës – për një fund me dinjitet të edicionit të vështirë,716,long_gt_250,Linear SVM decision score (jo probabilitet),-1.3454635441364897,0,True,correct
linear_svm_c_4_0,4.0,true_1665,1665,0,real,Partitë shqiptare në Mal të Zi garojnë të ndara në zgjedhjet parlamentare,267,long_gt_250,Linear SVM decision score (jo probabilitet),-0.8472241040133478,0,True,correct
linear_svm_c_4_0,4.0,true_1667,1667,0,real,Mbretëria e Bashkuar largon Spanjën nga lista e udhëtimeve,189,medium_121_250,Linear SVM decision score (jo probabilitet),-0.9317686000393838,0,True,correct
linear_svm_c_4_0,4.0,true_1674,1674,0,real,Ish-ministri i Shëndetësisë: E pafalshme që kjo situatë abnormale të trajtohet si normale nga Qeveria,316,long_gt_250,Linear SVM decision score (jo probabilitet),-1.2769926587314515,0,True,correct
linear_svm_c_4_0,4.0,true_1675,1675,0,real,Leron Kurteshi sjell stilin urban në muzikë,135,medium_121_250,Linear SVM decision score (jo probabilitet),-1.2149598737319538,0,True,correct
linear_svm_c_4_0,4.0,true_1676,1676,0,real,Zvicra njofton për 132 raste të reja me COVID-19 e tre të vdekur,118,short_61_120,Linear SVM decision score (jo probabilitet),-0.9855346374934747,0,True,correct
linear_svm_c_4_0,4.0,true_1687,1687,0,real,Me rigon kundër infeksioneve dhe problemeve me fytin,307,long_gt_250,Linear SVM decision score (jo probabilitet),-0.14983941721159078,0,True,correct
linear_svm_c_4_0,4.0,true_1692,1692,0,real,"Bazeli, vendi ku lindi shkenca e halucinacioneve",569,long_gt_250,Linear SVM decision score (jo probabilitet),-0.7086468017631266,0,True,correct
linear_svm_c_4_0,4.0,true_1697,1697,0,real,"Katër gola në dy ndeshje, Ademi tregon sekretin e kthimit në formë",220,medium_121_250,Linear SVM decision score (jo probabilitet),-0.9217442100287413,0,True,correct
linear_svm_c_4_0,4.0,true_1698,1698,0,real,Rreth 200 shtretër kanë mbetur në dispozicion për trajtim të pacientëve me COVID-19,226,medium_121_250,Linear SVM decision score (jo probabilitet),-1.4642314820628965,0,True,correct
linear_svm_c_4_0,4.0,true_1700,1700,0,real,Këshilltari kryesor i Trumpit del pozitiv në COVID-19,115,short_61_120,Linear SVM decision score (jo probabilitet),-0.5266716994952655,0,True,correct
linear_svm_c_4_0,4.0,true_1711,1711,0,real,Grupi “3 Doors Down” do ta lansojë këngën e parë në pesë vjetët e fundit,345,long_gt_250,Linear SVM decision score (jo probabilitet),-1.1106747973363618,0,True,correct
linear_svm_c_4_0,4.0,true_1714,1714,0,real,Konfiskime të armëve në ahengje,145,medium_121_250,Linear SVM decision score (jo probabilitet),-1.5047404689311774,0,True,correct
linear_svm_c_4_0,4.0,true_1720,1720,0,real,Java e fundit e korrikut me mot të nxehtë,148,medium_121_250,Linear SVM decision score (jo probabilitet),-1.4792166156597242,0,True,correct
linear_svm_c_4_0,4.0,true_1729,1729,0,real,Në Fushë-Kosovë dyshohet se djali vrau babanë,174,medium_121_250,Linear SVM decision score (jo probabilitet),-0.5601245321882434,0,True,correct
linear_svm_c_4_0,4.0,true_1730,1730,0,real,Simptomat e COVID-19 ndahen në gjashtë grupe sipas një studimi,401,long_gt_250,Linear SVM decision score (jo probabilitet),-0.5798907509986287,0,True,correct
linear_svm_c_4_0,4.0,true_1732,1732,0,real,​Ekzekutohen pagesat e pakos emergjente për masën 3a për 7241 përfitues,83,short_61_120,Linear SVM decision score (jo probabilitet),-1.438189111474426,0,True,correct
linear_svm_c_4_0,4.0,true_1737,1737,0,real,"Buxhovi: LDK-së i duhen reforma, Osmani duhet të qëndrojë",2091,long_gt_250,Linear SVM decision score (jo probabilitet),-1.5709250248364572,0,True,correct
linear_svm_c_4_0,4.0,true_1738,1738,0,real,Shpërblehen sekretarët që ia punësuan renë Mustafës dhe dhëndrin Limajt,302,long_gt_250,Linear SVM decision score (jo probabilitet),-0.6657916936084397,0,True,correct
linear_svm_c_4_0,4.0,true_1740,1740,0,real,Konsiderohet e dëmshme rizgjedhja e Thaçit edhe për një mandat,179,medium_121_250,Linear SVM decision score (jo probabilitet),-1.0043459244127022,0,True,correct
linear_svm_c_4_0,4.0,true_1742,1742,0,real,"Vuçiqi takohet me Lajçakun, pranon se temat janë të dhimbshme dhe se kompromisi nuk është i lehtë",339,long_gt_250,Linear SVM decision score (jo probabilitet),-1.1642446995691418,0,True,correct
linear_svm_c_4_0,4.0,true_1746,1746,0,real,Haradinaj ia kishte ndarë Mustafës mbi 24 mijë euro në emër të pagës retroaktive,340,long_gt_250,Linear SVM decision score (jo probabilitet),-0.6511473393560784,0,True,correct
linear_svm_c_4_0,4.0,true_1755,1755,0,real,Tayna u ndërton shtëpi të re prindërve të saj,188,medium_121_250,Linear SVM decision score (jo probabilitet),-0.4670103855458563,0,True,correct
linear_svm_c_4_0,4.0,true_1757,1757,0,real,Qeveria mbulon shpenzimet e Kartonit të Gjelbër për bashkatdhetarët deri në fund të këtij viti,268,long_gt_250,Linear SVM decision score (jo probabilitet),-1.6018049700627244,0,True,correct
linear_svm_c_4_0,4.0,true_1767,1767,0,real,"Hoti: Kemi hyrë në valën e dytë të pandemisë COVID-19, të aktivizohet Plani i reagimit kombëtar",263,long_gt_250,Linear SVM decision score (jo probabilitet),-1.7646947773941886,0,True,correct
linear_svm_c_4_0,4.0,true_1768,1768,0,real,Qeveria ndan nga 300 euro për mantelbardhët,118,short_61_120,Linear SVM decision score (jo probabilitet),-1.0493823911846847,0,True,correct
linear_svm_c_4_0,4.0,true_1783,1783,0,real,"Khabib – Gaethje, caktohet përfundimisht data për meçin e zjarrtë",123,medium_121_250,Linear SVM decision score (jo probabilitet),-0.4788948011626921,0,True,correct
linear_svm_c_4_0,4.0,true_1785,1785,0,real,"​Ndalohen të gjitha veprimtaritë fetare, nuk lejohet as therja e kafshëve në shtëpi",161,medium_121_250,Linear SVM decision score (jo probabilitet),-1.00838584198056,0,True,correct
linear_svm_c_4_0,4.0,true_1790,1790,0,real,Gazmend Gjyshinca: Kujtim Shala dhe Arben Gashi më ngrehen nga krahu dhe më thanë budalla,352,long_gt_250,Linear SVM decision score (jo probabilitet),-1.574846802990447,0,True,correct
linear_svm_c_4_0,4.0,true_1795,1795,0,real,Fauci thotë se përgjigja mbi vaksinën për COVID-19 mund të vijë në ‘tetor ose nëntor’,245,medium_121_250,Linear SVM decision score (jo probabilitet),-0.8660269832903164,0,True,correct
linear_svm_c_4_0,4.0,true_1799,1799,0,real,Një grua në TikTok ndau një truk që ndihmon për gjetjen e xhinseve të duhura,234,medium_121_250,Linear SVM decision score (jo probabilitet),-0.44309906422838896,0,True,correct
linear_svm_c_4_0,4.0,true_1804,1804,0,real,"Lëvoret e shalqirit, të mbushura me produkte ushqyese",219,medium_121_250,Linear SVM decision score (jo probabilitet),-0.17635271378767203,0,True,correct
linear_svm_c_4_0,4.0,true_1811,1811,0,real,Deputetja Eliza Hoxha rrëfen përvojën dhe betejën me COVID-19,657,long_gt_250,Linear SVM decision score (jo probabilitet),-1.3497023502968903,0,True,correct
linear_svm_c_4_0,4.0,true_1814,1814,0,real,Ish-lojtari i Ballkanit ndërron jetë nga COVID-19,156,medium_121_250,Linear SVM decision score (jo probabilitet),-2.1458399792247316,0,True,correct
linear_svm_c_4_0,4.0,true_1815,1815,0,real,"Qeveria me masa të reja për kopshtet, gastronominë e fusha tjera",130,medium_121_250,Linear SVM decision score (jo probabilitet),-1.3351841092298837,0,True,correct
linear_svm_c_4_0,4.0,true_1819,1819,0,real,"Shkretëtira shndërrohet në varrezë, skena rrëqethëse nga Iraku",220,medium_121_250,Linear SVM decision score (jo probabilitet),-0.7821370708439935,0,True,correct
linear_svm_c_4_0,4.0,true_1820,1820,0,real,"Ka filluar të mbahet gara robotikës “First Global Challenge”, Kosova kryeson në listë",163,medium_121_250,Linear SVM decision score (jo probabilitet),-0.12319770714864109,0,True,correct
linear_svm_c_4_0,4.0,true_1826,1826,0,real,Si lindi sfondi më i famshëm kompjuterik i të gjitha kohërave – dhe ja si duket tani vendi ku u bë fotografia,421,long_gt_250,Linear SVM decision score (jo probabilitet),-1.0949798456144508,0,True,correct
linear_svm_c_4_0,4.0,true_1832,1832,0,real,"Kina raporton numrin më të madh të rasteve me coronavirus, që nga fundi i shpërthimit të Wuhan",170,medium_121_250,Linear SVM decision score (jo probabilitet),-1.2929393558600477,0,True,correct
linear_svm_c_4_0,4.0,true_1834,1834,0,real,"Gastronomët ia ‘dorëzojnë çelësat’ Qeverisë së Kosovës, kërkojnë përkrahje institucionale",170,medium_121_250,Linear SVM decision score (jo probabilitet),-1.3128117000543802,0,True,correct
linear_svm_c_4_0,4.0,true_1839,1839,0,real,Horoskopi javor për periudhën nga 27 korrik – 03 gusht,1619,long_gt_250,Linear SVM decision score (jo probabilitet),-1.4707404616904247,0,True,correct
linear_svm_c_4_0,4.0,true_1848,1848,0,real,Mustafa: Dialogu është krejtësisht politik dhe rezulton me marrëveshje politike ndërshtetërore për njohje reciproke,255,long_gt_250,Linear SVM decision score (jo probabilitet),-1.5037798822847432,0,True,correct
linear_svm_c_4_0,4.0,true_1853,1853,0,real,Sabri Fejzullahu përkujton veprimtarin Adem Demaçi në dyvjetorin e vdekjes së tij,141,medium_121_250,Linear SVM decision score (jo probabilitet),-1.055742163380498,0,True,correct
linear_svm_c_4_0,4.0,true_1861,1861,0,real,A mund të vetëkallet më lehtë vetura që ka aparat klime?,202,medium_121_250,Linear SVM decision score (jo probabilitet),-1.2666094338721252,0,True,correct
linear_svm_c_4_0,4.0,true_1873,1873,0,real,DailyMail shkruan për nënën e Rita Orës: 56-vjeçarja Vera që rrëmben vëmendjen me paraqitjet e saj me bikini në plazh,245,medium_121_250,Linear SVM decision score (jo probabilitet),-1.1933240574418367,0,True,correct
linear_svm_c_4_0,4.0,true_1874,1874,0,real,FSK blen automjete të blinduara nga Ushtria amerikane,92,short_61_120,Linear SVM decision score (jo probabilitet),-0.8461546718339404,0,True,correct
linear_svm_c_4_0,4.0,true_1885,1885,0,real,Çaji i zakonshëm i nenexhikut – Ilaç universal i gjyshes që vërtet është i fuqishëm!,588,long_gt_250,Linear SVM decision score (jo probabilitet),-0.2615484974600927,0,True,correct
linear_svm_c_4_0,4.0,true_1894,1894,0,real,Në Spitalin e Pejës dje ka vdekur një pacient me COVID-19,137,medium_121_250,Linear SVM decision score (jo probabilitet),-1.5267449718569694,0,True,correct
linear_svm_c_4_0,4.0,true_1898,1898,0,real,Djersitja është dukuri shumë më e ndërlikuar seç mendoni,695,long_gt_250,Linear SVM decision score (jo probabilitet),-0.729717443161381,0,True,correct
linear_svm_c_4_0,4.0,true_1904,1904,0,real,Këto vende ishin model i suksesit në luftën ndaj coronavirusit – por nuk janë më!,917,long_gt_250,Linear SVM decision score (jo probabilitet),-1.4409216550043977,0,True,correct
linear_svm_c_4_0,4.0,true_1906,1906,0,real,"Fansi e quajti lojtar ‘shumë të mbivlerësuar’, Toni Kross i përgjigjet në mënyrë epike",281,long_gt_250,Linear SVM decision score (jo probabilitet),-1.4384213549855347,0,True,correct
linear_svm_c_4_0,4.0,true_1912,1912,0,real,Rastet e reja me coronavirus – 91 vetëm në Prishtinë,284,long_gt_250,Linear SVM decision score (jo probabilitet),-1.134473569094399,0,True,correct
linear_svm_c_4_0,4.0,true_1913,1913,0,real,Rita Ora në lidhje serioze me Roman Gavras,133,medium_121_250,Linear SVM decision score (jo probabilitet),-0.12258745838931706,0,True,correct
linear_svm_c_4_0,4.0,true_1917,1917,0,real,"Dua Lipa në frymë patriotike, publikon flamurin ‘Autochthonous’ dhe kuptimin e fjalës",157,medium_121_250,Linear SVM decision score (jo probabilitet),-1.0183063175286957,0,True,correct
linear_svm_c_4_0,4.0,true_1920,1920,0,real,LVV reagon pas akuzave të PDK-së për Telekomin: Sejdi Hoxha i ka kushtuar Postës mbi 50 mijë euro për dy vite,385,long_gt_250,Linear SVM decision score (jo probabilitet),-0.9804396358711732,0,True,correct
linear_svm_c_4_0,4.0,true_1923,1923,0,real,"Shpërndau lajmin se ka vdekur Isa Mustafa, policia arreston të dyshuarin",149,medium_121_250,Linear SVM decision score (jo probabilitet),-1.4342230401846305,0,True,correct
linear_svm_c_4_0,4.0,true_1925,1925,0,real,Florentino Perez thotë se Benzema duhet ta fitojë Topin e Artë këtë vit,177,medium_121_250,Linear SVM decision score (jo probabilitet),-1.0201126197196073,0,True,correct
linear_svm_c_4_0,4.0,true_1928,1928,0,real,Përfundon takimi Hoti-Vuçiq në Bruksel,364,long_gt_250,Linear SVM decision score (jo probabilitet),-1.4103746254231009,0,True,correct
linear_svm_c_4_0,4.0,true_1931,1931,0,real,Magjia verore në ETC vjen me zbritje deri në 50%,292,long_gt_250,Linear SVM decision score (jo probabilitet),0.0347346355928318,1,False,false_positive
linear_svm_c_4_0,4.0,true_1932,1932,0,real,Nipi i Elvis Presleyt është emri më i ri që i bashkohet listës së yjeve që nuk iu shmangën mallkimit të “Klubit 27”,435,long_gt_250,Linear SVM decision score (jo probabilitet),-1.1581017256503565,0,True,correct
linear_svm_c_4_0,4.0,true_1933,1933,0,real,Haradinaj: Aktakuzat ndaj Thaçit dhe Veselit janë goditje ndaj lirisë së Kosovës,431,long_gt_250,Linear SVM decision score (jo probabilitet),-0.816602659290076,0,True,correct
linear_svm_c_4_0,4.0,true_1935,1935,0,real,Haradinaj: Nëse konfirmohen akuzat ndaj Thaçit e Veselit Kosova rrezikon të dëmtohet rëndë,155,medium_121_250,Linear SVM decision score (jo probabilitet),0.20413102757536555,1,False,false_positive
linear_svm_c_4_0,4.0,true_1938,1938,0,real,"Kjo është sasia e mjaftueshme e ujit, të cilin duhet ta konsumojmë për të qenë të shëndetshëm",428,long_gt_250,Linear SVM decision score (jo probabilitet),-0.08103564914823824,0,True,correct
linear_svm_c_4_0,4.0,true_1939,1939,0,real,Kendall Jenner vë në pah të pasmet në imazhet e fundit me të brendshme,153,medium_121_250,Linear SVM decision score (jo probabilitet),-1.156808989537558,0,True,correct
linear_svm_c_4_0,4.0,true_1951,1951,0,real,Jakupi: Edhe Kosova do të bëjë përpjekje për të siguruar disa doza të ilaçit që trajton pacientët me COVID-19,212,medium_121_250,Linear SVM decision score (jo probabilitet),-0.8434388451625251,0,True,correct
linear_svm_c_4_0,4.0,true_1960,1960,0,real,Ledri Vula rrëfen historinë me Sara Hoxhën dhe planet për t’u bërë baba,305,long_gt_250,Linear SVM decision score (jo probabilitet),-1.1329200792070822,0,True,correct
linear_svm_c_4_0,4.0,true_1963,1963,0,real,Sadio Mane mezi ka pritur të rifillojë Liga Premier – senegalezi harroi se duhet gjunjëzuar në shenjë nderimi për “Black Lives Matter”,170,medium_121_250,Linear SVM decision score (jo probabilitet),-1.1132167669980078,0,True,correct
linear_svm_c_4_0,4.0,true_1966,1966,0,real,Viola von Cramon shpreson se kosovarëve do t’iu hiqen vizat kur Gjermania ta marrë Presidencën,205,medium_121_250,Linear SVM decision score (jo probabilitet),0.44833939324890765,1,False,false_positive
linear_svm_c_4_0,4.0,true_1967,1967,0,real,Vuçiq: Nga Lavrovi pranova informata shqetësuese për çështjen e Kosovës,142,medium_121_250,Linear SVM decision score (jo probabilitet),-0.612775868861318,0,True,correct
linear_svm_c_4_0,4.0,true_1979,1979,0,real,WhatsApp do t’ju lejojë të përdorni të njëjtën llogari deri në katër pajisje,92,short_61_120,Linear SVM decision score (jo probabilitet),-0.828732206626836,0,True,correct
linear_svm_c_4_0,4.0,true_1982,1982,0,real,"Labinot Tahiri reagon i revoltuar: Kjo është një gënjeshtër, le të më dërgojnë në burg mua dhe gjithë estradën",216,medium_121_250,Linear SVM decision score (jo probabilitet),-1.1005052471331074,0,True,correct
linear_svm_c_4_0,4.0,true_1988,1988,0,real,Konjufca: Mustafa përsëri do t’ia bëjë votat Thaçit për president,217,medium_121_250,Linear SVM decision score (jo probabilitet),-0.5280703982122837,0,True,correct
linear_svm_c_4_0,4.0,true_1991,1991,0,real,"Kylie Jenner etiketohet si raciste, kryqëzohet nga fansat pasi vetëm 13 për qind e punonjësve në markën e saj janë njerëz me ngjyrë",272,long_gt_250,Linear SVM decision score (jo probabilitet),-1.0708450307333917,0,True,correct
linear_svm_c_4_0,4.0,fake_24,24,1,fake,"Askush Nuk Po E Besonte Që Kjo Ka’fshë Është Në Këtë Vend, Banorët Janë Mbledhur Dhe… VIDEO",66,short_61_120,Linear SVM decision score (jo probabilitet),2.0725195128279785,1,True,correct
linear_svm_c_4_0,4.0,fake_30,30,1,fake,Vallëzimi I Nuses Në Dasmën E Saj Po Mahnitë Të Gjithë Në Rrjetet Sociale,72,short_61_120,Linear SVM decision score (jo probabilitet),0.45578577723524316,1,True,correct
linear_svm_c_4_0,4.0,fake_31,31,1,fake,"Babai Merr Dy Ditë Leje Për Lindjen E Fëmijes, Kur Papritur I Vjen Nje Mesazh Nga Shefi I Tij Që E Lë Pa M,End",112,short_61_120,Linear SVM decision score (jo probabilitet),0.737020660015034,1,True,correct
linear_svm_c_4_0,4.0,fake_33,33,1,fake,Njihuni Me Shqiptarën E Parë Që U Bë Milionere Me Bitcoin (FOTO),213,medium_121_250,Linear SVM decision score (jo probabilitet),0.04111422572357265,1,True,correct
linear_svm_c_4_0,4.0,fake_45,45,1,fake,"Nisi Procesi Për Punë Sezonale Në Itali, Ja Sa Shqiptarë Mund Të Përfitojnë Punë Bashkë Me Leje Qëndrimi",78,short_61_120,Linear SVM decision score (jo probabilitet),0.6880664719954872,1,True,correct
linear_svm_c_4_0,4.0,fake_46,46,1,fake,"Rasti i rralle qe emocjonoi gjithe boten,i biri pa duar ushqen nenen e paralizuar (Video)",107,short_61_120,Linear SVM decision score (jo probabilitet),1.273793846051832,1,True,correct
linear_svm_c_4_0,4.0,fake_50,50,1,fake,EKSLUZIVE:Rasheli Tregon Pa Dorashka Arsyen Pse U Largua Nga Ermali “Ai Me Ngacmonte Dhe …”,94,short_61_120,Linear SVM decision score (jo probabilitet),1.904788294166436,1,True,correct
linear_svm_c_4_0,4.0,fake_57,57,1,fake,Soda Del Jasht “Loje” Ky Eshte Perberesi I Cili Do Te Sheroj Lukthin Tuaj Ne Vetem Pak Dite,188,medium_121_250,Linear SVM decision score (jo probabilitet),0.11271323068951322,1,True,correct
linear_svm_c_4_0,4.0,fake_60,60,1,fake,"Po na përlot me rolin e saj! Flet Ejlyli, tregon të pathënat e jetës së saj: U bëra…",99,short_61_120,Linear SVM decision score (jo probabilitet),1.0661098814496228,1,True,correct
linear_svm_c_4_0,4.0,fake_64,64,1,fake,"Mbani Lotët! Vajza E Zbulon Pak Para Dasmës Që I Fejuari Ia Kishte Dredhur, Më Pas Ia Bën…",75,short_61_120,Linear SVM decision score (jo probabilitet),1.7991179427246626,1,True,correct
linear_svm_c_4_0,4.0,fake_66,66,1,fake,Gazetarja E Njohur Rrëfen Ëndrrën Me Edi Ramën Gjatë Karantinës: Më Ka… (Video),107,short_61_120,Linear SVM decision score (jo probabilitet),0.7962762419220886,1,True,correct
linear_svm_c_4_0,4.0,fake_68,68,1,fake,"Ata Duheshin Shumë, Por Babai I Saj Nuk Ja Jepte Për Grua Edhe Pse Ajo Mbeti Shtatëzanë. Ajo Që Ndodhi 56 Vite Më Vonë Do T’ju Përlotë…",121,medium_121_250,Linear SVM decision score (jo probabilitet),1.6698457250160388,1,True,correct
linear_svm_c_4_0,4.0,fake_70,70,1,fake,"BE Përshëndet Miratimin E ‘5 Qershorit’, Apeli I Sorecës: Mos Dëmtoni Frymën E Reformës Zgjedhore",93,short_61_120,Linear SVM decision score (jo probabilitet),0.6886998192762898,1,True,correct
linear_svm_c_4_0,4.0,fake_71,71,1,fake,"“T Ërmeti I Madh Do Ndryshojë Tokën, Kontinentet Do Ndahen Përgjysmë”, A Larmi I Shkencëtarit",118,short_61_120,Linear SVM decision score (jo probabilitet),1.6824730750474184,1,True,correct
linear_svm_c_4_0,4.0,fake_74,74,1,fake,"Gezim I Madh Ne Familjen E Shkurte Fejzes, Ja Qfare Ndodhi ..",90,short_61_120,Linear SVM decision score (jo probabilitet),1.4214634351986366,1,True,correct
linear_svm_c_4_0,4.0,fake_77,77,1,fake,Kush Është Kjo Gruaja Që Sot Protestoi Dhe Tha:Do Ta Tuboj Popullaten Nuk Ka Ndërtim Të Xhamisë,120,short_61_120,Linear SVM decision score (jo probabilitet),1.3319475028080765,1,True,correct
linear_svm_c_4_0,4.0,fake_79,79,1,fake,"Plas Sh Erri Brenda Familjes Miliardere, Motra Urdhëron “Vr Ásjen” E Të Vëllait",132,medium_121_250,Linear SVM decision score (jo probabilitet),1.312906717017503,1,True,correct
linear_svm_c_4_0,4.0,fake_100,100,1,fake,Bëhet Baba Në Moshën 92-Vjeçare Dhe Ai Deshiron Qe Ta…,75,short_61_120,Linear SVM decision score (jo probabilitet),0.7877225788103639,1,True,correct
linear_svm_c_4_0,4.0,fake_101,101,1,fake,"Nuk Është Parë As Dëgjuar Ndonjëherë, Nëna Lind Fëmijën Dhe Pas 2 Ditësh Merr Lajmin Që Nuk E Priste Kurrë",163,medium_121_250,Linear SVM decision score (jo probabilitet),-0.10068750386893777,0,False,false_negative
linear_svm_c_4_0,4.0,fake_112,112,1,fake,"Ekskluzive: Shitet urgjent Golf 5, Çmimi 2600 Euro, pres blers serioz (Foto/Video)",90,short_61_120,Linear SVM decision score (jo probabilitet),1.680788989512803,1,True,correct
linear_svm_c_4_0,4.0,fake_116,116,1,fake,"Para Me Thasë, SHTETl Ku Paraja Nuk Ka Asnjë VIerë",96,short_61_120,Linear SVM decision score (jo probabilitet),1.611731947356689,1,True,correct
linear_svm_c_4_0,4.0,fake_121,121,1,fake,"Rasti i rralle qe emocjonoi gjithe boten,i biri pa duar ushqen nenen e paralizuar (Video)",109,short_61_120,Linear SVM decision score (jo probabilitet),1.2563713193507458,1,True,correct
linear_svm_c_4_0,4.0,fake_124,124,1,fake,"Flet Nga SHBA Mjeku Per Shqiperine: Vjeshta Do Jete E Tm.Errshme, Ja Çdo Të Ndodhë",95,short_61_120,Linear SVM decision score (jo probabilitet),2.3049495530405997,1,True,correct
linear_svm_c_4_0,4.0,fake_125,125,1,fake,"U Nda Nga Eros Grezda/ Oriola Marashi E Zevendeson Menjehere, Me Ke Po I Kalon Pushimet Bukuroshja",100,short_61_120,Linear SVM decision score (jo probabilitet),1.978196470819543,1,True,correct
linear_svm_c_4_0,4.0,fake_129,129,1,fake,"Kapi Peshkun, Por Burri U Sho Kua Nga Ajo Se Çfarë I Gjeti Në Stomak",155,medium_121_250,Linear SVM decision score (jo probabilitet),1.4653383692420374,1,True,correct
linear_svm_c_4_0,4.0,fake_136,136,1,fake,Si të bëheni milioner për 2020-ën/ 6 tradita për të sjellë fatin e mirë për Vitin e Ri (FOTO),85,short_61_120,Linear SVM decision score (jo probabilitet),0.310705412442161,1,True,correct
linear_svm_c_4_0,4.0,fake_163,163,1,fake,"E fundit! Shtrohet ne spital nga koronavirusi biznesmeni dhe deputeti i PS-së,",87,short_61_120,Linear SVM decision score (jo probabilitet),1.1406805830870455,1,True,correct
linear_svm_c_4_0,4.0,fake_164,164,1,fake,Vetëm 11 Ditësh Dhe Me Dhëmbë? ‘Zbulohet’ E Vërteta E Videos Që Po ‘Çmend’ Rrjetin (Video),73,short_61_120,Linear SVM decision score (jo probabilitet),1.7287372466857245,1,True,correct
linear_svm_c_4_0,4.0,fake_169,169,1,fake,Përse Nuk Duhet Të Kaloni Natën Pranë Varrezave…,98,short_61_120,Linear SVM decision score (jo probabilitet),1.4768647715174348,1,True,correct
linear_svm_c_4_0,4.0,fake_174,174,1,fake,"E FUNDIT:Publikohen Pamjet EKSLUZIVE Endrit Thaçi, Djali I Presidenti Blen Veturë 35 Mijë Euro Populli Ska Buk Me Honger",97,short_61_120,Linear SVM decision score (jo probabilitet),1.827883675990429,1,True,correct
linear_svm_c_4_0,4.0,fake_176,176,1,fake,"TURP!! 3 mijë euro për një nuse, si i shiten vajzat Shqiptarëve burrave Serbë",107,short_61_120,Linear SVM decision score (jo probabilitet),1.3952591541529389,1,True,correct
linear_svm_c_4_0,4.0,fake_186,186,1,fake,"LAJMI I FUNDIT: Gjërat ”rrotulluan” krejtësisht, prishet ”loja” LDK-VV – Kush e bëri këtë?",76,short_61_120,Linear SVM decision score (jo probabilitet),1.4975312754503567,1,True,correct
linear_svm_c_4_0,4.0,fake_189,189,1,fake,Super lajm nga Zvicra – Shqiptarja lind gjashtënjakë por do te Çmendeni se Çfarë i ofroj shteti,114,short_61_120,Linear SVM decision score (jo probabilitet),1.3473579397635584,1,True,correct
linear_svm_c_4_0,4.0,fake_195,195,1,fake,Shitet Iphone X cmimi vetem 200 euro nxito sasi e limituar,66,short_61_120,Linear SVM decision score (jo probabilitet),1.1344632640370174,1,True,correct
linear_svm_c_4_0,4.0,fake_197,197,1,fake,"Ka 3 adresa Facebook-u per tu shkruar te dashurave, gruaja i nxjerr ‘bojën’ burrit! Por Ardit Gjebrea i ben ate qe nuk e priste",95,short_61_120,Linear SVM decision score (jo probabilitet),1.2440924976741061,1,True,correct
linear_svm_c_4_0,4.0,fake_204,204,1,fake,"Është Vetëm 8-Muajshe, Por Ka Diçka Të Veçantë Që Askush Nuk E Beson Se Është Ajo",98,short_61_120,Linear SVM decision score (jo probabilitet),2.1504115586510926,1,True,correct
linear_svm_c_4_0,4.0,fake_211,211,1,fake,Kos apo qumësht? Ky është ideali për mëngjes dhe do jeni me energji gjithë ditën,71,short_61_120,Linear SVM decision score (jo probabilitet),1.4741018108105712,1,True,correct
linear_svm_c_4_0,4.0,fake_212,212,1,fake,"Babai i saj trim u nda nga jeta 22 vite më parë, këngëtarja shqiptare të prek në shpirt me fjalët",118,short_61_120,Linear SVM decision score (jo probabilitet),0.31503793512427947,1,True,correct
linear_svm_c_4_0,4.0,fake_213,213,1,fake,"Mjellma ng.ordh nga “ze mra e th.yèr”, adoIeshentët i th.yen vezèt e saj me tuIIa",142,medium_121_250,Linear SVM decision score (jo probabilitet),0.6841178740739422,1,True,correct
linear_svm_c_4_0,4.0,fake_219,219,1,fake,"VIDEO EKSLUZIVE:Kevina Kthella Ngre Temperaturat, Shëtit Me Mbathje Në Rrugë Pa Komplekse Dhe Cmend Te Rinjte Dhe Pleqtë",94,short_61_120,Linear SVM decision score (jo probabilitet),0.9935040624157969,1,True,correct
linear_svm_c_4_0,4.0,fake_221,221,1,fake,Shikojeni me çfarë deklarate vjen tani Naim Abazi për Mihrijën! (PAMJE),82,short_61_120,Linear SVM decision score (jo probabilitet),0.2506291012353109,1,True,correct
linear_svm_c_4_0,4.0,fake_232,232,1,fake,"Koronavirusi/ “Kjo situatë mund të zgjasë deri në 3 vjet”, kryeministri Rama “befason” që të gjithë",150,medium_121_250,Linear SVM decision score (jo probabilitet),0.9537066234797448,1,True,correct
linear_svm_c_4_0,4.0,fake_234,234,1,fake,"Anulohen dasmat e muajit gusht, ja çfarë do ndodhë me dasmat !?",156,medium_121_250,Linear SVM decision score (jo probabilitet),0.492255523415964,1,True,correct
linear_svm_c_4_0,4.0,fake_238,238,1,fake,"Dëgjonte zhurma në tavan, por aty sipër gjen një “thesar” të vërtetë (FOTO)",79,short_61_120,Linear SVM decision score (jo probabilitet),0.22832814602555218,1,True,correct
linear_svm_c_4_0,4.0,fake_240,240,1,fake,E kush nuk e njeh kete lule? Ajo sheron sem undje qe ju as qe i coni neper mend,84,short_61_120,Linear SVM decision score (jo probabilitet),1.2840604707595566,1,True,correct
linear_svm_c_4_0,4.0,fake_248,248,1,fake,"Këngëtarja Shqiptare Merr Masa Për Pastërti, Fut Nën Ujë Edhe Celularin!",92,short_61_120,Linear SVM decision score (jo probabilitet),1.020552863368253,1,True,correct
linear_svm_c_4_0,4.0,fake_252,252,1,fake,Nxirrni jargë teksa flini ? Kjo shenjë tregon që ju vuani nga një sëm undje e cila prek…(VIDEO),189,medium_121_250,Linear SVM decision score (jo probabilitet),1.1755935618202304,1,True,correct
linear_svm_c_4_0,4.0,fake_255,255,1,fake,KUJDES: Këtë Vendim Të Policisë Së Kosovës Duhet Ta Dini Të Gjithë!,105,short_61_120,Linear SVM decision score (jo probabilitet),0.7962454157385295,1,True,correct
linear_svm_c_4_0,4.0,fake_257,257,1,fake,Nga Ilaçet Te Recetat Në Shtëpi: Si Mund Të Trajtohet Humbja E Nuhatjes,87,short_61_120,Linear SVM decision score (jo probabilitet),0.778111342603409,1,True,correct
linear_svm_c_4_0,4.0,fake_262,262,1,fake,Do u rrëqethet mishi nga kjo histori! Kjo shqiptare u martua në moshën 15-vjeçare e humbi 7 fëmijë: Jam..,106,short_61_120,Linear SVM decision score (jo probabilitet),1.2659761412312815,1,True,correct
linear_svm_c_4_0,4.0,fake_267,267,1,fake,NJlHUNl me artistin korean që po “truIIos” botën me veprat e tij,81,short_61_120,Linear SVM decision score (jo probabilitet),0.9281373487232031,1,True,correct
linear_svm_c_4_0,4.0,fake_271,271,1,fake,"VIDEO:‘Noizy E Liroi Nga B Urgu, E Takonte Në Fushë Krujë’/ Klodiana Lala Zbulon Cfare Ndodhi Ne Va Rrimin E Hekuran Billës: Morën Pjesë Edhe Emra Të Botës Së K Rimit",92,short_61_120,Linear SVM decision score (jo probabilitet),1.6454555526095813,1,True,correct
linear_svm_c_4_0,4.0,fake_276,276,1,fake,"Pasanikët Po Ikin Nga Coronavirusi, Po Futen Nën Tokë – Apartamenti Më I Lirë Në Bunker Kushton Një Milion Dollarë",102,short_61_120,Linear SVM decision score (jo probabilitet),1.1615926869557667,1,True,correct
linear_svm_c_4_0,4.0,fake_282,282,1,fake,“Jam e tro.nditur…”. Eni Çobanit indodh e papritura: Ti duhet të dish dhe ha.llin tim,91,short_61_120,Linear SVM decision score (jo probabilitet),1.7462941764883055,1,True,correct
linear_svm_c_4_0,4.0,fake_290,290,1,fake,EPABESUESHME : Dy djem gropojnë një vend por shikoni cfar nxjerrin ..,67,short_61_120,Linear SVM decision score (jo probabilitet),0.7732304502309331,1,True,correct
linear_svm_c_4_0,4.0,fake_298,298,1,fake,"Shkoi për pushime në Shëngjin, Ja çka i ndodhi 34 vjeçarit nga Kosova",66,short_61_120,Linear SVM decision score (jo probabilitet),0.5568109371179828,1,True,correct
linear_svm_c_4_0,4.0,fake_299,299,1,fake,Lista Serbe për Vjosa Osmanin: Ti moj Vjosa na ndoqe në korridor për t’i dhënë votat për kryetare të Kuvendit,163,medium_121_250,Linear SVM decision score (jo probabilitet),0.20840840239367903,1,True,correct
linear_svm_c_4_0,4.0,fake_301,301,1,fake,"“Dieta Me Oriz”! Minus 10 Kg, Dobësimi Që Nuk Rimerr Kilet As Pas 6 Vitesh",114,short_61_120,Linear SVM decision score (jo probabilitet),1.1416266279020557,1,True,correct
linear_svm_c_4_0,4.0,fake_304,304,1,fake,Trumpi I Drejtohet Popullit Amerikan: Ju Njoftoj Se Nga Ky Moment Ne Do Të…,88,short_61_120,Linear SVM decision score (jo probabilitet),1.3037489799047681,1,True,correct
linear_svm_c_4_0,4.0,fake_306,306,1,fake,"Albin Kurti e jep lajmin e madh: Më në fund gjithçka përfundoj, URIME KOSOVË",89,short_61_120,Linear SVM decision score (jo probabilitet),2.1530864217400834,1,True,correct
linear_svm_c_4_0,4.0,fake_307,307,1,fake,"“Bombardohet” Mihrihe Braha, takon për herë të parë “djalin jashtëmartesor” të Naim Abazit pas 19 viteve (VIDEO)",80,short_61_120,Linear SVM decision score (jo probabilitet),0.731341425994714,1,True,correct
linear_svm_c_4_0,4.0,fake_308,308,1,fake,"Juria U Tall Dhe Dyshonte Shumë Në Talentin E Saj, Nuk E Dinin Se Ajo Do Ta Ngritë Publikun Në Këmbë!(Video)",111,short_61_120,Linear SVM decision score (jo probabilitet),0.34177604327983013,1,True,correct
linear_svm_c_4_0,4.0,fake_317,317,1,fake,"Dyshonin Se Ishte Shta’tzënë, Mjekët Bëjnë Zbu’limin E Tmer.Rshëm",87,short_61_120,Linear SVM decision score (jo probabilitet),1.0051601037880955,1,True,correct
linear_svm_c_4_0,4.0,fake_323,323,1,fake,"Kjo Vajzë Cdo Ditë E Puthte Këtë Të Pastrehë, Por Cfarë Bëri Plaku Për Të, Do Mbeteni Pa Fjalë",370,long_gt_250,Linear SVM decision score (jo probabilitet),-0.08849982671027201,0,False,false_negative
linear_svm_c_4_0,4.0,fake_325,325,1,fake,Edi Rama ka “dasht” me nda Kosovën (tonë). Ramush Haradinaj “pa dasht” e ka nda Çakorrin (Video),78,short_61_120,Linear SVM decision score (jo probabilitet),1.5473798268894363,1,True,correct
linear_svm_c_4_0,4.0,fake_332,332,1,fake,LAJMI I FUNDIT: Infektohet Me CO -19 Këngëtari I Njohur Kosovar!,79,short_61_120,Linear SVM decision score (jo probabilitet),0.5832899284202093,1,True,correct
linear_svm_c_4_0,4.0,fake_343,343,1,fake,"Naim Abazi: Punë ka sa të duash, po rinia po kanë qef me nejt në kafe, me prit prej babës hala!",96,short_61_120,Linear SVM decision score (jo probabilitet),0.14788758970560067,1,True,correct
linear_svm_c_4_0,4.0,fake_345,345,1,fake,"I Tregoi Të Dashurës Se Jetonte Në Rrugë, Reagimi I Vajzës Do Ju Lërë Pa Fjalë…",82,short_61_120,Linear SVM decision score (jo probabilitet),0.4878736941311998,1,True,correct
linear_svm_c_4_0,4.0,fake_351,351,1,fake,"Lejeni menjane ujin me limon ne mengjes, vazhdoni te konsumoni kete perberje qe po cmend te gjithe",488,long_gt_250,Linear SVM decision score (jo probabilitet),0.48039855974955276,1,True,correct
linear_svm_c_4_0,4.0,fake_352,352,1,fake,"Ekskluzive: Vjosa Osmani me parti të re, Ja si do të quhet partia e saj!",112,short_61_120,Linear SVM decision score (jo probabilitet),1.2071061055669023,1,True,correct
linear_svm_c_4_0,4.0,fake_353,353,1,fake,"Burri vetëm për letra më ka marr mua, tani qe s’kemi as njeri letrat më thotë dil gjeje një tjetër…",600,long_gt_250,Linear SVM decision score (jo probabilitet),0.6904728751448469,1,True,correct
linear_svm_c_4_0,4.0,fake_354,354,1,fake,Lëngu i qepës efikas kundër katër sëmundjeve!?,270,long_gt_250,Linear SVM decision score (jo probabilitet),-0.2682066895969514,0,False,false_negative
linear_svm_c_4_0,4.0,fake_355,355,1,fake,Mediat serbe: Serbia njeh Kosovën dhe hyn në BE,332,long_gt_250,Linear SVM decision score (jo probabilitet),0.19772851222317633,1,True,correct
linear_svm_c_4_0,4.0,fake_367,367,1,fake,Tmerr për Kosovën kush po e përfaqëson! Zbulohet detaje tronditese,96,short_61_120,Linear SVM decision score (jo probabilitet),2.0157735766950116,1,True,correct
linear_svm_c_4_0,4.0,fake_368,368,1,fake,Kjo qe do te ndodhe te Henen ne Kosove do iu shokoje,143,medium_121_250,Linear SVM decision score (jo probabilitet),1.322197602535988,1,True,correct
linear_svm_c_4_0,4.0,fake_369,369,1,fake,"Avdullah Hotin nuk e do as fshati i tij Ratkoc, ja çfarë thanë disa prej tyre. – (VIDEO)",95,short_61_120,Linear SVM decision score (jo probabilitet),2.212838698717848,1,True,correct
linear_svm_c_4_0,4.0,fake_375,375,1,fake,Ja sa është paga e Naser Rafuna tek seriali ‘Çka ka shpija.’,75,short_61_120,Linear SVM decision score (jo probabilitet),1.933736957536616,1,True,correct
linear_svm_c_4_0,4.0,fake_383,383,1,fake,Albin Kurtin e shokon Hashim Thaçin me kete qe i zbuloi per luften dhe hagen,83,short_61_120,Linear SVM decision score (jo probabilitet),3.3214372150734914,1,True,correct
linear_svm_c_4_0,4.0,fake_384,384,1,fake,"Skandal: Nuk iu lindi djalë, babai vret vetën e ja se çfarë i ndodhi nënës së re",139,medium_121_250,Linear SVM decision score (jo probabilitet),0.5464750342232441,1,True,correct
linear_svm_c_4_0,4.0,fake_394,394,1,fake,"Kjo video po fikson botën, janë futur veta 20 makinë/ Shikoni si dalin një nga një",77,short_61_120,Linear SVM decision score (jo probabilitet),2.4989486106543257,1,True,correct
linear_svm_c_4_0,4.0,fake_395,395,1,fake,"Shkoni në vendin ku ishte burri, gruaja e kap atë keq me një femër dhe u bën të pabërën",87,short_61_120,Linear SVM decision score (jo probabilitet),1.9640779803259703,1,True,correct
linear_svm_c_4_0,4.0,fake_412,412,1,fake,"“Eskalon” familjari i deputetit Xhavit Ukaj, fyen rëndë Vjosa Osmanin",85,short_61_120,Linear SVM decision score (jo probabilitet),1.5787387997171964,1,True,correct
linear_svm_c_4_0,4.0,fake_415,415,1,fake,Flet edhe njëherë deputeti që iu vërsul Osmanit në Kuvend: Me pas dashtë me e sulmua e kisha…,109,short_61_120,Linear SVM decision score (jo probabilitet),1.09645510610048,1,True,correct
linear_svm_c_4_0,4.0,fake_417,417,1,fake,LAJMI I FUNDIT – Më në fund Lajm i mirë për vizat,147,medium_121_250,Linear SVM decision score (jo probabilitet),1.5853151740820706,1,True,correct
linear_svm_c_4_0,4.0,fake_423,423,1,fake,"Fero postoi foto me armë, Arbenita e frikësuar se ai ‘do ta vrasë’",70,short_61_120,Linear SVM decision score (jo probabilitet),2.1357812623545,1,True,correct
linear_svm_c_4_0,4.0,fake_428,428,1,fake,Zyrtari i VV-së habit me deklaratën për Thaçin dhe Veselin,87,short_61_120,Linear SVM decision score (jo probabilitet),1.2691740034908756,1,True,correct
linear_svm_c_4_0,4.0,fake_430,430,1,fake,E jashtëzakonshme: Merkel me flamurin e Kosovës para syve të Vuçiqit,78,short_61_120,Linear SVM decision score (jo probabilitet),1.4987529114028004,1,True,correct
linear_svm_c_4_0,4.0,fake_433,433,1,fake,Pasi u infektua me Covid-19 vdes Mustafa,57,very_short_le_60,Linear SVM decision score (jo probabilitet),0.5521058620940947,1,True,correct
linear_svm_c_4_0,4.0,fake_434,434,1,fake,"Lajm qe duhet ta din te gjithe, Viber do behet me para detaje ekskluzive",78,short_61_120,Linear SVM decision score (jo probabilitet),0.910739057679727,1,True,correct
linear_svm_c_4_0,4.0,fake_439,439,1,fake,‘Çartet’ Sami Lushtaku ia zbulon kete gje Rexhep Selimit,93,short_61_120,Linear SVM decision score (jo probabilitet),1.9396860361915245,1,True,correct
linear_svm_c_4_0,4.0,fake_451,451,1,fake,Maqedonia e Veriut e shokon Kosoven dhe qytetaret e saj me kete vendim qe morri,78,short_61_120,Linear SVM decision score (jo probabilitet),2.0438377279712805,1,True,correct
linear_svm_c_4_0,4.0,fake_454,454,1,fake,Këto janë pikat kufitare ku iu kërkohet testi për COVID-19,98,short_61_120,Linear SVM decision score (jo probabilitet),0.6700786087679107,1,True,correct
linear_svm_c_4_0,4.0,fake_463,463,1,fake,Emily Ratajkowski duket super s.e.ksi në fotografitë e fundit,94,short_61_120,Linear SVM decision score (jo probabilitet),1.0948282460379328,1,True,correct
linear_svm_c_4_0,4.0,fake_465,465,1,fake,"Lë Bashkëshorten E Tij Për Një Grua Më Të Re. Çfarë Ndodh 3 Vite Më Vonë, E Lë Atë Pa Fjalë…",136,medium_121_250,Linear SVM decision score (jo probabilitet),1.4890975349862905,1,True,correct
linear_svm_c_4_0,4.0,fake_472,472,1,fake,"Acarohen raportet e Serbisë me Rusinë, ja çfarë veprimi ka bërë Vuçiq",101,short_61_120,Linear SVM decision score (jo probabilitet),1.1941079071955292,1,True,correct
linear_svm_c_4_0,4.0,fake_479,479,1,fake,Ja sa kohë duhet për ta marrë virusin në një bar apo restaurant,112,short_61_120,Linear SVM decision score (jo probabilitet),1.6071181425437784,1,True,correct
linear_svm_c_4_0,4.0,fake_480,480,1,fake,Gani Geci: Hashim Thaçi ma i dëmshëm se KoronaVirusi në këtë kohë!,78,short_61_120,Linear SVM decision score (jo probabilitet),2.5477070721313964,1,True,correct
linear_svm_c_4_0,4.0,fake_481,481,1,fake,"Detaji që u iku të gjithëve: Tyta e automatikut në shtëpinë e prindërve të Thaçit, e “zbuloi” Veseli",85,short_61_120,Linear SVM decision score (jo probabilitet),2.0411652394200357,1,True,correct
linear_svm_c_4_0,4.0,fake_483,483,1,fake,"Nasim Haradinaj: o Ramush Haradinaj, Lakmia e pushteti të prishë!",80,short_61_120,Linear SVM decision score (jo probabilitet),1.7523448048248689,1,True,correct
linear_svm_c_4_0,4.0,fake_495,495,1,fake,Lajmi i fundit: Hashim Thaçi ¨tenton¨ te ia merr jeten Gani Gecit,197,medium_121_250,Linear SVM decision score (jo probabilitet),-0.16618445522095548,0,False,false_negative
linear_svm_c_4_0,4.0,fake_496,496,1,fake,Mulla Osmani i ‘bie shuplakë’ Milaim Zekës live në emision (Video),81,short_61_120,Linear SVM decision score (jo probabilitet),0.8805808824680108,1,True,correct
linear_svm_c_4_0,4.0,fake_508,508,1,fake,Shikoni  reagimin e Leonora Jakupit për ndërtimin e xhamisë në Prishtinë,82,short_61_120,Linear SVM decision score (jo probabilitet),-0.7518988250321935,0,False,false_negative
linear_svm_c_4_0,4.0,fake_515,515,1,fake,"Bac Qikat e Kosoves po na zbardhin ftyren, Kjo qe beri tash Rita Ora eshte e madhe!",352,long_gt_250,Linear SVM decision score (jo probabilitet),-0.6329441222491611,0,False,false_negative
linear_svm_c_4_0,4.0,fake_520,520,1,fake,LAJMI BOMBASTIK / Richard Grenell: Vizat Mund Të Hiqen Ditën E Dielë (VIDEO),162,medium_121_250,Linear SVM decision score (jo probabilitet),1.9938839521267542,1,True,correct
linear_svm_c_4_0,4.0,fake_527,527,1,fake,A e keni ditur se kjo moderatore është motra e Haki Abazit?,76,short_61_120,Linear SVM decision score (jo probabilitet),2.054268130724682,1,True,correct
linear_svm_c_4_0,4.0,fake_528,528,1,fake,Ganja e PDK-s thot se Vjosa tash pa LDK-n as 10% ska me mujt me i fitu,189,medium_121_250,Linear SVM decision score (jo probabilitet),0.5537247367711662,1,True,correct
linear_svm_c_4_0,4.0,fake_530,530,1,fake,Shuma marramendëse: Robert Berisha tregon sa paguhet në koncerte,142,medium_121_250,Linear SVM decision score (jo probabilitet),-0.51683717614472,0,False,false_negative
linear_svm_c_4_0,4.0,fake_531,531,1,fake,EKSKLUZIVE: Albin Kurti President i Kosoves?,86,short_61_120,Linear SVM decision score (jo probabilitet),3.5277552111483037,1,True,correct
linear_svm_c_4_0,4.0,fake_535,535,1,fake,‘Hashim Thaçi’ futet papritmas në emisionin ku ishte Berat Buzhala (Video),96,short_61_120,Linear SVM decision score (jo probabilitet),0.3978368576910737,1,True,correct
linear_svm_c_4_0,4.0,fake_536,536,1,fake,Dardan Molliqaj ia publikon këtë ‘top sekret’ Albin Kurtit,65,short_61_120,Linear SVM decision score (jo probabilitet),0.2554127935521626,1,True,correct
linear_svm_c_4_0,4.0,fake_539,539,1,fake,E PAPRITUR: Ja Kush Është I Dashuri I Ri I Nora Istrefit sdo ta besoni,96,short_61_120,Linear SVM decision score (jo probabilitet),1.7419449882268405,1,True,correct
linear_svm_c_4_0,4.0,fake_544,544,1,fake,Kur pritet t’u mundësohet qytetarëve tërheqja e parave nga Trusti?,209,medium_121_250,Linear SVM decision score (jo probabilitet),-0.658625304196289,0,False,false_negative
linear_svm_c_4_0,4.0,fake_545,545,1,fake,"E pabesueshme, banorët e ketij fshati kapin gjarprin me përmasa të frikshme (Foto)",84,short_61_120,Linear SVM decision score (jo probabilitet),0.05341504070762171,1,True,correct
linear_svm_c_4_0,4.0,fake_553,553,1,fake,"Dhurata shkëlqeu e veshur e tëra me lule, por nuk do ta besoni sa kushtoi veshja e saj",97,short_61_120,Linear SVM decision score (jo probabilitet),0.24210378579954062,1,True,correct
linear_svm_c_4_0,4.0,fake_555,555,1,fake,Kosova zë vendin e parë në Evropë si vendi me numrin më të madh të infektuarve,158,medium_121_250,Linear SVM decision score (jo probabilitet),-0.8419022920754501,0,False,false_negative
linear_svm_c_4_0,4.0,fake_556,556,1,fake,"BE-ja dhe SHBA e godasin fort Serbine, cmenden serbet",86,short_61_120,Linear SVM decision score (jo probabilitet),1.0051844663851126,1,True,correct
linear_svm_c_4_0,4.0,fake_571,571,1,fake,E papritur:Qeveria fut në karantinë edhe katër komuna,98,short_61_120,Linear SVM decision score (jo probabilitet),-0.23029391231906327,0,False,false_negative
linear_svm_c_4_0,4.0,fake_573,573,1,fake,TURP: Ja çfarë thonë mediat serbe për shkuarjen e Thaçit në Hagë,105,short_61_120,Linear SVM decision score (jo probabilitet),0.4419877778028754,1,True,correct
linear_svm_c_4_0,4.0,fake_580,580,1,fake,Ja kur pritet te vijë Vala e dytë e Covid-19.,146,medium_121_250,Linear SVM decision score (jo probabilitet),0.3211702292463801,1,True,correct
linear_svm_c_4_0,4.0,fake_582,582,1,fake,"Nuk Ka Te Ndalur Tayna, Tregon Si Po Rrit Të Pasmet E Saj Çdo Ditë",111,short_61_120,Linear SVM decision score (jo probabilitet),1.7745260295469127,1,True,correct
linear_svm_c_4_0,4.0,fake_583,583,1,fake,"Azem Hajdari ku i thotë Thaçit “të rre hi si qenin more pis…”, ka dy fjalë për Isa Mustafën",191,medium_121_250,Linear SVM decision score (jo probabilitet),0.22946928090976187,1,True,correct
linear_svm_c_4_0,4.0,fake_584,584,1,fake,Albin Kurti kapet në aeroport,90,short_61_120,Linear SVM decision score (jo probabilitet),0.7800278932085871,1,True,correct
linear_svm_c_4_0,4.0,fake_585,585,1,fake,LAJMI I FUNDIT – E pabesushme ja qka i ndodhi Isa Mustafes ne keto momente pas infektimit me COVID 19,152,medium_121_250,Linear SVM decision score (jo probabilitet),2.864387295289478,1,True,correct
linear_svm_c_4_0,4.0,fake_586,586,1,fake,Përhapja e virusit nuk ndalohet me gjendjen e jashtëzakonshme.,165,medium_121_250,Linear SVM decision score (jo probabilitet),-0.2242672016140984,0,False,false_negative
linear_svm_c_4_0,4.0,fake_592,592,1,fake,"Mjeku Pipero jep lajmin e mirë: Shqipëria s’do izolohet sërish, vetëm nëse bëni këtë gjë",97,short_61_120,Linear SVM decision score (jo probabilitet),0.18193241810941224,1,True,correct
linear_svm_c_4_0,4.0,fake_600,600,1,fake,"LAJMI I FUNDIT: Eshë ulur çmimi i naftës,nuk do ta besoni se sa ka ra!?",145,medium_121_250,Linear SVM decision score (jo probabilitet),0.9610441257757781,1,True,correct
linear_svm_c_4_0,4.0,fake_603,603,1,fake,Neurologët: Njerëzit me simptoma të butë të koronavirusit po pësojnë çrregullime serioze të trurit,501,long_gt_250,Linear SVM decision score (jo probabilitet),-0.8295270809816572,0,False,false_negative
linear_svm_c_4_0,4.0,fake_608,608,1,fake,E FUNDIT:Video Eksluzive ”Lajm I Madh Nga Zemaj: Do Ta Porosisim Vaksinën Kundër Koronavirusit”,164,medium_121_250,Linear SVM decision score (jo probabilitet),0.8401786470965297,1,True,correct
linear_svm_c_4_0,4.0,fake_611,611,1,fake,Ka përçarje brenda LDK’së? Isa Mustafa trondite me kete qe tha!,124,medium_121_250,Linear SVM decision score (jo probabilitet),1.4218964364083189,1,True,correct
linear_svm_c_4_0,4.0,fake_612,612,1,fake,"WOW kjo eshte e madhe, Ambasadori Gjerman jep nje lajm te madh per Albin Kurtin dhe Vjosa Osmanin",89,short_61_120,Linear SVM decision score (jo probabilitet),0.5154079560578568,1,True,correct
linear_svm_c_4_0,4.0,fake_614,614,1,fake,LAJMI I FUNDIT -Ne kete jave po kthehemi ne Karantine?,465,long_gt_250,Linear SVM decision score (jo probabilitet),-0.6070409712494588,0,False,false_negative
linear_svm_c_4_0,4.0,fake_618,618,1,fake,Mergimtari qe erdhi nga Zvicra tregon çka i ndodhi sdo ta besoni(VIDEO),97,short_61_120,Linear SVM decision score (jo probabilitet),2.0203543085991744,1,True,correct
linear_svm_c_4_0,4.0,fake_619,619,1,fake,“Godet“ Veton Surroi: Ata qe e “kalle” flamurin e Kosovës sigurisht janë katundar nga Drenica,85,short_61_120,Linear SVM decision score (jo probabilitet),0.3190048726466072,1,True,correct
linear_svm_c_4_0,4.0,fake_621,621,1,fake,"Pasi u martuan, gruaja mëson pse burri nuk “e prek”. Kur ai bënte dush ajo e pa hapur…",280,long_gt_250,Linear SVM decision score (jo probabilitet),-0.324853736375857,0,False,false_negative
linear_svm_c_4_0,4.0,fake_629,629,1,fake,Aktorja nga Gjilani i quan kosovarët dreqër,93,short_61_120,Linear SVM decision score (jo probabilitet),-0.33632626258371945,0,False,false_negative
linear_svm_c_4_0,4.0,fake_631,631,1,fake,"Habitet 22 Vjeçarja Shqiptare Nga Zvicra: Ju Rr Efej Se Cka Ndodh Me Ata Që Martohen Për Letra, Mua Më…",128,medium_121_250,Linear SVM decision score (jo probabilitet),0.6565870678041865,1,True,correct
linear_svm_c_4_0,4.0,fake_638,638,1,fake,Lajmi më i ri sa i përket pagesave prej 170 eurosh për punëtorët që mbetën pa punë gjatë pandemisë!,174,medium_121_250,Linear SVM decision score (jo probabilitet),-0.9692360401891712,0,False,false_negative
linear_svm_c_4_0,4.0,fake_652,652,1,fake,"Beogradi shpall gjendjen e jashtëzakonshme, kjo e keqe po ndodh atje",78,short_61_120,Linear SVM decision score (jo probabilitet),0.46714817555694976,1,True,correct
linear_svm_c_4_0,4.0,fake_655,655,1,fake,Krenar Gashi:“Avdullah Hoti Mund Të Bëhet Si Ibrahim Rugova “ ndoshta me i zoti se aj,161,medium_121_250,Linear SVM decision score (jo probabilitet),-0.0899505438151692,0,False,false_negative
linear_svm_c_4_0,4.0,fake_671,671,1,fake,"E Fundit VIDEO Eksluzive:Harrojeni Covid19,Frika E Shkencëtarëve: “Hëna Do Të Përplaset Me Tokën”",94,short_61_120,Linear SVM decision score (jo probabilitet),1.1712434616804392,1,True,correct
linear_svm_c_4_0,4.0,fake_675,675,1,fake,"I Shkatërrohet Karriera, Nora Istrefit I Publikohet Video Me Avokatin E Njohur Kosovar",70,short_61_120,Linear SVM decision score (jo probabilitet),1.479450235675329,1,True,correct
linear_svm_c_4_0,4.0,fake_679,679,1,fake,Fatmir Limaj: Albini As Pragun Ska Me Kalu Ne Zgjedhje Te Reja Keni Me Pa O Popull – VIDEO –,154,medium_121_250,Linear SVM decision score (jo probabilitet),1.0274026843651174,1,True,correct
linear_svm_c_4_0,4.0,fake_680,680,1,fake,Ganja e PDK-s Kur tka qef Vjosa matum me vota qe si fitoj 50% ma shum se ajo une dha dorheqje nga PDK-ja,196,medium_121_250,Linear SVM decision score (jo probabilitet),0.7014260975078569,1,True,correct
linear_svm_c_4_0,4.0,fake_694,694,1,fake,"LAJMI I FUNDIT: Vjosa Osmani nuk ndalet, Ja jep goditjen finale Isa Mustafes",148,medium_121_250,Linear SVM decision score (jo probabilitet),0.06830112851423792,1,True,correct
linear_svm_c_4_0,4.0,fake_702,702,1,fake,LAJMI I FUNDIT – Thaçi: Nëse nuk arrihet marrëveshja me 27 qershor kjo do të ndodhë…,2233,long_gt_250,Linear SVM decision score (jo probabilitet),-0.8333338401008795,0,False,false_negative
linear_svm_c_4_0,4.0,fake_713,713,1,fake,"Mixha hyri në një restorant luksoz dhe i shërben kamarierja më e mirë, por të nesërmen ajo shkarkohet pas asaj që kishte bërë!",489,long_gt_250,Linear SVM decision score (jo probabilitet),-0.121973988700106,0,False,false_negative
linear_svm_c_4_0,4.0,fake_721,721,1,fake,"Cka po ndodh ne shesh te Prishtines,zjarrefiksat jane aty dhe",83,short_61_120,Linear SVM decision score (jo probabilitet),1.107791526848508,1,True,correct
linear_svm_c_4_0,4.0,fake_731,731,1,fake,Kryeministri britanik jep lajmin e madh: Ja kur mbaron kriza nga COVID-19,136,medium_121_250,Linear SVM decision score (jo probabilitet),0.9787053423721864,1,True,correct
linear_svm_c_4_0,4.0,fake_744,744,1,fake,Studimi i ri: Njerëzit kanë më shumë gjasa të infektohen në shtëpi se sa jashtë,121,medium_121_250,Linear SVM decision score (jo probabilitet),0.31169362132281453,1,True,correct
linear_svm_c_4_0,4.0,fake_745,745,1,fake,Vaksina “premtuese” e COVID-19 në Oxford: Çfarë është ajo dhe katër gjërat tjera që duhet ditur,99,short_61_120,Linear SVM decision score (jo probabilitet),0.3718963809002595,1,True,correct
linear_svm_c_4_0,4.0,fake_747,747,1,fake,Hoxha nga Drenica i përmend me emra: Këta janë islamofobët që po u pengon ndërtimi i xhamisë,89,short_61_120,Linear SVM decision score (jo probabilitet),1.412867995891911,1,True,correct
linear_svm_c_4_0,4.0,fake_756,756,1,fake,"Fotografi brenda Klinikës Infektive në QKUK, mjekë të lodhur e rraskapitur: Këtu as Supermeni nuk bën punë",251,long_gt_250,Linear SVM decision score (jo probabilitet),0.7071647704766019,1,True,correct
linear_svm_c_4_0,4.0,fake_758,758,1,fake,Çfarë e zhduk koronavirusin? Italianët bëjnë zbulimin që do na rikthejë në normalitet,100,short_61_120,Linear SVM decision score (jo probabilitet),1.2538123781800825,1,True,correct
linear_svm_c_4_0,4.0,fake_760,760,1,fake,Mj eku i njohur Pellumb Pipero jep lajmin e k eq: Pa ndemia mund të zgjasë deri në..,126,medium_121_250,Linear SVM decision score (jo probabilitet),0.6274595531528907,1,True,correct
linear_svm_c_4_0,4.0,fake_765,765,1,fake,"Intervistimi 4 ditor i Thaçit, Raportuesja për Kosovën bënë veprimin e papritur",210,medium_121_250,Linear SVM decision score (jo probabilitet),1.6282404945932294,1,True,correct
linear_svm_c_4_0,4.0,fake_772,772,1,fake,"Ylli super seksi i ‘Victoria Secret’ kapet ‘mat’ nga paparacit, bikinit morën të gjithë vëmendjen",143,medium_121_250,Linear SVM decision score (jo probabilitet),1.2881716408518828,1,True,correct
linear_svm_c_4_0,4.0,fake_781,781,1,fake,Greqia: I dhimbshëm vendimi për xhaminë,120,short_61_120,Linear SVM decision score (jo probabilitet),1.0989211838636885,1,True,correct
linear_svm_c_4_0,4.0,fake_783,783,1,fake,Të marrësh kredi për të bërë fëmijë / historia emocionuese e çiftit që u bënë prindër pas 15 vitesh,135,medium_121_250,Linear SVM decision score (jo probabilitet),0.5410590989719297,1,True,correct
linear_svm_c_4_0,4.0,fake_788,788,1,fake,Albin Kurti e quan Zezaj Ministrin e Shëndetësisë,257,long_gt_250,Linear SVM decision score (jo probabilitet),0.44034131939178517,1,True,correct
linear_svm_c_4_0,4.0,fake_789,789,1,fake,"Zemaj deputetëve të VV’së: Ju jeni shëtit me paramilitarë, unë jam nip i Mic Sokolit",246,medium_121_250,Linear SVM decision score (jo probabilitet),-0.5689355240093542,0,False,false_negative
linear_svm_c_4_0,4.0,fake_793,793,1,fake,"Bëri dasmë në kohën e koronavirusit, Rama i bën shqiptarit atë që nuk e kishte parë as në ëndrrat më të k ëqija",134,medium_121_250,Linear SVM decision score (jo probabilitet),0.8147371880333865,1,True,correct
linear_svm_c_4_0,4.0,fake_803,803,1,fake,A do të mbyllen prapë xhamitë?,71,short_61_120,Linear SVM decision score (jo probabilitet),1.100743997737267,1,True,correct
linear_svm_c_4_0,4.0,fake_808,808,1,fake,FËMlJA i a doptuar thotë DlÇKA në sallën e GJYQlT që prek z emrën e të GJlTHËVE,146,medium_121_250,Linear SVM decision score (jo probabilitet),0.688133716991645,1,True,correct
linear_svm_c_4_0,4.0,fake_809,809,1,fake,Oj Qeveri: Ku mbetën 170 eurot që qytetarët janë në pritje të tyre ?,109,short_61_120,Linear SVM decision score (jo probabilitet),0.43950025233622475,1,True,correct
linear_svm_c_4_0,4.0,fake_825,825,1,fake,"Eskalon situata në Serbi, protesutesit futen në Kuvend",99,short_61_120,Linear SVM decision score (jo probabilitet),0.8178705257729373,1,True,correct
linear_svm_c_4_0,4.0,fake_830,830,1,fake,"‘Cmendet’ Moti Në Shqipëri, Shihni Çfarë Po Ndodh Në Plazhin E Borshit",100,short_61_120,Linear SVM decision score (jo probabilitet),1.3729460651495664,1,True,correct
linear_svm_c_4_0,4.0,fake_833,833,1,fake,A paguhen 10 ditët e humbura të karantinës në Zvicër? Flet Shoqata e Sipermarrësve Zviceranë,251,long_gt_250,Linear SVM decision score (jo probabilitet),0.046150309989572424,1,True,correct
linear_svm_c_4_0,4.0,fake_835,835,1,fake,"Video Eksluzive:“Doja Të Bleja Shtëpi, Ai Ishte Ndërtuesi I Pallatit”, Alketa Vejsiu Rr Ëfen Hi Storinë! Si U Njoh Me Burrin: U Çmenda Pas Syve Të Tij",127,medium_121_250,Linear SVM decision score (jo probabilitet),0.8264248143557341,1,True,correct
linear_svm_c_4_0,4.0,fake_856,856,1,fake,"Gjermania planifikon vendimin e madh, ja qfarë pritet të ndodhë",149,medium_121_250,Linear SVM decision score (jo probabilitet),0.0480016572717315,1,True,correct
linear_svm_c_4_0,4.0,fake_858,858,1,fake,Çdo bëhet me këtë vend?! Zëri i Amerikës ia pl.as të vërtetën Shqipërisë: Më ulët se kurrë…,134,medium_121_250,Linear SVM decision score (jo probabilitet),0.4213639018385773,1,True,correct
linear_svm_c_4_0,4.0,fake_863,863,1,fake,"Video Eksluzive:“Shqiperia Ka Qene Greqi”, Këngëtarja E Njohur ‘Shp Ërthen’ Ndaj Arjan Çanit: Ky Njeri Duhet Te",105,short_61_120,Linear SVM decision score (jo probabilitet),0.8808925320043138,1,True,correct
linear_svm_c_4_0,4.0,fake_875,875,1,fake,"Labi gëzon vajzën me aftësi të kufizuara, ia dorëzon një karrocë të re (VIDEO)",139,medium_121_250,Linear SVM decision score (jo probabilitet),1.1378644350811977,1,True,correct
linear_svm_c_4_0,4.0,fake_880,880,1,fake,Kadri Veseli “kë.rcënon” ata që u pasuruan pa djersë,112,short_61_120,Linear SVM decision score (jo probabilitet),0.9753561076791984,1,True,correct
linear_svm_c_4_0,4.0,fake_887,887,1,fake,"Vjen një lajm shumë i keq për Kosovën dhe qytetarët e saj, KUJDES",112,short_61_120,Linear SVM decision score (jo probabilitet),1.6521370433943794,1,True,correct
linear_svm_c_4_0,4.0,fake_888,888,1,fake,Doktori i QKUK-së hedh vrer mbi politikanët kosovarë: A keni familje more politikuaj,92,short_61_120,Linear SVM decision score (jo probabilitet),0.8573680275645912,1,True,correct
linear_svm_c_4_0,4.0,fake_889,889,1,fake,"E Porsalindur Dhe Ecën, Publikohen Pamjet Mbreslënëse Dhe… (VIDEO EMOCIONUESE)",62,short_61_120,Linear SVM decision score (jo probabilitet),2.179636259521523,1,True,correct
linear_svm_c_4_0,4.0,fake_890,890,1,fake,"Policia Nuk Kursehet Aspak Për Familjen Shqiptare, E Shpo.Rrin Me Urgjencë. 26-Vjeçarja Me Barkun Te Goja Bashkë Me Djalin 2 -Vjeçar",139,medium_121_250,Linear SVM decision score (jo probabilitet),0.6482014446545818,1,True,correct
linear_svm_c_4_0,4.0,fake_906,906,1,fake,Nga VV tregojnë nëse do ta pranojnë Vjosa Osmanin në parti,95,short_61_120,Linear SVM decision score (jo probabilitet),1.277314841321644,1,True,correct
linear_svm_c_4_0,4.0,fake_907,907,1,fake,VIDEO EKSLUZIVE:Grida Duma: Edi Rama Ka Pro.Bleme Me Pastër.Tinë E Duarve…,98,short_61_120,Linear SVM decision score (jo probabilitet),1.952956847854419,1,True,correct
linear_svm_c_4_0,4.0,fake_908,908,1,fake,VIDEO EKSLUZIVE:Ilir Meta E Financoi Me Parat E Dro.Ges Filmin E Bes Kallakut Dhe I Solli Dhe Dashnoren Bleonen Si Aktore…,138,medium_121_250,Linear SVM decision score (jo probabilitet),1.1906356097224418,1,True,correct
linear_svm_c_4_0,4.0,fake_910,910,1,fake,Kjo është mundësia e ardhjes së mërgimtarëve nga Gjermania,79,short_61_120,Linear SVM decision score (jo probabilitet),1.616678079846305,1,True,correct
linear_svm_c_4_0,4.0,fake_917,917,1,fake,"Rruga shnd.ërrohet në ri.ng, shoferi n.oka.uton tri herë shoferin tjetër",83,short_61_120,Linear SVM decision score (jo probabilitet),0.8569755983544962,1,True,correct
linear_svm_c_4_0,4.0,fake_931,931,1,fake,"Xheni dhe partnerja e saj duan të bëhen me fëmijë, ja kush do jetë dhuruesi",89,short_61_120,Linear SVM decision score (jo probabilitet),1.6501184343066226,1,True,correct
linear_svm_c_4_0,4.0,fake_938,938,1,fake,"Leje qëndrimi për punëtorët sezonalë në Itali, nis procesi, ja sa shqiptarë mund të përfitojnë…",104,short_61_120,Linear SVM decision score (jo probabilitet),1.4520421728851005,1,True,correct
linear_svm_c_4_0,4.0,fake_939,939,1,fake,(VIDEO) A Nuk Eshte Mrekulli? Momenti Kur Femija Shpetohet Nga Mb.Ytja Ne Pishine,106,short_61_120,Linear SVM decision score (jo probabilitet),1.016840786008946,1,True,correct
linear_svm_c_4_0,4.0,fake_945,945,1,fake,"Exluzive Aeroplani Rrëzohet Në Det, Piloti Filmon Momentin E Shpëtimit Nga..",125,medium_121_250,Linear SVM decision score (jo probabilitet),0.40911659902577435,1,True,correct
linear_svm_c_4_0,4.0,fake_950,950,1,fake,"Zeka: Albin Kurti po nxit vëllavrasjen, mund të ketë lufte civile",83,short_61_120,Linear SVM decision score (jo probabilitet),1.6097127656462908,1,True,correct
linear_svm_c_4_0,4.0,fake_965,965,1,fake,Çka nëse nuk mbahen dasmat këtë verë?,79,short_61_120,Linear SVM decision score (jo probabilitet),1.4778814110840943,1,True,correct
linear_svm_c_4_0,4.0,fake_966,966,1,fake,"Arben, edhe ti a?🤦‍♂️",107,short_61_120,Linear SVM decision score (jo probabilitet),0.5844912469495799,1,True,correct
linear_svm_c_4_0,4.0,fake_974,974,1,fake,Engjellusha a je ti? Nuk i besova syve kur të shikova në plazhë!,90,short_61_120,Linear SVM decision score (jo probabilitet),0.035502467610561916,1,True,correct
linear_svm_c_4_0,4.0,fake_975,975,1,fake,"Flet Meda “Ja kam pa hajrin ktij populli, me shpi e kerra”",88,short_61_120,Linear SVM decision score (jo probabilitet),0.6575072148501137,1,True,correct
linear_svm_c_4_0,4.0,fake_979,979,1,fake,"Kosova në zgjedhje të jashtëzakonshme, Kjo është data!",186,medium_121_250,Linear SVM decision score (jo probabilitet),0.5123720319892207,1,True,correct
linear_svm_c_4_0,4.0,fake_988,988,1,fake,"Rexhaj ‘godet’ Nasim Haradinajn, o Nasim ti je banditi më i madh që ka Kosova",99,short_61_120,Linear SVM decision score (jo probabilitet),0.761558580981528,1,True,correct
linear_svm_c_4_0,4.0,fake_991,991,1,fake,"Kështu u pritë jashtë Presidenti Thaçi, pas përfundimit të intervistimit në Hagë (Video)",107,short_61_120,Linear SVM decision score (jo probabilitet),0.6697233982740016,1,True,correct
linear_svm_c_4_0,4.0,fake_994,994,1,fake,Albin Kurti është takuar me fshehurazi me qeverinë e sërbisë mos i besoni ketij tradhtari o popull,172,medium_121_250,Linear SVM decision score (jo probabilitet),0.6389250232755358,1,True,correct
linear_svm_c_4_0,4.0,fake_1005,1005,1,fake,"Urime Kosovë! Në këtë datë në Korrik do hiqen Vizat, SHBA jep lajmin e madh",105,short_61_120,Linear SVM decision score (jo probabilitet),1.1168878800214803,1,True,correct
linear_svm_c_4_0,4.0,fake_1028,1028,1,fake,"BE i’a palon Grenellit: Bën veprimin e papritur për Kosovën, hiqen vizat për Kosovën??",261,long_gt_250,Linear SVM decision score (jo probabilitet),-0.294595925497002,0,False,false_negative
linear_svm_c_4_0,4.0,fake_1034,1034,1,fake,"Rr’ahje mes dasmorëve në Prishtinë, bërtit “Nusja koka si Lop” (Video)",115,short_61_120,Linear SVM decision score (jo probabilitet),0.028052377928593275,1,True,correct
linear_svm_c_4_0,4.0,fake_1037,1037,1,fake,"Daçiq: Na jepni Veriun e Kosovës, pastaj fillojmë me bisedime!",344,long_gt_250,Linear SVM decision score (jo probabilitet),-0.443588408272804,0,False,false_negative
linear_svm_c_4_0,4.0,fake_1042,1042,1,fake,"Afrim Muçiqi: Nëse nuk na lejohet puna, do t’i mbajmë dasmat në shesh apo livadhe",166,medium_121_250,Linear SVM decision score (jo probabilitet),-0.5468101942907085,0,False,false_negative
linear_svm_c_4_0,4.0,fake_1054,1054,1,fake,LAJMI FUNDIT: Vjosa Osmani antarsohet në Vetëvendosje ja detajet,96,short_61_120,Linear SVM decision score (jo probabilitet),0.5229767946382436,1,True,correct
linear_svm_c_4_0,4.0,fake_1055,1055,1,fake,SHBA vjen me Super Lajm Për Kosovën,286,long_gt_250,Linear SVM decision score (jo probabilitet),-0.5480057741580405,0,False,false_negative
linear_svm_c_4_0,4.0,fake_1064,1064,1,fake,Nuk do ta besoni se çka e paralajmëron Isa Mustafa Vjosën!,132,medium_121_250,Linear SVM decision score (jo probabilitet),-0.08609787626758691,0,False,false_negative
linear_svm_c_4_0,4.0,fake_1076,1076,1,fake,Isa Mustafa marrja e Qeverisë në këtë kohë është sakrificë që po bënë LDK-ja,103,short_61_120,Linear SVM decision score (jo probabilitet),0.6459996390339499,1,True,correct
linear_svm_c_4_0,4.0,fake_1079,1079,1,fake,Agim Veliu “godet“ Vjosen: Oj trashaluqe duhesh mi hjek killat për mu…..,152,medium_121_250,Linear SVM decision score (jo probabilitet),-0.09632657008642553,0,False,false_negative
linear_svm_c_4_0,4.0,fake_1081,1081,1,fake,"Isa Mustafa: Ne Shqiptarët e Kosovës jemi me Amerikën, kurse Albin Kurti….",81,short_61_120,Linear SVM decision score (jo probabilitet),0.12292463805542231,1,True,correct
linear_svm_c_4_0,4.0,fake_1084,1084,1,fake,E pabesueshme se çfarë vendimi pritet të merr Presidenti Hashim Thaçi nëse e…,107,short_61_120,Linear SVM decision score (jo probabilitet),0.9457553997917656,1,True,correct
linear_svm_c_4_0,4.0,fake_1085,1085,1,fake,Glauk Konjufca: Bëhuni gati…Nesër është vetëm nxemje!,170,medium_121_250,Linear SVM decision score (jo probabilitet),-0.6263496760627719,0,False,false_negative
linear_svm_c_4_0,4.0,fake_1090,1090,1,fake,Politikani Serb ‘zbulon’ dy politikanët e Kosovës që po bashkëpunojnë me…,176,medium_121_250,Linear SVM decision score (jo probabilitet),-0.2594451211775546,0,False,false_negative
linear_svm_c_4_0,4.0,fake_1092,1092,1,fake,"Abdulla Hoti “godet“ Lëvizjen Vetëvendosje, ja çka i thotë!",112,short_61_120,Linear SVM decision score (jo probabilitet),-0.023346421845772403,0,False,false_negative
linear_svm_c_4_0,4.0,fake_1101,1101,1,fake,Ky kombinim po i çmend të gjithë: Bëhu me fIokë duke përdorur bananen,194,medium_121_250,Linear SVM decision score (jo probabilitet),0.027799344044110552,1,True,correct
linear_svm_c_4_0,4.0,fake_1104,1104,1,fake,"Nuk hapen xhamitë as në ditët e fundit të Ramazanit, edhe ne Hoxhallarët duam pushim",378,long_gt_250,Linear SVM decision score (jo probabilitet),-0.4539473674428911,0,False,false_negative
linear_svm_c_4_0,4.0,fake_1106,1106,1,fake,"Behgjet Pacolli “befason“ me fjalë: E deshtët apo Jo, Halil Kastrati nuk ban “NONA“ tjetër në Shqiptari",75,short_61_120,Linear SVM decision score (jo probabilitet),0.34280997240248473,1,True,correct
linear_svm_c_4_0,4.0,fake_1108,1108,1,fake,Vjosa po vjen me parti të re politike me 9 deputet!,44,very_short_le_60,Linear SVM decision score (jo probabilitet),0.5549361847058869,1,True,correct
linear_svm_c_4_0,4.0,fake_1117,1117,1,fake,"Albin Kurtit do ti ndodhë më e keqja, Ja çka paralajmëron Pacolli",362,long_gt_250,Linear SVM decision score (jo probabilitet),0.5371738510572098,1,True,correct
linear_svm_c_4_0,4.0,fake_1119,1119,1,fake,Detaje të reja: Zbulohen mesazhet zyrtare për rastin e 26 vjeçarit që vdiq dje në Qendrën e Studentëve,84,short_61_120,Linear SVM decision score (jo probabilitet),-0.16757228857641493,0,False,false_negative
linear_svm_c_4_0,4.0,fake_1121,1121,1,fake,Vali Corleone flet për Hashim Thaçin e Albin Kurtin: Ja kush janë këta!,73,short_61_120,Linear SVM decision score (jo probabilitet),0.6776622984552677,1,True,correct
linear_svm_c_4_0,4.0,fake_1135,1135,1,fake,Hoxhaj: Kurr sdo të bëhet mirë pa ardhur në krye të Kosovës Kadri Veseli,107,short_61_120,Linear SVM decision score (jo probabilitet),1.5825665115292753,1,True,correct
linear_svm_c_4_0,4.0,fake_1138,1138,1,fake,Hyn dhe Voto dr. Shefqet Krasniqin për imam të xhamisë së re në Prishtinë,104,short_61_120,Linear SVM decision score (jo probabilitet),0.7947386843614583,1,True,correct
linear_svm_c_4_0,4.0,fake_1165,1165,1,fake,Çmimi i lartë do tju trondit se sa do të kushtojë një vaksinë anti-korona që e keni patjetër ta merrni!,86,short_61_120,Linear SVM decision score (jo probabilitet),1.7521090415613125,1,True,correct
linear_svm_c_4_0,4.0,fake_1174,1174,1,fake,"Vjen thirrja e fundit për zgjedhje të parakohshme, pas Albinit e penzionojnë edhe Avdullah Hotin",104,short_61_120,Linear SVM decision score (jo probabilitet),0.602726672854742,1,True,correct
linear_svm_c_4_0,4.0,fake_1179,1179,1,fake,"Bekim Jashari: Albin Kurti , ‘Nuse e mirë po duket por t’ja shohim çeizin’!",110,short_61_120,Linear SVM decision score (jo probabilitet),1.338775297036995,1,True,correct
linear_svm_c_4_0,4.0,fake_1180,1180,1,fake,"Avdullah Hoti fyen rëndë të gjithë myslimanët që falën nëpër xhami, duke i quajtur…?",81,short_61_120,Linear SVM decision score (jo probabilitet),0.846854146725495,1,True,correct
linear_svm_c_4_0,4.0,fake_1183,1183,1,fake,"Kadri Veseli e ‘pren’ punën e xhamisë, nuk do ta besoni se a dha lejen për ndërtimin apo jo?",88,short_61_120,Linear SVM decision score (jo probabilitet),-0.18040110449935587,0,False,false_negative
linear_svm_c_4_0,4.0,fake_1186,1186,1,fake,"I gjithë shteti në Alarm, Ja ‘Lajmin që e solli nga Haga’ Hashim Thaçi dhe Kadri Veseli",99,short_61_120,Linear SVM decision score (jo probabilitet),1.48116574522769,1,True,correct
linear_svm_c_4_0,4.0,fake_1191,1191,1,fake,"Specialisti italian na i qetëzoi zemrat të gjithëve: ‘Kjo është e vërteta e koronavirusit, mos bini pre e biznismenëve’",91,short_61_120,Linear SVM decision score (jo probabilitet),1.978225041825108,1,True,correct
linear_svm_c_4_0,4.0,fake_1194,1194,1,fake,"Media Gjermane: Merkel është e përfshirë në një skandal, ndihmoi Hashim Thaçin me 2 miliardë Euro?",90,short_61_120,Linear SVM decision score (jo probabilitet),1.0069989080647843,1,True,correct
linear_svm_c_4_0,4.0,fake_1197,1197,1,fake,Urime KOSOVË / Qeveria e Izraelit zyrtarisht ofron këtë ndihmë pë çdo qytetar të Kosovës,96,short_61_120,Linear SVM decision score (jo probabilitet),0.7923369027409781,1,True,correct
linear_svm_c_4_0,4.0,fake_1199,1199,1,fake,"Pse shumë njerëz po dështojnë? Cili meriton të kalon i pari, i dyti dhe i fundit?",109,short_61_120,Linear SVM decision score (jo probabilitet),1.9119786182547212,1,True,correct
linear_svm_c_4_0,4.0,fake_1224,1224,1,fake,"Ndërron jetë Luan Bajra pak ditë para martesës, i riu vuante nga kjo sëmundje! Ngushllime familjes Bajra",77,short_61_120,Linear SVM decision score (jo probabilitet),1.19505959927264,1,True,correct
linear_svm_c_4_0,4.0,fake_1226,1226,1,fake,URIME NA QOFTË / Oxford jep rezultatet e para pozitive të vaksinës që zhduk tërësisht virusin,74,short_61_120,Linear SVM decision score (jo probabilitet),1.3494287689957403,1,True,correct
linear_svm_c_4_0,4.0,fake_1230,1230,1,fake,"Vjosa Osmani me lot në sy pranon largimin e saj nga politika, fjalimi i plotë i saj…?",87,short_61_120,Linear SVM decision score (jo probabilitet),1.731426305697636,1,True,correct
linear_svm_c_4_0,4.0,fake_1234,1234,1,fake,"Viola Cramon ‘trondet’ Kosovën, tregon se cilët dy politikan i than ‘Mos nai liberalizoni vizat pa i fitu na zgjedhjet’",103,short_61_120,Linear SVM decision score (jo probabilitet),1.0597958127955456,1,True,correct
linear_svm_c_4_0,4.0,fake_1243,1243,1,fake,"Historike / DELAWIE: ‘O burra, ne ta harron Serbia që SHBA hjek dor nga Kosova, për at Zot i dua si vëllezër’",99,short_61_120,Linear SVM decision score (jo probabilitet),1.4369707516850996,1,True,correct
linear_svm_c_4_0,4.0,fake_1245,1245,1,fake,"Hyri brenda në qabe dhe filmoi pamje nga brenda, u ‘trondit’ nga ajo që pa sepse se kishte menduar kurrë këtë?",84,short_61_120,Linear SVM decision score (jo probabilitet),2.222058103699043,1,True,correct
linear_svm_c_4_0,4.0,fake_1246,1246,1,fake,"Çmime jashtëzakonisht të ulëta në këto dyqane për shopping, NXITONI URGJENTISHT",87,short_61_120,Linear SVM decision score (jo probabilitet),1.2642770967270207,1,True,correct
linear_svm_c_4_0,4.0,fake_1260,1260,1,fake,"Skena shumë të nxehta, çmendet Edona Llalloshi dhe bën rezil udhëheqësen te ‘Shiko kush luan’",93,short_61_120,Linear SVM decision score (jo probabilitet),1.5278278581536777,1,True,correct
linear_svm_c_4_0,4.0,fake_1266,1266,1,fake,LAJMI I FUNDIT Nga Gjermania – BE-ja më në fund iberalizohen vizat për Kosovarët,98,short_61_120,Linear SVM decision score (jo probabilitet),2.2659749329738865,1,True,correct
linear_svm_c_4_0,4.0,fake_1274,1274,1,fake,Mustafa Nano e tepron / E vetmja shpresë për shqiptarin është ardhja e Albin Kurtit në pushtet,78,short_61_120,Linear SVM decision score (jo probabilitet),2.007053993985607,1,True,correct
linear_svm_c_4_0,4.0,fake_1275,1275,1,fake,"Mjer KOSOVA / Vuçiq e bën ‘hor’ Avduallah Hotin para BE-së, kurse Hoti vetëm shikon si i çmendur",98,short_61_120,Linear SVM decision score (jo probabilitet),1.7192420819085275,1,True,correct
linear_svm_c_4_0,4.0,fake_1279,1279,1,fake,"Ramiz Lladrovci: Pishpirikat e Vetëvendosjes nuk ti baj hesap, Albini Kurti ngelafç ngat mu?",106,short_61_120,Linear SVM decision score (jo probabilitet),2.0293310353114795,1,True,correct
linear_svm_c_4_0,4.0,fake_1285,1285,1,fake,"Kur e pyetën Albert Ajnshtajnin a besonte në Zot, përgjigja e tij la pa frymë gjith Botën",111,short_61_120,Linear SVM decision score (jo probabilitet),1.1896372352563436,1,True,correct
linear_svm_c_4_0,4.0,fake_1290,1290,1,fake,"URIME NA QOFTË / Mbyllen votimet në Maqedoninë e Veriut, shpallet kryeministri i parë shqipëtar atje",89,short_61_120,Linear SVM decision score (jo probabilitet),0.44070462430409985,1,True,correct
linear_svm_c_4_0,4.0,fake_1291,1291,1,fake,Artan Abrashi i VV-së / Krimineli Hashim Thaçi duheshte të jep dorëheqje para se të shkonte sepse sdo të kthehet?,99,short_61_120,Linear SVM decision score (jo probabilitet),1.6457966985150652,1,True,correct
linear_svm_c_4_0,4.0,fake_1293,1293,1,fake,"Pas di vorcit, nëna gjen të d ashur: Ky është mesazhi që fëmijët kanë për t’i dhënë!",87,short_61_120,Linear SVM decision score (jo probabilitet),1.4154208818331888,1,True,correct
linear_svm_c_4_0,4.0,fake_1302,1302,1,fake,"BISEDA SEKRETE: Clinton-D’Alema më 23 mars, 1999 për ndërhyrjën e NATO-së në Kosovë",94,short_61_120,Linear SVM decision score (jo probabilitet),1.303712854316387,1,True,correct
linear_svm_c_4_0,4.0,fake_1311,1311,1,fake,EKSKLUZIVE / Këto pamje të filmuara në 1999 të Gani Gecit bëjnë të qarta debatet e këtyre 20 viteve,100,short_61_120,Linear SVM decision score (jo probabilitet),0.87947100297878,1,True,correct
linear_svm_c_4_0,4.0,fake_1314,1314,1,fake,Hashim Thaçi ‘çartet’ dhe dridh gjithë Amerikën me fjalimin e tij për KOSOVËN HEROIKE,112,short_61_120,Linear SVM decision score (jo probabilitet),0.9011445712733341,1,True,correct
linear_svm_c_4_0,4.0,fake_1320,1320,1,fake,Gent Cakaj: Kur është në pyetje UÇK-ja duhet të jemi 1 or kafsha të pista të Kosovës,86,short_61_120,Linear SVM decision score (jo probabilitet),0.7612749921157822,1,True,correct
linear_svm_c_4_0,4.0,fake_1324,1324,1,fake,Mërgimtarët shqipëtar përlotin Hashim Thaçin me befasinë që ia bënë para Gjykatës së Hagës,87,short_61_120,Linear SVM decision score (jo probabilitet),2.165944683792295,1,True,correct
linear_svm_c_4_0,4.0,fake_1325,1325,1,fake,"Prifti shqipëtar Don Zefi: Ne shqipëtarët katolik vëllezër i kemi grekët dhe serbet,",103,short_61_120,Linear SVM decision score (jo probabilitet),2.076865752147767,1,True,correct
linear_svm_c_4_0,4.0,fake_1334,1334,1,fake,"E Fundit / Shkarkohet presidenti i Shqipërisë Ilir Meta, komisioni hetimor raporton që?",97,short_61_120,Linear SVM decision score (jo probabilitet),0.12582875946032446,1,True,correct
linear_svm_c_4_0,4.0,fake_1336,1336,1,fake,"Nuk e pranuan Hashim Thaçin në shtëpi, vjen reagimi i Bekim Jasharit ku tregon arsyen se pse?",102,short_61_120,Linear SVM decision score (jo probabilitet),1.2018245616829155,1,True,correct
linear_svm_c_4_0,4.0,fake_1346,1346,1,fake,Nga nesër bllokim i plotë i lëvizjes së qytetarëve në këto komuna të Kosovës?,95,short_61_120,Linear SVM decision score (jo probabilitet),1.5287893512721444,1,True,correct
linear_svm_c_4_0,4.0,fake_1351,1351,1,fake,Urime Kosovë / Grenell zyrtarisht jep datën kur mund kosovarët të udhëtojnë PA VIZA?,98,short_61_120,Linear SVM decision score (jo probabilitet),1.8521178491537311,1,True,correct
linear_svm_c_4_0,4.0,fake_1365,1365,1,fake,Shkëlzen Gashi: Kur un ju thoja nuk e besojshit të vërtetën e UÇK-së,99,short_61_120,Linear SVM decision score (jo probabilitet),1.3859997248604947,1,True,correct
linear_svm_c_4_0,4.0,fake_1371,1371,1,fake,Dokumenti i CIA 1978: Ky ishte politikani që i dha tokat shqipëtare Greqisë,101,short_61_120,Linear SVM decision score (jo probabilitet),1.0031079820044746,1,True,correct
linear_svm_c_4_0,4.0,fake_1379,1379,1,fake,"Shefqet Krasniqi: Mos keni frik nga ky virus, nëse e keni të shkruar do tjesh i fundit që dot kap",86,short_61_120,Linear SVM decision score (jo probabilitet),0.6629783246351875,1,True,correct
linear_svm_c_4_0,4.0,fake_1382,1382,1,fake,‘Dorëzohet Sërbia’ / Numri i viktimave nga virusi në Sërbi thyen rekordin botëror,74,short_61_120,Linear SVM decision score (jo probabilitet),1.3978580453626956,1,True,correct
linear_svm_c_4_0,4.0,fake_1385,1385,1,fake,Merkel ia terron Vuçiqit me këtë kërkesë që ia bëri në lidhje me kufijtë dhe njohjen e pavarsisë së Kosovës,87,short_61_120,Linear SVM decision score (jo probabilitet),1.592951201247359,1,True,correct
linear_svm_c_4_0,4.0,fake_1395,1395,1,fake,Krijesë e huaj misterioze me ‘krahët që duken njerëzore’ i vë në dyshim mendjet e njerëzve,85,short_61_120,Linear SVM decision score (jo probabilitet),1.6434917628634924,1,True,correct
linear_svm_c_4_0,4.0,fake_1396,1396,1,fake,Ju Lutem Shpërndaje Që Ta shohin Gjithë / Ja se çfarë po ju ndodh qytetarëve që po udhëtojnë për në Europë,93,short_61_120,Linear SVM decision score (jo probabilitet),1.1499229129581119,1,True,correct
linear_svm_c_4_0,4.0,fake_1413,1413,1,fake,Publikohen për herë të parë fotot e Anisa Josifit në shtratin e vd ekjes,100,short_61_120,Linear SVM decision score (jo probabilitet),0.9835276303604349,1,True,correct
linear_svm_c_4_0,4.0,fake_1415,1415,1,fake,Italia merr vendim të prerë për shtetin e Kosovës dhe bën apel në gjithë Europën për izolim 24 muajsh?,86,short_61_120,Linear SVM decision score (jo probabilitet),1.3698277160253127,1,True,correct
linear_svm_c_4_0,4.0,fake_1420,1420,1,fake,"Molliqaj: Hashim Thaçi nuk është anti-amerikan, është k riminel!",71,short_61_120,Linear SVM decision score (jo probabilitet),2.081307819936828,1,True,correct
linear_svm_c_4_0,4.0,fake_1424,1424,1,fake,Plaku nga Kosova: Evropa i ka borxh Kosovës,72,short_61_120,Linear SVM decision score (jo probabilitet),1.5241038756181315,1,True,correct
linear_svm_c_4_0,4.0,fake_1426,1426,1,fake,LAJM I FUNDIT:Nuk do mund ta besoni se ku ndodhet në Këto momente Hashim Thaçi,86,short_61_120,Linear SVM decision score (jo probabilitet),2.562634622347441,1,True,correct
linear_svm_c_4_0,4.0,fake_1432,1432,1,fake,Këta zyrtarë priten të largohen nga LDK-ja! arsyeja shkarkimi Vjoses?,76,short_61_120,Linear SVM decision score (jo probabilitet),1.5335794523017472,1,True,correct
linear_svm_c_4_0,4.0,fake_1434,1434,1,fake,A do të vazhdojë të jetë antare e LDKsë? Ja çka thotë Osmani,77,short_61_120,Linear SVM decision score (jo probabilitet),2.0536888263808883,1,True,correct
linear_svm_c_4_0,4.0,fake_1441,1441,1,fake,Zbulohet vendin ku ndodhen 28 ton flori!,103,short_61_120,Linear SVM decision score (jo probabilitet),0.9526462445121187,1,True,correct
linear_svm_c_4_0,4.0,fake_1450,1450,1,fake,"Besa Gaxherri: Vjosa Duhet Të Matet, Nuk Është E Rrugës Me Luftu Shtëpinë E Vet",91,short_61_120,Linear SVM decision score (jo probabilitet),1.3438549371964308,1,True,correct
linear_svm_c_4_0,4.0,fake_1451,1451,1,fake,"Erdogan ndan lajmin më të keq pas pandemisë së fundit, shpreh ngushllimet e tij të sinqerta",86,short_61_120,Linear SVM decision score (jo probabilitet),1.1000256708394538,1,True,correct
linear_svm_c_4_0,4.0,fake_1454,1454,1,fake,"I dërgon gabimisht shefit një foto pa rroba, përgjigja e tij e lë pa fjalë",96,short_61_120,Linear SVM decision score (jo probabilitet),1.4525398424458742,1,True,correct
linear_svm_c_4_0,4.0,fake_1461,1461,1,fake,Djaloshi ne Prishtine gjen 1450 Euro dhe nje qeles te vetures.,99,short_61_120,Linear SVM decision score (jo probabilitet),1.8702649195180818,1,True,correct
linear_svm_c_4_0,4.0,fake_1465,1465,1,fake,"Gjermania në kërkim të 472 mijë punëtorëve, këto janë profilet më të kërkuara",88,short_61_120,Linear SVM decision score (jo probabilitet),0.7591836136741178,1,True,correct
linear_svm_c_4_0,4.0,fake_1466,1466,1,fake,"Ky pe.nsioner mbante një th.esar në shtëpi, nuk e dinte",94,short_61_120,Linear SVM decision score (jo probabilitet),1.2821099848018287,1,True,correct
linear_svm_c_4_0,4.0,fake_1473,1473,1,fake,"Karkalecat pushtojnë Lindjen e Mesme, bll.okohet qarkullimi i automjeteve",93,short_61_120,Linear SVM decision score (jo probabilitet),0.6565676874661462,1,True,correct
linear_svm_c_4_0,4.0,fake_1474,1474,1,fake,Christopher Hill rrë.fen momente të lu.ftës në Kosovë: Çfarë më tha Millosheviçi pas takimit me UÇK-në,101,short_61_120,Linear SVM decision score (jo probabilitet),0.7145042632844714,1,True,correct
linear_svm_c_4_0,4.0,fake_1475,1475,1,fake,Nuk keni pë ta besuar se cila këngëtare kosovare është kjo vogëlushe,96,short_61_120,Linear SVM decision score (jo probabilitet),1.0082383255979805,1,True,correct
linear_svm_c_4_0,4.0,fake_1484,1484,1,fake,"E mbajti të fshehtë, futbollisti shqiptar bëhet baba për herë të parë",88,short_61_120,Linear SVM decision score (jo probabilitet),0.5083370063445558,1,True,correct
linear_svm_c_4_0,4.0,fake_1488,1488,1,fake,Kilogrami shitet 0ër 1.000 Euro / Gjenden në këtë vend,80,short_61_120,Linear SVM decision score (jo probabilitet),0.5644015015515583,1,True,correct
linear_svm_c_4_0,4.0,fake_1492,1492,1,fake,Vjosa Osmani po i bashkohet LVV ? Edhe zogjtë e malit e dinë ..,92,short_61_120,Linear SVM decision score (jo probabilitet),0.9273875872075641,1,True,correct
linear_svm_c_4_0,4.0,fake_1498,1498,1,fake,"Hapi i madh i Ramës, arreston zyrtarin e larte te LVV / Reagon Kurti ..",95,short_61_120,Linear SVM decision score (jo probabilitet),0.5523148757913742,1,True,correct
linear_svm_c_4_0,4.0,fake_1503,1503,1,fake,"Afrim Muqiqi jep lajmin e madh, nga kjo datë dasmat do të bahen dhe urime të gjithëve",83,short_61_120,Linear SVM decision score (jo probabilitet),1.5856813867623374,1,True,correct
linear_svm_c_4_0,4.0,fake_1511,1511,1,fake,"Ak sident i tm errshëm , treni g odet veturën me 5 u dhëtarë",90,short_61_120,Linear SVM decision score (jo probabilitet),1.1338885486059804,1,True,correct
linear_svm_c_4_0,4.0,fake_1513,1513,1,fake,"Ky është shteti, qytetarët e të cilit tr.adhtojnë më shumë partnerin",99,short_61_120,Linear SVM decision score (jo probabilitet),1.140152595393506,1,True,correct
linear_svm_c_4_0,4.0,fake_1519,1519,1,fake,"Dorëzohet Vuçiqi, vendos ta pranon Republikën e Kosovës për shkak të kësaj arsye?",73,short_61_120,Linear SVM decision score (jo probabilitet),1.8353554142035389,1,True,correct
linear_svm_c_4_0,4.0,fake_1531,1531,1,fake,"E fundit! Shp.ërthen bo.mbula e gazit, e moshuara në gjendje të rëndë",92,short_61_120,Linear SVM decision score (jo probabilitet),0.39601742507415794,1,True,correct
linear_svm_c_4_0,4.0,fake_1533,1533,1,fake,EKSLUZIVE – Ja kush po i kerkon Albinit debat televiziv nuk do ta besoni,87,short_61_120,Linear SVM decision score (jo probabilitet),2.4818605844026767,1,True,correct
linear_svm_c_4_0,4.0,fake_1538,1538,1,fake,"Ndërron jetë këngëtarja e njohur, pati g.oditje në tru",78,short_61_120,Linear SVM decision score (jo probabilitet),0.5125222895247552,1,True,correct
linear_svm_c_4_0,4.0,fake_1542,1542,1,fake,"HlSTORlA e shqiptarit që ka HABlTUR rrjetet sociaIe, a ja vIen të Ie gruan për rusen e pasur",100,short_61_120,Linear SVM decision score (jo probabilitet),0.8622812874467429,1,True,correct
linear_svm_c_4_0,4.0,fake_1544,1544,1,fake,"Gold AG p ublikon këngën e re, krejt Mediat serbe po shkruajn",88,short_61_120,Linear SVM decision score (jo probabilitet),0.8606823612537171,1,True,correct
linear_svm_c_4_0,4.0,fake_1545,1545,1,fake,Nuk do ta besoni qfare thote Glauk Konjufca per kreun e LVV-se,90,short_61_120,Linear SVM decision score (jo probabilitet),1.4011418506868552,1,True,correct
linear_svm_c_4_0,4.0,fake_1547,1547,1,fake,"Izraeli apo Turqia, cila e ka u shtrinë më të fortë",81,short_61_120,Linear SVM decision score (jo probabilitet),0.20733908923910133,1,True,correct
linear_svm_c_4_0,4.0,fake_1551,1551,1,fake,"Presidentja E Kroacisë I’a Thotë Në Sy Mogherinit: Kosovës Duhet Të I’a Jepni Liberalizimin, Sepse Kosovarët E Meritojnë Këtë Gjë Dhe Shumë Gjëra Tjera!",91,short_61_120,Linear SVM decision score (jo probabilitet),1.4671997843353566,1,True,correct
linear_svm_c_4_0,4.0,fake_1552,1552,1,fake,E pabesueshme: Adelina rr.ëfen se si e ka kapur politikanin e njohur duke vje.dhur para,90,short_61_120,Linear SVM decision score (jo probabilitet),1.4120453439962213,1,True,correct
linear_svm_c_4_0,4.0,fake_1556,1556,1,fake,Jam tri.shtuar nga vd.ekja tra.gjike e të riut 26-vjeçar nga Gjilani,92,short_61_120,Linear SVM decision score (jo probabilitet),1.0221748104770998,1,True,correct
linear_svm_c_4_0,4.0,fake_1557,1557,1,fake,"E FUNDIT: Paralajmërimi i Kurtit dr.idh Kosoven, ja qka tha",96,short_61_120,Linear SVM decision score (jo probabilitet),2.2237590083219483,1,True,correct
linear_svm_c_4_0,4.0,fake_1563,1563,1,fake,"Pacolli: Telefonin e kam përplot me kë.rcënime, jam i fr.ikësuar nga militantet e VV-së!!",100,short_61_120,Linear SVM decision score (jo probabilitet),0.7934752095677047,1,True,correct
linear_svm_c_4_0,4.0,fake_1564,1564,1,fake,"LDK para cop.ëtimit – ka përpl.asje të mëdha, zbulohet se disa figura të larta partiake",92,short_61_120,Linear SVM decision score (jo probabilitet),0.9205294088420741,1,True,correct
linear_svm_c_4_0,4.0,fake_1567,1567,1,fake,"Po pastronte shtëpinë e gjyshërve kur gjeti diçka në dysheme, kur e hapi u sh.okua nga ajo që pa",114,short_61_120,Linear SVM decision score (jo probabilitet),1.240610418962981,1,True,correct
linear_svm_c_4_0,4.0,fake_1568,1568,1,fake,Lajm i mire/ Me ne fund del data se kur do levizim me makina pa marr leje,97,short_61_120,Linear SVM decision score (jo probabilitet),1.211359015810376,1,True,correct
linear_svm_c_4_0,4.0,fake_1569,1569,1,fake,Rama pu.blikon statistikat/ Shqipëria vendi europian që ka menaxhuar më mirë situatën e CoVi.d-19,111,short_61_120,Linear SVM decision score (jo probabilitet),0.8743077547187833,1,True,correct
linear_svm_c_4_0,4.0,fake_1574,1574,1,fake,Nuk ishte t.ërmet as v.ullkan por diçka e fr.ikshme që rallë kush …,99,short_61_120,Linear SVM decision score (jo probabilitet),0.9465527875373458,1,True,correct
linear_svm_c_4_0,4.0,fake_1593,1593,1,fake,Lajmi tr.ondit mediat greke e italiane: Nexhmija e dinte që Enveri…,101,short_61_120,Linear SVM decision score (jo probabilitet),0.6712496900360767,1,True,correct
linear_svm_c_4_0,4.0,fake_1594,1594,1,fake,"Pamje shokuese , gruaja hidhet nga ballkoni i PALLATIT ! (Video)",55,very_short_le_60,Linear SVM decision score (jo probabilitet),1.3628663781963324,1,True,correct
linear_svm_c_4_0,4.0,fake_1601,1601,1,fake,Vjen SUPER LAJMI Italianët bëjnë zbulimin që do na rikthejë në normalitet nga COVID-19,192,medium_121_250,Linear SVM decision score (jo probabilitet),1.1079040289367947,1,True,correct
linear_svm_c_4_0,4.0,fake_1606,1606,1,fake,"LAJMI I FUNDIT: E shpërfilli  virusin COVID-19, Presidenti del Pozitiv i…!",122,medium_121_250,Linear SVM decision score (jo probabilitet),0.44458255283909653,1,True,correct
linear_svm_c_4_0,4.0,fake_1609,1609,1,fake,"LAJMI I FUNDIT: Ky është super lajm,Mjeku jep shpresë  sa i perket COVID-19, për popullin e Kosovës!",127,medium_121_250,Linear SVM decision score (jo probabilitet),1.3149513569244622,1,True,correct
linear_svm_c_4_0,4.0,fake_1610,1610,1,fake,"LAJMI I FUNDIT: Tronditet skena politike, pas shum rastev me Koronavirus jep doreheqje Ministri i Shendetsise në…!",150,medium_121_250,Linear SVM decision score (jo probabilitet),0.7588875690440438,1,True,correct
linear_svm_c_4_0,4.0,fake_1611,1611,1,fake,E FUNDIT: Do befasoheni Çfarë i bëri sot bashkë Vjosa Osmanin dhe Albin Kurtin?,113,short_61_120,Linear SVM decision score (jo probabilitet),1.5043040830227281,1,True,correct
linear_svm_c_4_0,4.0,fake_1613,1613,1,fake,"Veton Surroi: UÇK nuk ishte ushtri çlirimtare, po kan lyp me…!",122,medium_121_250,Linear SVM decision score (jo probabilitet),1.0152637870696273,1,True,correct
linear_svm_c_4_0,4.0,fake_1616,1616,1,fake,"LAJM I PAPRITUR KY!: Vjosa Osmani Presidente e vendit, ja si dhe kur mund të ndodh?",149,medium_121_250,Linear SVM decision score (jo probabilitet),1.7982210665225002,1,True,correct
linear_svm_c_4_0,4.0,fake_1619,1619,1,fake,Fatmir Limaj: ”Albini as pragun ska me kalu ne Zgjedhje te reja keni me pa O Popull”? – VIDEO,114,short_61_120,Linear SVM decision score (jo probabilitet),1.9724224737989378,1,True,correct
linear_svm_c_4_0,4.0,fake_1622,1622,1,fake,Shpërthen Ganimete Musliu kundër VV-së: Të pafytyrë e po t’ja…!,118,short_61_120,Linear SVM decision score (jo probabilitet),0.4587395311959883,1,True,correct
linear_svm_c_4_0,4.0,fake_1624,1624,1,fake,"LAJMI I FUNDIT: Pas aktakuzës ndaj Thaçit e Veselit, PDK merr këtë vendim te papritur nga askush..!",132,medium_121_250,Linear SVM decision score (jo probabilitet),1.1683144482362415,1,True,correct
linear_svm_c_4_0,4.0,fake_1625,1625,1,fake,"Kjo video nga Glauk Konjufca ta bën Zemrën mal, Ja çka thoshte ai për Gjykatën Speciale",85,short_61_120,Linear SVM decision score (jo probabilitet),0.9769967726238808,1,True,correct
linear_svm_c_4_0,4.0,fake_1641,1641,1,fake,Tunës ka përfunduar në këtë gjendje pas shum se…!,78,short_61_120,Linear SVM decision score (jo probabilitet),-0.03168693200447059,0,False,false_negative
linear_svm_c_4_0,4.0,fake_1647,1647,1,fake,"Nuk është më kryeministër, por Oriola tregon hapur simpatinë e saj për Albin Kurtin",104,short_61_120,Linear SVM decision score (jo probabilitet),1.3190605172247936,1,True,correct
linear_svm_c_4_0,4.0,fake_1648,1648,1,fake,Godet Thaci : o Albin e more popullin nqaf me ato protesta shikoje numrin e te inf ekt uarve o ti po lyp…?,92,short_61_120,Linear SVM decision score (jo probabilitet),1.4650866534214009,1,True,correct
linear_svm_c_4_0,4.0,fake_1653,1653,1,fake,Mjeku shqiptar trondit botën: Ja çfarë i pret të gjithë njerëzit e prekur nga COVID-19,375,long_gt_250,Linear SVM decision score (jo probabilitet),0.46129022406912684,1,True,correct
linear_svm_c_4_0,4.0,fake_1655,1655,1,fake,LAJMI I FUNDIT – Ja cili politikan i VV-s do te arrestohet nga Gjykata Speciale,118,short_61_120,Linear SVM decision score (jo probabilitet),1.7863397996805075,1,True,correct
linear_svm_c_4_0,4.0,fake_1659,1659,1,fake,Kallashi O Albin Ta Hongsha Zemren Ty Je Zemra Kosoves Per Ty Kisha Vallzu Tanë Naten Ne…,151,medium_121_250,Linear SVM decision score (jo probabilitet),2.542007649935884,1,True,correct
linear_svm_c_4_0,4.0,fake_1660,1660,1,fake,"Kosovë, Pacienti Me Koronavirus Nga Spitali I Qon “Selam“ Labinot Tahirit (Video)",129,medium_121_250,Linear SVM decision score (jo probabilitet),1.8179223129243374,1,True,correct
linear_svm_c_4_0,4.0,fake_1667,1667,1,fake,"VIDEO EKSLUZIVE:Nëse Ke Ndonjë Nga Këto Monedha, Mund Të Bëhesh Shumë I Pasur Ja Pse",196,medium_121_250,Linear SVM decision score (jo probabilitet),0.7548159431396207,1,True,correct
linear_svm_c_4_0,4.0,fake_1674,1674,1,fake,LAJMI I FUNDIT – Bota po perballet nga nje rre zik tjeter ja per qfar behet fjale,145,medium_121_250,Linear SVM decision score (jo probabilitet),1.0445742162635523,1,True,correct
linear_svm_c_4_0,4.0,fake_1675,1675,1,fake,Befason Thaçi: ‘Sa tjem gjall une Albini asnjehere nuk do te vendos per Kosoven sdo ta lejoj me…!,198,medium_121_250,Linear SVM decision score (jo probabilitet),0.9741387411203645,1,True,correct
linear_svm_c_4_0,4.0,fake_1676,1676,1,fake,Fatos Lubonja: Hashim Thaçi ka ber vepra te k eqia ndaj serbë të pafajshëm!! Ska vy me i bo,247,medium_121_250,Linear SVM decision score (jo probabilitet),1.0846455700585018,1,True,correct
linear_svm_c_4_0,4.0,fake_1687,1687,1,fake,Kjo Grua Nga Prishtina Në Ballkon Dhe Ajo Që Bën Më Ç.Mend Kalimtaret.. (Video),134,medium_121_250,Linear SVM decision score (jo probabilitet),0.9209480203124062,1,True,correct
linear_svm_c_4_0,4.0,fake_1692,1692,1,fake,LAJMI I FUNDIT – Nuk do ta besoni qfar do te ndodhe ne Kosove,135,medium_121_250,Linear SVM decision score (jo probabilitet),0.3670762565679201,1,True,correct
linear_svm_c_4_0,4.0,fake_1697,1697,1,fake,Shpallja e gjendjes së jashtëzakonshme në Kosovë/ Nuk do të ketë bllokim të plotë,167,medium_121_250,Linear SVM decision score (jo probabilitet),2.034760589521861,1,True,correct
linear_svm_c_4_0,4.0,fake_1698,1698,1,fake,"Prekese: Sot u bëra nene pas 10 viteve martes, jam Nene e Trinjakëve, kush me uron i dhent Zoti ate qe i mungon ..",221,medium_121_250,Linear SVM decision score (jo probabilitet),2.466732642049365,1,True,correct
linear_svm_c_4_0,4.0,fake_1700,1700,1,fake,"Pipero: Jep lajmin e madh që e kemi pritur të gjithë, “Koronavirusi nuk do të…”",229,medium_121_250,Linear SVM decision score (jo probabilitet),0.2379181409928725,1,True,correct
linear_svm_c_4_0,4.0,fake_1711,1711,1,fake,Video Eksluzive: Shikojeni Çka I Ndodhi Ketij Mërgimtarit Nga Kosova Në Finlandë,173,medium_121_250,Linear SVM decision score (jo probabilitet),0.6910976722021167,1,True,correct
linear_svm_c_4_0,4.0,fake_1714,1714,1,fake,Godet Kallashi ja qka thot per Albinin nuk do ta besoni,159,medium_121_250,Linear SVM decision score (jo probabilitet),1.4528241428838307,1,True,correct
linear_svm_c_4_0,4.0,fake_1720,1720,1,fake,EKSLUZIVE – Vjosa Osmani zbulon detajet e partise te saj te re ja deputet sdo ta besoni,180,medium_121_250,Linear SVM decision score (jo probabilitet),1.0259833214240817,1,True,correct
linear_svm_c_4_0,4.0,fake_1729,1729,1,fake,Kush dhe pse e duan të vdekur Gani Gecin ???,177,medium_121_250,Linear SVM decision score (jo probabilitet),0.5109712419746806,1,True,correct
linear_svm_c_4_0,4.0,fake_1730,1730,1,fake,"Hoti do mbetet kryeministri më i suksesshëm në historinë e Kosovës, nëse Vuçiqi nuk e bën këtë",130,medium_121_250,Linear SVM decision score (jo probabilitet),0.3037087085797504,1,True,correct
linear_svm_c_4_0,4.0,fake_1732,1732,1,fake,Haki Abazi dridhe skenen politike ne Kosove me kete qe tha!,162,medium_121_250,Linear SVM decision score (jo probabilitet),-0.6587449268029321,0,False,false_negative
linear_svm_c_4_0,4.0,fake_1737,1737,1,fake,Paralajmërohet ‘tronditja’ e madhe për PDK-në: Ja dy përplasjet e forta në këtë parti,88,short_61_120,Linear SVM decision score (jo probabilitet),2.0851761686176897,1,True,correct
linear_svm_c_4_0,4.0,fake_1738,1738,1,fake,Tomë Gashi publikon videon e Besa Gaxherrit që tronditi Hashim Thaçin,122,medium_121_250,Linear SVM decision score (jo probabilitet),1.340224899094847,1,True,correct
linear_svm_c_4_0,4.0,fake_1740,1740,1,fake,Lajm bomb: Arrestohet djali i deputeti te Partis Demokratike,99,short_61_120,Linear SVM decision score (jo probabilitet),0.2821182467066518,1,True,correct
linear_svm_c_4_0,4.0,fake_1742,1742,1,fake,A eshte normal ky njeri? Kjo qe tha Mustafo Nano per Kosoven do iu cmend dhe nervozoj,107,short_61_120,Linear SVM decision score (jo probabilitet),2.1412975508314624,1,True,correct
linear_svm_c_4_0,4.0,fake_1746,1746,1,fake,"Hiqen te gjitha dyshimet, Kjo eshte partia e re e formuar nga Vjosa Osmani",98,short_61_120,Linear SVM decision score (jo probabilitet),2.078707018903185,1,True,correct
linear_svm_c_4_0,4.0,fake_1755,1755,1,fake,Çfarë sinjali po dërgon Ganimete Musliu tek Albin Kurti me një deklaratë të Ramush Haradinajt – përmendet vrasja e Fehmi Aganit!,65,short_61_120,Linear SVM decision score (jo probabilitet),2.718966854472338,1,True,correct
linear_svm_c_4_0,4.0,fake_1757,1757,1,fake,"Ngjarje shokuese vjen nga Gjakova , atje sapo ndodhi kjo gje e keqe",69,short_61_120,Linear SVM decision score (jo probabilitet),2.3071814353144555,1,True,correct
linear_svm_c_4_0,4.0,fake_1767,1767,1,fake,"Pamje të rralla, kur Leonora Jakupi shetiste me aeroplan në Drenicë  VIDEO",95,short_61_120,Linear SVM decision score (jo probabilitet),-0.439844669950999,0,False,false_negative
linear_svm_c_4_0,4.0,fake_1768,1768,1,fake,Paralajmëroj katastrofë në Kosovë: Ja çka thotë Lul Raka,79,short_61_120,Linear SVM decision score (jo probabilitet),1.7161237328541712,1,True,correct
linear_svm_c_4_0,4.0,fake_1783,1783,1,fake,"Një bionde kosovare kaq ekzotike, Blerta Veseli çmend me pozat në bikini",66,short_61_120,Linear SVM decision score (jo probabilitet),2.1844133607498133,1,True,correct
linear_svm_c_4_0,4.0,fake_1785,1785,1,fake,"Viti 2020 vit i mallkuar, Zbulohet virusi tjeter me i rrezikshme se Koronavirusi",76,short_61_120,Linear SVM decision score (jo probabilitet),2.3557646565726236,1,True,correct
linear_svm_c_4_0,4.0,fake_1790,1790,1,fake,"Vjen nje goditje e rende per Arben Vitine , edhe kjo u tha per te!",104,short_61_120,Linear SVM decision score (jo probabilitet),1.609553710125351,1,True,correct
linear_svm_c_4_0,4.0,fake_1795,1795,1,fake,"Nora i deklason të gjitha, shfaqet veç në bikini nga plazhi ekspozon trupin si ‘peshk’",100,short_61_120,Linear SVM decision score (jo probabilitet),1.5816962064050712,1,True,correct
linear_svm_c_4_0,4.0,fake_1799,1799,1,fake,"Aksidente i rende ne Kosove , vdes ne vend ky person EMRI",67,short_61_120,Linear SVM decision score (jo probabilitet),1.8676850857747942,1,True,correct
linear_svm_c_4_0,4.0,fake_1804,1804,1,fake,ALARMANTE/ Qeveria Hoti po na çon në katastrofë DETAJE EKSKLUZIVE,165,medium_121_250,Linear SVM decision score (jo probabilitet),-0.2104667167793176,0,False,false_negative
linear_svm_c_4_0,4.0,fake_1811,1811,1,fake,Ky turp u dëgjua mbrëmë në Kosovë! Kështu bërtiti serbi,85,short_61_120,Linear SVM decision score (jo probabilitet),1.3217277013799325,1,True,correct
linear_svm_c_4_0,4.0,fake_1814,1814,1,fake,"Ekspertët japin në alarm tjetër të keq: Vala e dytë ne Kosove e Covid-19 do nisë, ja kur",226,medium_121_250,Linear SVM decision score (jo probabilitet),2.162457280946088,1,True,correct
linear_svm_c_4_0,4.0,fake_1815,1815,1,fake,A ekziston Virusi apo jo? Ky eshte lajmi i Fundit,96,short_61_120,Linear SVM decision score (jo probabilitet),1.7308594294878672,1,True,correct
linear_svm_c_4_0,4.0,fake_1819,1819,1,fake,"Kina paralajmëron botën: Keni kujdes, pneumoni vdekjeprurëse nga Kazakistani!",112,short_61_120,Linear SVM decision score (jo probabilitet),1.7681208389149274,1,True,correct
linear_svm_c_4_0,4.0,fake_1820,1820,1,fake,"Shikon nje femije ne liqen, hyn ta shpetoje dhe shok.o.h.et nga ajo qe zbulon",89,short_61_120,Linear SVM decision score (jo probabilitet),2.7672172951058664,1,True,correct
linear_svm_c_4_0,4.0,fake_1826,1826,1,fake,"Hoteli 5 yje: 30 euro nata me ‘mëngjes, darkë dhe çadër’, bëhet fjalë për këtë bregdet të Shqipërisë",96,short_61_120,Linear SVM decision score (jo probabilitet),1.6699047196669334,1,True,correct
linear_svm_c_4_0,4.0,fake_1832,1832,1,fake,Publikohen emrat e nëntë aktorëve të ndarjes së Kosovës/ Sali Berisha: Ja trojka kryesore,109,short_61_120,Linear SVM decision score (jo probabilitet),1.6669205218157939,1,True,correct
linear_svm_c_4_0,4.0,fake_1834,1834,1,fake,"Gjendja e Jashtëzakonshme? Flet Hashim Thaçi, ka një thirrje të fundit për qytetarët e Kosovës",109,short_61_120,Linear SVM decision score (jo probabilitet),1.8497501832708103,1,True,correct
linear_svm_c_4_0,4.0,fake_1839,1839,1,fake,"Video Eksluzive:U Mundua T’i Prishte Martesën Me Tjetrën, I Shoqi E Tërheq Zvarrë Për Flokësh",104,short_61_120,Linear SVM decision score (jo probabilitet),0.3613300303826998,1,True,correct
linear_svm_c_4_0,4.0,fake_1848,1848,1,fake,Me këtë imazh Edona po e dëshmon që vajza po bëhet më e bukur se nëna,96,short_61_120,Linear SVM decision score (jo probabilitet),-0.890233996364887,0,False,false_negative
linear_svm_c_4_0,4.0,fake_1861,1861,1,fake,"Vetëm një lugë nga kjo përbërje çdo mëngjes dhe zorrët tuaja do të pastrohen nga mbetjet, në 2 minuta!",375,long_gt_250,Linear SVM decision score (jo probabilitet),0.06738174376863626,1,True,correct
linear_svm_c_4_0,4.0,fake_1873,1873,1,fake,Zbulim i ri: Kjo simptomë e re e koronavirusit po shfaqet tek të moshuarit,448,long_gt_250,Linear SVM decision score (jo probabilitet),-0.6580871153581423,0,False,false_negative
linear_svm_c_4_0,4.0,fake_1874,1874,1,fake,Si të bini nga pesha në dy javë duke konsumuar vezë të ziera,441,long_gt_250,Linear SVM decision score (jo probabilitet),0.3577723189338919,1,True,correct
linear_svm_c_4_0,4.0,fake_1885,1885,1,fake,"Infermierja e infektuar me Covid-19 i lutet kolegëve: Mos më lini të vdes, kam fëmijë",247,medium_121_250,Linear SVM decision score (jo probabilitet),-0.44407444717605027,0,False,false_negative
linear_svm_c_4_0,4.0,fake_1894,1894,1,fake,"Merret nëpërmjet hundës, ky është ilaçi që pritet të kurojë koronavirusin",162,medium_121_250,Linear SVM decision score (jo probabilitet),0.7219026758942872,1,True,correct
linear_svm_c_4_0,4.0,fake_1898,1898,1,fake,"Për kokë të mamit e kapa”, filmojnë “diskun” e çuditshëm që lëviz nëpër qiellin e Tiranës: Është UFO… e kapa, e kapa për Zotin e Madh!",100,short_61_120,Linear SVM decision score (jo probabilitet),1.3204736085298234,1,True,correct
linear_svm_c_4_0,4.0,fake_1904,1904,1,fake,"E mbajti të fshehtë, zbulohet më në fund kush është i dashuri i Fifit",130,medium_121_250,Linear SVM decision score (jo probabilitet),0.857135673743585,1,True,correct
linear_svm_c_4_0,4.0,fake_1906,1906,1,fake,Befason profesori italian: Ka një kurë që e Zhduk Koronavirusin brenda 48 orëve,826,long_gt_250,Linear SVM decision score (jo probabilitet),-0.6934808244392868,0,False,false_negative
linear_svm_c_4_0,4.0,fake_1912,1912,1,fake,"Konfirmohet frika e kancelares Merkel, kjo është duke ndodhur me COVID-19 në Gjermani",206,medium_121_250,Linear SVM decision score (jo probabilitet),-0.44705905074305596,0,False,false_negative
linear_svm_c_4_0,4.0,fake_1913,1913,1,fake,Nuk ua merr mendja sa e bukur është bashkëshortja e Gold Ag,130,medium_121_250,Linear SVM decision score (jo probabilitet),0.6855864251775566,1,True,correct
linear_svm_c_4_0,4.0,fake_1917,1917,1,fake,Hëna që ju zgjidhni tregon tipin e personit me të cilin do të dashuroheni,370,long_gt_250,Linear SVM decision score (jo probabilitet),-0.21932467555124346,0,False,false_negative
linear_svm_c_4_0,4.0,fake_1920,1920,1,fake,"Gjethet e limonit, zgjidhja natyrale për problemet me fytin, migrenën dhe astmën!",332,long_gt_250,Linear SVM decision score (jo probabilitet),0.07506373880239653,1,True,correct
linear_svm_c_4_0,4.0,fake_1923,1923,1,fake,"Hoxha i njohur nga Peja: Shkuarja në diskotekë nuk është haram, unë vetëm kam qenë aty",129,medium_121_250,Linear SVM decision score (jo probabilitet),0.23116140185829143,1,True,correct
linear_svm_c_4_0,4.0,fake_1925,1925,1,fake,"Te gjithe Shqiptaret lene koken pas tyre, por ja se cfare nuk keni ditur per to, kur ta merrni vesh do t’i hani dhe me shume",472,long_gt_250,Linear SVM decision score (jo probabilitet),0.05952345112351198,1,True,correct
linear_svm_c_4_0,4.0,fake_1928,1928,1,fake,Merrini gjethet e rrushit dhe ruajini ne ngrirje te frigoriferit dhe pervec japrakut ju do te beni dhe dicka tjeter fantastike,180,medium_121_250,Linear SVM decision score (jo probabilitet),0.316584411950923,1,True,correct
linear_svm_c_4_0,4.0,fake_1931,1931,1,fake,Rezultoi 100% e suksesshme/ BE mbështet kurën izraelite kundër koronavirusit,171,medium_121_250,Linear SVM decision score (jo probabilitet),0.4516020790899044,1,True,correct
linear_svm_c_4_0,4.0,fake_1932,1932,1,fake,Flet mjekja shqiptare në Kanada: Si të trajtoni virusin në kushtet e shtëpisë,2376,long_gt_250,Linear SVM decision score (jo probabilitet),-1.6226410324978295,0,False,false_negative
linear_svm_c_4_0,4.0,fake_1933,1933,1,fake,Erdogan vjen me një paralajmërim për mbarë njerëzimin,77,short_61_120,Linear SVM decision score (jo probabilitet),1.507360476384613,1,True,correct
linear_svm_c_4_0,4.0,fake_1935,1935,1,fake,TRAGJlKE: Këngëtarja e njohur humb tre familjarë në një ditë prej Korona Virus,103,short_61_120,Linear SVM decision score (jo probabilitet),0.7581177542584465,1,True,correct
linear_svm_c_4_0,4.0,fake_1938,1938,1,fake,"Nobelisti japonez shokon botën: Koronavirusi u prodhua nga Kina, asnjë prej miqve të mi në Wuhan s’ma hap telefonin",353,long_gt_250,Linear SVM decision score (jo probabilitet),0.08892568175998183,1,True,correct
linear_svm_c_4_0,4.0,fake_1939,1939,1,fake,Vjosa Osmani ia dërgon një “selam” LDK-së pak ditë para votimit të Qeverisë së re..,146,medium_121_250,Linear SVM decision score (jo probabilitet),0.9565278117271642,1,True,correct
linear_svm_c_4_0,4.0,fake_1951,1951,1,fake,Peci: Ukaj i tha kryetares Osmani “Ule gishtin se ta fus në b*** e ta…!?”,189,medium_121_250,Linear SVM decision score (jo probabilitet),0.10153772435256675,1,True,correct
linear_svm_c_4_0,4.0,fake_1960,1960,1,fake,"LAJMI I FUNDIT: Ky eshte vendimi i Vjosa Osmanit, formon partin e re?",117,short_61_120,Linear SVM decision score (jo probabilitet),1.4793887227517337,1,True,correct
linear_svm_c_4_0,4.0,fake_1963,1963,1,fake,"Me rrudha dhe e plakur, ‘Nermin’ nuk njihet më!",94,short_61_120,Linear SVM decision score (jo probabilitet),1.9535543499468129,1,True,correct
linear_svm_c_4_0,4.0,fake_1967,1967,1,fake,"Lajm i madh sapo erdhi, nga Gjermania per Kosovën! URIMEE!",81,short_61_120,Linear SVM decision score (jo probabilitet),2.4356062870461046,1,True,correct
linear_svm_c_4_0,4.0,fake_1979,1979,1,fake,Lajm i madh sa erdhi nga Gjermani: Ja kur do të hiqen vizat për Kosovën! URIMEE!,118,short_61_120,Linear SVM decision score (jo probabilitet),1.848390088488812,1,True,correct
linear_svm_c_4_0,4.0,fake_1982,1982,1,fake,LAJMI I FUNDIT – Grenell merr kete vendim per Kosoven URIME !,106,short_61_120,Linear SVM decision score (jo probabilitet),2.00491987778861,1,True,correct
linear_svm_c_4_0,4.0,fake_1988,1988,1,fake,"E FUNDIT: Harrojeni Koronavirusin, Ngjarje e rende po ndodhe ne Kosove",79,short_61_120,Linear SVM decision score (jo probabilitet),1.2832900643283738,1,True,correct
linear_svm_c_4_0,4.0,fake_1991,1991,1,fake,Eskalon gjithqka Gashi- Vjosa Osmanit: A je normal…? – Reagon kryeparlamentarja,120,short_61_120,Linear SVM decision score (jo probabilitet),0.2117171937192987,1,True,correct
linear_svm_c_2_0,2.0,true_24,24,0,real,"Po, pajtohem me ambasadorin e ShBA-së",391,long_gt_250,Linear SVM decision score (jo probabilitet),-1.5087898534540742,0,True,correct
linear_svm_c_2_0,2.0,true_30,30,0,real,Zemaj: Testi për COVID-19 nuk u kërkohet qytetarëve që vijnë nga Shqipëria dhe Serbia,362,long_gt_250,Linear SVM decision score (jo probabilitet),-1.3901508823499253,0,True,correct
linear_svm_c_2_0,2.0,true_31,31,0,real,Mjeku shqiptar: Mos u ndjeni të mbrojtur apo supermenë vetëm se keni maskë!,175,medium_121_250,Linear SVM decision score (jo probabilitet),-0.9496581624390097,0,True,correct
linear_svm_c_2_0,2.0,true_33,33,0,real,LVV në Tiranë kundër ndryshimeve kushtetuese: Deformojnë vullnetin e qytetarëve dhe sistemin zgjedhor,488,long_gt_250,Linear SVM decision score (jo probabilitet),-0.9889938169340773,0,True,correct
linear_svm_c_2_0,2.0,true_45,45,0,real,BE demanton mediat serbe të cilat raportuan se Brukseli po i jep ultimatum Serbisë për Kosovën,213,medium_121_250,Linear SVM decision score (jo probabilitet),-0.19907320901534348,0,True,correct
linear_svm_c_2_0,2.0,true_46,46,0,real,"Reagon Mimoza Kusari për sulmin ndaj deputetit të VV-së: Kur ju iku marrja, ju iku edhe mendja e gënjejnë pa turp",118,short_61_120,Linear SVM decision score (jo probabilitet),-0.5153707599420949,0,True,correct
linear_svm_c_2_0,2.0,true_50,50,0,real,"Detyrim për test corone në Gjermani, por si funksionon ai?",775,long_gt_250,Linear SVM decision score (jo probabilitet),-1.0653364373493404,0,True,correct
linear_svm_c_2_0,2.0,true_57,57,0,real,"Hoti: Autobusët, taksitë dhe kombibusët do të punojnë me gjysmën e kapaciteteve",65,short_61_120,Linear SVM decision score (jo probabilitet),-0.4156424388531577,0,True,correct
linear_svm_c_2_0,2.0,true_60,60,0,real,33-vjeçarja e sëmurë u përdhunua nga fqinji/ Apeli prekës i vëllait,262,long_gt_250,Linear SVM decision score (jo probabilitet),-0.5414038120148579,0,True,correct
linear_svm_c_2_0,2.0,true_64,64,0,real,"Thaçi viziton familjen e Murat dhe Enver Halitit, ndan urdhërin “Hero i Kosovës”",148,medium_121_250,Linear SVM decision score (jo probabilitet),-0.3563222634168552,0,True,correct
linear_svm_c_2_0,2.0,true_66,66,0,real,Gjiganti turk bën gati ofertën zyrtare për djaloshin e Kosovës,209,medium_121_250,Linear SVM decision score (jo probabilitet),-1.0067450167223928,0,True,correct
linear_svm_c_2_0,2.0,true_68,68,0,real,Zemaj e konfirmon: Qytetarëve të Shqipërisë që hyjnë në Kosovë nuk u kërkohet testi Covid-19,190,medium_121_250,Linear SVM decision score (jo probabilitet),-1.1199504551017594,0,True,correct
linear_svm_c_2_0,2.0,true_70,70,0,real,"Nis Haxhi, BIK ka një njoftim për besimtarët myslimanë",199,medium_121_250,Linear SVM decision score (jo probabilitet),-0.8431302327713648,0,True,correct
linear_svm_c_2_0,2.0,true_71,71,0,real,"Çfarë kërkuan serbet në Rambuje, e çfarë po kërkon sot Serbia nga Kosova",245,medium_121_250,Linear SVM decision score (jo probabilitet),-0.005392159993061474,0,True,correct
linear_svm_c_2_0,2.0,true_77,77,0,real,Qeveria po na e bëjka varrimin kur të vdesim nga COVID-19...,127,medium_121_250,Linear SVM decision score (jo probabilitet),-0.59053561867128,0,True,correct
linear_svm_c_2_0,2.0,true_79,79,0,real,Mësoni kush është bashkëshortja e Driton Selmanajt,171,medium_121_250,Linear SVM decision score (jo probabilitet),-0.09077521400653726,0,True,correct
linear_svm_c_2_0,2.0,true_100,100,0,real,Parashikon Albulena Haxhiu: Shpejt shihemi në zgjedhje të jashtëzakonshme,258,long_gt_250,Linear SVM decision score (jo probabilitet),-0.8323540854747038,0,True,correct
linear_svm_c_2_0,2.0,true_101,101,0,real,"Gjurmimi i COVID-19, cilat vende po e përjetojnë valën e dytë?",597,long_gt_250,Linear SVM decision score (jo probabilitet),-0.9465456111718631,0,True,correct
linear_svm_c_2_0,2.0,true_110,110,0,real,"Arbana Xharra: Erdogan ndërton xhami te ne, kurse në Serbi çon biznesmenë",270,long_gt_250,Linear SVM decision score (jo probabilitet),-0.4585424391644574,0,True,correct
linear_svm_c_2_0,2.0,true_112,112,0,real,"Masat kundër pandemisë, qeveria merr vendim edhe për çerdhet",74,short_61_120,Linear SVM decision score (jo probabilitet),-0.8458115537913682,0,True,correct
linear_svm_c_2_0,2.0,true_116,116,0,real,Shtyhet gjykimi ndaj të akuzuarve për vrasjen e rojës së lokalit “Bon Vivant”,1192,long_gt_250,Linear SVM decision score (jo probabilitet),-1.8871065720847868,0,True,correct
linear_svm_c_2_0,2.0,true_121,121,0,real,"Makiqi: Zotëri Hashani, kjo që e ke shkruar është rrena më e madhe! Qysh ki fytyrë...",973,long_gt_250,Linear SVM decision score (jo probabilitet),-0.8816137824519852,0,True,correct
linear_svm_c_2_0,2.0,true_124,124,0,real,Ja vendimet e fundit nga Qeveria e Kosovës për aktivitetet kulturore e sportive,101,short_61_120,Linear SVM decision score (jo probabilitet),-0.3550086627939914,0,True,correct
linear_svm_c_2_0,2.0,true_125,125,0,real,"Më në fund, Isa Mustafa e “pranoi” se e prishi koalicionin me VV-në",293,long_gt_250,Linear SVM decision score (jo probabilitet),-0.6276241854703664,0,True,correct
linear_svm_c_2_0,2.0,true_129,129,0,real,"Burri pranon vrasjen e gruas gjatë pushimeve në Francë, para se të merrte avionin për t’u kthyer",365,long_gt_250,Linear SVM decision score (jo probabilitet),-1.1074416529740587,0,True,correct
linear_svm_c_2_0,2.0,true_136,136,0,real,“Rrethohet Kuvendi i Kosovës - rrahën e shkallmohen në dajak - Deputetët e VV-së!?”,165,medium_121_250,Linear SVM decision score (jo probabilitet),-0.7530477567338643,0,True,correct
linear_svm_c_2_0,2.0,true_163,163,0,real,Kujtim Shala polemizon me Meliza Haradinajn,179,medium_121_250,Linear SVM decision score (jo probabilitet),-0.5282457327886316,0,True,correct
linear_svm_c_2_0,2.0,true_164,164,0,real,Flet zëvendëskryemistrja: Nuk do të ketë vendim që obligon qytetarët të vetizolohen pas kthimit nga Shqipëria,393,long_gt_250,Linear SVM decision score (jo probabilitet),-0.9598111069243744,0,True,correct
linear_svm_c_2_0,2.0,true_169,169,0,real,Deputetja Albena Reshitaj tregon se është shëruar nga koronavirusi,231,medium_121_250,Linear SVM decision score (jo probabilitet),-0.8576991147354225,0,True,correct
linear_svm_c_2_0,2.0,true_174,174,0,real,"Hashani: Aziz Makiqi, ku keni qenë ju gjatë okupimit?",181,medium_121_250,Linear SVM decision score (jo probabilitet),-0.7961337783630906,0,True,correct
linear_svm_c_2_0,2.0,true_176,176,0,real,"Ministri Reçica viziton OVL-në, të lejohet përfitimi i pensioneve",224,medium_121_250,Linear SVM decision score (jo probabilitet),-0.9941863234766579,0,True,correct
linear_svm_c_2_0,2.0,true_186,186,0,real,Aziz Makiqi: Disa njerëz në FHK kanë bërë çmos të mos na lejojnë t’i afrohemi Federatës,1091,long_gt_250,Linear SVM decision score (jo probabilitet),-1.2745384200082952,0,True,correct
linear_svm_c_2_0,2.0,true_189,189,0,real,Novosti: Tri vende janë të gatshme të rishqyrtojnë vendimin për njohjen e Kosovës,183,medium_121_250,Linear SVM decision score (jo probabilitet),-0.4863767254795685,0,True,correct
linear_svm_c_2_0,2.0,true_195,195,0,real,Ky është deputeti i radhës nga Vetëvendosje i infektuar me COVID-19,97,short_61_120,Linear SVM decision score (jo probabilitet),-0.6713637250624014,0,True,correct
linear_svm_c_2_0,2.0,true_197,197,0,real,Kryetari i Prizrenit “ashpërsohet” me masat e Qeverisë,211,medium_121_250,Linear SVM decision score (jo probabilitet),-1.2271754999886229,0,True,correct
linear_svm_c_2_0,2.0,true_204,204,0,real,"A do të falet Kurban Bajrami në xhami? – Zemaj: Tubimet në masë, nga dita e nesërme do të ndalohen",197,medium_121_250,Linear SVM decision score (jo probabilitet),-0.8668317917193833,0,True,correct
linear_svm_c_2_0,2.0,true_211,211,0,real,Google merr vendimin e papritur për punonjësit e vet,158,medium_121_250,Linear SVM decision score (jo probabilitet),0.08921724688753835,1,False,false_positive
linear_svm_c_2_0,2.0,true_212,212,0,real,"I moshuari nga Ferizaj akuzon shumë rëndë Thaçin dhe Veselin, kërkon të hiqet fotografia e tyre",118,short_61_120,Linear SVM decision score (jo probabilitet),0.22328321018752806,1,False,false_positive
linear_svm_c_2_0,2.0,true_213,213,0,real,"Tetë të vdekur e numër rekord rastesh të reja me COVID-19, vjen alarmi i zyrtarit të LDK-së: Gjendja është shumë serioze",212,medium_121_250,Linear SVM decision score (jo probabilitet),-0.6330052052186568,0,True,correct
linear_svm_c_2_0,2.0,true_219,219,0,real,"Policia ndalon ngjarjen, boksieri shqiptar nuk kursehet: Kush ma paguan...",429,long_gt_250,Linear SVM decision score (jo probabilitet),-1.225763362323057,0,True,correct
linear_svm_c_2_0,2.0,true_221,221,0,real,"Emocionuese, mërgimtari takohet me prindërit pas pesë vitesh",151,medium_121_250,Linear SVM decision score (jo probabilitet),0.06309331280596248,1,False,false_positive
linear_svm_c_2_0,2.0,true_232,232,0,real,Këshilltari i Bidenit e vlerëson lart Thaçin,170,medium_121_250,Linear SVM decision score (jo probabilitet),0.14413226900107035,1,False,false_positive
linear_svm_c_2_0,2.0,true_234,234,0,real,"“Oj e shkretë”, kështu Vjosa Osmani i përgjigjet Avdullah Hotit",177,medium_121_250,Linear SVM decision score (jo probabilitet),-0.7850958305219731,0,True,correct
linear_svm_c_2_0,2.0,true_238,238,0,real,Mehmeti: Hotin askush nuk e merr për seriozisht,236,medium_121_250,Linear SVM decision score (jo probabilitet),-1.0282059612180325,0,True,correct
linear_svm_c_2_0,2.0,true_240,240,0,real,Raporti evropian: Si e kapën shqiptarët tregun e drogës ne Evropë me çmime të ulëta dhe cilësi të lartë,1495,long_gt_250,Linear SVM decision score (jo probabilitet),-0.8915803328837939,0,True,correct
linear_svm_c_2_0,2.0,true_248,248,0,real,"Cubat e maleve, s'ka kush i bën bashkë?!",624,long_gt_250,Linear SVM decision score (jo probabilitet),-0.6812317178178109,0,True,correct
linear_svm_c_2_0,2.0,true_252,252,0,real,"Flet Jakup Krasniqi pasi rezultoi pozitiv me Covid-19, tregon për gjendjen",108,short_61_120,Linear SVM decision score (jo probabilitet),-0.7186902889341147,0,True,correct
linear_svm_c_2_0,2.0,true_255,255,0,real,"Haradinaj: Nuk e di çfarë ka ndodhur në takimin Hoti-Vuçiq, por nuk besoj se Hoti bëri ndonjë tradhti",253,long_gt_250,Linear SVM decision score (jo probabilitet),-0.4585235189077252,0,True,correct
linear_svm_c_2_0,2.0,true_257,257,0,real,Si u bë feja islame kaq e ‘gjallë’ dhe atraktive!,990,long_gt_250,Linear SVM decision score (jo probabilitet),-1.0524905090555816,0,True,correct
linear_svm_c_2_0,2.0,true_262,262,0,real,Caktohet një muaj paraburgim për 40-vjeçarin që ia preu kokën babait me sëpatë në Fushë Kosovë,171,medium_121_250,Linear SVM decision score (jo probabilitet),-0.5540694063114071,0,True,correct
linear_svm_c_2_0,2.0,true_267,267,0,real,Driton Selmanaj jep lajmin e fundit për kompleksin memorial “Adem Jashari”,153,medium_121_250,Linear SVM decision score (jo probabilitet),-0.46603829770752864,0,True,correct
linear_svm_c_2_0,2.0,true_271,271,0,real,"BE ende pa vendim për rihapjen e kufijve, amerikanët pritet të përjashtohen",480,long_gt_250,Linear SVM decision score (jo probabilitet),-1.0528604852069066,0,True,correct
linear_svm_c_2_0,2.0,true_276,276,0,real,“Gazeta “Bota sot” shkatërron të këqijtë dhe përkrahë vlerat e përjetshme kombëtare”,223,medium_121_250,Linear SVM decision score (jo probabilitet),-0.6936099955876069,0,True,correct
linear_svm_c_2_0,2.0,true_282,282,0,real,"Zogaj: “Bota sot”, zëdhënëse e shqiptarëve për liri",797,long_gt_250,Linear SVM decision score (jo probabilitet),-1.6577361165883322,0,True,correct
linear_svm_c_2_0,2.0,true_290,290,0,real,"Përdhunime, aborte… Detaje tronditëse, çfarë ndodh me gratë në burgjet e Koresë së Veriut",249,medium_121_250,Linear SVM decision score (jo probabilitet),-0.9290210203146454,0,True,correct
linear_svm_c_2_0,2.0,true_298,298,0,real,Pse këto salca janë më të famshmet në botë?,342,long_gt_250,Linear SVM decision score (jo probabilitet),-1.2847512368943406,0,True,correct
linear_svm_c_2_0,2.0,true_299,299,0,real,"“Kini mëshirë, dua të takoj fëmijët” Thirrja e të moshuarës shqiptare nga kampi sirian",191,medium_121_250,Linear SVM decision score (jo probabilitet),-0.3733905287891502,0,True,correct
linear_svm_c_2_0,2.0,true_301,301,0,real,Zvicra nuk e përjashton testimin e detyrueshëm në aeroporte,433,long_gt_250,Linear SVM decision score (jo probabilitet),-0.3339769495553013,0,True,correct
linear_svm_c_2_0,2.0,true_304,304,0,real,Llapi angazhon trajner nga Afrika e Jugut,324,long_gt_250,Linear SVM decision score (jo probabilitet),-1.0911714312154377,0,True,correct
linear_svm_c_2_0,2.0,true_306,306,0,real,"Pavarësisht masave kundër COVID-19, xhamitë mbeten të hapura, të premten falet namazi i Kurban Bajramit",282,long_gt_250,Linear SVM decision score (jo probabilitet),-0.7393485557143396,0,True,correct
linear_svm_c_2_0,2.0,true_307,307,0,real,"Shkuan t’i prangosin, por komisionerët kishin vdekur! Kreu i SPAK: Nuk ishin ç’regjistruar, hetimi ishte sekret",341,long_gt_250,Linear SVM decision score (jo probabilitet),-0.8019229205203027,0,True,correct
linear_svm_c_2_0,2.0,true_308,308,0,real,"Pesë muaj pasi u dogj në veturë, presidenti Thaçi e shpall hero Qerim Kelmendin",201,medium_121_250,Linear SVM decision score (jo probabilitet),-0.5479243721565872,0,True,correct
linear_svm_c_2_0,2.0,true_317,317,0,real,Bastoret parashikojnë fituesin e Kupës së Kosovës,336,long_gt_250,Linear SVM decision score (jo probabilitet),-1.096636870734318,0,True,correct
linear_svm_c_2_0,2.0,true_323,323,0,real,Lautaro Martinez shënon gol të çmendur kundër Napolit,65,short_61_120,Linear SVM decision score (jo probabilitet),0.008420445256535292,1,False,false_positive
linear_svm_c_2_0,2.0,true_325,325,0,real,Ekskluzive: Flet protagonistja e videos virale “O shac”,293,long_gt_250,Linear SVM decision score (jo probabilitet),-0.06485965265274324,0,True,correct
linear_svm_c_2_0,2.0,true_332,332,0,real,"Goditje e rëndë për Arsenalin, Shkodran Mustafi mungon deri në tetor",163,medium_121_250,Linear SVM decision score (jo probabilitet),-0.6304630914685494,0,True,correct
linear_svm_c_2_0,2.0,true_343,343,0,real,"“Përplasje fizike LDK-VV në Kuvend”, Gashi mohon të ketë pasur incident",104,short_61_120,Linear SVM decision score (jo probabilitet),-0.6617346514831257,0,True,correct
linear_svm_c_2_0,2.0,true_345,345,0,real,"Fieraku lind me 6 gishta e probleme mendore, prindërit shpërthejnë në lot: Na dhunon, mos të ishin komshinjtë, sot do kishim 2 varre!",765,long_gt_250,Linear SVM decision score (jo probabilitet),-0.4919482222118197,0,True,correct
linear_svm_c_2_0,2.0,true_351,351,0,real,Lë punën shitësi që nuk bëri asnjë ditë pushim për 38 vite radhazi,200,medium_121_250,Linear SVM decision score (jo probabilitet),0.19097313421648832,1,False,false_positive
linear_svm_c_2_0,2.0,true_352,352,0,real,"‘Do vriste katër persona’, policia aksion për kapjen e një të dënuari, në kërkim prej 5 vitesh. Ja ku u gjet",202,medium_121_250,Linear SVM decision score (jo probabilitet),-0.9086428939720517,0,True,correct
linear_svm_c_2_0,2.0,true_353,353,0,real,"Valbon Krasniqi: Jemi keq, i lus qytetarët të jenë të kujdesshëm",450,long_gt_250,Linear SVM decision score (jo probabilitet),-1.1510069455779708,0,True,correct
linear_svm_c_2_0,2.0,true_354,354,0,real,Aksident i rëndë në Prizren: Çiklisti goditet nga një veturë e cila e hedh disa metra larg,158,medium_121_250,Linear SVM decision score (jo probabilitet),-0.703188288773867,0,True,correct
linear_svm_c_2_0,2.0,true_355,355,0,real,"Andy Ruiz reklamon transformimin, para kthimit në ring",162,medium_121_250,Linear SVM decision score (jo probabilitet),-0.20387899935545423,0,True,correct
linear_svm_c_2_0,2.0,true_362,362,0,real,Protestojnë artistët: Askush nuk mund ta rishkruajë Historinë e Kosovës,184,medium_121_250,Linear SVM decision score (jo probabilitet),-0.40607797995706413,0,True,correct
linear_svm_c_2_0,2.0,true_367,367,0,real,“100 € për shërbim ekstra” Si i zbuloi agjenti i infiltruar 3 qendra estetike prostitucioni,652,long_gt_250,Linear SVM decision score (jo probabilitet),-0.7341705792570914,0,True,correct
linear_svm_c_2_0,2.0,true_368,368,0,real,"“Gjuhen” me fjalë, Rina Balaj e Erza Jusaj",252,long_gt_250,Linear SVM decision score (jo probabilitet),-1.0425958723198805,0,True,correct
linear_svm_c_2_0,2.0,true_369,369,0,real,Haziri i ashpërson kritikat ndaj Hotit: Nuk jam kryetar për të numëruar të vdekurit nga Covid-19,266,long_gt_250,Linear SVM decision score (jo probabilitet),-1.1165914882327694,0,True,correct
linear_svm_c_2_0,2.0,true_375,375,0,real,"Nga abstenimi i Xhafës tek ‘mungesa’ e Elisës, si u votua për shkarkimin e Metës",198,medium_121_250,Linear SVM decision score (jo probabilitet),-0.6004245749482537,0,True,correct
linear_svm_c_2_0,2.0,true_383,383,0,real,"Gjermania vendi më i pëlqyer në botë, lë pas SHBA, Kinën dhe Rusinë",230,medium_121_250,Linear SVM decision score (jo probabilitet),-0.605369367534206,0,True,correct
linear_svm_c_2_0,2.0,true_384,384,0,real,"Edi Rama ia uron Lorik Canës ditëlindjen, paralajmëron bashkim kombëtar",451,long_gt_250,Linear SVM decision score (jo probabilitet),-0.8621880625138993,0,True,correct
linear_svm_c_2_0,2.0,true_394,394,0,real,Gjermania refuzon propozimin e Trumpit për lejimin e kthimit të Rusisë në Grupin G7,247,medium_121_250,Linear SVM decision score (jo probabilitet),-0.1754355458063615,0,True,correct
linear_svm_c_2_0,2.0,true_395,395,0,real,"Njihuni me fshatin ku paraja dhe pushteti nuk kanë vlerë, çdo gjë falas",272,long_gt_250,Linear SVM decision score (jo probabilitet),-0.8445142800003376,0,True,correct
linear_svm_c_2_0,2.0,true_412,412,0,real,"Ischinger lobon për heqjen e vizave, von Cramon i reagon: Mos harro t’ua thash këtë Macronit dhe Rutte’s",170,medium_121_250,Linear SVM decision score (jo probabilitet),0.0706717542865713,1,False,false_positive
linear_svm_c_2_0,2.0,true_415,415,0,real,Takimi Vuçiq – Vahrleyi u zhvillua në zyrat e misionit serb – aty ishte libri që ka në titull fjalët “Kosova dhe Metohia”,165,medium_121_250,Linear SVM decision score (jo probabilitet),-0.7288092563033273,0,True,correct
linear_svm_c_2_0,2.0,true_417,417,0,real,"Vdesin 2 persona nga covid19 në Shqipëri, shkon në 53 numri i qytetarëve që kanë humbur jetën",87,short_61_120,Linear SVM decision score (jo probabilitet),-0.8145781436616859,0,True,correct
linear_svm_c_2_0,2.0,true_423,423,0,real,Kryeprokurori: Ende s’dihet nëse Agon Musliu bëri vetëvrasje apo dikush e shtyri në vrasje,424,long_gt_250,Linear SVM decision score (jo probabilitet),-1.3881112061785752,0,True,correct
linear_svm_c_2_0,2.0,true_428,428,0,real,Grenell lajmërohet për takimin në Washington: Kosova dhe Serbia duhet ta shfrytëzojnë këtë mundësi,205,medium_121_250,Linear SVM decision score (jo probabilitet),-0.16140550622036937,0,True,correct
linear_svm_c_2_0,2.0,true_430,430,0,real,"Labi: 87 vjeçares nga Istogu që mbeti e vetme 30 vjet më parë, pension 200 euro që prej sot",398,long_gt_250,Linear SVM decision score (jo probabilitet),-1.070713121344713,0,True,correct
linear_svm_c_2_0,2.0,true_433,433,0,real,Kek super i butë – Shije e lehtë fantastike,449,long_gt_250,Linear SVM decision score (jo probabilitet),-0.4453812665059879,0,True,correct
linear_svm_c_2_0,2.0,true_434,434,0,real,​FSSHK kërkon në kuadër të rishikimit të buxhetit të aprovohet edhe shtesa në paga,192,medium_121_250,Linear SVM decision score (jo probabilitet),-0.9274888476056322,0,True,correct
linear_svm_c_2_0,2.0,true_439,439,0,real,"Dikur jetoi në shpellë, sot është një nga liderët më të fuqishëm në botë",1196,long_gt_250,Linear SVM decision score (jo probabilitet),-1.3818525965115396,0,True,correct
linear_svm_c_2_0,2.0,true_451,451,0,real,"Kaq të rinjë prindërit e Taynes, sikur t’i kishte vëlla e motër",139,medium_121_250,Linear SVM decision score (jo probabilitet),-0.5940453971556081,0,True,correct
linear_svm_c_2_0,2.0,true_454,454,0,real,Disa arsye se përse nuk duhet të flini përmbys,210,medium_121_250,Linear SVM decision score (jo probabilitet),-0.7674665126192795,0,True,correct
linear_svm_c_2_0,2.0,true_463,463,0,real,"Gjyste Vulaj sfidon moshën, me foton e fundit la edhe njëherë nën hije vajzat e reja",113,short_61_120,Linear SVM decision score (jo probabilitet),-0.24827087375335027,0,True,correct
linear_svm_c_2_0,2.0,true_465,465,0,real,Zgjerimi i familjes? Milot Rashica flet për planet,70,short_61_120,Linear SVM decision score (jo probabilitet),0.06312442775782345,1,False,false_positive
linear_svm_c_2_0,2.0,true_472,472,0,real,"Elsa, vajza e Safetes jo veç këngëtare, ky është profesioni tjetër i saj",118,short_61_120,Linear SVM decision score (jo probabilitet),-1.0935686108455214,0,True,correct
linear_svm_c_2_0,2.0,true_479,479,0,real,Mustafa i reagon VV-së: Akademik Kujtim Shala me dije…,168,medium_121_250,Linear SVM decision score (jo probabilitet),-0.8202102970386884,0,True,correct
linear_svm_c_2_0,2.0,true_480,480,0,real,Sa palë syza ka Leonora Jakupi,106,short_61_120,Linear SVM decision score (jo probabilitet),-0.5732236993435991,0,True,correct
linear_svm_c_2_0,2.0,true_481,481,0,real,Vjollca Haxhiu realizon foto të bukur në Dubai,77,short_61_120,Linear SVM decision score (jo probabilitet),-0.21107108615034958,0,True,correct
linear_svm_c_2_0,2.0,true_483,483,0,real,Ky burrë e ha specin më të djegës në botë pa pirë asgjë,133,medium_121_250,Linear SVM decision score (jo probabilitet),-0.6258934842031867,0,True,correct
linear_svm_c_2_0,2.0,true_486,486,0,real,Miss Valentina shfaqet superseksi me të zeza,62,short_61_120,Linear SVM decision score (jo probabilitet),-0.45562223144544883,0,True,correct
linear_svm_c_2_0,2.0,true_495,495,0,real,"‘Eh moj Sara Hoxha mbas 5 vitesh, kur ta kapësh duke të të tradhtuar këtë laper’",238,medium_121_250,Linear SVM decision score (jo probabilitet),-0.48414090302396334,0,True,correct
linear_svm_c_2_0,2.0,true_496,496,0,real,Në këto komuna janë konfirmuar 276 rastet e reja me koronavirus,113,short_61_120,Linear SVM decision score (jo probabilitet),-0.9339512735231292,0,True,correct
linear_svm_c_2_0,2.0,true_508,508,0,real,Trajneri i njohur shqiptar ndërron jetë shkaku i Koronavirusit,128,medium_121_250,Linear SVM decision score (jo probabilitet),-0.6061660326077123,0,True,correct
linear_svm_c_2_0,2.0,true_515,515,0,real,"Është 53 vjeç, por në këtë foto Eli Fara duket si një vajzë e re",102,short_61_120,Linear SVM decision score (jo probabilitet),-0.9312859227320482,0,True,correct
linear_svm_c_2_0,2.0,true_520,520,0,real,Cilat janë simptomat që tregojnë nëse e keni kaluar koronavirusin,272,long_gt_250,Linear SVM decision score (jo probabilitet),0.23445343580749783,1,False,false_positive
linear_svm_c_2_0,2.0,true_527,527,0,real,Sa shumë kanë ndryshuar aktorët e serialit “Kloni”,134,medium_121_250,Linear SVM decision score (jo probabilitet),-0.7516872157724641,0,True,correct
linear_svm_c_2_0,2.0,true_528,528,0,real,"Një yll si Oriola Marashi, ndriçon edhe në mbrëmje",110,short_61_120,Linear SVM decision score (jo probabilitet),-0.8592606525664459,0,True,correct
linear_svm_c_2_0,2.0,true_530,530,0,real,Morena ‘rrëzohet’ në rrafsh,63,short_61_120,Linear SVM decision score (jo probabilitet),-0.46785525803096556,0,True,correct
linear_svm_c_2_0,2.0,true_531,531,0,real,"Ndërron jetë edhe një person i infektuar me Covid-19, nga Peja",57,very_short_le_60,Linear SVM decision score (jo probabilitet),-0.6387429824972786,0,True,correct
linear_svm_c_2_0,2.0,true_535,535,0,real,Loredana: Zemër ty a të ka marrë malli?,154,medium_121_250,Linear SVM decision score (jo probabilitet),-0.8973591413144351,0,True,correct
linear_svm_c_2_0,2.0,true_536,536,0,real,Arta Bajrami me çizme të gjata në pikë të verës,87,short_61_120,Linear SVM decision score (jo probabilitet),-0.3866262616434218,0,True,correct
linear_svm_c_2_0,2.0,true_539,539,0,real,"Bukë me vaj, djathë e domate, pushuesi ndan fotot modeste nga Spilleja: Kaq kemi mundësi…",166,medium_121_250,Linear SVM decision score (jo probabilitet),0.35683186422704033,1,False,false_positive
linear_svm_c_2_0,2.0,true_544,544,0,real,"Besojeni ose jo, kjo ndërtesë nuk u shemb as me 300 kilogram tritol",72,short_61_120,Linear SVM decision score (jo probabilitet),-0.5991267340288633,0,True,correct
linear_svm_c_2_0,2.0,true_545,545,0,real,Zyrtarja e huaj: Gratë mund të mbesin shtatzëna nëse notojnë bashkë me burrat,203,medium_121_250,Linear SVM decision score (jo probabilitet),-0.13633892105369833,0,True,correct
linear_svm_c_2_0,2.0,true_553,553,0,real,MIloti e xhiron Edonën prapa kamerave,86,short_61_120,Linear SVM decision score (jo probabilitet),-1.2385528960183878,0,True,correct
linear_svm_c_2_0,2.0,true_555,555,0,real,Atletes i ndodh e papritura gjatë ushtrimeve në palestër,88,short_61_120,Linear SVM decision score (jo probabilitet),-0.6455029298437025,0,True,correct
linear_svm_c_2_0,2.0,true_556,556,0,real,"Vila e Esat pashë Toptanit, në fshatin Reth të Durrësit",283,long_gt_250,Linear SVM decision score (jo probabilitet),-1.0033818744378002,0,True,correct
linear_svm_c_2_0,2.0,true_571,571,0,real,Kështu e zuri babai i saj Shyhreten me të dashurin,212,medium_121_250,Linear SVM decision score (jo probabilitet),-0.6405571017488412,0,True,correct
linear_svm_c_2_0,2.0,true_573,573,0,real,"Thënie të Ibrahim Rugovës: Kokën mund të ma ndërrojnë, por mendimin kurrë!",461,long_gt_250,Linear SVM decision score (jo probabilitet),-0.8358145306535596,0,True,correct
linear_svm_c_2_0,2.0,true_580,580,0,real,"Dua Lipa lanson këngën e re, Tokyo e ‘Casa de Papel’ shkëlqen në videoklip",129,medium_121_250,Linear SVM decision score (jo probabilitet),-0.4612571226125745,0,True,correct
linear_svm_c_2_0,2.0,true_582,582,0,real,"Sërish viza gjermane për ata me kontratë pune, por edhe pengesa",1095,long_gt_250,Linear SVM decision score (jo probabilitet),-0.8134846409997951,0,True,correct
linear_svm_c_2_0,2.0,true_583,583,0,real,Covid-19 u merr jetën dy mjekëve kosovarë,241,medium_121_250,Linear SVM decision score (jo probabilitet),-0.6448641327927525,0,True,correct
linear_svm_c_2_0,2.0,true_584,584,0,real,Adelina e tepron me fustanin e shkurtër,76,short_61_120,Linear SVM decision score (jo probabilitet),-1.0990681814514551,0,True,correct
linear_svm_c_2_0,2.0,true_585,585,0,real,"Sejdiu i gatshëm të kandidojë për president, nëse dorëhiqet Thaçi",152,medium_121_250,Linear SVM decision score (jo probabilitet),-0.1590744819536753,0,True,correct
linear_svm_c_2_0,2.0,true_586,586,0,real,Menjëherë fshijeni nësë ju vjen ky mesazh në telefon,206,medium_121_250,Linear SVM decision score (jo probabilitet),0.45364558788972725,1,False,false_positive
linear_svm_c_2_0,2.0,true_592,592,0,real,"Kejvina bombastike, merr gjithë vëmendjen me paraqitjen e fundit!",90,short_61_120,Linear SVM decision score (jo probabilitet),0.21901843980820035,1,False,false_positive
linear_svm_c_2_0,2.0,true_600,600,0,real,Gjashtë simptomat të lehta të Coronavirust që duhet t’i dini,1467,long_gt_250,Linear SVM decision score (jo probabilitet),-0.9378112148010564,0,True,correct
linear_svm_c_2_0,2.0,true_603,603,0,real,Krasniqi: Sot i kemi sjell para falimentimit të gjithë gastronomët e Kosovës,401,long_gt_250,Linear SVM decision score (jo probabilitet),-1.2289817950638238,0,True,correct
linear_svm_c_2_0,2.0,true_608,608,0,real,Pse duhet të konsumoni limon çdo ditë?,170,medium_121_250,Linear SVM decision score (jo probabilitet),-0.14314246369501366,0,True,correct
linear_svm_c_2_0,2.0,true_611,611,0,real,"E pabesueshme, por ky do jetë çmimi i vaksinës për trajtimin e Covid 19",187,medium_121_250,Linear SVM decision score (jo probabilitet),-0.37168755011239335,0,True,correct
linear_svm_c_2_0,2.0,true_612,612,0,real,A do të zgjatet leja për punëtorët nga Kosova në Gjermani?,163,medium_121_250,Linear SVM decision score (jo probabilitet),-0.6044364700516218,0,True,correct
linear_svm_c_2_0,2.0,true_614,614,0,real,Vjen edhe reagimi i Leonora Jakupit për ndërtimin e xhamisë në Prishtinë,75,short_61_120,Linear SVM decision score (jo probabilitet),-1.1703878584538165,0,True,correct
linear_svm_c_2_0,2.0,true_618,618,0,real,Haradinaj “godet” Hotin: Pse nuk e pyete edhe ti Vuçiqin a din shqip?,244,medium_121_250,Linear SVM decision score (jo probabilitet),-0.47542533743360976,0,True,correct
linear_svm_c_2_0,2.0,true_619,619,0,real,"Haradinaj paralajmëron prishjen e koalicionit, i pakënaqur me Kryeministrin Hoti",167,medium_121_250,Linear SVM decision score (jo probabilitet),-0.5114226304285074,0,True,correct
linear_svm_c_2_0,2.0,true_621,621,0,real,Isa Mustafa shërohet nga koronavirusi,140,medium_121_250,Linear SVM decision score (jo probabilitet),0.05867540695431084,1,False,false_positive
linear_svm_c_2_0,2.0,true_629,629,0,real,Tetë anesteziologë të QKUK-së infektohen me koronavirus,436,long_gt_250,Linear SVM decision score (jo probabilitet),-0.9548721524417112,0,True,correct
linear_svm_c_2_0,2.0,true_631,631,0,real,4 mënyra natyrale si të largoni rrudhat nga fytyra,476,long_gt_250,Linear SVM decision score (jo probabilitet),0.23123571517363484,1,False,false_positive
linear_svm_c_2_0,2.0,true_638,638,0,real,Vjen një lajm i mirë për veteranët e UÇK-së,132,medium_121_250,Linear SVM decision score (jo probabilitet),-0.7387867427680326,0,True,correct
linear_svm_c_2_0,2.0,true_652,652,0,real,Adea Pules i del kuki prej vendit,93,short_61_120,Linear SVM decision score (jo probabilitet),-0.9742805621172808,0,True,correct
linear_svm_c_2_0,2.0,true_655,655,0,real,"Nëse i fsheh paratë në këto 8 vende, zëre se nuk i ke fare!",277,long_gt_250,Linear SVM decision score (jo probabilitet),-0.020519302642993342,0,True,correct
linear_svm_c_2_0,2.0,true_671,671,0,real,Kosova hiqet nga harta – Dua Lipa nënshkruan peticionin,100,short_61_120,Linear SVM decision score (jo probabilitet),-0.9035529292475688,0,True,correct
linear_svm_c_2_0,2.0,true_675,675,0,real,A është Fifi në lidhje? Përgjigjet këngëtarja,55,very_short_le_60,Linear SVM decision score (jo probabilitet),-0.10182823664783641,0,True,correct
linear_svm_c_2_0,2.0,true_679,679,0,real,"Duke punuar kopshtin, çifti gjen kasafortën me mijëra dollarë e stoli ari",146,medium_121_250,Linear SVM decision score (jo probabilitet),0.1935180252712425,1,False,false_positive
linear_svm_c_2_0,2.0,true_680,680,0,real,Fitore Pacolli: Shpallja e gjendjes së jashtëzakonshme siç po ka dëshirë qeveria Hoti nuk është zgjidhje,394,long_gt_250,Linear SVM decision score (jo probabilitet),-1.1034821884939066,0,True,correct
linear_svm_c_2_0,2.0,true_694,694,0,real,Nora Istrefi më në fund merr një vendim në lidhje me Robertin,117,short_61_120,Linear SVM decision score (jo probabilitet),0.4988433247445374,1,False,false_positive
linear_svm_c_2_0,2.0,true_702,702,0,real,Turku ia mbush dhomën me dhurata të shtrenjta Gentës,113,short_61_120,Linear SVM decision score (jo probabilitet),-0.6885112756782861,0,True,correct
linear_svm_c_2_0,2.0,true_713,713,0,real,Shkencëtaret kinez: Covid-19 u shfaq për herë të parë në Spanjë,234,medium_121_250,Linear SVM decision score (jo probabilitet),-0.29559069251722386,0,True,correct
linear_svm_c_2_0,2.0,true_721,721,0,real,Genci ia dedikon këto fjalë të bukura Enit me rastin e ditëlindjes,198,medium_121_250,Linear SVM decision score (jo probabilitet),-0.6228887706838908,0,True,correct
linear_svm_c_2_0,2.0,true_731,731,0,real,Kështu dukej Egzona para se të dashurohej me Albatritin,101,short_61_120,Linear SVM decision score (jo probabilitet),-1.0305202142803134,0,True,correct
linear_svm_c_2_0,2.0,true_744,744,0,real,Vajza e ish-kryeministrit Bajram Rexhepi nuk lejohet nga e ëma t’i hyjë politikës,229,medium_121_250,Linear SVM decision score (jo probabilitet),-0.6671659091166804,0,True,correct
linear_svm_c_2_0,2.0,true_745,745,0,real,Me këtë fustan del në park Qëndresa e Labit,89,short_61_120,Linear SVM decision score (jo probabilitet),-0.19437124277795076,0,True,correct
linear_svm_c_2_0,2.0,true_747,747,0,real,Endrit Thaçi reagon pasi Gjykata Speciale ngriti aktakuzë ndaj babait të tij,92,short_61_120,Linear SVM decision score (jo probabilitet),-0.33371925102142824,0,True,correct
linear_svm_c_2_0,2.0,true_756,756,0,real,Angela Martini nuk i ndalë provokimet as në jaht,87,short_61_120,Linear SVM decision score (jo probabilitet),-0.6321643723519326,0,True,correct
linear_svm_c_2_0,2.0,true_758,758,0,real,Aq shumë iu ka rritur gjoksi sa që Oriola Marashi po e mban me duar,98,short_61_120,Linear SVM decision score (jo probabilitet),-0.5610921493230023,0,True,correct
linear_svm_c_2_0,2.0,true_760,760,0,real,Do të befasoheni se çfarë të vërtetash fshehen prapa serialeve turke,297,long_gt_250,Linear SVM decision score (jo probabilitet),-0.45878230218715693,0,True,correct
linear_svm_c_2_0,2.0,true_765,765,0,real,"Sasa e “O sa mirë” plotë jetë, vitet thjeshtë numra janë për të",57,very_short_le_60,Linear SVM decision score (jo probabilitet),-0.39115280999038443,0,True,correct
linear_svm_c_2_0,2.0,true_772,772,0,real,"Dhimbjet që mendoni se i keni nga dhëmbët, por në fakt kanë të bëjë me diçka tjetër",445,long_gt_250,Linear SVM decision score (jo probabilitet),-0.47588060516565805,0,True,correct
linear_svm_c_2_0,2.0,true_781,781,0,real,Reperja e njohur e publikon nga afër tatuazhin në pjesën e të pasmeve,105,short_61_120,Linear SVM decision score (jo probabilitet),-0.627629702190011,0,True,correct
linear_svm_c_2_0,2.0,true_783,783,0,real,"“Nëntori i dytë”, ja pse u hoq pjesa kur Isa Boletini luftonte me serbët",1952,long_gt_250,Linear SVM decision score (jo probabilitet),-1.9531815505893344,0,True,correct
linear_svm_c_2_0,2.0,true_786,786,0,real,Ekskluzive: Alfred Cako zbulon vaksinën e Covid19 që shkakton vdekje dhe ndalon lindjet,46,very_short_le_60,Linear SVM decision score (jo probabilitet),0.5526966272766459,1,False,false_positive
linear_svm_c_2_0,2.0,true_788,788,0,real,"Infekton 76 të ftuar me koronavirus babai i nuses, dasma kthehet në rast studimi",238,medium_121_250,Linear SVM decision score (jo probabilitet),-0.031166909939670362,0,True,correct
linear_svm_c_2_0,2.0,true_789,789,0,real,Ivanka Trump në secilën paraqitje pa sytjena,68,short_61_120,Linear SVM decision score (jo probabilitet),-0.26392604109511747,0,True,correct
linear_svm_c_2_0,2.0,true_793,793,0,real,"Trusti s’do pengojë tërheqjen e kursimeve, kompensimi nga qeveria jo për të gjithë",942,long_gt_250,Linear SVM decision score (jo probabilitet),-1.156028984616028,0,True,correct
linear_svm_c_2_0,2.0,true_803,803,0,real,"Ambasada e SHBA-së në Kosovë apelon për kujdes, tubimi paqësor i LVV-së mund të bëhet i dhunshëm",263,long_gt_250,Linear SVM decision score (jo probabilitet),-0.9657097431692745,0,True,correct
linear_svm_c_2_0,2.0,true_808,808,0,real,"Avdyli i del në krahë Osmanit: Kur do flasim ne të vertetën, atëherë keni me mbetë pa fjalë",244,medium_121_250,Linear SVM decision score (jo probabilitet),0.03527397969017326,1,False,false_positive
linear_svm_c_2_0,2.0,true_809,809,0,real,Gëzimja përgatit tortën më të bukur për vajzën,86,short_61_120,Linear SVM decision score (jo probabilitet),0.08706351019136649,1,False,false_positive
linear_svm_c_2_0,2.0,true_825,825,0,real,"Pasi u propozua për kryeministër konsensual Murat Jashari, vjen edhe reagimi nga Familja Jashari",258,long_gt_250,Linear SVM decision score (jo probabilitet),-0.13730158920093322,0,True,correct
linear_svm_c_2_0,2.0,true_830,830,0,real,Vjosa Osmani mbështet masat e reja të Albin Kurtit kundër Serbisë,221,medium_121_250,Linear SVM decision score (jo probabilitet),-0.3658854990409726,0,True,correct
linear_svm_c_2_0,2.0,true_833,833,0,real,"Horoskopi, e shtunë 30 maj 2020",529,long_gt_250,Linear SVM decision score (jo probabilitet),-0.9700850064966557,0,True,correct
linear_svm_c_2_0,2.0,true_835,835,0,real,"Veton Surroi mbetet pa tekst, ky është reagimi i tij për aktgjykimin",115,short_61_120,Linear SVM decision score (jo probabilitet),0.1380587153875384,1,False,false_positive
linear_svm_c_2_0,2.0,true_856,856,0,real,​ Nesër në Bruksel mbahet takimi i ekspertëve,60,very_short_le_60,Linear SVM decision score (jo probabilitet),-0.6590557199837854,0,True,correct
linear_svm_c_2_0,2.0,true_858,858,0,real,Qeveria ua heq kartonin e gjelbër atyre që hyjnë në Kosovë,185,medium_121_250,Linear SVM decision score (jo probabilitet),-1.4655748283766872,0,True,correct
linear_svm_c_2_0,2.0,true_863,863,0,real,Ministri Zemaj komenton fotografin e Skender Hysenit pa maskë,223,medium_121_250,Linear SVM decision score (jo probabilitet),-1.3747798481630988,0,True,correct
linear_svm_c_2_0,2.0,true_875,875,0,real,"Granata e gjetur te vendpunishtja e Xhamisë së Madhe, e kohës së Luftës së Dytë Botërore",107,short_61_120,Linear SVM decision score (jo probabilitet),-1.0515226856513045,0,True,correct
linear_svm_c_2_0,2.0,true_880,880,0,real,"Shtyhet raportimi i Agim Veliut në Komisionin për Siguri, polemika mes deputetëve",356,long_gt_250,Linear SVM decision score (jo probabilitet),-1.2191104886767787,0,True,correct
linear_svm_c_2_0,2.0,true_887,887,0,real,"Vendet që morën nën kontroll pandeminë coronavirus, tani prapë po përballen me të",1294,long_gt_250,Linear SVM decision score (jo probabilitet),-1.0120727125863436,0,True,correct
linear_svm_c_2_0,2.0,true_888,888,0,real,Debat i nxehtë në Komisionin për Punë të Jashtme - VIDEO,71,short_61_120,Linear SVM decision score (jo probabilitet),-0.8344618937783006,0,True,correct
linear_svm_c_2_0,2.0,true_889,889,0,real,Rrahjet mes deputetëve ndër vite në Kuvendin e Kosovës,721,long_gt_250,Linear SVM decision score (jo probabilitet),-1.3825190336376607,0,True,correct
linear_svm_c_2_0,2.0,true_890,890,0,real,Qeveria heq dorë nga vendimi për izolimin e atyre që kthehen nga Shqipëria!,178,medium_121_250,Linear SVM decision score (jo probabilitet),-0.8221128500789754,0,True,correct
linear_svm_c_2_0,2.0,true_906,906,0,real,Oda Ekonomike kërkon të digjitalizohen disa shërbime dhe të licencohen laboratoret private,439,long_gt_250,Linear SVM decision score (jo probabilitet),-0.16302168903455377,0,True,correct
linear_svm_c_2_0,2.0,true_907,907,0,real,Prishtina edhe sot komuna me më së shumti raste me COVID-19,128,medium_121_250,Linear SVM decision score (jo probabilitet),-0.992720996235857,0,True,correct
linear_svm_c_2_0,2.0,true_908,908,0,real,Arrestohet gjilanasi për mashtrim me shitje të banesës,95,short_61_120,Linear SVM decision score (jo probabilitet),-0.7409809305087229,0,True,correct
linear_svm_c_2_0,2.0,true_910,910,0,real,Fati i medias më të lexuar në Hungari Index në pikëpyetje pas largimit të shumicës së gazetarëve,349,long_gt_250,Linear SVM decision score (jo probabilitet),-0.9596523163490789,0,True,correct
linear_svm_c_2_0,2.0,true_917,917,0,real,"Hoti: Situata po përkeqësohet, stafi shëndetësor i FSK-së do të integrohet në Ministri të Shëndetësisë",271,long_gt_250,Linear SVM decision score (jo probabilitet),-1.0886295278763594,0,True,correct
linear_svm_c_2_0,2.0,true_931,931,0,real,Auditori: Policët ushtrojnë pozitat e punës në mospërputhje me gradat,382,long_gt_250,Linear SVM decision score (jo probabilitet),-1.0598079343457614,0,True,correct
linear_svm_c_2_0,2.0,true_938,938,0,real,Partia Socialiste tërhiqet nga shkarkimi i Ilir Metës,474,long_gt_250,Linear SVM decision score (jo probabilitet),-0.8743448267024263,0,True,correct
linear_svm_c_2_0,2.0,true_939,939,0,real,Philip Morris lejohet të komunikojë se IQOS redukton ekspozimin e dëmshëm,414,long_gt_250,Linear SVM decision score (jo probabilitet),-0.26634807936648414,0,True,correct
linear_svm_c_2_0,2.0,true_945,945,0,real,Rekord i ri me raste pozitive me COVID-19 në Kosovë,216,medium_121_250,Linear SVM decision score (jo probabilitet),-1.1623240307399787,0,True,correct
linear_svm_c_2_0,2.0,true_950,950,0,real,Hoti: Jemi në diskutime që rruga nacionale Prishtinë-Mitrovicë të shndërrohet në rrugë ndërkombëtare,263,long_gt_250,Linear SVM decision score (jo probabilitet),-0.9058797104750251,0,True,correct
linear_svm_c_2_0,2.0,true_965,965,0,real,VIDEO: Vetura zyrtare në vikend merr udhë për kositje të barit,85,short_61_120,Linear SVM decision score (jo probabilitet),-0.6443136225060009,0,True,correct
linear_svm_c_2_0,2.0,true_966,966,0,real,Pneumologu kosovar tregon si zhvillohet pneumonia te pacientët me COVID-19,620,long_gt_250,Linear SVM decision score (jo probabilitet),-0.5171704600909697,0,True,correct
linear_svm_c_2_0,2.0,true_974,974,0,real,Mbi 10 mijë të infektuar me COVID-19 në Maqedoninë e Veriut,148,medium_121_250,Linear SVM decision score (jo probabilitet),-1.177961322772478,0,True,correct
linear_svm_c_2_0,2.0,true_975,975,0,real,VIDEO - Xhamia që u mbijetoi shekujve,465,long_gt_250,Linear SVM decision score (jo probabilitet),-0.9459846936993836,0,True,correct
linear_svm_c_2_0,2.0,true_979,979,0,real,Lihen në arrest shtëpiak policët e arrestuar për keqtrajtim të një të mituri,146,medium_121_250,Linear SVM decision score (jo probabilitet),-0.8039612443937794,0,True,correct
linear_svm_c_2_0,2.0,true_988,988,0,real,"Ilir Meta për Adem Demaçin: ""Mandela i Evropës"" dhe ""Saharovi"" ynë",320,long_gt_250,Linear SVM decision score (jo probabilitet),-1.1794222693890424,0,True,correct
linear_svm_c_2_0,2.0,true_991,991,0,real,Evropa ime: T'u tregojmë vendin elitave të korruptuara të Ballkanit Perëndimor,1084,long_gt_250,Linear SVM decision score (jo probabilitet),-1.379285044812198,0,True,correct
linear_svm_c_2_0,2.0,true_994,994,0,real,Ministria e Bujqësisë pagoi mbi 176 mijë euro për analiza që mund t'i kryente vetë,210,medium_121_250,Linear SVM decision score (jo probabilitet),-0.6443729982838544,0,True,correct
linear_svm_c_2_0,2.0,true_1005,1005,0,real,Alarmante - Rreth 3 mijë raste aktive me COVID-19 në Kosovë,219,medium_121_250,Linear SVM decision score (jo probabilitet),-1.3152972654560826,0,True,correct
linear_svm_c_2_0,2.0,true_1028,1028,0,real,Qeveria emëroi Bordin e përkohshëm i Telekomit të Kosovës,158,medium_121_250,Linear SVM decision score (jo probabilitet),-1.178187965007943,0,True,correct
linear_svm_c_2_0,2.0,true_1034,1034,0,real,Xhamia më e vjetër në Prishtinë një dekadë restaurim,275,long_gt_250,Linear SVM decision score (jo probabilitet),-1.0295491098842529,0,True,correct
linear_svm_c_2_0,2.0,true_1037,1037,0,real,Osmani për Hotin: Duhet me hangër një thes kryp me dikë për me njoftë,186,medium_121_250,Linear SVM decision score (jo probabilitet),-0.11465164468929184,0,True,correct
linear_svm_c_2_0,2.0,true_1042,1042,0,real,Raport: Bandat nga Ballkani tani janë kthyer në kontrabandistë globalë,773,long_gt_250,Linear SVM decision score (jo probabilitet),-1.308773859743976,0,True,correct
linear_svm_c_2_0,2.0,true_1054,1054,0,real,ORCA: 55% e profesorëve në UP nuk e justifikojnë titullin e tyre akademik,328,long_gt_250,Linear SVM decision score (jo probabilitet),-0.85213011016874,0,True,correct
linear_svm_c_2_0,2.0,true_1055,1055,0,real,Boris Johnson: Kriza e COVID-19 përfundon nga mesi i vitit 2021,131,medium_121_250,Linear SVM decision score (jo probabilitet),-0.23691167988429457,0,True,correct
linear_svm_c_2_0,2.0,true_1064,1064,0,real,Thaçi nuk do dialog teknik me Serbinë,217,medium_121_250,Linear SVM decision score (jo probabilitet),-0.7183439559356712,0,True,correct
linear_svm_c_2_0,2.0,true_1076,1076,0,real,"Pas dy muajve, Maqedonia e Veriut me asnjë viktimë nga COVID-19",143,medium_121_250,Linear SVM decision score (jo probabilitet),-1.1365598163778112,0,True,correct
linear_svm_c_2_0,2.0,true_1079,1079,0,real,Hoti i shkruan letër Osmanit për raportimin në Kuvend pas takimit në Bruksel,90,short_61_120,Linear SVM decision score (jo probabilitet),-0.9827495184932116,0,True,correct
linear_svm_c_2_0,2.0,true_1081,1081,0,real,"Mësimi në shtator mund të fillojë nga ekrani, ekspertët rekomandojnë më shumë udhëzime",1082,long_gt_250,Linear SVM decision score (jo probabilitet),-1.42037618005903,0,True,correct
linear_svm_c_2_0,2.0,true_1084,1084,0,real,"Pas katër ditësh intervistim në Hagë, Thaçi kthehet sot në Kosovë",244,medium_121_250,Linear SVM decision score (jo probabilitet),-0.7511979604808028,0,True,correct
linear_svm_c_2_0,2.0,true_1085,1085,0,real,Teatri i Podujevës bëhet me aktorë rezidentë,163,medium_121_250,Linear SVM decision score (jo probabilitet),-0.5237983329685096,0,True,correct
linear_svm_c_2_0,2.0,true_1090,1090,0,real,"Incident në një port iranian, disa anije përfshihen nga zjarri",224,medium_121_250,Linear SVM decision score (jo probabilitet),-1.0823619704329974,0,True,correct
linear_svm_c_2_0,2.0,true_1092,1092,0,real,Mbi 13 milionë të infektuar me coronavirus në botë,466,long_gt_250,Linear SVM decision score (jo probabilitet),-1.362608953364567,0,True,correct
linear_svm_c_2_0,2.0,true_1101,1101,0,real,"Hoti e Vuçiq zhvillojnë sot takim virtual, rinis dialogu Kosovë-Serbi",212,medium_121_250,Linear SVM decision score (jo probabilitet),-0.5906036887837587,0,True,correct
linear_svm_c_2_0,2.0,true_1104,1104,0,real,Hoti paralajmëron shpalljen e gjendjes së jashtëzakonshme,285,long_gt_250,Linear SVM decision score (jo probabilitet),-0.5025547255836642,0,True,correct
linear_svm_c_2_0,2.0,true_1106,1106,0,real,Abazi: Ligji për COVID-19 u refuzua e Hoti drejt shpalljes së gjendjes së jashtëzakonshme,392,long_gt_250,Linear SVM decision score (jo probabilitet),-0.448698478017943,0,True,correct
linear_svm_c_2_0,2.0,true_1108,1108,0,real,COVID-19: Vdes veterani i UÇK-së nga Malisheva,123,medium_121_250,Linear SVM decision score (jo probabilitet),-0.6322310235576907,0,True,correct
linear_svm_c_2_0,2.0,true_1117,1117,0,real,Anulohet udhëtimi i Thaçit për në Washington,113,short_61_120,Linear SVM decision score (jo probabilitet),0.3589179840507785,1,False,false_positive
linear_svm_c_2_0,2.0,true_1119,1119,0,real,Zemaj: Gjashtë pacientë me COVID-19 janë në kujdes intensiv,89,short_61_120,Linear SVM decision score (jo probabilitet),-0.7675689289838683,0,True,correct
linear_svm_c_2_0,2.0,true_1121,1121,0,real,"Hoti raporton në Kuvend për dialogun: Ose do të ketë marrëveshje të mirë për Kosovën, ose s’do të ketë fare",297,long_gt_250,Linear SVM decision score (jo probabilitet),-0.953366776151245,0,True,correct
linear_svm_c_2_0,2.0,true_1135,1135,0,real,"Kosova synon njohjen nga Serbia, nuk dëshiron kompromis",952,long_gt_250,Linear SVM decision score (jo probabilitet),-1.2309553746059985,0,True,correct
linear_svm_c_2_0,2.0,true_1138,1138,0,real,"Qeveritarët pa maska e me duarshtrëngime, përurojnë rrugën Deçan–Plavë - FOTO",288,long_gt_250,Linear SVM decision score (jo probabilitet),-0.6476024323560197,0,True,correct
linear_svm_c_2_0,2.0,true_1165,1165,0,real,Hoti nesër në Gjilan te kritikuesi i tij më i madh Lutfi Haziri,187,medium_121_250,Linear SVM decision score (jo probabilitet),-1.1681295969431107,0,True,correct
linear_svm_c_2_0,2.0,true_1174,1174,0,real,"Të hyrat në gjashtë muajt e parë ranë për 8 %, shpenzimet u rritën për 38.7 milionë euro",219,medium_121_250,Linear SVM decision score (jo probabilitet),-1.810687821456093,0,True,correct
linear_svm_c_2_0,2.0,true_1179,1179,0,real,"Pini ilaçin e përgatitur vetë për ta shëruar diabetin, tipi 2",219,medium_121_250,Linear SVM decision score (jo probabilitet),-0.5758292060822618,0,True,correct
linear_svm_c_2_0,2.0,true_1180,1180,0,real,Vetëm në këtë kënd të shtëpisë së Kylie Jenner gjendet një pasuri e tërë,140,medium_121_250,Linear SVM decision score (jo probabilitet),-1.0967085843397015,0,True,correct
linear_svm_c_2_0,2.0,true_1183,1183,0,real,Sekreti i japonezëve për jetë të gjatë,212,medium_121_250,Linear SVM decision score (jo probabilitet),-0.6638142977128438,0,True,correct
linear_svm_c_2_0,2.0,true_1186,1186,0,real,Fansi i çmendur bën tatuazh në trup fytyrën e Noizyt!,119,short_61_120,Linear SVM decision score (jo probabilitet),-0.7690254280793705,0,True,correct
linear_svm_c_2_0,2.0,true_1191,1191,0,real,Infektohet edhe presidenti që tha se saunat dhe vodka janë ilaçe kundër Covid-19,155,medium_121_250,Linear SVM decision score (jo probabilitet),-1.1789598590866903,0,True,correct
linear_svm_c_2_0,2.0,true_1194,1194,0,real,Pezullimi i përpjekjeve për anëtarësim në mekanizma ndërkombëtarë gabim i pa falshëm i Qeverisë Hoti,675,long_gt_250,Linear SVM decision score (jo probabilitet),-1.126077761165928,0,True,correct
linear_svm_c_2_0,2.0,true_1197,1197,0,real,Dalin fotot e Gymysh me fustan të bardhë - shikoni sa nuse e bukur është bërë,189,medium_121_250,Linear SVM decision score (jo probabilitet),-1.3094430927360743,0,True,correct
linear_svm_c_2_0,2.0,true_1199,1199,0,real,Jeni gati të shihni ndryshimin e radhës së Tayna-s?,177,medium_121_250,Linear SVM decision score (jo probabilitet),-1.2812995206049629,0,True,correct
linear_svm_c_2_0,2.0,true_1224,1224,0,real,"Situata me Covid-19, kryeministri Hoti kërkon të vërehet dora e fortë e shtetit",145,medium_121_250,Linear SVM decision score (jo probabilitet),-1.1266326737520784,0,True,correct
linear_svm_c_2_0,2.0,true_1226,1226,0,real,Super hiti është gati! Kënga e re e Encës dhe e Don Xhonit e ka një datë publikimi,82,short_61_120,Linear SVM decision score (jo probabilitet),-0.6109185600951419,0,True,correct
linear_svm_c_2_0,2.0,true_1230,1230,0,real,Rasheli do ua hapë sytë me këtë imazh,114,short_61_120,Linear SVM decision score (jo probabilitet),-1.9477666708315713,0,True,correct
linear_svm_c_2_0,2.0,true_1234,1234,0,real,Blero: Ky reper shqiptar është i preferuari im,155,medium_121_250,Linear SVM decision score (jo probabilitet),-0.7253633031800544,0,True,correct
linear_svm_c_2_0,2.0,true_1243,1243,0,real,Deputetja e Kuvendit të Kosovës Eliza Hoxha është shëruar nga koronavirusi,702,long_gt_250,Linear SVM decision score (jo probabilitet),-1.4087266527673974,0,True,correct
linear_svm_c_2_0,2.0,true_1245,1245,0,real,Pandora më në formë se kurrë feston ditëlindjen,82,short_61_120,Linear SVM decision score (jo probabilitet),-1.4757467365311512,0,True,correct
linear_svm_c_2_0,2.0,true_1246,1246,0,real,"Ja përse duhet të hani 1 thelb hudhër në esëll/ Bën mrekulli për organizmin, ja si",142,medium_121_250,Linear SVM decision score (jo probabilitet),-0.19575518402052733,0,True,correct
linear_svm_c_2_0,2.0,true_1260,1260,0,real,Receta çudibërëse me farat e lirit: Të dobësohemi shëndetshëm dhe sigurt,418,long_gt_250,Linear SVM decision score (jo probabilitet),-0.6132235723142749,0,True,correct
linear_svm_c_2_0,2.0,true_1266,1266,0,real,Receta e Cekës - Maregnore,244,medium_121_250,Linear SVM decision score (jo probabilitet),-0.7265060744991814,0,True,correct
linear_svm_c_2_0,2.0,true_1274,1274,0,real,Koronavirusi anulon festimet e Vitit të Ri,162,medium_121_250,Linear SVM decision score (jo probabilitet),-1.530322590155086,0,True,correct
linear_svm_c_2_0,2.0,true_1275,1275,0,real,"Ç’do ndodhë me koronavirusin? OBSH në alarm, rritja e infektimeve po…",442,long_gt_250,Linear SVM decision score (jo probabilitet),-1.1243312423085192,0,True,correct
linear_svm_c_2_0,2.0,true_1279,1279,0,real,Çfarë misteri i pazgjidhur fshihet në mes të selisë së CIA?,590,long_gt_250,Linear SVM decision score (jo probabilitet),-1.4096738448225667,0,True,correct
linear_svm_c_2_0,2.0,true_1285,1285,0,real,Prekëse: Kujdestari vishet bardhezi për t’ia plotësuar mungesën e nënës zebrës jetime,189,medium_121_250,Linear SVM decision score (jo probabilitet),-0.8977786595579464,0,True,correct
linear_svm_c_2_0,2.0,true_1290,1290,0,real,Aleksander Vuçiq: Dialogu i Brukselit po ndodhë nga dëshira e Brukselit për ta përjashtuar Amerikën,262,long_gt_250,Linear SVM decision score (jo probabilitet),-0.968028015806391,0,True,correct
linear_svm_c_2_0,2.0,true_1291,1291,0,real,Kaçanikasi tenton t’i vrasë dy persona shkaku i një kontesti pronësor,249,medium_121_250,Linear SVM decision score (jo probabilitet),-1.6128558606676275,0,True,correct
linear_svm_c_2_0,2.0,true_1293,1293,0,real,"U bë me vajzë por dëshironte djalë – Burri vret veten, e shoqja pëson atak kardiak",118,short_61_120,Linear SVM decision score (jo probabilitet),-0.5727936291699334,0,True,correct
linear_svm_c_2_0,2.0,true_1302,1302,0,real,"OBSH: Rritje shqetësuese të rasteve nga coronavirusi në Ballkan, duhet të tregohemi vigjilentë",141,medium_121_250,Linear SVM decision score (jo probabilitet),-1.1299565769657318,0,True,correct
linear_svm_c_2_0,2.0,true_1311,1311,0,real,"E akuzuan për ndërhyrje në Gjykatë, Von Cramon ia kthen Enver Hoxhajt: Kjo s’ndodh në demokraci, ndoshta në vendin tuaj po",254,long_gt_250,Linear SVM decision score (jo probabilitet),-0.5176036721332391,0,True,correct
linear_svm_c_2_0,2.0,true_1314,1314,0,real,Ky është 22 vjeçari nga Peja që vdiq në aksidentin tragjik,94,short_61_120,Linear SVM decision score (jo probabilitet),-1.219966920976696,0,True,correct
linear_svm_c_2_0,2.0,true_1320,1320,0,real,Shikoni çfarë vozitje të shpejtë i bën veturës 60-vjeçarja shqiptare,145,medium_121_250,Linear SVM decision score (jo probabilitet),0.26993135057498285,1,False,false_positive
linear_svm_c_2_0,2.0,true_1324,1324,0,real,Turqia pezullon fluturimet shkaku i shtimit të rasteve të Covid-19,200,medium_121_250,Linear SVM decision score (jo probabilitet),-1.4133017000766912,0,True,correct
linear_svm_c_2_0,2.0,true_1325,1325,0,real,"Zemaj dhe Ramadani pushojnë sot, i cojnë me e-mail njoftimet për situatën 24 orëshe me COVID-19",135,medium_121_250,Linear SVM decision score (jo probabilitet),-1.7597026276727754,0,True,correct
linear_svm_c_2_0,2.0,true_1334,1334,0,real,"Tayna poston fotot provokuese dhe dërgon mesazhin, “Të josh dhe të bëj budalla, sa herë dua”",106,short_61_120,Linear SVM decision score (jo probabilitet),-0.3011814455819611,0,True,correct
linear_svm_c_2_0,2.0,true_1336,1336,0,real,Presidenti në aktakuzë para Gjykatës Speciale dhe dialogu me Serbinë e sfidojnë shtetësinë e Kosovës,309,long_gt_250,Linear SVM decision score (jo probabilitet),-1.6059268364317179,0,True,correct
linear_svm_c_2_0,2.0,true_1346,1346,0,real,Kështu e kujton Leonora babin në 22 vjetorin e vdekjes,75,short_61_120,Linear SVM decision score (jo probabilitet),-1.3097465944770172,0,True,correct
linear_svm_c_2_0,2.0,true_1351,1351,0,real,Receta e Cekës: Omletë me mollë,157,medium_121_250,Linear SVM decision score (jo probabilitet),-0.3146445926539306,0,True,correct
linear_svm_c_2_0,2.0,true_1365,1365,0,real,"Çdo natë para gjumit, pije këtë lëng dhe do largoni gjithçka nga barku, shkrin gjithë yndyrën, do t’ju heqi kilet e tepërta fare nga trupi",450,long_gt_250,Linear SVM decision score (jo probabilitet),0.32439257070493505,1,False,false_positive
linear_svm_c_2_0,2.0,true_1371,1371,0,real,Ku ngeli Alba Hoxha?,77,short_61_120,Linear SVM decision score (jo probabilitet),-1.2937496623120612,0,True,correct
linear_svm_c_2_0,2.0,true_1379,1379,0,real,Isufi: Nuk ka aktakuzë që mund ta njollosë luftën e UÇK’së,214,medium_121_250,Linear SVM decision score (jo probabilitet),-1.5296707806444778,0,True,correct
linear_svm_c_2_0,2.0,true_1382,1382,0,real,"Serwer: Aktakuza ndaj Thaçit e Veselit s’është personale, Kosova është në telashe",206,medium_121_250,Linear SVM decision score (jo probabilitet),-0.7862701978142965,0,True,correct
linear_svm_c_2_0,2.0,true_1385,1385,0,real,"Është mashtrim, qeveria e kombinimit politik LDK me partnerët e PAN-it nuk e bëjnë ligjin Vetting",579,long_gt_250,Linear SVM decision score (jo probabilitet),-1.267211468501876,0,True,correct
linear_svm_c_2_0,2.0,true_1395,1395,0,real,"Infektologu italian: Koronavirusi është dobësuar, ja kur pritet të zhduket",273,long_gt_250,Linear SVM decision score (jo probabilitet),-1.018195510660334,0,True,correct
linear_svm_c_2_0,2.0,true_1396,1396,0,real,Cramon për vizat: Ja kur pritet liberalizimi final,310,long_gt_250,Linear SVM decision score (jo probabilitet),-0.936616283575705,0,True,correct
linear_svm_c_2_0,2.0,true_1413,1413,0,real,Koronavirusi: Renditja e Kosovës krahas shteteve të rajonit,366,long_gt_250,Linear SVM decision score (jo probabilitet),-1.4687676625716306,0,True,correct
linear_svm_c_2_0,2.0,true_1415,1415,0,real,"Trump për John Bolton: Askush nuk e donte në Shtëpinë e Bardhë, dukej i çmendur",344,long_gt_250,Linear SVM decision score (jo probabilitet),-0.9856548142053476,0,True,correct
linear_svm_c_2_0,2.0,true_1420,1420,0,real,Haradinaj shkon i pari në takim me Avdullah Hotin,93,short_61_120,Linear SVM decision score (jo probabilitet),-1.1893855573794918,0,True,correct
linear_svm_c_2_0,2.0,true_1424,1424,0,real,Zbulohet e vërteta: Ja çfarë pritet të ndodhë më 27 qershor në Shtëpinë e Bardhë,524,long_gt_250,Linear SVM decision score (jo probabilitet),-0.3895632379537804,0,True,correct
linear_svm_c_2_0,2.0,true_1426,1426,0,real,Hoti i fton liderët e partive në zyrë për t’u koordinuar para udhëtimit në Washington,164,medium_121_250,Linear SVM decision score (jo probabilitet),-0.9736062754654573,0,True,correct
linear_svm_c_2_0,2.0,true_1432,1432,0,real,Zbulohet substanca që e ul vdekshmërinë e pacientëve me Covid-19,344,long_gt_250,Linear SVM decision score (jo probabilitet),-1.0882780918696278,0,True,correct
linear_svm_c_2_0,2.0,true_1434,1434,0,real,"Gati për të shijuar pushimet, Elita dhe Gjiko zgjedhin këtë destinacion brenda Shqipërisë",148,medium_121_250,Linear SVM decision score (jo probabilitet),-0.11991339295730402,0,True,correct
linear_svm_c_2_0,2.0,true_1441,1441,0,real,A është Nicki Minaj shtatzënë!,107,short_61_120,Linear SVM decision score (jo probabilitet),-1.389199945923614,0,True,correct
linear_svm_c_2_0,2.0,true_1450,1450,0,real,Stërvitja e parë e Valon Berishës te Reims,88,short_61_120,Linear SVM decision score (jo probabilitet),-0.31782382987852914,0,True,correct
linear_svm_c_2_0,2.0,true_1451,1451,0,real,"Hoti e Hyseni presin në takim ambasadorët e QUINT-it, flasin për dialogun me Serbinë",218,medium_121_250,Linear SVM decision score (jo probabilitet),-0.8558338679609658,0,True,correct
linear_svm_c_2_0,2.0,true_1454,1454,0,real,Çavuşoğlu: Ajasofja është çështje e sovranitetit të Turqisë,188,medium_121_250,Linear SVM decision score (jo probabilitet),-1.1182599079700266,0,True,correct
linear_svm_c_2_0,2.0,true_1461,1461,0,real,"8 të vdekur nga koronavirusi brenda ditës në Kosovë, shkon në 177 numri i përgjithshëm i viktimave",65,short_61_120,Linear SVM decision score (jo probabilitet),-0.30751165923606144,0,True,correct
linear_svm_c_2_0,2.0,true_1465,1465,0,real,Lëngu i qepës së kuqe/ Kura natyrale për stomakun dhe alergjitë,340,long_gt_250,Linear SVM decision score (jo probabilitet),-0.2443613513926443,0,True,correct
linear_svm_c_2_0,2.0,true_1466,1466,0,real,"Bilanci i pandemisë në botë, mbi 16 milionë raste me COVID-19",283,long_gt_250,Linear SVM decision score (jo probabilitet),-1.5380262350738096,0,True,correct
linear_svm_c_2_0,2.0,true_1473,1473,0,real,"Certifikohen rezultatet zgjedhore, shqiptarët me 32 mandate në Kuvendin e Maqedonisë së Veriut",112,short_61_120,Linear SVM decision score (jo probabilitet),-0.5899939993263588,0,True,correct
linear_svm_c_2_0,2.0,true_1474,1474,0,real,Turqia reagon kundër djegies së flamurit turk në Greqi,341,long_gt_250,Linear SVM decision score (jo probabilitet),-1.4205263877927803,0,True,correct
linear_svm_c_2_0,2.0,true_1475,1475,0,real,Policia izraelite arreston 3 fëmijë palestinezë në Kuds,129,medium_121_250,Linear SVM decision score (jo probabilitet),-0.823684726855596,0,True,correct
linear_svm_c_2_0,2.0,true_1484,1484,0,real,Ndihma humanitare botërore e Turqisë përbën 26 për qind në vitin 2019,754,long_gt_250,Linear SVM decision score (jo probabilitet),-1.3069922784403085,0,True,correct
linear_svm_c_2_0,2.0,true_1488,1488,0,real,Breshka e detit e ndjekur nga shkencëtarët turq përmes satelitit përshkoi 5.500 kilometra për një vit,339,long_gt_250,Linear SVM decision score (jo probabilitet),-1.250617295018216,0,True,correct
linear_svm_c_2_0,2.0,true_1492,1492,0,real,Vdes nga koronavirusi një 66-vjeçare në Spitalin e Pejës,203,medium_121_250,Linear SVM decision score (jo probabilitet),-0.918587757341012,0,True,correct
linear_svm_c_2_0,2.0,true_1498,1498,0,real,"Isa Mustafa përkrah fuqishëm ndërtimin e Xhamisë, dënon protestën: Të krenohemi që jemi muslimanë",349,long_gt_250,Linear SVM decision score (jo probabilitet),-0.892126374375583,0,True,correct
linear_svm_c_2_0,2.0,true_1503,1503,0,real,"Edhe 5 të vdekur nga Covid-19 në Kosovë, numri i përgjithshëm 144",111,short_61_120,Linear SVM decision score (jo probabilitet),-1.2361468746148314,0,True,correct
linear_svm_c_2_0,2.0,true_1511,1511,0,real,Nisin hetimet ndaj TikTok në Australi,178,medium_121_250,Linear SVM decision score (jo probabilitet),-0.1466850710497894,0,True,correct
linear_svm_c_2_0,2.0,true_1513,1513,0,real,"“Vrisni një serb e ne do të vrasim 100 myslimanë”, Kurti kujton deklaratën famëkeqe të Vuçiqit",256,long_gt_250,Linear SVM decision score (jo probabilitet),-0.332164051023994,0,True,correct
linear_svm_c_2_0,2.0,true_1519,1519,0,real,Sot pritet fillimi i testimeve serologjike për koronavirus,227,medium_121_250,Linear SVM decision score (jo probabilitet),-1.2272049555995568,0,True,correct
linear_svm_c_2_0,2.0,true_1531,1531,0,real,"Gjashtë nivelet në të cilat shfaqet koronavirusi, simptomat dhe pacientët më të rrezikuar",422,long_gt_250,Linear SVM decision score (jo probabilitet),-0.6783649829297835,0,True,correct
linear_svm_c_2_0,2.0,true_1533,1533,0,real,Apeli i IKSHPK-së: Mbani maskat dhe distancën fizike,399,long_gt_250,Linear SVM decision score (jo probabilitet),-1.0039671315233452,0,True,correct
linear_svm_c_2_0,2.0,true_1538,1538,0,real,Vdes gjyqtari Shashivar Hoti,115,short_61_120,Linear SVM decision score (jo probabilitet),-0.5847674778755152,0,True,correct
linear_svm_c_2_0,2.0,true_1542,1542,0,real,Shënohen edhe dy vdekje nga Covid-19 në Kosovë,177,medium_121_250,Linear SVM decision score (jo probabilitet),-0.932964449398701,0,True,correct
linear_svm_c_2_0,2.0,true_1544,1544,0,real,Kur pritet t’u mundësohet qytetarëve tërheqja e parave nga Trusti?,209,medium_121_250,Linear SVM decision score (jo probabilitet),-0.6486449951511379,0,True,correct
linear_svm_c_2_0,2.0,true_1545,1545,0,real,​Apeli i IKSHPK-së: Vazhdoni të mbani distancën fizike dhe maskat,441,long_gt_250,Linear SVM decision score (jo probabilitet),-0.9068378699607189,0,True,correct
linear_svm_c_2_0,2.0,true_1547,1547,0,real,"Hoti deklarohet pas takimit me Vuçiq: Kemi bërë progres, besojmë në partnerët ndërkombëtarë",172,medium_121_250,Linear SVM decision score (jo probabilitet),-0.6452075607279855,0,True,correct
linear_svm_c_2_0,2.0,true_1551,1551,0,real,Kurti: Me qeverinë koti kriminelët dolën nga skutat,408,long_gt_250,Linear SVM decision score (jo probabilitet),-1.0780072795852211,0,True,correct
linear_svm_c_2_0,2.0,true_1552,1552,0,real,"Specialja e nis intervistimin, Presidenti nuk deklarohet për media",203,medium_121_250,Linear SVM decision score (jo probabilitet),-0.8300869627873564,0,True,correct
linear_svm_c_2_0,2.0,true_1556,1556,0,real,"Shqipëri, vazhdon rritja e rasteve me koronavirus",137,medium_121_250,Linear SVM decision score (jo probabilitet),-1.9252921413283284,0,True,correct
linear_svm_c_2_0,2.0,true_1557,1557,0,real,Maqedoni: Shqiptarët me 32 deputetë në Parlamentin,211,medium_121_250,Linear SVM decision score (jo probabilitet),-0.9205570110189099,0,True,correct
linear_svm_c_2_0,2.0,true_1563,1563,0,real,Kosova e para në Evropë për raste të reja me COVID-19 në dy javët e fundit,214,medium_121_250,Linear SVM decision score (jo probabilitet),-1.045251834509185,0,True,correct
linear_svm_c_2_0,2.0,true_1564,1564,0,real,"Fillon ndërtimi i Xhamisë së Madhe në Prishtinë, Tërnava uron besimtarët",107,short_61_120,Linear SVM decision score (jo probabilitet),-0.33836672201028756,0,True,correct
linear_svm_c_2_0,2.0,true_1567,1567,0,real,"Policia mas 2 muajsh hetime zbulon 20 kg marihuanë, në pranga 5 persona",301,long_gt_250,Linear SVM decision score (jo probabilitet),-1.4949774506959572,0,True,correct
linear_svm_c_2_0,2.0,true_1568,1568,0,real,Vaksina kundër COVID-19 e testuar tek njerëzit tregon shenja të hershme të suksesit,277,long_gt_250,Linear SVM decision score (jo probabilitet),-0.540235808751353,0,True,correct
linear_svm_c_2_0,2.0,true_1569,1569,0,real,Dita e tretë e intervistimit të presidentit Thaçi në Hagë,163,medium_121_250,Linear SVM decision score (jo probabilitet),-0.2475264766221042,0,True,correct
linear_svm_c_2_0,2.0,true_1574,1574,0,real,Në SHSKUK po trajtohen 268 pacientë me Covid-19,154,medium_121_250,Linear SVM decision score (jo probabilitet),-1.2584751624010486,0,True,correct
linear_svm_c_2_0,2.0,true_1593,1593,0,real,Fillon seanca e Kuvendit ku kryeministri Hoti do të raportojë para takimit të Uashingtonit,221,medium_121_250,Linear SVM decision score (jo probabilitet),-0.9816697263323515,0,True,correct
linear_svm_c_2_0,2.0,true_1594,1594,0,real,"Shqipëri, një i vdekur dhe 53 raste të reja me COVID-19",169,medium_121_250,Linear SVM decision score (jo probabilitet),-2.2459282995265957,0,True,correct
linear_svm_c_2_0,2.0,true_1601,1601,0,real,Messi i gatshëm për ndeshjen e sotme ndaj Mallorcas,128,medium_121_250,Linear SVM decision score (jo probabilitet),-0.5193714679770445,0,True,correct
linear_svm_c_2_0,2.0,true_1606,1606,0,real,Isa Mustafa: Atakimi i familjes së Vjosa Osmanit është neveritës,162,medium_121_250,Linear SVM decision score (jo probabilitet),-0.560853094426309,0,True,correct
linear_svm_c_2_0,2.0,true_1609,1609,0,real,Thaçi reagon pas votimit të qeverisë: Ditë e rëndësishme për demokracinë,156,medium_121_250,Linear SVM decision score (jo probabilitet),-0.6573761060239218,0,True,correct
linear_svm_c_2_0,2.0,true_1610,1610,0,real,Kuvendi votoi Qeverinë Hoti,44,very_short_le_60,Linear SVM decision score (jo probabilitet),-0.8456275687505073,0,True,correct
linear_svm_c_2_0,2.0,true_1611,1611,0,real,Wuhan-i “kryen me sukses” testimin e popullsisë për koronavirus,147,medium_121_250,Linear SVM decision score (jo probabilitet),-0.7299104921725277,0,True,correct
linear_svm_c_2_0,2.0,true_1613,1613,0,real,​Kryesia e Kuvendit sot vendos datën e seancës për votimin e Qeverisë Hoti,108,short_61_120,Linear SVM decision score (jo probabilitet),-0.8507298125724316,0,True,correct
linear_svm_c_2_0,2.0,true_1616,1616,0,real,Një i prekur me koronavirus në Infektivë në gjendje të rëndë,105,short_61_120,Linear SVM decision score (jo probabilitet),-0.8198367691377237,0,True,correct
linear_svm_c_2_0,2.0,true_1619,1619,0,real,"Mbi 2,3 milionë të shëruar nga COVID-19 në mbarë botën",109,short_61_120,Linear SVM decision score (jo probabilitet),-0.40422691661492477,0,True,correct
linear_svm_c_2_0,2.0,true_1622,1622,0,real,Mbi 12 mijë teste për COVID-19 në Kosovë,102,short_61_120,Linear SVM decision score (jo probabilitet),-0.8131349711101148,0,True,correct
linear_svm_c_2_0,2.0,true_1624,1624,0,real,Klopp thotë se Liverpooli do të jetë i gatshëm për rikthimin e lojës së bukur,223,medium_121_250,Linear SVM decision score (jo probabilitet),-0.77138450855833,0,True,correct
linear_svm_c_2_0,2.0,true_1625,1625,0,real,"Britani, qentë do të trajnohen për të diagnostikuar personat me COVID-19",269,long_gt_250,Linear SVM decision score (jo probabilitet),-0.6688184788607123,0,True,correct
linear_svm_c_2_0,2.0,true_1641,1641,0,real,​17 milionë raste me COVID-19 në botë,100,short_61_120,Linear SVM decision score (jo probabilitet),-1.0303641058467492,0,True,correct
linear_svm_c_2_0,2.0,true_1647,1647,0,real,Sekuestrohen mbi 40 armë në një operacion në Prishtinë,139,medium_121_250,Linear SVM decision score (jo probabilitet),-1.4802843585636662,0,True,correct
linear_svm_c_2_0,2.0,true_1648,1648,0,real,Qeveria nuk u konsultua me KOK-un për ndalimin e aktiviteteve sportive,518,long_gt_250,Linear SVM decision score (jo probabilitet),-1.6608864497921205,0,True,correct
linear_svm_c_2_0,2.0,true_1653,1653,0,real,​Veliu thotë se VV-ja pati tendenca që të pamundësohet raportimi në Komision,279,long_gt_250,Linear SVM decision score (jo probabilitet),-0.9711480095659226,0,True,correct
linear_svm_c_2_0,2.0,true_1655,1655,0,real,Janë bërë të ditura nominimet e shpërblimeve “Emmy”,304,long_gt_250,Linear SVM decision score (jo probabilitet),-0.9478524022334223,0,True,correct
linear_svm_c_2_0,2.0,true_1659,1659,0,real,Numër i vogël në pelegrinazhin e sivjetmë në Haxh,238,medium_121_250,Linear SVM decision score (jo probabilitet),-1.0793633735824133,0,True,correct
linear_svm_c_2_0,2.0,true_1660,1660,0,real,Finalja e Kupës – për një fund me dinjitet të edicionit të vështirë,716,long_gt_250,Linear SVM decision score (jo probabilitet),-1.328059887863874,0,True,correct
linear_svm_c_2_0,2.0,true_1665,1665,0,real,Partitë shqiptare në Mal të Zi garojnë të ndara në zgjedhjet parlamentare,267,long_gt_250,Linear SVM decision score (jo probabilitet),-0.7893038198554765,0,True,correct
linear_svm_c_2_0,2.0,true_1667,1667,0,real,Mbretëria e Bashkuar largon Spanjën nga lista e udhëtimeve,189,medium_121_250,Linear SVM decision score (jo probabilitet),-0.8619709520402588,0,True,correct
linear_svm_c_2_0,2.0,true_1674,1674,0,real,Ish-ministri i Shëndetësisë: E pafalshme që kjo situatë abnormale të trajtohet si normale nga Qeveria,316,long_gt_250,Linear SVM decision score (jo probabilitet),-1.2598527722890391,0,True,correct
linear_svm_c_2_0,2.0,true_1675,1675,0,real,Leron Kurteshi sjell stilin urban në muzikë,135,medium_121_250,Linear SVM decision score (jo probabilitet),-1.164304129985645,0,True,correct
linear_svm_c_2_0,2.0,true_1676,1676,0,real,Zvicra njofton për 132 raste të reja me COVID-19 e tre të vdekur,118,short_61_120,Linear SVM decision score (jo probabilitet),-0.9750837299851691,0,True,correct
linear_svm_c_2_0,2.0,true_1687,1687,0,real,Me rigon kundër infeksioneve dhe problemeve me fytin,307,long_gt_250,Linear SVM decision score (jo probabilitet),-0.16285874624312707,0,True,correct
linear_svm_c_2_0,2.0,true_1692,1692,0,real,"Bazeli, vendi ku lindi shkenca e halucinacioneve",569,long_gt_250,Linear SVM decision score (jo probabilitet),-0.7053449395208626,0,True,correct
linear_svm_c_2_0,2.0,true_1697,1697,0,real,"Katër gola në dy ndeshje, Ademi tregon sekretin e kthimit në formë",220,medium_121_250,Linear SVM decision score (jo probabilitet),-0.8992260066400244,0,True,correct
linear_svm_c_2_0,2.0,true_1698,1698,0,real,Rreth 200 shtretër kanë mbetur në dispozicion për trajtim të pacientëve me COVID-19,226,medium_121_250,Linear SVM decision score (jo probabilitet),-1.4341608109936748,0,True,correct
linear_svm_c_2_0,2.0,true_1700,1700,0,real,Këshilltari kryesor i Trumpit del pozitiv në COVID-19,115,short_61_120,Linear SVM decision score (jo probabilitet),-0.5419544111036585,0,True,correct
linear_svm_c_2_0,2.0,true_1711,1711,0,real,Grupi “3 Doors Down” do ta lansojë këngën e parë në pesë vjetët e fundit,345,long_gt_250,Linear SVM decision score (jo probabilitet),-1.1258257010492434,0,True,correct
linear_svm_c_2_0,2.0,true_1714,1714,0,real,Konfiskime të armëve në ahengje,145,medium_121_250,Linear SVM decision score (jo probabilitet),-1.4507703311829376,0,True,correct
linear_svm_c_2_0,2.0,true_1720,1720,0,real,Java e fundit e korrikut me mot të nxehtë,148,medium_121_250,Linear SVM decision score (jo probabilitet),-1.4217208518696811,0,True,correct
linear_svm_c_2_0,2.0,true_1729,1729,0,real,Në Fushë-Kosovë dyshohet se djali vrau babanë,174,medium_121_250,Linear SVM decision score (jo probabilitet),-0.5814228544950968,0,True,correct
linear_svm_c_2_0,2.0,true_1730,1730,0,real,Simptomat e COVID-19 ndahen në gjashtë grupe sipas një studimi,401,long_gt_250,Linear SVM decision score (jo probabilitet),-0.5824715941999812,0,True,correct
linear_svm_c_2_0,2.0,true_1732,1732,0,real,​Ekzekutohen pagesat e pakos emergjente për masën 3a për 7241 përfitues,83,short_61_120,Linear SVM decision score (jo probabilitet),-1.3605459235237387,0,True,correct
linear_svm_c_2_0,2.0,true_1737,1737,0,real,"Buxhovi: LDK-së i duhen reforma, Osmani duhet të qëndrojë",2091,long_gt_250,Linear SVM decision score (jo probabilitet),-1.537090731675125,0,True,correct
linear_svm_c_2_0,2.0,true_1738,1738,0,real,Shpërblehen sekretarët që ia punësuan renë Mustafës dhe dhëndrin Limajt,302,long_gt_250,Linear SVM decision score (jo probabilitet),-0.669783811191468,0,True,correct
linear_svm_c_2_0,2.0,true_1740,1740,0,real,Konsiderohet e dëmshme rizgjedhja e Thaçit edhe për një mandat,179,medium_121_250,Linear SVM decision score (jo probabilitet),-0.9293956904193668,0,True,correct
linear_svm_c_2_0,2.0,true_1742,1742,0,real,"Vuçiqi takohet me Lajçakun, pranon se temat janë të dhimbshme dhe se kompromisi nuk është i lehtë",339,long_gt_250,Linear SVM decision score (jo probabilitet),-1.1380026082561248,0,True,correct
linear_svm_c_2_0,2.0,true_1746,1746,0,real,Haradinaj ia kishte ndarë Mustafës mbi 24 mijë euro në emër të pagës retroaktive,340,long_gt_250,Linear SVM decision score (jo probabilitet),-0.6336067651010417,0,True,correct
linear_svm_c_2_0,2.0,true_1755,1755,0,real,Tayna u ndërton shtëpi të re prindërve të saj,188,medium_121_250,Linear SVM decision score (jo probabilitet),-0.43193125548991734,0,True,correct
linear_svm_c_2_0,2.0,true_1757,1757,0,real,Qeveria mbulon shpenzimet e Kartonit të Gjelbër për bashkatdhetarët deri në fund të këtij viti,268,long_gt_250,Linear SVM decision score (jo probabilitet),-1.5297159166572079,0,True,correct
linear_svm_c_2_0,2.0,true_1767,1767,0,real,"Hoti: Kemi hyrë në valën e dytë të pandemisë COVID-19, të aktivizohet Plani i reagimit kombëtar",263,long_gt_250,Linear SVM decision score (jo probabilitet),-1.6832435632225695,0,True,correct
linear_svm_c_2_0,2.0,true_1768,1768,0,real,Qeveria ndan nga 300 euro për mantelbardhët,118,short_61_120,Linear SVM decision score (jo probabilitet),-1.0231733115256392,0,True,correct
linear_svm_c_2_0,2.0,true_1783,1783,0,real,"Khabib – Gaethje, caktohet përfundimisht data për meçin e zjarrtë",123,medium_121_250,Linear SVM decision score (jo probabilitet),-0.46704099435688956,0,True,correct
linear_svm_c_2_0,2.0,true_1785,1785,0,real,"​Ndalohen të gjitha veprimtaritë fetare, nuk lejohet as therja e kafshëve në shtëpi",161,medium_121_250,Linear SVM decision score (jo probabilitet),-0.919680468057334,0,True,correct
linear_svm_c_2_0,2.0,true_1790,1790,0,real,Gazmend Gjyshinca: Kujtim Shala dhe Arben Gashi më ngrehen nga krahu dhe më thanë budalla,352,long_gt_250,Linear SVM decision score (jo probabilitet),-1.5630672123976876,0,True,correct
linear_svm_c_2_0,2.0,true_1795,1795,0,real,Fauci thotë se përgjigja mbi vaksinën për COVID-19 mund të vijë në ‘tetor ose nëntor’,245,medium_121_250,Linear SVM decision score (jo probabilitet),-0.8173610996945033,0,True,correct
linear_svm_c_2_0,2.0,true_1799,1799,0,real,Një grua në TikTok ndau një truk që ndihmon për gjetjen e xhinseve të duhura,234,medium_121_250,Linear SVM decision score (jo probabilitet),-0.43660243878047494,0,True,correct
linear_svm_c_2_0,2.0,true_1804,1804,0,real,"Lëvoret e shalqirit, të mbushura me produkte ushqyese",219,medium_121_250,Linear SVM decision score (jo probabilitet),-0.1819456452879618,0,True,correct
linear_svm_c_2_0,2.0,true_1811,1811,0,real,Deputetja Eliza Hoxha rrëfen përvojën dhe betejën me COVID-19,657,long_gt_250,Linear SVM decision score (jo probabilitet),-1.3239194644113594,0,True,correct
linear_svm_c_2_0,2.0,true_1814,1814,0,real,Ish-lojtari i Ballkanit ndërron jetë nga COVID-19,156,medium_121_250,Linear SVM decision score (jo probabilitet),-2.0181731986933356,0,True,correct
linear_svm_c_2_0,2.0,true_1815,1815,0,real,"Qeveria me masa të reja për kopshtet, gastronominë e fusha tjera",130,medium_121_250,Linear SVM decision score (jo probabilitet),-1.2483971118775847,0,True,correct
linear_svm_c_2_0,2.0,true_1819,1819,0,real,"Shkretëtira shndërrohet në varrezë, skena rrëqethëse nga Iraku",220,medium_121_250,Linear SVM decision score (jo probabilitet),-0.795565093906853,0,True,correct
linear_svm_c_2_0,2.0,true_1820,1820,0,real,"Ka filluar të mbahet gara robotikës “First Global Challenge”, Kosova kryeson në listë",163,medium_121_250,Linear SVM decision score (jo probabilitet),-0.14172259312952223,0,True,correct
linear_svm_c_2_0,2.0,true_1826,1826,0,real,Si lindi sfondi më i famshëm kompjuterik i të gjitha kohërave – dhe ja si duket tani vendi ku u bë fotografia,421,long_gt_250,Linear SVM decision score (jo probabilitet),-1.0968558524144456,0,True,correct
linear_svm_c_2_0,2.0,true_1832,1832,0,real,"Kina raporton numrin më të madh të rasteve me coronavirus, që nga fundi i shpërthimit të Wuhan",170,medium_121_250,Linear SVM decision score (jo probabilitet),-1.2311282712149445,0,True,correct
linear_svm_c_2_0,2.0,true_1834,1834,0,real,"Gastronomët ia ‘dorëzojnë çelësat’ Qeverisë së Kosovës, kërkojnë përkrahje institucionale",170,medium_121_250,Linear SVM decision score (jo probabilitet),-1.2720256330292097,0,True,correct
linear_svm_c_2_0,2.0,true_1839,1839,0,real,Horoskopi javor për periudhën nga 27 korrik – 03 gusht,1619,long_gt_250,Linear SVM decision score (jo probabilitet),-1.4127136214533396,0,True,correct
linear_svm_c_2_0,2.0,true_1848,1848,0,real,Mustafa: Dialogu është krejtësisht politik dhe rezulton me marrëveshje politike ndërshtetërore për njohje reciproke,255,long_gt_250,Linear SVM decision score (jo probabilitet),-1.4233597141369572,0,True,correct
linear_svm_c_2_0,2.0,true_1853,1853,0,real,Sabri Fejzullahu përkujton veprimtarin Adem Demaçi në dyvjetorin e vdekjes së tij,141,medium_121_250,Linear SVM decision score (jo probabilitet),-0.9662221830053248,0,True,correct
linear_svm_c_2_0,2.0,true_1861,1861,0,real,A mund të vetëkallet më lehtë vetura që ka aparat klime?,202,medium_121_250,Linear SVM decision score (jo probabilitet),-1.2010514168276447,0,True,correct
linear_svm_c_2_0,2.0,true_1873,1873,0,real,DailyMail shkruan për nënën e Rita Orës: 56-vjeçarja Vera që rrëmben vëmendjen me paraqitjet e saj me bikini në plazh,245,medium_121_250,Linear SVM decision score (jo probabilitet),-1.1482302497235244,0,True,correct
linear_svm_c_2_0,2.0,true_1874,1874,0,real,FSK blen automjete të blinduara nga Ushtria amerikane,92,short_61_120,Linear SVM decision score (jo probabilitet),-0.7690227491314117,0,True,correct
linear_svm_c_2_0,2.0,true_1885,1885,0,real,Çaji i zakonshëm i nenexhikut – Ilaç universal i gjyshes që vërtet është i fuqishëm!,588,long_gt_250,Linear SVM decision score (jo probabilitet),-0.25482182932808567,0,True,correct
linear_svm_c_2_0,2.0,true_1894,1894,0,real,Në Spitalin e Pejës dje ka vdekur një pacient me COVID-19,137,medium_121_250,Linear SVM decision score (jo probabilitet),-1.4445133458471462,0,True,correct
linear_svm_c_2_0,2.0,true_1898,1898,0,real,Djersitja është dukuri shumë më e ndërlikuar seç mendoni,695,long_gt_250,Linear SVM decision score (jo probabilitet),-0.7218130944346484,0,True,correct
linear_svm_c_2_0,2.0,true_1904,1904,0,real,Këto vende ishin model i suksesit në luftën ndaj coronavirusit – por nuk janë më!,917,long_gt_250,Linear SVM decision score (jo probabilitet),-1.4369470754806852,0,True,correct
linear_svm_c_2_0,2.0,true_1906,1906,0,real,"Fansi e quajti lojtar ‘shumë të mbivlerësuar’, Toni Kross i përgjigjet në mënyrë epike",281,long_gt_250,Linear SVM decision score (jo probabilitet),-1.3826825769846276,0,True,correct
linear_svm_c_2_0,2.0,true_1912,1912,0,real,Rastet e reja me coronavirus – 91 vetëm në Prishtinë,284,long_gt_250,Linear SVM decision score (jo probabilitet),-1.1024285970954624,0,True,correct
linear_svm_c_2_0,2.0,true_1913,1913,0,real,Rita Ora në lidhje serioze me Roman Gavras,133,medium_121_250,Linear SVM decision score (jo probabilitet),-0.12272585825909471,0,True,correct
linear_svm_c_2_0,2.0,true_1917,1917,0,real,"Dua Lipa në frymë patriotike, publikon flamurin ‘Autochthonous’ dhe kuptimin e fjalës",157,medium_121_250,Linear SVM decision score (jo probabilitet),-0.9787804819857071,0,True,correct
linear_svm_c_2_0,2.0,true_1920,1920,0,real,LVV reagon pas akuzave të PDK-së për Telekomin: Sejdi Hoxha i ka kushtuar Postës mbi 50 mijë euro për dy vite,385,long_gt_250,Linear SVM decision score (jo probabilitet),-0.9230535158160427,0,True,correct
linear_svm_c_2_0,2.0,true_1923,1923,0,real,"Shpërndau lajmin se ka vdekur Isa Mustafa, policia arreston të dyshuarin",149,medium_121_250,Linear SVM decision score (jo probabilitet),-1.3622848236682819,0,True,correct
linear_svm_c_2_0,2.0,true_1925,1925,0,real,Florentino Perez thotë se Benzema duhet ta fitojë Topin e Artë këtë vit,177,medium_121_250,Linear SVM decision score (jo probabilitet),-0.9740680491853715,0,True,correct
linear_svm_c_2_0,2.0,true_1928,1928,0,real,Përfundon takimi Hoti-Vuçiq në Bruksel,364,long_gt_250,Linear SVM decision score (jo probabilitet),-1.3640481956312012,0,True,correct
linear_svm_c_2_0,2.0,true_1931,1931,0,real,Magjia verore në ETC vjen me zbritje deri në 50%,292,long_gt_250,Linear SVM decision score (jo probabilitet),0.024273349226028695,1,False,false_positive
linear_svm_c_2_0,2.0,true_1932,1932,0,real,Nipi i Elvis Presleyt është emri më i ri që i bashkohet listës së yjeve që nuk iu shmangën mallkimit të “Klubit 27”,435,long_gt_250,Linear SVM decision score (jo probabilitet),-1.1605985981907019,0,True,correct
linear_svm_c_2_0,2.0,true_1933,1933,0,real,Haradinaj: Aktakuzat ndaj Thaçit dhe Veselit janë goditje ndaj lirisë së Kosovës,431,long_gt_250,Linear SVM decision score (jo probabilitet),-0.8090743383899153,0,True,correct
linear_svm_c_2_0,2.0,true_1935,1935,0,real,Haradinaj: Nëse konfirmohen akuzat ndaj Thaçit e Veselit Kosova rrezikon të dëmtohet rëndë,155,medium_121_250,Linear SVM decision score (jo probabilitet),0.2002308385166084,1,False,false_positive
linear_svm_c_2_0,2.0,true_1938,1938,0,real,"Kjo është sasia e mjaftueshme e ujit, të cilin duhet ta konsumojmë për të qenë të shëndetshëm",428,long_gt_250,Linear SVM decision score (jo probabilitet),-0.09309357453528638,0,True,correct
linear_svm_c_2_0,2.0,true_1939,1939,0,real,Kendall Jenner vë në pah të pasmet në imazhet e fundit me të brendshme,153,medium_121_250,Linear SVM decision score (jo probabilitet),-1.1284566978981783,0,True,correct
linear_svm_c_2_0,2.0,true_1951,1951,0,real,Jakupi: Edhe Kosova do të bëjë përpjekje për të siguruar disa doza të ilaçit që trajton pacientët me COVID-19,212,medium_121_250,Linear SVM decision score (jo probabilitet),-0.8002134828007199,0,True,correct
linear_svm_c_2_0,2.0,true_1960,1960,0,real,Ledri Vula rrëfen historinë me Sara Hoxhën dhe planet për t’u bërë baba,305,long_gt_250,Linear SVM decision score (jo probabilitet),-1.1108253177435556,0,True,correct
linear_svm_c_2_0,2.0,true_1963,1963,0,real,Sadio Mane mezi ka pritur të rifillojë Liga Premier – senegalezi harroi se duhet gjunjëzuar në shenjë nderimi për “Black Lives Matter”,170,medium_121_250,Linear SVM decision score (jo probabilitet),-1.0813694760492474,0,True,correct
linear_svm_c_2_0,2.0,true_1966,1966,0,real,Viola von Cramon shpreson se kosovarëve do t’iu hiqen vizat kur Gjermania ta marrë Presidencën,205,medium_121_250,Linear SVM decision score (jo probabilitet),0.4139693132779626,1,False,false_positive
linear_svm_c_2_0,2.0,true_1967,1967,0,real,Vuçiq: Nga Lavrovi pranova informata shqetësuese për çështjen e Kosovës,142,medium_121_250,Linear SVM decision score (jo probabilitet),-0.5731290447924886,0,True,correct
linear_svm_c_2_0,2.0,true_1979,1979,0,real,WhatsApp do t’ju lejojë të përdorni të njëjtën llogari deri në katër pajisje,92,short_61_120,Linear SVM decision score (jo probabilitet),-0.7590538505022215,0,True,correct
linear_svm_c_2_0,2.0,true_1982,1982,0,real,"Labinot Tahiri reagon i revoltuar: Kjo është një gënjeshtër, le të më dërgojnë në burg mua dhe gjithë estradën",216,medium_121_250,Linear SVM decision score (jo probabilitet),-1.038355860815702,0,True,correct
linear_svm_c_2_0,2.0,true_1988,1988,0,real,Konjufca: Mustafa përsëri do t’ia bëjë votat Thaçit për president,217,medium_121_250,Linear SVM decision score (jo probabilitet),-0.45266088646505104,0,True,correct
linear_svm_c_2_0,2.0,true_1991,1991,0,real,"Kylie Jenner etiketohet si raciste, kryqëzohet nga fansat pasi vetëm 13 për qind e punonjësve në markën e saj janë njerëz me ngjyrë",272,long_gt_250,Linear SVM decision score (jo probabilitet),-1.0086833049813708,0,True,correct
linear_svm_c_2_0,2.0,fake_24,24,1,fake,"Askush Nuk Po E Besonte Që Kjo Ka’fshë Është Në Këtë Vend, Banorët Janë Mbledhur Dhe… VIDEO",66,short_61_120,Linear SVM decision score (jo probabilitet),1.9601501718501624,1,True,correct
linear_svm_c_2_0,2.0,fake_30,30,1,fake,Vallëzimi I Nuses Në Dasmën E Saj Po Mahnitë Të Gjithë Në Rrjetet Sociale,72,short_61_120,Linear SVM decision score (jo probabilitet),0.4401486227937951,1,True,correct
linear_svm_c_2_0,2.0,fake_31,31,1,fake,"Babai Merr Dy Ditë Leje Për Lindjen E Fëmijes, Kur Papritur I Vjen Nje Mesazh Nga Shefi I Tij Që E Lë Pa M,End",112,short_61_120,Linear SVM decision score (jo probabilitet),0.7267694237458917,1,True,correct
linear_svm_c_2_0,2.0,fake_33,33,1,fake,Njihuni Me Shqiptarën E Parë Që U Bë Milionere Me Bitcoin (FOTO),213,medium_121_250,Linear SVM decision score (jo probabilitet),0.01803817251173495,1,True,correct
linear_svm_c_2_0,2.0,fake_45,45,1,fake,"Nisi Procesi Për Punë Sezonale Në Itali, Ja Sa Shqiptarë Mund Të Përfitojnë Punë Bashkë Me Leje Qëndrimi",78,short_61_120,Linear SVM decision score (jo probabilitet),0.6332221064031605,1,True,correct
linear_svm_c_2_0,2.0,fake_46,46,1,fake,"Rasti i rralle qe emocjonoi gjithe boten,i biri pa duar ushqen nenen e paralizuar (Video)",107,short_61_120,Linear SVM decision score (jo probabilitet),1.2359397365711429,1,True,correct
linear_svm_c_2_0,2.0,fake_50,50,1,fake,EKSLUZIVE:Rasheli Tregon Pa Dorashka Arsyen Pse U Largua Nga Ermali “Ai Me Ngacmonte Dhe …”,94,short_61_120,Linear SVM decision score (jo probabilitet),1.8292335482430435,1,True,correct
linear_svm_c_2_0,2.0,fake_57,57,1,fake,Soda Del Jasht “Loje” Ky Eshte Perberesi I Cili Do Te Sheroj Lukthin Tuaj Ne Vetem Pak Dite,188,medium_121_250,Linear SVM decision score (jo probabilitet),0.12295595381398472,1,True,correct
linear_svm_c_2_0,2.0,fake_60,60,1,fake,"Po na përlot me rolin e saj! Flet Ejlyli, tregon të pathënat e jetës së saj: U bëra…",99,short_61_120,Linear SVM decision score (jo probabilitet),1.0203395520693215,1,True,correct
linear_svm_c_2_0,2.0,fake_64,64,1,fake,"Mbani Lotët! Vajza E Zbulon Pak Para Dasmës Që I Fejuari Ia Kishte Dredhur, Më Pas Ia Bën…",75,short_61_120,Linear SVM decision score (jo probabilitet),1.7355955657996651,1,True,correct
linear_svm_c_2_0,2.0,fake_66,66,1,fake,Gazetarja E Njohur Rrëfen Ëndrrën Me Edi Ramën Gjatë Karantinës: Më Ka… (Video),107,short_61_120,Linear SVM decision score (jo probabilitet),0.8035322099029287,1,True,correct
linear_svm_c_2_0,2.0,fake_68,68,1,fake,"Ata Duheshin Shumë, Por Babai I Saj Nuk Ja Jepte Për Grua Edhe Pse Ajo Mbeti Shtatëzanë. Ajo Që Ndodhi 56 Vite Më Vonë Do T’ju Përlotë…",121,medium_121_250,Linear SVM decision score (jo probabilitet),1.5999437164219767,1,True,correct
linear_svm_c_2_0,2.0,fake_70,70,1,fake,"BE Përshëndet Miratimin E ‘5 Qershorit’, Apeli I Sorecës: Mos Dëmtoni Frymën E Reformës Zgjedhore",93,short_61_120,Linear SVM decision score (jo probabilitet),0.669026574993054,1,True,correct
linear_svm_c_2_0,2.0,fake_71,71,1,fake,"“T Ërmeti I Madh Do Ndryshojë Tokën, Kontinentet Do Ndahen Përgjysmë”, A Larmi I Shkencëtarit",118,short_61_120,Linear SVM decision score (jo probabilitet),1.657852880943832,1,True,correct
linear_svm_c_2_0,2.0,fake_74,74,1,fake,"Gezim I Madh Ne Familjen E Shkurte Fejzes, Ja Qfare Ndodhi ..",90,short_61_120,Linear SVM decision score (jo probabilitet),1.3374288253067244,1,True,correct
linear_svm_c_2_0,2.0,fake_77,77,1,fake,Kush Është Kjo Gruaja Që Sot Protestoi Dhe Tha:Do Ta Tuboj Popullaten Nuk Ka Ndërtim Të Xhamisë,120,short_61_120,Linear SVM decision score (jo probabilitet),1.3030313874608834,1,True,correct
linear_svm_c_2_0,2.0,fake_79,79,1,fake,"Plas Sh Erri Brenda Familjes Miliardere, Motra Urdhëron “Vr Ásjen” E Të Vëllait",132,medium_121_250,Linear SVM decision score (jo probabilitet),1.2480529793554573,1,True,correct
linear_svm_c_2_0,2.0,fake_100,100,1,fake,Bëhet Baba Në Moshën 92-Vjeçare Dhe Ai Deshiron Qe Ta…,75,short_61_120,Linear SVM decision score (jo probabilitet),0.7899369302227002,1,True,correct
linear_svm_c_2_0,2.0,fake_101,101,1,fake,"Nuk Është Parë As Dëgjuar Ndonjëherë, Nëna Lind Fëmijën Dhe Pas 2 Ditësh Merr Lajmin Që Nuk E Priste Kurrë",163,medium_121_250,Linear SVM decision score (jo probabilitet),-0.0864738809926871,0,False,false_negative
linear_svm_c_2_0,2.0,fake_112,112,1,fake,"Ekskluzive: Shitet urgjent Golf 5, Çmimi 2600 Euro, pres blers serioz (Foto/Video)",90,short_61_120,Linear SVM decision score (jo probabilitet),1.6296224226146228,1,True,correct
linear_svm_c_2_0,2.0,fake_116,116,1,fake,"Para Me Thasë, SHTETl Ku Paraja Nuk Ka Asnjë VIerë",96,short_61_120,Linear SVM decision score (jo probabilitet),1.5321603594070852,1,True,correct
linear_svm_c_2_0,2.0,fake_121,121,1,fake,"Rasti i rralle qe emocjonoi gjithe boten,i biri pa duar ushqen nenen e paralizuar (Video)",109,short_61_120,Linear SVM decision score (jo probabilitet),1.2290605444334797,1,True,correct
linear_svm_c_2_0,2.0,fake_124,124,1,fake,"Flet Nga SHBA Mjeku Per Shqiperine: Vjeshta Do Jete E Tm.Errshme, Ja Çdo Të Ndodhë",95,short_61_120,Linear SVM decision score (jo probabilitet),2.2188551480656544,1,True,correct
linear_svm_c_2_0,2.0,fake_125,125,1,fake,"U Nda Nga Eros Grezda/ Oriola Marashi E Zevendeson Menjehere, Me Ke Po I Kalon Pushimet Bukuroshja",100,short_61_120,Linear SVM decision score (jo probabilitet),1.9207639428614223,1,True,correct
linear_svm_c_2_0,2.0,fake_129,129,1,fake,"Kapi Peshkun, Por Burri U Sho Kua Nga Ajo Se Çfarë I Gjeti Në Stomak",155,medium_121_250,Linear SVM decision score (jo probabilitet),1.4087815848176173,1,True,correct
linear_svm_c_2_0,2.0,fake_136,136,1,fake,Si të bëheni milioner për 2020-ën/ 6 tradita për të sjellë fatin e mirë për Vitin e Ri (FOTO),85,short_61_120,Linear SVM decision score (jo probabilitet),0.3078461627223096,1,True,correct
linear_svm_c_2_0,2.0,fake_163,163,1,fake,"E fundit! Shtrohet ne spital nga koronavirusi biznesmeni dhe deputeti i PS-së,",87,short_61_120,Linear SVM decision score (jo probabilitet),1.079644641384766,1,True,correct
linear_svm_c_2_0,2.0,fake_164,164,1,fake,Vetëm 11 Ditësh Dhe Me Dhëmbë? ‘Zbulohet’ E Vërteta E Videos Që Po ‘Çmend’ Rrjetin (Video),73,short_61_120,Linear SVM decision score (jo probabilitet),1.7006641009411596,1,True,correct
linear_svm_c_2_0,2.0,fake_169,169,1,fake,Përse Nuk Duhet Të Kaloni Natën Pranë Varrezave…,98,short_61_120,Linear SVM decision score (jo probabilitet),1.4237948720326121,1,True,correct
linear_svm_c_2_0,2.0,fake_174,174,1,fake,"E FUNDIT:Publikohen Pamjet EKSLUZIVE Endrit Thaçi, Djali I Presidenti Blen Veturë 35 Mijë Euro Populli Ska Buk Me Honger",97,short_61_120,Linear SVM decision score (jo probabilitet),1.780445697259278,1,True,correct
linear_svm_c_2_0,2.0,fake_176,176,1,fake,"TURP!! 3 mijë euro për një nuse, si i shiten vajzat Shqiptarëve burrave Serbë",107,short_61_120,Linear SVM decision score (jo probabilitet),1.364018159505924,1,True,correct
linear_svm_c_2_0,2.0,fake_186,186,1,fake,"LAJMI I FUNDIT: Gjërat ”rrotulluan” krejtësisht, prishet ”loja” LDK-VV – Kush e bëri këtë?",76,short_61_120,Linear SVM decision score (jo probabilitet),1.434208851369564,1,True,correct
linear_svm_c_2_0,2.0,fake_189,189,1,fake,Super lajm nga Zvicra – Shqiptarja lind gjashtënjakë por do te Çmendeni se Çfarë i ofroj shteti,114,short_61_120,Linear SVM decision score (jo probabilitet),1.2748366770161073,1,True,correct
linear_svm_c_2_0,2.0,fake_195,195,1,fake,Shitet Iphone X cmimi vetem 200 euro nxito sasi e limituar,66,short_61_120,Linear SVM decision score (jo probabilitet),1.1135634641885075,1,True,correct
linear_svm_c_2_0,2.0,fake_197,197,1,fake,"Ka 3 adresa Facebook-u per tu shkruar te dashurave, gruaja i nxjerr ‘bojën’ burrit! Por Ardit Gjebrea i ben ate qe nuk e priste",95,short_61_120,Linear SVM decision score (jo probabilitet),1.2108552114519406,1,True,correct
linear_svm_c_2_0,2.0,fake_204,204,1,fake,"Është Vetëm 8-Muajshe, Por Ka Diçka Të Veçantë Që Askush Nuk E Beson Se Është Ajo",98,short_61_120,Linear SVM decision score (jo probabilitet),2.018047267830649,1,True,correct
linear_svm_c_2_0,2.0,fake_211,211,1,fake,Kos apo qumësht? Ky është ideali për mëngjes dhe do jeni me energji gjithë ditën,71,short_61_120,Linear SVM decision score (jo probabilitet),1.4119364163184984,1,True,correct
linear_svm_c_2_0,2.0,fake_212,212,1,fake,"Babai i saj trim u nda nga jeta 22 vite më parë, këngëtarja shqiptare të prek në shpirt me fjalët",118,short_61_120,Linear SVM decision score (jo probabilitet),0.30569834409848295,1,True,correct
linear_svm_c_2_0,2.0,fake_213,213,1,fake,"Mjellma ng.ordh nga “ze mra e th.yèr”, adoIeshentët i th.yen vezèt e saj me tuIIa",142,medium_121_250,Linear SVM decision score (jo probabilitet),0.6675191044489226,1,True,correct
linear_svm_c_2_0,2.0,fake_219,219,1,fake,"VIDEO EKSLUZIVE:Kevina Kthella Ngre Temperaturat, Shëtit Me Mbathje Në Rrugë Pa Komplekse Dhe Cmend Te Rinjte Dhe Pleqtë",94,short_61_120,Linear SVM decision score (jo probabilitet),0.9662158052440795,1,True,correct
linear_svm_c_2_0,2.0,fake_221,221,1,fake,Shikojeni me çfarë deklarate vjen tani Naim Abazi për Mihrijën! (PAMJE),82,short_61_120,Linear SVM decision score (jo probabilitet),0.24950600173340712,1,True,correct
linear_svm_c_2_0,2.0,fake_232,232,1,fake,"Koronavirusi/ “Kjo situatë mund të zgjasë deri në 3 vjet”, kryeministri Rama “befason” që të gjithë",150,medium_121_250,Linear SVM decision score (jo probabilitet),0.9178275605089998,1,True,correct
linear_svm_c_2_0,2.0,fake_234,234,1,fake,"Anulohen dasmat e muajit gusht, ja çfarë do ndodhë me dasmat !?",156,medium_121_250,Linear SVM decision score (jo probabilitet),0.44208342721073907,1,True,correct
linear_svm_c_2_0,2.0,fake_238,238,1,fake,"Dëgjonte zhurma në tavan, por aty sipër gjen një “thesar” të vërtetë (FOTO)",79,short_61_120,Linear SVM decision score (jo probabilitet),0.25439647427702466,1,True,correct
linear_svm_c_2_0,2.0,fake_240,240,1,fake,E kush nuk e njeh kete lule? Ajo sheron sem undje qe ju as qe i coni neper mend,84,short_61_120,Linear SVM decision score (jo probabilitet),1.2252999429476208,1,True,correct
linear_svm_c_2_0,2.0,fake_248,248,1,fake,"Këngëtarja Shqiptare Merr Masa Për Pastërti, Fut Nën Ujë Edhe Celularin!",92,short_61_120,Linear SVM decision score (jo probabilitet),0.9642400319610107,1,True,correct
linear_svm_c_2_0,2.0,fake_252,252,1,fake,Nxirrni jargë teksa flini ? Kjo shenjë tregon që ju vuani nga një sëm undje e cila prek…(VIDEO),189,medium_121_250,Linear SVM decision score (jo probabilitet),1.131834371373666,1,True,correct
linear_svm_c_2_0,2.0,fake_255,255,1,fake,KUJDES: Këtë Vendim Të Policisë Së Kosovës Duhet Ta Dini Të Gjithë!,105,short_61_120,Linear SVM decision score (jo probabilitet),0.7482556969469321,1,True,correct
linear_svm_c_2_0,2.0,fake_257,257,1,fake,Nga Ilaçet Te Recetat Në Shtëpi: Si Mund Të Trajtohet Humbja E Nuhatjes,87,short_61_120,Linear SVM decision score (jo probabilitet),0.7702398689625835,1,True,correct
linear_svm_c_2_0,2.0,fake_262,262,1,fake,Do u rrëqethet mishi nga kjo histori! Kjo shqiptare u martua në moshën 15-vjeçare e humbi 7 fëmijë: Jam..,106,short_61_120,Linear SVM decision score (jo probabilitet),1.2574234579903065,1,True,correct
linear_svm_c_2_0,2.0,fake_267,267,1,fake,NJlHUNl me artistin korean që po “truIIos” botën me veprat e tij,81,short_61_120,Linear SVM decision score (jo probabilitet),0.9085087952267421,1,True,correct
linear_svm_c_2_0,2.0,fake_271,271,1,fake,"VIDEO:‘Noizy E Liroi Nga B Urgu, E Takonte Në Fushë Krujë’/ Klodiana Lala Zbulon Cfare Ndodhi Ne Va Rrimin E Hekuran Billës: Morën Pjesë Edhe Emra Të Botës Së K Rimit",92,short_61_120,Linear SVM decision score (jo probabilitet),1.5700528933647042,1,True,correct
linear_svm_c_2_0,2.0,fake_276,276,1,fake,"Pasanikët Po Ikin Nga Coronavirusi, Po Futen Nën Tokë – Apartamenti Më I Lirë Në Bunker Kushton Një Milion Dollarë",102,short_61_120,Linear SVM decision score (jo probabilitet),1.125666971933605,1,True,correct
linear_svm_c_2_0,2.0,fake_282,282,1,fake,“Jam e tro.nditur…”. Eni Çobanit indodh e papritura: Ti duhet të dish dhe ha.llin tim,91,short_61_120,Linear SVM decision score (jo probabilitet),1.6784385686050807,1,True,correct
linear_svm_c_2_0,2.0,fake_290,290,1,fake,EPABESUESHME : Dy djem gropojnë një vend por shikoni cfar nxjerrin ..,67,short_61_120,Linear SVM decision score (jo probabilitet),0.7645064324657025,1,True,correct
linear_svm_c_2_0,2.0,fake_298,298,1,fake,"Shkoi për pushime në Shëngjin, Ja çka i ndodhi 34 vjeçarit nga Kosova",66,short_61_120,Linear SVM decision score (jo probabilitet),0.5506949408585505,1,True,correct
linear_svm_c_2_0,2.0,fake_299,299,1,fake,Lista Serbe për Vjosa Osmanin: Ti moj Vjosa na ndoqe në korridor për t’i dhënë votat për kryetare të Kuvendit,163,medium_121_250,Linear SVM decision score (jo probabilitet),0.18835235903383885,1,True,correct
linear_svm_c_2_0,2.0,fake_301,301,1,fake,"“Dieta Me Oriz”! Minus 10 Kg, Dobësimi Që Nuk Rimerr Kilet As Pas 6 Vitesh",114,short_61_120,Linear SVM decision score (jo probabilitet),1.0815962277950935,1,True,correct
linear_svm_c_2_0,2.0,fake_304,304,1,fake,Trumpi I Drejtohet Popullit Amerikan: Ju Njoftoj Se Nga Ky Moment Ne Do Të…,88,short_61_120,Linear SVM decision score (jo probabilitet),1.2799314761868925,1,True,correct
linear_svm_c_2_0,2.0,fake_306,306,1,fake,"Albin Kurti e jep lajmin e madh: Më në fund gjithçka përfundoj, URIME KOSOVË",89,short_61_120,Linear SVM decision score (jo probabilitet),2.02554842932461,1,True,correct
linear_svm_c_2_0,2.0,fake_307,307,1,fake,"“Bombardohet” Mihrihe Braha, takon për herë të parë “djalin jashtëmartesor” të Naim Abazit pas 19 viteve (VIDEO)",80,short_61_120,Linear SVM decision score (jo probabilitet),0.7339246153646392,1,True,correct
linear_svm_c_2_0,2.0,fake_308,308,1,fake,"Juria U Tall Dhe Dyshonte Shumë Në Talentin E Saj, Nuk E Dinin Se Ajo Do Ta Ngritë Publikun Në Këmbë!(Video)",111,short_61_120,Linear SVM decision score (jo probabilitet),0.35582794704187687,1,True,correct
linear_svm_c_2_0,2.0,fake_317,317,1,fake,"Dyshonin Se Ishte Shta’tzënë, Mjekët Bëjnë Zbu’limin E Tmer.Rshëm",87,short_61_120,Linear SVM decision score (jo probabilitet),0.9722730885834254,1,True,correct
linear_svm_c_2_0,2.0,fake_323,323,1,fake,"Kjo Vajzë Cdo Ditë E Puthte Këtë Të Pastrehë, Por Cfarë Bëri Plaku Për Të, Do Mbeteni Pa Fjalë",370,long_gt_250,Linear SVM decision score (jo probabilitet),-0.092290713063298,0,False,false_negative
linear_svm_c_2_0,2.0,fake_325,325,1,fake,Edi Rama ka “dasht” me nda Kosovën (tonë). Ramush Haradinaj “pa dasht” e ka nda Çakorrin (Video),78,short_61_120,Linear SVM decision score (jo probabilitet),1.5371919185817213,1,True,correct
linear_svm_c_2_0,2.0,fake_332,332,1,fake,LAJMI I FUNDIT: Infektohet Me CO -19 Këngëtari I Njohur Kosovar!,79,short_61_120,Linear SVM decision score (jo probabilitet),0.5330072317709608,1,True,correct
linear_svm_c_2_0,2.0,fake_343,343,1,fake,"Naim Abazi: Punë ka sa të duash, po rinia po kanë qef me nejt në kafe, me prit prej babës hala!",96,short_61_120,Linear SVM decision score (jo probabilitet),0.1260166362595594,1,True,correct
linear_svm_c_2_0,2.0,fake_345,345,1,fake,"I Tregoi Të Dashurës Se Jetonte Në Rrugë, Reagimi I Vajzës Do Ju Lërë Pa Fjalë…",82,short_61_120,Linear SVM decision score (jo probabilitet),0.4800236178038381,1,True,correct
linear_svm_c_2_0,2.0,fake_351,351,1,fake,"Lejeni menjane ujin me limon ne mengjes, vazhdoni te konsumoni kete perberje qe po cmend te gjithe",488,long_gt_250,Linear SVM decision score (jo probabilitet),0.4418316231436775,1,True,correct
linear_svm_c_2_0,2.0,fake_352,352,1,fake,"Ekskluzive: Vjosa Osmani me parti të re, Ja si do të quhet partia e saj!",112,short_61_120,Linear SVM decision score (jo probabilitet),1.1359491877978154,1,True,correct
linear_svm_c_2_0,2.0,fake_353,353,1,fake,"Burri vetëm për letra më ka marr mua, tani qe s’kemi as njeri letrat më thotë dil gjeje një tjetër…",600,long_gt_250,Linear SVM decision score (jo probabilitet),0.7057828975523484,1,True,correct
linear_svm_c_2_0,2.0,fake_354,354,1,fake,Lëngu i qepës efikas kundër katër sëmundjeve!?,270,long_gt_250,Linear SVM decision score (jo probabilitet),-0.2497562663397191,0,False,false_negative
linear_svm_c_2_0,2.0,fake_355,355,1,fake,Mediat serbe: Serbia njeh Kosovën dhe hyn në BE,332,long_gt_250,Linear SVM decision score (jo probabilitet),0.18231975330784056,1,True,correct
linear_svm_c_2_0,2.0,fake_367,367,1,fake,Tmerr për Kosovën kush po e përfaqëson! Zbulohet detaje tronditese,96,short_61_120,Linear SVM decision score (jo probabilitet),1.9519450959980513,1,True,correct
linear_svm_c_2_0,2.0,fake_368,368,1,fake,Kjo qe do te ndodhe te Henen ne Kosove do iu shokoje,143,medium_121_250,Linear SVM decision score (jo probabilitet),1.2730863173274736,1,True,correct
linear_svm_c_2_0,2.0,fake_369,369,1,fake,"Avdullah Hotin nuk e do as fshati i tij Ratkoc, ja çfarë thanë disa prej tyre. – (VIDEO)",95,short_61_120,Linear SVM decision score (jo probabilitet),2.1359984862777,1,True,correct
linear_svm_c_2_0,2.0,fake_375,375,1,fake,Ja sa është paga e Naser Rafuna tek seriali ‘Çka ka shpija.’,75,short_61_120,Linear SVM decision score (jo probabilitet),1.8591000304086442,1,True,correct
linear_svm_c_2_0,2.0,fake_383,383,1,fake,Albin Kurtin e shokon Hashim Thaçin me kete qe i zbuloi per luften dhe hagen,83,short_61_120,Linear SVM decision score (jo probabilitet),3.197450484358099,1,True,correct
linear_svm_c_2_0,2.0,fake_384,384,1,fake,"Skandal: Nuk iu lindi djalë, babai vret vetën e ja se çfarë i ndodhi nënës së re",139,medium_121_250,Linear SVM decision score (jo probabilitet),0.5248484500460463,1,True,correct
linear_svm_c_2_0,2.0,fake_394,394,1,fake,"Kjo video po fikson botën, janë futur veta 20 makinë/ Shikoni si dalin një nga një",77,short_61_120,Linear SVM decision score (jo probabilitet),2.4365152955927583,1,True,correct
linear_svm_c_2_0,2.0,fake_395,395,1,fake,"Shkoni në vendin ku ishte burri, gruaja e kap atë keq me një femër dhe u bën të pabërën",87,short_61_120,Linear SVM decision score (jo probabilitet),1.9062821964248648,1,True,correct
linear_svm_c_2_0,2.0,fake_412,412,1,fake,"“Eskalon” familjari i deputetit Xhavit Ukaj, fyen rëndë Vjosa Osmanin",85,short_61_120,Linear SVM decision score (jo probabilitet),1.54056095017706,1,True,correct
linear_svm_c_2_0,2.0,fake_415,415,1,fake,Flet edhe njëherë deputeti që iu vërsul Osmanit në Kuvend: Me pas dashtë me e sulmua e kisha…,109,short_61_120,Linear SVM decision score (jo probabilitet),1.0751654098452477,1,True,correct
linear_svm_c_2_0,2.0,fake_417,417,1,fake,LAJMI I FUNDIT – Më në fund Lajm i mirë për vizat,147,medium_121_250,Linear SVM decision score (jo probabilitet),1.5180937943986037,1,True,correct
linear_svm_c_2_0,2.0,fake_423,423,1,fake,"Fero postoi foto me armë, Arbenita e frikësuar se ai ‘do ta vrasë’",70,short_61_120,Linear SVM decision score (jo probabilitet),2.0600744800167856,1,True,correct
linear_svm_c_2_0,2.0,fake_428,428,1,fake,Zyrtari i VV-së habit me deklaratën për Thaçin dhe Veselin,87,short_61_120,Linear SVM decision score (jo probabilitet),1.2416052720617485,1,True,correct
linear_svm_c_2_0,2.0,fake_430,430,1,fake,E jashtëzakonshme: Merkel me flamurin e Kosovës para syve të Vuçiqit,78,short_61_120,Linear SVM decision score (jo probabilitet),1.4631776584354674,1,True,correct
linear_svm_c_2_0,2.0,fake_433,433,1,fake,Pasi u infektua me Covid-19 vdes Mustafa,57,very_short_le_60,Linear SVM decision score (jo probabilitet),0.5736199385821475,1,True,correct
linear_svm_c_2_0,2.0,fake_434,434,1,fake,"Lajm qe duhet ta din te gjithe, Viber do behet me para detaje ekskluzive",78,short_61_120,Linear SVM decision score (jo probabilitet),0.8882425297999894,1,True,correct
linear_svm_c_2_0,2.0,fake_439,439,1,fake,‘Çartet’ Sami Lushtaku ia zbulon kete gje Rexhep Selimit,93,short_61_120,Linear SVM decision score (jo probabilitet),1.8344210040716225,1,True,correct
linear_svm_c_2_0,2.0,fake_451,451,1,fake,Maqedonia e Veriut e shokon Kosoven dhe qytetaret e saj me kete vendim qe morri,78,short_61_120,Linear SVM decision score (jo probabilitet),1.9581481204324462,1,True,correct
linear_svm_c_2_0,2.0,fake_454,454,1,fake,Këto janë pikat kufitare ku iu kërkohet testi për COVID-19,98,short_61_120,Linear SVM decision score (jo probabilitet),0.6849042623886805,1,True,correct
linear_svm_c_2_0,2.0,fake_463,463,1,fake,Emily Ratajkowski duket super s.e.ksi në fotografitë e fundit,94,short_61_120,Linear SVM decision score (jo probabilitet),1.0561875249616666,1,True,correct
linear_svm_c_2_0,2.0,fake_465,465,1,fake,"Lë Bashkëshorten E Tij Për Një Grua Më Të Re. Çfarë Ndodh 3 Vite Më Vonë, E Lë Atë Pa Fjalë…",136,medium_121_250,Linear SVM decision score (jo probabilitet),1.4331541870453044,1,True,correct
linear_svm_c_2_0,2.0,fake_472,472,1,fake,"Acarohen raportet e Serbisë me Rusinë, ja çfarë veprimi ka bërë Vuçiq",101,short_61_120,Linear SVM decision score (jo probabilitet),1.182126429897591,1,True,correct
linear_svm_c_2_0,2.0,fake_479,479,1,fake,Ja sa kohë duhet për ta marrë virusin në një bar apo restaurant,112,short_61_120,Linear SVM decision score (jo probabilitet),1.4801724393955864,1,True,correct
linear_svm_c_2_0,2.0,fake_480,480,1,fake,Gani Geci: Hashim Thaçi ma i dëmshëm se KoronaVirusi në këtë kohë!,78,short_61_120,Linear SVM decision score (jo probabilitet),2.4681851794151153,1,True,correct
linear_svm_c_2_0,2.0,fake_481,481,1,fake,"Detaji që u iku të gjithëve: Tyta e automatikut në shtëpinë e prindërve të Thaçit, e “zbuloi” Veseli",85,short_61_120,Linear SVM decision score (jo probabilitet),1.9882188962053813,1,True,correct
linear_svm_c_2_0,2.0,fake_483,483,1,fake,"Nasim Haradinaj: o Ramush Haradinaj, Lakmia e pushteti të prishë!",80,short_61_120,Linear SVM decision score (jo probabilitet),1.6930891256982197,1,True,correct
linear_svm_c_2_0,2.0,fake_495,495,1,fake,Lajmi i fundit: Hashim Thaçi ¨tenton¨ te ia merr jeten Gani Gecit,197,medium_121_250,Linear SVM decision score (jo probabilitet),-0.13945386054722225,0,False,false_negative
linear_svm_c_2_0,2.0,fake_496,496,1,fake,Mulla Osmani i ‘bie shuplakë’ Milaim Zekës live në emision (Video),81,short_61_120,Linear SVM decision score (jo probabilitet),0.8566852120318014,1,True,correct
linear_svm_c_2_0,2.0,fake_508,508,1,fake,Shikoni  reagimin e Leonora Jakupit për ndërtimin e xhamisë në Prishtinë,82,short_61_120,Linear SVM decision score (jo probabilitet),-0.7232720522636302,0,False,false_negative
linear_svm_c_2_0,2.0,fake_515,515,1,fake,"Bac Qikat e Kosoves po na zbardhin ftyren, Kjo qe beri tash Rita Ora eshte e madhe!",352,long_gt_250,Linear SVM decision score (jo probabilitet),-0.6290505824395689,0,False,false_negative
linear_svm_c_2_0,2.0,fake_520,520,1,fake,LAJMI BOMBASTIK / Richard Grenell: Vizat Mund Të Hiqen Ditën E Dielë (VIDEO),162,medium_121_250,Linear SVM decision score (jo probabilitet),1.9258427399697944,1,True,correct
linear_svm_c_2_0,2.0,fake_527,527,1,fake,A e keni ditur se kjo moderatore është motra e Haki Abazit?,76,short_61_120,Linear SVM decision score (jo probabilitet),2.0037260122407887,1,True,correct
linear_svm_c_2_0,2.0,fake_528,528,1,fake,Ganja e PDK-s thot se Vjosa tash pa LDK-n as 10% ska me mujt me i fitu,189,medium_121_250,Linear SVM decision score (jo probabilitet),0.521680374226521,1,True,correct
linear_svm_c_2_0,2.0,fake_530,530,1,fake,Shuma marramendëse: Robert Berisha tregon sa paguhet në koncerte,142,medium_121_250,Linear SVM decision score (jo probabilitet),-0.4921200365020649,0,False,false_negative
linear_svm_c_2_0,2.0,fake_531,531,1,fake,EKSKLUZIVE: Albin Kurti President i Kosoves?,86,short_61_120,Linear SVM decision score (jo probabilitet),3.406087670764167,1,True,correct
linear_svm_c_2_0,2.0,fake_535,535,1,fake,‘Hashim Thaçi’ futet papritmas në emisionin ku ishte Berat Buzhala (Video),96,short_61_120,Linear SVM decision score (jo probabilitet),0.4037934343339713,1,True,correct
linear_svm_c_2_0,2.0,fake_536,536,1,fake,Dardan Molliqaj ia publikon këtë ‘top sekret’ Albin Kurtit,65,short_61_120,Linear SVM decision score (jo probabilitet),0.2756541520320718,1,True,correct
linear_svm_c_2_0,2.0,fake_539,539,1,fake,E PAPRITUR: Ja Kush Është I Dashuri I Ri I Nora Istrefit sdo ta besoni,96,short_61_120,Linear SVM decision score (jo probabilitet),1.6704132598040984,1,True,correct
linear_svm_c_2_0,2.0,fake_544,544,1,fake,Kur pritet t’u mundësohet qytetarëve tërheqja e parave nga Trusti?,209,medium_121_250,Linear SVM decision score (jo probabilitet),-0.6486449951511379,0,False,false_negative
linear_svm_c_2_0,2.0,fake_545,545,1,fake,"E pabesueshme, banorët e ketij fshati kapin gjarprin me përmasa të frikshme (Foto)",84,short_61_120,Linear SVM decision score (jo probabilitet),0.06720945869132228,1,True,correct
linear_svm_c_2_0,2.0,fake_553,553,1,fake,"Dhurata shkëlqeu e veshur e tëra me lule, por nuk do ta besoni sa kushtoi veshja e saj",97,short_61_120,Linear SVM decision score (jo probabilitet),0.19054635299875505,1,True,correct
linear_svm_c_2_0,2.0,fake_555,555,1,fake,Kosova zë vendin e parë në Evropë si vendi me numrin më të madh të infektuarve,158,medium_121_250,Linear SVM decision score (jo probabilitet),-0.8273888784606349,0,False,false_negative
linear_svm_c_2_0,2.0,fake_556,556,1,fake,"BE-ja dhe SHBA e godasin fort Serbine, cmenden serbet",86,short_61_120,Linear SVM decision score (jo probabilitet),0.9550409905533981,1,True,correct
linear_svm_c_2_0,2.0,fake_571,571,1,fake,E papritur:Qeveria fut në karantinë edhe katër komuna,98,short_61_120,Linear SVM decision score (jo probabilitet),-0.2361099552710208,0,False,false_negative
linear_svm_c_2_0,2.0,fake_573,573,1,fake,TURP: Ja çfarë thonë mediat serbe për shkuarjen e Thaçit në Hagë,105,short_61_120,Linear SVM decision score (jo probabilitet),0.4381627953598362,1,True,correct
linear_svm_c_2_0,2.0,fake_580,580,1,fake,Ja kur pritet te vijë Vala e dytë e Covid-19.,146,medium_121_250,Linear SVM decision score (jo probabilitet),0.2930175916082789,1,True,correct
linear_svm_c_2_0,2.0,fake_582,582,1,fake,"Nuk Ka Te Ndalur Tayna, Tregon Si Po Rrit Të Pasmet E Saj Çdo Ditë",111,short_61_120,Linear SVM decision score (jo probabilitet),1.670459510850313,1,True,correct
linear_svm_c_2_0,2.0,fake_583,583,1,fake,"Azem Hajdari ku i thotë Thaçit “të rre hi si qenin more pis…”, ka dy fjalë për Isa Mustafën",191,medium_121_250,Linear SVM decision score (jo probabilitet),0.2583015883413261,1,True,correct
linear_svm_c_2_0,2.0,fake_584,584,1,fake,Albin Kurti kapet në aeroport,90,short_61_120,Linear SVM decision score (jo probabilitet),0.7154916957131818,1,True,correct
linear_svm_c_2_0,2.0,fake_585,585,1,fake,LAJMI I FUNDIT – E pabesushme ja qka i ndodhi Isa Mustafes ne keto momente pas infektimit me COVID 19,152,medium_121_250,Linear SVM decision score (jo probabilitet),2.7420205979180037,1,True,correct
linear_svm_c_2_0,2.0,fake_586,586,1,fake,Përhapja e virusit nuk ndalohet me gjendjen e jashtëzakonshme.,165,medium_121_250,Linear SVM decision score (jo probabilitet),-0.20571964816377813,0,False,false_negative
linear_svm_c_2_0,2.0,fake_592,592,1,fake,"Mjeku Pipero jep lajmin e mirë: Shqipëria s’do izolohet sërish, vetëm nëse bëni këtë gjë",97,short_61_120,Linear SVM decision score (jo probabilitet),0.20664913337770896,1,True,correct
linear_svm_c_2_0,2.0,fake_600,600,1,fake,"LAJMI I FUNDIT: Eshë ulur çmimi i naftës,nuk do ta besoni se sa ka ra!?",145,medium_121_250,Linear SVM decision score (jo probabilitet),0.9116416776770229,1,True,correct
linear_svm_c_2_0,2.0,fake_603,603,1,fake,Neurologët: Njerëzit me simptoma të butë të koronavirusit po pësojnë çrregullime serioze të trurit,501,long_gt_250,Linear SVM decision score (jo probabilitet),-0.7978514409202957,0,False,false_negative
linear_svm_c_2_0,2.0,fake_608,608,1,fake,E FUNDIT:Video Eksluzive ”Lajm I Madh Nga Zemaj: Do Ta Porosisim Vaksinën Kundër Koronavirusit”,164,medium_121_250,Linear SVM decision score (jo probabilitet),0.7955602660409685,1,True,correct
linear_svm_c_2_0,2.0,fake_611,611,1,fake,Ka përçarje brenda LDK’së? Isa Mustafa trondite me kete qe tha!,124,medium_121_250,Linear SVM decision score (jo probabilitet),1.3991149350194032,1,True,correct
linear_svm_c_2_0,2.0,fake_612,612,1,fake,"WOW kjo eshte e madhe, Ambasadori Gjerman jep nje lajm te madh per Albin Kurtin dhe Vjosa Osmanin",89,short_61_120,Linear SVM decision score (jo probabilitet),0.5339793831505091,1,True,correct
linear_svm_c_2_0,2.0,fake_614,614,1,fake,LAJMI I FUNDIT -Ne kete jave po kthehemi ne Karantine?,465,long_gt_250,Linear SVM decision score (jo probabilitet),-0.5786460600588437,0,False,false_negative
linear_svm_c_2_0,2.0,fake_618,618,1,fake,Mergimtari qe erdhi nga Zvicra tregon çka i ndodhi sdo ta besoni(VIDEO),97,short_61_120,Linear SVM decision score (jo probabilitet),1.932033525250805,1,True,correct
linear_svm_c_2_0,2.0,fake_619,619,1,fake,“Godet“ Veton Surroi: Ata qe e “kalle” flamurin e Kosovës sigurisht janë katundar nga Drenica,85,short_61_120,Linear SVM decision score (jo probabilitet),0.30615441784248465,1,True,correct
linear_svm_c_2_0,2.0,fake_621,621,1,fake,"Pasi u martuan, gruaja mëson pse burri nuk “e prek”. Kur ai bënte dush ajo e pa hapur…",280,long_gt_250,Linear SVM decision score (jo probabilitet),-0.28531737565645204,0,False,false_negative
linear_svm_c_2_0,2.0,fake_629,629,1,fake,Aktorja nga Gjilani i quan kosovarët dreqër,93,short_61_120,Linear SVM decision score (jo probabilitet),-0.33837389050636807,0,False,false_negative
linear_svm_c_2_0,2.0,fake_631,631,1,fake,"Habitet 22 Vjeçarja Shqiptare Nga Zvicra: Ju Rr Efej Se Cka Ndodh Me Ata Që Martohen Për Letra, Mua Më…",128,medium_121_250,Linear SVM decision score (jo probabilitet),0.6692188324063848,1,True,correct
linear_svm_c_2_0,2.0,fake_638,638,1,fake,Lajmi më i ri sa i përket pagesave prej 170 eurosh për punëtorët që mbetën pa punë gjatë pandemisë!,174,medium_121_250,Linear SVM decision score (jo probabilitet),-0.948505229461543,0,False,false_negative
linear_svm_c_2_0,2.0,fake_652,652,1,fake,"Beogradi shpall gjendjen e jashtëzakonshme, kjo e keqe po ndodh atje",78,short_61_120,Linear SVM decision score (jo probabilitet),0.42477169226311995,1,True,correct
linear_svm_c_2_0,2.0,fake_655,655,1,fake,Krenar Gashi:“Avdullah Hoti Mund Të Bëhet Si Ibrahim Rugova “ ndoshta me i zoti se aj,161,medium_121_250,Linear SVM decision score (jo probabilitet),-0.08335364388768413,0,False,false_negative
linear_svm_c_2_0,2.0,fake_671,671,1,fake,"E Fundit VIDEO Eksluzive:Harrojeni Covid19,Frika E Shkencëtarëve: “Hëna Do Të Përplaset Me Tokën”",94,short_61_120,Linear SVM decision score (jo probabilitet),1.1154694863018033,1,True,correct
linear_svm_c_2_0,2.0,fake_675,675,1,fake,"I Shkatërrohet Karriera, Nora Istrefit I Publikohet Video Me Avokatin E Njohur Kosovar",70,short_61_120,Linear SVM decision score (jo probabilitet),1.4018486347800332,1,True,correct
linear_svm_c_2_0,2.0,fake_679,679,1,fake,Fatmir Limaj: Albini As Pragun Ska Me Kalu Ne Zgjedhje Te Reja Keni Me Pa O Popull – VIDEO –,154,medium_121_250,Linear SVM decision score (jo probabilitet),0.9716875296454288,1,True,correct
linear_svm_c_2_0,2.0,fake_680,680,1,fake,Ganja e PDK-s Kur tka qef Vjosa matum me vota qe si fitoj 50% ma shum se ajo une dha dorheqje nga PDK-ja,196,medium_121_250,Linear SVM decision score (jo probabilitet),0.6612891094627318,1,True,correct
linear_svm_c_2_0,2.0,fake_694,694,1,fake,"LAJMI I FUNDIT: Vjosa Osmani nuk ndalet, Ja jep goditjen finale Isa Mustafes",148,medium_121_250,Linear SVM decision score (jo probabilitet),0.06519283953607807,1,True,correct
linear_svm_c_2_0,2.0,fake_702,702,1,fake,LAJMI I FUNDIT – Thaçi: Nëse nuk arrihet marrëveshja me 27 qershor kjo do të ndodhë…,2233,long_gt_250,Linear SVM decision score (jo probabilitet),-0.8471324831256846,0,False,false_negative
linear_svm_c_2_0,2.0,fake_713,713,1,fake,"Mixha hyri në një restorant luksoz dhe i shërben kamarierja më e mirë, por të nesërmen ajo shkarkohet pas asaj që kishte bërë!",489,long_gt_250,Linear SVM decision score (jo probabilitet),-0.14184350209355562,0,False,false_negative
linear_svm_c_2_0,2.0,fake_721,721,1,fake,"Cka po ndodh ne shesh te Prishtines,zjarrefiksat jane aty dhe",83,short_61_120,Linear SVM decision score (jo probabilitet),1.0973917933854407,1,True,correct
linear_svm_c_2_0,2.0,fake_731,731,1,fake,Kryeministri britanik jep lajmin e madh: Ja kur mbaron kriza nga COVID-19,136,medium_121_250,Linear SVM decision score (jo probabilitet),0.92890621131062,1,True,correct
linear_svm_c_2_0,2.0,fake_744,744,1,fake,Studimi i ri: Njerëzit kanë më shumë gjasa të infektohen në shtëpi se sa jashtë,121,medium_121_250,Linear SVM decision score (jo probabilitet),0.30054185372071895,1,True,correct
linear_svm_c_2_0,2.0,fake_745,745,1,fake,Vaksina “premtuese” e COVID-19 në Oxford: Çfarë është ajo dhe katër gjërat tjera që duhet ditur,99,short_61_120,Linear SVM decision score (jo probabilitet),0.36294038047780547,1,True,correct
linear_svm_c_2_0,2.0,fake_747,747,1,fake,Hoxha nga Drenica i përmend me emra: Këta janë islamofobët që po u pengon ndërtimi i xhamisë,89,short_61_120,Linear SVM decision score (jo probabilitet),1.3521010022919577,1,True,correct
linear_svm_c_2_0,2.0,fake_756,756,1,fake,"Fotografi brenda Klinikës Infektive në QKUK, mjekë të lodhur e rraskapitur: Këtu as Supermeni nuk bën punë",251,long_gt_250,Linear SVM decision score (jo probabilitet),0.6659093185708052,1,True,correct
linear_svm_c_2_0,2.0,fake_758,758,1,fake,Çfarë e zhduk koronavirusin? Italianët bëjnë zbulimin që do na rikthejë në normalitet,100,short_61_120,Linear SVM decision score (jo probabilitet),1.1987743253580563,1,True,correct
linear_svm_c_2_0,2.0,fake_760,760,1,fake,Mj eku i njohur Pellumb Pipero jep lajmin e k eq: Pa ndemia mund të zgjasë deri në..,126,medium_121_250,Linear SVM decision score (jo probabilitet),0.6155148852063519,1,True,correct
linear_svm_c_2_0,2.0,fake_765,765,1,fake,"Intervistimi 4 ditor i Thaçit, Raportuesja për Kosovën bënë veprimin e papritur",210,medium_121_250,Linear SVM decision score (jo probabilitet),1.496288909189729,1,True,correct
linear_svm_c_2_0,2.0,fake_772,772,1,fake,"Ylli super seksi i ‘Victoria Secret’ kapet ‘mat’ nga paparacit, bikinit morën të gjithë vëmendjen",143,medium_121_250,Linear SVM decision score (jo probabilitet),1.1402298773632382,1,True,correct
linear_svm_c_2_0,2.0,fake_781,781,1,fake,Greqia: I dhimbshëm vendimi për xhaminë,120,short_61_120,Linear SVM decision score (jo probabilitet),1.0329853411177279,1,True,correct
linear_svm_c_2_0,2.0,fake_783,783,1,fake,Të marrësh kredi për të bërë fëmijë / historia emocionuese e çiftit që u bënë prindër pas 15 vitesh,135,medium_121_250,Linear SVM decision score (jo probabilitet),0.5200551626567252,1,True,correct
linear_svm_c_2_0,2.0,fake_788,788,1,fake,Albin Kurti e quan Zezaj Ministrin e Shëndetësisë,257,long_gt_250,Linear SVM decision score (jo probabilitet),0.39019557806399535,1,True,correct
linear_svm_c_2_0,2.0,fake_789,789,1,fake,"Zemaj deputetëve të VV’së: Ju jeni shëtit me paramilitarë, unë jam nip i Mic Sokolit",246,medium_121_250,Linear SVM decision score (jo probabilitet),-0.5627469502358109,0,False,false_negative
linear_svm_c_2_0,2.0,fake_793,793,1,fake,"Bëri dasmë në kohën e koronavirusit, Rama i bën shqiptarit atë që nuk e kishte parë as në ëndrrat më të k ëqija",134,medium_121_250,Linear SVM decision score (jo probabilitet),0.7735733560504738,1,True,correct
linear_svm_c_2_0,2.0,fake_803,803,1,fake,A do të mbyllen prapë xhamitë?,71,short_61_120,Linear SVM decision score (jo probabilitet),1.0555901433663908,1,True,correct
linear_svm_c_2_0,2.0,fake_808,808,1,fake,FËMlJA i a doptuar thotë DlÇKA në sallën e GJYQlT që prek z emrën e të GJlTHËVE,146,medium_121_250,Linear SVM decision score (jo probabilitet),0.664856875612023,1,True,correct
linear_svm_c_2_0,2.0,fake_809,809,1,fake,Oj Qeveri: Ku mbetën 170 eurot që qytetarët janë në pritje të tyre ?,109,short_61_120,Linear SVM decision score (jo probabilitet),0.43995298051512055,1,True,correct
linear_svm_c_2_0,2.0,fake_825,825,1,fake,"Eskalon situata në Serbi, protesutesit futen në Kuvend",99,short_61_120,Linear SVM decision score (jo probabilitet),0.8057594367707865,1,True,correct
linear_svm_c_2_0,2.0,fake_830,830,1,fake,"‘Cmendet’ Moti Në Shqipëri, Shihni Çfarë Po Ndodh Në Plazhin E Borshit",100,short_61_120,Linear SVM decision score (jo probabilitet),1.2951502457807413,1,True,correct
linear_svm_c_2_0,2.0,fake_833,833,1,fake,A paguhen 10 ditët e humbura të karantinës në Zvicër? Flet Shoqata e Sipermarrësve Zviceranë,251,long_gt_250,Linear SVM decision score (jo probabilitet),0.04110446536174994,1,True,correct
linear_svm_c_2_0,2.0,fake_835,835,1,fake,"Video Eksluzive:“Doja Të Bleja Shtëpi, Ai Ishte Ndërtuesi I Pallatit”, Alketa Vejsiu Rr Ëfen Hi Storinë! Si U Njoh Me Burrin: U Çmenda Pas Syve Të Tij",127,medium_121_250,Linear SVM decision score (jo probabilitet),0.8324708753514107,1,True,correct
linear_svm_c_2_0,2.0,fake_856,856,1,fake,"Gjermania planifikon vendimin e madh, ja qfarë pritet të ndodhë",149,medium_121_250,Linear SVM decision score (jo probabilitet),0.037158167212472726,1,True,correct
linear_svm_c_2_0,2.0,fake_858,858,1,fake,Çdo bëhet me këtë vend?! Zëri i Amerikës ia pl.as të vërtetën Shqipërisë: Më ulët se kurrë…,134,medium_121_250,Linear SVM decision score (jo probabilitet),0.45797285844725766,1,True,correct
linear_svm_c_2_0,2.0,fake_863,863,1,fake,"Video Eksluzive:“Shqiperia Ka Qene Greqi”, Këngëtarja E Njohur ‘Shp Ërthen’ Ndaj Arjan Çanit: Ky Njeri Duhet Te",105,short_61_120,Linear SVM decision score (jo probabilitet),0.8532834008180397,1,True,correct
linear_svm_c_2_0,2.0,fake_875,875,1,fake,"Labi gëzon vajzën me aftësi të kufizuara, ia dorëzon një karrocë të re (VIDEO)",139,medium_121_250,Linear SVM decision score (jo probabilitet),1.0666156439854775,1,True,correct
linear_svm_c_2_0,2.0,fake_880,880,1,fake,Kadri Veseli “kë.rcënon” ata që u pasuruan pa djersë,112,short_61_120,Linear SVM decision score (jo probabilitet),0.9591722562111126,1,True,correct
linear_svm_c_2_0,2.0,fake_887,887,1,fake,"Vjen një lajm shumë i keq për Kosovën dhe qytetarët e saj, KUJDES",112,short_61_120,Linear SVM decision score (jo probabilitet),1.5650280885766956,1,True,correct
linear_svm_c_2_0,2.0,fake_888,888,1,fake,Doktori i QKUK-së hedh vrer mbi politikanët kosovarë: A keni familje more politikuaj,92,short_61_120,Linear SVM decision score (jo probabilitet),0.873834874190726,1,True,correct
linear_svm_c_2_0,2.0,fake_889,889,1,fake,"E Porsalindur Dhe Ecën, Publikohen Pamjet Mbreslënëse Dhe… (VIDEO EMOCIONUESE)",62,short_61_120,Linear SVM decision score (jo probabilitet),2.1239180832323403,1,True,correct
linear_svm_c_2_0,2.0,fake_890,890,1,fake,"Policia Nuk Kursehet Aspak Për Familjen Shqiptare, E Shpo.Rrin Me Urgjencë. 26-Vjeçarja Me Barkun Te Goja Bashkë Me Djalin 2 -Vjeçar",139,medium_121_250,Linear SVM decision score (jo probabilitet),0.6328696989468338,1,True,correct
linear_svm_c_2_0,2.0,fake_906,906,1,fake,Nga VV tregojnë nëse do ta pranojnë Vjosa Osmanin në parti,95,short_61_120,Linear SVM decision score (jo probabilitet),1.2617134954144364,1,True,correct
linear_svm_c_2_0,2.0,fake_907,907,1,fake,VIDEO EKSLUZIVE:Grida Duma: Edi Rama Ka Pro.Bleme Me Pastër.Tinë E Duarve…,98,short_61_120,Linear SVM decision score (jo probabilitet),1.870007999661883,1,True,correct
linear_svm_c_2_0,2.0,fake_908,908,1,fake,VIDEO EKSLUZIVE:Ilir Meta E Financoi Me Parat E Dro.Ges Filmin E Bes Kallakut Dhe I Solli Dhe Dashnoren Bleonen Si Aktore…,138,medium_121_250,Linear SVM decision score (jo probabilitet),1.1631962881467581,1,True,correct
linear_svm_c_2_0,2.0,fake_910,910,1,fake,Kjo është mundësia e ardhjes së mërgimtarëve nga Gjermania,79,short_61_120,Linear SVM decision score (jo probabilitet),1.5711681145990335,1,True,correct
linear_svm_c_2_0,2.0,fake_917,917,1,fake,"Rruga shnd.ërrohet në ri.ng, shoferi n.oka.uton tri herë shoferin tjetër",83,short_61_120,Linear SVM decision score (jo probabilitet),0.8767554020349362,1,True,correct
linear_svm_c_2_0,2.0,fake_931,931,1,fake,"Xheni dhe partnerja e saj duan të bëhen me fëmijë, ja kush do jetë dhuruesi",89,short_61_120,Linear SVM decision score (jo probabilitet),1.5664686698975174,1,True,correct
linear_svm_c_2_0,2.0,fake_938,938,1,fake,"Leje qëndrimi për punëtorët sezonalë në Itali, nis procesi, ja sa shqiptarë mund të përfitojnë…",104,short_61_120,Linear SVM decision score (jo probabilitet),1.3873676544893419,1,True,correct
linear_svm_c_2_0,2.0,fake_939,939,1,fake,(VIDEO) A Nuk Eshte Mrekulli? Momenti Kur Femija Shpetohet Nga Mb.Ytja Ne Pishine,106,short_61_120,Linear SVM decision score (jo probabilitet),0.9524987287153563,1,True,correct
linear_svm_c_2_0,2.0,fake_945,945,1,fake,"Exluzive Aeroplani Rrëzohet Në Det, Piloti Filmon Momentin E Shpëtimit Nga..",125,medium_121_250,Linear SVM decision score (jo probabilitet),0.4145093576868623,1,True,correct
linear_svm_c_2_0,2.0,fake_950,950,1,fake,"Zeka: Albin Kurti po nxit vëllavrasjen, mund të ketë lufte civile",83,short_61_120,Linear SVM decision score (jo probabilitet),1.5636586280630609,1,True,correct
linear_svm_c_2_0,2.0,fake_965,965,1,fake,Çka nëse nuk mbahen dasmat këtë verë?,79,short_61_120,Linear SVM decision score (jo probabilitet),1.4337167318783304,1,True,correct
linear_svm_c_2_0,2.0,fake_966,966,1,fake,"Arben, edhe ti a?🤦‍♂️",107,short_61_120,Linear SVM decision score (jo probabilitet),0.5624679023429584,1,True,correct
linear_svm_c_2_0,2.0,fake_974,974,1,fake,Engjellusha a je ti? Nuk i besova syve kur të shikova në plazhë!,90,short_61_120,Linear SVM decision score (jo probabilitet),0.01749223385015647,1,True,correct
linear_svm_c_2_0,2.0,fake_975,975,1,fake,"Flet Meda “Ja kam pa hajrin ktij populli, me shpi e kerra”",88,short_61_120,Linear SVM decision score (jo probabilitet),0.6182914124028389,1,True,correct
linear_svm_c_2_0,2.0,fake_979,979,1,fake,"Kosova në zgjedhje të jashtëzakonshme, Kjo është data!",186,medium_121_250,Linear SVM decision score (jo probabilitet),0.4714612678605137,1,True,correct
linear_svm_c_2_0,2.0,fake_988,988,1,fake,"Rexhaj ‘godet’ Nasim Haradinajn, o Nasim ti je banditi më i madh që ka Kosova",99,short_61_120,Linear SVM decision score (jo probabilitet),0.7377920364836121,1,True,correct
linear_svm_c_2_0,2.0,fake_991,991,1,fake,"Kështu u pritë jashtë Presidenti Thaçi, pas përfundimit të intervistimit në Hagë (Video)",107,short_61_120,Linear SVM decision score (jo probabilitet),0.6363745832435682,1,True,correct
linear_svm_c_2_0,2.0,fake_994,994,1,fake,Albin Kurti është takuar me fshehurazi me qeverinë e sërbisë mos i besoni ketij tradhtari o popull,172,medium_121_250,Linear SVM decision score (jo probabilitet),0.6235331404867683,1,True,correct
linear_svm_c_2_0,2.0,fake_1005,1005,1,fake,"Urime Kosovë! Në këtë datë në Korrik do hiqen Vizat, SHBA jep lajmin e madh",105,short_61_120,Linear SVM decision score (jo probabilitet),1.0631582501371026,1,True,correct
linear_svm_c_2_0,2.0,fake_1028,1028,1,fake,"BE i’a palon Grenellit: Bën veprimin e papritur për Kosovën, hiqen vizat për Kosovën??",261,long_gt_250,Linear SVM decision score (jo probabilitet),-0.30798944185801297,0,False,false_negative
linear_svm_c_2_0,2.0,fake_1034,1034,1,fake,"Rr’ahje mes dasmorëve në Prishtinë, bërtit “Nusja koka si Lop” (Video)",115,short_61_120,Linear SVM decision score (jo probabilitet),0.04810060216035805,1,True,correct
linear_svm_c_2_0,2.0,fake_1037,1037,1,fake,"Daçiq: Na jepni Veriun e Kosovës, pastaj fillojmë me bisedime!",344,long_gt_250,Linear SVM decision score (jo probabilitet),-0.4245295311379644,0,False,false_negative
linear_svm_c_2_0,2.0,fake_1042,1042,1,fake,"Afrim Muçiqi: Nëse nuk na lejohet puna, do t’i mbajmë dasmat në shesh apo livadhe",166,medium_121_250,Linear SVM decision score (jo probabilitet),-0.5192430924571403,0,False,false_negative
linear_svm_c_2_0,2.0,fake_1054,1054,1,fake,LAJMI FUNDIT: Vjosa Osmani antarsohet në Vetëvendosje ja detajet,96,short_61_120,Linear SVM decision score (jo probabilitet),0.4801748149487686,1,True,correct
linear_svm_c_2_0,2.0,fake_1055,1055,1,fake,SHBA vjen me Super Lajm Për Kosovën,286,long_gt_250,Linear SVM decision score (jo probabilitet),-0.5784669057747938,0,False,false_negative
linear_svm_c_2_0,2.0,fake_1064,1064,1,fake,Nuk do ta besoni se çka e paralajmëron Isa Mustafa Vjosën!,132,medium_121_250,Linear SVM decision score (jo probabilitet),-0.10510261499392876,0,False,false_negative
linear_svm_c_2_0,2.0,fake_1076,1076,1,fake,Isa Mustafa marrja e Qeverisë në këtë kohë është sakrificë që po bënë LDK-ja,103,short_61_120,Linear SVM decision score (jo probabilitet),0.5851803062801705,1,True,correct
linear_svm_c_2_0,2.0,fake_1079,1079,1,fake,Agim Veliu “godet“ Vjosen: Oj trashaluqe duhesh mi hjek killat për mu…..,152,medium_121_250,Linear SVM decision score (jo probabilitet),-0.0942416471648097,0,False,false_negative
linear_svm_c_2_0,2.0,fake_1081,1081,1,fake,"Isa Mustafa: Ne Shqiptarët e Kosovës jemi me Amerikën, kurse Albin Kurti….",81,short_61_120,Linear SVM decision score (jo probabilitet),0.12750354616454312,1,True,correct
linear_svm_c_2_0,2.0,fake_1084,1084,1,fake,E pabesueshme se çfarë vendimi pritet të merr Presidenti Hashim Thaçi nëse e…,107,short_61_120,Linear SVM decision score (jo probabilitet),0.9054460537543259,1,True,correct
linear_svm_c_2_0,2.0,fake_1085,1085,1,fake,Glauk Konjufca: Bëhuni gati…Nesër është vetëm nxemje!,170,medium_121_250,Linear SVM decision score (jo probabilitet),-0.6134931523325975,0,False,false_negative
linear_svm_c_2_0,2.0,fake_1090,1090,1,fake,Politikani Serb ‘zbulon’ dy politikanët e Kosovës që po bashkëpunojnë me…,176,medium_121_250,Linear SVM decision score (jo probabilitet),-0.2255076990001032,0,False,false_negative
linear_svm_c_2_0,2.0,fake_1092,1092,1,fake,"Abdulla Hoti “godet“ Lëvizjen Vetëvendosje, ja çka i thotë!",112,short_61_120,Linear SVM decision score (jo probabilitet),-0.00563268789167698,0,False,false_negative
linear_svm_c_2_0,2.0,fake_1101,1101,1,fake,Ky kombinim po i çmend të gjithë: Bëhu me fIokë duke përdorur bananen,194,medium_121_250,Linear SVM decision score (jo probabilitet),0.05257767507054012,1,True,correct
linear_svm_c_2_0,2.0,fake_1104,1104,1,fake,"Nuk hapen xhamitë as në ditët e fundit të Ramazanit, edhe ne Hoxhallarët duam pushim",378,long_gt_250,Linear SVM decision score (jo probabilitet),-0.4940613083885896,0,False,false_negative
linear_svm_c_2_0,2.0,fake_1106,1106,1,fake,"Behgjet Pacolli “befason“ me fjalë: E deshtët apo Jo, Halil Kastrati nuk ban “NONA“ tjetër në Shqiptari",75,short_61_120,Linear SVM decision score (jo probabilitet),0.36481812367398364,1,True,correct
linear_svm_c_2_0,2.0,fake_1108,1108,1,fake,Vjosa po vjen me parti të re politike me 9 deputet!,44,very_short_le_60,Linear SVM decision score (jo probabilitet),0.551316203685316,1,True,correct
linear_svm_c_2_0,2.0,fake_1117,1117,1,fake,"Albin Kurtit do ti ndodhë më e keqja, Ja çka paralajmëron Pacolli",362,long_gt_250,Linear SVM decision score (jo probabilitet),0.479360604560699,1,True,correct
linear_svm_c_2_0,2.0,fake_1119,1119,1,fake,Detaje të reja: Zbulohen mesazhet zyrtare për rastin e 26 vjeçarit që vdiq dje në Qendrën e Studentëve,84,short_61_120,Linear SVM decision score (jo probabilitet),-0.15089994660515132,0,False,false_negative
linear_svm_c_2_0,2.0,fake_1121,1121,1,fake,Vali Corleone flet për Hashim Thaçin e Albin Kurtin: Ja kush janë këta!,73,short_61_120,Linear SVM decision score (jo probabilitet),0.6404434641161931,1,True,correct
linear_svm_c_2_0,2.0,fake_1135,1135,1,fake,Hoxhaj: Kurr sdo të bëhet mirë pa ardhur në krye të Kosovës Kadri Veseli,107,short_61_120,Linear SVM decision score (jo probabilitet),1.5087879065806946,1,True,correct
linear_svm_c_2_0,2.0,fake_1138,1138,1,fake,Hyn dhe Voto dr. Shefqet Krasniqin për imam të xhamisë së re në Prishtinë,104,short_61_120,Linear SVM decision score (jo probabilitet),0.766922748620354,1,True,correct
linear_svm_c_2_0,2.0,fake_1165,1165,1,fake,Çmimi i lartë do tju trondit se sa do të kushtojë një vaksinë anti-korona që e keni patjetër ta merrni!,86,short_61_120,Linear SVM decision score (jo probabilitet),1.7318478660499046,1,True,correct
linear_svm_c_2_0,2.0,fake_1174,1174,1,fake,"Vjen thirrja e fundit për zgjedhje të parakohshme, pas Albinit e penzionojnë edhe Avdullah Hotin",104,short_61_120,Linear SVM decision score (jo probabilitet),0.5834602147280528,1,True,correct
linear_svm_c_2_0,2.0,fake_1179,1179,1,fake,"Bekim Jashari: Albin Kurti , ‘Nuse e mirë po duket por t’ja shohim çeizin’!",110,short_61_120,Linear SVM decision score (jo probabilitet),1.3059284016465589,1,True,correct
linear_svm_c_2_0,2.0,fake_1180,1180,1,fake,"Avdullah Hoti fyen rëndë të gjithë myslimanët që falën nëpër xhami, duke i quajtur…?",81,short_61_120,Linear SVM decision score (jo probabilitet),0.821610572621456,1,True,correct
linear_svm_c_2_0,2.0,fake_1183,1183,1,fake,"Kadri Veseli e ‘pren’ punën e xhamisë, nuk do ta besoni se a dha lejen për ndërtimin apo jo?",88,short_61_120,Linear SVM decision score (jo probabilitet),-0.16480587446619316,0,False,false_negative
linear_svm_c_2_0,2.0,fake_1186,1186,1,fake,"I gjithë shteti në Alarm, Ja ‘Lajmin që e solli nga Haga’ Hashim Thaçi dhe Kadri Veseli",99,short_61_120,Linear SVM decision score (jo probabilitet),1.4194476909274534,1,True,correct
linear_svm_c_2_0,2.0,fake_1191,1191,1,fake,"Specialisti italian na i qetëzoi zemrat të gjithëve: ‘Kjo është e vërteta e koronavirusit, mos bini pre e biznismenëve’",91,short_61_120,Linear SVM decision score (jo probabilitet),1.9065441580471132,1,True,correct
linear_svm_c_2_0,2.0,fake_1194,1194,1,fake,"Media Gjermane: Merkel është e përfshirë në një skandal, ndihmoi Hashim Thaçin me 2 miliardë Euro?",90,short_61_120,Linear SVM decision score (jo probabilitet),0.9754625253889717,1,True,correct
linear_svm_c_2_0,2.0,fake_1197,1197,1,fake,Urime KOSOVË / Qeveria e Izraelit zyrtarisht ofron këtë ndihmë pë çdo qytetar të Kosovës,96,short_61_120,Linear SVM decision score (jo probabilitet),0.7859863059265321,1,True,correct
linear_svm_c_2_0,2.0,fake_1199,1199,1,fake,"Pse shumë njerëz po dështojnë? Cili meriton të kalon i pari, i dyti dhe i fundit?",109,short_61_120,Linear SVM decision score (jo probabilitet),1.8336549497375219,1,True,correct
linear_svm_c_2_0,2.0,fake_1224,1224,1,fake,"Ndërron jetë Luan Bajra pak ditë para martesës, i riu vuante nga kjo sëmundje! Ngushllime familjes Bajra",77,short_61_120,Linear SVM decision score (jo probabilitet),1.1773893063783565,1,True,correct
linear_svm_c_2_0,2.0,fake_1226,1226,1,fake,URIME NA QOFTË / Oxford jep rezultatet e para pozitive të vaksinës që zhduk tërësisht virusin,74,short_61_120,Linear SVM decision score (jo probabilitet),1.323690387737799,1,True,correct
linear_svm_c_2_0,2.0,fake_1230,1230,1,fake,"Vjosa Osmani me lot në sy pranon largimin e saj nga politika, fjalimi i plotë i saj…?",87,short_61_120,Linear SVM decision score (jo probabilitet),1.6892889746514888,1,True,correct
linear_svm_c_2_0,2.0,fake_1234,1234,1,fake,"Viola Cramon ‘trondet’ Kosovën, tregon se cilët dy politikan i than ‘Mos nai liberalizoni vizat pa i fitu na zgjedhjet’",103,short_61_120,Linear SVM decision score (jo probabilitet),1.0422373152714723,1,True,correct
linear_svm_c_2_0,2.0,fake_1243,1243,1,fake,"Historike / DELAWIE: ‘O burra, ne ta harron Serbia që SHBA hjek dor nga Kosova, për at Zot i dua si vëllezër’",99,short_61_120,Linear SVM decision score (jo probabilitet),1.348295738627642,1,True,correct
linear_svm_c_2_0,2.0,fake_1245,1245,1,fake,"Hyri brenda në qabe dhe filmoi pamje nga brenda, u ‘trondit’ nga ajo që pa sepse se kishte menduar kurrë këtë?",84,short_61_120,Linear SVM decision score (jo probabilitet),2.1343491903723284,1,True,correct
linear_svm_c_2_0,2.0,fake_1246,1246,1,fake,"Çmime jashtëzakonisht të ulëta në këto dyqane për shopping, NXITONI URGJENTISHT",87,short_61_120,Linear SVM decision score (jo probabilitet),1.2167708228546594,1,True,correct
linear_svm_c_2_0,2.0,fake_1260,1260,1,fake,"Skena shumë të nxehta, çmendet Edona Llalloshi dhe bën rezil udhëheqësen te ‘Shiko kush luan’",93,short_61_120,Linear SVM decision score (jo probabilitet),1.4694354191687884,1,True,correct
linear_svm_c_2_0,2.0,fake_1266,1266,1,fake,LAJMI I FUNDIT Nga Gjermania – BE-ja më në fund iberalizohen vizat për Kosovarët,98,short_61_120,Linear SVM decision score (jo probabilitet),2.192131366373467,1,True,correct
linear_svm_c_2_0,2.0,fake_1274,1274,1,fake,Mustafa Nano e tepron / E vetmja shpresë për shqiptarin është ardhja e Albin Kurtit në pushtet,78,short_61_120,Linear SVM decision score (jo probabilitet),1.9677479138993061,1,True,correct
linear_svm_c_2_0,2.0,fake_1275,1275,1,fake,"Mjer KOSOVA / Vuçiq e bën ‘hor’ Avduallah Hotin para BE-së, kurse Hoti vetëm shikon si i çmendur",98,short_61_120,Linear SVM decision score (jo probabilitet),1.6541081321943645,1,True,correct
linear_svm_c_2_0,2.0,fake_1279,1279,1,fake,"Ramiz Lladrovci: Pishpirikat e Vetëvendosjes nuk ti baj hesap, Albini Kurti ngelafç ngat mu?",106,short_61_120,Linear SVM decision score (jo probabilitet),1.9253605324327083,1,True,correct
linear_svm_c_2_0,2.0,fake_1285,1285,1,fake,"Kur e pyetën Albert Ajnshtajnin a besonte në Zot, përgjigja e tij la pa frymë gjith Botën",111,short_61_120,Linear SVM decision score (jo probabilitet),1.1488087498336819,1,True,correct
linear_svm_c_2_0,2.0,fake_1290,1290,1,fake,"URIME NA QOFTË / Mbyllen votimet në Maqedoninë e Veriut, shpallet kryeministri i parë shqipëtar atje",89,short_61_120,Linear SVM decision score (jo probabilitet),0.45568691930528327,1,True,correct
linear_svm_c_2_0,2.0,fake_1291,1291,1,fake,Artan Abrashi i VV-së / Krimineli Hashim Thaçi duheshte të jep dorëheqje para se të shkonte sepse sdo të kthehet?,99,short_61_120,Linear SVM decision score (jo probabilitet),1.6378378576880208,1,True,correct
linear_svm_c_2_0,2.0,fake_1293,1293,1,fake,"Pas di vorcit, nëna gjen të d ashur: Ky është mesazhi që fëmijët kanë për t’i dhënë!",87,short_61_120,Linear SVM decision score (jo probabilitet),1.35075530233395,1,True,correct
linear_svm_c_2_0,2.0,fake_1302,1302,1,fake,"BISEDA SEKRETE: Clinton-D’Alema më 23 mars, 1999 për ndërhyrjën e NATO-së në Kosovë",94,short_61_120,Linear SVM decision score (jo probabilitet),1.259218200433815,1,True,correct
linear_svm_c_2_0,2.0,fake_1311,1311,1,fake,EKSKLUZIVE / Këto pamje të filmuara në 1999 të Gani Gecit bëjnë të qarta debatet e këtyre 20 viteve,100,short_61_120,Linear SVM decision score (jo probabilitet),0.8296132535214302,1,True,correct
linear_svm_c_2_0,2.0,fake_1314,1314,1,fake,Hashim Thaçi ‘çartet’ dhe dridh gjithë Amerikën me fjalimin e tij për KOSOVËN HEROIKE,112,short_61_120,Linear SVM decision score (jo probabilitet),0.9010030778093341,1,True,correct
linear_svm_c_2_0,2.0,fake_1320,1320,1,fake,Gent Cakaj: Kur është në pyetje UÇK-ja duhet të jemi 1 or kafsha të pista të Kosovës,86,short_61_120,Linear SVM decision score (jo probabilitet),0.7601317982896183,1,True,correct
linear_svm_c_2_0,2.0,fake_1324,1324,1,fake,Mërgimtarët shqipëtar përlotin Hashim Thaçin me befasinë që ia bënë para Gjykatës së Hagës,87,short_61_120,Linear SVM decision score (jo probabilitet),2.085283472233288,1,True,correct
linear_svm_c_2_0,2.0,fake_1325,1325,1,fake,"Prifti shqipëtar Don Zefi: Ne shqipëtarët katolik vëllezër i kemi grekët dhe serbet,",103,short_61_120,Linear SVM decision score (jo probabilitet),2.022388351037831,1,True,correct
linear_svm_c_2_0,2.0,fake_1334,1334,1,fake,"E Fundit / Shkarkohet presidenti i Shqipërisë Ilir Meta, komisioni hetimor raporton që?",97,short_61_120,Linear SVM decision score (jo probabilitet),0.1355867094909861,1,True,correct
linear_svm_c_2_0,2.0,fake_1336,1336,1,fake,"Nuk e pranuan Hashim Thaçin në shtëpi, vjen reagimi i Bekim Jasharit ku tregon arsyen se pse?",102,short_61_120,Linear SVM decision score (jo probabilitet),1.190783395410447,1,True,correct
linear_svm_c_2_0,2.0,fake_1346,1346,1,fake,Nga nesër bllokim i plotë i lëvizjes së qytetarëve në këto komuna të Kosovës?,95,short_61_120,Linear SVM decision score (jo probabilitet),1.4540117916689774,1,True,correct
linear_svm_c_2_0,2.0,fake_1351,1351,1,fake,Urime Kosovë / Grenell zyrtarisht jep datën kur mund kosovarët të udhëtojnë PA VIZA?,98,short_61_120,Linear SVM decision score (jo probabilitet),1.785812877627807,1,True,correct
linear_svm_c_2_0,2.0,fake_1365,1365,1,fake,Shkëlzen Gashi: Kur un ju thoja nuk e besojshit të vërtetën e UÇK-së,99,short_61_120,Linear SVM decision score (jo probabilitet),1.3484257510461193,1,True,correct
linear_svm_c_2_0,2.0,fake_1371,1371,1,fake,Dokumenti i CIA 1978: Ky ishte politikani që i dha tokat shqipëtare Greqisë,101,short_61_120,Linear SVM decision score (jo probabilitet),0.9658030142218824,1,True,correct
linear_svm_c_2_0,2.0,fake_1379,1379,1,fake,"Shefqet Krasniqi: Mos keni frik nga ky virus, nëse e keni të shkruar do tjesh i fundit që dot kap",86,short_61_120,Linear SVM decision score (jo probabilitet),0.6617462138443877,1,True,correct
linear_svm_c_2_0,2.0,fake_1382,1382,1,fake,‘Dorëzohet Sërbia’ / Numri i viktimave nga virusi në Sërbi thyen rekordin botëror,74,short_61_120,Linear SVM decision score (jo probabilitet),1.337886499127029,1,True,correct
linear_svm_c_2_0,2.0,fake_1385,1385,1,fake,Merkel ia terron Vuçiqit me këtë kërkesë që ia bëri në lidhje me kufijtë dhe njohjen e pavarsisë së Kosovës,87,short_61_120,Linear SVM decision score (jo probabilitet),1.553064960024549,1,True,correct
linear_svm_c_2_0,2.0,fake_1395,1395,1,fake,Krijesë e huaj misterioze me ‘krahët që duken njerëzore’ i vë në dyshim mendjet e njerëzve,85,short_61_120,Linear SVM decision score (jo probabilitet),1.5834022326658277,1,True,correct
linear_svm_c_2_0,2.0,fake_1396,1396,1,fake,Ju Lutem Shpërndaje Që Ta shohin Gjithë / Ja se çfarë po ju ndodh qytetarëve që po udhëtojnë për në Europë,93,short_61_120,Linear SVM decision score (jo probabilitet),1.1371642466646745,1,True,correct
linear_svm_c_2_0,2.0,fake_1413,1413,1,fake,Publikohen për herë të parë fotot e Anisa Josifit në shtratin e vd ekjes,100,short_61_120,Linear SVM decision score (jo probabilitet),0.9591814699773424,1,True,correct
linear_svm_c_2_0,2.0,fake_1415,1415,1,fake,Italia merr vendim të prerë për shtetin e Kosovës dhe bën apel në gjithë Europën për izolim 24 muajsh?,86,short_61_120,Linear SVM decision score (jo probabilitet),1.330928751365832,1,True,correct
linear_svm_c_2_0,2.0,fake_1420,1420,1,fake,"Molliqaj: Hashim Thaçi nuk është anti-amerikan, është k riminel!",71,short_61_120,Linear SVM decision score (jo probabilitet),2.007918260974472,1,True,correct
linear_svm_c_2_0,2.0,fake_1424,1424,1,fake,Plaku nga Kosova: Evropa i ka borxh Kosovës,72,short_61_120,Linear SVM decision score (jo probabilitet),1.4352834521464866,1,True,correct
linear_svm_c_2_0,2.0,fake_1426,1426,1,fake,LAJM I FUNDIT:Nuk do mund ta besoni se ku ndodhet në Këto momente Hashim Thaçi,86,short_61_120,Linear SVM decision score (jo probabilitet),2.4639065622320757,1,True,correct
linear_svm_c_2_0,2.0,fake_1432,1432,1,fake,Këta zyrtarë priten të largohen nga LDK-ja! arsyeja shkarkimi Vjoses?,76,short_61_120,Linear SVM decision score (jo probabilitet),1.4988610696733407,1,True,correct
linear_svm_c_2_0,2.0,fake_1434,1434,1,fake,A do të vazhdojë të jetë antare e LDKsë? Ja çka thotë Osmani,77,short_61_120,Linear SVM decision score (jo probabilitet),1.9883999389353368,1,True,correct
linear_svm_c_2_0,2.0,fake_1441,1441,1,fake,Zbulohet vendin ku ndodhen 28 ton flori!,103,short_61_120,Linear SVM decision score (jo probabilitet),0.9217173058575789,1,True,correct
linear_svm_c_2_0,2.0,fake_1450,1450,1,fake,"Besa Gaxherri: Vjosa Duhet Të Matet, Nuk Është E Rrugës Me Luftu Shtëpinë E Vet",91,short_61_120,Linear SVM decision score (jo probabilitet),1.3011034876420804,1,True,correct
linear_svm_c_2_0,2.0,fake_1451,1451,1,fake,"Erdogan ndan lajmin më të keq pas pandemisë së fundit, shpreh ngushllimet e tij të sinqerta",86,short_61_120,Linear SVM decision score (jo probabilitet),1.0524887418365596,1,True,correct
linear_svm_c_2_0,2.0,fake_1454,1454,1,fake,"I dërgon gabimisht shefit një foto pa rroba, përgjigja e tij e lë pa fjalë",96,short_61_120,Linear SVM decision score (jo probabilitet),1.398220116381622,1,True,correct
linear_svm_c_2_0,2.0,fake_1461,1461,1,fake,Djaloshi ne Prishtine gjen 1450 Euro dhe nje qeles te vetures.,99,short_61_120,Linear SVM decision score (jo probabilitet),1.8394483029996174,1,True,correct
linear_svm_c_2_0,2.0,fake_1465,1465,1,fake,"Gjermania në kërkim të 472 mijë punëtorëve, këto janë profilet më të kërkuara",88,short_61_120,Linear SVM decision score (jo probabilitet),0.7165563815225298,1,True,correct
linear_svm_c_2_0,2.0,fake_1466,1466,1,fake,"Ky pe.nsioner mbante një th.esar në shtëpi, nuk e dinte",94,short_61_120,Linear SVM decision score (jo probabilitet),1.2393963847859693,1,True,correct
linear_svm_c_2_0,2.0,fake_1473,1473,1,fake,"Karkalecat pushtojnë Lindjen e Mesme, bll.okohet qarkullimi i automjeteve",93,short_61_120,Linear SVM decision score (jo probabilitet),0.6563585149707128,1,True,correct
linear_svm_c_2_0,2.0,fake_1474,1474,1,fake,Christopher Hill rrë.fen momente të lu.ftës në Kosovë: Çfarë më tha Millosheviçi pas takimit me UÇK-në,101,short_61_120,Linear SVM decision score (jo probabilitet),0.6954878807243031,1,True,correct
linear_svm_c_2_0,2.0,fake_1475,1475,1,fake,Nuk keni pë ta besuar se cila këngëtare kosovare është kjo vogëlushe,96,short_61_120,Linear SVM decision score (jo probabilitet),0.9174521426439182,1,True,correct
linear_svm_c_2_0,2.0,fake_1484,1484,1,fake,"E mbajti të fshehtë, futbollisti shqiptar bëhet baba për herë të parë",88,short_61_120,Linear SVM decision score (jo probabilitet),0.49663289031742613,1,True,correct
linear_svm_c_2_0,2.0,fake_1488,1488,1,fake,Kilogrami shitet 0ër 1.000 Euro / Gjenden në këtë vend,80,short_61_120,Linear SVM decision score (jo probabilitet),0.5789998254386736,1,True,correct
linear_svm_c_2_0,2.0,fake_1492,1492,1,fake,Vjosa Osmani po i bashkohet LVV ? Edhe zogjtë e malit e dinë ..,92,short_61_120,Linear SVM decision score (jo probabilitet),0.915066890398122,1,True,correct
linear_svm_c_2_0,2.0,fake_1498,1498,1,fake,"Hapi i madh i Ramës, arreston zyrtarin e larte te LVV / Reagon Kurti ..",95,short_61_120,Linear SVM decision score (jo probabilitet),0.5421942847883653,1,True,correct
linear_svm_c_2_0,2.0,fake_1503,1503,1,fake,"Afrim Muqiqi jep lajmin e madh, nga kjo datë dasmat do të bahen dhe urime të gjithëve",83,short_61_120,Linear SVM decision score (jo probabilitet),1.539867586968141,1,True,correct
linear_svm_c_2_0,2.0,fake_1511,1511,1,fake,"Ak sident i tm errshëm , treni g odet veturën me 5 u dhëtarë",90,short_61_120,Linear SVM decision score (jo probabilitet),1.108454574280019,1,True,correct
linear_svm_c_2_0,2.0,fake_1513,1513,1,fake,"Ky është shteti, qytetarët e të cilit tr.adhtojnë më shumë partnerin",99,short_61_120,Linear SVM decision score (jo probabilitet),1.1015445381797924,1,True,correct
linear_svm_c_2_0,2.0,fake_1519,1519,1,fake,"Dorëzohet Vuçiqi, vendos ta pranon Republikën e Kosovës për shkak të kësaj arsye?",73,short_61_120,Linear SVM decision score (jo probabilitet),1.7437703375056535,1,True,correct
linear_svm_c_2_0,2.0,fake_1531,1531,1,fake,"E fundit! Shp.ërthen bo.mbula e gazit, e moshuara në gjendje të rëndë",92,short_61_120,Linear SVM decision score (jo probabilitet),0.4171039771221958,1,True,correct
linear_svm_c_2_0,2.0,fake_1533,1533,1,fake,EKSLUZIVE – Ja kush po i kerkon Albinit debat televiziv nuk do ta besoni,87,short_61_120,Linear SVM decision score (jo probabilitet),2.3379538686305863,1,True,correct
linear_svm_c_2_0,2.0,fake_1538,1538,1,fake,"Ndërron jetë këngëtarja e njohur, pati g.oditje në tru",78,short_61_120,Linear SVM decision score (jo probabilitet),0.4986770893815384,1,True,correct
linear_svm_c_2_0,2.0,fake_1542,1542,1,fake,"HlSTORlA e shqiptarit që ka HABlTUR rrjetet sociaIe, a ja vIen të Ie gruan për rusen e pasur",100,short_61_120,Linear SVM decision score (jo probabilitet),0.8631467951884417,1,True,correct
linear_svm_c_2_0,2.0,fake_1544,1544,1,fake,"Gold AG p ublikon këngën e re, krejt Mediat serbe po shkruajn",88,short_61_120,Linear SVM decision score (jo probabilitet),0.9037859197934803,1,True,correct
linear_svm_c_2_0,2.0,fake_1545,1545,1,fake,Nuk do ta besoni qfare thote Glauk Konjufca per kreun e LVV-se,90,short_61_120,Linear SVM decision score (jo probabilitet),1.3400178741303121,1,True,correct
linear_svm_c_2_0,2.0,fake_1547,1547,1,fake,"Izraeli apo Turqia, cila e ka u shtrinë më të fortë",81,short_61_120,Linear SVM decision score (jo probabilitet),0.20992156542767004,1,True,correct
linear_svm_c_2_0,2.0,fake_1551,1551,1,fake,"Presidentja E Kroacisë I’a Thotë Në Sy Mogherinit: Kosovës Duhet Të I’a Jepni Liberalizimin, Sepse Kosovarët E Meritojnë Këtë Gjë Dhe Shumë Gjëra Tjera!",91,short_61_120,Linear SVM decision score (jo probabilitet),1.4274027442076342,1,True,correct
linear_svm_c_2_0,2.0,fake_1552,1552,1,fake,E pabesueshme: Adelina rr.ëfen se si e ka kapur politikanin e njohur duke vje.dhur para,90,short_61_120,Linear SVM decision score (jo probabilitet),1.3698377839384708,1,True,correct
linear_svm_c_2_0,2.0,fake_1556,1556,1,fake,Jam tri.shtuar nga vd.ekja tra.gjike e të riut 26-vjeçar nga Gjilani,92,short_61_120,Linear SVM decision score (jo probabilitet),0.9777298138230637,1,True,correct
linear_svm_c_2_0,2.0,fake_1557,1557,1,fake,"E FUNDIT: Paralajmërimi i Kurtit dr.idh Kosoven, ja qka tha",96,short_61_120,Linear SVM decision score (jo probabilitet),2.099524991084,1,True,correct
linear_svm_c_2_0,2.0,fake_1563,1563,1,fake,"Pacolli: Telefonin e kam përplot me kë.rcënime, jam i fr.ikësuar nga militantet e VV-së!!",100,short_61_120,Linear SVM decision score (jo probabilitet),0.8121842065459508,1,True,correct
linear_svm_c_2_0,2.0,fake_1564,1564,1,fake,"LDK para cop.ëtimit – ka përpl.asje të mëdha, zbulohet se disa figura të larta partiake",92,short_61_120,Linear SVM decision score (jo probabilitet),0.8878714360175222,1,True,correct
linear_svm_c_2_0,2.0,fake_1567,1567,1,fake,"Po pastronte shtëpinë e gjyshërve kur gjeti diçka në dysheme, kur e hapi u sh.okua nga ajo që pa",114,short_61_120,Linear SVM decision score (jo probabilitet),1.2302994439098145,1,True,correct
linear_svm_c_2_0,2.0,fake_1568,1568,1,fake,Lajm i mire/ Me ne fund del data se kur do levizim me makina pa marr leje,97,short_61_120,Linear SVM decision score (jo probabilitet),1.1901128167539834,1,True,correct
linear_svm_c_2_0,2.0,fake_1569,1569,1,fake,Rama pu.blikon statistikat/ Shqipëria vendi europian që ka menaxhuar më mirë situatën e CoVi.d-19,111,short_61_120,Linear SVM decision score (jo probabilitet),0.8659973871170363,1,True,correct
linear_svm_c_2_0,2.0,fake_1574,1574,1,fake,Nuk ishte t.ërmet as v.ullkan por diçka e fr.ikshme që rallë kush …,99,short_61_120,Linear SVM decision score (jo probabilitet),0.9352761580570694,1,True,correct
linear_svm_c_2_0,2.0,fake_1593,1593,1,fake,Lajmi tr.ondit mediat greke e italiane: Nexhmija e dinte që Enveri…,101,short_61_120,Linear SVM decision score (jo probabilitet),0.6815526100510283,1,True,correct
linear_svm_c_2_0,2.0,fake_1594,1594,1,fake,"Pamje shokuese , gruaja hidhet nga ballkoni i PALLATIT ! (Video)",55,very_short_le_60,Linear SVM decision score (jo probabilitet),1.330655581147747,1,True,correct
linear_svm_c_2_0,2.0,fake_1601,1601,1,fake,Vjen SUPER LAJMI Italianët bëjnë zbulimin që do na rikthejë në normalitet nga COVID-19,192,medium_121_250,Linear SVM decision score (jo probabilitet),1.0469171371669577,1,True,correct
linear_svm_c_2_0,2.0,fake_1606,1606,1,fake,"LAJMI I FUNDIT: E shpërfilli  virusin COVID-19, Presidenti del Pozitiv i…!",122,medium_121_250,Linear SVM decision score (jo probabilitet),0.405068737647486,1,True,correct
linear_svm_c_2_0,2.0,fake_1609,1609,1,fake,"LAJMI I FUNDIT: Ky është super lajm,Mjeku jep shpresë  sa i perket COVID-19, për popullin e Kosovës!",127,medium_121_250,Linear SVM decision score (jo probabilitet),1.2399159511922917,1,True,correct
linear_svm_c_2_0,2.0,fake_1610,1610,1,fake,"LAJMI I FUNDIT: Tronditet skena politike, pas shum rastev me Koronavirus jep doreheqje Ministri i Shendetsise në…!",150,medium_121_250,Linear SVM decision score (jo probabilitet),0.7305599062313262,1,True,correct
linear_svm_c_2_0,2.0,fake_1611,1611,1,fake,E FUNDIT: Do befasoheni Çfarë i bëri sot bashkë Vjosa Osmanin dhe Albin Kurtin?,113,short_61_120,Linear SVM decision score (jo probabilitet),1.431484838790138,1,True,correct
linear_svm_c_2_0,2.0,fake_1613,1613,1,fake,"Veton Surroi: UÇK nuk ishte ushtri çlirimtare, po kan lyp me…!",122,medium_121_250,Linear SVM decision score (jo probabilitet),0.9206175008423485,1,True,correct
linear_svm_c_2_0,2.0,fake_1616,1616,1,fake,"LAJM I PAPRITUR KY!: Vjosa Osmani Presidente e vendit, ja si dhe kur mund të ndodh?",149,medium_121_250,Linear SVM decision score (jo probabilitet),1.7419696481524953,1,True,correct
linear_svm_c_2_0,2.0,fake_1619,1619,1,fake,Fatmir Limaj: ”Albini as pragun ska me kalu ne Zgjedhje te reja keni me pa O Popull”? – VIDEO,114,short_61_120,Linear SVM decision score (jo probabilitet),1.881224642442301,1,True,correct
linear_svm_c_2_0,2.0,fake_1622,1622,1,fake,Shpërthen Ganimete Musliu kundër VV-së: Të pafytyrë e po t’ja…!,118,short_61_120,Linear SVM decision score (jo probabilitet),0.46212852058374587,1,True,correct
linear_svm_c_2_0,2.0,fake_1624,1624,1,fake,"LAJMI I FUNDIT: Pas aktakuzës ndaj Thaçit e Veselit, PDK merr këtë vendim te papritur nga askush..!",132,medium_121_250,Linear SVM decision score (jo probabilitet),1.0616278718842973,1,True,correct
linear_svm_c_2_0,2.0,fake_1625,1625,1,fake,"Kjo video nga Glauk Konjufca ta bën Zemrën mal, Ja çka thoshte ai për Gjykatën Speciale",85,short_61_120,Linear SVM decision score (jo probabilitet),0.9832794327065129,1,True,correct
linear_svm_c_2_0,2.0,fake_1641,1641,1,fake,Tunës ka përfunduar në këtë gjendje pas shum se…!,78,short_61_120,Linear SVM decision score (jo probabilitet),-0.02982335151816634,0,False,false_negative
linear_svm_c_2_0,2.0,fake_1647,1647,1,fake,"Nuk është më kryeministër, por Oriola tregon hapur simpatinë e saj për Albin Kurtin",104,short_61_120,Linear SVM decision score (jo probabilitet),1.2606338807051594,1,True,correct
linear_svm_c_2_0,2.0,fake_1648,1648,1,fake,Godet Thaci : o Albin e more popullin nqaf me ato protesta shikoje numrin e te inf ekt uarve o ti po lyp…?,92,short_61_120,Linear SVM decision score (jo probabilitet),1.425081546826662,1,True,correct
linear_svm_c_2_0,2.0,fake_1653,1653,1,fake,Mjeku shqiptar trondit botën: Ja çfarë i pret të gjithë njerëzit e prekur nga COVID-19,375,long_gt_250,Linear SVM decision score (jo probabilitet),0.396137460056983,1,True,correct
linear_svm_c_2_0,2.0,fake_1655,1655,1,fake,LAJMI I FUNDIT – Ja cili politikan i VV-s do te arrestohet nga Gjykata Speciale,118,short_61_120,Linear SVM decision score (jo probabilitet),1.70430276663233,1,True,correct
linear_svm_c_2_0,2.0,fake_1659,1659,1,fake,Kallashi O Albin Ta Hongsha Zemren Ty Je Zemra Kosoves Per Ty Kisha Vallzu Tanë Naten Ne…,151,medium_121_250,Linear SVM decision score (jo probabilitet),2.4542940975659104,1,True,correct
linear_svm_c_2_0,2.0,fake_1660,1660,1,fake,"Kosovë, Pacienti Me Koronavirus Nga Spitali I Qon “Selam“ Labinot Tahirit (Video)",129,medium_121_250,Linear SVM decision score (jo probabilitet),1.7635119735717906,1,True,correct
linear_svm_c_2_0,2.0,fake_1667,1667,1,fake,"VIDEO EKSLUZIVE:Nëse Ke Ndonjë Nga Këto Monedha, Mund Të Bëhesh Shumë I Pasur Ja Pse",196,medium_121_250,Linear SVM decision score (jo probabilitet),0.7393125680364421,1,True,correct
linear_svm_c_2_0,2.0,fake_1674,1674,1,fake,LAJMI I FUNDIT – Bota po perballet nga nje rre zik tjeter ja per qfar behet fjale,145,medium_121_250,Linear SVM decision score (jo probabilitet),1.0055293823150797,1,True,correct
linear_svm_c_2_0,2.0,fake_1675,1675,1,fake,Befason Thaçi: ‘Sa tjem gjall une Albini asnjehere nuk do te vendos per Kosoven sdo ta lejoj me…!,198,medium_121_250,Linear SVM decision score (jo probabilitet),0.9318615316211529,1,True,correct
linear_svm_c_2_0,2.0,fake_1676,1676,1,fake,Fatos Lubonja: Hashim Thaçi ka ber vepra te k eqia ndaj serbë të pafajshëm!! Ska vy me i bo,247,medium_121_250,Linear SVM decision score (jo probabilitet),1.0380172384076838,1,True,correct
linear_svm_c_2_0,2.0,fake_1687,1687,1,fake,Kjo Grua Nga Prishtina Në Ballkon Dhe Ajo Që Bën Më Ç.Mend Kalimtaret.. (Video),134,medium_121_250,Linear SVM decision score (jo probabilitet),0.8755898893994383,1,True,correct
linear_svm_c_2_0,2.0,fake_1692,1692,1,fake,LAJMI I FUNDIT – Nuk do ta besoni qfar do te ndodhe ne Kosove,135,medium_121_250,Linear SVM decision score (jo probabilitet),0.3233062895903096,1,True,correct
linear_svm_c_2_0,2.0,fake_1697,1697,1,fake,Shpallja e gjendjes së jashtëzakonshme në Kosovë/ Nuk do të ketë bllokim të plotë,167,medium_121_250,Linear SVM decision score (jo probabilitet),1.9331990815225035,1,True,correct
linear_svm_c_2_0,2.0,fake_1698,1698,1,fake,"Prekese: Sot u bëra nene pas 10 viteve martes, jam Nene e Trinjakëve, kush me uron i dhent Zoti ate qe i mungon ..",221,medium_121_250,Linear SVM decision score (jo probabilitet),2.3727138377699366,1,True,correct
linear_svm_c_2_0,2.0,fake_1700,1700,1,fake,"Pipero: Jep lajmin e madh që e kemi pritur të gjithë, “Koronavirusi nuk do të…”",229,medium_121_250,Linear SVM decision score (jo probabilitet),0.21853138656516508,1,True,correct
linear_svm_c_2_0,2.0,fake_1711,1711,1,fake,Video Eksluzive: Shikojeni Çka I Ndodhi Ketij Mërgimtarit Nga Kosova Në Finlandë,173,medium_121_250,Linear SVM decision score (jo probabilitet),0.6651789163481988,1,True,correct
linear_svm_c_2_0,2.0,fake_1714,1714,1,fake,Godet Kallashi ja qka thot per Albinin nuk do ta besoni,159,medium_121_250,Linear SVM decision score (jo probabilitet),1.3912872396176066,1,True,correct
linear_svm_c_2_0,2.0,fake_1720,1720,1,fake,EKSLUZIVE – Vjosa Osmani zbulon detajet e partise te saj te re ja deputet sdo ta besoni,180,medium_121_250,Linear SVM decision score (jo probabilitet),0.9761777176087818,1,True,correct
linear_svm_c_2_0,2.0,fake_1729,1729,1,fake,Kush dhe pse e duan të vdekur Gani Gecin ???,177,medium_121_250,Linear SVM decision score (jo probabilitet),0.48837097220494996,1,True,correct
linear_svm_c_2_0,2.0,fake_1730,1730,1,fake,"Hoti do mbetet kryeministri më i suksesshëm në historinë e Kosovës, nëse Vuçiqi nuk e bën këtë",130,medium_121_250,Linear SVM decision score (jo probabilitet),0.29566052109189234,1,True,correct
linear_svm_c_2_0,2.0,fake_1732,1732,1,fake,Haki Abazi dridhe skenen politike ne Kosove me kete qe tha!,162,medium_121_250,Linear SVM decision score (jo probabilitet),-0.6293797451944998,0,False,false_negative
linear_svm_c_2_0,2.0,fake_1737,1737,1,fake,Paralajmërohet ‘tronditja’ e madhe për PDK-në: Ja dy përplasjet e forta në këtë parti,88,short_61_120,Linear SVM decision score (jo probabilitet),2.008003429559894,1,True,correct
linear_svm_c_2_0,2.0,fake_1738,1738,1,fake,Tomë Gashi publikon videon e Besa Gaxherrit që tronditi Hashim Thaçin,122,medium_121_250,Linear SVM decision score (jo probabilitet),1.326070214830773,1,True,correct
linear_svm_c_2_0,2.0,fake_1740,1740,1,fake,Lajm bomb: Arrestohet djali i deputeti te Partis Demokratike,99,short_61_120,Linear SVM decision score (jo probabilitet),0.25826742481153486,1,True,correct
linear_svm_c_2_0,2.0,fake_1742,1742,1,fake,A eshte normal ky njeri? Kjo qe tha Mustafo Nano per Kosoven do iu cmend dhe nervozoj,107,short_61_120,Linear SVM decision score (jo probabilitet),2.0659312986438194,1,True,correct
linear_svm_c_2_0,2.0,fake_1746,1746,1,fake,"Hiqen te gjitha dyshimet, Kjo eshte partia e re e formuar nga Vjosa Osmani",98,short_61_120,Linear SVM decision score (jo probabilitet),1.9945155252013584,1,True,correct
linear_svm_c_2_0,2.0,fake_1755,1755,1,fake,Çfarë sinjali po dërgon Ganimete Musliu tek Albin Kurti me një deklaratë të Ramush Haradinajt – përmendet vrasja e Fehmi Aganit!,65,short_61_120,Linear SVM decision score (jo probabilitet),2.642804501521471,1,True,correct
linear_svm_c_2_0,2.0,fake_1757,1757,1,fake,"Ngjarje shokuese vjen nga Gjakova , atje sapo ndodhi kjo gje e keqe",69,short_61_120,Linear SVM decision score (jo probabilitet),2.2053681410355868,1,True,correct
linear_svm_c_2_0,2.0,fake_1767,1767,1,fake,"Pamje të rralla, kur Leonora Jakupi shetiste me aeroplan në Drenicë  VIDEO",95,short_61_120,Linear SVM decision score (jo probabilitet),-0.4221068340383913,0,False,false_negative
linear_svm_c_2_0,2.0,fake_1768,1768,1,fake,Paralajmëroj katastrofë në Kosovë: Ja çka thotë Lul Raka,79,short_61_120,Linear SVM decision score (jo probabilitet),1.6468423323438313,1,True,correct
linear_svm_c_2_0,2.0,fake_1783,1783,1,fake,"Një bionde kosovare kaq ekzotike, Blerta Veseli çmend me pozat në bikini",66,short_61_120,Linear SVM decision score (jo probabilitet),2.1061937463712166,1,True,correct
linear_svm_c_2_0,2.0,fake_1785,1785,1,fake,"Viti 2020 vit i mallkuar, Zbulohet virusi tjeter me i rrezikshme se Koronavirusi",76,short_61_120,Linear SVM decision score (jo probabilitet),2.2892780190045223,1,True,correct
linear_svm_c_2_0,2.0,fake_1790,1790,1,fake,"Vjen nje goditje e rende per Arben Vitine , edhe kjo u tha per te!",104,short_61_120,Linear SVM decision score (jo probabilitet),1.5711689509318036,1,True,correct
linear_svm_c_2_0,2.0,fake_1795,1795,1,fake,"Nora i deklason të gjitha, shfaqet veç në bikini nga plazhi ekspozon trupin si ‘peshk’",100,short_61_120,Linear SVM decision score (jo probabilitet),1.517446982534237,1,True,correct
linear_svm_c_2_0,2.0,fake_1799,1799,1,fake,"Aksidente i rende ne Kosove , vdes ne vend ky person EMRI",67,short_61_120,Linear SVM decision score (jo probabilitet),1.8317692905318346,1,True,correct
linear_svm_c_2_0,2.0,fake_1804,1804,1,fake,ALARMANTE/ Qeveria Hoti po na çon në katastrofë DETAJE EKSKLUZIVE,165,medium_121_250,Linear SVM decision score (jo probabilitet),-0.23457049091474252,0,False,false_negative
linear_svm_c_2_0,2.0,fake_1811,1811,1,fake,Ky turp u dëgjua mbrëmë në Kosovë! Kështu bërtiti serbi,85,short_61_120,Linear SVM decision score (jo probabilitet),1.2577184726915134,1,True,correct
linear_svm_c_2_0,2.0,fake_1814,1814,1,fake,"Ekspertët japin në alarm tjetër të keq: Vala e dytë ne Kosove e Covid-19 do nisë, ja kur",226,medium_121_250,Linear SVM decision score (jo probabilitet),2.0438981884085488,1,True,correct
linear_svm_c_2_0,2.0,fake_1815,1815,1,fake,A ekziston Virusi apo jo? Ky eshte lajmi i Fundit,96,short_61_120,Linear SVM decision score (jo probabilitet),1.628923942375583,1,True,correct
linear_svm_c_2_0,2.0,fake_1819,1819,1,fake,"Kina paralajmëron botën: Keni kujdes, pneumoni vdekjeprurëse nga Kazakistani!",112,short_61_120,Linear SVM decision score (jo probabilitet),1.6771557258171061,1,True,correct
linear_svm_c_2_0,2.0,fake_1820,1820,1,fake,"Shikon nje femije ne liqen, hyn ta shpetoje dhe shok.o.h.et nga ajo qe zbulon",89,short_61_120,Linear SVM decision score (jo probabilitet),2.6943727808681786,1,True,correct
linear_svm_c_2_0,2.0,fake_1826,1826,1,fake,"Hoteli 5 yje: 30 euro nata me ‘mëngjes, darkë dhe çadër’, bëhet fjalë për këtë bregdet të Shqipërisë",96,short_61_120,Linear SVM decision score (jo probabilitet),1.5963504331771463,1,True,correct
linear_svm_c_2_0,2.0,fake_1832,1832,1,fake,Publikohen emrat e nëntë aktorëve të ndarjes së Kosovës/ Sali Berisha: Ja trojka kryesore,109,short_61_120,Linear SVM decision score (jo probabilitet),1.622561327058149,1,True,correct
linear_svm_c_2_0,2.0,fake_1834,1834,1,fake,"Gjendja e Jashtëzakonshme? Flet Hashim Thaçi, ka një thirrje të fundit për qytetarët e Kosovës",109,short_61_120,Linear SVM decision score (jo probabilitet),1.771477597581811,1,True,correct
linear_svm_c_2_0,2.0,fake_1839,1839,1,fake,"Video Eksluzive:U Mundua T’i Prishte Martesën Me Tjetrën, I Shoqi E Tërheq Zvarrë Për Flokësh",104,short_61_120,Linear SVM decision score (jo probabilitet),0.3561185835061481,1,True,correct
linear_svm_c_2_0,2.0,fake_1848,1848,1,fake,Me këtë imazh Edona po e dëshmon që vajza po bëhet më e bukur se nëna,96,short_61_120,Linear SVM decision score (jo probabilitet),-0.8463286165145898,0,False,false_negative
linear_svm_c_2_0,2.0,fake_1861,1861,1,fake,"Vetëm një lugë nga kjo përbërje çdo mëngjes dhe zorrët tuaja do të pastrohen nga mbetjet, në 2 minuta!",375,long_gt_250,Linear SVM decision score (jo probabilitet),0.06028147770001091,1,True,correct
linear_svm_c_2_0,2.0,fake_1873,1873,1,fake,Zbulim i ri: Kjo simptomë e re e koronavirusit po shfaqet tek të moshuarit,448,long_gt_250,Linear SVM decision score (jo probabilitet),-0.6485976438696897,0,False,false_negative
linear_svm_c_2_0,2.0,fake_1874,1874,1,fake,Si të bini nga pesha në dy javë duke konsumuar vezë të ziera,441,long_gt_250,Linear SVM decision score (jo probabilitet),0.3336960032679457,1,True,correct
linear_svm_c_2_0,2.0,fake_1885,1885,1,fake,"Infermierja e infektuar me Covid-19 i lutet kolegëve: Mos më lini të vdes, kam fëmijë",247,medium_121_250,Linear SVM decision score (jo probabilitet),-0.4198528857885136,0,False,false_negative
linear_svm_c_2_0,2.0,fake_1894,1894,1,fake,"Merret nëpërmjet hundës, ky është ilaçi që pritet të kurojë koronavirusin",162,medium_121_250,Linear SVM decision score (jo probabilitet),0.6763531979028632,1,True,correct
linear_svm_c_2_0,2.0,fake_1898,1898,1,fake,"Për kokë të mamit e kapa”, filmojnë “diskun” e çuditshëm që lëviz nëpër qiellin e Tiranës: Është UFO… e kapa, e kapa për Zotin e Madh!",100,short_61_120,Linear SVM decision score (jo probabilitet),1.2728477843395645,1,True,correct
linear_svm_c_2_0,2.0,fake_1904,1904,1,fake,"E mbajti të fshehtë, zbulohet më në fund kush është i dashuri i Fifit",130,medium_121_250,Linear SVM decision score (jo probabilitet),0.7919917425192456,1,True,correct
linear_svm_c_2_0,2.0,fake_1906,1906,1,fake,Befason profesori italian: Ka një kurë që e Zhduk Koronavirusin brenda 48 orëve,826,long_gt_250,Linear SVM decision score (jo probabilitet),-0.6924269628619732,0,False,false_negative
linear_svm_c_2_0,2.0,fake_1912,1912,1,fake,"Konfirmohet frika e kancelares Merkel, kjo është duke ndodhur me COVID-19 në Gjermani",206,medium_121_250,Linear SVM decision score (jo probabilitet),-0.4304486274523022,0,False,false_negative
linear_svm_c_2_0,2.0,fake_1913,1913,1,fake,Nuk ua merr mendja sa e bukur është bashkëshortja e Gold Ag,130,medium_121_250,Linear SVM decision score (jo probabilitet),0.6252513837161112,1,True,correct
linear_svm_c_2_0,2.0,fake_1917,1917,1,fake,Hëna që ju zgjidhni tregon tipin e personit me të cilin do të dashuroheni,370,long_gt_250,Linear SVM decision score (jo probabilitet),-0.2725551604767939,0,False,false_negative
linear_svm_c_2_0,2.0,fake_1920,1920,1,fake,"Gjethet e limonit, zgjidhja natyrale për problemet me fytin, migrenën dhe astmën!",332,long_gt_250,Linear SVM decision score (jo probabilitet),0.0700889806036758,1,True,correct
linear_svm_c_2_0,2.0,fake_1923,1923,1,fake,"Hoxha i njohur nga Peja: Shkuarja në diskotekë nuk është haram, unë vetëm kam qenë aty",129,medium_121_250,Linear SVM decision score (jo probabilitet),0.2146496702639527,1,True,correct
linear_svm_c_2_0,2.0,fake_1925,1925,1,fake,"Te gjithe Shqiptaret lene koken pas tyre, por ja se cfare nuk keni ditur per to, kur ta merrni vesh do t’i hani dhe me shume",472,long_gt_250,Linear SVM decision score (jo probabilitet),0.0529142770597133,1,True,correct
linear_svm_c_2_0,2.0,fake_1928,1928,1,fake,Merrini gjethet e rrushit dhe ruajini ne ngrirje te frigoriferit dhe pervec japrakut ju do te beni dhe dicka tjeter fantastike,180,medium_121_250,Linear SVM decision score (jo probabilitet),0.33116890903514346,1,True,correct
linear_svm_c_2_0,2.0,fake_1931,1931,1,fake,Rezultoi 100% e suksesshme/ BE mbështet kurën izraelite kundër koronavirusit,171,medium_121_250,Linear SVM decision score (jo probabilitet),0.41879042550688905,1,True,correct
linear_svm_c_2_0,2.0,fake_1932,1932,1,fake,Flet mjekja shqiptare në Kanada: Si të trajtoni virusin në kushtet e shtëpisë,2376,long_gt_250,Linear SVM decision score (jo probabilitet),-1.6404085363265941,0,False,false_negative
linear_svm_c_2_0,2.0,fake_1933,1933,1,fake,Erdogan vjen me një paralajmërim për mbarë njerëzimin,77,short_61_120,Linear SVM decision score (jo probabilitet),1.447551574038967,1,True,correct
linear_svm_c_2_0,2.0,fake_1935,1935,1,fake,TRAGJlKE: Këngëtarja e njohur humb tre familjarë në një ditë prej Korona Virus,103,short_61_120,Linear SVM decision score (jo probabilitet),0.72152172502842,1,True,correct
linear_svm_c_2_0,2.0,fake_1938,1938,1,fake,"Nobelisti japonez shokon botën: Koronavirusi u prodhua nga Kina, asnjë prej miqve të mi në Wuhan s’ma hap telefonin",353,long_gt_250,Linear SVM decision score (jo probabilitet),0.06252002940749557,1,True,correct
linear_svm_c_2_0,2.0,fake_1939,1939,1,fake,Vjosa Osmani ia dërgon një “selam” LDK-së pak ditë para votimit të Qeverisë së re..,146,medium_121_250,Linear SVM decision score (jo probabilitet),0.9245805160373206,1,True,correct
linear_svm_c_2_0,2.0,fake_1951,1951,1,fake,Peci: Ukaj i tha kryetares Osmani “Ule gishtin se ta fus në b*** e ta…!?”,189,medium_121_250,Linear SVM decision score (jo probabilitet),0.12547357083711136,1,True,correct
linear_svm_c_2_0,2.0,fake_1960,1960,1,fake,"LAJMI I FUNDIT: Ky eshte vendimi i Vjosa Osmanit, formon partin e re?",117,short_61_120,Linear SVM decision score (jo probabilitet),1.3568580946833364,1,True,correct
linear_svm_c_2_0,2.0,fake_1963,1963,1,fake,"Me rrudha dhe e plakur, ‘Nermin’ nuk njihet më!",94,short_61_120,Linear SVM decision score (jo probabilitet),1.8938099628610614,1,True,correct
linear_svm_c_2_0,2.0,fake_1967,1967,1,fake,"Lajm i madh sapo erdhi, nga Gjermania per Kosovën! URIMEE!",81,short_61_120,Linear SVM decision score (jo probabilitet),2.3022666018368776,1,True,correct
linear_svm_c_2_0,2.0,fake_1979,1979,1,fake,Lajm i madh sa erdhi nga Gjermani: Ja kur do të hiqen vizat për Kosovën! URIMEE!,118,short_61_120,Linear SVM decision score (jo probabilitet),1.7857546138788627,1,True,correct
linear_svm_c_2_0,2.0,fake_1982,1982,1,fake,LAJMI I FUNDIT – Grenell merr kete vendim per Kosoven URIME !,106,short_61_120,Linear SVM decision score (jo probabilitet),1.8824448998124002,1,True,correct
linear_svm_c_2_0,2.0,fake_1988,1988,1,fake,"E FUNDIT: Harrojeni Koronavirusin, Ngjarje e rende po ndodhe ne Kosove",79,short_61_120,Linear SVM decision score (jo probabilitet),1.2474291174021992,1,True,correct
linear_svm_c_2_0,2.0,fake_1991,1991,1,fake,Eskalon gjithqka Gashi- Vjosa Osmanit: A je normal…? – Reagon kryeparlamentarja,120,short_61_120,Linear SVM decision score (jo probabilitet),0.2300695409959585,1,True,correct
