model,model_display,article_id,true_label,variant,variant_description,word_count,model_text,probability_real,probability_fake,binary_prediction,decision,full_probability_fake,full_binary_prediction,full_decision,delta_probability_fake_from_full,absolute_delta_from_full,binary_changed_from_full,decision_changed_from_full,prediction_correct
word_tfidf,Word TF-IDF,fake_1698,fake,full,Teksti i plotë,221,"Prekese: Sot u bëra nene pas 10 viteve martes, jam Nene e Trinjakëve, kush me uron i dhent Zoti ate qe i mungon ... Në maternitetin e Librazhdit një nënë 32-vjeçare ka lindur trinjakë. Por për t’i sjellë në jetë tre fëmijët, ajo ka kryer dy operacione të vështira të cilat zgjatën 6 orë.Alfonia Çota raportohet nga “ABC News” se ishte në rezik për jetën, por një infermiere e spitalit është ofruar për të dhuruar gjak dhe tani ajo bashkë me trinjakët gëzojnë shëndet të plotë.Alfonie Çota sapo ka sjellë në jetë tre fëmijë, dy vajza dhe një djalë.ja ma posht duhet patjeter me kqyr qat moment amo patjeter kqyrne disa sekonda pasi ta keni hapur marketingun hapet artikulli i plotëNë maternitetin e Librazhdit një nënë 32-vjeçare ka lindur trinjakë. Por për t’i sjellë në jetë tre fëmijët, ajo ka kryer dy operacione të vështira të cilat zgjatën 6 orë.Alfonia Çota raportohet nga “ABC News” se ishte në rezik për jetën, por një infermiere e spitalit është ofruar për të dhuruar gjak dhe tani ajo bashkë me trinjakët gëzojnë shëndet të plotë.Alfonie Çota sapo ka sjellë në jetë tre fëmijë, dy vajza dhe një djalë.ja ma posht duhet patjeter me kqyr qat moment amo patjeter kqyrne disa sekonda pasi ta keni hapur marketingun hapet artikulli i plotë",0.0010487190748152964,0.9989512809251847,fake,likely_fake,0.9989512809251847,fake,likely_fake,0.0,0.0,False,False,True
char_tfidf,Character TF-IDF,fake_1698,fake,full,Teksti i plotë,221,"Prekese: Sot u bëra nene pas 10 viteve martes, jam Nene e Trinjakëve, kush me uron i dhent Zoti ate qe i mungon ... Në maternitetin e Librazhdit një nënë 32-vjeçare ka lindur trinjakë. Por për t’i sjellë në jetë tre fëmijët, ajo ka kryer dy operacione të vështira të cilat zgjatën 6 orë.Alfonia Çota raportohet nga “ABC News” se ishte në rezik për jetën, por një infermiere e spitalit është ofruar për të dhuruar gjak dhe tani ajo bashkë me trinjakët gëzojnë shëndet të plotë.Alfonie Çota sapo ka sjellë në jetë tre fëmijë, dy vajza dhe një djalë.ja ma posht duhet patjeter me kqyr qat moment amo patjeter kqyrne disa sekonda pasi ta keni hapur marketingun hapet artikulli i plotëNë maternitetin e Librazhdit një nënë 32-vjeçare ka lindur trinjakë. Por për t’i sjellë në jetë tre fëmijët, ajo ka kryer dy operacione të vështira të cilat zgjatën 6 orë.Alfonia Çota raportohet nga “ABC News” se ishte në rezik për jetën, por një infermiere e spitalit është ofruar për të dhuruar gjak dhe tani ajo bashkë me trinjakët gëzojnë shëndet të plotë.Alfonie Çota sapo ka sjellë në jetë tre fëmijë, dy vajza dhe një djalë.ja ma posht duhet patjeter me kqyr qat moment amo patjeter kqyrne disa sekonda pasi ta keni hapur marketingun hapet artikulli i plotë",0.0007492826359070115,0.999250717364093,fake,likely_fake,0.999250717364093,fake,likely_fake,0.0,0.0,False,False,True
word_char_tfidf,Word + Character TF-IDF,fake_1698,fake,full,Teksti i plotë,221,"Prekese: Sot u bëra nene pas 10 viteve martes, jam Nene e Trinjakëve, kush me uron i dhent Zoti ate qe i mungon ... Në maternitetin e Librazhdit një nënë 32-vjeçare ka lindur trinjakë. Por për t’i sjellë në jetë tre fëmijët, ajo ka kryer dy operacione të vështira të cilat zgjatën 6 orë.Alfonia Çota raportohet nga “ABC News” se ishte në rezik për jetën, por një infermiere e spitalit është ofruar për të dhuruar gjak dhe tani ajo bashkë me trinjakët gëzojnë shëndet të plotë.Alfonie Çota sapo ka sjellë në jetë tre fëmijë, dy vajza dhe një djalë.ja ma posht duhet patjeter me kqyr qat moment amo patjeter kqyrne disa sekonda pasi ta keni hapur marketingun hapet artikulli i plotëNë maternitetin e Librazhdit një nënë 32-vjeçare ka lindur trinjakë. Por për t’i sjellë në jetë tre fëmijët, ajo ka kryer dy operacione të vështira të cilat zgjatën 6 orë.Alfonia Çota raportohet nga “ABC News” se ishte në rezik për jetën, por një infermiere e spitalit është ofruar për të dhuruar gjak dhe tani ajo bashkë me trinjakët gëzojnë shëndet të plotë.Alfonie Çota sapo ka sjellë në jetë tre fëmijë, dy vajza dhe një djalë.ja ma posht duhet patjeter me kqyr qat moment amo patjeter kqyrne disa sekonda pasi ta keni hapur marketingun hapet artikulli i plotë",0.0002772986069602412,0.9997227013930398,fake,likely_fake,0.9997227013930398,fake,likely_fake,0.0,0.0,False,False,True
word_tfidf,Word TF-IDF,fake_1698,fake,short_46_words,Rreth 46 fjalë,46,"Prekese: Sot u bëra nene pas 10 viteve martes, jam Nene e Trinjakëve, kush me uron i dhent Zoti ate qe i mungon ... Në maternitetin e Librazhdit një nënë 32-vjeçare ka lindur trinjakë. Por për t’i sjellë në jetë tre fëmijët, ajo ka kryer dy operacione",0.0625634018625536,0.9374365981374464,fake,likely_fake,0.9989512809251847,fake,likely_fake,-0.061514682787738306,0.061514682787738306,False,False,True
char_tfidf,Character TF-IDF,fake_1698,fake,short_46_words,Rreth 46 fjalë,46,"Prekese: Sot u bëra nene pas 10 viteve martes, jam Nene e Trinjakëve, kush me uron i dhent Zoti ate qe i mungon ... Në maternitetin e Librazhdit një nënë 32-vjeçare ka lindur trinjakë. Por për t’i sjellë në jetë tre fëmijët, ajo ka kryer dy operacione",0.04135588599689488,0.9586441140031051,fake,likely_fake,0.999250717364093,fake,likely_fake,-0.04060660336098787,0.04060660336098787,False,False,True
word_char_tfidf,Word + Character TF-IDF,fake_1698,fake,short_46_words,Rreth 46 fjalë,46,"Prekese: Sot u bëra nene pas 10 viteve martes, jam Nene e Trinjakëve, kush me uron i dhent Zoti ate qe i mungon ... Në maternitetin e Librazhdit një nënë 32-vjeçare ka lindur trinjakë. Por për t’i sjellë në jetë tre fëmijët, ajo ka kryer dy operacione",0.03374886461137905,0.966251135388621,fake,likely_fake,0.9997227013930398,fake,likely_fake,-0.03347156600441881,0.03347156600441881,False,False,True
word_tfidf,Word TF-IDF,fake_1698,fake,title_only,Vetëm titulli,22,"Prekese: Sot u bëra nene pas 10 viteve martes, jam Nene e Trinjakëve, kush me uron i dhent Zoti ate qe i mungon ..",0.04608487395698013,0.9539151260430199,fake,likely_fake,0.9989512809251847,fake,likely_fake,-0.045036154882164836,0.045036154882164836,False,False,True
char_tfidf,Character TF-IDF,fake_1698,fake,title_only,Vetëm titulli,22,"Prekese: Sot u bëra nene pas 10 viteve martes, jam Nene e Trinjakëve, kush me uron i dhent Zoti ate qe i mungon ..",0.030764773656988598,0.9692352263430114,fake,likely_fake,0.999250717364093,fake,likely_fake,-0.030015491021081586,0.030015491021081586,False,False,True
word_char_tfidf,Word + Character TF-IDF,fake_1698,fake,title_only,Vetëm titulli,22,"Prekese: Sot u bëra nene pas 10 viteve martes, jam Nene e Trinjakëve, kush me uron i dhent Zoti ate qe i mungon ..",0.03344972742439256,0.9665502725756074,fake,likely_fake,0.9997227013930398,fake,likely_fake,-0.03317242881743232,0.03317242881743232,False,False,True
word_tfidf,Word TF-IDF,fake_1698,fake,without_albanian_diacritics,Pa ë/ç,221,"Prekese: Sot u bera nene pas 10 viteve martes, jam Nene e Trinjakeve, kush me uron i dhent Zoti ate qe i mungon ... Ne maternitetin e Librazhdit nje nene 32-vjecare ka lindur trinjake. Por per t’i sjelle ne jete tre femijet, ajo ka kryer dy operacione te veshtira te cilat zgjaten 6 ore.Alfonia Cota raportohet nga “ABC News” se ishte ne rezik per jeten, por nje infermiere e spitalit eshte ofruar per te dhuruar gjak dhe tani ajo bashke me trinjaket gezojne shendet te plote.Alfonie Cota sapo ka sjelle ne jete tre femije, dy vajza dhe nje djale.ja ma posht duhet patjeter me kqyr qat moment amo patjeter kqyrne disa sekonda pasi ta keni hapur marketingun hapet artikulli i ploteNe maternitetin e Librazhdit nje nene 32-vjecare ka lindur trinjake. Por per t’i sjelle ne jete tre femijet, ajo ka kryer dy operacione te veshtira te cilat zgjaten 6 ore.Alfonia Cota raportohet nga “ABC News” se ishte ne rezik per jeten, por nje infermiere e spitalit eshte ofruar per te dhuruar gjak dhe tani ajo bashke me trinjaket gezojne shendet te plote.Alfonie Cota sapo ka sjelle ne jete tre femije, dy vajza dhe nje djale.ja ma posht duhet patjeter me kqyr qat moment amo patjeter kqyrne disa sekonda pasi ta keni hapur marketingun hapet artikulli i plote",3.4369866278249894e-05,0.9999656301337218,fake,likely_fake,0.9989512809251847,fake,likely_fake,0.0010143492085370465,0.0010143492085370465,False,False,True
char_tfidf,Character TF-IDF,fake_1698,fake,without_albanian_diacritics,Pa ë/ç,221,"Prekese: Sot u bera nene pas 10 viteve martes, jam Nene e Trinjakeve, kush me uron i dhent Zoti ate qe i mungon ... Ne maternitetin e Librazhdit nje nene 32-vjecare ka lindur trinjake. Por per t’i sjelle ne jete tre femijet, ajo ka kryer dy operacione te veshtira te cilat zgjaten 6 ore.Alfonia Cota raportohet nga “ABC News” se ishte ne rezik per jeten, por nje infermiere e spitalit eshte ofruar per te dhuruar gjak dhe tani ajo bashke me trinjaket gezojne shendet te plote.Alfonie Cota sapo ka sjelle ne jete tre femije, dy vajza dhe nje djale.ja ma posht duhet patjeter me kqyr qat moment amo patjeter kqyrne disa sekonda pasi ta keni hapur marketingun hapet artikulli i ploteNe maternitetin e Librazhdit nje nene 32-vjecare ka lindur trinjake. Por per t’i sjelle ne jete tre femijet, ajo ka kryer dy operacione te veshtira te cilat zgjaten 6 ore.Alfonia Cota raportohet nga “ABC News” se ishte ne rezik per jeten, por nje infermiere e spitalit eshte ofruar per te dhuruar gjak dhe tani ajo bashke me trinjaket gezojne shendet te plote.Alfonie Cota sapo ka sjelle ne jete tre femije, dy vajza dhe nje djale.ja ma posht duhet patjeter me kqyr qat moment amo patjeter kqyrne disa sekonda pasi ta keni hapur marketingun hapet artikulli i plote",5.959052760262651e-05,0.9999404094723974,fake,likely_fake,0.999250717364093,fake,likely_fake,0.000689692108304385,0.000689692108304385,False,False,True
word_char_tfidf,Word + Character TF-IDF,fake_1698,fake,without_albanian_diacritics,Pa ë/ç,221,"Prekese: Sot u bera nene pas 10 viteve martes, jam Nene e Trinjakeve, kush me uron i dhent Zoti ate qe i mungon ... Ne maternitetin e Librazhdit nje nene 32-vjecare ka lindur trinjake. Por per t’i sjelle ne jete tre femijet, ajo ka kryer dy operacione te veshtira te cilat zgjaten 6 ore.Alfonia Cota raportohet nga “ABC News” se ishte ne rezik per jeten, por nje infermiere e spitalit eshte ofruar per te dhuruar gjak dhe tani ajo bashke me trinjaket gezojne shendet te plote.Alfonie Cota sapo ka sjelle ne jete tre femije, dy vajza dhe nje djale.ja ma posht duhet patjeter me kqyr qat moment amo patjeter kqyrne disa sekonda pasi ta keni hapur marketingun hapet artikulli i ploteNe maternitetin e Librazhdit nje nene 32-vjecare ka lindur trinjake. Por per t’i sjelle ne jete tre femijet, ajo ka kryer dy operacione te veshtira te cilat zgjaten 6 ore.Alfonia Cota raportohet nga “ABC News” se ishte ne rezik per jeten, por nje infermiere e spitalit eshte ofruar per te dhuruar gjak dhe tani ajo bashke me trinjaket gezojne shendet te plote.Alfonie Cota sapo ka sjelle ne jete tre femije, dy vajza dhe nje djale.ja ma posht duhet patjeter me kqyr qat moment amo patjeter kqyrne disa sekonda pasi ta keni hapur marketingun hapet artikulli i plote",1.568486599301533e-05,0.999984315134007,fake,likely_fake,0.9997227013930398,fake,likely_fake,0.0002616137409672259,0.0002616137409672259,False,False,True
word_tfidf,Word TF-IDF,fake_1698,fake,unicode_nfc_from_nfd,Unicode i normalizuar,221,"Prekese: Sot u bëra nene pas 10 viteve martes, jam Nene e Trinjakëve, kush me uron i dhent Zoti ate qe i mungon ... Në maternitetin e Librazhdit një nënë 32-vjeçare ka lindur trinjakë. Por për t’i sjellë në jetë tre fëmijët, ajo ka kryer dy operacione të vështira të cilat zgjatën 6 orë.Alfonia Çota raportohet nga “ABC News” se ishte në rezik për jetën, por një infermiere e spitalit është ofruar për të dhuruar gjak dhe tani ajo bashkë me trinjakët gëzojnë shëndet të plotë.Alfonie Çota sapo ka sjellë në jetë tre fëmijë, dy vajza dhe një djalë.ja ma posht duhet patjeter me kqyr qat moment amo patjeter kqyrne disa sekonda pasi ta keni hapur marketingun hapet artikulli i plotëNë maternitetin e Librazhdit një nënë 32-vjeçare ka lindur trinjakë. Por për t’i sjellë në jetë tre fëmijët, ajo ka kryer dy operacione të vështira të cilat zgjatën 6 orë.Alfonia Çota raportohet nga “ABC News” se ishte në rezik për jetën, por një infermiere e spitalit është ofruar për të dhuruar gjak dhe tani ajo bashkë me trinjakët gëzojnë shëndet të plotë.Alfonie Çota sapo ka sjellë në jetë tre fëmijë, dy vajza dhe një djalë.ja ma posht duhet patjeter me kqyr qat moment amo patjeter kqyrne disa sekonda pasi ta keni hapur marketingun hapet artikulli i plotë",0.0010487190748152964,0.9989512809251847,fake,likely_fake,0.9989512809251847,fake,likely_fake,0.0,0.0,False,False,True
char_tfidf,Character TF-IDF,fake_1698,fake,unicode_nfc_from_nfd,Unicode i normalizuar,221,"Prekese: Sot u bëra nene pas 10 viteve martes, jam Nene e Trinjakëve, kush me uron i dhent Zoti ate qe i mungon ... Në maternitetin e Librazhdit një nënë 32-vjeçare ka lindur trinjakë. Por për t’i sjellë në jetë tre fëmijët, ajo ka kryer dy operacione të vështira të cilat zgjatën 6 orë.Alfonia Çota raportohet nga “ABC News” se ishte në rezik për jetën, por një infermiere e spitalit është ofruar për të dhuruar gjak dhe tani ajo bashkë me trinjakët gëzojnë shëndet të plotë.Alfonie Çota sapo ka sjellë në jetë tre fëmijë, dy vajza dhe një djalë.ja ma posht duhet patjeter me kqyr qat moment amo patjeter kqyrne disa sekonda pasi ta keni hapur marketingun hapet artikulli i plotëNë maternitetin e Librazhdit një nënë 32-vjeçare ka lindur trinjakë. Por për t’i sjellë në jetë tre fëmijët, ajo ka kryer dy operacione të vështira të cilat zgjatën 6 orë.Alfonia Çota raportohet nga “ABC News” se ishte në rezik për jetën, por një infermiere e spitalit është ofruar për të dhuruar gjak dhe tani ajo bashkë me trinjakët gëzojnë shëndet të plotë.Alfonie Çota sapo ka sjellë në jetë tre fëmijë, dy vajza dhe një djalë.ja ma posht duhet patjeter me kqyr qat moment amo patjeter kqyrne disa sekonda pasi ta keni hapur marketingun hapet artikulli i plotë",0.0007492826359070115,0.999250717364093,fake,likely_fake,0.999250717364093,fake,likely_fake,0.0,0.0,False,False,True
word_char_tfidf,Word + Character TF-IDF,fake_1698,fake,unicode_nfc_from_nfd,Unicode i normalizuar,221,"Prekese: Sot u bëra nene pas 10 viteve martes, jam Nene e Trinjakëve, kush me uron i dhent Zoti ate qe i mungon ... Në maternitetin e Librazhdit një nënë 32-vjeçare ka lindur trinjakë. Por për t’i sjellë në jetë tre fëmijët, ajo ka kryer dy operacione të vështira të cilat zgjatën 6 orë.Alfonia Çota raportohet nga “ABC News” se ishte në rezik për jetën, por një infermiere e spitalit është ofruar për të dhuruar gjak dhe tani ajo bashkë me trinjakët gëzojnë shëndet të plotë.Alfonie Çota sapo ka sjellë në jetë tre fëmijë, dy vajza dhe një djalë.ja ma posht duhet patjeter me kqyr qat moment amo patjeter kqyrne disa sekonda pasi ta keni hapur marketingun hapet artikulli i plotëNë maternitetin e Librazhdit një nënë 32-vjeçare ka lindur trinjakë. Por për t’i sjellë në jetë tre fëmijët, ajo ka kryer dy operacione të vështira të cilat zgjatën 6 orë.Alfonia Çota raportohet nga “ABC News” se ishte në rezik për jetën, por një infermiere e spitalit është ofruar për të dhuruar gjak dhe tani ajo bashkë me trinjakët gëzojnë shëndet të plotë.Alfonie Çota sapo ka sjellë në jetë tre fëmijë, dy vajza dhe një djalë.ja ma posht duhet patjeter me kqyr qat moment amo patjeter kqyrne disa sekonda pasi ta keni hapur marketingun hapet artikulli i plotë",0.0002772986069602412,0.9997227013930398,fake,likely_fake,0.9997227013930398,fake,likely_fake,0.0,0.0,False,False,True
word_tfidf,Word TF-IDF,fake_1885,fake,full,Teksti i plotë,247,"Infermierja e infektuar me Covid-19 i lutet kolegëve: Mos më lini të vdes, kam fëmijë. Një infermiere e infektuar me koronavirus ka zbuluar se si ajo po e përballon luftën me të, dhe çdo ditë i lutet stafit mjekësor që të mos e lënë të vdesë.Në gjendjen e vështirë në të cilën ndodhet, ajo po mban dhe ditar.Kelly Ward, 35 vjeç, u infektua në spital dhe tani është e sëmurë rëndë në Bradford Royal.Nëna e dy fëmijëve nga Shipley, West Yorkshire, rezultoi pozitive me Covid-19 dhe u dërgua menjëherë në spital. Stafi shëndetësor i dha zonjës Ward oksigjen dhe e transferoi atë në njësinë për monitorim kardiak, pastaj në një repart kujdesi intensiv.Ward filloi të frikësohej, duke menduar se nuk i kishte parë ende fëmijët e saj, familjen ose miqtë e saj dhe u shqetësua se çfarë do të ndodhte nëse nuk funksiononte.Ajo përshkroi se kolegët e saj bënë çdo gjë për ta ndihmuar.Zonja Ward shkruan:E NJIHJA NJËRËN PREJ TYRE, NE KEMI PUNUAR SË BASHKU MË PARË DHE UNË I THASHË ASAJ: ” MOS MË LINI TË VDES “.Gjendja e saj dukej se po përmirësohej dhe më pas hëngri për herë të parë, pas tre ditësh të mërkurën, por nuk ka mundur të dalë nga shtrati.Gjithashtu shtoi:NATYRISHT QË DO TË BËJ GJITHÇKA QË MUNDEM PËR TA MPOSHTUR KËTË, SEPSE FËMIJËT E MI KANË NEVOJË PËR MUA. DO TË JETË NJË RRUGË SHUMË E GJATË, POR DO TA FITOJ KËTË BETEJË.",0.8331140178319903,0.16688598216800968,real,likely_real,0.16688598216800968,real,likely_real,0.0,0.0,False,False,False
char_tfidf,Character TF-IDF,fake_1885,fake,full,Teksti i plotë,247,"Infermierja e infektuar me Covid-19 i lutet kolegëve: Mos më lini të vdes, kam fëmijë. Një infermiere e infektuar me koronavirus ka zbuluar se si ajo po e përballon luftën me të, dhe çdo ditë i lutet stafit mjekësor që të mos e lënë të vdesë.Në gjendjen e vështirë në të cilën ndodhet, ajo po mban dhe ditar.Kelly Ward, 35 vjeç, u infektua në spital dhe tani është e sëmurë rëndë në Bradford Royal.Nëna e dy fëmijëve nga Shipley, West Yorkshire, rezultoi pozitive me Covid-19 dhe u dërgua menjëherë në spital. Stafi shëndetësor i dha zonjës Ward oksigjen dhe e transferoi atë në njësinë për monitorim kardiak, pastaj në një repart kujdesi intensiv.Ward filloi të frikësohej, duke menduar se nuk i kishte parë ende fëmijët e saj, familjen ose miqtë e saj dhe u shqetësua se çfarë do të ndodhte nëse nuk funksiononte.Ajo përshkroi se kolegët e saj bënë çdo gjë për ta ndihmuar.Zonja Ward shkruan:E NJIHJA NJËRËN PREJ TYRE, NE KEMI PUNUAR SË BASHKU MË PARË DHE UNË I THASHË ASAJ: ” MOS MË LINI TË VDES “.Gjendja e saj dukej se po përmirësohej dhe më pas hëngri për herë të parë, pas tre ditësh të mërkurën, por nuk ka mundur të dalë nga shtrati.Gjithashtu shtoi:NATYRISHT QË DO TË BËJ GJITHÇKA QË MUNDEM PËR TA MPOSHTUR KËTË, SEPSE FËMIJËT E MI KANË NEVOJË PËR MUA. DO TË JETË NJË RRUGË SHUMË E GJATË, POR DO TA FITOJ KËTË BETEJË.",0.6967626416747719,0.3032373583252281,real,uncertain,0.3032373583252281,real,uncertain,0.0,0.0,False,False,False
word_char_tfidf,Word + Character TF-IDF,fake_1885,fake,full,Teksti i plotë,247,"Infermierja e infektuar me Covid-19 i lutet kolegëve: Mos më lini të vdes, kam fëmijë. Një infermiere e infektuar me koronavirus ka zbuluar se si ajo po e përballon luftën me të, dhe çdo ditë i lutet stafit mjekësor që të mos e lënë të vdesë.Në gjendjen e vështirë në të cilën ndodhet, ajo po mban dhe ditar.Kelly Ward, 35 vjeç, u infektua në spital dhe tani është e sëmurë rëndë në Bradford Royal.Nëna e dy fëmijëve nga Shipley, West Yorkshire, rezultoi pozitive me Covid-19 dhe u dërgua menjëherë në spital. Stafi shëndetësor i dha zonjës Ward oksigjen dhe e transferoi atë në njësinë për monitorim kardiak, pastaj në një repart kujdesi intensiv.Ward filloi të frikësohej, duke menduar se nuk i kishte parë ende fëmijët e saj, familjen ose miqtë e saj dhe u shqetësua se çfarë do të ndodhte nëse nuk funksiononte.Ajo përshkroi se kolegët e saj bënë çdo gjë për ta ndihmuar.Zonja Ward shkruan:E NJIHJA NJËRËN PREJ TYRE, NE KEMI PUNUAR SË BASHKU MË PARË DHE UNË I THASHË ASAJ: ” MOS MË LINI TË VDES “.Gjendja e saj dukej se po përmirësohej dhe më pas hëngri për herë të parë, pas tre ditësh të mërkurën, por nuk ka mundur të dalë nga shtrati.Gjithashtu shtoi:NATYRISHT QË DO TË BËJ GJITHÇKA QË MUNDEM PËR TA MPOSHTUR KËTË, SEPSE FËMIJËT E MI KANË NEVOJË PËR MUA. DO TË JETË NJË RRUGË SHUMË E GJATË, POR DO TA FITOJ KËTË BETEJË.",0.7677173215647699,0.23228267843523012,real,likely_real,0.23228267843523012,real,likely_real,0.0,0.0,False,False,False
word_tfidf,Word TF-IDF,fake_1885,fake,short_46_words,Rreth 46 fjalë,47,"Infermierja e infektuar me Covid-19 i lutet kolegëve: Mos më lini të vdes, kam fëmijë. Një infermiere e infektuar me koronavirus ka zbuluar se si ajo po e përballon luftën me të, dhe çdo ditë i lutet stafit mjekësor që të mos e lënë të vdesë.Në",0.4866913974090843,0.5133086025909157,fake,uncertain,0.16688598216800968,real,likely_real,0.34642262042290606,0.34642262042290606,True,True,True
char_tfidf,Character TF-IDF,fake_1885,fake,short_46_words,Rreth 46 fjalë,47,"Infermierja e infektuar me Covid-19 i lutet kolegëve: Mos më lini të vdes, kam fëmijë. Një infermiere e infektuar me koronavirus ka zbuluar se si ajo po e përballon luftën me të, dhe çdo ditë i lutet stafit mjekësor që të mos e lënë të vdesë.Në",0.1384596614130178,0.8615403385869822,fake,likely_fake,0.3032373583252281,real,uncertain,0.5583029802617541,0.5583029802617541,True,True,True
word_char_tfidf,Word + Character TF-IDF,fake_1885,fake,short_46_words,Rreth 46 fjalë,47,"Infermierja e infektuar me Covid-19 i lutet kolegëve: Mos më lini të vdes, kam fëmijë. Një infermiere e infektuar me koronavirus ka zbuluar se si ajo po e përballon luftën me të, dhe çdo ditë i lutet stafit mjekësor që të mos e lënë të vdesë.Në",0.22764137642413995,0.77235862357586,fake,likely_fake,0.23228267843523012,real,likely_real,0.54007594514063,0.54007594514063,True,True,True
word_tfidf,Word TF-IDF,fake_1885,fake,title_only,Vetëm titulli,15,"Infermierja e infektuar me Covid-19 i lutet kolegëve: Mos më lini të vdes, kam fëmijë",0.27939749634598765,0.7206025036540123,fake,likely_fake,0.16688598216800968,real,likely_real,0.5537165214860027,0.5537165214860027,True,True,True
char_tfidf,Character TF-IDF,fake_1885,fake,title_only,Vetëm titulli,15,"Infermierja e infektuar me Covid-19 i lutet kolegëve: Mos më lini të vdes, kam fëmijë",0.08481999071001767,0.9151800092899823,fake,likely_fake,0.3032373583252281,real,uncertain,0.6119426509647543,0.6119426509647543,True,True,True
word_char_tfidf,Word + Character TF-IDF,fake_1885,fake,title_only,Vetëm titulli,15,"Infermierja e infektuar me Covid-19 i lutet kolegëve: Mos më lini të vdes, kam fëmijë",0.1515106854617564,0.8484893145382436,fake,likely_fake,0.23228267843523012,real,likely_real,0.6162066361030135,0.6162066361030135,True,True,True
word_tfidf,Word TF-IDF,fake_1885,fake,without_albanian_diacritics,Pa ë/ç,247,"Infermierja e infektuar me Covid-19 i lutet kolegeve: Mos me lini te vdes, kam femije. Nje infermiere e infektuar me koronavirus ka zbuluar se si ajo po e perballon luften me te, dhe cdo dite i lutet stafit mjekesor qe te mos e lene te vdese.Ne gjendjen e veshtire ne te cilen ndodhet, ajo po mban dhe ditar.Kelly Ward, 35 vjec, u infektua ne spital dhe tani eshte e semure rende ne Bradford Royal.Nena e dy femijeve nga Shipley, West Yorkshire, rezultoi pozitive me Covid-19 dhe u dergua menjehere ne spital. Stafi shendetesor i dha zonjes Ward oksigjen dhe e transferoi ate ne njesine per monitorim kardiak, pastaj ne nje repart kujdesi intensiv.Ward filloi te frikesohej, duke menduar se nuk i kishte pare ende femijet e saj, familjen ose miqte e saj dhe u shqetesua se cfare do te ndodhte nese nuk funksiononte.Ajo pershkroi se koleget e saj bene cdo gje per ta ndihmuar.Zonja Ward shkruan:E NJIHJA NJEREN PREJ TYRE, NE KEMI PUNUAR SE BASHKU ME PARE DHE UNE I THASHE ASAJ: ” MOS ME LINI TE VDES “.Gjendja e saj dukej se po permiresohej dhe me pas hengri per here te pare, pas tre ditesh te merkuren, por nuk ka mundur te dale nga shtrati.Gjithashtu shtoi:NATYRISHT QE DO TE BEJ GJITHCKA QE MUNDEM PER TA MPOSHTUR KETE, SEPSE FEMIJET E MI KANE NEVOJE PER MUA. DO TE JETE NJE RRUGE SHUME E GJATE, POR DO TA FITOJ KETE BETEJE.",0.03422901995740302,0.965770980042597,fake,likely_fake,0.16688598216800968,real,likely_real,0.7988849978745873,0.7988849978745873,True,True,True
char_tfidf,Character TF-IDF,fake_1885,fake,without_albanian_diacritics,Pa ë/ç,247,"Infermierja e infektuar me Covid-19 i lutet kolegeve: Mos me lini te vdes, kam femije. Nje infermiere e infektuar me koronavirus ka zbuluar se si ajo po e perballon luften me te, dhe cdo dite i lutet stafit mjekesor qe te mos e lene te vdese.Ne gjendjen e veshtire ne te cilen ndodhet, ajo po mban dhe ditar.Kelly Ward, 35 vjec, u infektua ne spital dhe tani eshte e semure rende ne Bradford Royal.Nena e dy femijeve nga Shipley, West Yorkshire, rezultoi pozitive me Covid-19 dhe u dergua menjehere ne spital. Stafi shendetesor i dha zonjes Ward oksigjen dhe e transferoi ate ne njesine per monitorim kardiak, pastaj ne nje repart kujdesi intensiv.Ward filloi te frikesohej, duke menduar se nuk i kishte pare ende femijet e saj, familjen ose miqte e saj dhe u shqetesua se cfare do te ndodhte nese nuk funksiononte.Ajo pershkroi se koleget e saj bene cdo gje per ta ndihmuar.Zonja Ward shkruan:E NJIHJA NJEREN PREJ TYRE, NE KEMI PUNUAR SE BASHKU ME PARE DHE UNE I THASHE ASAJ: ” MOS ME LINI TE VDES “.Gjendja e saj dukej se po permiresohej dhe me pas hengri per here te pare, pas tre ditesh te merkuren, por nuk ka mundur te dale nga shtrati.Gjithashtu shtoi:NATYRISHT QE DO TE BEJ GJITHCKA QE MUNDEM PER TA MPOSHTUR KETE, SEPSE FEMIJET E MI KANE NEVOJE PER MUA. DO TE JETE NJE RRUGE SHUME E GJATE, POR DO TA FITOJ KETE BETEJE.",0.05134597959282938,0.9486540204071706,fake,likely_fake,0.3032373583252281,real,uncertain,0.6454166620819426,0.6454166620819426,True,True,True
word_char_tfidf,Word + Character TF-IDF,fake_1885,fake,without_albanian_diacritics,Pa ë/ç,247,"Infermierja e infektuar me Covid-19 i lutet kolegeve: Mos me lini te vdes, kam femije. Nje infermiere e infektuar me koronavirus ka zbuluar se si ajo po e perballon luften me te, dhe cdo dite i lutet stafit mjekesor qe te mos e lene te vdese.Ne gjendjen e veshtire ne te cilen ndodhet, ajo po mban dhe ditar.Kelly Ward, 35 vjec, u infektua ne spital dhe tani eshte e semure rende ne Bradford Royal.Nena e dy femijeve nga Shipley, West Yorkshire, rezultoi pozitive me Covid-19 dhe u dergua menjehere ne spital. Stafi shendetesor i dha zonjes Ward oksigjen dhe e transferoi ate ne njesine per monitorim kardiak, pastaj ne nje repart kujdesi intensiv.Ward filloi te frikesohej, duke menduar se nuk i kishte pare ende femijet e saj, familjen ose miqte e saj dhe u shqetesua se cfare do te ndodhte nese nuk funksiononte.Ajo pershkroi se koleget e saj bene cdo gje per ta ndihmuar.Zonja Ward shkruan:E NJIHJA NJEREN PREJ TYRE, NE KEMI PUNUAR SE BASHKU ME PARE DHE UNE I THASHE ASAJ: ” MOS ME LINI TE VDES “.Gjendja e saj dukej se po permiresohej dhe me pas hengri per here te pare, pas tre ditesh te merkuren, por nuk ka mundur te dale nga shtrati.Gjithashtu shtoi:NATYRISHT QE DO TE BEJ GJITHCKA QE MUNDEM PER TA MPOSHTUR KETE, SEPSE FEMIJET E MI KANE NEVOJE PER MUA. DO TE JETE NJE RRUGE SHUME E GJATE, POR DO TA FITOJ KETE BETEJE.",0.037007642306616684,0.9629923576933833,fake,likely_fake,0.23228267843523012,real,likely_real,0.7307096792581532,0.7307096792581532,True,True,True
word_tfidf,Word TF-IDF,fake_1885,fake,unicode_nfc_from_nfd,Unicode i normalizuar,247,"Infermierja e infektuar me Covid-19 i lutet kolegëve: Mos më lini të vdes, kam fëmijë. Një infermiere e infektuar me koronavirus ka zbuluar se si ajo po e përballon luftën me të, dhe çdo ditë i lutet stafit mjekësor që të mos e lënë të vdesë.Në gjendjen e vështirë në të cilën ndodhet, ajo po mban dhe ditar.Kelly Ward, 35 vjeç, u infektua në spital dhe tani është e sëmurë rëndë në Bradford Royal.Nëna e dy fëmijëve nga Shipley, West Yorkshire, rezultoi pozitive me Covid-19 dhe u dërgua menjëherë në spital. Stafi shëndetësor i dha zonjës Ward oksigjen dhe e transferoi atë në njësinë për monitorim kardiak, pastaj në një repart kujdesi intensiv.Ward filloi të frikësohej, duke menduar se nuk i kishte parë ende fëmijët e saj, familjen ose miqtë e saj dhe u shqetësua se çfarë do të ndodhte nëse nuk funksiononte.Ajo përshkroi se kolegët e saj bënë çdo gjë për ta ndihmuar.Zonja Ward shkruan:E NJIHJA NJËRËN PREJ TYRE, NE KEMI PUNUAR SË BASHKU MË PARË DHE UNË I THASHË ASAJ: ” MOS MË LINI TË VDES “.Gjendja e saj dukej se po përmirësohej dhe më pas hëngri për herë të parë, pas tre ditësh të mërkurën, por nuk ka mundur të dalë nga shtrati.Gjithashtu shtoi:NATYRISHT QË DO TË BËJ GJITHÇKA QË MUNDEM PËR TA MPOSHTUR KËTË, SEPSE FËMIJËT E MI KANË NEVOJË PËR MUA. DO TË JETË NJË RRUGË SHUMË E GJATË, POR DO TA FITOJ KËTË BETEJË.",0.8331140178319903,0.16688598216800968,real,likely_real,0.16688598216800968,real,likely_real,0.0,0.0,False,False,False
char_tfidf,Character TF-IDF,fake_1885,fake,unicode_nfc_from_nfd,Unicode i normalizuar,247,"Infermierja e infektuar me Covid-19 i lutet kolegëve: Mos më lini të vdes, kam fëmijë. Një infermiere e infektuar me koronavirus ka zbuluar se si ajo po e përballon luftën me të, dhe çdo ditë i lutet stafit mjekësor që të mos e lënë të vdesë.Në gjendjen e vështirë në të cilën ndodhet, ajo po mban dhe ditar.Kelly Ward, 35 vjeç, u infektua në spital dhe tani është e sëmurë rëndë në Bradford Royal.Nëna e dy fëmijëve nga Shipley, West Yorkshire, rezultoi pozitive me Covid-19 dhe u dërgua menjëherë në spital. Stafi shëndetësor i dha zonjës Ward oksigjen dhe e transferoi atë në njësinë për monitorim kardiak, pastaj në një repart kujdesi intensiv.Ward filloi të frikësohej, duke menduar se nuk i kishte parë ende fëmijët e saj, familjen ose miqtë e saj dhe u shqetësua se çfarë do të ndodhte nëse nuk funksiononte.Ajo përshkroi se kolegët e saj bënë çdo gjë për ta ndihmuar.Zonja Ward shkruan:E NJIHJA NJËRËN PREJ TYRE, NE KEMI PUNUAR SË BASHKU MË PARË DHE UNË I THASHË ASAJ: ” MOS MË LINI TË VDES “.Gjendja e saj dukej se po përmirësohej dhe më pas hëngri për herë të parë, pas tre ditësh të mërkurën, por nuk ka mundur të dalë nga shtrati.Gjithashtu shtoi:NATYRISHT QË DO TË BËJ GJITHÇKA QË MUNDEM PËR TA MPOSHTUR KËTË, SEPSE FËMIJËT E MI KANË NEVOJË PËR MUA. DO TË JETË NJË RRUGË SHUMË E GJATË, POR DO TA FITOJ KËTË BETEJË.",0.6967626416747719,0.3032373583252281,real,uncertain,0.3032373583252281,real,uncertain,0.0,0.0,False,False,False
word_char_tfidf,Word + Character TF-IDF,fake_1885,fake,unicode_nfc_from_nfd,Unicode i normalizuar,247,"Infermierja e infektuar me Covid-19 i lutet kolegëve: Mos më lini të vdes, kam fëmijë. Një infermiere e infektuar me koronavirus ka zbuluar se si ajo po e përballon luftën me të, dhe çdo ditë i lutet stafit mjekësor që të mos e lënë të vdesë.Në gjendjen e vështirë në të cilën ndodhet, ajo po mban dhe ditar.Kelly Ward, 35 vjeç, u infektua në spital dhe tani është e sëmurë rëndë në Bradford Royal.Nëna e dy fëmijëve nga Shipley, West Yorkshire, rezultoi pozitive me Covid-19 dhe u dërgua menjëherë në spital. Stafi shëndetësor i dha zonjës Ward oksigjen dhe e transferoi atë në njësinë për monitorim kardiak, pastaj në një repart kujdesi intensiv.Ward filloi të frikësohej, duke menduar se nuk i kishte parë ende fëmijët e saj, familjen ose miqtë e saj dhe u shqetësua se çfarë do të ndodhte nëse nuk funksiononte.Ajo përshkroi se kolegët e saj bënë çdo gjë për ta ndihmuar.Zonja Ward shkruan:E NJIHJA NJËRËN PREJ TYRE, NE KEMI PUNUAR SË BASHKU MË PARË DHE UNË I THASHË ASAJ: ” MOS MË LINI TË VDES “.Gjendja e saj dukej se po përmirësohej dhe më pas hëngri për herë të parë, pas tre ditësh të mërkurën, por nuk ka mundur të dalë nga shtrati.Gjithashtu shtoi:NATYRISHT QË DO TË BËJ GJITHÇKA QË MUNDEM PËR TA MPOSHTUR KËTË, SEPSE FËMIJËT E MI KANË NEVOJË PËR MUA. DO TË JETË NJË RRUGË SHUMË E GJATË, POR DO TA FITOJ KËTË BETEJË.",0.7677173215647699,0.23228267843523012,real,likely_real,0.23228267843523012,real,likely_real,0.0,0.0,False,False,False
word_tfidf,Word TF-IDF,fake_1932,fake,full,Teksti i plotë,2376,"Flet mjekja shqiptare në Kanada: Si të trajtoni virusin në kushtet e shtëpisë. Në një intervistë dhënë për gazetën, doktoresha e vë theksin në masat parandaluese, siç janë distancimi social, mbajtja e maskave dhe larja e shpeshtë e duarve. “Është shumë më e thjeshtë ta parandalosh këtë virus sesa ta mjekosh atë. Lufta e vërtetë e këtij virusi, fronti i parë i luftës, është në komunitet, në çdo shtëpi, te çdo individ. Spitali është fronti i fundit”, shton doktoresha. Me rëndësi po ashtu është edhe menaxhimi i stresit dhe gjumi i rregullt. “Ajo që shkakton vdekjen, nuk është virusi, është përgjigjja jonë imunitare, që ka për qëllim të vrasë virusin, por në proces e sipër, vret dhe njeriun”, vë në dukje mjekja. Juliana Gorja, MD ÇFP, është mjeke që praktikon në Toronto, Kanada. Gorja ka mbaruar Fakultetin e Mjekësisë në Tiranë dhe specializim për Mjekësi Familje në Universitetin e Otava në Ontarion Veriore. Ajo ka ushtruar mjekësi për 15 vjet në Ontario dhe momentalisht punon në Toronto, ku u shërben mijëra pacientëve të klinikës së saj ambulatore komunitare.Doktoreshë, cila është situata aktuale në Kanada? Sa persona rezultojnë të infektuar nga COVID-19 dhe sa prej tyre kanë ndërruar jetë, duke mos arritur ta fitojnë këtë betejë?Në radhë të parë, doja të përshëndesja stafin dhe lexuesit tuaj. Dëshiroj t’u drejtohem gjithë lexuesve tuaj, të cilët gjatë kësaj periudhe të jashtëzakonshme, pa dyshim, janë të lodhur e të tejngopur me informacione që janë të vështira për t’u kuptuar apo pranuar, në lidhje me një armik të padukshëm që është bërë epiqendra e jetës sonë. Dua t’u them që të mos fokusohen te numrat, numrat janë numra që ndryshojnë përditë. Fokusin mbajeni te vetja dhe familja juaj. Nëse arrini të mbani të shëndetshëm veten dhe familjen tuaj, duke zbatuar këshillat e mjekëve dhe të Shëndetit Publik, ju e keni bërë 0 numrin e të infektuarve në shtëpinë tuaj. Sikur çdo familje e tërë pallatit të jetë kështu, e keni bërë 0 numrin e të infektuarve në pallat. Sikur tërë pallatet e lagjes ta kenë 0, atëherë tërë lagjja e mandej tërë qyteti e ka 0. Dhe kështu me radhë, tërë vendi e ka 0. Pra, mos u shqetësoni për numrat jashtë. Shqetësohuni vetëm për numrin brenda shtëpisë tuaj. Mbajeni 0 këtë numër dhe e keni kryer detyrën tuaj. Deri më 24 prill 2020, numri i njerëzve që janë testuar pozitivë në Kanada është 43 mijë e 551. Numri i vdekjeve nga COVID-19 është 2 mijë e 294. Të shëruarit janë afërsisht 15 mijë e 500. Këto shifra nuk janë të sakta, sepse shpesh do më tepër se 1-2 ditë derisa të vijë përgjigjja e rezultatit të testit, pra, me shumë gjasa përfaqësojnë numrin e rasteve pozitive disa ditë më parë. Duke ditur që testohen vetëm njerëz që përmbushin kriteret e vëna nga Shëndeti Publik, kuptohet që numri i njerëzve që janë të infektuar, është shumë më i madh se ky. Por ky numër është praktikisht i pamundur të përcaktohet. Prandaj, numri më i saktë ose më domethënës është numri i të shtruarve me COVID-19 dhe sidomos ata të shtruar në shërbimin intensiv. Ata numra janë solidë. Deri më tani në gjendje kritike nëpër spitale në Kanada janë 557 pacientë. Vdekshmëria për 1 milion banorë është 61.Cila është mosha mesatare e personave që kanë ndërruar jetë?Deri tani nuk kanë dalë të dhënat e detajuara demografike për fatalitetet në rang kombëtar, jam e sigurt që shumë shpejt do kemi në dorë të dhënat për grupmoshat dhe gjendjen shëndetësore premorbide të tyre. Në provincën e Ontarios, COVID19 tani ka hyrë në institucionet e të sëmurëve rëndë dhe kronikë, në ato që këtu quhen Long Term Care Homes. Ata janë institucione ku ndodhen të sëmurë kryesisht të moshave të mëdha, që, për shkak të problemeve të avancuara shëndetësore, kanë nevojë për kujdes 24 orë. Ata janë ndër më të brishtët e shoqërisë. Këta janë pacientët që po provojnë vdekshmërinë më të lartë tani prej koronavirusit. Në Ontario, në këto qendra, deri tani ka 2 mijë e 287 raste pozitive. Numri i të vdekurve në to është 573. Numri i personelit shëndetësor që punon në këto qendra, të konfirmuar me COVID-19, është 1 mijë e 089 dhe një prej tyre ka humbur jetën.A ka shqiptarë të infektuar?Patjetër që ka. Me kalimin e kohës do dalin dhe të dhënat e distiluara për grupet e ndryshme etnike dhe efektet e përkatësive të ndryshme gjenetike në sëmundshmëri e vdekshmëri.Si po menaxhohet kjo situatë, pra, cilat janë masat e marra nga autoritetet atje?Si kudo, ekonomia ka ndaluar, me përjashtim të shërbimeve esenciale. Kafenetë e restorantet janë mbyllur. Ato që janë hapur ofrojnë vetëm shitje vaktesh që klienti i merr me vete. Njerëzit janë në distancim të theksuar social. Ata që kanë testuar pozitivë ose dyshohen për COVID-19, menaxhohen në shtëpitë e tyre. Rastet e rënda shtrohen në spital. Individët dalin vetëm për gjëra esenciale, si blerja e ushqimeve dhe barnave. Bizneset esenciale janë detyruar me ligj që të zbatojnë në çdo moment distancën minimale prej 2 metër midis punonjësve të biznesit dhe klientëve të tyre. Gjobat janë 500 mijë dollarë për bizneset që nuk i zbatojnë, kurse për individët janë 1000-5000 dollarë. Hyrja në dyqane është e kontrolluar nga punonjës të posaçëm, që sigurohen që numri i njerëzve brenda dyqanit nuk kalon normën e lejuar nga shteti. Parqet e fëmijëve janë mbyllur, natyrisht shkollat dhe çerdhet kanë kohë që janë mbyllur. Kampingjet dhe asnjë lloj grumbullimi njerëzish nuk lejohen. Forcat e Policisë inspektojnë qytetin për zbatimin e rregullave. Gjithë infrastruktura e shëndetësisë, në komunitet dhe spitale, është vënë krejtësisht në shërbim të COVID, duke anuluar gjithë operacionet jourgjente, procedurat jourgjente dhe vizitat jourgjente për pacientët, të cilët po menaxhohen në mënyrë virtuale nga shtëpitë e tyre. Fatmirësisht, këto masa kanë dhënë efektin e tyre, duke u lënë mundësi spitaleve ta përballojnë shumë mirë situatën deri tani.Lidhur me trajtimin e të infektuarve, cilat janë medikamentet që po aplikohen?Në komunitet, të infektuarit nuk kanë nevojë për mjekime specifike. Si për çdo sëmundje virale, hidratimi, pushimi fizik dhe mendor, antipiretikët për uljen e temperaturës dhe vetizolimi efikas, janë standardi i trajtimit. Për sa u përket të sëmurëve në spitale, kuptohet që trajtimi kryesor i tyre është stabilizimi i parametrave vitalë me oksigjen, lëngje intravenoze dhe mjekime të ndryshme në këtë drejtim. E vërteta është që nuk ka kurë për COVID-19. Trajtimet që po përdoren tani nëpër spitale janë në nivel eksperimental dhe nuk kanë evidencë shkencore të nivelit të lartë që vërteton efikasitetin e tyre. Në spitale të ndryshme kanë vendosur protokolle trajtimi me kokteje të ndryshme medikamentesh, që nga antimalariket, antiviralet, antibiotikë si dhe mjekime të tjera që tentojnë të ulin përgjigjen imunitare ndaj virusit, e cila, në shumë raste, është ajo që shkakton shokun që pëson trupi me Covid. Këtu hyjnë mjekime shumë të shtrenjta, si inhibitorët e interleukinës 6 apo dhe mjekime pak të kushtueshme, si kortizoni. Shkenca e COVID-it është në evoluim e sipër. Çdo ditë mjekët nxjerrin konkluzione për mekanizma të veprimit të këtij virusi që nuk i dinin më parë. Ka teori për një mekanizëm që shkakton vaskulit dhe coagulopati vaskulare, tromboza, në gjuhën popullore, kështu që ka qendra spitalore që po eksperimentojnë me hollues gjaku. Në Kanada kanë nisur të grumbullojnë serum nga gjaku i të sëmurëve që e kanë kaluar COVID-19, për t’ua injektuar të sëmurëve rëndë. Përsëri, këto janë ende në nivel eksperimental dhe nuk dihet akoma se sa efektive dhe pa efekte anësore do jenë. Pra, mjekët, në tërë botën, po i përqasen trajtimit të këtij virusi nga drejtime të ndryshme, por deri tani nuk ka kurë. Shumë herë, mjekimet kanë efekte anësore të rënda, kështu që përzgjedhja e kandidatëve për trajtim bëhet me kujdes, në bazë të kritereve të institucionit. Për këtë arsye është shumë e rëndësishme që të ndiqet këshilla e mjekut specialist që ndjek rastin dhe jo lajmërimet bombastike që mund të dalin në televizion apo internet me pretendime për mjekime çudibërëse, nga njerëz që nuk kanë asnjë kualifikim për të bërë rekomandime mjekësore. Është shumë më e thjeshtë ta parandalosh këtë virus sesa ta mjekosh atë. Lufta e vërtetë e këtij virusi, fronti i parë i luftës, është në komunitet, në çdo shtëpi, te çdo individ. Spitali është fronti i fundit.Mendoni që me rritjen e temperaturave do të bjerë edhe virulenca e këtij virusi?Fakt është që ky virus është përhapur edhe në vende të nxehta apo edhe në hemisferën jugore. Prandaj mendoj që temperatura e lartë nuk do ndikojë në të.A ka të dhëna mbi ndikimin që mund të ketë vaksina e tuberkulozit?Studime të bëra vitet e fundit kanë treguar që vaksina e TB ka riprogramuar qelizat imunitare për të luftuar infeksione të tjera, veç TB. Dhe nën këtë presupozim, tani vonë, kanë nisur dhe studimet e eksperimentimet për të parë a ka efekt kjo vaksinë në luftën kundër virusit COVID-19. Natyrisht, do kohë derisa të studiohet efekti dhe të shihet a mund të ekstrapolohet rezultati i marrë në një kampion njerëzish, në popullatë të gjerë. Deri atëherë, masa mbrojtëse më e mirë është distancimi social, larja e shpeshtë dhe e gjatë e duarve, dhe veshja e maskave në publik.Çfarë do të këshillonit për të parandaluar infektimin me COVID-19?Ne tani e dimë që ngarkesa më e madhe virale është 2 ditë para se të fillojnë simptomat. Pra, ata që e shpërndajnë më shumë virusin janë njerëzit asimptomatikë. Ata thjesht me pikat e pështymës, duke folur, mund ta përhapin virusin në dyqan, në punë, në komunitet. Prandaj, këshilla ime është të vishni maska, qoftë dhe të bëra vetë, kur dilni jashtë, në dyqan a farmaci. Maska nuk mbron personin që e vesh atë, por mbron ata rreth tij, sepse ul numrin e pikave të pështymës që mbartin virusin, të cilat bien mbi çdo objekt që rrethon personin në një rreze prej 2 metrash. Maska e veshur mund të jetë e bërë vetë, me dy shtresa cope dhe mundësisht një shtresë filtri brenda, që mund të ndërrohet. Kur hiqet maska, nuk duhet kapur nga pjesë e përparme, por nga lidhëset mbrapa, në mënyrë që të mos kontaminohen duart. Maska të lahet në ujë të nxehtë me sapun ose mund të varet e të lihet në diell disa ditë. Larja e shpeshtë e duarve dhe evitimi i prekjes së fytyrës, janë gjëra kyçe. Dhe mos u takoni me asnjë njeri nëse nuk jetoni nën një çati me të. Gjëja tjetër që do këshilloja, është menaxhimi i stresit. Ajo që shkakton vdekjen, nuk është virusi, është përgjigjja jonë imunitare, që ka për qëllim të vrasë virusin, por në proces e sipër, vret dhe njeriun. Trupi ynë ka qeliza të specializuara për të luftuar infeksionet. Disa prej tyre duan 2 javë që të prodhojnë antitrupa specifike, për të luftuar me efikasitet dhe saktësi virusin. Por në shumë raste, përpara se të vijë dyjavëshi, trupi ynë mobilizon tërë arsenalin e vet mbrojtës, duke lëshuar një sasi të lartë molekulash të quajtura citokina, një fenomen që ne e quajmë stuhia e citokinave, të cilat ndezin një zinxhir reaksionesh inflamatore që në vrull e sipër shkatërron tërë organet. Pra, në vend që të vijë një snajper i saktë për të vrarë vetëm virusin, trupi dërgon një ushtri të tërë me napalm në dorë, që shkatërron çfarë gjen përpara. Stresi dhe mungesa e gjumit rrisin hormonet e stresit në trup. Ka studime që tregojnë që dhe një natë pa gjumë, ose me gjumë të fragmentuar, rrisin nivelin e interleukinave në gjak, të këtyre molekulave që marrin pjesë në zinxhirin e inflamacionit. Prandaj, ulja e nivelit të stresit dhe gjumi i rregullt do na ndihmojnë të qëndrojmë fizikisht e mendërisht të fortë gjatë kësaj periudhe. Meditimi, ushtrimet fizike, shokët e mirë, evitimi i lajmeve negative dhe fokusimi në gjërat pozitive të jetës, ulin stresin e përditshëm.Së fundmi, doktoreshë, çfarë rekomandoni për vetizolimin në shtëpi të njerëzve me simptoma të COVID-19?Vetizolimi, duke qenë i lehtë për njerëzit me disa dhoma në shtëpi, ku i sëmuri mund të rrijë në një dhomë vetëm e ku mund të ketë banjën e vet private, është shumë i vështirë për njerëzit që nuk e kanë atë mundësi dhe jetojnë shumë vetë në një ambient të vogël. Në shëndetësi, një ndër determinantët e sëmundshmërisë, është gjendja ekonomike e njeriut. Kështu, këshilla ime është për ata që nuk kanë mundësi të izolohen në një dhomë të tyren është që duhet ndarë dhoma me një çarçaf ose plastmase nga tavani në dysheme, në dy pjesë, njëra është pjesa ku rri i infektuari, tjetra është pjesa ku rrinë njerëzit e tjerë të shtëpisë. Dhe askush nuk hyn e del në zonën e infektuar. I infektuari të mbajë maskë ose një shall rreth gojës e hundës gjatë tërë kohës. Për banjën, të mbahet një shishe spërkatëse, ku të jenë përzierë një kupë solucion klorine, në 5 kupa ujë dhe të sprucohen gjithë sipërfaqet e tualetit, lavamanit, rubinetet, pasi i infektuari ta ketë përdorur atë. Rrobat e rrugicat, me të cilat ka qenë në kontakt i sëmuri, të mos shkunden. Rrobat të lahen në ujë të nxehtë me sapun dhe gjërat që nuk lahen të nxirren në diell. Rrezet ultraviolet e shkatërrojnë virusin. Virusin, pavarësisht se mund ta kesh marrë në duar a në rroba, nuk duhet pasur frikë. Virusi ka nevojë për ne. Ai nuk replikohet dot as në duart tona e as në rrobat tona. Virusi ka nevojë për mukozën e hundës e të gojës tonë e për konjunktivën e syve tanë. Po qe se nuk e transportojmë vetë atje, merr fund. Të dashur bashkatdhetarë dhe lexues, kjo periudhë do kalojë, herët a vonë. Eventualisht sanksionet do ngrihen dhe jeta do nisë normalitetin, pavarësisht se për një periudhë të gjatë normaliteti do jetë ndryshe nga ai që kemi njohur. Për një periudhë kohe nuk do japim dorën apo përqafojmë shokët e miqtë. Do i bëjmë pazaret apo transaksionet e përditshme në distanca 2 metër nga të tjerët. Do dalim jashtë me maska. Do t’i lajmë duart sikur të jemi kirurgë. Nuk do t’i bëjmë dasmat e vdekjet ashtu siç e kemi zakon. Por që të ngrihen sanksionet, duhet të demonstrojmë si bashkësi që jemi të përgjegjshëm dhe që e mbrojmë njëri-tjetrin si një trup i vetëm, duke ndjekur këshillat e Shëndetit Publik dhe të ekspertëve. Sa më shumë të përgjegjshëm të tregohemi, aq më shpejt do dalim nga kjo situatë. Ju uroj shëndet të plotë dhe forcë!",0.9999425832410647,5.741675893534633e-05,real,likely_real,5.741675893534633e-05,real,likely_real,0.0,0.0,False,False,False
char_tfidf,Character TF-IDF,fake_1932,fake,full,Teksti i plotë,2376,"Flet mjekja shqiptare në Kanada: Si të trajtoni virusin në kushtet e shtëpisë. Në një intervistë dhënë për gazetën, doktoresha e vë theksin në masat parandaluese, siç janë distancimi social, mbajtja e maskave dhe larja e shpeshtë e duarve. “Është shumë më e thjeshtë ta parandalosh këtë virus sesa ta mjekosh atë. Lufta e vërtetë e këtij virusi, fronti i parë i luftës, është në komunitet, në çdo shtëpi, te çdo individ. Spitali është fronti i fundit”, shton doktoresha. Me rëndësi po ashtu është edhe menaxhimi i stresit dhe gjumi i rregullt. “Ajo që shkakton vdekjen, nuk është virusi, është përgjigjja jonë imunitare, që ka për qëllim të vrasë virusin, por në proces e sipër, vret dhe njeriun”, vë në dukje mjekja. Juliana Gorja, MD ÇFP, është mjeke që praktikon në Toronto, Kanada. Gorja ka mbaruar Fakultetin e Mjekësisë në Tiranë dhe specializim për Mjekësi Familje në Universitetin e Otava në Ontarion Veriore. Ajo ka ushtruar mjekësi për 15 vjet në Ontario dhe momentalisht punon në Toronto, ku u shërben mijëra pacientëve të klinikës së saj ambulatore komunitare.Doktoreshë, cila është situata aktuale në Kanada? Sa persona rezultojnë të infektuar nga COVID-19 dhe sa prej tyre kanë ndërruar jetë, duke mos arritur ta fitojnë këtë betejë?Në radhë të parë, doja të përshëndesja stafin dhe lexuesit tuaj. Dëshiroj t’u drejtohem gjithë lexuesve tuaj, të cilët gjatë kësaj periudhe të jashtëzakonshme, pa dyshim, janë të lodhur e të tejngopur me informacione që janë të vështira për t’u kuptuar apo pranuar, në lidhje me një armik të padukshëm që është bërë epiqendra e jetës sonë. Dua t’u them që të mos fokusohen te numrat, numrat janë numra që ndryshojnë përditë. Fokusin mbajeni te vetja dhe familja juaj. Nëse arrini të mbani të shëndetshëm veten dhe familjen tuaj, duke zbatuar këshillat e mjekëve dhe të Shëndetit Publik, ju e keni bërë 0 numrin e të infektuarve në shtëpinë tuaj. Sikur çdo familje e tërë pallatit të jetë kështu, e keni bërë 0 numrin e të infektuarve në pallat. Sikur tërë pallatet e lagjes ta kenë 0, atëherë tërë lagjja e mandej tërë qyteti e ka 0. Dhe kështu me radhë, tërë vendi e ka 0. Pra, mos u shqetësoni për numrat jashtë. Shqetësohuni vetëm për numrin brenda shtëpisë tuaj. Mbajeni 0 këtë numër dhe e keni kryer detyrën tuaj. Deri më 24 prill 2020, numri i njerëzve që janë testuar pozitivë në Kanada është 43 mijë e 551. Numri i vdekjeve nga COVID-19 është 2 mijë e 294. Të shëruarit janë afërsisht 15 mijë e 500. Këto shifra nuk janë të sakta, sepse shpesh do më tepër se 1-2 ditë derisa të vijë përgjigjja e rezultatit të testit, pra, me shumë gjasa përfaqësojnë numrin e rasteve pozitive disa ditë më parë. Duke ditur që testohen vetëm njerëz që përmbushin kriteret e vëna nga Shëndeti Publik, kuptohet që numri i njerëzve që janë të infektuar, është shumë më i madh se ky. Por ky numër është praktikisht i pamundur të përcaktohet. Prandaj, numri më i saktë ose më domethënës është numri i të shtruarve me COVID-19 dhe sidomos ata të shtruar në shërbimin intensiv. Ata numra janë solidë. Deri më tani në gjendje kritike nëpër spitale në Kanada janë 557 pacientë. Vdekshmëria për 1 milion banorë është 61.Cila është mosha mesatare e personave që kanë ndërruar jetë?Deri tani nuk kanë dalë të dhënat e detajuara demografike për fatalitetet në rang kombëtar, jam e sigurt që shumë shpejt do kemi në dorë të dhënat për grupmoshat dhe gjendjen shëndetësore premorbide të tyre. Në provincën e Ontarios, COVID19 tani ka hyrë në institucionet e të sëmurëve rëndë dhe kronikë, në ato që këtu quhen Long Term Care Homes. Ata janë institucione ku ndodhen të sëmurë kryesisht të moshave të mëdha, që, për shkak të problemeve të avancuara shëndetësore, kanë nevojë për kujdes 24 orë. Ata janë ndër më të brishtët e shoqërisë. Këta janë pacientët që po provojnë vdekshmërinë më të lartë tani prej koronavirusit. Në Ontario, në këto qendra, deri tani ka 2 mijë e 287 raste pozitive. Numri i të vdekurve në to është 573. Numri i personelit shëndetësor që punon në këto qendra, të konfirmuar me COVID-19, është 1 mijë e 089 dhe një prej tyre ka humbur jetën.A ka shqiptarë të infektuar?Patjetër që ka. Me kalimin e kohës do dalin dhe të dhënat e distiluara për grupet e ndryshme etnike dhe efektet e përkatësive të ndryshme gjenetike në sëmundshmëri e vdekshmëri.Si po menaxhohet kjo situatë, pra, cilat janë masat e marra nga autoritetet atje?Si kudo, ekonomia ka ndaluar, me përjashtim të shërbimeve esenciale. Kafenetë e restorantet janë mbyllur. Ato që janë hapur ofrojnë vetëm shitje vaktesh që klienti i merr me vete. Njerëzit janë në distancim të theksuar social. Ata që kanë testuar pozitivë ose dyshohen për COVID-19, menaxhohen në shtëpitë e tyre. Rastet e rënda shtrohen në spital. Individët dalin vetëm për gjëra esenciale, si blerja e ushqimeve dhe barnave. Bizneset esenciale janë detyruar me ligj që të zbatojnë në çdo moment distancën minimale prej 2 metër midis punonjësve të biznesit dhe klientëve të tyre. Gjobat janë 500 mijë dollarë për bizneset që nuk i zbatojnë, kurse për individët janë 1000-5000 dollarë. Hyrja në dyqane është e kontrolluar nga punonjës të posaçëm, që sigurohen që numri i njerëzve brenda dyqanit nuk kalon normën e lejuar nga shteti. Parqet e fëmijëve janë mbyllur, natyrisht shkollat dhe çerdhet kanë kohë që janë mbyllur. Kampingjet dhe asnjë lloj grumbullimi njerëzish nuk lejohen. Forcat e Policisë inspektojnë qytetin për zbatimin e rregullave. Gjithë infrastruktura e shëndetësisë, në komunitet dhe spitale, është vënë krejtësisht në shërbim të COVID, duke anuluar gjithë operacionet jourgjente, procedurat jourgjente dhe vizitat jourgjente për pacientët, të cilët po menaxhohen në mënyrë virtuale nga shtëpitë e tyre. Fatmirësisht, këto masa kanë dhënë efektin e tyre, duke u lënë mundësi spitaleve ta përballojnë shumë mirë situatën deri tani.Lidhur me trajtimin e të infektuarve, cilat janë medikamentet që po aplikohen?Në komunitet, të infektuarit nuk kanë nevojë për mjekime specifike. Si për çdo sëmundje virale, hidratimi, pushimi fizik dhe mendor, antipiretikët për uljen e temperaturës dhe vetizolimi efikas, janë standardi i trajtimit. Për sa u përket të sëmurëve në spitale, kuptohet që trajtimi kryesor i tyre është stabilizimi i parametrave vitalë me oksigjen, lëngje intravenoze dhe mjekime të ndryshme në këtë drejtim. E vërteta është që nuk ka kurë për COVID-19. Trajtimet që po përdoren tani nëpër spitale janë në nivel eksperimental dhe nuk kanë evidencë shkencore të nivelit të lartë që vërteton efikasitetin e tyre. Në spitale të ndryshme kanë vendosur protokolle trajtimi me kokteje të ndryshme medikamentesh, që nga antimalariket, antiviralet, antibiotikë si dhe mjekime të tjera që tentojnë të ulin përgjigjen imunitare ndaj virusit, e cila, në shumë raste, është ajo që shkakton shokun që pëson trupi me Covid. Këtu hyjnë mjekime shumë të shtrenjta, si inhibitorët e interleukinës 6 apo dhe mjekime pak të kushtueshme, si kortizoni. Shkenca e COVID-it është në evoluim e sipër. Çdo ditë mjekët nxjerrin konkluzione për mekanizma të veprimit të këtij virusi që nuk i dinin më parë. Ka teori për një mekanizëm që shkakton vaskulit dhe coagulopati vaskulare, tromboza, në gjuhën popullore, kështu që ka qendra spitalore që po eksperimentojnë me hollues gjaku. Në Kanada kanë nisur të grumbullojnë serum nga gjaku i të sëmurëve që e kanë kaluar COVID-19, për t’ua injektuar të sëmurëve rëndë. Përsëri, këto janë ende në nivel eksperimental dhe nuk dihet akoma se sa efektive dhe pa efekte anësore do jenë. Pra, mjekët, në tërë botën, po i përqasen trajtimit të këtij virusi nga drejtime të ndryshme, por deri tani nuk ka kurë. Shumë herë, mjekimet kanë efekte anësore të rënda, kështu që përzgjedhja e kandidatëve për trajtim bëhet me kujdes, në bazë të kritereve të institucionit. Për këtë arsye është shumë e rëndësishme që të ndiqet këshilla e mjekut specialist që ndjek rastin dhe jo lajmërimet bombastike që mund të dalin në televizion apo internet me pretendime për mjekime çudibërëse, nga njerëz që nuk kanë asnjë kualifikim për të bërë rekomandime mjekësore. Është shumë më e thjeshtë ta parandalosh këtë virus sesa ta mjekosh atë. Lufta e vërtetë e këtij virusi, fronti i parë i luftës, është në komunitet, në çdo shtëpi, te çdo individ. Spitali është fronti i fundit.Mendoni që me rritjen e temperaturave do të bjerë edhe virulenca e këtij virusi?Fakt është që ky virus është përhapur edhe në vende të nxehta apo edhe në hemisferën jugore. Prandaj mendoj që temperatura e lartë nuk do ndikojë në të.A ka të dhëna mbi ndikimin që mund të ketë vaksina e tuberkulozit?Studime të bëra vitet e fundit kanë treguar që vaksina e TB ka riprogramuar qelizat imunitare për të luftuar infeksione të tjera, veç TB. Dhe nën këtë presupozim, tani vonë, kanë nisur dhe studimet e eksperimentimet për të parë a ka efekt kjo vaksinë në luftën kundër virusit COVID-19. Natyrisht, do kohë derisa të studiohet efekti dhe të shihet a mund të ekstrapolohet rezultati i marrë në një kampion njerëzish, në popullatë të gjerë. Deri atëherë, masa mbrojtëse më e mirë është distancimi social, larja e shpeshtë dhe e gjatë e duarve, dhe veshja e maskave në publik.Çfarë do të këshillonit për të parandaluar infektimin me COVID-19?Ne tani e dimë që ngarkesa më e madhe virale është 2 ditë para se të fillojnë simptomat. Pra, ata që e shpërndajnë më shumë virusin janë njerëzit asimptomatikë. Ata thjesht me pikat e pështymës, duke folur, mund ta përhapin virusin në dyqan, në punë, në komunitet. Prandaj, këshilla ime është të vishni maska, qoftë dhe të bëra vetë, kur dilni jashtë, në dyqan a farmaci. Maska nuk mbron personin që e vesh atë, por mbron ata rreth tij, sepse ul numrin e pikave të pështymës që mbartin virusin, të cilat bien mbi çdo objekt që rrethon personin në një rreze prej 2 metrash. Maska e veshur mund të jetë e bërë vetë, me dy shtresa cope dhe mundësisht një shtresë filtri brenda, që mund të ndërrohet. Kur hiqet maska, nuk duhet kapur nga pjesë e përparme, por nga lidhëset mbrapa, në mënyrë që të mos kontaminohen duart. Maska të lahet në ujë të nxehtë me sapun ose mund të varet e të lihet në diell disa ditë. Larja e shpeshtë e duarve dhe evitimi i prekjes së fytyrës, janë gjëra kyçe. Dhe mos u takoni me asnjë njeri nëse nuk jetoni nën një çati me të. Gjëja tjetër që do këshilloja, është menaxhimi i stresit. Ajo që shkakton vdekjen, nuk është virusi, është përgjigjja jonë imunitare, që ka për qëllim të vrasë virusin, por në proces e sipër, vret dhe njeriun. Trupi ynë ka qeliza të specializuara për të luftuar infeksionet. Disa prej tyre duan 2 javë që të prodhojnë antitrupa specifike, për të luftuar me efikasitet dhe saktësi virusin. Por në shumë raste, përpara se të vijë dyjavëshi, trupi ynë mobilizon tërë arsenalin e vet mbrojtës, duke lëshuar një sasi të lartë molekulash të quajtura citokina, një fenomen që ne e quajmë stuhia e citokinave, të cilat ndezin një zinxhir reaksionesh inflamatore që në vrull e sipër shkatërron tërë organet. Pra, në vend që të vijë një snajper i saktë për të vrarë vetëm virusin, trupi dërgon një ushtri të tërë me napalm në dorë, që shkatërron çfarë gjen përpara. Stresi dhe mungesa e gjumit rrisin hormonet e stresit në trup. Ka studime që tregojnë që dhe një natë pa gjumë, ose me gjumë të fragmentuar, rrisin nivelin e interleukinave në gjak, të këtyre molekulave që marrin pjesë në zinxhirin e inflamacionit. Prandaj, ulja e nivelit të stresit dhe gjumi i rregullt do na ndihmojnë të qëndrojmë fizikisht e mendërisht të fortë gjatë kësaj periudhe. Meditimi, ushtrimet fizike, shokët e mirë, evitimi i lajmeve negative dhe fokusimi në gjërat pozitive të jetës, ulin stresin e përditshëm.Së fundmi, doktoreshë, çfarë rekomandoni për vetizolimin në shtëpi të njerëzve me simptoma të COVID-19?Vetizolimi, duke qenë i lehtë për njerëzit me disa dhoma në shtëpi, ku i sëmuri mund të rrijë në një dhomë vetëm e ku mund të ketë banjën e vet private, është shumë i vështirë për njerëzit që nuk e kanë atë mundësi dhe jetojnë shumë vetë në një ambient të vogël. Në shëndetësi, një ndër determinantët e sëmundshmërisë, është gjendja ekonomike e njeriut. Kështu, këshilla ime është për ata që nuk kanë mundësi të izolohen në një dhomë të tyren është që duhet ndarë dhoma me një çarçaf ose plastmase nga tavani në dysheme, në dy pjesë, njëra është pjesa ku rri i infektuari, tjetra është pjesa ku rrinë njerëzit e tjerë të shtëpisë. Dhe askush nuk hyn e del në zonën e infektuar. I infektuari të mbajë maskë ose një shall rreth gojës e hundës gjatë tërë kohës. Për banjën, të mbahet një shishe spërkatëse, ku të jenë përzierë një kupë solucion klorine, në 5 kupa ujë dhe të sprucohen gjithë sipërfaqet e tualetit, lavamanit, rubinetet, pasi i infektuari ta ketë përdorur atë. Rrobat e rrugicat, me të cilat ka qenë në kontakt i sëmuri, të mos shkunden. Rrobat të lahen në ujë të nxehtë me sapun dhe gjërat që nuk lahen të nxirren në diell. Rrezet ultraviolet e shkatërrojnë virusin. Virusin, pavarësisht se mund ta kesh marrë në duar a në rroba, nuk duhet pasur frikë. Virusi ka nevojë për ne. Ai nuk replikohet dot as në duart tona e as në rrobat tona. Virusi ka nevojë për mukozën e hundës e të gojës tonë e për konjunktivën e syve tanë. Po qe se nuk e transportojmë vetë atje, merr fund. Të dashur bashkatdhetarë dhe lexues, kjo periudhë do kalojë, herët a vonë. Eventualisht sanksionet do ngrihen dhe jeta do nisë normalitetin, pavarësisht se për një periudhë të gjatë normaliteti do jetë ndryshe nga ai që kemi njohur. Për një periudhë kohe nuk do japim dorën apo përqafojmë shokët e miqtë. Do i bëjmë pazaret apo transaksionet e përditshme në distanca 2 metër nga të tjerët. Do dalim jashtë me maska. Do t’i lajmë duart sikur të jemi kirurgë. Nuk do t’i bëjmë dasmat e vdekjet ashtu siç e kemi zakon. Por që të ngrihen sanksionet, duhet të demonstrojmë si bashkësi që jemi të përgjegjshëm dhe që e mbrojmë njëri-tjetrin si një trup i vetëm, duke ndjekur këshillat e Shëndetit Publik dhe të ekspertëve. Sa më shumë të përgjegjshëm të tregohemi, aq më shpejt do dalim nga kjo situatë. Ju uroj shëndet të plotë dhe forcë!",0.9997687937567425,0.0002312062432574857,real,likely_real,0.0002312062432574857,real,likely_real,0.0,0.0,False,False,False
word_char_tfidf,Word + Character TF-IDF,fake_1932,fake,full,Teksti i plotë,2376,"Flet mjekja shqiptare në Kanada: Si të trajtoni virusin në kushtet e shtëpisë. Në një intervistë dhënë për gazetën, doktoresha e vë theksin në masat parandaluese, siç janë distancimi social, mbajtja e maskave dhe larja e shpeshtë e duarve. “Është shumë më e thjeshtë ta parandalosh këtë virus sesa ta mjekosh atë. Lufta e vërtetë e këtij virusi, fronti i parë i luftës, është në komunitet, në çdo shtëpi, te çdo individ. Spitali është fronti i fundit”, shton doktoresha. Me rëndësi po ashtu është edhe menaxhimi i stresit dhe gjumi i rregullt. “Ajo që shkakton vdekjen, nuk është virusi, është përgjigjja jonë imunitare, që ka për qëllim të vrasë virusin, por në proces e sipër, vret dhe njeriun”, vë në dukje mjekja. Juliana Gorja, MD ÇFP, është mjeke që praktikon në Toronto, Kanada. Gorja ka mbaruar Fakultetin e Mjekësisë në Tiranë dhe specializim për Mjekësi Familje në Universitetin e Otava në Ontarion Veriore. Ajo ka ushtruar mjekësi për 15 vjet në Ontario dhe momentalisht punon në Toronto, ku u shërben mijëra pacientëve të klinikës së saj ambulatore komunitare.Doktoreshë, cila është situata aktuale në Kanada? Sa persona rezultojnë të infektuar nga COVID-19 dhe sa prej tyre kanë ndërruar jetë, duke mos arritur ta fitojnë këtë betejë?Në radhë të parë, doja të përshëndesja stafin dhe lexuesit tuaj. Dëshiroj t’u drejtohem gjithë lexuesve tuaj, të cilët gjatë kësaj periudhe të jashtëzakonshme, pa dyshim, janë të lodhur e të tejngopur me informacione që janë të vështira për t’u kuptuar apo pranuar, në lidhje me një armik të padukshëm që është bërë epiqendra e jetës sonë. Dua t’u them që të mos fokusohen te numrat, numrat janë numra që ndryshojnë përditë. Fokusin mbajeni te vetja dhe familja juaj. Nëse arrini të mbani të shëndetshëm veten dhe familjen tuaj, duke zbatuar këshillat e mjekëve dhe të Shëndetit Publik, ju e keni bërë 0 numrin e të infektuarve në shtëpinë tuaj. Sikur çdo familje e tërë pallatit të jetë kështu, e keni bërë 0 numrin e të infektuarve në pallat. Sikur tërë pallatet e lagjes ta kenë 0, atëherë tërë lagjja e mandej tërë qyteti e ka 0. Dhe kështu me radhë, tërë vendi e ka 0. Pra, mos u shqetësoni për numrat jashtë. Shqetësohuni vetëm për numrin brenda shtëpisë tuaj. Mbajeni 0 këtë numër dhe e keni kryer detyrën tuaj. Deri më 24 prill 2020, numri i njerëzve që janë testuar pozitivë në Kanada është 43 mijë e 551. Numri i vdekjeve nga COVID-19 është 2 mijë e 294. Të shëruarit janë afërsisht 15 mijë e 500. Këto shifra nuk janë të sakta, sepse shpesh do më tepër se 1-2 ditë derisa të vijë përgjigjja e rezultatit të testit, pra, me shumë gjasa përfaqësojnë numrin e rasteve pozitive disa ditë më parë. Duke ditur që testohen vetëm njerëz që përmbushin kriteret e vëna nga Shëndeti Publik, kuptohet që numri i njerëzve që janë të infektuar, është shumë më i madh se ky. Por ky numër është praktikisht i pamundur të përcaktohet. Prandaj, numri më i saktë ose më domethënës është numri i të shtruarve me COVID-19 dhe sidomos ata të shtruar në shërbimin intensiv. Ata numra janë solidë. Deri më tani në gjendje kritike nëpër spitale në Kanada janë 557 pacientë. Vdekshmëria për 1 milion banorë është 61.Cila është mosha mesatare e personave që kanë ndërruar jetë?Deri tani nuk kanë dalë të dhënat e detajuara demografike për fatalitetet në rang kombëtar, jam e sigurt që shumë shpejt do kemi në dorë të dhënat për grupmoshat dhe gjendjen shëndetësore premorbide të tyre. Në provincën e Ontarios, COVID19 tani ka hyrë në institucionet e të sëmurëve rëndë dhe kronikë, në ato që këtu quhen Long Term Care Homes. Ata janë institucione ku ndodhen të sëmurë kryesisht të moshave të mëdha, që, për shkak të problemeve të avancuara shëndetësore, kanë nevojë për kujdes 24 orë. Ata janë ndër më të brishtët e shoqërisë. Këta janë pacientët që po provojnë vdekshmërinë më të lartë tani prej koronavirusit. Në Ontario, në këto qendra, deri tani ka 2 mijë e 287 raste pozitive. Numri i të vdekurve në to është 573. Numri i personelit shëndetësor që punon në këto qendra, të konfirmuar me COVID-19, është 1 mijë e 089 dhe një prej tyre ka humbur jetën.A ka shqiptarë të infektuar?Patjetër që ka. Me kalimin e kohës do dalin dhe të dhënat e distiluara për grupet e ndryshme etnike dhe efektet e përkatësive të ndryshme gjenetike në sëmundshmëri e vdekshmëri.Si po menaxhohet kjo situatë, pra, cilat janë masat e marra nga autoritetet atje?Si kudo, ekonomia ka ndaluar, me përjashtim të shërbimeve esenciale. Kafenetë e restorantet janë mbyllur. Ato që janë hapur ofrojnë vetëm shitje vaktesh që klienti i merr me vete. Njerëzit janë në distancim të theksuar social. Ata që kanë testuar pozitivë ose dyshohen për COVID-19, menaxhohen në shtëpitë e tyre. Rastet e rënda shtrohen në spital. Individët dalin vetëm për gjëra esenciale, si blerja e ushqimeve dhe barnave. Bizneset esenciale janë detyruar me ligj që të zbatojnë në çdo moment distancën minimale prej 2 metër midis punonjësve të biznesit dhe klientëve të tyre. Gjobat janë 500 mijë dollarë për bizneset që nuk i zbatojnë, kurse për individët janë 1000-5000 dollarë. Hyrja në dyqane është e kontrolluar nga punonjës të posaçëm, që sigurohen që numri i njerëzve brenda dyqanit nuk kalon normën e lejuar nga shteti. Parqet e fëmijëve janë mbyllur, natyrisht shkollat dhe çerdhet kanë kohë që janë mbyllur. Kampingjet dhe asnjë lloj grumbullimi njerëzish nuk lejohen. Forcat e Policisë inspektojnë qytetin për zbatimin e rregullave. Gjithë infrastruktura e shëndetësisë, në komunitet dhe spitale, është vënë krejtësisht në shërbim të COVID, duke anuluar gjithë operacionet jourgjente, procedurat jourgjente dhe vizitat jourgjente për pacientët, të cilët po menaxhohen në mënyrë virtuale nga shtëpitë e tyre. Fatmirësisht, këto masa kanë dhënë efektin e tyre, duke u lënë mundësi spitaleve ta përballojnë shumë mirë situatën deri tani.Lidhur me trajtimin e të infektuarve, cilat janë medikamentet që po aplikohen?Në komunitet, të infektuarit nuk kanë nevojë për mjekime specifike. Si për çdo sëmundje virale, hidratimi, pushimi fizik dhe mendor, antipiretikët për uljen e temperaturës dhe vetizolimi efikas, janë standardi i trajtimit. Për sa u përket të sëmurëve në spitale, kuptohet që trajtimi kryesor i tyre është stabilizimi i parametrave vitalë me oksigjen, lëngje intravenoze dhe mjekime të ndryshme në këtë drejtim. E vërteta është që nuk ka kurë për COVID-19. Trajtimet që po përdoren tani nëpër spitale janë në nivel eksperimental dhe nuk kanë evidencë shkencore të nivelit të lartë që vërteton efikasitetin e tyre. Në spitale të ndryshme kanë vendosur protokolle trajtimi me kokteje të ndryshme medikamentesh, që nga antimalariket, antiviralet, antibiotikë si dhe mjekime të tjera që tentojnë të ulin përgjigjen imunitare ndaj virusit, e cila, në shumë raste, është ajo që shkakton shokun që pëson trupi me Covid. Këtu hyjnë mjekime shumë të shtrenjta, si inhibitorët e interleukinës 6 apo dhe mjekime pak të kushtueshme, si kortizoni. Shkenca e COVID-it është në evoluim e sipër. Çdo ditë mjekët nxjerrin konkluzione për mekanizma të veprimit të këtij virusi që nuk i dinin më parë. Ka teori për një mekanizëm që shkakton vaskulit dhe coagulopati vaskulare, tromboza, në gjuhën popullore, kështu që ka qendra spitalore që po eksperimentojnë me hollues gjaku. Në Kanada kanë nisur të grumbullojnë serum nga gjaku i të sëmurëve që e kanë kaluar COVID-19, për t’ua injektuar të sëmurëve rëndë. Përsëri, këto janë ende në nivel eksperimental dhe nuk dihet akoma se sa efektive dhe pa efekte anësore do jenë. Pra, mjekët, në tërë botën, po i përqasen trajtimit të këtij virusi nga drejtime të ndryshme, por deri tani nuk ka kurë. Shumë herë, mjekimet kanë efekte anësore të rënda, kështu që përzgjedhja e kandidatëve për trajtim bëhet me kujdes, në bazë të kritereve të institucionit. Për këtë arsye është shumë e rëndësishme që të ndiqet këshilla e mjekut specialist që ndjek rastin dhe jo lajmërimet bombastike që mund të dalin në televizion apo internet me pretendime për mjekime çudibërëse, nga njerëz që nuk kanë asnjë kualifikim për të bërë rekomandime mjekësore. Është shumë më e thjeshtë ta parandalosh këtë virus sesa ta mjekosh atë. Lufta e vërtetë e këtij virusi, fronti i parë i luftës, është në komunitet, në çdo shtëpi, te çdo individ. Spitali është fronti i fundit.Mendoni që me rritjen e temperaturave do të bjerë edhe virulenca e këtij virusi?Fakt është që ky virus është përhapur edhe në vende të nxehta apo edhe në hemisferën jugore. Prandaj mendoj që temperatura e lartë nuk do ndikojë në të.A ka të dhëna mbi ndikimin që mund të ketë vaksina e tuberkulozit?Studime të bëra vitet e fundit kanë treguar që vaksina e TB ka riprogramuar qelizat imunitare për të luftuar infeksione të tjera, veç TB. Dhe nën këtë presupozim, tani vonë, kanë nisur dhe studimet e eksperimentimet për të parë a ka efekt kjo vaksinë në luftën kundër virusit COVID-19. Natyrisht, do kohë derisa të studiohet efekti dhe të shihet a mund të ekstrapolohet rezultati i marrë në një kampion njerëzish, në popullatë të gjerë. Deri atëherë, masa mbrojtëse më e mirë është distancimi social, larja e shpeshtë dhe e gjatë e duarve, dhe veshja e maskave në publik.Çfarë do të këshillonit për të parandaluar infektimin me COVID-19?Ne tani e dimë që ngarkesa më e madhe virale është 2 ditë para se të fillojnë simptomat. Pra, ata që e shpërndajnë më shumë virusin janë njerëzit asimptomatikë. Ata thjesht me pikat e pështymës, duke folur, mund ta përhapin virusin në dyqan, në punë, në komunitet. Prandaj, këshilla ime është të vishni maska, qoftë dhe të bëra vetë, kur dilni jashtë, në dyqan a farmaci. Maska nuk mbron personin që e vesh atë, por mbron ata rreth tij, sepse ul numrin e pikave të pështymës që mbartin virusin, të cilat bien mbi çdo objekt që rrethon personin në një rreze prej 2 metrash. Maska e veshur mund të jetë e bërë vetë, me dy shtresa cope dhe mundësisht një shtresë filtri brenda, që mund të ndërrohet. Kur hiqet maska, nuk duhet kapur nga pjesë e përparme, por nga lidhëset mbrapa, në mënyrë që të mos kontaminohen duart. Maska të lahet në ujë të nxehtë me sapun ose mund të varet e të lihet në diell disa ditë. Larja e shpeshtë e duarve dhe evitimi i prekjes së fytyrës, janë gjëra kyçe. Dhe mos u takoni me asnjë njeri nëse nuk jetoni nën një çati me të. Gjëja tjetër që do këshilloja, është menaxhimi i stresit. Ajo që shkakton vdekjen, nuk është virusi, është përgjigjja jonë imunitare, që ka për qëllim të vrasë virusin, por në proces e sipër, vret dhe njeriun. Trupi ynë ka qeliza të specializuara për të luftuar infeksionet. Disa prej tyre duan 2 javë që të prodhojnë antitrupa specifike, për të luftuar me efikasitet dhe saktësi virusin. Por në shumë raste, përpara se të vijë dyjavëshi, trupi ynë mobilizon tërë arsenalin e vet mbrojtës, duke lëshuar një sasi të lartë molekulash të quajtura citokina, një fenomen që ne e quajmë stuhia e citokinave, të cilat ndezin një zinxhir reaksionesh inflamatore që në vrull e sipër shkatërron tërë organet. Pra, në vend që të vijë një snajper i saktë për të vrarë vetëm virusin, trupi dërgon një ushtri të tërë me napalm në dorë, që shkatërron çfarë gjen përpara. Stresi dhe mungesa e gjumit rrisin hormonet e stresit në trup. Ka studime që tregojnë që dhe një natë pa gjumë, ose me gjumë të fragmentuar, rrisin nivelin e interleukinave në gjak, të këtyre molekulave që marrin pjesë në zinxhirin e inflamacionit. Prandaj, ulja e nivelit të stresit dhe gjumi i rregullt do na ndihmojnë të qëndrojmë fizikisht e mendërisht të fortë gjatë kësaj periudhe. Meditimi, ushtrimet fizike, shokët e mirë, evitimi i lajmeve negative dhe fokusimi në gjërat pozitive të jetës, ulin stresin e përditshëm.Së fundmi, doktoreshë, çfarë rekomandoni për vetizolimin në shtëpi të njerëzve me simptoma të COVID-19?Vetizolimi, duke qenë i lehtë për njerëzit me disa dhoma në shtëpi, ku i sëmuri mund të rrijë në një dhomë vetëm e ku mund të ketë banjën e vet private, është shumë i vështirë për njerëzit që nuk e kanë atë mundësi dhe jetojnë shumë vetë në një ambient të vogël. Në shëndetësi, një ndër determinantët e sëmundshmërisë, është gjendja ekonomike e njeriut. Kështu, këshilla ime është për ata që nuk kanë mundësi të izolohen në një dhomë të tyren është që duhet ndarë dhoma me një çarçaf ose plastmase nga tavani në dysheme, në dy pjesë, njëra është pjesa ku rri i infektuari, tjetra është pjesa ku rrinë njerëzit e tjerë të shtëpisë. Dhe askush nuk hyn e del në zonën e infektuar. I infektuari të mbajë maskë ose një shall rreth gojës e hundës gjatë tërë kohës. Për banjën, të mbahet një shishe spërkatëse, ku të jenë përzierë një kupë solucion klorine, në 5 kupa ujë dhe të sprucohen gjithë sipërfaqet e tualetit, lavamanit, rubinetet, pasi i infektuari ta ketë përdorur atë. Rrobat e rrugicat, me të cilat ka qenë në kontakt i sëmuri, të mos shkunden. Rrobat të lahen në ujë të nxehtë me sapun dhe gjërat që nuk lahen të nxirren në diell. Rrezet ultraviolet e shkatërrojnë virusin. Virusin, pavarësisht se mund ta kesh marrë në duar a në rroba, nuk duhet pasur frikë. Virusi ka nevojë për ne. Ai nuk replikohet dot as në duart tona e as në rrobat tona. Virusi ka nevojë për mukozën e hundës e të gojës tonë e për konjunktivën e syve tanë. Po qe se nuk e transportojmë vetë atje, merr fund. Të dashur bashkatdhetarë dhe lexues, kjo periudhë do kalojë, herët a vonë. Eventualisht sanksionet do ngrihen dhe jeta do nisë normalitetin, pavarësisht se për një periudhë të gjatë normaliteti do jetë ndryshe nga ai që kemi njohur. Për një periudhë kohe nuk do japim dorën apo përqafojmë shokët e miqtë. Do i bëjmë pazaret apo transaksionet e përditshme në distanca 2 metër nga të tjerët. Do dalim jashtë me maska. Do t’i lajmë duart sikur të jemi kirurgë. Nuk do t’i bëjmë dasmat e vdekjet ashtu siç e kemi zakon. Por që të ngrihen sanksionet, duhet të demonstrojmë si bashkësi që jemi të përgjegjshëm dhe që e mbrojmë njëri-tjetrin si një trup i vetëm, duke ndjekur këshillat e Shëndetit Publik dhe të ekspertëve. Sa më shumë të përgjegjshëm të tregohemi, aq më shpejt do dalim nga kjo situatë. Ju uroj shëndet të plotë dhe forcë!",0.9998753473621207,0.00012465263787926712,real,likely_real,0.00012465263787926712,real,likely_real,0.0,0.0,False,False,False
word_tfidf,Word TF-IDF,fake_1932,fake,short_46_words,Rreth 46 fjalë,46,"Flet mjekja shqiptare në Kanada: Si të trajtoni virusin në kushtet e shtëpisë. Në një intervistë dhënë për gazetën, doktoresha e vë theksin në masat parandaluese, siç janë distancimi social, mbajtja e maskave dhe larja e shpeshtë e duarve. “Është shumë më e thjeshtë ta parandalosh",0.10728936212982099,0.892710637870179,fake,likely_fake,5.741675893534633e-05,real,likely_real,0.8926532211112437,0.8926532211112437,True,True,True
char_tfidf,Character TF-IDF,fake_1932,fake,short_46_words,Rreth 46 fjalë,46,"Flet mjekja shqiptare në Kanada: Si të trajtoni virusin në kushtet e shtëpisë. Në një intervistë dhënë për gazetën, doktoresha e vë theksin në masat parandaluese, siç janë distancimi social, mbajtja e maskave dhe larja e shpeshtë e duarve. “Është shumë më e thjeshtë ta parandalosh",0.27510734517000524,0.7248926548299948,fake,likely_fake,0.0002312062432574857,real,likely_real,0.7246614485867373,0.7246614485867373,True,True,True
word_char_tfidf,Word + Character TF-IDF,fake_1932,fake,short_46_words,Rreth 46 fjalë,46,"Flet mjekja shqiptare në Kanada: Si të trajtoni virusin në kushtet e shtëpisë. Në një intervistë dhënë për gazetën, doktoresha e vë theksin në masat parandaluese, siç janë distancimi social, mbajtja e maskave dhe larja e shpeshtë e duarve. “Është shumë më e thjeshtë ta parandalosh",0.1724870775923527,0.8275129224076473,fake,likely_fake,0.00012465263787926712,real,likely_real,0.827388269769768,0.827388269769768,True,True,True
word_tfidf,Word TF-IDF,fake_1932,fake,title_only,Vetëm titulli,13,Flet mjekja shqiptare në Kanada: Si të trajtoni virusin në kushtet e shtëpisë,0.07608865511254292,0.9239113448874571,fake,likely_fake,5.741675893534633e-05,real,likely_real,0.9238539281285217,0.9238539281285217,True,True,True
char_tfidf,Character TF-IDF,fake_1932,fake,title_only,Vetëm titulli,13,Flet mjekja shqiptare në Kanada: Si të trajtoni virusin në kushtet e shtëpisë,0.018311776663800905,0.9816882233361991,fake,likely_fake,0.0002312062432574857,real,likely_real,0.9814570170929416,0.9814570170929416,True,True,True
word_char_tfidf,Word + Character TF-IDF,fake_1932,fake,title_only,Vetëm titulli,13,Flet mjekja shqiptare në Kanada: Si të trajtoni virusin në kushtet e shtëpisë,0.02527056789275095,0.974729432107249,fake,likely_fake,0.00012465263787926712,real,likely_real,0.9746047794693697,0.9746047794693697,True,True,True
word_tfidf,Word TF-IDF,fake_1932,fake,without_albanian_diacritics,Pa ë/ç,2376,"Flet mjekja shqiptare ne Kanada: Si te trajtoni virusin ne kushtet e shtepise. Ne nje interviste dhene per gazeten, doktoresha e ve theksin ne masat parandaluese, sic jane distancimi social, mbajtja e maskave dhe larja e shpeshte e duarve. “Eshte shume me e thjeshte ta parandalosh kete virus sesa ta mjekosh ate. Lufta e vertete e ketij virusi, fronti i pare i luftes, eshte ne komunitet, ne cdo shtepi, te cdo individ. Spitali eshte fronti i fundit”, shton doktoresha. Me rendesi po ashtu eshte edhe menaxhimi i stresit dhe gjumi i rregullt. “Ajo qe shkakton vdekjen, nuk eshte virusi, eshte pergjigjja jone imunitare, qe ka per qellim te vrase virusin, por ne proces e siper, vret dhe njeriun”, ve ne dukje mjekja. Juliana Gorja, MD CFP, eshte mjeke qe praktikon ne Toronto, Kanada. Gorja ka mbaruar Fakultetin e Mjekesise ne Tirane dhe specializim per Mjekesi Familje ne Universitetin e Otava ne Ontarion Veriore. Ajo ka ushtruar mjekesi per 15 vjet ne Ontario dhe momentalisht punon ne Toronto, ku u sherben mijera pacienteve te klinikes se saj ambulatore komunitare.Doktoreshe, cila eshte situata aktuale ne Kanada? Sa persona rezultojne te infektuar nga COVID-19 dhe sa prej tyre kane nderruar jete, duke mos arritur ta fitojne kete beteje?Ne radhe te pare, doja te pershendesja stafin dhe lexuesit tuaj. Deshiroj t’u drejtohem gjithe lexuesve tuaj, te cilet gjate kesaj periudhe te jashtezakonshme, pa dyshim, jane te lodhur e te tejngopur me informacione qe jane te veshtira per t’u kuptuar apo pranuar, ne lidhje me nje armik te padukshem qe eshte bere epiqendra e jetes sone. Dua t’u them qe te mos fokusohen te numrat, numrat jane numra qe ndryshojne perdite. Fokusin mbajeni te vetja dhe familja juaj. Nese arrini te mbani te shendetshem veten dhe familjen tuaj, duke zbatuar keshillat e mjekeve dhe te Shendetit Publik, ju e keni bere 0 numrin e te infektuarve ne shtepine tuaj. Sikur cdo familje e tere pallatit te jete keshtu, e keni bere 0 numrin e te infektuarve ne pallat. Sikur tere pallatet e lagjes ta kene 0, atehere tere lagjja e mandej tere qyteti e ka 0. Dhe keshtu me radhe, tere vendi e ka 0. Pra, mos u shqetesoni per numrat jashte. Shqetesohuni vetem per numrin brenda shtepise tuaj. Mbajeni 0 kete numer dhe e keni kryer detyren tuaj. Deri me 24 prill 2020, numri i njerezve qe jane testuar pozitive ne Kanada eshte 43 mije e 551. Numri i vdekjeve nga COVID-19 eshte 2 mije e 294. Te sheruarit jane afersisht 15 mije e 500. Keto shifra nuk jane te sakta, sepse shpesh do me teper se 1-2 dite derisa te vije pergjigjja e rezultatit te testit, pra, me shume gjasa perfaqesojne numrin e rasteve pozitive disa dite me pare. Duke ditur qe testohen vetem njerez qe permbushin kriteret e vena nga Shendeti Publik, kuptohet qe numri i njerezve qe jane te infektuar, eshte shume me i madh se ky. Por ky numer eshte praktikisht i pamundur te percaktohet. Prandaj, numri me i sakte ose me domethenes eshte numri i te shtruarve me COVID-19 dhe sidomos ata te shtruar ne sherbimin intensiv. Ata numra jane solide. Deri me tani ne gjendje kritike neper spitale ne Kanada jane 557 paciente. Vdekshmeria per 1 milion banore eshte 61.Cila eshte mosha mesatare e personave qe kane nderruar jete?Deri tani nuk kane dale te dhenat e detajuara demografike per fatalitetet ne rang kombetar, jam e sigurt qe shume shpejt do kemi ne dore te dhenat per grupmoshat dhe gjendjen shendetesore premorbide te tyre. Ne provincen e Ontarios, COVID19 tani ka hyre ne institucionet e te semureve rende dhe kronike, ne ato qe ketu quhen Long Term Care Homes. Ata jane institucione ku ndodhen te semure kryesisht te moshave te medha, qe, per shkak te problemeve te avancuara shendetesore, kane nevoje per kujdes 24 ore. Ata jane nder me te brishtet e shoqerise. Keta jane pacientet qe po provojne vdekshmerine me te larte tani prej koronavirusit. Ne Ontario, ne keto qendra, deri tani ka 2 mije e 287 raste pozitive. Numri i te vdekurve ne to eshte 573. Numri i personelit shendetesor qe punon ne keto qendra, te konfirmuar me COVID-19, eshte 1 mije e 089 dhe nje prej tyre ka humbur jeten.A ka shqiptare te infektuar?Patjeter qe ka. Me kalimin e kohes do dalin dhe te dhenat e distiluara per grupet e ndryshme etnike dhe efektet e perkatesive te ndryshme gjenetike ne semundshmeri e vdekshmeri.Si po menaxhohet kjo situate, pra, cilat jane masat e marra nga autoritetet atje?Si kudo, ekonomia ka ndaluar, me perjashtim te sherbimeve esenciale. Kafenete e restorantet jane mbyllur. Ato qe jane hapur ofrojne vetem shitje vaktesh qe klienti i merr me vete. Njerezit jane ne distancim te theksuar social. Ata qe kane testuar pozitive ose dyshohen per COVID-19, menaxhohen ne shtepite e tyre. Rastet e renda shtrohen ne spital. Individet dalin vetem per gjera esenciale, si blerja e ushqimeve dhe barnave. Bizneset esenciale jane detyruar me ligj qe te zbatojne ne cdo moment distancen minimale prej 2 meter midis punonjesve te biznesit dhe klienteve te tyre. Gjobat jane 500 mije dollare per bizneset qe nuk i zbatojne, kurse per individet jane 1000-5000 dollare. Hyrja ne dyqane eshte e kontrolluar nga punonjes te posacem, qe sigurohen qe numri i njerezve brenda dyqanit nuk kalon normen e lejuar nga shteti. Parqet e femijeve jane mbyllur, natyrisht shkollat dhe cerdhet kane kohe qe jane mbyllur. Kampingjet dhe asnje lloj grumbullimi njerezish nuk lejohen. Forcat e Policise inspektojne qytetin per zbatimin e rregullave. Gjithe infrastruktura e shendetesise, ne komunitet dhe spitale, eshte vene krejtesisht ne sherbim te COVID, duke anuluar gjithe operacionet jourgjente, procedurat jourgjente dhe vizitat jourgjente per pacientet, te cilet po menaxhohen ne menyre virtuale nga shtepite e tyre. Fatmiresisht, keto masa kane dhene efektin e tyre, duke u lene mundesi spitaleve ta perballojne shume mire situaten deri tani.Lidhur me trajtimin e te infektuarve, cilat jane medikamentet qe po aplikohen?Ne komunitet, te infektuarit nuk kane nevoje per mjekime specifike. Si per cdo semundje virale, hidratimi, pushimi fizik dhe mendor, antipiretiket per uljen e temperatures dhe vetizolimi efikas, jane standardi i trajtimit. Per sa u perket te semureve ne spitale, kuptohet qe trajtimi kryesor i tyre eshte stabilizimi i parametrave vitale me oksigjen, lengje intravenoze dhe mjekime te ndryshme ne kete drejtim. E verteta eshte qe nuk ka kure per COVID-19. Trajtimet qe po perdoren tani neper spitale jane ne nivel eksperimental dhe nuk kane evidence shkencore te nivelit te larte qe verteton efikasitetin e tyre. Ne spitale te ndryshme kane vendosur protokolle trajtimi me kokteje te ndryshme medikamentesh, qe nga antimalariket, antiviralet, antibiotike si dhe mjekime te tjera qe tentojne te ulin pergjigjen imunitare ndaj virusit, e cila, ne shume raste, eshte ajo qe shkakton shokun qe peson trupi me Covid. Ketu hyjne mjekime shume te shtrenjta, si inhibitoret e interleukines 6 apo dhe mjekime pak te kushtueshme, si kortizoni. Shkenca e COVID-it eshte ne evoluim e siper. Cdo dite mjeket nxjerrin konkluzione per mekanizma te veprimit te ketij virusi qe nuk i dinin me pare. Ka teori per nje mekanizem qe shkakton vaskulit dhe coagulopati vaskulare, tromboza, ne gjuhen popullore, keshtu qe ka qendra spitalore qe po eksperimentojne me hollues gjaku. Ne Kanada kane nisur te grumbullojne serum nga gjaku i te semureve qe e kane kaluar COVID-19, per t’ua injektuar te semureve rende. Perseri, keto jane ende ne nivel eksperimental dhe nuk dihet akoma se sa efektive dhe pa efekte anesore do jene. Pra, mjeket, ne tere boten, po i perqasen trajtimit te ketij virusi nga drejtime te ndryshme, por deri tani nuk ka kure. Shume here, mjekimet kane efekte anesore te renda, keshtu qe perzgjedhja e kandidateve per trajtim behet me kujdes, ne baze te kritereve te institucionit. Per kete arsye eshte shume e rendesishme qe te ndiqet keshilla e mjekut specialist qe ndjek rastin dhe jo lajmerimet bombastike qe mund te dalin ne televizion apo internet me pretendime per mjekime cudiberese, nga njerez qe nuk kane asnje kualifikim per te bere rekomandime mjekesore. Eshte shume me e thjeshte ta parandalosh kete virus sesa ta mjekosh ate. Lufta e vertete e ketij virusi, fronti i pare i luftes, eshte ne komunitet, ne cdo shtepi, te cdo individ. Spitali eshte fronti i fundit.Mendoni qe me rritjen e temperaturave do te bjere edhe virulenca e ketij virusi?Fakt eshte qe ky virus eshte perhapur edhe ne vende te nxehta apo edhe ne hemisferen jugore. Prandaj mendoj qe temperatura e larte nuk do ndikoje ne te.A ka te dhena mbi ndikimin qe mund te kete vaksina e tuberkulozit?Studime te bera vitet e fundit kane treguar qe vaksina e TB ka riprogramuar qelizat imunitare per te luftuar infeksione te tjera, vec TB. Dhe nen kete presupozim, tani vone, kane nisur dhe studimet e eksperimentimet per te pare a ka efekt kjo vaksine ne luften kunder virusit COVID-19. Natyrisht, do kohe derisa te studiohet efekti dhe te shihet a mund te ekstrapolohet rezultati i marre ne nje kampion njerezish, ne popullate te gjere. Deri atehere, masa mbrojtese me e mire eshte distancimi social, larja e shpeshte dhe e gjate e duarve, dhe veshja e maskave ne publik.Cfare do te keshillonit per te parandaluar infektimin me COVID-19?Ne tani e dime qe ngarkesa me e madhe virale eshte 2 dite para se te fillojne simptomat. Pra, ata qe e shperndajne me shume virusin jane njerezit asimptomatike. Ata thjesht me pikat e peshtymes, duke folur, mund ta perhapin virusin ne dyqan, ne pune, ne komunitet. Prandaj, keshilla ime eshte te vishni maska, qofte dhe te bera vete, kur dilni jashte, ne dyqan a farmaci. Maska nuk mbron personin qe e vesh ate, por mbron ata rreth tij, sepse ul numrin e pikave te peshtymes qe mbartin virusin, te cilat bien mbi cdo objekt qe rrethon personin ne nje rreze prej 2 metrash. Maska e veshur mund te jete e bere vete, me dy shtresa cope dhe mundesisht nje shtrese filtri brenda, qe mund te nderrohet. Kur hiqet maska, nuk duhet kapur nga pjese e perparme, por nga lidheset mbrapa, ne menyre qe te mos kontaminohen duart. Maska te lahet ne uje te nxehte me sapun ose mund te varet e te lihet ne diell disa dite. Larja e shpeshte e duarve dhe evitimi i prekjes se fytyres, jane gjera kyce. Dhe mos u takoni me asnje njeri nese nuk jetoni nen nje cati me te. Gjeja tjeter qe do keshilloja, eshte menaxhimi i stresit. Ajo qe shkakton vdekjen, nuk eshte virusi, eshte pergjigjja jone imunitare, qe ka per qellim te vrase virusin, por ne proces e siper, vret dhe njeriun. Trupi yne ka qeliza te specializuara per te luftuar infeksionet. Disa prej tyre duan 2 jave qe te prodhojne antitrupa specifike, per te luftuar me efikasitet dhe saktesi virusin. Por ne shume raste, perpara se te vije dyjaveshi, trupi yne mobilizon tere arsenalin e vet mbrojtes, duke leshuar nje sasi te larte molekulash te quajtura citokina, nje fenomen qe ne e quajme stuhia e citokinave, te cilat ndezin nje zinxhir reaksionesh inflamatore qe ne vrull e siper shkaterron tere organet. Pra, ne vend qe te vije nje snajper i sakte per te vrare vetem virusin, trupi dergon nje ushtri te tere me napalm ne dore, qe shkaterron cfare gjen perpara. Stresi dhe mungesa e gjumit rrisin hormonet e stresit ne trup. Ka studime qe tregojne qe dhe nje nate pa gjume, ose me gjume te fragmentuar, rrisin nivelin e interleukinave ne gjak, te ketyre molekulave qe marrin pjese ne zinxhirin e inflamacionit. Prandaj, ulja e nivelit te stresit dhe gjumi i rregullt do na ndihmojne te qendrojme fizikisht e menderisht te forte gjate kesaj periudhe. Meditimi, ushtrimet fizike, shoket e mire, evitimi i lajmeve negative dhe fokusimi ne gjerat pozitive te jetes, ulin stresin e perditshem.Se fundmi, doktoreshe, cfare rekomandoni per vetizolimin ne shtepi te njerezve me simptoma te COVID-19?Vetizolimi, duke qene i lehte per njerezit me disa dhoma ne shtepi, ku i semuri mund te rrije ne nje dhome vetem e ku mund te kete banjen e vet private, eshte shume i veshtire per njerezit qe nuk e kane ate mundesi dhe jetojne shume vete ne nje ambient te vogel. Ne shendetesi, nje nder determinantet e semundshmerise, eshte gjendja ekonomike e njeriut. Keshtu, keshilla ime eshte per ata qe nuk kane mundesi te izolohen ne nje dhome te tyren eshte qe duhet ndare dhoma me nje carcaf ose plastmase nga tavani ne dysheme, ne dy pjese, njera eshte pjesa ku rri i infektuari, tjetra eshte pjesa ku rrine njerezit e tjere te shtepise. Dhe askush nuk hyn e del ne zonen e infektuar. I infektuari te mbaje maske ose nje shall rreth gojes e hundes gjate tere kohes. Per banjen, te mbahet nje shishe sperkatese, ku te jene perziere nje kupe solucion klorine, ne 5 kupa uje dhe te sprucohen gjithe siperfaqet e tualetit, lavamanit, rubinetet, pasi i infektuari ta kete perdorur ate. Rrobat e rrugicat, me te cilat ka qene ne kontakt i semuri, te mos shkunden. Rrobat te lahen ne uje te nxehte me sapun dhe gjerat qe nuk lahen te nxirren ne diell. Rrezet ultraviolet e shkaterrojne virusin. Virusin, pavaresisht se mund ta kesh marre ne duar a ne rroba, nuk duhet pasur frike. Virusi ka nevoje per ne. Ai nuk replikohet dot as ne duart tona e as ne rrobat tona. Virusi ka nevoje per mukozen e hundes e te gojes tone e per konjunktiven e syve tane. Po qe se nuk e transportojme vete atje, merr fund. Te dashur bashkatdhetare dhe lexues, kjo periudhe do kaloje, heret a vone. Eventualisht sanksionet do ngrihen dhe jeta do nise normalitetin, pavaresisht se per nje periudhe te gjate normaliteti do jete ndryshe nga ai qe kemi njohur. Per nje periudhe kohe nuk do japim doren apo perqafojme shoket e miqte. Do i bejme pazaret apo transaksionet e perditshme ne distanca 2 meter nga te tjeret. Do dalim jashte me maska. Do t’i lajme duart sikur te jemi kirurge. Nuk do t’i bejme dasmat e vdekjet ashtu sic e kemi zakon. Por qe te ngrihen sanksionet, duhet te demonstrojme si bashkesi qe jemi te pergjegjshem dhe qe e mbrojme njeri-tjetrin si nje trup i vetem, duke ndjekur keshillat e Shendetit Publik dhe te eksperteve. Sa me shume te pergjegjshem te tregohemi, aq me shpejt do dalim nga kjo situate. Ju uroj shendet te plote dhe force!",0.002194293315854301,0.9978057066841457,fake,likely_fake,5.741675893534633e-05,real,likely_real,0.9977482899252104,0.9977482899252104,True,True,True
char_tfidf,Character TF-IDF,fake_1932,fake,without_albanian_diacritics,Pa ë/ç,2376,"Flet mjekja shqiptare ne Kanada: Si te trajtoni virusin ne kushtet e shtepise. Ne nje interviste dhene per gazeten, doktoresha e ve theksin ne masat parandaluese, sic jane distancimi social, mbajtja e maskave dhe larja e shpeshte e duarve. “Eshte shume me e thjeshte ta parandalosh kete virus sesa ta mjekosh ate. Lufta e vertete e ketij virusi, fronti i pare i luftes, eshte ne komunitet, ne cdo shtepi, te cdo individ. Spitali eshte fronti i fundit”, shton doktoresha. Me rendesi po ashtu eshte edhe menaxhimi i stresit dhe gjumi i rregullt. “Ajo qe shkakton vdekjen, nuk eshte virusi, eshte pergjigjja jone imunitare, qe ka per qellim te vrase virusin, por ne proces e siper, vret dhe njeriun”, ve ne dukje mjekja. Juliana Gorja, MD CFP, eshte mjeke qe praktikon ne Toronto, Kanada. Gorja ka mbaruar Fakultetin e Mjekesise ne Tirane dhe specializim per Mjekesi Familje ne Universitetin e Otava ne Ontarion Veriore. Ajo ka ushtruar mjekesi per 15 vjet ne Ontario dhe momentalisht punon ne Toronto, ku u sherben mijera pacienteve te klinikes se saj ambulatore komunitare.Doktoreshe, cila eshte situata aktuale ne Kanada? Sa persona rezultojne te infektuar nga COVID-19 dhe sa prej tyre kane nderruar jete, duke mos arritur ta fitojne kete beteje?Ne radhe te pare, doja te pershendesja stafin dhe lexuesit tuaj. Deshiroj t’u drejtohem gjithe lexuesve tuaj, te cilet gjate kesaj periudhe te jashtezakonshme, pa dyshim, jane te lodhur e te tejngopur me informacione qe jane te veshtira per t’u kuptuar apo pranuar, ne lidhje me nje armik te padukshem qe eshte bere epiqendra e jetes sone. Dua t’u them qe te mos fokusohen te numrat, numrat jane numra qe ndryshojne perdite. Fokusin mbajeni te vetja dhe familja juaj. Nese arrini te mbani te shendetshem veten dhe familjen tuaj, duke zbatuar keshillat e mjekeve dhe te Shendetit Publik, ju e keni bere 0 numrin e te infektuarve ne shtepine tuaj. Sikur cdo familje e tere pallatit te jete keshtu, e keni bere 0 numrin e te infektuarve ne pallat. Sikur tere pallatet e lagjes ta kene 0, atehere tere lagjja e mandej tere qyteti e ka 0. Dhe keshtu me radhe, tere vendi e ka 0. Pra, mos u shqetesoni per numrat jashte. Shqetesohuni vetem per numrin brenda shtepise tuaj. Mbajeni 0 kete numer dhe e keni kryer detyren tuaj. Deri me 24 prill 2020, numri i njerezve qe jane testuar pozitive ne Kanada eshte 43 mije e 551. Numri i vdekjeve nga COVID-19 eshte 2 mije e 294. Te sheruarit jane afersisht 15 mije e 500. Keto shifra nuk jane te sakta, sepse shpesh do me teper se 1-2 dite derisa te vije pergjigjja e rezultatit te testit, pra, me shume gjasa perfaqesojne numrin e rasteve pozitive disa dite me pare. Duke ditur qe testohen vetem njerez qe permbushin kriteret e vena nga Shendeti Publik, kuptohet qe numri i njerezve qe jane te infektuar, eshte shume me i madh se ky. Por ky numer eshte praktikisht i pamundur te percaktohet. Prandaj, numri me i sakte ose me domethenes eshte numri i te shtruarve me COVID-19 dhe sidomos ata te shtruar ne sherbimin intensiv. Ata numra jane solide. Deri me tani ne gjendje kritike neper spitale ne Kanada jane 557 paciente. Vdekshmeria per 1 milion banore eshte 61.Cila eshte mosha mesatare e personave qe kane nderruar jete?Deri tani nuk kane dale te dhenat e detajuara demografike per fatalitetet ne rang kombetar, jam e sigurt qe shume shpejt do kemi ne dore te dhenat per grupmoshat dhe gjendjen shendetesore premorbide te tyre. Ne provincen e Ontarios, COVID19 tani ka hyre ne institucionet e te semureve rende dhe kronike, ne ato qe ketu quhen Long Term Care Homes. Ata jane institucione ku ndodhen te semure kryesisht te moshave te medha, qe, per shkak te problemeve te avancuara shendetesore, kane nevoje per kujdes 24 ore. Ata jane nder me te brishtet e shoqerise. Keta jane pacientet qe po provojne vdekshmerine me te larte tani prej koronavirusit. Ne Ontario, ne keto qendra, deri tani ka 2 mije e 287 raste pozitive. Numri i te vdekurve ne to eshte 573. Numri i personelit shendetesor qe punon ne keto qendra, te konfirmuar me COVID-19, eshte 1 mije e 089 dhe nje prej tyre ka humbur jeten.A ka shqiptare te infektuar?Patjeter qe ka. Me kalimin e kohes do dalin dhe te dhenat e distiluara per grupet e ndryshme etnike dhe efektet e perkatesive te ndryshme gjenetike ne semundshmeri e vdekshmeri.Si po menaxhohet kjo situate, pra, cilat jane masat e marra nga autoritetet atje?Si kudo, ekonomia ka ndaluar, me perjashtim te sherbimeve esenciale. Kafenete e restorantet jane mbyllur. Ato qe jane hapur ofrojne vetem shitje vaktesh qe klienti i merr me vete. Njerezit jane ne distancim te theksuar social. Ata qe kane testuar pozitive ose dyshohen per COVID-19, menaxhohen ne shtepite e tyre. Rastet e renda shtrohen ne spital. Individet dalin vetem per gjera esenciale, si blerja e ushqimeve dhe barnave. Bizneset esenciale jane detyruar me ligj qe te zbatojne ne cdo moment distancen minimale prej 2 meter midis punonjesve te biznesit dhe klienteve te tyre. Gjobat jane 500 mije dollare per bizneset qe nuk i zbatojne, kurse per individet jane 1000-5000 dollare. Hyrja ne dyqane eshte e kontrolluar nga punonjes te posacem, qe sigurohen qe numri i njerezve brenda dyqanit nuk kalon normen e lejuar nga shteti. Parqet e femijeve jane mbyllur, natyrisht shkollat dhe cerdhet kane kohe qe jane mbyllur. Kampingjet dhe asnje lloj grumbullimi njerezish nuk lejohen. Forcat e Policise inspektojne qytetin per zbatimin e rregullave. Gjithe infrastruktura e shendetesise, ne komunitet dhe spitale, eshte vene krejtesisht ne sherbim te COVID, duke anuluar gjithe operacionet jourgjente, procedurat jourgjente dhe vizitat jourgjente per pacientet, te cilet po menaxhohen ne menyre virtuale nga shtepite e tyre. Fatmiresisht, keto masa kane dhene efektin e tyre, duke u lene mundesi spitaleve ta perballojne shume mire situaten deri tani.Lidhur me trajtimin e te infektuarve, cilat jane medikamentet qe po aplikohen?Ne komunitet, te infektuarit nuk kane nevoje per mjekime specifike. Si per cdo semundje virale, hidratimi, pushimi fizik dhe mendor, antipiretiket per uljen e temperatures dhe vetizolimi efikas, jane standardi i trajtimit. Per sa u perket te semureve ne spitale, kuptohet qe trajtimi kryesor i tyre eshte stabilizimi i parametrave vitale me oksigjen, lengje intravenoze dhe mjekime te ndryshme ne kete drejtim. E verteta eshte qe nuk ka kure per COVID-19. Trajtimet qe po perdoren tani neper spitale jane ne nivel eksperimental dhe nuk kane evidence shkencore te nivelit te larte qe verteton efikasitetin e tyre. Ne spitale te ndryshme kane vendosur protokolle trajtimi me kokteje te ndryshme medikamentesh, qe nga antimalariket, antiviralet, antibiotike si dhe mjekime te tjera qe tentojne te ulin pergjigjen imunitare ndaj virusit, e cila, ne shume raste, eshte ajo qe shkakton shokun qe peson trupi me Covid. Ketu hyjne mjekime shume te shtrenjta, si inhibitoret e interleukines 6 apo dhe mjekime pak te kushtueshme, si kortizoni. Shkenca e COVID-it eshte ne evoluim e siper. Cdo dite mjeket nxjerrin konkluzione per mekanizma te veprimit te ketij virusi qe nuk i dinin me pare. Ka teori per nje mekanizem qe shkakton vaskulit dhe coagulopati vaskulare, tromboza, ne gjuhen popullore, keshtu qe ka qendra spitalore qe po eksperimentojne me hollues gjaku. Ne Kanada kane nisur te grumbullojne serum nga gjaku i te semureve qe e kane kaluar COVID-19, per t’ua injektuar te semureve rende. Perseri, keto jane ende ne nivel eksperimental dhe nuk dihet akoma se sa efektive dhe pa efekte anesore do jene. Pra, mjeket, ne tere boten, po i perqasen trajtimit te ketij virusi nga drejtime te ndryshme, por deri tani nuk ka kure. Shume here, mjekimet kane efekte anesore te renda, keshtu qe perzgjedhja e kandidateve per trajtim behet me kujdes, ne baze te kritereve te institucionit. Per kete arsye eshte shume e rendesishme qe te ndiqet keshilla e mjekut specialist qe ndjek rastin dhe jo lajmerimet bombastike qe mund te dalin ne televizion apo internet me pretendime per mjekime cudiberese, nga njerez qe nuk kane asnje kualifikim per te bere rekomandime mjekesore. Eshte shume me e thjeshte ta parandalosh kete virus sesa ta mjekosh ate. Lufta e vertete e ketij virusi, fronti i pare i luftes, eshte ne komunitet, ne cdo shtepi, te cdo individ. Spitali eshte fronti i fundit.Mendoni qe me rritjen e temperaturave do te bjere edhe virulenca e ketij virusi?Fakt eshte qe ky virus eshte perhapur edhe ne vende te nxehta apo edhe ne hemisferen jugore. Prandaj mendoj qe temperatura e larte nuk do ndikoje ne te.A ka te dhena mbi ndikimin qe mund te kete vaksina e tuberkulozit?Studime te bera vitet e fundit kane treguar qe vaksina e TB ka riprogramuar qelizat imunitare per te luftuar infeksione te tjera, vec TB. Dhe nen kete presupozim, tani vone, kane nisur dhe studimet e eksperimentimet per te pare a ka efekt kjo vaksine ne luften kunder virusit COVID-19. Natyrisht, do kohe derisa te studiohet efekti dhe te shihet a mund te ekstrapolohet rezultati i marre ne nje kampion njerezish, ne popullate te gjere. Deri atehere, masa mbrojtese me e mire eshte distancimi social, larja e shpeshte dhe e gjate e duarve, dhe veshja e maskave ne publik.Cfare do te keshillonit per te parandaluar infektimin me COVID-19?Ne tani e dime qe ngarkesa me e madhe virale eshte 2 dite para se te fillojne simptomat. Pra, ata qe e shperndajne me shume virusin jane njerezit asimptomatike. Ata thjesht me pikat e peshtymes, duke folur, mund ta perhapin virusin ne dyqan, ne pune, ne komunitet. Prandaj, keshilla ime eshte te vishni maska, qofte dhe te bera vete, kur dilni jashte, ne dyqan a farmaci. Maska nuk mbron personin qe e vesh ate, por mbron ata rreth tij, sepse ul numrin e pikave te peshtymes qe mbartin virusin, te cilat bien mbi cdo objekt qe rrethon personin ne nje rreze prej 2 metrash. Maska e veshur mund te jete e bere vete, me dy shtresa cope dhe mundesisht nje shtrese filtri brenda, qe mund te nderrohet. Kur hiqet maska, nuk duhet kapur nga pjese e perparme, por nga lidheset mbrapa, ne menyre qe te mos kontaminohen duart. Maska te lahet ne uje te nxehte me sapun ose mund te varet e te lihet ne diell disa dite. Larja e shpeshte e duarve dhe evitimi i prekjes se fytyres, jane gjera kyce. Dhe mos u takoni me asnje njeri nese nuk jetoni nen nje cati me te. Gjeja tjeter qe do keshilloja, eshte menaxhimi i stresit. Ajo qe shkakton vdekjen, nuk eshte virusi, eshte pergjigjja jone imunitare, qe ka per qellim te vrase virusin, por ne proces e siper, vret dhe njeriun. Trupi yne ka qeliza te specializuara per te luftuar infeksionet. Disa prej tyre duan 2 jave qe te prodhojne antitrupa specifike, per te luftuar me efikasitet dhe saktesi virusin. Por ne shume raste, perpara se te vije dyjaveshi, trupi yne mobilizon tere arsenalin e vet mbrojtes, duke leshuar nje sasi te larte molekulash te quajtura citokina, nje fenomen qe ne e quajme stuhia e citokinave, te cilat ndezin nje zinxhir reaksionesh inflamatore qe ne vrull e siper shkaterron tere organet. Pra, ne vend qe te vije nje snajper i sakte per te vrare vetem virusin, trupi dergon nje ushtri te tere me napalm ne dore, qe shkaterron cfare gjen perpara. Stresi dhe mungesa e gjumit rrisin hormonet e stresit ne trup. Ka studime qe tregojne qe dhe nje nate pa gjume, ose me gjume te fragmentuar, rrisin nivelin e interleukinave ne gjak, te ketyre molekulave qe marrin pjese ne zinxhirin e inflamacionit. Prandaj, ulja e nivelit te stresit dhe gjumi i rregullt do na ndihmojne te qendrojme fizikisht e menderisht te forte gjate kesaj periudhe. Meditimi, ushtrimet fizike, shoket e mire, evitimi i lajmeve negative dhe fokusimi ne gjerat pozitive te jetes, ulin stresin e perditshem.Se fundmi, doktoreshe, cfare rekomandoni per vetizolimin ne shtepi te njerezve me simptoma te COVID-19?Vetizolimi, duke qene i lehte per njerezit me disa dhoma ne shtepi, ku i semuri mund te rrije ne nje dhome vetem e ku mund te kete banjen e vet private, eshte shume i veshtire per njerezit qe nuk e kane ate mundesi dhe jetojne shume vete ne nje ambient te vogel. Ne shendetesi, nje nder determinantet e semundshmerise, eshte gjendja ekonomike e njeriut. Keshtu, keshilla ime eshte per ata qe nuk kane mundesi te izolohen ne nje dhome te tyren eshte qe duhet ndare dhoma me nje carcaf ose plastmase nga tavani ne dysheme, ne dy pjese, njera eshte pjesa ku rri i infektuari, tjetra eshte pjesa ku rrine njerezit e tjere te shtepise. Dhe askush nuk hyn e del ne zonen e infektuar. I infektuari te mbaje maske ose nje shall rreth gojes e hundes gjate tere kohes. Per banjen, te mbahet nje shishe sperkatese, ku te jene perziere nje kupe solucion klorine, ne 5 kupa uje dhe te sprucohen gjithe siperfaqet e tualetit, lavamanit, rubinetet, pasi i infektuari ta kete perdorur ate. Rrobat e rrugicat, me te cilat ka qene ne kontakt i semuri, te mos shkunden. Rrobat te lahen ne uje te nxehte me sapun dhe gjerat qe nuk lahen te nxirren ne diell. Rrezet ultraviolet e shkaterrojne virusin. Virusin, pavaresisht se mund ta kesh marre ne duar a ne rroba, nuk duhet pasur frike. Virusi ka nevoje per ne. Ai nuk replikohet dot as ne duart tona e as ne rrobat tona. Virusi ka nevoje per mukozen e hundes e te gojes tone e per konjunktiven e syve tane. Po qe se nuk e transportojme vete atje, merr fund. Te dashur bashkatdhetare dhe lexues, kjo periudhe do kaloje, heret a vone. Eventualisht sanksionet do ngrihen dhe jeta do nise normalitetin, pavaresisht se per nje periudhe te gjate normaliteti do jete ndryshe nga ai qe kemi njohur. Per nje periudhe kohe nuk do japim doren apo perqafojme shoket e miqte. Do i bejme pazaret apo transaksionet e perditshme ne distanca 2 meter nga te tjeret. Do dalim jashte me maska. Do t’i lajme duart sikur te jemi kirurge. Nuk do t’i bejme dasmat e vdekjet ashtu sic e kemi zakon. Por qe te ngrihen sanksionet, duhet te demonstrojme si bashkesi qe jemi te pergjegjshem dhe qe e mbrojme njeri-tjetrin si nje trup i vetem, duke ndjekur keshillat e Shendetit Publik dhe te eksperteve. Sa me shume te pergjegjshem te tregohemi, aq me shpejt do dalim nga kjo situate. Ju uroj shendet te plote dhe force!",0.04279563855874491,0.9572043614412551,fake,likely_fake,0.0002312062432574857,real,likely_real,0.9569731551979976,0.9569731551979976,True,True,True
word_char_tfidf,Word + Character TF-IDF,fake_1932,fake,without_albanian_diacritics,Pa ë/ç,2376,"Flet mjekja shqiptare ne Kanada: Si te trajtoni virusin ne kushtet e shtepise. Ne nje interviste dhene per gazeten, doktoresha e ve theksin ne masat parandaluese, sic jane distancimi social, mbajtja e maskave dhe larja e shpeshte e duarve. “Eshte shume me e thjeshte ta parandalosh kete virus sesa ta mjekosh ate. Lufta e vertete e ketij virusi, fronti i pare i luftes, eshte ne komunitet, ne cdo shtepi, te cdo individ. Spitali eshte fronti i fundit”, shton doktoresha. Me rendesi po ashtu eshte edhe menaxhimi i stresit dhe gjumi i rregullt. “Ajo qe shkakton vdekjen, nuk eshte virusi, eshte pergjigjja jone imunitare, qe ka per qellim te vrase virusin, por ne proces e siper, vret dhe njeriun”, ve ne dukje mjekja. Juliana Gorja, MD CFP, eshte mjeke qe praktikon ne Toronto, Kanada. Gorja ka mbaruar Fakultetin e Mjekesise ne Tirane dhe specializim per Mjekesi Familje ne Universitetin e Otava ne Ontarion Veriore. Ajo ka ushtruar mjekesi per 15 vjet ne Ontario dhe momentalisht punon ne Toronto, ku u sherben mijera pacienteve te klinikes se saj ambulatore komunitare.Doktoreshe, cila eshte situata aktuale ne Kanada? Sa persona rezultojne te infektuar nga COVID-19 dhe sa prej tyre kane nderruar jete, duke mos arritur ta fitojne kete beteje?Ne radhe te pare, doja te pershendesja stafin dhe lexuesit tuaj. Deshiroj t’u drejtohem gjithe lexuesve tuaj, te cilet gjate kesaj periudhe te jashtezakonshme, pa dyshim, jane te lodhur e te tejngopur me informacione qe jane te veshtira per t’u kuptuar apo pranuar, ne lidhje me nje armik te padukshem qe eshte bere epiqendra e jetes sone. Dua t’u them qe te mos fokusohen te numrat, numrat jane numra qe ndryshojne perdite. Fokusin mbajeni te vetja dhe familja juaj. Nese arrini te mbani te shendetshem veten dhe familjen tuaj, duke zbatuar keshillat e mjekeve dhe te Shendetit Publik, ju e keni bere 0 numrin e te infektuarve ne shtepine tuaj. Sikur cdo familje e tere pallatit te jete keshtu, e keni bere 0 numrin e te infektuarve ne pallat. Sikur tere pallatet e lagjes ta kene 0, atehere tere lagjja e mandej tere qyteti e ka 0. Dhe keshtu me radhe, tere vendi e ka 0. Pra, mos u shqetesoni per numrat jashte. Shqetesohuni vetem per numrin brenda shtepise tuaj. Mbajeni 0 kete numer dhe e keni kryer detyren tuaj. Deri me 24 prill 2020, numri i njerezve qe jane testuar pozitive ne Kanada eshte 43 mije e 551. Numri i vdekjeve nga COVID-19 eshte 2 mije e 294. Te sheruarit jane afersisht 15 mije e 500. Keto shifra nuk jane te sakta, sepse shpesh do me teper se 1-2 dite derisa te vije pergjigjja e rezultatit te testit, pra, me shume gjasa perfaqesojne numrin e rasteve pozitive disa dite me pare. Duke ditur qe testohen vetem njerez qe permbushin kriteret e vena nga Shendeti Publik, kuptohet qe numri i njerezve qe jane te infektuar, eshte shume me i madh se ky. Por ky numer eshte praktikisht i pamundur te percaktohet. Prandaj, numri me i sakte ose me domethenes eshte numri i te shtruarve me COVID-19 dhe sidomos ata te shtruar ne sherbimin intensiv. Ata numra jane solide. Deri me tani ne gjendje kritike neper spitale ne Kanada jane 557 paciente. Vdekshmeria per 1 milion banore eshte 61.Cila eshte mosha mesatare e personave qe kane nderruar jete?Deri tani nuk kane dale te dhenat e detajuara demografike per fatalitetet ne rang kombetar, jam e sigurt qe shume shpejt do kemi ne dore te dhenat per grupmoshat dhe gjendjen shendetesore premorbide te tyre. Ne provincen e Ontarios, COVID19 tani ka hyre ne institucionet e te semureve rende dhe kronike, ne ato qe ketu quhen Long Term Care Homes. Ata jane institucione ku ndodhen te semure kryesisht te moshave te medha, qe, per shkak te problemeve te avancuara shendetesore, kane nevoje per kujdes 24 ore. Ata jane nder me te brishtet e shoqerise. Keta jane pacientet qe po provojne vdekshmerine me te larte tani prej koronavirusit. Ne Ontario, ne keto qendra, deri tani ka 2 mije e 287 raste pozitive. Numri i te vdekurve ne to eshte 573. Numri i personelit shendetesor qe punon ne keto qendra, te konfirmuar me COVID-19, eshte 1 mije e 089 dhe nje prej tyre ka humbur jeten.A ka shqiptare te infektuar?Patjeter qe ka. Me kalimin e kohes do dalin dhe te dhenat e distiluara per grupet e ndryshme etnike dhe efektet e perkatesive te ndryshme gjenetike ne semundshmeri e vdekshmeri.Si po menaxhohet kjo situate, pra, cilat jane masat e marra nga autoritetet atje?Si kudo, ekonomia ka ndaluar, me perjashtim te sherbimeve esenciale. Kafenete e restorantet jane mbyllur. Ato qe jane hapur ofrojne vetem shitje vaktesh qe klienti i merr me vete. Njerezit jane ne distancim te theksuar social. Ata qe kane testuar pozitive ose dyshohen per COVID-19, menaxhohen ne shtepite e tyre. Rastet e renda shtrohen ne spital. Individet dalin vetem per gjera esenciale, si blerja e ushqimeve dhe barnave. Bizneset esenciale jane detyruar me ligj qe te zbatojne ne cdo moment distancen minimale prej 2 meter midis punonjesve te biznesit dhe klienteve te tyre. Gjobat jane 500 mije dollare per bizneset qe nuk i zbatojne, kurse per individet jane 1000-5000 dollare. Hyrja ne dyqane eshte e kontrolluar nga punonjes te posacem, qe sigurohen qe numri i njerezve brenda dyqanit nuk kalon normen e lejuar nga shteti. Parqet e femijeve jane mbyllur, natyrisht shkollat dhe cerdhet kane kohe qe jane mbyllur. Kampingjet dhe asnje lloj grumbullimi njerezish nuk lejohen. Forcat e Policise inspektojne qytetin per zbatimin e rregullave. Gjithe infrastruktura e shendetesise, ne komunitet dhe spitale, eshte vene krejtesisht ne sherbim te COVID, duke anuluar gjithe operacionet jourgjente, procedurat jourgjente dhe vizitat jourgjente per pacientet, te cilet po menaxhohen ne menyre virtuale nga shtepite e tyre. Fatmiresisht, keto masa kane dhene efektin e tyre, duke u lene mundesi spitaleve ta perballojne shume mire situaten deri tani.Lidhur me trajtimin e te infektuarve, cilat jane medikamentet qe po aplikohen?Ne komunitet, te infektuarit nuk kane nevoje per mjekime specifike. Si per cdo semundje virale, hidratimi, pushimi fizik dhe mendor, antipiretiket per uljen e temperatures dhe vetizolimi efikas, jane standardi i trajtimit. Per sa u perket te semureve ne spitale, kuptohet qe trajtimi kryesor i tyre eshte stabilizimi i parametrave vitale me oksigjen, lengje intravenoze dhe mjekime te ndryshme ne kete drejtim. E verteta eshte qe nuk ka kure per COVID-19. Trajtimet qe po perdoren tani neper spitale jane ne nivel eksperimental dhe nuk kane evidence shkencore te nivelit te larte qe verteton efikasitetin e tyre. Ne spitale te ndryshme kane vendosur protokolle trajtimi me kokteje te ndryshme medikamentesh, qe nga antimalariket, antiviralet, antibiotike si dhe mjekime te tjera qe tentojne te ulin pergjigjen imunitare ndaj virusit, e cila, ne shume raste, eshte ajo qe shkakton shokun qe peson trupi me Covid. Ketu hyjne mjekime shume te shtrenjta, si inhibitoret e interleukines 6 apo dhe mjekime pak te kushtueshme, si kortizoni. Shkenca e COVID-it eshte ne evoluim e siper. Cdo dite mjeket nxjerrin konkluzione per mekanizma te veprimit te ketij virusi qe nuk i dinin me pare. Ka teori per nje mekanizem qe shkakton vaskulit dhe coagulopati vaskulare, tromboza, ne gjuhen popullore, keshtu qe ka qendra spitalore qe po eksperimentojne me hollues gjaku. Ne Kanada kane nisur te grumbullojne serum nga gjaku i te semureve qe e kane kaluar COVID-19, per t’ua injektuar te semureve rende. Perseri, keto jane ende ne nivel eksperimental dhe nuk dihet akoma se sa efektive dhe pa efekte anesore do jene. Pra, mjeket, ne tere boten, po i perqasen trajtimit te ketij virusi nga drejtime te ndryshme, por deri tani nuk ka kure. Shume here, mjekimet kane efekte anesore te renda, keshtu qe perzgjedhja e kandidateve per trajtim behet me kujdes, ne baze te kritereve te institucionit. Per kete arsye eshte shume e rendesishme qe te ndiqet keshilla e mjekut specialist qe ndjek rastin dhe jo lajmerimet bombastike qe mund te dalin ne televizion apo internet me pretendime per mjekime cudiberese, nga njerez qe nuk kane asnje kualifikim per te bere rekomandime mjekesore. Eshte shume me e thjeshte ta parandalosh kete virus sesa ta mjekosh ate. Lufta e vertete e ketij virusi, fronti i pare i luftes, eshte ne komunitet, ne cdo shtepi, te cdo individ. Spitali eshte fronti i fundit.Mendoni qe me rritjen e temperaturave do te bjere edhe virulenca e ketij virusi?Fakt eshte qe ky virus eshte perhapur edhe ne vende te nxehta apo edhe ne hemisferen jugore. Prandaj mendoj qe temperatura e larte nuk do ndikoje ne te.A ka te dhena mbi ndikimin qe mund te kete vaksina e tuberkulozit?Studime te bera vitet e fundit kane treguar qe vaksina e TB ka riprogramuar qelizat imunitare per te luftuar infeksione te tjera, vec TB. Dhe nen kete presupozim, tani vone, kane nisur dhe studimet e eksperimentimet per te pare a ka efekt kjo vaksine ne luften kunder virusit COVID-19. Natyrisht, do kohe derisa te studiohet efekti dhe te shihet a mund te ekstrapolohet rezultati i marre ne nje kampion njerezish, ne popullate te gjere. Deri atehere, masa mbrojtese me e mire eshte distancimi social, larja e shpeshte dhe e gjate e duarve, dhe veshja e maskave ne publik.Cfare do te keshillonit per te parandaluar infektimin me COVID-19?Ne tani e dime qe ngarkesa me e madhe virale eshte 2 dite para se te fillojne simptomat. Pra, ata qe e shperndajne me shume virusin jane njerezit asimptomatike. Ata thjesht me pikat e peshtymes, duke folur, mund ta perhapin virusin ne dyqan, ne pune, ne komunitet. Prandaj, keshilla ime eshte te vishni maska, qofte dhe te bera vete, kur dilni jashte, ne dyqan a farmaci. Maska nuk mbron personin qe e vesh ate, por mbron ata rreth tij, sepse ul numrin e pikave te peshtymes qe mbartin virusin, te cilat bien mbi cdo objekt qe rrethon personin ne nje rreze prej 2 metrash. Maska e veshur mund te jete e bere vete, me dy shtresa cope dhe mundesisht nje shtrese filtri brenda, qe mund te nderrohet. Kur hiqet maska, nuk duhet kapur nga pjese e perparme, por nga lidheset mbrapa, ne menyre qe te mos kontaminohen duart. Maska te lahet ne uje te nxehte me sapun ose mund te varet e te lihet ne diell disa dite. Larja e shpeshte e duarve dhe evitimi i prekjes se fytyres, jane gjera kyce. Dhe mos u takoni me asnje njeri nese nuk jetoni nen nje cati me te. Gjeja tjeter qe do keshilloja, eshte menaxhimi i stresit. Ajo qe shkakton vdekjen, nuk eshte virusi, eshte pergjigjja jone imunitare, qe ka per qellim te vrase virusin, por ne proces e siper, vret dhe njeriun. Trupi yne ka qeliza te specializuara per te luftuar infeksionet. Disa prej tyre duan 2 jave qe te prodhojne antitrupa specifike, per te luftuar me efikasitet dhe saktesi virusin. Por ne shume raste, perpara se te vije dyjaveshi, trupi yne mobilizon tere arsenalin e vet mbrojtes, duke leshuar nje sasi te larte molekulash te quajtura citokina, nje fenomen qe ne e quajme stuhia e citokinave, te cilat ndezin nje zinxhir reaksionesh inflamatore qe ne vrull e siper shkaterron tere organet. Pra, ne vend qe te vije nje snajper i sakte per te vrare vetem virusin, trupi dergon nje ushtri te tere me napalm ne dore, qe shkaterron cfare gjen perpara. Stresi dhe mungesa e gjumit rrisin hormonet e stresit ne trup. Ka studime qe tregojne qe dhe nje nate pa gjume, ose me gjume te fragmentuar, rrisin nivelin e interleukinave ne gjak, te ketyre molekulave qe marrin pjese ne zinxhirin e inflamacionit. Prandaj, ulja e nivelit te stresit dhe gjumi i rregullt do na ndihmojne te qendrojme fizikisht e menderisht te forte gjate kesaj periudhe. Meditimi, ushtrimet fizike, shoket e mire, evitimi i lajmeve negative dhe fokusimi ne gjerat pozitive te jetes, ulin stresin e perditshem.Se fundmi, doktoreshe, cfare rekomandoni per vetizolimin ne shtepi te njerezve me simptoma te COVID-19?Vetizolimi, duke qene i lehte per njerezit me disa dhoma ne shtepi, ku i semuri mund te rrije ne nje dhome vetem e ku mund te kete banjen e vet private, eshte shume i veshtire per njerezit qe nuk e kane ate mundesi dhe jetojne shume vete ne nje ambient te vogel. Ne shendetesi, nje nder determinantet e semundshmerise, eshte gjendja ekonomike e njeriut. Keshtu, keshilla ime eshte per ata qe nuk kane mundesi te izolohen ne nje dhome te tyren eshte qe duhet ndare dhoma me nje carcaf ose plastmase nga tavani ne dysheme, ne dy pjese, njera eshte pjesa ku rri i infektuari, tjetra eshte pjesa ku rrine njerezit e tjere te shtepise. Dhe askush nuk hyn e del ne zonen e infektuar. I infektuari te mbaje maske ose nje shall rreth gojes e hundes gjate tere kohes. Per banjen, te mbahet nje shishe sperkatese, ku te jene perziere nje kupe solucion klorine, ne 5 kupa uje dhe te sprucohen gjithe siperfaqet e tualetit, lavamanit, rubinetet, pasi i infektuari ta kete perdorur ate. Rrobat e rrugicat, me te cilat ka qene ne kontakt i semuri, te mos shkunden. Rrobat te lahen ne uje te nxehte me sapun dhe gjerat qe nuk lahen te nxirren ne diell. Rrezet ultraviolet e shkaterrojne virusin. Virusin, pavaresisht se mund ta kesh marre ne duar a ne rroba, nuk duhet pasur frike. Virusi ka nevoje per ne. Ai nuk replikohet dot as ne duart tona e as ne rrobat tona. Virusi ka nevoje per mukozen e hundes e te gojes tone e per konjunktiven e syve tane. Po qe se nuk e transportojme vete atje, merr fund. Te dashur bashkatdhetare dhe lexues, kjo periudhe do kaloje, heret a vone. Eventualisht sanksionet do ngrihen dhe jeta do nise normalitetin, pavaresisht se per nje periudhe te gjate normaliteti do jete ndryshe nga ai qe kemi njohur. Per nje periudhe kohe nuk do japim doren apo perqafojme shoket e miqte. Do i bejme pazaret apo transaksionet e perditshme ne distanca 2 meter nga te tjeret. Do dalim jashte me maska. Do t’i lajme duart sikur te jemi kirurge. Nuk do t’i bejme dasmat e vdekjet ashtu sic e kemi zakon. Por qe te ngrihen sanksionet, duhet te demonstrojme si bashkesi qe jemi te pergjegjshem dhe qe e mbrojme njeri-tjetrin si nje trup i vetem, duke ndjekur keshillat e Shendetit Publik dhe te eksperteve. Sa me shume te pergjegjshem te tregohemi, aq me shpejt do dalim nga kjo situate. Ju uroj shendet te plote dhe force!",0.006260756749768004,0.993739243250232,fake,likely_fake,0.00012465263787926712,real,likely_real,0.9936145906123527,0.9936145906123527,True,True,True
word_tfidf,Word TF-IDF,fake_1932,fake,unicode_nfc_from_nfd,Unicode i normalizuar,2376,"Flet mjekja shqiptare në Kanada: Si të trajtoni virusin në kushtet e shtëpisë. Në një intervistë dhënë për gazetën, doktoresha e vë theksin në masat parandaluese, siç janë distancimi social, mbajtja e maskave dhe larja e shpeshtë e duarve. “Është shumë më e thjeshtë ta parandalosh këtë virus sesa ta mjekosh atë. Lufta e vërtetë e këtij virusi, fronti i parë i luftës, është në komunitet, në çdo shtëpi, te çdo individ. Spitali është fronti i fundit”, shton doktoresha. Me rëndësi po ashtu është edhe menaxhimi i stresit dhe gjumi i rregullt. “Ajo që shkakton vdekjen, nuk është virusi, është përgjigjja jonë imunitare, që ka për qëllim të vrasë virusin, por në proces e sipër, vret dhe njeriun”, vë në dukje mjekja. Juliana Gorja, MD ÇFP, është mjeke që praktikon në Toronto, Kanada. Gorja ka mbaruar Fakultetin e Mjekësisë në Tiranë dhe specializim për Mjekësi Familje në Universitetin e Otava në Ontarion Veriore. Ajo ka ushtruar mjekësi për 15 vjet në Ontario dhe momentalisht punon në Toronto, ku u shërben mijëra pacientëve të klinikës së saj ambulatore komunitare.Doktoreshë, cila është situata aktuale në Kanada? Sa persona rezultojnë të infektuar nga COVID-19 dhe sa prej tyre kanë ndërruar jetë, duke mos arritur ta fitojnë këtë betejë?Në radhë të parë, doja të përshëndesja stafin dhe lexuesit tuaj. Dëshiroj t’u drejtohem gjithë lexuesve tuaj, të cilët gjatë kësaj periudhe të jashtëzakonshme, pa dyshim, janë të lodhur e të tejngopur me informacione që janë të vështira për t’u kuptuar apo pranuar, në lidhje me një armik të padukshëm që është bërë epiqendra e jetës sonë. Dua t’u them që të mos fokusohen te numrat, numrat janë numra që ndryshojnë përditë. Fokusin mbajeni te vetja dhe familja juaj. Nëse arrini të mbani të shëndetshëm veten dhe familjen tuaj, duke zbatuar këshillat e mjekëve dhe të Shëndetit Publik, ju e keni bërë 0 numrin e të infektuarve në shtëpinë tuaj. Sikur çdo familje e tërë pallatit të jetë kështu, e keni bërë 0 numrin e të infektuarve në pallat. Sikur tërë pallatet e lagjes ta kenë 0, atëherë tërë lagjja e mandej tërë qyteti e ka 0. Dhe kështu me radhë, tërë vendi e ka 0. Pra, mos u shqetësoni për numrat jashtë. Shqetësohuni vetëm për numrin brenda shtëpisë tuaj. Mbajeni 0 këtë numër dhe e keni kryer detyrën tuaj. Deri më 24 prill 2020, numri i njerëzve që janë testuar pozitivë në Kanada është 43 mijë e 551. Numri i vdekjeve nga COVID-19 është 2 mijë e 294. Të shëruarit janë afërsisht 15 mijë e 500. Këto shifra nuk janë të sakta, sepse shpesh do më tepër se 1-2 ditë derisa të vijë përgjigjja e rezultatit të testit, pra, me shumë gjasa përfaqësojnë numrin e rasteve pozitive disa ditë më parë. Duke ditur që testohen vetëm njerëz që përmbushin kriteret e vëna nga Shëndeti Publik, kuptohet që numri i njerëzve që janë të infektuar, është shumë më i madh se ky. Por ky numër është praktikisht i pamundur të përcaktohet. Prandaj, numri më i saktë ose më domethënës është numri i të shtruarve me COVID-19 dhe sidomos ata të shtruar në shërbimin intensiv. Ata numra janë solidë. Deri më tani në gjendje kritike nëpër spitale në Kanada janë 557 pacientë. Vdekshmëria për 1 milion banorë është 61.Cila është mosha mesatare e personave që kanë ndërruar jetë?Deri tani nuk kanë dalë të dhënat e detajuara demografike për fatalitetet në rang kombëtar, jam e sigurt që shumë shpejt do kemi në dorë të dhënat për grupmoshat dhe gjendjen shëndetësore premorbide të tyre. Në provincën e Ontarios, COVID19 tani ka hyrë në institucionet e të sëmurëve rëndë dhe kronikë, në ato që këtu quhen Long Term Care Homes. Ata janë institucione ku ndodhen të sëmurë kryesisht të moshave të mëdha, që, për shkak të problemeve të avancuara shëndetësore, kanë nevojë për kujdes 24 orë. Ata janë ndër më të brishtët e shoqërisë. Këta janë pacientët që po provojnë vdekshmërinë më të lartë tani prej koronavirusit. Në Ontario, në këto qendra, deri tani ka 2 mijë e 287 raste pozitive. Numri i të vdekurve në to është 573. Numri i personelit shëndetësor që punon në këto qendra, të konfirmuar me COVID-19, është 1 mijë e 089 dhe një prej tyre ka humbur jetën.A ka shqiptarë të infektuar?Patjetër që ka. Me kalimin e kohës do dalin dhe të dhënat e distiluara për grupet e ndryshme etnike dhe efektet e përkatësive të ndryshme gjenetike në sëmundshmëri e vdekshmëri.Si po menaxhohet kjo situatë, pra, cilat janë masat e marra nga autoritetet atje?Si kudo, ekonomia ka ndaluar, me përjashtim të shërbimeve esenciale. Kafenetë e restorantet janë mbyllur. Ato që janë hapur ofrojnë vetëm shitje vaktesh që klienti i merr me vete. Njerëzit janë në distancim të theksuar social. Ata që kanë testuar pozitivë ose dyshohen për COVID-19, menaxhohen në shtëpitë e tyre. Rastet e rënda shtrohen në spital. Individët dalin vetëm për gjëra esenciale, si blerja e ushqimeve dhe barnave. Bizneset esenciale janë detyruar me ligj që të zbatojnë në çdo moment distancën minimale prej 2 metër midis punonjësve të biznesit dhe klientëve të tyre. Gjobat janë 500 mijë dollarë për bizneset që nuk i zbatojnë, kurse për individët janë 1000-5000 dollarë. Hyrja në dyqane është e kontrolluar nga punonjës të posaçëm, që sigurohen që numri i njerëzve brenda dyqanit nuk kalon normën e lejuar nga shteti. Parqet e fëmijëve janë mbyllur, natyrisht shkollat dhe çerdhet kanë kohë që janë mbyllur. Kampingjet dhe asnjë lloj grumbullimi njerëzish nuk lejohen. Forcat e Policisë inspektojnë qytetin për zbatimin e rregullave. Gjithë infrastruktura e shëndetësisë, në komunitet dhe spitale, është vënë krejtësisht në shërbim të COVID, duke anuluar gjithë operacionet jourgjente, procedurat jourgjente dhe vizitat jourgjente për pacientët, të cilët po menaxhohen në mënyrë virtuale nga shtëpitë e tyre. Fatmirësisht, këto masa kanë dhënë efektin e tyre, duke u lënë mundësi spitaleve ta përballojnë shumë mirë situatën deri tani.Lidhur me trajtimin e të infektuarve, cilat janë medikamentet që po aplikohen?Në komunitet, të infektuarit nuk kanë nevojë për mjekime specifike. Si për çdo sëmundje virale, hidratimi, pushimi fizik dhe mendor, antipiretikët për uljen e temperaturës dhe vetizolimi efikas, janë standardi i trajtimit. Për sa u përket të sëmurëve në spitale, kuptohet që trajtimi kryesor i tyre është stabilizimi i parametrave vitalë me oksigjen, lëngje intravenoze dhe mjekime të ndryshme në këtë drejtim. E vërteta është që nuk ka kurë për COVID-19. Trajtimet që po përdoren tani nëpër spitale janë në nivel eksperimental dhe nuk kanë evidencë shkencore të nivelit të lartë që vërteton efikasitetin e tyre. Në spitale të ndryshme kanë vendosur protokolle trajtimi me kokteje të ndryshme medikamentesh, që nga antimalariket, antiviralet, antibiotikë si dhe mjekime të tjera që tentojnë të ulin përgjigjen imunitare ndaj virusit, e cila, në shumë raste, është ajo që shkakton shokun që pëson trupi me Covid. Këtu hyjnë mjekime shumë të shtrenjta, si inhibitorët e interleukinës 6 apo dhe mjekime pak të kushtueshme, si kortizoni. Shkenca e COVID-it është në evoluim e sipër. Çdo ditë mjekët nxjerrin konkluzione për mekanizma të veprimit të këtij virusi që nuk i dinin më parë. Ka teori për një mekanizëm që shkakton vaskulit dhe coagulopati vaskulare, tromboza, në gjuhën popullore, kështu që ka qendra spitalore që po eksperimentojnë me hollues gjaku. Në Kanada kanë nisur të grumbullojnë serum nga gjaku i të sëmurëve që e kanë kaluar COVID-19, për t’ua injektuar të sëmurëve rëndë. Përsëri, këto janë ende në nivel eksperimental dhe nuk dihet akoma se sa efektive dhe pa efekte anësore do jenë. Pra, mjekët, në tërë botën, po i përqasen trajtimit të këtij virusi nga drejtime të ndryshme, por deri tani nuk ka kurë. Shumë herë, mjekimet kanë efekte anësore të rënda, kështu që përzgjedhja e kandidatëve për trajtim bëhet me kujdes, në bazë të kritereve të institucionit. Për këtë arsye është shumë e rëndësishme që të ndiqet këshilla e mjekut specialist që ndjek rastin dhe jo lajmërimet bombastike që mund të dalin në televizion apo internet me pretendime për mjekime çudibërëse, nga njerëz që nuk kanë asnjë kualifikim për të bërë rekomandime mjekësore. Është shumë më e thjeshtë ta parandalosh këtë virus sesa ta mjekosh atë. Lufta e vërtetë e këtij virusi, fronti i parë i luftës, është në komunitet, në çdo shtëpi, te çdo individ. Spitali është fronti i fundit.Mendoni që me rritjen e temperaturave do të bjerë edhe virulenca e këtij virusi?Fakt është që ky virus është përhapur edhe në vende të nxehta apo edhe në hemisferën jugore. Prandaj mendoj që temperatura e lartë nuk do ndikojë në të.A ka të dhëna mbi ndikimin që mund të ketë vaksina e tuberkulozit?Studime të bëra vitet e fundit kanë treguar që vaksina e TB ka riprogramuar qelizat imunitare për të luftuar infeksione të tjera, veç TB. Dhe nën këtë presupozim, tani vonë, kanë nisur dhe studimet e eksperimentimet për të parë a ka efekt kjo vaksinë në luftën kundër virusit COVID-19. Natyrisht, do kohë derisa të studiohet efekti dhe të shihet a mund të ekstrapolohet rezultati i marrë në një kampion njerëzish, në popullatë të gjerë. Deri atëherë, masa mbrojtëse më e mirë është distancimi social, larja e shpeshtë dhe e gjatë e duarve, dhe veshja e maskave në publik.Çfarë do të këshillonit për të parandaluar infektimin me COVID-19?Ne tani e dimë që ngarkesa më e madhe virale është 2 ditë para se të fillojnë simptomat. Pra, ata që e shpërndajnë më shumë virusin janë njerëzit asimptomatikë. Ata thjesht me pikat e pështymës, duke folur, mund ta përhapin virusin në dyqan, në punë, në komunitet. Prandaj, këshilla ime është të vishni maska, qoftë dhe të bëra vetë, kur dilni jashtë, në dyqan a farmaci. Maska nuk mbron personin që e vesh atë, por mbron ata rreth tij, sepse ul numrin e pikave të pështymës që mbartin virusin, të cilat bien mbi çdo objekt që rrethon personin në një rreze prej 2 metrash. Maska e veshur mund të jetë e bërë vetë, me dy shtresa cope dhe mundësisht një shtresë filtri brenda, që mund të ndërrohet. Kur hiqet maska, nuk duhet kapur nga pjesë e përparme, por nga lidhëset mbrapa, në mënyrë që të mos kontaminohen duart. Maska të lahet në ujë të nxehtë me sapun ose mund të varet e të lihet në diell disa ditë. Larja e shpeshtë e duarve dhe evitimi i prekjes së fytyrës, janë gjëra kyçe. Dhe mos u takoni me asnjë njeri nëse nuk jetoni nën një çati me të. Gjëja tjetër që do këshilloja, është menaxhimi i stresit. Ajo që shkakton vdekjen, nuk është virusi, është përgjigjja jonë imunitare, që ka për qëllim të vrasë virusin, por në proces e sipër, vret dhe njeriun. Trupi ynë ka qeliza të specializuara për të luftuar infeksionet. Disa prej tyre duan 2 javë që të prodhojnë antitrupa specifike, për të luftuar me efikasitet dhe saktësi virusin. Por në shumë raste, përpara se të vijë dyjavëshi, trupi ynë mobilizon tërë arsenalin e vet mbrojtës, duke lëshuar një sasi të lartë molekulash të quajtura citokina, një fenomen që ne e quajmë stuhia e citokinave, të cilat ndezin një zinxhir reaksionesh inflamatore që në vrull e sipër shkatërron tërë organet. Pra, në vend që të vijë një snajper i saktë për të vrarë vetëm virusin, trupi dërgon një ushtri të tërë me napalm në dorë, që shkatërron çfarë gjen përpara. Stresi dhe mungesa e gjumit rrisin hormonet e stresit në trup. Ka studime që tregojnë që dhe një natë pa gjumë, ose me gjumë të fragmentuar, rrisin nivelin e interleukinave në gjak, të këtyre molekulave që marrin pjesë në zinxhirin e inflamacionit. Prandaj, ulja e nivelit të stresit dhe gjumi i rregullt do na ndihmojnë të qëndrojmë fizikisht e mendërisht të fortë gjatë kësaj periudhe. Meditimi, ushtrimet fizike, shokët e mirë, evitimi i lajmeve negative dhe fokusimi në gjërat pozitive të jetës, ulin stresin e përditshëm.Së fundmi, doktoreshë, çfarë rekomandoni për vetizolimin në shtëpi të njerëzve me simptoma të COVID-19?Vetizolimi, duke qenë i lehtë për njerëzit me disa dhoma në shtëpi, ku i sëmuri mund të rrijë në një dhomë vetëm e ku mund të ketë banjën e vet private, është shumë i vështirë për njerëzit që nuk e kanë atë mundësi dhe jetojnë shumë vetë në një ambient të vogël. Në shëndetësi, një ndër determinantët e sëmundshmërisë, është gjendja ekonomike e njeriut. Kështu, këshilla ime është për ata që nuk kanë mundësi të izolohen në një dhomë të tyren është që duhet ndarë dhoma me një çarçaf ose plastmase nga tavani në dysheme, në dy pjesë, njëra është pjesa ku rri i infektuari, tjetra është pjesa ku rrinë njerëzit e tjerë të shtëpisë. Dhe askush nuk hyn e del në zonën e infektuar. I infektuari të mbajë maskë ose një shall rreth gojës e hundës gjatë tërë kohës. Për banjën, të mbahet një shishe spërkatëse, ku të jenë përzierë një kupë solucion klorine, në 5 kupa ujë dhe të sprucohen gjithë sipërfaqet e tualetit, lavamanit, rubinetet, pasi i infektuari ta ketë përdorur atë. Rrobat e rrugicat, me të cilat ka qenë në kontakt i sëmuri, të mos shkunden. Rrobat të lahen në ujë të nxehtë me sapun dhe gjërat që nuk lahen të nxirren në diell. Rrezet ultraviolet e shkatërrojnë virusin. Virusin, pavarësisht se mund ta kesh marrë në duar a në rroba, nuk duhet pasur frikë. Virusi ka nevojë për ne. Ai nuk replikohet dot as në duart tona e as në rrobat tona. Virusi ka nevojë për mukozën e hundës e të gojës tonë e për konjunktivën e syve tanë. Po qe se nuk e transportojmë vetë atje, merr fund. Të dashur bashkatdhetarë dhe lexues, kjo periudhë do kalojë, herët a vonë. Eventualisht sanksionet do ngrihen dhe jeta do nisë normalitetin, pavarësisht se për një periudhë të gjatë normaliteti do jetë ndryshe nga ai që kemi njohur. Për një periudhë kohe nuk do japim dorën apo përqafojmë shokët e miqtë. Do i bëjmë pazaret apo transaksionet e përditshme në distanca 2 metër nga të tjerët. Do dalim jashtë me maska. Do t’i lajmë duart sikur të jemi kirurgë. Nuk do t’i bëjmë dasmat e vdekjet ashtu siç e kemi zakon. Por që të ngrihen sanksionet, duhet të demonstrojmë si bashkësi që jemi të përgjegjshëm dhe që e mbrojmë njëri-tjetrin si një trup i vetëm, duke ndjekur këshillat e Shëndetit Publik dhe të ekspertëve. Sa më shumë të përgjegjshëm të tregohemi, aq më shpejt do dalim nga kjo situatë. Ju uroj shëndet të plotë dhe forcë!",0.9999425832410647,5.741675893534633e-05,real,likely_real,5.741675893534633e-05,real,likely_real,0.0,0.0,False,False,False
char_tfidf,Character TF-IDF,fake_1932,fake,unicode_nfc_from_nfd,Unicode i normalizuar,2376,"Flet mjekja shqiptare në Kanada: Si të trajtoni virusin në kushtet e shtëpisë. Në një intervistë dhënë për gazetën, doktoresha e vë theksin në masat parandaluese, siç janë distancimi social, mbajtja e maskave dhe larja e shpeshtë e duarve. “Është shumë më e thjeshtë ta parandalosh këtë virus sesa ta mjekosh atë. Lufta e vërtetë e këtij virusi, fronti i parë i luftës, është në komunitet, në çdo shtëpi, te çdo individ. Spitali është fronti i fundit”, shton doktoresha. Me rëndësi po ashtu është edhe menaxhimi i stresit dhe gjumi i rregullt. “Ajo që shkakton vdekjen, nuk është virusi, është përgjigjja jonë imunitare, që ka për qëllim të vrasë virusin, por në proces e sipër, vret dhe njeriun”, vë në dukje mjekja. Juliana Gorja, MD ÇFP, është mjeke që praktikon në Toronto, Kanada. Gorja ka mbaruar Fakultetin e Mjekësisë në Tiranë dhe specializim për Mjekësi Familje në Universitetin e Otava në Ontarion Veriore. Ajo ka ushtruar mjekësi për 15 vjet në Ontario dhe momentalisht punon në Toronto, ku u shërben mijëra pacientëve të klinikës së saj ambulatore komunitare.Doktoreshë, cila është situata aktuale në Kanada? Sa persona rezultojnë të infektuar nga COVID-19 dhe sa prej tyre kanë ndërruar jetë, duke mos arritur ta fitojnë këtë betejë?Në radhë të parë, doja të përshëndesja stafin dhe lexuesit tuaj. Dëshiroj t’u drejtohem gjithë lexuesve tuaj, të cilët gjatë kësaj periudhe të jashtëzakonshme, pa dyshim, janë të lodhur e të tejngopur me informacione që janë të vështira për t’u kuptuar apo pranuar, në lidhje me një armik të padukshëm që është bërë epiqendra e jetës sonë. Dua t’u them që të mos fokusohen te numrat, numrat janë numra që ndryshojnë përditë. Fokusin mbajeni te vetja dhe familja juaj. Nëse arrini të mbani të shëndetshëm veten dhe familjen tuaj, duke zbatuar këshillat e mjekëve dhe të Shëndetit Publik, ju e keni bërë 0 numrin e të infektuarve në shtëpinë tuaj. Sikur çdo familje e tërë pallatit të jetë kështu, e keni bërë 0 numrin e të infektuarve në pallat. Sikur tërë pallatet e lagjes ta kenë 0, atëherë tërë lagjja e mandej tërë qyteti e ka 0. Dhe kështu me radhë, tërë vendi e ka 0. Pra, mos u shqetësoni për numrat jashtë. Shqetësohuni vetëm për numrin brenda shtëpisë tuaj. Mbajeni 0 këtë numër dhe e keni kryer detyrën tuaj. Deri më 24 prill 2020, numri i njerëzve që janë testuar pozitivë në Kanada është 43 mijë e 551. Numri i vdekjeve nga COVID-19 është 2 mijë e 294. Të shëruarit janë afërsisht 15 mijë e 500. Këto shifra nuk janë të sakta, sepse shpesh do më tepër se 1-2 ditë derisa të vijë përgjigjja e rezultatit të testit, pra, me shumë gjasa përfaqësojnë numrin e rasteve pozitive disa ditë më parë. Duke ditur që testohen vetëm njerëz që përmbushin kriteret e vëna nga Shëndeti Publik, kuptohet që numri i njerëzve që janë të infektuar, është shumë më i madh se ky. Por ky numër është praktikisht i pamundur të përcaktohet. Prandaj, numri më i saktë ose më domethënës është numri i të shtruarve me COVID-19 dhe sidomos ata të shtruar në shërbimin intensiv. Ata numra janë solidë. Deri më tani në gjendje kritike nëpër spitale në Kanada janë 557 pacientë. Vdekshmëria për 1 milion banorë është 61.Cila është mosha mesatare e personave që kanë ndërruar jetë?Deri tani nuk kanë dalë të dhënat e detajuara demografike për fatalitetet në rang kombëtar, jam e sigurt që shumë shpejt do kemi në dorë të dhënat për grupmoshat dhe gjendjen shëndetësore premorbide të tyre. Në provincën e Ontarios, COVID19 tani ka hyrë në institucionet e të sëmurëve rëndë dhe kronikë, në ato që këtu quhen Long Term Care Homes. Ata janë institucione ku ndodhen të sëmurë kryesisht të moshave të mëdha, që, për shkak të problemeve të avancuara shëndetësore, kanë nevojë për kujdes 24 orë. Ata janë ndër më të brishtët e shoqërisë. Këta janë pacientët që po provojnë vdekshmërinë më të lartë tani prej koronavirusit. Në Ontario, në këto qendra, deri tani ka 2 mijë e 287 raste pozitive. Numri i të vdekurve në to është 573. Numri i personelit shëndetësor që punon në këto qendra, të konfirmuar me COVID-19, është 1 mijë e 089 dhe një prej tyre ka humbur jetën.A ka shqiptarë të infektuar?Patjetër që ka. Me kalimin e kohës do dalin dhe të dhënat e distiluara për grupet e ndryshme etnike dhe efektet e përkatësive të ndryshme gjenetike në sëmundshmëri e vdekshmëri.Si po menaxhohet kjo situatë, pra, cilat janë masat e marra nga autoritetet atje?Si kudo, ekonomia ka ndaluar, me përjashtim të shërbimeve esenciale. Kafenetë e restorantet janë mbyllur. Ato që janë hapur ofrojnë vetëm shitje vaktesh që klienti i merr me vete. Njerëzit janë në distancim të theksuar social. Ata që kanë testuar pozitivë ose dyshohen për COVID-19, menaxhohen në shtëpitë e tyre. Rastet e rënda shtrohen në spital. Individët dalin vetëm për gjëra esenciale, si blerja e ushqimeve dhe barnave. Bizneset esenciale janë detyruar me ligj që të zbatojnë në çdo moment distancën minimale prej 2 metër midis punonjësve të biznesit dhe klientëve të tyre. Gjobat janë 500 mijë dollarë për bizneset që nuk i zbatojnë, kurse për individët janë 1000-5000 dollarë. Hyrja në dyqane është e kontrolluar nga punonjës të posaçëm, që sigurohen që numri i njerëzve brenda dyqanit nuk kalon normën e lejuar nga shteti. Parqet e fëmijëve janë mbyllur, natyrisht shkollat dhe çerdhet kanë kohë që janë mbyllur. Kampingjet dhe asnjë lloj grumbullimi njerëzish nuk lejohen. Forcat e Policisë inspektojnë qytetin për zbatimin e rregullave. Gjithë infrastruktura e shëndetësisë, në komunitet dhe spitale, është vënë krejtësisht në shërbim të COVID, duke anuluar gjithë operacionet jourgjente, procedurat jourgjente dhe vizitat jourgjente për pacientët, të cilët po menaxhohen në mënyrë virtuale nga shtëpitë e tyre. Fatmirësisht, këto masa kanë dhënë efektin e tyre, duke u lënë mundësi spitaleve ta përballojnë shumë mirë situatën deri tani.Lidhur me trajtimin e të infektuarve, cilat janë medikamentet që po aplikohen?Në komunitet, të infektuarit nuk kanë nevojë për mjekime specifike. Si për çdo sëmundje virale, hidratimi, pushimi fizik dhe mendor, antipiretikët për uljen e temperaturës dhe vetizolimi efikas, janë standardi i trajtimit. Për sa u përket të sëmurëve në spitale, kuptohet që trajtimi kryesor i tyre është stabilizimi i parametrave vitalë me oksigjen, lëngje intravenoze dhe mjekime të ndryshme në këtë drejtim. E vërteta është që nuk ka kurë për COVID-19. Trajtimet që po përdoren tani nëpër spitale janë në nivel eksperimental dhe nuk kanë evidencë shkencore të nivelit të lartë që vërteton efikasitetin e tyre. Në spitale të ndryshme kanë vendosur protokolle trajtimi me kokteje të ndryshme medikamentesh, që nga antimalariket, antiviralet, antibiotikë si dhe mjekime të tjera që tentojnë të ulin përgjigjen imunitare ndaj virusit, e cila, në shumë raste, është ajo që shkakton shokun që pëson trupi me Covid. Këtu hyjnë mjekime shumë të shtrenjta, si inhibitorët e interleukinës 6 apo dhe mjekime pak të kushtueshme, si kortizoni. Shkenca e COVID-it është në evoluim e sipër. Çdo ditë mjekët nxjerrin konkluzione për mekanizma të veprimit të këtij virusi që nuk i dinin më parë. Ka teori për një mekanizëm që shkakton vaskulit dhe coagulopati vaskulare, tromboza, në gjuhën popullore, kështu që ka qendra spitalore që po eksperimentojnë me hollues gjaku. Në Kanada kanë nisur të grumbullojnë serum nga gjaku i të sëmurëve që e kanë kaluar COVID-19, për t’ua injektuar të sëmurëve rëndë. Përsëri, këto janë ende në nivel eksperimental dhe nuk dihet akoma se sa efektive dhe pa efekte anësore do jenë. Pra, mjekët, në tërë botën, po i përqasen trajtimit të këtij virusi nga drejtime të ndryshme, por deri tani nuk ka kurë. Shumë herë, mjekimet kanë efekte anësore të rënda, kështu që përzgjedhja e kandidatëve për trajtim bëhet me kujdes, në bazë të kritereve të institucionit. Për këtë arsye është shumë e rëndësishme që të ndiqet këshilla e mjekut specialist që ndjek rastin dhe jo lajmërimet bombastike që mund të dalin në televizion apo internet me pretendime për mjekime çudibërëse, nga njerëz që nuk kanë asnjë kualifikim për të bërë rekomandime mjekësore. Është shumë më e thjeshtë ta parandalosh këtë virus sesa ta mjekosh atë. Lufta e vërtetë e këtij virusi, fronti i parë i luftës, është në komunitet, në çdo shtëpi, te çdo individ. Spitali është fronti i fundit.Mendoni që me rritjen e temperaturave do të bjerë edhe virulenca e këtij virusi?Fakt është që ky virus është përhapur edhe në vende të nxehta apo edhe në hemisferën jugore. Prandaj mendoj që temperatura e lartë nuk do ndikojë në të.A ka të dhëna mbi ndikimin që mund të ketë vaksina e tuberkulozit?Studime të bëra vitet e fundit kanë treguar që vaksina e TB ka riprogramuar qelizat imunitare për të luftuar infeksione të tjera, veç TB. Dhe nën këtë presupozim, tani vonë, kanë nisur dhe studimet e eksperimentimet për të parë a ka efekt kjo vaksinë në luftën kundër virusit COVID-19. Natyrisht, do kohë derisa të studiohet efekti dhe të shihet a mund të ekstrapolohet rezultati i marrë në një kampion njerëzish, në popullatë të gjerë. Deri atëherë, masa mbrojtëse më e mirë është distancimi social, larja e shpeshtë dhe e gjatë e duarve, dhe veshja e maskave në publik.Çfarë do të këshillonit për të parandaluar infektimin me COVID-19?Ne tani e dimë që ngarkesa më e madhe virale është 2 ditë para se të fillojnë simptomat. Pra, ata që e shpërndajnë më shumë virusin janë njerëzit asimptomatikë. Ata thjesht me pikat e pështymës, duke folur, mund ta përhapin virusin në dyqan, në punë, në komunitet. Prandaj, këshilla ime është të vishni maska, qoftë dhe të bëra vetë, kur dilni jashtë, në dyqan a farmaci. Maska nuk mbron personin që e vesh atë, por mbron ata rreth tij, sepse ul numrin e pikave të pështymës që mbartin virusin, të cilat bien mbi çdo objekt që rrethon personin në një rreze prej 2 metrash. Maska e veshur mund të jetë e bërë vetë, me dy shtresa cope dhe mundësisht një shtresë filtri brenda, që mund të ndërrohet. Kur hiqet maska, nuk duhet kapur nga pjesë e përparme, por nga lidhëset mbrapa, në mënyrë që të mos kontaminohen duart. Maska të lahet në ujë të nxehtë me sapun ose mund të varet e të lihet në diell disa ditë. Larja e shpeshtë e duarve dhe evitimi i prekjes së fytyrës, janë gjëra kyçe. Dhe mos u takoni me asnjë njeri nëse nuk jetoni nën një çati me të. Gjëja tjetër që do këshilloja, është menaxhimi i stresit. Ajo që shkakton vdekjen, nuk është virusi, është përgjigjja jonë imunitare, që ka për qëllim të vrasë virusin, por në proces e sipër, vret dhe njeriun. Trupi ynë ka qeliza të specializuara për të luftuar infeksionet. Disa prej tyre duan 2 javë që të prodhojnë antitrupa specifike, për të luftuar me efikasitet dhe saktësi virusin. Por në shumë raste, përpara se të vijë dyjavëshi, trupi ynë mobilizon tërë arsenalin e vet mbrojtës, duke lëshuar një sasi të lartë molekulash të quajtura citokina, një fenomen që ne e quajmë stuhia e citokinave, të cilat ndezin një zinxhir reaksionesh inflamatore që në vrull e sipër shkatërron tërë organet. Pra, në vend që të vijë një snajper i saktë për të vrarë vetëm virusin, trupi dërgon një ushtri të tërë me napalm në dorë, që shkatërron çfarë gjen përpara. Stresi dhe mungesa e gjumit rrisin hormonet e stresit në trup. Ka studime që tregojnë që dhe një natë pa gjumë, ose me gjumë të fragmentuar, rrisin nivelin e interleukinave në gjak, të këtyre molekulave që marrin pjesë në zinxhirin e inflamacionit. Prandaj, ulja e nivelit të stresit dhe gjumi i rregullt do na ndihmojnë të qëndrojmë fizikisht e mendërisht të fortë gjatë kësaj periudhe. Meditimi, ushtrimet fizike, shokët e mirë, evitimi i lajmeve negative dhe fokusimi në gjërat pozitive të jetës, ulin stresin e përditshëm.Së fundmi, doktoreshë, çfarë rekomandoni për vetizolimin në shtëpi të njerëzve me simptoma të COVID-19?Vetizolimi, duke qenë i lehtë për njerëzit me disa dhoma në shtëpi, ku i sëmuri mund të rrijë në një dhomë vetëm e ku mund të ketë banjën e vet private, është shumë i vështirë për njerëzit që nuk e kanë atë mundësi dhe jetojnë shumë vetë në një ambient të vogël. Në shëndetësi, një ndër determinantët e sëmundshmërisë, është gjendja ekonomike e njeriut. Kështu, këshilla ime është për ata që nuk kanë mundësi të izolohen në një dhomë të tyren është që duhet ndarë dhoma me një çarçaf ose plastmase nga tavani në dysheme, në dy pjesë, njëra është pjesa ku rri i infektuari, tjetra është pjesa ku rrinë njerëzit e tjerë të shtëpisë. Dhe askush nuk hyn e del në zonën e infektuar. I infektuari të mbajë maskë ose një shall rreth gojës e hundës gjatë tërë kohës. Për banjën, të mbahet një shishe spërkatëse, ku të jenë përzierë një kupë solucion klorine, në 5 kupa ujë dhe të sprucohen gjithë sipërfaqet e tualetit, lavamanit, rubinetet, pasi i infektuari ta ketë përdorur atë. Rrobat e rrugicat, me të cilat ka qenë në kontakt i sëmuri, të mos shkunden. Rrobat të lahen në ujë të nxehtë me sapun dhe gjërat që nuk lahen të nxirren në diell. Rrezet ultraviolet e shkatërrojnë virusin. Virusin, pavarësisht se mund ta kesh marrë në duar a në rroba, nuk duhet pasur frikë. Virusi ka nevojë për ne. Ai nuk replikohet dot as në duart tona e as në rrobat tona. Virusi ka nevojë për mukozën e hundës e të gojës tonë e për konjunktivën e syve tanë. Po qe se nuk e transportojmë vetë atje, merr fund. Të dashur bashkatdhetarë dhe lexues, kjo periudhë do kalojë, herët a vonë. Eventualisht sanksionet do ngrihen dhe jeta do nisë normalitetin, pavarësisht se për një periudhë të gjatë normaliteti do jetë ndryshe nga ai që kemi njohur. Për një periudhë kohe nuk do japim dorën apo përqafojmë shokët e miqtë. Do i bëjmë pazaret apo transaksionet e përditshme në distanca 2 metër nga të tjerët. Do dalim jashtë me maska. Do t’i lajmë duart sikur të jemi kirurgë. Nuk do t’i bëjmë dasmat e vdekjet ashtu siç e kemi zakon. Por që të ngrihen sanksionet, duhet të demonstrojmë si bashkësi që jemi të përgjegjshëm dhe që e mbrojmë njëri-tjetrin si një trup i vetëm, duke ndjekur këshillat e Shëndetit Publik dhe të ekspertëve. Sa më shumë të përgjegjshëm të tregohemi, aq më shpejt do dalim nga kjo situatë. Ju uroj shëndet të plotë dhe forcë!",0.9997687937567425,0.0002312062432574857,real,likely_real,0.0002312062432574857,real,likely_real,0.0,0.0,False,False,False
word_char_tfidf,Word + Character TF-IDF,fake_1932,fake,unicode_nfc_from_nfd,Unicode i normalizuar,2376,"Flet mjekja shqiptare në Kanada: Si të trajtoni virusin në kushtet e shtëpisë. Në një intervistë dhënë për gazetën, doktoresha e vë theksin në masat parandaluese, siç janë distancimi social, mbajtja e maskave dhe larja e shpeshtë e duarve. “Është shumë më e thjeshtë ta parandalosh këtë virus sesa ta mjekosh atë. Lufta e vërtetë e këtij virusi, fronti i parë i luftës, është në komunitet, në çdo shtëpi, te çdo individ. Spitali është fronti i fundit”, shton doktoresha. Me rëndësi po ashtu është edhe menaxhimi i stresit dhe gjumi i rregullt. “Ajo që shkakton vdekjen, nuk është virusi, është përgjigjja jonë imunitare, që ka për qëllim të vrasë virusin, por në proces e sipër, vret dhe njeriun”, vë në dukje mjekja. Juliana Gorja, MD ÇFP, është mjeke që praktikon në Toronto, Kanada. Gorja ka mbaruar Fakultetin e Mjekësisë në Tiranë dhe specializim për Mjekësi Familje në Universitetin e Otava në Ontarion Veriore. Ajo ka ushtruar mjekësi për 15 vjet në Ontario dhe momentalisht punon në Toronto, ku u shërben mijëra pacientëve të klinikës së saj ambulatore komunitare.Doktoreshë, cila është situata aktuale në Kanada? Sa persona rezultojnë të infektuar nga COVID-19 dhe sa prej tyre kanë ndërruar jetë, duke mos arritur ta fitojnë këtë betejë?Në radhë të parë, doja të përshëndesja stafin dhe lexuesit tuaj. Dëshiroj t’u drejtohem gjithë lexuesve tuaj, të cilët gjatë kësaj periudhe të jashtëzakonshme, pa dyshim, janë të lodhur e të tejngopur me informacione që janë të vështira për t’u kuptuar apo pranuar, në lidhje me një armik të padukshëm që është bërë epiqendra e jetës sonë. Dua t’u them që të mos fokusohen te numrat, numrat janë numra që ndryshojnë përditë. Fokusin mbajeni te vetja dhe familja juaj. Nëse arrini të mbani të shëndetshëm veten dhe familjen tuaj, duke zbatuar këshillat e mjekëve dhe të Shëndetit Publik, ju e keni bërë 0 numrin e të infektuarve në shtëpinë tuaj. Sikur çdo familje e tërë pallatit të jetë kështu, e keni bërë 0 numrin e të infektuarve në pallat. Sikur tërë pallatet e lagjes ta kenë 0, atëherë tërë lagjja e mandej tërë qyteti e ka 0. Dhe kështu me radhë, tërë vendi e ka 0. Pra, mos u shqetësoni për numrat jashtë. Shqetësohuni vetëm për numrin brenda shtëpisë tuaj. Mbajeni 0 këtë numër dhe e keni kryer detyrën tuaj. Deri më 24 prill 2020, numri i njerëzve që janë testuar pozitivë në Kanada është 43 mijë e 551. Numri i vdekjeve nga COVID-19 është 2 mijë e 294. Të shëruarit janë afërsisht 15 mijë e 500. Këto shifra nuk janë të sakta, sepse shpesh do më tepër se 1-2 ditë derisa të vijë përgjigjja e rezultatit të testit, pra, me shumë gjasa përfaqësojnë numrin e rasteve pozitive disa ditë më parë. Duke ditur që testohen vetëm njerëz që përmbushin kriteret e vëna nga Shëndeti Publik, kuptohet që numri i njerëzve që janë të infektuar, është shumë më i madh se ky. Por ky numër është praktikisht i pamundur të përcaktohet. Prandaj, numri më i saktë ose më domethënës është numri i të shtruarve me COVID-19 dhe sidomos ata të shtruar në shërbimin intensiv. Ata numra janë solidë. Deri më tani në gjendje kritike nëpër spitale në Kanada janë 557 pacientë. Vdekshmëria për 1 milion banorë është 61.Cila është mosha mesatare e personave që kanë ndërruar jetë?Deri tani nuk kanë dalë të dhënat e detajuara demografike për fatalitetet në rang kombëtar, jam e sigurt që shumë shpejt do kemi në dorë të dhënat për grupmoshat dhe gjendjen shëndetësore premorbide të tyre. Në provincën e Ontarios, COVID19 tani ka hyrë në institucionet e të sëmurëve rëndë dhe kronikë, në ato që këtu quhen Long Term Care Homes. Ata janë institucione ku ndodhen të sëmurë kryesisht të moshave të mëdha, që, për shkak të problemeve të avancuara shëndetësore, kanë nevojë për kujdes 24 orë. Ata janë ndër më të brishtët e shoqërisë. Këta janë pacientët që po provojnë vdekshmërinë më të lartë tani prej koronavirusit. Në Ontario, në këto qendra, deri tani ka 2 mijë e 287 raste pozitive. Numri i të vdekurve në to është 573. Numri i personelit shëndetësor që punon në këto qendra, të konfirmuar me COVID-19, është 1 mijë e 089 dhe një prej tyre ka humbur jetën.A ka shqiptarë të infektuar?Patjetër që ka. Me kalimin e kohës do dalin dhe të dhënat e distiluara për grupet e ndryshme etnike dhe efektet e përkatësive të ndryshme gjenetike në sëmundshmëri e vdekshmëri.Si po menaxhohet kjo situatë, pra, cilat janë masat e marra nga autoritetet atje?Si kudo, ekonomia ka ndaluar, me përjashtim të shërbimeve esenciale. Kafenetë e restorantet janë mbyllur. Ato që janë hapur ofrojnë vetëm shitje vaktesh që klienti i merr me vete. Njerëzit janë në distancim të theksuar social. Ata që kanë testuar pozitivë ose dyshohen për COVID-19, menaxhohen në shtëpitë e tyre. Rastet e rënda shtrohen në spital. Individët dalin vetëm për gjëra esenciale, si blerja e ushqimeve dhe barnave. Bizneset esenciale janë detyruar me ligj që të zbatojnë në çdo moment distancën minimale prej 2 metër midis punonjësve të biznesit dhe klientëve të tyre. Gjobat janë 500 mijë dollarë për bizneset që nuk i zbatojnë, kurse për individët janë 1000-5000 dollarë. Hyrja në dyqane është e kontrolluar nga punonjës të posaçëm, që sigurohen që numri i njerëzve brenda dyqanit nuk kalon normën e lejuar nga shteti. Parqet e fëmijëve janë mbyllur, natyrisht shkollat dhe çerdhet kanë kohë që janë mbyllur. Kampingjet dhe asnjë lloj grumbullimi njerëzish nuk lejohen. Forcat e Policisë inspektojnë qytetin për zbatimin e rregullave. Gjithë infrastruktura e shëndetësisë, në komunitet dhe spitale, është vënë krejtësisht në shërbim të COVID, duke anuluar gjithë operacionet jourgjente, procedurat jourgjente dhe vizitat jourgjente për pacientët, të cilët po menaxhohen në mënyrë virtuale nga shtëpitë e tyre. Fatmirësisht, këto masa kanë dhënë efektin e tyre, duke u lënë mundësi spitaleve ta përballojnë shumë mirë situatën deri tani.Lidhur me trajtimin e të infektuarve, cilat janë medikamentet që po aplikohen?Në komunitet, të infektuarit nuk kanë nevojë për mjekime specifike. Si për çdo sëmundje virale, hidratimi, pushimi fizik dhe mendor, antipiretikët për uljen e temperaturës dhe vetizolimi efikas, janë standardi i trajtimit. Për sa u përket të sëmurëve në spitale, kuptohet që trajtimi kryesor i tyre është stabilizimi i parametrave vitalë me oksigjen, lëngje intravenoze dhe mjekime të ndryshme në këtë drejtim. E vërteta është që nuk ka kurë për COVID-19. Trajtimet që po përdoren tani nëpër spitale janë në nivel eksperimental dhe nuk kanë evidencë shkencore të nivelit të lartë që vërteton efikasitetin e tyre. Në spitale të ndryshme kanë vendosur protokolle trajtimi me kokteje të ndryshme medikamentesh, që nga antimalariket, antiviralet, antibiotikë si dhe mjekime të tjera që tentojnë të ulin përgjigjen imunitare ndaj virusit, e cila, në shumë raste, është ajo që shkakton shokun që pëson trupi me Covid. Këtu hyjnë mjekime shumë të shtrenjta, si inhibitorët e interleukinës 6 apo dhe mjekime pak të kushtueshme, si kortizoni. Shkenca e COVID-it është në evoluim e sipër. Çdo ditë mjekët nxjerrin konkluzione për mekanizma të veprimit të këtij virusi që nuk i dinin më parë. Ka teori për një mekanizëm që shkakton vaskulit dhe coagulopati vaskulare, tromboza, në gjuhën popullore, kështu që ka qendra spitalore që po eksperimentojnë me hollues gjaku. Në Kanada kanë nisur të grumbullojnë serum nga gjaku i të sëmurëve që e kanë kaluar COVID-19, për t’ua injektuar të sëmurëve rëndë. Përsëri, këto janë ende në nivel eksperimental dhe nuk dihet akoma se sa efektive dhe pa efekte anësore do jenë. Pra, mjekët, në tërë botën, po i përqasen trajtimit të këtij virusi nga drejtime të ndryshme, por deri tani nuk ka kurë. Shumë herë, mjekimet kanë efekte anësore të rënda, kështu që përzgjedhja e kandidatëve për trajtim bëhet me kujdes, në bazë të kritereve të institucionit. Për këtë arsye është shumë e rëndësishme që të ndiqet këshilla e mjekut specialist që ndjek rastin dhe jo lajmërimet bombastike që mund të dalin në televizion apo internet me pretendime për mjekime çudibërëse, nga njerëz që nuk kanë asnjë kualifikim për të bërë rekomandime mjekësore. Është shumë më e thjeshtë ta parandalosh këtë virus sesa ta mjekosh atë. Lufta e vërtetë e këtij virusi, fronti i parë i luftës, është në komunitet, në çdo shtëpi, te çdo individ. Spitali është fronti i fundit.Mendoni që me rritjen e temperaturave do të bjerë edhe virulenca e këtij virusi?Fakt është që ky virus është përhapur edhe në vende të nxehta apo edhe në hemisferën jugore. Prandaj mendoj që temperatura e lartë nuk do ndikojë në të.A ka të dhëna mbi ndikimin që mund të ketë vaksina e tuberkulozit?Studime të bëra vitet e fundit kanë treguar që vaksina e TB ka riprogramuar qelizat imunitare për të luftuar infeksione të tjera, veç TB. Dhe nën këtë presupozim, tani vonë, kanë nisur dhe studimet e eksperimentimet për të parë a ka efekt kjo vaksinë në luftën kundër virusit COVID-19. Natyrisht, do kohë derisa të studiohet efekti dhe të shihet a mund të ekstrapolohet rezultati i marrë në një kampion njerëzish, në popullatë të gjerë. Deri atëherë, masa mbrojtëse më e mirë është distancimi social, larja e shpeshtë dhe e gjatë e duarve, dhe veshja e maskave në publik.Çfarë do të këshillonit për të parandaluar infektimin me COVID-19?Ne tani e dimë që ngarkesa më e madhe virale është 2 ditë para se të fillojnë simptomat. Pra, ata që e shpërndajnë më shumë virusin janë njerëzit asimptomatikë. Ata thjesht me pikat e pështymës, duke folur, mund ta përhapin virusin në dyqan, në punë, në komunitet. Prandaj, këshilla ime është të vishni maska, qoftë dhe të bëra vetë, kur dilni jashtë, në dyqan a farmaci. Maska nuk mbron personin që e vesh atë, por mbron ata rreth tij, sepse ul numrin e pikave të pështymës që mbartin virusin, të cilat bien mbi çdo objekt që rrethon personin në një rreze prej 2 metrash. Maska e veshur mund të jetë e bërë vetë, me dy shtresa cope dhe mundësisht një shtresë filtri brenda, që mund të ndërrohet. Kur hiqet maska, nuk duhet kapur nga pjesë e përparme, por nga lidhëset mbrapa, në mënyrë që të mos kontaminohen duart. Maska të lahet në ujë të nxehtë me sapun ose mund të varet e të lihet në diell disa ditë. Larja e shpeshtë e duarve dhe evitimi i prekjes së fytyrës, janë gjëra kyçe. Dhe mos u takoni me asnjë njeri nëse nuk jetoni nën një çati me të. Gjëja tjetër që do këshilloja, është menaxhimi i stresit. Ajo që shkakton vdekjen, nuk është virusi, është përgjigjja jonë imunitare, që ka për qëllim të vrasë virusin, por në proces e sipër, vret dhe njeriun. Trupi ynë ka qeliza të specializuara për të luftuar infeksionet. Disa prej tyre duan 2 javë që të prodhojnë antitrupa specifike, për të luftuar me efikasitet dhe saktësi virusin. Por në shumë raste, përpara se të vijë dyjavëshi, trupi ynë mobilizon tërë arsenalin e vet mbrojtës, duke lëshuar një sasi të lartë molekulash të quajtura citokina, një fenomen që ne e quajmë stuhia e citokinave, të cilat ndezin një zinxhir reaksionesh inflamatore që në vrull e sipër shkatërron tërë organet. Pra, në vend që të vijë një snajper i saktë për të vrarë vetëm virusin, trupi dërgon një ushtri të tërë me napalm në dorë, që shkatërron çfarë gjen përpara. Stresi dhe mungesa e gjumit rrisin hormonet e stresit në trup. Ka studime që tregojnë që dhe një natë pa gjumë, ose me gjumë të fragmentuar, rrisin nivelin e interleukinave në gjak, të këtyre molekulave që marrin pjesë në zinxhirin e inflamacionit. Prandaj, ulja e nivelit të stresit dhe gjumi i rregullt do na ndihmojnë të qëndrojmë fizikisht e mendërisht të fortë gjatë kësaj periudhe. Meditimi, ushtrimet fizike, shokët e mirë, evitimi i lajmeve negative dhe fokusimi në gjërat pozitive të jetës, ulin stresin e përditshëm.Së fundmi, doktoreshë, çfarë rekomandoni për vetizolimin në shtëpi të njerëzve me simptoma të COVID-19?Vetizolimi, duke qenë i lehtë për njerëzit me disa dhoma në shtëpi, ku i sëmuri mund të rrijë në një dhomë vetëm e ku mund të ketë banjën e vet private, është shumë i vështirë për njerëzit që nuk e kanë atë mundësi dhe jetojnë shumë vetë në një ambient të vogël. Në shëndetësi, një ndër determinantët e sëmundshmërisë, është gjendja ekonomike e njeriut. Kështu, këshilla ime është për ata që nuk kanë mundësi të izolohen në një dhomë të tyren është që duhet ndarë dhoma me një çarçaf ose plastmase nga tavani në dysheme, në dy pjesë, njëra është pjesa ku rri i infektuari, tjetra është pjesa ku rrinë njerëzit e tjerë të shtëpisë. Dhe askush nuk hyn e del në zonën e infektuar. I infektuari të mbajë maskë ose një shall rreth gojës e hundës gjatë tërë kohës. Për banjën, të mbahet një shishe spërkatëse, ku të jenë përzierë një kupë solucion klorine, në 5 kupa ujë dhe të sprucohen gjithë sipërfaqet e tualetit, lavamanit, rubinetet, pasi i infektuari ta ketë përdorur atë. Rrobat e rrugicat, me të cilat ka qenë në kontakt i sëmuri, të mos shkunden. Rrobat të lahen në ujë të nxehtë me sapun dhe gjërat që nuk lahen të nxirren në diell. Rrezet ultraviolet e shkatërrojnë virusin. Virusin, pavarësisht se mund ta kesh marrë në duar a në rroba, nuk duhet pasur frikë. Virusi ka nevojë për ne. Ai nuk replikohet dot as në duart tona e as në rrobat tona. Virusi ka nevojë për mukozën e hundës e të gojës tonë e për konjunktivën e syve tanë. Po qe se nuk e transportojmë vetë atje, merr fund. Të dashur bashkatdhetarë dhe lexues, kjo periudhë do kalojë, herët a vonë. Eventualisht sanksionet do ngrihen dhe jeta do nisë normalitetin, pavarësisht se për një periudhë të gjatë normaliteti do jetë ndryshe nga ai që kemi njohur. Për një periudhë kohe nuk do japim dorën apo përqafojmë shokët e miqtë. Do i bëjmë pazaret apo transaksionet e përditshme në distanca 2 metër nga të tjerët. Do dalim jashtë me maska. Do t’i lajmë duart sikur të jemi kirurgë. Nuk do t’i bëjmë dasmat e vdekjet ashtu siç e kemi zakon. Por që të ngrihen sanksionet, duhet të demonstrojmë si bashkësi që jemi të përgjegjshëm dhe që e mbrojmë njëri-tjetrin si një trup i vetëm, duke ndjekur këshillat e Shëndetit Publik dhe të ekspertëve. Sa më shumë të përgjegjshëm të tregohemi, aq më shpejt do dalim nga kjo situatë. Ju uroj shëndet të plotë dhe forcë!",0.9998753473621207,0.00012465263787926712,real,likely_real,0.00012465263787926712,real,likely_real,0.0,0.0,False,False,False
word_tfidf,Word TF-IDF,fake_33,fake,full,Teksti i plotë,213,"Njihuni Me Shqiptarën E Parë Që U Bë Milionere Me Bitcoin (FOTO). Një shqiptare duket se u bë milionere me investimet e saj në kriptovaluta.Kështu, të paktën, bëhet e ditur me anë të një postimi në Facebook nga Valbona Pacolli.“Urime princesha ime, jam shumë krenare që e arrite sot këtë sukses.Përveç babit, tani na u bëre edhe ti milionere”, shkruan në një profil në Facebook me emrin Valbona Pacolli, në një postim publik.Në këtë rast, Valbona i referohet një vajze me emrin Linda Pacolli.Madje, në një koment, Valbona jep detaje për investimet e vajzës.“Ne keto caste po me kujtohet kur ka investuar Linda ne vitin 2013, 1 BTC 11€ ka qene (sot eshte aty pran 8000€) dhe une edhe pse si nje intelektuale, prap nuk kisha degjuar per valutat virtuale ne ate kohe asgje dhe kur me tregoj vajza qe te gjitha parat e dhuruara gjate vitit te ri i ka investuar se bashku me babin e saj ne BTC, shume jam ankuar por sot kam ndryshuar mendim dhe i kerkoj falje vajzes time publikishte sepse eshte treguar me e zgjuar se une ne kete rast prandaj krenohem me princeshen time”, shkruan ajo në koment.Në fotografinë e publikuar shihet teksa vlera e kriptovalutave që posedon ajo ka kaluar 1 milionë dollarë.",0.28937353580321423,0.7106264641967858,fake,likely_fake,0.7106264641967858,fake,likely_fake,0.0,0.0,False,False,True
char_tfidf,Character TF-IDF,fake_33,fake,full,Teksti i plotë,213,"Njihuni Me Shqiptarën E Parë Që U Bë Milionere Me Bitcoin (FOTO). Një shqiptare duket se u bë milionere me investimet e saj në kriptovaluta.Kështu, të paktën, bëhet e ditur me anë të një postimi në Facebook nga Valbona Pacolli.“Urime princesha ime, jam shumë krenare që e arrite sot këtë sukses.Përveç babit, tani na u bëre edhe ti milionere”, shkruan në një profil në Facebook me emrin Valbona Pacolli, në një postim publik.Në këtë rast, Valbona i referohet një vajze me emrin Linda Pacolli.Madje, në një koment, Valbona jep detaje për investimet e vajzës.“Ne keto caste po me kujtohet kur ka investuar Linda ne vitin 2013, 1 BTC 11€ ka qene (sot eshte aty pran 8000€) dhe une edhe pse si nje intelektuale, prap nuk kisha degjuar per valutat virtuale ne ate kohe asgje dhe kur me tregoj vajza qe te gjitha parat e dhuruara gjate vitit te ri i ka investuar se bashku me babin e saj ne BTC, shume jam ankuar por sot kam ndryshuar mendim dhe i kerkoj falje vajzes time publikishte sepse eshte treguar me e zgjuar se une ne kete rast prandaj krenohem me princeshen time”, shkruan ajo në koment.Në fotografinë e publikuar shihet teksa vlera e kriptovalutave që posedon ajo ka kaluar 1 milionë dollarë.",0.5628428686785119,0.4371571313214881,real,uncertain,0.4371571313214881,real,uncertain,0.0,0.0,False,False,False
word_char_tfidf,Word + Character TF-IDF,fake_33,fake,full,Teksti i plotë,213,"Njihuni Me Shqiptarën E Parë Që U Bë Milionere Me Bitcoin (FOTO). Një shqiptare duket se u bë milionere me investimet e saj në kriptovaluta.Kështu, të paktën, bëhet e ditur me anë të një postimi në Facebook nga Valbona Pacolli.“Urime princesha ime, jam shumë krenare që e arrite sot këtë sukses.Përveç babit, tani na u bëre edhe ti milionere”, shkruan në një profil në Facebook me emrin Valbona Pacolli, në një postim publik.Në këtë rast, Valbona i referohet një vajze me emrin Linda Pacolli.Madje, në një koment, Valbona jep detaje për investimet e vajzës.“Ne keto caste po me kujtohet kur ka investuar Linda ne vitin 2013, 1 BTC 11€ ka qene (sot eshte aty pran 8000€) dhe une edhe pse si nje intelektuale, prap nuk kisha degjuar per valutat virtuale ne ate kohe asgje dhe kur me tregoj vajza qe te gjitha parat e dhuruara gjate vitit te ri i ka investuar se bashku me babin e saj ne BTC, shume jam ankuar por sot kam ndryshuar mendim dhe i kerkoj falje vajzes time publikishte sepse eshte treguar me e zgjuar se une ne kete rast prandaj krenohem me princeshen time”, shkruan ajo në koment.Në fotografinë e publikuar shihet teksa vlera e kriptovalutave që posedon ajo ka kaluar 1 milionë dollarë.",0.440613233789774,0.559386766210226,fake,uncertain,0.559386766210226,fake,uncertain,0.0,0.0,False,False,True
word_tfidf,Word TF-IDF,fake_33,fake,short_46_words,Rreth 46 fjalë,46,"Njihuni Me Shqiptarën E Parë Që U Bë Milionere Me Bitcoin (FOTO). Një shqiptare duket se u bë milionere me investimet e saj në kriptovaluta.Kështu, të paktën, bëhet e ditur me anë të një postimi në Facebook nga Valbona Pacolli.“Urime princesha ime, jam shumë",0.13507475519746215,0.8649252448025379,fake,likely_fake,0.7106264641967858,fake,likely_fake,0.15429878060575208,0.15429878060575208,False,False,True
char_tfidf,Character TF-IDF,fake_33,fake,short_46_words,Rreth 46 fjalë,46,"Njihuni Me Shqiptarën E Parë Që U Bë Milionere Me Bitcoin (FOTO). Një shqiptare duket se u bë milionere me investimet e saj në kriptovaluta.Kështu, të paktën, bëhet e ditur me anë të një postimi në Facebook nga Valbona Pacolli.“Urime princesha ime, jam shumë",0.0875268393630877,0.9124731606369123,fake,likely_fake,0.4371571313214881,real,uncertain,0.4753160293154242,0.4753160293154242,True,True,True
word_char_tfidf,Word + Character TF-IDF,fake_33,fake,short_46_words,Rreth 46 fjalë,46,"Njihuni Me Shqiptarën E Parë Që U Bë Milionere Me Bitcoin (FOTO). Një shqiptare duket se u bë milionere me investimet e saj në kriptovaluta.Kështu, të paktën, bëhet e ditur me anë të një postimi në Facebook nga Valbona Pacolli.“Urime princesha ime, jam shumë",0.07617015871585742,0.9238298412841426,fake,likely_fake,0.559386766210226,fake,uncertain,0.3644430750739166,0.3644430750739166,False,True,True
word_tfidf,Word TF-IDF,fake_33,fake,title_only,Vetëm titulli,12,Njihuni Me Shqiptarën E Parë Që U Bë Milionere Me Bitcoin (FOTO),0.0067962527399781925,0.9932037472600218,fake,likely_fake,0.7106264641967858,fake,likely_fake,0.28257728306323604,0.28257728306323604,False,False,True
char_tfidf,Character TF-IDF,fake_33,fake,title_only,Vetëm titulli,12,Njihuni Me Shqiptarën E Parë Që U Bë Milionere Me Bitcoin (FOTO),0.004410043879983339,0.9955899561200167,fake,likely_fake,0.4371571313214881,real,uncertain,0.5584328247985286,0.5584328247985286,True,True,True
word_char_tfidf,Word + Character TF-IDF,fake_33,fake,title_only,Vetëm titulli,12,Njihuni Me Shqiptarën E Parë Që U Bë Milionere Me Bitcoin (FOTO),0.0029572459096837145,0.9970427540903163,fake,likely_fake,0.559386766210226,fake,uncertain,0.4376559878800903,0.4376559878800903,False,True,True
word_tfidf,Word TF-IDF,fake_33,fake,without_albanian_diacritics,Pa ë/ç,213,"Njihuni Me Shqiptaren E Pare Qe U Be Milionere Me Bitcoin (FOTO). Nje shqiptare duket se u be milionere me investimet e saj ne kriptovaluta.Keshtu, te pakten, behet e ditur me ane te nje postimi ne Facebook nga Valbona Pacolli.“Urime princesha ime, jam shume krenare qe e arrite sot kete sukses.Pervec babit, tani na u bere edhe ti milionere”, shkruan ne nje profil ne Facebook me emrin Valbona Pacolli, ne nje postim publik.Ne kete rast, Valbona i referohet nje vajze me emrin Linda Pacolli.Madje, ne nje koment, Valbona jep detaje per investimet e vajzes.“Ne keto caste po me kujtohet kur ka investuar Linda ne vitin 2013, 1 BTC 11€ ka qene (sot eshte aty pran 8000€) dhe une edhe pse si nje intelektuale, prap nuk kisha degjuar per valutat virtuale ne ate kohe asgje dhe kur me tregoj vajza qe te gjitha parat e dhuruara gjate vitit te ri i ka investuar se bashku me babin e saj ne BTC, shume jam ankuar por sot kam ndryshuar mendim dhe i kerkoj falje vajzes time publikishte sepse eshte treguar me e zgjuar se une ne kete rast prandaj krenohem me princeshen time”, shkruan ajo ne koment.Ne fotografine e publikuar shihet teksa vlera e kriptovalutave qe posedon ajo ka kaluar 1 milione dollare.",0.02320722186284241,0.9767927781371576,fake,likely_fake,0.7106264641967858,fake,likely_fake,0.2661663139403718,0.2661663139403718,False,False,True
char_tfidf,Character TF-IDF,fake_33,fake,without_albanian_diacritics,Pa ë/ç,213,"Njihuni Me Shqiptaren E Pare Qe U Be Milionere Me Bitcoin (FOTO). Nje shqiptare duket se u be milionere me investimet e saj ne kriptovaluta.Keshtu, te pakten, behet e ditur me ane te nje postimi ne Facebook nga Valbona Pacolli.“Urime princesha ime, jam shume krenare qe e arrite sot kete sukses.Pervec babit, tani na u bere edhe ti milionere”, shkruan ne nje profil ne Facebook me emrin Valbona Pacolli, ne nje postim publik.Ne kete rast, Valbona i referohet nje vajze me emrin Linda Pacolli.Madje, ne nje koment, Valbona jep detaje per investimet e vajzes.“Ne keto caste po me kujtohet kur ka investuar Linda ne vitin 2013, 1 BTC 11€ ka qene (sot eshte aty pran 8000€) dhe une edhe pse si nje intelektuale, prap nuk kisha degjuar per valutat virtuale ne ate kohe asgje dhe kur me tregoj vajza qe te gjitha parat e dhuruara gjate vitit te ri i ka investuar se bashku me babin e saj ne BTC, shume jam ankuar por sot kam ndryshuar mendim dhe i kerkoj falje vajzes time publikishte sepse eshte treguar me e zgjuar se une ne kete rast prandaj krenohem me princeshen time”, shkruan ajo ne koment.Ne fotografine e publikuar shihet teksa vlera e kriptovalutave qe posedon ajo ka kaluar 1 milione dollare.",0.10880243852911198,0.891197561470888,fake,likely_fake,0.4371571313214881,real,uncertain,0.45404043014939993,0.45404043014939993,True,True,True
word_char_tfidf,Word + Character TF-IDF,fake_33,fake,without_albanian_diacritics,Pa ë/ç,213,"Njihuni Me Shqiptaren E Pare Qe U Be Milionere Me Bitcoin (FOTO). Nje shqiptare duket se u be milionere me investimet e saj ne kriptovaluta.Keshtu, te pakten, behet e ditur me ane te nje postimi ne Facebook nga Valbona Pacolli.“Urime princesha ime, jam shume krenare qe e arrite sot kete sukses.Pervec babit, tani na u bere edhe ti milionere”, shkruan ne nje profil ne Facebook me emrin Valbona Pacolli, ne nje postim publik.Ne kete rast, Valbona i referohet nje vajze me emrin Linda Pacolli.Madje, ne nje koment, Valbona jep detaje per investimet e vajzes.“Ne keto caste po me kujtohet kur ka investuar Linda ne vitin 2013, 1 BTC 11€ ka qene (sot eshte aty pran 8000€) dhe une edhe pse si nje intelektuale, prap nuk kisha degjuar per valutat virtuale ne ate kohe asgje dhe kur me tregoj vajza qe te gjitha parat e dhuruara gjate vitit te ri i ka investuar se bashku me babin e saj ne BTC, shume jam ankuar por sot kam ndryshuar mendim dhe i kerkoj falje vajzes time publikishte sepse eshte treguar me e zgjuar se une ne kete rast prandaj krenohem me princeshen time”, shkruan ajo ne koment.Ne fotografine e publikuar shihet teksa vlera e kriptovalutave qe posedon ajo ka kaluar 1 milione dollare.",0.048410359553089144,0.9515896404469109,fake,likely_fake,0.559386766210226,fake,uncertain,0.3922028742366849,0.3922028742366849,False,True,True
word_tfidf,Word TF-IDF,fake_33,fake,unicode_nfc_from_nfd,Unicode i normalizuar,213,"Njihuni Me Shqiptarën E Parë Që U Bë Milionere Me Bitcoin (FOTO). Një shqiptare duket se u bë milionere me investimet e saj në kriptovaluta.Kështu, të paktën, bëhet e ditur me anë të një postimi në Facebook nga Valbona Pacolli.“Urime princesha ime, jam shumë krenare që e arrite sot këtë sukses.Përveç babit, tani na u bëre edhe ti milionere”, shkruan në një profil në Facebook me emrin Valbona Pacolli, në një postim publik.Në këtë rast, Valbona i referohet një vajze me emrin Linda Pacolli.Madje, në një koment, Valbona jep detaje për investimet e vajzës.“Ne keto caste po me kujtohet kur ka investuar Linda ne vitin 2013, 1 BTC 11€ ka qene (sot eshte aty pran 8000€) dhe une edhe pse si nje intelektuale, prap nuk kisha degjuar per valutat virtuale ne ate kohe asgje dhe kur me tregoj vajza qe te gjitha parat e dhuruara gjate vitit te ri i ka investuar se bashku me babin e saj ne BTC, shume jam ankuar por sot kam ndryshuar mendim dhe i kerkoj falje vajzes time publikishte sepse eshte treguar me e zgjuar se une ne kete rast prandaj krenohem me princeshen time”, shkruan ajo në koment.Në fotografinë e publikuar shihet teksa vlera e kriptovalutave që posedon ajo ka kaluar 1 milionë dollarë.",0.28937353580321423,0.7106264641967858,fake,likely_fake,0.7106264641967858,fake,likely_fake,0.0,0.0,False,False,True
char_tfidf,Character TF-IDF,fake_33,fake,unicode_nfc_from_nfd,Unicode i normalizuar,213,"Njihuni Me Shqiptarën E Parë Që U Bë Milionere Me Bitcoin (FOTO). Një shqiptare duket se u bë milionere me investimet e saj në kriptovaluta.Kështu, të paktën, bëhet e ditur me anë të një postimi në Facebook nga Valbona Pacolli.“Urime princesha ime, jam shumë krenare që e arrite sot këtë sukses.Përveç babit, tani na u bëre edhe ti milionere”, shkruan në një profil në Facebook me emrin Valbona Pacolli, në një postim publik.Në këtë rast, Valbona i referohet një vajze me emrin Linda Pacolli.Madje, në një koment, Valbona jep detaje për investimet e vajzës.“Ne keto caste po me kujtohet kur ka investuar Linda ne vitin 2013, 1 BTC 11€ ka qene (sot eshte aty pran 8000€) dhe une edhe pse si nje intelektuale, prap nuk kisha degjuar per valutat virtuale ne ate kohe asgje dhe kur me tregoj vajza qe te gjitha parat e dhuruara gjate vitit te ri i ka investuar se bashku me babin e saj ne BTC, shume jam ankuar por sot kam ndryshuar mendim dhe i kerkoj falje vajzes time publikishte sepse eshte treguar me e zgjuar se une ne kete rast prandaj krenohem me princeshen time”, shkruan ajo në koment.Në fotografinë e publikuar shihet teksa vlera e kriptovalutave që posedon ajo ka kaluar 1 milionë dollarë.",0.5628428686785119,0.4371571313214881,real,uncertain,0.4371571313214881,real,uncertain,0.0,0.0,False,False,False
word_char_tfidf,Word + Character TF-IDF,fake_33,fake,unicode_nfc_from_nfd,Unicode i normalizuar,213,"Njihuni Me Shqiptarën E Parë Që U Bë Milionere Me Bitcoin (FOTO). Një shqiptare duket se u bë milionere me investimet e saj në kriptovaluta.Kështu, të paktën, bëhet e ditur me anë të një postimi në Facebook nga Valbona Pacolli.“Urime princesha ime, jam shumë krenare që e arrite sot këtë sukses.Përveç babit, tani na u bëre edhe ti milionere”, shkruan në një profil në Facebook me emrin Valbona Pacolli, në një postim publik.Në këtë rast, Valbona i referohet një vajze me emrin Linda Pacolli.Madje, në një koment, Valbona jep detaje për investimet e vajzës.“Ne keto caste po me kujtohet kur ka investuar Linda ne vitin 2013, 1 BTC 11€ ka qene (sot eshte aty pran 8000€) dhe une edhe pse si nje intelektuale, prap nuk kisha degjuar per valutat virtuale ne ate kohe asgje dhe kur me tregoj vajza qe te gjitha parat e dhuruara gjate vitit te ri i ka investuar se bashku me babin e saj ne BTC, shume jam ankuar por sot kam ndryshuar mendim dhe i kerkoj falje vajzes time publikishte sepse eshte treguar me e zgjuar se une ne kete rast prandaj krenohem me princeshen time”, shkruan ajo në koment.Në fotografinë e publikuar shihet teksa vlera e kriptovalutave që posedon ajo ka kaluar 1 milionë dollarë.",0.440613233789774,0.559386766210226,fake,uncertain,0.559386766210226,fake,uncertain,0.0,0.0,False,False,True
word_tfidf,Word TF-IDF,true_176,real,full,Teksti i plotë,224,"Ministri Reçica viziton OVL-në, të lejohet përfitimi i pensioneve. Ministri i Punës dhe Mirëqenies, Skender Reçica, sot ka vizituar Organizatën e Veteranëve të Luftës së UÇK-së.Reçica është takuar me kryetarin e organizatës, Hysni Gucati, ku kanë diskutuar për gjendjen e veteranëve në këtë situatë pandemike, shkruan “Bota Sot”.Ministri dhe Gucati kanë biseduar edhe për nisma të ndryshme, për mundësinë që të gjithë veteranët të punojnë në sektore private, si dhe lejimin e përfitimit të pensioneve meritore për familjes e dëshmorve dhe invalidëve të luftës.Postimi i plotë:Si çdo herë, edhe sot u ndjeva krenar gjatë vizitës që i bëra Organizatës së Veteranëve të Luftës së Ushtrisë Çlirimtare të Kosovës. Bashkë me kryetarin e kësaj organizate të respektuar, z. Hysni Gucati diskutuam për gjendjen e veteranëve në ketë situatë të vështirë pandemike dhe tema tjera me interes të përbashkët.Kryetarin Gucati e njoftova dhe mora mbështetjen e plotë të tij për nismat tona lidhur me ndryshimet e nevojshme ligjore që ua mundëson të gjithë veteranëve të luftës së UÇK-së të drejtën për të punuar ne sektorin privat, si dhe për lejimin e përfitimit edhe të pensioneve meritor për familjet e dëshmorëve dhe invalidët e luftës.Me kryetarin Gucati u dakorduam dhe u dhashë mbështetje që të gjitha hallet dhe kërkesat e tyre do realizohen konform mundësive tona buxhetore dhe legjislacionit në fuqi.",0.9256319985855134,0.07436800141448663,real,likely_real,0.07436800141448663,real,likely_real,0.0,0.0,False,False,True
char_tfidf,Character TF-IDF,true_176,real,full,Teksti i plotë,224,"Ministri Reçica viziton OVL-në, të lejohet përfitimi i pensioneve. Ministri i Punës dhe Mirëqenies, Skender Reçica, sot ka vizituar Organizatën e Veteranëve të Luftës së UÇK-së.Reçica është takuar me kryetarin e organizatës, Hysni Gucati, ku kanë diskutuar për gjendjen e veteranëve në këtë situatë pandemike, shkruan “Bota Sot”.Ministri dhe Gucati kanë biseduar edhe për nisma të ndryshme, për mundësinë që të gjithë veteranët të punojnë në sektore private, si dhe lejimin e përfitimit të pensioneve meritore për familjes e dëshmorve dhe invalidëve të luftës.Postimi i plotë:Si çdo herë, edhe sot u ndjeva krenar gjatë vizitës që i bëra Organizatës së Veteranëve të Luftës së Ushtrisë Çlirimtare të Kosovës. Bashkë me kryetarin e kësaj organizate të respektuar, z. Hysni Gucati diskutuam për gjendjen e veteranëve në ketë situatë të vështirë pandemike dhe tema tjera me interes të përbashkët.Kryetarin Gucati e njoftova dhe mora mbështetjen e plotë të tij për nismat tona lidhur me ndryshimet e nevojshme ligjore që ua mundëson të gjithë veteranëve të luftës së UÇK-së të drejtën për të punuar ne sektorin privat, si dhe për lejimin e përfitimit edhe të pensioneve meritor për familjet e dëshmorëve dhe invalidët e luftës.Me kryetarin Gucati u dakorduam dhe u dhashë mbështetje që të gjitha hallet dhe kërkesat e tyre do realizohen konform mundësive tona buxhetore dhe legjislacionit në fuqi.",0.9533947382232434,0.04660526177675657,real,likely_real,0.04660526177675657,real,likely_real,0.0,0.0,False,False,True
word_char_tfidf,Word + Character TF-IDF,true_176,real,full,Teksti i plotë,224,"Ministri Reçica viziton OVL-në, të lejohet përfitimi i pensioneve. Ministri i Punës dhe Mirëqenies, Skender Reçica, sot ka vizituar Organizatën e Veteranëve të Luftës së UÇK-së.Reçica është takuar me kryetarin e organizatës, Hysni Gucati, ku kanë diskutuar për gjendjen e veteranëve në këtë situatë pandemike, shkruan “Bota Sot”.Ministri dhe Gucati kanë biseduar edhe për nisma të ndryshme, për mundësinë që të gjithë veteranët të punojnë në sektore private, si dhe lejimin e përfitimit të pensioneve meritore për familjes e dëshmorve dhe invalidëve të luftës.Postimi i plotë:Si çdo herë, edhe sot u ndjeva krenar gjatë vizitës që i bëra Organizatës së Veteranëve të Luftës së Ushtrisë Çlirimtare të Kosovës. Bashkë me kryetarin e kësaj organizate të respektuar, z. Hysni Gucati diskutuam për gjendjen e veteranëve në ketë situatë të vështirë pandemike dhe tema tjera me interes të përbashkët.Kryetarin Gucati e njoftova dhe mora mbështetjen e plotë të tij për nismat tona lidhur me ndryshimet e nevojshme ligjore që ua mundëson të gjithë veteranëve të luftës së UÇK-së të drejtën për të punuar ne sektorin privat, si dhe për lejimin e përfitimit edhe të pensioneve meritor për familjet e dëshmorëve dhe invalidët e luftës.Me kryetarin Gucati u dakorduam dhe u dhashë mbështetje që të gjitha hallet dhe kërkesat e tyre do realizohen konform mundësive tona buxhetore dhe legjislacionit në fuqi.",0.9582331476512616,0.04176685234873848,real,likely_real,0.04176685234873848,real,likely_real,0.0,0.0,False,False,True
word_tfidf,Word TF-IDF,true_176,real,short_46_words,Rreth 46 fjalë,46,"Ministri Reçica viziton OVL-në, të lejohet përfitimi i pensioneve. Ministri i Punës dhe Mirëqenies, Skender Reçica, sot ka vizituar Organizatën e Veteranëve të Luftës së UÇK-së.Reçica është takuar me kryetarin e organizatës, Hysni Gucati, ku kanë diskutuar për gjendjen e veteranëve në këtë situatë pandemike,",0.3077719595160039,0.6922280404839961,fake,uncertain,0.07436800141448663,real,likely_real,0.6178600390695095,0.6178600390695095,True,True,False
char_tfidf,Character TF-IDF,true_176,real,short_46_words,Rreth 46 fjalë,46,"Ministri Reçica viziton OVL-në, të lejohet përfitimi i pensioneve. Ministri i Punës dhe Mirëqenies, Skender Reçica, sot ka vizituar Organizatën e Veteranëve të Luftës së UÇK-së.Reçica është takuar me kryetarin e organizatës, Hysni Gucati, ku kanë diskutuar për gjendjen e veteranëve në këtë situatë pandemike,",0.3588110403270538,0.6411889596729462,fake,uncertain,0.04660526177675657,real,likely_real,0.5945836978961896,0.5945836978961896,True,True,False
word_char_tfidf,Word + Character TF-IDF,true_176,real,short_46_words,Rreth 46 fjalë,46,"Ministri Reçica viziton OVL-në, të lejohet përfitimi i pensioneve. Ministri i Punës dhe Mirëqenies, Skender Reçica, sot ka vizituar Organizatën e Veteranëve të Luftës së UÇK-së.Reçica është takuar me kryetarin e organizatës, Hysni Gucati, ku kanë diskutuar për gjendjen e veteranëve në këtë situatë pandemike,",0.36738574650602795,0.632614253493972,fake,uncertain,0.04176685234873848,real,likely_real,0.5908474011452336,0.5908474011452336,True,True,False
word_tfidf,Word TF-IDF,true_176,real,title_only,Vetëm titulli,9,"Ministri Reçica viziton OVL-në, të lejohet përfitimi i pensioneve",0.10041628571107297,0.899583714288927,fake,likely_fake,0.07436800141448663,real,likely_real,0.8252157128744404,0.8252157128744404,True,True,False
char_tfidf,Character TF-IDF,true_176,real,title_only,Vetëm titulli,9,"Ministri Reçica viziton OVL-në, të lejohet përfitimi i pensioneve",0.16700724668299838,0.8329927533170016,fake,likely_fake,0.04660526177675657,real,likely_real,0.786387491540245,0.786387491540245,True,True,False
word_char_tfidf,Word + Character TF-IDF,true_176,real,title_only,Vetëm titulli,9,"Ministri Reçica viziton OVL-në, të lejohet përfitimi i pensioneve",0.14626042370706882,0.8537395762929312,fake,likely_fake,0.04176685234873848,real,likely_real,0.8119727239441927,0.8119727239441927,True,True,False
word_tfidf,Word TF-IDF,true_176,real,without_albanian_diacritics,Pa ë/ç,224,"Ministri Recica viziton OVL-ne, te lejohet perfitimi i pensioneve. Ministri i Punes dhe Mireqenies, Skender Recica, sot ka vizituar Organizaten e Veteraneve te Luftes se UCK-se.Recica eshte takuar me kryetarin e organizates, Hysni Gucati, ku kane diskutuar per gjendjen e veteraneve ne kete situate pandemike, shkruan “Bota Sot”.Ministri dhe Gucati kane biseduar edhe per nisma te ndryshme, per mundesine qe te gjithe veteranet te punojne ne sektore private, si dhe lejimin e perfitimit te pensioneve meritore per familjes e deshmorve dhe invalideve te luftes.Postimi i plote:Si cdo here, edhe sot u ndjeva krenar gjate vizites qe i bera Organizates se Veteraneve te Luftes se Ushtrise Clirimtare te Kosoves. Bashke me kryetarin e kesaj organizate te respektuar, z. Hysni Gucati diskutuam per gjendjen e veteraneve ne kete situate te veshtire pandemike dhe tema tjera me interes te perbashket.Kryetarin Gucati e njoftova dhe mora mbeshtetjen e plote te tij per nismat tona lidhur me ndryshimet e nevojshme ligjore qe ua mundeson te gjithe veteraneve te luftes se UCK-se te drejten per te punuar ne sektorin privat, si dhe per lejimin e perfitimit edhe te pensioneve meritor per familjet e deshmoreve dhe invalidet e luftes.Me kryetarin Gucati u dakorduam dhe u dhashe mbeshtetje qe te gjitha hallet dhe kerkesat e tyre do realizohen konform mundesive tona buxhetore dhe legjislacionit ne fuqi.",0.00724617142457995,0.99275382857542,fake,likely_fake,0.07436800141448663,real,likely_real,0.9183858271609334,0.9183858271609334,True,True,False
char_tfidf,Character TF-IDF,true_176,real,without_albanian_diacritics,Pa ë/ç,224,"Ministri Recica viziton OVL-ne, te lejohet perfitimi i pensioneve. Ministri i Punes dhe Mireqenies, Skender Recica, sot ka vizituar Organizaten e Veteraneve te Luftes se UCK-se.Recica eshte takuar me kryetarin e organizates, Hysni Gucati, ku kane diskutuar per gjendjen e veteraneve ne kete situate pandemike, shkruan “Bota Sot”.Ministri dhe Gucati kane biseduar edhe per nisma te ndryshme, per mundesine qe te gjithe veteranet te punojne ne sektore private, si dhe lejimin e perfitimit te pensioneve meritore per familjes e deshmorve dhe invalideve te luftes.Postimi i plote:Si cdo here, edhe sot u ndjeva krenar gjate vizites qe i bera Organizates se Veteraneve te Luftes se Ushtrise Clirimtare te Kosoves. Bashke me kryetarin e kesaj organizate te respektuar, z. Hysni Gucati diskutuam per gjendjen e veteraneve ne kete situate te veshtire pandemike dhe tema tjera me interes te perbashket.Kryetarin Gucati e njoftova dhe mora mbeshtetjen e plote te tij per nismat tona lidhur me ndryshimet e nevojshme ligjore qe ua mundeson te gjithe veteraneve te luftes se UCK-se te drejten per te punuar ne sektorin privat, si dhe per lejimin e perfitimit edhe te pensioneve meritor per familjet e deshmoreve dhe invalidet e luftes.Me kryetarin Gucati u dakorduam dhe u dhashe mbeshtetje qe te gjitha hallet dhe kerkesat e tyre do realizohen konform mundesive tona buxhetore dhe legjislacionit ne fuqi.",0.128075763750076,0.871924236249924,fake,likely_fake,0.04660526177675657,real,likely_real,0.8253189744731674,0.8253189744731674,True,True,False
word_char_tfidf,Word + Character TF-IDF,true_176,real,without_albanian_diacritics,Pa ë/ç,224,"Ministri Recica viziton OVL-ne, te lejohet perfitimi i pensioneve. Ministri i Punes dhe Mireqenies, Skender Recica, sot ka vizituar Organizaten e Veteraneve te Luftes se UCK-se.Recica eshte takuar me kryetarin e organizates, Hysni Gucati, ku kane diskutuar per gjendjen e veteraneve ne kete situate pandemike, shkruan “Bota Sot”.Ministri dhe Gucati kane biseduar edhe per nisma te ndryshme, per mundesine qe te gjithe veteranet te punojne ne sektore private, si dhe lejimin e perfitimit te pensioneve meritore per familjes e deshmorve dhe invalideve te luftes.Postimi i plote:Si cdo here, edhe sot u ndjeva krenar gjate vizites qe i bera Organizates se Veteraneve te Luftes se Ushtrise Clirimtare te Kosoves. Bashke me kryetarin e kesaj organizate te respektuar, z. Hysni Gucati diskutuam per gjendjen e veteraneve ne kete situate te veshtire pandemike dhe tema tjera me interes te perbashket.Kryetarin Gucati e njoftova dhe mora mbeshtetjen e plote te tij per nismat tona lidhur me ndryshimet e nevojshme ligjore qe ua mundeson te gjithe veteraneve te luftes se UCK-se te drejten per te punuar ne sektorin privat, si dhe per lejimin e perfitimit edhe te pensioneve meritor per familjet e deshmoreve dhe invalidet e luftes.Me kryetarin Gucati u dakorduam dhe u dhashe mbeshtetje qe te gjitha hallet dhe kerkesat e tyre do realizohen konform mundesive tona buxhetore dhe legjislacionit ne fuqi.",0.034061178584288365,0.9659388214157116,fake,likely_fake,0.04176685234873848,real,likely_real,0.9241719690669732,0.9241719690669732,True,True,False
word_tfidf,Word TF-IDF,true_176,real,unicode_nfc_from_nfd,Unicode i normalizuar,224,"Ministri Reçica viziton OVL-në, të lejohet përfitimi i pensioneve. Ministri i Punës dhe Mirëqenies, Skender Reçica, sot ka vizituar Organizatën e Veteranëve të Luftës së UÇK-së.Reçica është takuar me kryetarin e organizatës, Hysni Gucati, ku kanë diskutuar për gjendjen e veteranëve në këtë situatë pandemike, shkruan “Bota Sot”.Ministri dhe Gucati kanë biseduar edhe për nisma të ndryshme, për mundësinë që të gjithë veteranët të punojnë në sektore private, si dhe lejimin e përfitimit të pensioneve meritore për familjes e dëshmorve dhe invalidëve të luftës.Postimi i plotë:Si çdo herë, edhe sot u ndjeva krenar gjatë vizitës që i bëra Organizatës së Veteranëve të Luftës së Ushtrisë Çlirimtare të Kosovës. Bashkë me kryetarin e kësaj organizate të respektuar, z. Hysni Gucati diskutuam për gjendjen e veteranëve në ketë situatë të vështirë pandemike dhe tema tjera me interes të përbashkët.Kryetarin Gucati e njoftova dhe mora mbështetjen e plotë të tij për nismat tona lidhur me ndryshimet e nevojshme ligjore që ua mundëson të gjithë veteranëve të luftës së UÇK-së të drejtën për të punuar ne sektorin privat, si dhe për lejimin e përfitimit edhe të pensioneve meritor për familjet e dëshmorëve dhe invalidët e luftës.Me kryetarin Gucati u dakorduam dhe u dhashë mbështetje që të gjitha hallet dhe kërkesat e tyre do realizohen konform mundësive tona buxhetore dhe legjislacionit në fuqi.",0.9256319985855134,0.07436800141448663,real,likely_real,0.07436800141448663,real,likely_real,0.0,0.0,False,False,True
char_tfidf,Character TF-IDF,true_176,real,unicode_nfc_from_nfd,Unicode i normalizuar,224,"Ministri Reçica viziton OVL-në, të lejohet përfitimi i pensioneve. Ministri i Punës dhe Mirëqenies, Skender Reçica, sot ka vizituar Organizatën e Veteranëve të Luftës së UÇK-së.Reçica është takuar me kryetarin e organizatës, Hysni Gucati, ku kanë diskutuar për gjendjen e veteranëve në këtë situatë pandemike, shkruan “Bota Sot”.Ministri dhe Gucati kanë biseduar edhe për nisma të ndryshme, për mundësinë që të gjithë veteranët të punojnë në sektore private, si dhe lejimin e përfitimit të pensioneve meritore për familjes e dëshmorve dhe invalidëve të luftës.Postimi i plotë:Si çdo herë, edhe sot u ndjeva krenar gjatë vizitës që i bëra Organizatës së Veteranëve të Luftës së Ushtrisë Çlirimtare të Kosovës. Bashkë me kryetarin e kësaj organizate të respektuar, z. Hysni Gucati diskutuam për gjendjen e veteranëve në ketë situatë të vështirë pandemike dhe tema tjera me interes të përbashkët.Kryetarin Gucati e njoftova dhe mora mbështetjen e plotë të tij për nismat tona lidhur me ndryshimet e nevojshme ligjore që ua mundëson të gjithë veteranëve të luftës së UÇK-së të drejtën për të punuar ne sektorin privat, si dhe për lejimin e përfitimit edhe të pensioneve meritor për familjet e dëshmorëve dhe invalidët e luftës.Me kryetarin Gucati u dakorduam dhe u dhashë mbështetje që të gjitha hallet dhe kërkesat e tyre do realizohen konform mundësive tona buxhetore dhe legjislacionit në fuqi.",0.9533947382232434,0.04660526177675657,real,likely_real,0.04660526177675657,real,likely_real,0.0,0.0,False,False,True
word_char_tfidf,Word + Character TF-IDF,true_176,real,unicode_nfc_from_nfd,Unicode i normalizuar,224,"Ministri Reçica viziton OVL-në, të lejohet përfitimi i pensioneve. Ministri i Punës dhe Mirëqenies, Skender Reçica, sot ka vizituar Organizatën e Veteranëve të Luftës së UÇK-së.Reçica është takuar me kryetarin e organizatës, Hysni Gucati, ku kanë diskutuar për gjendjen e veteranëve në këtë situatë pandemike, shkruan “Bota Sot”.Ministri dhe Gucati kanë biseduar edhe për nisma të ndryshme, për mundësinë që të gjithë veteranët të punojnë në sektore private, si dhe lejimin e përfitimit të pensioneve meritore për familjes e dëshmorve dhe invalidëve të luftës.Postimi i plotë:Si çdo herë, edhe sot u ndjeva krenar gjatë vizitës që i bëra Organizatës së Veteranëve të Luftës së Ushtrisë Çlirimtare të Kosovës. Bashkë me kryetarin e kësaj organizate të respektuar, z. Hysni Gucati diskutuam për gjendjen e veteranëve në ketë situatë të vështirë pandemike dhe tema tjera me interes të përbashkët.Kryetarin Gucati e njoftova dhe mora mbështetjen e plotë të tij për nismat tona lidhur me ndryshimet e nevojshme ligjore që ua mundëson të gjithë veteranëve të luftës së UÇK-së të drejtën për të punuar ne sektorin privat, si dhe për lejimin e përfitimit edhe të pensioneve meritor për familjet e dëshmorëve dhe invalidët e luftës.Me kryetarin Gucati u dakorduam dhe u dhashë mbështetje që të gjitha hallet dhe kërkesat e tyre do realizohen konform mundësive tona buxhetore dhe legjislacionit në fuqi.",0.9582331476512616,0.04176685234873848,real,likely_real,0.04176685234873848,real,likely_real,0.0,0.0,False,False,True
word_tfidf,Word TF-IDF,true_1906,real,full,Teksti i plotë,281,"Fansi e quajti lojtar ‘shumë të mbivlerësuar’, Toni Kross i përgjigjet në mënyrë epike. Mesfushori i Real Madridit, Toni Kroos i është përgjigjur një tifozi në Twitter i cili e ka quajtur “shumë të mbivlerësuar”.Kroos, i cili është i mirënjohur për trofetë e tij të shumtë të fituar gjatë gjithë viteve, shihet si një nga mesfushorët më të mirë të një brezi.Duke fituar një Kupë të Botës, katër tituj të Ligës së Kampionëve, La Ligan dhe Bundesligën, Kroos ka fituar çdo trofe që mund të fitohet nga një lojtar, përveç një Kampionati Evropian.Sidoqoftë, edhe pse numrat e tij janë të jashtëzakonshëm për pasime dhe asistime për një mesfushor defensiv, disa tifozë mendojnë se gjermani është i mbivlerësuar.Mesfushori u cilësua si mbivlerësuar nga një tifoz në Twtter, duke iu përgjigjur faqes së Real Madridit në Tëitter, ku Kroos u quajt një ‘maestro i mesfushës’ pranë shokëve të tij të skuadrës, Luka Modric dhe Casemiro.Edhe pse disa lojtarë mund të marrin kritikët afër zemre, Kroos në vend të kësaj bëri shaka për këtë në përgjigjen e tij, duke rënë dakord me tifozin se ai ishte i mbivlerësuar, por se kjo nuk duhet t’i thuhet askujt.“Po, por mos ia thuaj askujt”, ishte përgjigja epike e Kroosit ndaj tifozët që e cilësoi si të mbivlerësuar.Ndryshe, mesfushori i Los Blancos ka 26 tituj në emrin e tij duke përfshirë dy tituj të La Ligës, tre tituj të Bundesligës dhe pesë tituj të Kupës së Botës për Klube.Kroos ka përfunduar me sukses 2,184 nga 2,336 pasimet e tij, duke i dhënë një saktësi prej 93,49 për qind, që është përpara 91,75 për qind të Gerard Pique dhe 89.66 për qind të Sergio Busquets. /Telegrafi/",0.979294104483209,0.020705895516791063,real,likely_real,0.020705895516791063,real,likely_real,0.0,0.0,False,False,True
char_tfidf,Character TF-IDF,true_1906,real,full,Teksti i plotë,281,"Fansi e quajti lojtar ‘shumë të mbivlerësuar’, Toni Kross i përgjigjet në mënyrë epike. Mesfushori i Real Madridit, Toni Kroos i është përgjigjur një tifozi në Twitter i cili e ka quajtur “shumë të mbivlerësuar”.Kroos, i cili është i mirënjohur për trofetë e tij të shumtë të fituar gjatë gjithë viteve, shihet si një nga mesfushorët më të mirë të një brezi.Duke fituar një Kupë të Botës, katër tituj të Ligës së Kampionëve, La Ligan dhe Bundesligën, Kroos ka fituar çdo trofe që mund të fitohet nga një lojtar, përveç një Kampionati Evropian.Sidoqoftë, edhe pse numrat e tij janë të jashtëzakonshëm për pasime dhe asistime për një mesfushor defensiv, disa tifozë mendojnë se gjermani është i mbivlerësuar.Mesfushori u cilësua si mbivlerësuar nga një tifoz në Twtter, duke iu përgjigjur faqes së Real Madridit në Tëitter, ku Kroos u quajt një ‘maestro i mesfushës’ pranë shokëve të tij të skuadrës, Luka Modric dhe Casemiro.Edhe pse disa lojtarë mund të marrin kritikët afër zemre, Kroos në vend të kësaj bëri shaka për këtë në përgjigjen e tij, duke rënë dakord me tifozin se ai ishte i mbivlerësuar, por se kjo nuk duhet t’i thuhet askujt.“Po, por mos ia thuaj askujt”, ishte përgjigja epike e Kroosit ndaj tifozët që e cilësoi si të mbivlerësuar.Ndryshe, mesfushori i Los Blancos ka 26 tituj në emrin e tij duke përfshirë dy tituj të La Ligës, tre tituj të Bundesligës dhe pesë tituj të Kupës së Botës për Klube.Kroos ka përfunduar me sukses 2,184 nga 2,336 pasimet e tij, duke i dhënë një saktësi prej 93,49 për qind, që është përpara 91,75 për qind të Gerard Pique dhe 89.66 për qind të Sergio Busquets. /Telegrafi/",0.9794534543093476,0.020546545690652392,real,likely_real,0.020546545690652392,real,likely_real,0.0,0.0,False,False,True
word_char_tfidf,Word + Character TF-IDF,true_1906,real,full,Teksti i plotë,281,"Fansi e quajti lojtar ‘shumë të mbivlerësuar’, Toni Kross i përgjigjet në mënyrë epike. Mesfushori i Real Madridit, Toni Kroos i është përgjigjur një tifozi në Twitter i cili e ka quajtur “shumë të mbivlerësuar”.Kroos, i cili është i mirënjohur për trofetë e tij të shumtë të fituar gjatë gjithë viteve, shihet si një nga mesfushorët më të mirë të një brezi.Duke fituar një Kupë të Botës, katër tituj të Ligës së Kampionëve, La Ligan dhe Bundesligën, Kroos ka fituar çdo trofe që mund të fitohet nga një lojtar, përveç një Kampionati Evropian.Sidoqoftë, edhe pse numrat e tij janë të jashtëzakonshëm për pasime dhe asistime për një mesfushor defensiv, disa tifozë mendojnë se gjermani është i mbivlerësuar.Mesfushori u cilësua si mbivlerësuar nga një tifoz në Twtter, duke iu përgjigjur faqes së Real Madridit në Tëitter, ku Kroos u quajt një ‘maestro i mesfushës’ pranë shokëve të tij të skuadrës, Luka Modric dhe Casemiro.Edhe pse disa lojtarë mund të marrin kritikët afër zemre, Kroos në vend të kësaj bëri shaka për këtë në përgjigjen e tij, duke rënë dakord me tifozin se ai ishte i mbivlerësuar, por se kjo nuk duhet t’i thuhet askujt.“Po, por mos ia thuaj askujt”, ishte përgjigja epike e Kroosit ndaj tifozët që e cilësoi si të mbivlerësuar.Ndryshe, mesfushori i Los Blancos ka 26 tituj në emrin e tij duke përfshirë dy tituj të La Ligës, tre tituj të Bundesligës dhe pesë tituj të Kupës së Botës për Klube.Kroos ka përfunduar me sukses 2,184 nga 2,336 pasimet e tij, duke i dhënë një saktësi prej 93,49 për qind, që është përpara 91,75 për qind të Gerard Pique dhe 89.66 për qind të Sergio Busquets. /Telegrafi/",0.9883589169962238,0.011641083003776162,real,likely_real,0.011641083003776162,real,likely_real,0.0,0.0,False,False,True
word_tfidf,Word TF-IDF,true_1906,real,short_46_words,Rreth 46 fjalë,46,"Fansi e quajti lojtar ‘shumë të mbivlerësuar’, Toni Kross i përgjigjet në mënyrë epike. Mesfushori i Real Madridit, Toni Kroos i është përgjigjur një tifozi në Twitter i cili e ka quajtur “shumë të mbivlerësuar”.Kroos, i cili është i mirënjohur për trofetë e tij të",0.27685916890480455,0.7231408310951954,fake,likely_fake,0.020705895516791063,real,likely_real,0.7024349355784044,0.7024349355784044,True,True,False
char_tfidf,Character TF-IDF,true_1906,real,short_46_words,Rreth 46 fjalë,46,"Fansi e quajti lojtar ‘shumë të mbivlerësuar’, Toni Kross i përgjigjet në mënyrë epike. Mesfushori i Real Madridit, Toni Kroos i është përgjigjur një tifozi në Twitter i cili e ka quajtur “shumë të mbivlerësuar”.Kroos, i cili është i mirënjohur për trofetë e tij të",0.4887920796570846,0.5112079203429154,fake,uncertain,0.020546545690652392,real,likely_real,0.490661374652263,0.490661374652263,True,True,False
word_char_tfidf,Word + Character TF-IDF,true_1906,real,short_46_words,Rreth 46 fjalë,46,"Fansi e quajti lojtar ‘shumë të mbivlerësuar’, Toni Kross i përgjigjet në mënyrë epike. Mesfushori i Real Madridit, Toni Kroos i është përgjigjur një tifozi në Twitter i cili e ka quajtur “shumë të mbivlerësuar”.Kroos, i cili është i mirënjohur për trofetë e tij të",0.41659050097852623,0.5834094990214738,fake,uncertain,0.011641083003776162,real,likely_real,0.5717684160176976,0.5717684160176976,True,True,False
word_tfidf,Word TF-IDF,true_1906,real,title_only,Vetëm titulli,14,"Fansi e quajti lojtar ‘shumë të mbivlerësuar’, Toni Kross i përgjigjet në mënyrë epike",0.08966385055544113,0.9103361494445589,fake,likely_fake,0.020705895516791063,real,likely_real,0.8896302539277678,0.8896302539277678,True,True,False
char_tfidf,Character TF-IDF,true_1906,real,title_only,Vetëm titulli,14,"Fansi e quajti lojtar ‘shumë të mbivlerësuar’, Toni Kross i përgjigjet në mënyrë epike",0.22765925037913093,0.7723407496208691,fake,likely_fake,0.020546545690652392,real,likely_real,0.7517942039302167,0.7517942039302167,True,True,False
word_char_tfidf,Word + Character TF-IDF,true_1906,real,title_only,Vetëm titulli,14,"Fansi e quajti lojtar ‘shumë të mbivlerësuar’, Toni Kross i përgjigjet në mënyrë epike",0.15080343807199026,0.8491965619280097,fake,likely_fake,0.011641083003776162,real,likely_real,0.8375554789242335,0.8375554789242335,True,True,False
word_tfidf,Word TF-IDF,true_1906,real,without_albanian_diacritics,Pa ë/ç,281,"Fansi e quajti lojtar ‘shume te mbivleresuar’, Toni Kross i pergjigjet ne menyre epike. Mesfushori i Real Madridit, Toni Kroos i eshte pergjigjur nje tifozi ne Twitter i cili e ka quajtur “shume te mbivleresuar”.Kroos, i cili eshte i mirenjohur per trofete e tij te shumte te fituar gjate gjithe viteve, shihet si nje nga mesfushoret me te mire te nje brezi.Duke fituar nje Kupe te Botes, kater tituj te Liges se Kampioneve, La Ligan dhe Bundesligen, Kroos ka fituar cdo trofe qe mund te fitohet nga nje lojtar, pervec nje Kampionati Evropian.Sidoqofte, edhe pse numrat e tij jane te jashtezakonshem per pasime dhe asistime per nje mesfushor defensiv, disa tifoze mendojne se gjermani eshte i mbivleresuar.Mesfushori u cilesua si mbivleresuar nga nje tifoz ne Twtter, duke iu pergjigjur faqes se Real Madridit ne Teitter, ku Kroos u quajt nje ‘maestro i mesfushes’ prane shokeve te tij te skuadres, Luka Modric dhe Casemiro.Edhe pse disa lojtare mund te marrin kritiket afer zemre, Kroos ne vend te kesaj beri shaka per kete ne pergjigjen e tij, duke rene dakord me tifozin se ai ishte i mbivleresuar, por se kjo nuk duhet t’i thuhet askujt.“Po, por mos ia thuaj askujt”, ishte pergjigja epike e Kroosit ndaj tifozet qe e cilesoi si te mbivleresuar.Ndryshe, mesfushori i Los Blancos ka 26 tituj ne emrin e tij duke perfshire dy tituj te La Liges, tre tituj te Bundesliges dhe pese tituj te Kupes se Botes per Klube.Kroos ka perfunduar me sukses 2,184 nga 2,336 pasimet e tij, duke i dhene nje saktesi prej 93,49 per qind, qe eshte perpara 91,75 per qind te Gerard Pique dhe 89.66 per qind te Sergio Busquets. /Telegrafi/",0.006058846245817984,0.993941153754182,fake,likely_fake,0.020705895516791063,real,likely_real,0.973235258237391,0.973235258237391,True,True,False
char_tfidf,Character TF-IDF,true_1906,real,without_albanian_diacritics,Pa ë/ç,281,"Fansi e quajti lojtar ‘shume te mbivleresuar’, Toni Kross i pergjigjet ne menyre epike. Mesfushori i Real Madridit, Toni Kroos i eshte pergjigjur nje tifozi ne Twitter i cili e ka quajtur “shume te mbivleresuar”.Kroos, i cili eshte i mirenjohur per trofete e tij te shumte te fituar gjate gjithe viteve, shihet si nje nga mesfushoret me te mire te nje brezi.Duke fituar nje Kupe te Botes, kater tituj te Liges se Kampioneve, La Ligan dhe Bundesligen, Kroos ka fituar cdo trofe qe mund te fitohet nga nje lojtar, pervec nje Kampionati Evropian.Sidoqofte, edhe pse numrat e tij jane te jashtezakonshem per pasime dhe asistime per nje mesfushor defensiv, disa tifoze mendojne se gjermani eshte i mbivleresuar.Mesfushori u cilesua si mbivleresuar nga nje tifoz ne Twtter, duke iu pergjigjur faqes se Real Madridit ne Teitter, ku Kroos u quajt nje ‘maestro i mesfushes’ prane shokeve te tij te skuadres, Luka Modric dhe Casemiro.Edhe pse disa lojtare mund te marrin kritiket afer zemre, Kroos ne vend te kesaj beri shaka per kete ne pergjigjen e tij, duke rene dakord me tifozin se ai ishte i mbivleresuar, por se kjo nuk duhet t’i thuhet askujt.“Po, por mos ia thuaj askujt”, ishte pergjigja epike e Kroosit ndaj tifozet qe e cilesoi si te mbivleresuar.Ndryshe, mesfushori i Los Blancos ka 26 tituj ne emrin e tij duke perfshire dy tituj te La Liges, tre tituj te Bundesliges dhe pese tituj te Kupes se Botes per Klube.Kroos ka perfunduar me sukses 2,184 nga 2,336 pasimet e tij, duke i dhene nje saktesi prej 93,49 per qind, qe eshte perpara 91,75 per qind te Gerard Pique dhe 89.66 per qind te Sergio Busquets. /Telegrafi/",0.13283715827891585,0.8671628417210842,fake,likely_fake,0.020546545690652392,real,likely_real,0.8466162960304318,0.8466162960304318,True,True,False
word_char_tfidf,Word + Character TF-IDF,true_1906,real,without_albanian_diacritics,Pa ë/ç,281,"Fansi e quajti lojtar ‘shume te mbivleresuar’, Toni Kross i pergjigjet ne menyre epike. Mesfushori i Real Madridit, Toni Kroos i eshte pergjigjur nje tifozi ne Twitter i cili e ka quajtur “shume te mbivleresuar”.Kroos, i cili eshte i mirenjohur per trofete e tij te shumte te fituar gjate gjithe viteve, shihet si nje nga mesfushoret me te mire te nje brezi.Duke fituar nje Kupe te Botes, kater tituj te Liges se Kampioneve, La Ligan dhe Bundesligen, Kroos ka fituar cdo trofe qe mund te fitohet nga nje lojtar, pervec nje Kampionati Evropian.Sidoqofte, edhe pse numrat e tij jane te jashtezakonshem per pasime dhe asistime per nje mesfushor defensiv, disa tifoze mendojne se gjermani eshte i mbivleresuar.Mesfushori u cilesua si mbivleresuar nga nje tifoz ne Twtter, duke iu pergjigjur faqes se Real Madridit ne Teitter, ku Kroos u quajt nje ‘maestro i mesfushes’ prane shokeve te tij te skuadres, Luka Modric dhe Casemiro.Edhe pse disa lojtare mund te marrin kritiket afer zemre, Kroos ne vend te kesaj beri shaka per kete ne pergjigjen e tij, duke rene dakord me tifozin se ai ishte i mbivleresuar, por se kjo nuk duhet t’i thuhet askujt.“Po, por mos ia thuaj askujt”, ishte pergjigja epike e Kroosit ndaj tifozet qe e cilesoi si te mbivleresuar.Ndryshe, mesfushori i Los Blancos ka 26 tituj ne emrin e tij duke perfshire dy tituj te La Liges, tre tituj te Bundesliges dhe pese tituj te Kupes se Botes per Klube.Kroos ka perfunduar me sukses 2,184 nga 2,336 pasimet e tij, duke i dhene nje saktesi prej 93,49 per qind, qe eshte perpara 91,75 per qind te Gerard Pique dhe 89.66 per qind te Sergio Busquets. /Telegrafi/",0.037603596481851076,0.9623964035181489,fake,likely_fake,0.011641083003776162,real,likely_real,0.9507553205143727,0.9507553205143727,True,True,False
word_tfidf,Word TF-IDF,true_1906,real,unicode_nfc_from_nfd,Unicode i normalizuar,281,"Fansi e quajti lojtar ‘shumë të mbivlerësuar’, Toni Kross i përgjigjet në mënyrë epike. Mesfushori i Real Madridit, Toni Kroos i është përgjigjur një tifozi në Twitter i cili e ka quajtur “shumë të mbivlerësuar”.Kroos, i cili është i mirënjohur për trofetë e tij të shumtë të fituar gjatë gjithë viteve, shihet si një nga mesfushorët më të mirë të një brezi.Duke fituar një Kupë të Botës, katër tituj të Ligës së Kampionëve, La Ligan dhe Bundesligën, Kroos ka fituar çdo trofe që mund të fitohet nga një lojtar, përveç një Kampionati Evropian.Sidoqoftë, edhe pse numrat e tij janë të jashtëzakonshëm për pasime dhe asistime për një mesfushor defensiv, disa tifozë mendojnë se gjermani është i mbivlerësuar.Mesfushori u cilësua si mbivlerësuar nga një tifoz në Twtter, duke iu përgjigjur faqes së Real Madridit në Tëitter, ku Kroos u quajt një ‘maestro i mesfushës’ pranë shokëve të tij të skuadrës, Luka Modric dhe Casemiro.Edhe pse disa lojtarë mund të marrin kritikët afër zemre, Kroos në vend të kësaj bëri shaka për këtë në përgjigjen e tij, duke rënë dakord me tifozin se ai ishte i mbivlerësuar, por se kjo nuk duhet t’i thuhet askujt.“Po, por mos ia thuaj askujt”, ishte përgjigja epike e Kroosit ndaj tifozët që e cilësoi si të mbivlerësuar.Ndryshe, mesfushori i Los Blancos ka 26 tituj në emrin e tij duke përfshirë dy tituj të La Ligës, tre tituj të Bundesligës dhe pesë tituj të Kupës së Botës për Klube.Kroos ka përfunduar me sukses 2,184 nga 2,336 pasimet e tij, duke i dhënë një saktësi prej 93,49 për qind, që është përpara 91,75 për qind të Gerard Pique dhe 89.66 për qind të Sergio Busquets. /Telegrafi/",0.979294104483209,0.020705895516791063,real,likely_real,0.020705895516791063,real,likely_real,0.0,0.0,False,False,True
char_tfidf,Character TF-IDF,true_1906,real,unicode_nfc_from_nfd,Unicode i normalizuar,281,"Fansi e quajti lojtar ‘shumë të mbivlerësuar’, Toni Kross i përgjigjet në mënyrë epike. Mesfushori i Real Madridit, Toni Kroos i është përgjigjur një tifozi në Twitter i cili e ka quajtur “shumë të mbivlerësuar”.Kroos, i cili është i mirënjohur për trofetë e tij të shumtë të fituar gjatë gjithë viteve, shihet si një nga mesfushorët më të mirë të një brezi.Duke fituar një Kupë të Botës, katër tituj të Ligës së Kampionëve, La Ligan dhe Bundesligën, Kroos ka fituar çdo trofe që mund të fitohet nga një lojtar, përveç një Kampionati Evropian.Sidoqoftë, edhe pse numrat e tij janë të jashtëzakonshëm për pasime dhe asistime për një mesfushor defensiv, disa tifozë mendojnë se gjermani është i mbivlerësuar.Mesfushori u cilësua si mbivlerësuar nga një tifoz në Twtter, duke iu përgjigjur faqes së Real Madridit në Tëitter, ku Kroos u quajt një ‘maestro i mesfushës’ pranë shokëve të tij të skuadrës, Luka Modric dhe Casemiro.Edhe pse disa lojtarë mund të marrin kritikët afër zemre, Kroos në vend të kësaj bëri shaka për këtë në përgjigjen e tij, duke rënë dakord me tifozin se ai ishte i mbivlerësuar, por se kjo nuk duhet t’i thuhet askujt.“Po, por mos ia thuaj askujt”, ishte përgjigja epike e Kroosit ndaj tifozët që e cilësoi si të mbivlerësuar.Ndryshe, mesfushori i Los Blancos ka 26 tituj në emrin e tij duke përfshirë dy tituj të La Ligës, tre tituj të Bundesligës dhe pesë tituj të Kupës së Botës për Klube.Kroos ka përfunduar me sukses 2,184 nga 2,336 pasimet e tij, duke i dhënë një saktësi prej 93,49 për qind, që është përpara 91,75 për qind të Gerard Pique dhe 89.66 për qind të Sergio Busquets. /Telegrafi/",0.9794534543093476,0.020546545690652392,real,likely_real,0.020546545690652392,real,likely_real,0.0,0.0,False,False,True
word_char_tfidf,Word + Character TF-IDF,true_1906,real,unicode_nfc_from_nfd,Unicode i normalizuar,281,"Fansi e quajti lojtar ‘shumë të mbivlerësuar’, Toni Kross i përgjigjet në mënyrë epike. Mesfushori i Real Madridit, Toni Kroos i është përgjigjur një tifozi në Twitter i cili e ka quajtur “shumë të mbivlerësuar”.Kroos, i cili është i mirënjohur për trofetë e tij të shumtë të fituar gjatë gjithë viteve, shihet si një nga mesfushorët më të mirë të një brezi.Duke fituar një Kupë të Botës, katër tituj të Ligës së Kampionëve, La Ligan dhe Bundesligën, Kroos ka fituar çdo trofe që mund të fitohet nga një lojtar, përveç një Kampionati Evropian.Sidoqoftë, edhe pse numrat e tij janë të jashtëzakonshëm për pasime dhe asistime për një mesfushor defensiv, disa tifozë mendojnë se gjermani është i mbivlerësuar.Mesfushori u cilësua si mbivlerësuar nga një tifoz në Twtter, duke iu përgjigjur faqes së Real Madridit në Tëitter, ku Kroos u quajt një ‘maestro i mesfushës’ pranë shokëve të tij të skuadrës, Luka Modric dhe Casemiro.Edhe pse disa lojtarë mund të marrin kritikët afër zemre, Kroos në vend të kësaj bëri shaka për këtë në përgjigjen e tij, duke rënë dakord me tifozin se ai ishte i mbivlerësuar, por se kjo nuk duhet t’i thuhet askujt.“Po, por mos ia thuaj askujt”, ishte përgjigja epike e Kroosit ndaj tifozët që e cilësoi si të mbivlerësuar.Ndryshe, mesfushori i Los Blancos ka 26 tituj në emrin e tij duke përfshirë dy tituj të La Ligës, tre tituj të Bundesligës dhe pesë tituj të Kupës së Botës për Klube.Kroos ka përfunduar me sukses 2,184 nga 2,336 pasimet e tij, duke i dhënë një saktësi prej 93,49 për qind, që është përpara 91,75 për qind të Gerard Pique dhe 89.66 për qind të Sergio Busquets. /Telegrafi/",0.9883589169962238,0.011641083003776162,real,likely_real,0.011641083003776162,real,likely_real,0.0,0.0,False,False,True
word_tfidf,Word TF-IDF,true_248,real,full,Teksti i plotë,624,"Cubat e maleve, s'ka kush i bën bashkë?!. Sepse,Asnjeri prej tyre nuk ka kultur te ndërgjegjeshme demokratike.Thjeshtë nuk din dhe nuk e kuptojnë demokracin.Ata nuk mendojnë për demokracin,sjelljet e tyre nëdemokraci.Ata sjelljet dhe egot e tyre i qesin para vlerave demokratike përendimore.Sepse,Shumica nuk i kuptojn proceset demokratike zhvillimore ne vend.Ne rend te parë ata i kanë interesat e tyre personale fitimpruese,nuk hyjnë ne raporte me njeri tjetrin në çfardo pune çoftë e thjeshtë apo nacionale,pa e llogaritë interesin e tyre personal-fitimin.Këta,edhe kur levizin kot nëpër kancelarit e tyre veç mendojnë se si te pasurohën e jo se si ta shpiejn vendin përpara.Sepse,Sipas sjelljeve sikur te cubave me këta lider jemi këtu ku jemi i krmi punet kështu siç i kemi , llugë e bërllog në te gjitha anët,jemi askushi si shtet,nuk dijnë bë ba shtetë.Bile shumë shtetet na përqeshin se si nuk dijmë te bëjmë shtet.Lideret tanë ne pikë te dites dhe nates bëjnë grusht shtet ne shtetin e tyre i rrexojnë qeverit qe i ka zgjedhë populli për te mos i lenë të funksiuonuar ne emer te popullit duke sjellë qeveri minoritare qe nuk përfaqesojnë askend.Sepse,Te gjithë lidëret tanë janë te korruprtuar,te zhytur ne krimin ekonomik dhe politik.Nuk kanë kurrfarë morali e as educate për ndërtim shtet.Ata aq janë të korruptuar sa qe ia mshelin gojën njeri tjetrit se ti je i korruptuar,se ti je hajnë,se ti je plaqkitesh i pasurisë së popullit.Sepse,Lideret tanë nuk i bashkon interesi i popullit,nuk i bashkon interesi nacional kombëtare,ata i bashkon vetem krimi,korrupcioni,pirateria,hajdukllaku,sepse këto i kanë mbi interesat e kombit,mbi interesat e shtetit,janë secili ne vehte kalorses te vetmuar duke e shiluar shtetin secili sipas qejfit te tyre.Sepse,Këta lideret tanë shkojnë aq larg duke e cenuar edhe sovranitetin dhe integritetin teritorial te Kosovës.E bënë këtë me Maqedonin,e bënë këtë me Malin e Zi ku ia dhanë dhuratë Malit te Zi përkrenarën e Kosovës Çakorrin qe kurr malazezet historikisht nuk mund e morën as më luftra sepse i kishin si digë përpara kreshniket e Rugoves në mbrojtje.Nuk u bënë bashk asnjë herë,bile edhe atehere kur ndonjëri prej tyre veç i kishte shti tuxharet për ndarjën e tokave shqiptare me ata qe deshtën ta zhbijnë nga faqeja e dheut komin,e tashi deshten ti shpërblejn kriminelet për krimet dhe gjenocidin e bërë në Kosovë.Sepse,Këta lideret tanë kurr s'po muj bëhën bashku për shkak te egos se tyre te prishëtë,për shkak te bajraktarizmit primitiv qe secili donë me dalë dhe nejtë i pari bash si në mesjetë bajraktar fisesh.Secili nga këta nuk bëhën bashk sepse shpirterishte jan te prishtë,maksimalisht te paedukatë dhe të pakulturuar duke share publikishte fjalë te pista,janë te pa shkollë por qe shumë prej tyre i blenë do shkolla pas luftes,e kur i pa shkolli i fiton milionat e grabitur,te vjedhur, ai siç thotë populli nuk e njefë as babën e vetë e le më shtetin e vetë.Sepse,Liderët tanë kurr nuk bëhën bashk,ata erdhën akcidentalisht si cubat nga malet ne skenën politike,erdhën me force,e jo me dije e mençuri,dhe po sillën kështu siç po sillën ne skenën e mbrendshme por edhe te ate te jashtme politike.Pra,me fjalë tjera këta lider e bënë prrallë për pesë pare në botë,dhe mu për shkak te këtyre bota veç ka nisë te na harrojë,te mos na përfillë.Këta liderët tanë me mentalitet te shpellave populli duhet qe sa më pare ti flake jashtë,sepse me ta Kosova nuk ka te ardhmë te ndritur.",0.24919140526097794,0.7508085947390221,fake,likely_fake,0.7508085947390221,fake,likely_fake,0.0,0.0,False,False,False
char_tfidf,Character TF-IDF,true_248,real,full,Teksti i plotë,624,"Cubat e maleve, s'ka kush i bën bashkë?!. Sepse,Asnjeri prej tyre nuk ka kultur te ndërgjegjeshme demokratike.Thjeshtë nuk din dhe nuk e kuptojnë demokracin.Ata nuk mendojnë për demokracin,sjelljet e tyre nëdemokraci.Ata sjelljet dhe egot e tyre i qesin para vlerave demokratike përendimore.Sepse,Shumica nuk i kuptojn proceset demokratike zhvillimore ne vend.Ne rend te parë ata i kanë interesat e tyre personale fitimpruese,nuk hyjnë ne raporte me njeri tjetrin në çfardo pune çoftë e thjeshtë apo nacionale,pa e llogaritë interesin e tyre personal-fitimin.Këta,edhe kur levizin kot nëpër kancelarit e tyre veç mendojnë se si te pasurohën e jo se si ta shpiejn vendin përpara.Sepse,Sipas sjelljeve sikur te cubave me këta lider jemi këtu ku jemi i krmi punet kështu siç i kemi , llugë e bërllog në te gjitha anët,jemi askushi si shtet,nuk dijnë bë ba shtetë.Bile shumë shtetet na përqeshin se si nuk dijmë te bëjmë shtet.Lideret tanë ne pikë te dites dhe nates bëjnë grusht shtet ne shtetin e tyre i rrexojnë qeverit qe i ka zgjedhë populli për te mos i lenë të funksiuonuar ne emer te popullit duke sjellë qeveri minoritare qe nuk përfaqesojnë askend.Sepse,Te gjithë lidëret tanë janë te korruprtuar,te zhytur ne krimin ekonomik dhe politik.Nuk kanë kurrfarë morali e as educate për ndërtim shtet.Ata aq janë të korruptuar sa qe ia mshelin gojën njeri tjetrit se ti je i korruptuar,se ti je hajnë,se ti je plaqkitesh i pasurisë së popullit.Sepse,Lideret tanë nuk i bashkon interesi i popullit,nuk i bashkon interesi nacional kombëtare,ata i bashkon vetem krimi,korrupcioni,pirateria,hajdukllaku,sepse këto i kanë mbi interesat e kombit,mbi interesat e shtetit,janë secili ne vehte kalorses te vetmuar duke e shiluar shtetin secili sipas qejfit te tyre.Sepse,Këta lideret tanë shkojnë aq larg duke e cenuar edhe sovranitetin dhe integritetin teritorial te Kosovës.E bënë këtë me Maqedonin,e bënë këtë me Malin e Zi ku ia dhanë dhuratë Malit te Zi përkrenarën e Kosovës Çakorrin qe kurr malazezet historikisht nuk mund e morën as më luftra sepse i kishin si digë përpara kreshniket e Rugoves në mbrojtje.Nuk u bënë bashk asnjë herë,bile edhe atehere kur ndonjëri prej tyre veç i kishte shti tuxharet për ndarjën e tokave shqiptare me ata qe deshtën ta zhbijnë nga faqeja e dheut komin,e tashi deshten ti shpërblejn kriminelet për krimet dhe gjenocidin e bërë në Kosovë.Sepse,Këta lideret tanë kurr s'po muj bëhën bashku për shkak te egos se tyre te prishëtë,për shkak te bajraktarizmit primitiv qe secili donë me dalë dhe nejtë i pari bash si në mesjetë bajraktar fisesh.Secili nga këta nuk bëhën bashk sepse shpirterishte jan te prishtë,maksimalisht te paedukatë dhe të pakulturuar duke share publikishte fjalë te pista,janë te pa shkollë por qe shumë prej tyre i blenë do shkolla pas luftes,e kur i pa shkolli i fiton milionat e grabitur,te vjedhur, ai siç thotë populli nuk e njefë as babën e vetë e le më shtetin e vetë.Sepse,Liderët tanë kurr nuk bëhën bashk,ata erdhën akcidentalisht si cubat nga malet ne skenën politike,erdhën me force,e jo me dije e mençuri,dhe po sillën kështu siç po sillën ne skenën e mbrendshme por edhe te ate te jashtme politike.Pra,me fjalë tjera këta lider e bënë prrallë për pesë pare në botë,dhe mu për shkak te këtyre bota veç ka nisë te na harrojë,te mos na përfillë.Këta liderët tanë me mentalitet te shpellave populli duhet qe sa më pare ti flake jashtë,sepse me ta Kosova nuk ka te ardhmë te ndritur.",0.8928245234548589,0.1071754765451412,real,likely_real,0.1071754765451412,real,likely_real,0.0,0.0,False,False,True
word_char_tfidf,Word + Character TF-IDF,true_248,real,full,Teksti i plotë,624,"Cubat e maleve, s'ka kush i bën bashkë?!. Sepse,Asnjeri prej tyre nuk ka kultur te ndërgjegjeshme demokratike.Thjeshtë nuk din dhe nuk e kuptojnë demokracin.Ata nuk mendojnë për demokracin,sjelljet e tyre nëdemokraci.Ata sjelljet dhe egot e tyre i qesin para vlerave demokratike përendimore.Sepse,Shumica nuk i kuptojn proceset demokratike zhvillimore ne vend.Ne rend te parë ata i kanë interesat e tyre personale fitimpruese,nuk hyjnë ne raporte me njeri tjetrin në çfardo pune çoftë e thjeshtë apo nacionale,pa e llogaritë interesin e tyre personal-fitimin.Këta,edhe kur levizin kot nëpër kancelarit e tyre veç mendojnë se si te pasurohën e jo se si ta shpiejn vendin përpara.Sepse,Sipas sjelljeve sikur te cubave me këta lider jemi këtu ku jemi i krmi punet kështu siç i kemi , llugë e bërllog në te gjitha anët,jemi askushi si shtet,nuk dijnë bë ba shtetë.Bile shumë shtetet na përqeshin se si nuk dijmë te bëjmë shtet.Lideret tanë ne pikë te dites dhe nates bëjnë grusht shtet ne shtetin e tyre i rrexojnë qeverit qe i ka zgjedhë populli për te mos i lenë të funksiuonuar ne emer te popullit duke sjellë qeveri minoritare qe nuk përfaqesojnë askend.Sepse,Te gjithë lidëret tanë janë te korruprtuar,te zhytur ne krimin ekonomik dhe politik.Nuk kanë kurrfarë morali e as educate për ndërtim shtet.Ata aq janë të korruptuar sa qe ia mshelin gojën njeri tjetrit se ti je i korruptuar,se ti je hajnë,se ti je plaqkitesh i pasurisë së popullit.Sepse,Lideret tanë nuk i bashkon interesi i popullit,nuk i bashkon interesi nacional kombëtare,ata i bashkon vetem krimi,korrupcioni,pirateria,hajdukllaku,sepse këto i kanë mbi interesat e kombit,mbi interesat e shtetit,janë secili ne vehte kalorses te vetmuar duke e shiluar shtetin secili sipas qejfit te tyre.Sepse,Këta lideret tanë shkojnë aq larg duke e cenuar edhe sovranitetin dhe integritetin teritorial te Kosovës.E bënë këtë me Maqedonin,e bënë këtë me Malin e Zi ku ia dhanë dhuratë Malit te Zi përkrenarën e Kosovës Çakorrin qe kurr malazezet historikisht nuk mund e morën as më luftra sepse i kishin si digë përpara kreshniket e Rugoves në mbrojtje.Nuk u bënë bashk asnjë herë,bile edhe atehere kur ndonjëri prej tyre veç i kishte shti tuxharet për ndarjën e tokave shqiptare me ata qe deshtën ta zhbijnë nga faqeja e dheut komin,e tashi deshten ti shpërblejn kriminelet për krimet dhe gjenocidin e bërë në Kosovë.Sepse,Këta lideret tanë kurr s'po muj bëhën bashku për shkak te egos se tyre te prishëtë,për shkak te bajraktarizmit primitiv qe secili donë me dalë dhe nejtë i pari bash si në mesjetë bajraktar fisesh.Secili nga këta nuk bëhën bashk sepse shpirterishte jan te prishtë,maksimalisht te paedukatë dhe të pakulturuar duke share publikishte fjalë te pista,janë te pa shkollë por qe shumë prej tyre i blenë do shkolla pas luftes,e kur i pa shkolli i fiton milionat e grabitur,te vjedhur, ai siç thotë populli nuk e njefë as babën e vetë e le më shtetin e vetë.Sepse,Liderët tanë kurr nuk bëhën bashk,ata erdhën akcidentalisht si cubat nga malet ne skenën politike,erdhën me force,e jo me dije e mençuri,dhe po sillën kështu siç po sillën ne skenën e mbrendshme por edhe te ate te jashtme politike.Pra,me fjalë tjera këta lider e bënë prrallë për pesë pare në botë,dhe mu për shkak te këtyre bota veç ka nisë te na harrojë,te mos na përfillë.Këta liderët tanë me mentalitet te shpellave populli duhet qe sa më pare ti flake jashtë,sepse me ta Kosova nuk ka te ardhmë te ndritur.",0.676625371513969,0.3233746284860311,real,uncertain,0.3233746284860311,real,uncertain,0.0,0.0,False,False,True
word_tfidf,Word TF-IDF,true_248,real,short_46_words,Rreth 46 fjalë,46,"Cubat e maleve, s'ka kush i bën bashkë?!. Sepse,Asnjeri prej tyre nuk ka kultur te ndërgjegjeshme demokratike.Thjeshtë nuk din dhe nuk e kuptojnë demokracin.Ata nuk mendojnë për demokracin,sjelljet e tyre nëdemokraci.Ata sjelljet dhe egot e tyre i qesin para vlerave demokratike",0.11129208888091413,0.8887079111190859,fake,likely_fake,0.7508085947390221,fake,likely_fake,0.1378993163800638,0.1378993163800638,False,False,False
char_tfidf,Character TF-IDF,true_248,real,short_46_words,Rreth 46 fjalë,46,"Cubat e maleve, s'ka kush i bën bashkë?!. Sepse,Asnjeri prej tyre nuk ka kultur te ndërgjegjeshme demokratike.Thjeshtë nuk din dhe nuk e kuptojnë demokracin.Ata nuk mendojnë për demokracin,sjelljet e tyre nëdemokraci.Ata sjelljet dhe egot e tyre i qesin para vlerave demokratike",0.21780870374807482,0.7821912962519252,fake,likely_fake,0.1071754765451412,real,likely_real,0.6750158197067839,0.6750158197067839,True,True,False
word_char_tfidf,Word + Character TF-IDF,true_248,real,short_46_words,Rreth 46 fjalë,46,"Cubat e maleve, s'ka kush i bën bashkë?!. Sepse,Asnjeri prej tyre nuk ka kultur te ndërgjegjeshme demokratike.Thjeshtë nuk din dhe nuk e kuptojnë demokracin.Ata nuk mendojnë për demokracin,sjelljet e tyre nëdemokraci.Ata sjelljet dhe egot e tyre i qesin para vlerave demokratike",0.18317934469436703,0.816820655305633,fake,likely_fake,0.3233746284860311,real,uncertain,0.49344602681960187,0.49344602681960187,True,True,False
word_tfidf,Word TF-IDF,true_248,real,title_only,Vetëm titulli,8,"Cubat e maleve, s'ka kush i bën bashkë?!",0.04418467359563205,0.955815326404368,fake,likely_fake,0.7508085947390221,fake,likely_fake,0.2050067316653459,0.2050067316653459,False,False,False
char_tfidf,Character TF-IDF,true_248,real,title_only,Vetëm titulli,8,"Cubat e maleve, s'ka kush i bën bashkë?!",0.056818554919903064,0.9431814450800969,fake,likely_fake,0.1071754765451412,real,likely_real,0.8360059685349557,0.8360059685349557,True,True,False
word_char_tfidf,Word + Character TF-IDF,true_248,real,title_only,Vetëm titulli,8,"Cubat e maleve, s'ka kush i bën bashkë?!",0.04667609289574581,0.9533239071042542,fake,likely_fake,0.3233746284860311,real,uncertain,0.629949278618223,0.629949278618223,True,True,False
word_tfidf,Word TF-IDF,true_248,real,without_albanian_diacritics,Pa ë/ç,624,"Cubat e maleve, s'ka kush i ben bashke?!. Sepse,Asnjeri prej tyre nuk ka kultur te ndergjegjeshme demokratike.Thjeshte nuk din dhe nuk e kuptojne demokracin.Ata nuk mendojne per demokracin,sjelljet e tyre nedemokraci.Ata sjelljet dhe egot e tyre i qesin para vlerave demokratike perendimore.Sepse,Shumica nuk i kuptojn proceset demokratike zhvillimore ne vend.Ne rend te pare ata i kane interesat e tyre personale fitimpruese,nuk hyjne ne raporte me njeri tjetrin ne cfardo pune cofte e thjeshte apo nacionale,pa e llogarite interesin e tyre personal-fitimin.Keta,edhe kur levizin kot neper kancelarit e tyre vec mendojne se si te pasurohen e jo se si ta shpiejn vendin perpara.Sepse,Sipas sjelljeve sikur te cubave me keta lider jemi ketu ku jemi i krmi punet keshtu sic i kemi , lluge e berllog ne te gjitha anet,jemi askushi si shtet,nuk dijne be ba shtete.Bile shume shtetet na perqeshin se si nuk dijme te bejme shtet.Lideret tane ne pike te dites dhe nates bejne grusht shtet ne shtetin e tyre i rrexojne qeverit qe i ka zgjedhe populli per te mos i lene te funksiuonuar ne emer te popullit duke sjelle qeveri minoritare qe nuk perfaqesojne askend.Sepse,Te gjithe lideret tane jane te korruprtuar,te zhytur ne krimin ekonomik dhe politik.Nuk kane kurrfare morali e as educate per ndertim shtet.Ata aq jane te korruptuar sa qe ia mshelin gojen njeri tjetrit se ti je i korruptuar,se ti je hajne,se ti je plaqkitesh i pasurise se popullit.Sepse,Lideret tane nuk i bashkon interesi i popullit,nuk i bashkon interesi nacional kombetare,ata i bashkon vetem krimi,korrupcioni,pirateria,hajdukllaku,sepse keto i kane mbi interesat e kombit,mbi interesat e shtetit,jane secili ne vehte kalorses te vetmuar duke e shiluar shtetin secili sipas qejfit te tyre.Sepse,Keta lideret tane shkojne aq larg duke e cenuar edhe sovranitetin dhe integritetin teritorial te Kosoves.E bene kete me Maqedonin,e bene kete me Malin e Zi ku ia dhane dhurate Malit te Zi perkrenaren e Kosoves Cakorrin qe kurr malazezet historikisht nuk mund e moren as me luftra sepse i kishin si dige perpara kreshniket e Rugoves ne mbrojtje.Nuk u bene bashk asnje here,bile edhe atehere kur ndonjeri prej tyre vec i kishte shti tuxharet per ndarjen e tokave shqiptare me ata qe deshten ta zhbijne nga faqeja e dheut komin,e tashi deshten ti shperblejn kriminelet per krimet dhe gjenocidin e bere ne Kosove.Sepse,Keta lideret tane kurr s'po muj behen bashku per shkak te egos se tyre te prishete,per shkak te bajraktarizmit primitiv qe secili done me dale dhe nejte i pari bash si ne mesjete bajraktar fisesh.Secili nga keta nuk behen bashk sepse shpirterishte jan te prishte,maksimalisht te paedukate dhe te pakulturuar duke share publikishte fjale te pista,jane te pa shkolle por qe shume prej tyre i blene do shkolla pas luftes,e kur i pa shkolli i fiton milionat e grabitur,te vjedhur, ai sic thote populli nuk e njefe as baben e vete e le me shtetin e vete.Sepse,Lideret tane kurr nuk behen bashk,ata erdhen akcidentalisht si cubat nga malet ne skenen politike,erdhen me force,e jo me dije e mencuri,dhe po sillen keshtu sic po sillen ne skenen e mbrendshme por edhe te ate te jashtme politike.Pra,me fjale tjera keta lider e bene prralle per pese pare ne bote,dhe mu per shkak te ketyre bota vec ka nise te na harroje,te mos na perfille.Keta lideret tane me mentalitet te shpellave populli duhet qe sa me pare ti flake jashte,sepse me ta Kosova nuk ka te ardhme te ndritur.",0.011090886112469445,0.9889091138875306,fake,likely_fake,0.7508085947390221,fake,likely_fake,0.2381005191485085,0.2381005191485085,False,False,False
char_tfidf,Character TF-IDF,true_248,real,without_albanian_diacritics,Pa ë/ç,624,"Cubat e maleve, s'ka kush i ben bashke?!. Sepse,Asnjeri prej tyre nuk ka kultur te ndergjegjeshme demokratike.Thjeshte nuk din dhe nuk e kuptojne demokracin.Ata nuk mendojne per demokracin,sjelljet e tyre nedemokraci.Ata sjelljet dhe egot e tyre i qesin para vlerave demokratike perendimore.Sepse,Shumica nuk i kuptojn proceset demokratike zhvillimore ne vend.Ne rend te pare ata i kane interesat e tyre personale fitimpruese,nuk hyjne ne raporte me njeri tjetrin ne cfardo pune cofte e thjeshte apo nacionale,pa e llogarite interesin e tyre personal-fitimin.Keta,edhe kur levizin kot neper kancelarit e tyre vec mendojne se si te pasurohen e jo se si ta shpiejn vendin perpara.Sepse,Sipas sjelljeve sikur te cubave me keta lider jemi ketu ku jemi i krmi punet keshtu sic i kemi , lluge e berllog ne te gjitha anet,jemi askushi si shtet,nuk dijne be ba shtete.Bile shume shtetet na perqeshin se si nuk dijme te bejme shtet.Lideret tane ne pike te dites dhe nates bejne grusht shtet ne shtetin e tyre i rrexojne qeverit qe i ka zgjedhe populli per te mos i lene te funksiuonuar ne emer te popullit duke sjelle qeveri minoritare qe nuk perfaqesojne askend.Sepse,Te gjithe lideret tane jane te korruprtuar,te zhytur ne krimin ekonomik dhe politik.Nuk kane kurrfare morali e as educate per ndertim shtet.Ata aq jane te korruptuar sa qe ia mshelin gojen njeri tjetrit se ti je i korruptuar,se ti je hajne,se ti je plaqkitesh i pasurise se popullit.Sepse,Lideret tane nuk i bashkon interesi i popullit,nuk i bashkon interesi nacional kombetare,ata i bashkon vetem krimi,korrupcioni,pirateria,hajdukllaku,sepse keto i kane mbi interesat e kombit,mbi interesat e shtetit,jane secili ne vehte kalorses te vetmuar duke e shiluar shtetin secili sipas qejfit te tyre.Sepse,Keta lideret tane shkojne aq larg duke e cenuar edhe sovranitetin dhe integritetin teritorial te Kosoves.E bene kete me Maqedonin,e bene kete me Malin e Zi ku ia dhane dhurate Malit te Zi perkrenaren e Kosoves Cakorrin qe kurr malazezet historikisht nuk mund e moren as me luftra sepse i kishin si dige perpara kreshniket e Rugoves ne mbrojtje.Nuk u bene bashk asnje here,bile edhe atehere kur ndonjeri prej tyre vec i kishte shti tuxharet per ndarjen e tokave shqiptare me ata qe deshten ta zhbijne nga faqeja e dheut komin,e tashi deshten ti shperblejn kriminelet per krimet dhe gjenocidin e bere ne Kosove.Sepse,Keta lideret tane kurr s'po muj behen bashku per shkak te egos se tyre te prishete,per shkak te bajraktarizmit primitiv qe secili done me dale dhe nejte i pari bash si ne mesjete bajraktar fisesh.Secili nga keta nuk behen bashk sepse shpirterishte jan te prishte,maksimalisht te paedukate dhe te pakulturuar duke share publikishte fjale te pista,jane te pa shkolle por qe shume prej tyre i blene do shkolla pas luftes,e kur i pa shkolli i fiton milionat e grabitur,te vjedhur, ai sic thote populli nuk e njefe as baben e vete e le me shtetin e vete.Sepse,Lideret tane kurr nuk behen bashk,ata erdhen akcidentalisht si cubat nga malet ne skenen politike,erdhen me force,e jo me dije e mencuri,dhe po sillen keshtu sic po sillen ne skenen e mbrendshme por edhe te ate te jashtme politike.Pra,me fjale tjera keta lider e bene prralle per pese pare ne bote,dhe mu per shkak te ketyre bota vec ka nise te na harroje,te mos na perfille.Keta lideret tane me mentalitet te shpellave populli duhet qe sa me pare ti flake jashte,sepse me ta Kosova nuk ka te ardhme te ndritur.",0.08438832028619536,0.9156116797138046,fake,likely_fake,0.1071754765451412,real,likely_real,0.8084362031686634,0.8084362031686634,True,True,False
word_char_tfidf,Word + Character TF-IDF,true_248,real,without_albanian_diacritics,Pa ë/ç,624,"Cubat e maleve, s'ka kush i ben bashke?!. Sepse,Asnjeri prej tyre nuk ka kultur te ndergjegjeshme demokratike.Thjeshte nuk din dhe nuk e kuptojne demokracin.Ata nuk mendojne per demokracin,sjelljet e tyre nedemokraci.Ata sjelljet dhe egot e tyre i qesin para vlerave demokratike perendimore.Sepse,Shumica nuk i kuptojn proceset demokratike zhvillimore ne vend.Ne rend te pare ata i kane interesat e tyre personale fitimpruese,nuk hyjne ne raporte me njeri tjetrin ne cfardo pune cofte e thjeshte apo nacionale,pa e llogarite interesin e tyre personal-fitimin.Keta,edhe kur levizin kot neper kancelarit e tyre vec mendojne se si te pasurohen e jo se si ta shpiejn vendin perpara.Sepse,Sipas sjelljeve sikur te cubave me keta lider jemi ketu ku jemi i krmi punet keshtu sic i kemi , lluge e berllog ne te gjitha anet,jemi askushi si shtet,nuk dijne be ba shtete.Bile shume shtetet na perqeshin se si nuk dijme te bejme shtet.Lideret tane ne pike te dites dhe nates bejne grusht shtet ne shtetin e tyre i rrexojne qeverit qe i ka zgjedhe populli per te mos i lene te funksiuonuar ne emer te popullit duke sjelle qeveri minoritare qe nuk perfaqesojne askend.Sepse,Te gjithe lideret tane jane te korruprtuar,te zhytur ne krimin ekonomik dhe politik.Nuk kane kurrfare morali e as educate per ndertim shtet.Ata aq jane te korruptuar sa qe ia mshelin gojen njeri tjetrit se ti je i korruptuar,se ti je hajne,se ti je plaqkitesh i pasurise se popullit.Sepse,Lideret tane nuk i bashkon interesi i popullit,nuk i bashkon interesi nacional kombetare,ata i bashkon vetem krimi,korrupcioni,pirateria,hajdukllaku,sepse keto i kane mbi interesat e kombit,mbi interesat e shtetit,jane secili ne vehte kalorses te vetmuar duke e shiluar shtetin secili sipas qejfit te tyre.Sepse,Keta lideret tane shkojne aq larg duke e cenuar edhe sovranitetin dhe integritetin teritorial te Kosoves.E bene kete me Maqedonin,e bene kete me Malin e Zi ku ia dhane dhurate Malit te Zi perkrenaren e Kosoves Cakorrin qe kurr malazezet historikisht nuk mund e moren as me luftra sepse i kishin si dige perpara kreshniket e Rugoves ne mbrojtje.Nuk u bene bashk asnje here,bile edhe atehere kur ndonjeri prej tyre vec i kishte shti tuxharet per ndarjen e tokave shqiptare me ata qe deshten ta zhbijne nga faqeja e dheut komin,e tashi deshten ti shperblejn kriminelet per krimet dhe gjenocidin e bere ne Kosove.Sepse,Keta lideret tane kurr s'po muj behen bashku per shkak te egos se tyre te prishete,per shkak te bajraktarizmit primitiv qe secili done me dale dhe nejte i pari bash si ne mesjete bajraktar fisesh.Secili nga keta nuk behen bashk sepse shpirterishte jan te prishte,maksimalisht te paedukate dhe te pakulturuar duke share publikishte fjale te pista,jane te pa shkolle por qe shume prej tyre i blene do shkolla pas luftes,e kur i pa shkolli i fiton milionat e grabitur,te vjedhur, ai sic thote populli nuk e njefe as baben e vete e le me shtetin e vete.Sepse,Lideret tane kurr nuk behen bashk,ata erdhen akcidentalisht si cubat nga malet ne skenen politike,erdhen me force,e jo me dije e mencuri,dhe po sillen keshtu sic po sillen ne skenen e mbrendshme por edhe te ate te jashtme politike.Pra,me fjale tjera keta lider e bene prralle per pese pare ne bote,dhe mu per shkak te ketyre bota vec ka nise te na harroje,te mos na perfille.Keta lideret tane me mentalitet te shpellave populli duhet qe sa me pare ti flake jashte,sepse me ta Kosova nuk ka te ardhme te ndritur.",0.028954881933013432,0.9710451180669866,fake,likely_fake,0.3233746284860311,real,uncertain,0.6476704895809555,0.6476704895809555,True,True,False
word_tfidf,Word TF-IDF,true_248,real,unicode_nfc_from_nfd,Unicode i normalizuar,624,"Cubat e maleve, s'ka kush i bën bashkë?!. Sepse,Asnjeri prej tyre nuk ka kultur te ndërgjegjeshme demokratike.Thjeshtë nuk din dhe nuk e kuptojnë demokracin.Ata nuk mendojnë për demokracin,sjelljet e tyre nëdemokraci.Ata sjelljet dhe egot e tyre i qesin para vlerave demokratike përendimore.Sepse,Shumica nuk i kuptojn proceset demokratike zhvillimore ne vend.Ne rend te parë ata i kanë interesat e tyre personale fitimpruese,nuk hyjnë ne raporte me njeri tjetrin në çfardo pune çoftë e thjeshtë apo nacionale,pa e llogaritë interesin e tyre personal-fitimin.Këta,edhe kur levizin kot nëpër kancelarit e tyre veç mendojnë se si te pasurohën e jo se si ta shpiejn vendin përpara.Sepse,Sipas sjelljeve sikur te cubave me këta lider jemi këtu ku jemi i krmi punet kështu siç i kemi , llugë e bërllog në te gjitha anët,jemi askushi si shtet,nuk dijnë bë ba shtetë.Bile shumë shtetet na përqeshin se si nuk dijmë te bëjmë shtet.Lideret tanë ne pikë te dites dhe nates bëjnë grusht shtet ne shtetin e tyre i rrexojnë qeverit qe i ka zgjedhë populli për te mos i lenë të funksiuonuar ne emer te popullit duke sjellë qeveri minoritare qe nuk përfaqesojnë askend.Sepse,Te gjithë lidëret tanë janë te korruprtuar,te zhytur ne krimin ekonomik dhe politik.Nuk kanë kurrfarë morali e as educate për ndërtim shtet.Ata aq janë të korruptuar sa qe ia mshelin gojën njeri tjetrit se ti je i korruptuar,se ti je hajnë,se ti je plaqkitesh i pasurisë së popullit.Sepse,Lideret tanë nuk i bashkon interesi i popullit,nuk i bashkon interesi nacional kombëtare,ata i bashkon vetem krimi,korrupcioni,pirateria,hajdukllaku,sepse këto i kanë mbi interesat e kombit,mbi interesat e shtetit,janë secili ne vehte kalorses te vetmuar duke e shiluar shtetin secili sipas qejfit te tyre.Sepse,Këta lideret tanë shkojnë aq larg duke e cenuar edhe sovranitetin dhe integritetin teritorial te Kosovës.E bënë këtë me Maqedonin,e bënë këtë me Malin e Zi ku ia dhanë dhuratë Malit te Zi përkrenarën e Kosovës Çakorrin qe kurr malazezet historikisht nuk mund e morën as më luftra sepse i kishin si digë përpara kreshniket e Rugoves në mbrojtje.Nuk u bënë bashk asnjë herë,bile edhe atehere kur ndonjëri prej tyre veç i kishte shti tuxharet për ndarjën e tokave shqiptare me ata qe deshtën ta zhbijnë nga faqeja e dheut komin,e tashi deshten ti shpërblejn kriminelet për krimet dhe gjenocidin e bërë në Kosovë.Sepse,Këta lideret tanë kurr s'po muj bëhën bashku për shkak te egos se tyre te prishëtë,për shkak te bajraktarizmit primitiv qe secili donë me dalë dhe nejtë i pari bash si në mesjetë bajraktar fisesh.Secili nga këta nuk bëhën bashk sepse shpirterishte jan te prishtë,maksimalisht te paedukatë dhe të pakulturuar duke share publikishte fjalë te pista,janë te pa shkollë por qe shumë prej tyre i blenë do shkolla pas luftes,e kur i pa shkolli i fiton milionat e grabitur,te vjedhur, ai siç thotë populli nuk e njefë as babën e vetë e le më shtetin e vetë.Sepse,Liderët tanë kurr nuk bëhën bashk,ata erdhën akcidentalisht si cubat nga malet ne skenën politike,erdhën me force,e jo me dije e mençuri,dhe po sillën kështu siç po sillën ne skenën e mbrendshme por edhe te ate te jashtme politike.Pra,me fjalë tjera këta lider e bënë prrallë për pesë pare në botë,dhe mu për shkak te këtyre bota veç ka nisë te na harrojë,te mos na përfillë.Këta liderët tanë me mentalitet te shpellave populli duhet qe sa më pare ti flake jashtë,sepse me ta Kosova nuk ka te ardhmë te ndritur.",0.24919140526097794,0.7508085947390221,fake,likely_fake,0.7508085947390221,fake,likely_fake,0.0,0.0,False,False,False
char_tfidf,Character TF-IDF,true_248,real,unicode_nfc_from_nfd,Unicode i normalizuar,624,"Cubat e maleve, s'ka kush i bën bashkë?!. Sepse,Asnjeri prej tyre nuk ka kultur te ndërgjegjeshme demokratike.Thjeshtë nuk din dhe nuk e kuptojnë demokracin.Ata nuk mendojnë për demokracin,sjelljet e tyre nëdemokraci.Ata sjelljet dhe egot e tyre i qesin para vlerave demokratike përendimore.Sepse,Shumica nuk i kuptojn proceset demokratike zhvillimore ne vend.Ne rend te parë ata i kanë interesat e tyre personale fitimpruese,nuk hyjnë ne raporte me njeri tjetrin në çfardo pune çoftë e thjeshtë apo nacionale,pa e llogaritë interesin e tyre personal-fitimin.Këta,edhe kur levizin kot nëpër kancelarit e tyre veç mendojnë se si te pasurohën e jo se si ta shpiejn vendin përpara.Sepse,Sipas sjelljeve sikur te cubave me këta lider jemi këtu ku jemi i krmi punet kështu siç i kemi , llugë e bërllog në te gjitha anët,jemi askushi si shtet,nuk dijnë bë ba shtetë.Bile shumë shtetet na përqeshin se si nuk dijmë te bëjmë shtet.Lideret tanë ne pikë te dites dhe nates bëjnë grusht shtet ne shtetin e tyre i rrexojnë qeverit qe i ka zgjedhë populli për te mos i lenë të funksiuonuar ne emer te popullit duke sjellë qeveri minoritare qe nuk përfaqesojnë askend.Sepse,Te gjithë lidëret tanë janë te korruprtuar,te zhytur ne krimin ekonomik dhe politik.Nuk kanë kurrfarë morali e as educate për ndërtim shtet.Ata aq janë të korruptuar sa qe ia mshelin gojën njeri tjetrit se ti je i korruptuar,se ti je hajnë,se ti je plaqkitesh i pasurisë së popullit.Sepse,Lideret tanë nuk i bashkon interesi i popullit,nuk i bashkon interesi nacional kombëtare,ata i bashkon vetem krimi,korrupcioni,pirateria,hajdukllaku,sepse këto i kanë mbi interesat e kombit,mbi interesat e shtetit,janë secili ne vehte kalorses te vetmuar duke e shiluar shtetin secili sipas qejfit te tyre.Sepse,Këta lideret tanë shkojnë aq larg duke e cenuar edhe sovranitetin dhe integritetin teritorial te Kosovës.E bënë këtë me Maqedonin,e bënë këtë me Malin e Zi ku ia dhanë dhuratë Malit te Zi përkrenarën e Kosovës Çakorrin qe kurr malazezet historikisht nuk mund e morën as më luftra sepse i kishin si digë përpara kreshniket e Rugoves në mbrojtje.Nuk u bënë bashk asnjë herë,bile edhe atehere kur ndonjëri prej tyre veç i kishte shti tuxharet për ndarjën e tokave shqiptare me ata qe deshtën ta zhbijnë nga faqeja e dheut komin,e tashi deshten ti shpërblejn kriminelet për krimet dhe gjenocidin e bërë në Kosovë.Sepse,Këta lideret tanë kurr s'po muj bëhën bashku për shkak te egos se tyre te prishëtë,për shkak te bajraktarizmit primitiv qe secili donë me dalë dhe nejtë i pari bash si në mesjetë bajraktar fisesh.Secili nga këta nuk bëhën bashk sepse shpirterishte jan te prishtë,maksimalisht te paedukatë dhe të pakulturuar duke share publikishte fjalë te pista,janë te pa shkollë por qe shumë prej tyre i blenë do shkolla pas luftes,e kur i pa shkolli i fiton milionat e grabitur,te vjedhur, ai siç thotë populli nuk e njefë as babën e vetë e le më shtetin e vetë.Sepse,Liderët tanë kurr nuk bëhën bashk,ata erdhën akcidentalisht si cubat nga malet ne skenën politike,erdhën me force,e jo me dije e mençuri,dhe po sillën kështu siç po sillën ne skenën e mbrendshme por edhe te ate te jashtme politike.Pra,me fjalë tjera këta lider e bënë prrallë për pesë pare në botë,dhe mu për shkak te këtyre bota veç ka nisë te na harrojë,te mos na përfillë.Këta liderët tanë me mentalitet te shpellave populli duhet qe sa më pare ti flake jashtë,sepse me ta Kosova nuk ka te ardhmë te ndritur.",0.8928245234548589,0.1071754765451412,real,likely_real,0.1071754765451412,real,likely_real,0.0,0.0,False,False,True
word_char_tfidf,Word + Character TF-IDF,true_248,real,unicode_nfc_from_nfd,Unicode i normalizuar,624,"Cubat e maleve, s'ka kush i bën bashkë?!. Sepse,Asnjeri prej tyre nuk ka kultur te ndërgjegjeshme demokratike.Thjeshtë nuk din dhe nuk e kuptojnë demokracin.Ata nuk mendojnë për demokracin,sjelljet e tyre nëdemokraci.Ata sjelljet dhe egot e tyre i qesin para vlerave demokratike përendimore.Sepse,Shumica nuk i kuptojn proceset demokratike zhvillimore ne vend.Ne rend te parë ata i kanë interesat e tyre personale fitimpruese,nuk hyjnë ne raporte me njeri tjetrin në çfardo pune çoftë e thjeshtë apo nacionale,pa e llogaritë interesin e tyre personal-fitimin.Këta,edhe kur levizin kot nëpër kancelarit e tyre veç mendojnë se si te pasurohën e jo se si ta shpiejn vendin përpara.Sepse,Sipas sjelljeve sikur te cubave me këta lider jemi këtu ku jemi i krmi punet kështu siç i kemi , llugë e bërllog në te gjitha anët,jemi askushi si shtet,nuk dijnë bë ba shtetë.Bile shumë shtetet na përqeshin se si nuk dijmë te bëjmë shtet.Lideret tanë ne pikë te dites dhe nates bëjnë grusht shtet ne shtetin e tyre i rrexojnë qeverit qe i ka zgjedhë populli për te mos i lenë të funksiuonuar ne emer te popullit duke sjellë qeveri minoritare qe nuk përfaqesojnë askend.Sepse,Te gjithë lidëret tanë janë te korruprtuar,te zhytur ne krimin ekonomik dhe politik.Nuk kanë kurrfarë morali e as educate për ndërtim shtet.Ata aq janë të korruptuar sa qe ia mshelin gojën njeri tjetrit se ti je i korruptuar,se ti je hajnë,se ti je plaqkitesh i pasurisë së popullit.Sepse,Lideret tanë nuk i bashkon interesi i popullit,nuk i bashkon interesi nacional kombëtare,ata i bashkon vetem krimi,korrupcioni,pirateria,hajdukllaku,sepse këto i kanë mbi interesat e kombit,mbi interesat e shtetit,janë secili ne vehte kalorses te vetmuar duke e shiluar shtetin secili sipas qejfit te tyre.Sepse,Këta lideret tanë shkojnë aq larg duke e cenuar edhe sovranitetin dhe integritetin teritorial te Kosovës.E bënë këtë me Maqedonin,e bënë këtë me Malin e Zi ku ia dhanë dhuratë Malit te Zi përkrenarën e Kosovës Çakorrin qe kurr malazezet historikisht nuk mund e morën as më luftra sepse i kishin si digë përpara kreshniket e Rugoves në mbrojtje.Nuk u bënë bashk asnjë herë,bile edhe atehere kur ndonjëri prej tyre veç i kishte shti tuxharet për ndarjën e tokave shqiptare me ata qe deshtën ta zhbijnë nga faqeja e dheut komin,e tashi deshten ti shpërblejn kriminelet për krimet dhe gjenocidin e bërë në Kosovë.Sepse,Këta lideret tanë kurr s'po muj bëhën bashku për shkak te egos se tyre te prishëtë,për shkak te bajraktarizmit primitiv qe secili donë me dalë dhe nejtë i pari bash si në mesjetë bajraktar fisesh.Secili nga këta nuk bëhën bashk sepse shpirterishte jan te prishtë,maksimalisht te paedukatë dhe të pakulturuar duke share publikishte fjalë te pista,janë te pa shkollë por qe shumë prej tyre i blenë do shkolla pas luftes,e kur i pa shkolli i fiton milionat e grabitur,te vjedhur, ai siç thotë populli nuk e njefë as babën e vetë e le më shtetin e vetë.Sepse,Liderët tanë kurr nuk bëhën bashk,ata erdhën akcidentalisht si cubat nga malet ne skenën politike,erdhën me force,e jo me dije e mençuri,dhe po sillën kështu siç po sillën ne skenën e mbrendshme por edhe te ate te jashtme politike.Pra,me fjalë tjera këta lider e bënë prrallë për pesë pare në botë,dhe mu për shkak te këtyre bota veç ka nisë te na harrojë,te mos na përfillë.Këta liderët tanë me mentalitet te shpellave populli duhet qe sa më pare ti flake jashtë,sepse me ta Kosova nuk ka te ardhmë te ndritur.",0.676625371513969,0.3233746284860311,real,uncertain,0.3233746284860311,real,uncertain,0.0,0.0,False,False,True
word_tfidf,Word TF-IDF,true_783,real,full,Teksti i plotë,1952,"“Nëntori i dytë”, ja pse u hoq pjesa kur Isa Boletini luftonte me serbët. Eriona Vyshka, specialiste në Arkivin Qendror të Filmit tregon mbi kërkimet për të gjetur pjesën e censuruar nga filmi “Nëntori i dytë” të cilën regjisori Viktor Gjika e përmend në kujtimet e tijNë fillim të viteve 80-të regjisorit Viktor Gjika, në prag të jubileut të 70-të të Pavarësisë së vendit, do ti linte idea për të realizuar një prodhim kinematografik mbi ngjarjen më të rëndësishme për shqiptarët.Regjisor i suksesshëm në ato vite, emri i të cilit mbante firmën e filmave si “I teti në bronz”, ”Gjeneral gramafoni”, “Në çdo stinë”, “Njeriu me top”, etj, Gjika kërkonte një tjetër sfidë në karrierën e tij si artist.Atë, të ekranizimit të udhëtimit të Ismail Qemalit drejt Vlorës, për të shpallur më 28 nëntor 1912-tën pavarësinë e Shqipërisë.Në kujtimet e lëna pas, regjisori tregon për këtë moment:“Deri në ato vite angazhimi në një vepër të tillë ishte i paprecedentë nga ana e kinematografisë shqiptare.Deri atëherë nuk ishte realizuar asgjë në këtë temë, nuk ishte shkruar asnjë dramë, roman apo tregim, as në lëmin e arteve figurative, nuk kishte ndonjë portret apo tablo e aq më tepër në fushën e muzikës së kultivuar.Për ccudi edhe në historiografinë shqiptare nuk kishte shumë materiale, studime e botime.Në duart e mia kisha vetëm librushkën “Ismail Qemali”, të shkruar nga Skënder Luarasi, një shirit me këngë popullore e shumë pak fotografi.Si i thonë fjalës i “hyra detit në këmbë”, shkruan Gjika në kujtime.Teksa flet për vështirësitë e këtij realizimi, kastën e aktorëve më të cilët punoj, ku veçon Sandër Prosin në rolin e Isa Boletinit, regjisori flet për herë të parë për ekzistencën e një pjese të censuruar të filmit.“E vetmja vështirësi që nuk u kapërcye dot ishte vendimi i Komisionit të Kontrollit Paraprak për të hequr nga filmi episodin “Beteja tek ura me tre harqe”, në të cilën Isa Boletini detyrohet të ndeshet me ushtarët serbë, që të hapë rrugën për të qenë prezent në momentin e Shpalljes së Pavarësisë.Ishte pikërisht kjo betejë që e çoi Isën në Vlorë dy ditë me vonesë.Episodi ishte mjaft dramatik. Peisazhi i ashpër malor, ura antike, lumi plot ujëra të turbullta, përleshja trup më trup aty mbi urë dhe kapja rob e ndëshkimi i oficerit serb Mitrovcç, masakruesi i kosovarëve në fillim të filmit, e bënin atë episod sipas kolegëve të mi që arritën ta shohin filmin e pacensuruar, një nga më të bukurit të xhiruar prej meje në kinematografi.Po nuk qe e thënë! U ngul këmbë që episodi të hiqej, ndryshe filmi nuk do të shfaqej”, shkruan Gjika në kujtime.Ai shkruan se heqja e këtij episodi pas censurimeve që kishte pasur në filma si “Gjeneral gramafoni” dhe “Yjet e netëve të gjata” si “Plaga e tretë e Gjergj Elez Alisë”, plagë që do ti hapej sa herë që shihte filmin.“Më dukej se nuk rezistova sa duhet për ta mbrojtur episodin.Ndoshta kishte ndikuar dhe lodhja e tepërt e akumuluar gjatë krijimit të një filmi të vështirë.Përveç kësaj më dukej sikur kisha treguar vetëm një pjesë të vogël të së vërtetës mbi Ismail Qemalin.E unë kisha kaq shumë për ti thënë shikuesit shqiptar.Jeta e personazhit tim ishte aq e pasur sa nuk mund të hynte në një film, të vetëm artistik.Kjo dhembje më shoqëroi 15 vjet”, shkruan Gjika.Në kuadër të 85-së vjetorit të pavarësisë ai do të realizonte një film të plotë dokumentar mbi Ismail Qemalin, ku do të përfshinte edhe xhirime të realizuara në Stamboll me Sandër Prosin që s’kishte mundur ti përfshinte në film.Pas viteve 90-të pati përpjekje për tu gjetur pjesa e censuruar në filmin “Nëntori i Dytë”,i cili tashmë është dhe i restauruar.Gjika u nda nga jeta në vitin 2009-të, pa mundur ta rishihte edhe njëherë betejën fatale të Isa Boletinit, të cilën e kompozoi aq bukur, teksa kërkonte ti jepte jetë historisë.Eriona Vyshka, specialiste në Arkivin Qendror të Filmit, dhe njohëse e mirë e kinematografisë vjen më poshtë në një bisedë për të treguar mbi kërkimet e bëra për pjesë e munguar tek “Nëntori i dytë”…Eriona, ju jeni marrë me gjetjen e pjesës së humbur nga filmi “Nëntori i dytë”, pjesë të cilën vetë regjisori Viktor Gjika e konfirmon teksa flet për filmin në kujtimet e tij.Ku janë bërë kërkimet, dhe cili ishte fati i tyre?Në vitin 2012, më rastin e 100 vjetorit të Pavarësisë së Shqipërisë, me nismën e Projektit të Kinemasë Shqiptare u bë i mundur restaurimi i filmit “Nëntori i dytë”.Gjatë punës përgatitore të këtij projekti, ne u përpoqëm të vinim në vend të gjitha defektet apo “pengjet”, që kishin autorët në kohën e prodhimit të filmit në vitin 1982, sepse në fund të fundit, ky është edhe qëllimi i një pune restauruese.Një nga gjërat kryesore që duhej ndrequr, ishte ri-përfshirja në film e një episodi të filmit që ishte xhiruar por më pas ishte hequr para se filmi të merrte miratimin përfundimtar nga autoritetet e kohës dhe të dilte në publik.Kërkimet për episodin e humbur nisën me dëshmitë e kohës dhe leximin e ri-leximin e kujtimeve të Viktor Gjikës dhe autorëve të tjerë, bisedave me operatorin Lionel Konomi, kërkimi për të kontaktuar me regjisoren e montaxhit Marika Vila, e cila jeton në SHBA, si dhe kalimin në sitë të kutive të filmave në magazinat e AQSHF-së për të hequr dyshimet për ngatërresa të mundshme, në etiketimet e kutive të filmit.Për fat të keq, metrat e filmit nuk u gjetën dhe mendojmë se për fatin e tyre dy janë mundësitë ose janë asgjësuar, siç ndodhte rëndom në Kinostudio me materialet që dilnin jashtë përdorimit pas përfundimit të procesit të montazhit, ose gjendet nëpër kuti pa etiketa apo me etiketa të gabuara në magazinat e Albafilmit, të cilat këto 20 vitet e fundit e kanë ndryshuar shpeshherë vendndodhjen për t’i bërë vend ndryshimeve strukturore dhe logjistike që kanë ndodhur në zonën e ish-Kinostudios.Çfarë përmbante pjesa e humbur e filmit?Ky ishte episodi i betejës së Isa Boletinit dhe njerëzve të tij me serbët.Ai ishte nisur nga Kosova për të ardhur në Vlorë për shpalljen por nuk e arriti datën 28 pikërisht se u vonua duke luftuar në këtë betejë, e kështu arriti 2 ditë pas shpalljes së Pavarësisë.Edhe në histori kështu ka ndodhur.Por, duke qenë se në atë kohë, në vitin 1982 kur po prodhohej filmi, marrëdhëniet me ish-Jugosllavinë ishin të acaruara, atëherë e hoqën këtë episod nga filmi, që të mos bëhej shkak për përkeqësim të marrëdhënieve, pasi në këtë betejë u bë një kasaphanë e vërtetë me serbët.Në dokumentacionin që kemi në AQSHF, ka mbetur vetëm një foto që dëshmon për këtë episod, një foto e Isa Boletinit (Reshat Arbana) dhe çetës së tij si edhe materialet e shkruara të filmit, skenari letrar dhe ai teknik në të cilin zbërdhehet episodi në fjalë. Sot, të gjitha materialet janë të disponueshme për studiuesit në AQSHF.Pak kohë më parë filmi iu nënshtrua dhe restaurimit. Çfarë i solli kjo ndërhyrje filmit?Qëllimi i një projekti restaurimi është ta kthejë veprën në identitet, duke mbetur sa më pranë origjinalit, por, njëkohësisht, ta bëjë atë të përputhshme me kërkesat aktuale të teknologjisë e, kështu, të ri-jetësojë veprën që të jetë e disponueshme për brezat që do të vijnë.Sigurisht, gjatë një procesi restaurimi lindin shumë probleme etike, sidomos përsa i përket ngjyrave dhe toneve të duhet t’i jepen imazhit, prandaj është gjithmonë mirë që regjisori apo drejtori i fotografisë të jetë i pranishëm në këtë proces, nëse do të ishte e mundur.Specialistët e laboratorit Colorlab në USA, ku u bë restaurimi në vitin 2012 bënë një punë të mrekullueshme me përpunimin dixhital të imazhit dhe ri-sjelljen e një imazhi të pastër, të qartë, të thellë, me ngjyra të gjalla dhe në përputhje me formatet e sotme të teknologjisë me rezolucion të lartë.Për herë të parë në film arrihen të shihen tonet e fytyrave të aktorëve apo stofi i veshjeve të tyre, detajet e peizazheve të natyrës shqiptare dhe krijimi i gjendjes emocionale tek publiku nëpërmjet dritëhijeve, ndriçimit të diellit, muzgut apo motit të vrenjtur, shiut e baltës.Një ndreqje tjetër në variantin e restauruar ishte edhe futja e emrit të një aktori në kreditet në fund të filmit.Amarildo Pregapuca luante rolin e djalit të postës, lajmëtarit që vraponte për të sjellë telegramet dhe njoftimet për delegatët apo udhëtimin e Ismail Qemalit, por emri i tij nuk ishte përfshirë në titrat e filmit për arsye “biografike”.Kjo gjë u ndreq në variantin e ri.Ju e keni njohur regjisorin Viktor Gjika. Si e kujtonte ai “Nëntorin e dytë”?Padyshim “Nëntori i dytë” ishte një nga veprat më të rëndësishme të krijimtarisë së Gjikës dhe fakti që ky film mbetet edhe sot një emblemë dhe ideja e publikut për pavarësinë e Shqipërisë dhe për Ismail Qemalin lidhet nga ana vizive me filmin dhe karakterin e krijuar nga Sandër Prosi, vërteton se Viktor Gjika ka pasur të drejtë ta donte fort këtë film dhe ta përjetonte shumë keq episodin e humbur të Isa Boletinit.Në fondin e Arkivit të Filmit ne ruajmë edhe 2 akte nga kinoprovat e “Nëntorit të dytë”, madje njërin nga këto, Viktor Gjika e ka xhiruar në Stamboll.Aty paraqitet Ismail Qemali duke kaluar përpara Portës së Lartë, për të treguar lobimin që ai bëri në qarqet ndërkombëtare për çështjen e pavarësisë së Shqipërisë.Këto imazhe nuk u përfshinë në film, por Gjika i përdori këto në dokumentarin e fundit që realizoi, “Gjuhë që nuk vdes” me rastin e 50-vjetorit të kinematografisë shqiptare, në vitin 2002.Është e njohur praktika e censurimit të filmave, përpara se të shfaqeshin për publikun.A janë ruajtur këto censurime,a i disponon arkivi pjesët e hequra nga filma të ndryshëm?Para se filmi të miratohej nga komisionet përkatëse dhe të dilte në publik, autoritetet siguroheshin që vepra të ishte korrekte nga ana ideologjike dhe politike.Një masë të tillë e merrnin edhe vetë autorët nëpërmjet një autocensure në procesin e tyre krijues, gjë që duhej bërë se s’bën se përndryshe jo vetëm që vepra e tyre nuk e shihte dritën e kinemasë por rrezikohej edhe jeta e tyre.Disa prej tyre e kamuflonin të vërtetën që donin të rrëfenin nëpërmjet metaforave apo mjeteve të tjera shprehëse artistike.Piro Milkani tregon gjithnjë se si regjisorët prisnin me ankth kthimin e projeksionistit të Kinostudios nga shfaqja e parë në Komitetin Qendror dhe e lexonin miratimin apo rrëzimin e filmit, nga shprehja e fytyrës së projeksionistit, sapo zbriste nga makina e Kinostudios me projektorin portativ në sup.Për fat të keq, pjesët e censuruara asgjësoheshin menjëherë.Ndonjëherë, brenda Kinostudios ekzistonte një censurë edhe më e fortë se ajo që ushtrohej nga Komiteti Qendror.Një masakër e vërtetë ka ndodhur edhe me filmat e huaj… para se të dilnin në kinema për publikun kalonin nëpërmjet gërshërës në montazh, ku “qetheshin” të gjitha skenat të ashtuquajtura “degjeneruese” që nga puthjet apo kontaktet e tjera fizike e deri te skenat e dhunës, sa që ka plot raste kur filmit i ka humbur kuptimi prej mungesës së skenave.Çfarë është bërë për gjetjen e tyre?Para disa vjetësh, regjisori Kristaq Dhamo erdhi në Arkivin e Filmit me pjesë të hequra nga filmi i tij “Brazdat”, pjesë të cilat i kish ruajtur në shtëpi.Mbase kjo ishte mënyra më e mirë për t’i ruajtur pjesët e censuruara, por të paktë janë regjisorët që e bënë këtë.Duke punuar me regjisoren e montazhit të AQSHF-së, Nazmije Gazheli, Dhamo e ri-montoi filmin “Brazdat”, duke i futur sërish pjesët e hequra.Por, fatkeqësisht, ky është rasti i parë dhe i vetëm i gjetjes dhe ri-përdorimit të tyre.",0.9997686789874504,0.00023132101254961992,real,likely_real,0.00023132101254961992,real,likely_real,0.0,0.0,False,False,True
char_tfidf,Character TF-IDF,true_783,real,full,Teksti i plotë,1952,"“Nëntori i dytë”, ja pse u hoq pjesa kur Isa Boletini luftonte me serbët. Eriona Vyshka, specialiste në Arkivin Qendror të Filmit tregon mbi kërkimet për të gjetur pjesën e censuruar nga filmi “Nëntori i dytë” të cilën regjisori Viktor Gjika e përmend në kujtimet e tijNë fillim të viteve 80-të regjisorit Viktor Gjika, në prag të jubileut të 70-të të Pavarësisë së vendit, do ti linte idea për të realizuar një prodhim kinematografik mbi ngjarjen më të rëndësishme për shqiptarët.Regjisor i suksesshëm në ato vite, emri i të cilit mbante firmën e filmave si “I teti në bronz”, ”Gjeneral gramafoni”, “Në çdo stinë”, “Njeriu me top”, etj, Gjika kërkonte një tjetër sfidë në karrierën e tij si artist.Atë, të ekranizimit të udhëtimit të Ismail Qemalit drejt Vlorës, për të shpallur më 28 nëntor 1912-tën pavarësinë e Shqipërisë.Në kujtimet e lëna pas, regjisori tregon për këtë moment:“Deri në ato vite angazhimi në një vepër të tillë ishte i paprecedentë nga ana e kinematografisë shqiptare.Deri atëherë nuk ishte realizuar asgjë në këtë temë, nuk ishte shkruar asnjë dramë, roman apo tregim, as në lëmin e arteve figurative, nuk kishte ndonjë portret apo tablo e aq më tepër në fushën e muzikës së kultivuar.Për ccudi edhe në historiografinë shqiptare nuk kishte shumë materiale, studime e botime.Në duart e mia kisha vetëm librushkën “Ismail Qemali”, të shkruar nga Skënder Luarasi, një shirit me këngë popullore e shumë pak fotografi.Si i thonë fjalës i “hyra detit në këmbë”, shkruan Gjika në kujtime.Teksa flet për vështirësitë e këtij realizimi, kastën e aktorëve më të cilët punoj, ku veçon Sandër Prosin në rolin e Isa Boletinit, regjisori flet për herë të parë për ekzistencën e një pjese të censuruar të filmit.“E vetmja vështirësi që nuk u kapërcye dot ishte vendimi i Komisionit të Kontrollit Paraprak për të hequr nga filmi episodin “Beteja tek ura me tre harqe”, në të cilën Isa Boletini detyrohet të ndeshet me ushtarët serbë, që të hapë rrugën për të qenë prezent në momentin e Shpalljes së Pavarësisë.Ishte pikërisht kjo betejë që e çoi Isën në Vlorë dy ditë me vonesë.Episodi ishte mjaft dramatik. Peisazhi i ashpër malor, ura antike, lumi plot ujëra të turbullta, përleshja trup më trup aty mbi urë dhe kapja rob e ndëshkimi i oficerit serb Mitrovcç, masakruesi i kosovarëve në fillim të filmit, e bënin atë episod sipas kolegëve të mi që arritën ta shohin filmin e pacensuruar, një nga më të bukurit të xhiruar prej meje në kinematografi.Po nuk qe e thënë! U ngul këmbë që episodi të hiqej, ndryshe filmi nuk do të shfaqej”, shkruan Gjika në kujtime.Ai shkruan se heqja e këtij episodi pas censurimeve që kishte pasur në filma si “Gjeneral gramafoni” dhe “Yjet e netëve të gjata” si “Plaga e tretë e Gjergj Elez Alisë”, plagë që do ti hapej sa herë që shihte filmin.“Më dukej se nuk rezistova sa duhet për ta mbrojtur episodin.Ndoshta kishte ndikuar dhe lodhja e tepërt e akumuluar gjatë krijimit të një filmi të vështirë.Përveç kësaj më dukej sikur kisha treguar vetëm një pjesë të vogël të së vërtetës mbi Ismail Qemalin.E unë kisha kaq shumë për ti thënë shikuesit shqiptar.Jeta e personazhit tim ishte aq e pasur sa nuk mund të hynte në një film, të vetëm artistik.Kjo dhembje më shoqëroi 15 vjet”, shkruan Gjika.Në kuadër të 85-së vjetorit të pavarësisë ai do të realizonte një film të plotë dokumentar mbi Ismail Qemalin, ku do të përfshinte edhe xhirime të realizuara në Stamboll me Sandër Prosin që s’kishte mundur ti përfshinte në film.Pas viteve 90-të pati përpjekje për tu gjetur pjesa e censuruar në filmin “Nëntori i Dytë”,i cili tashmë është dhe i restauruar.Gjika u nda nga jeta në vitin 2009-të, pa mundur ta rishihte edhe njëherë betejën fatale të Isa Boletinit, të cilën e kompozoi aq bukur, teksa kërkonte ti jepte jetë historisë.Eriona Vyshka, specialiste në Arkivin Qendror të Filmit, dhe njohëse e mirë e kinematografisë vjen më poshtë në një bisedë për të treguar mbi kërkimet e bëra për pjesë e munguar tek “Nëntori i dytë”…Eriona, ju jeni marrë me gjetjen e pjesës së humbur nga filmi “Nëntori i dytë”, pjesë të cilën vetë regjisori Viktor Gjika e konfirmon teksa flet për filmin në kujtimet e tij.Ku janë bërë kërkimet, dhe cili ishte fati i tyre?Në vitin 2012, më rastin e 100 vjetorit të Pavarësisë së Shqipërisë, me nismën e Projektit të Kinemasë Shqiptare u bë i mundur restaurimi i filmit “Nëntori i dytë”.Gjatë punës përgatitore të këtij projekti, ne u përpoqëm të vinim në vend të gjitha defektet apo “pengjet”, që kishin autorët në kohën e prodhimit të filmit në vitin 1982, sepse në fund të fundit, ky është edhe qëllimi i një pune restauruese.Një nga gjërat kryesore që duhej ndrequr, ishte ri-përfshirja në film e një episodi të filmit që ishte xhiruar por më pas ishte hequr para se filmi të merrte miratimin përfundimtar nga autoritetet e kohës dhe të dilte në publik.Kërkimet për episodin e humbur nisën me dëshmitë e kohës dhe leximin e ri-leximin e kujtimeve të Viktor Gjikës dhe autorëve të tjerë, bisedave me operatorin Lionel Konomi, kërkimi për të kontaktuar me regjisoren e montaxhit Marika Vila, e cila jeton në SHBA, si dhe kalimin në sitë të kutive të filmave në magazinat e AQSHF-së për të hequr dyshimet për ngatërresa të mundshme, në etiketimet e kutive të filmit.Për fat të keq, metrat e filmit nuk u gjetën dhe mendojmë se për fatin e tyre dy janë mundësitë ose janë asgjësuar, siç ndodhte rëndom në Kinostudio me materialet që dilnin jashtë përdorimit pas përfundimit të procesit të montazhit, ose gjendet nëpër kuti pa etiketa apo me etiketa të gabuara në magazinat e Albafilmit, të cilat këto 20 vitet e fundit e kanë ndryshuar shpeshherë vendndodhjen për t’i bërë vend ndryshimeve strukturore dhe logjistike që kanë ndodhur në zonën e ish-Kinostudios.Çfarë përmbante pjesa e humbur e filmit?Ky ishte episodi i betejës së Isa Boletinit dhe njerëzve të tij me serbët.Ai ishte nisur nga Kosova për të ardhur në Vlorë për shpalljen por nuk e arriti datën 28 pikërisht se u vonua duke luftuar në këtë betejë, e kështu arriti 2 ditë pas shpalljes së Pavarësisë.Edhe në histori kështu ka ndodhur.Por, duke qenë se në atë kohë, në vitin 1982 kur po prodhohej filmi, marrëdhëniet me ish-Jugosllavinë ishin të acaruara, atëherë e hoqën këtë episod nga filmi, që të mos bëhej shkak për përkeqësim të marrëdhënieve, pasi në këtë betejë u bë një kasaphanë e vërtetë me serbët.Në dokumentacionin që kemi në AQSHF, ka mbetur vetëm një foto që dëshmon për këtë episod, një foto e Isa Boletinit (Reshat Arbana) dhe çetës së tij si edhe materialet e shkruara të filmit, skenari letrar dhe ai teknik në të cilin zbërdhehet episodi në fjalë. Sot, të gjitha materialet janë të disponueshme për studiuesit në AQSHF.Pak kohë më parë filmi iu nënshtrua dhe restaurimit. Çfarë i solli kjo ndërhyrje filmit?Qëllimi i një projekti restaurimi është ta kthejë veprën në identitet, duke mbetur sa më pranë origjinalit, por, njëkohësisht, ta bëjë atë të përputhshme me kërkesat aktuale të teknologjisë e, kështu, të ri-jetësojë veprën që të jetë e disponueshme për brezat që do të vijnë.Sigurisht, gjatë një procesi restaurimi lindin shumë probleme etike, sidomos përsa i përket ngjyrave dhe toneve të duhet t’i jepen imazhit, prandaj është gjithmonë mirë që regjisori apo drejtori i fotografisë të jetë i pranishëm në këtë proces, nëse do të ishte e mundur.Specialistët e laboratorit Colorlab në USA, ku u bë restaurimi në vitin 2012 bënë një punë të mrekullueshme me përpunimin dixhital të imazhit dhe ri-sjelljen e një imazhi të pastër, të qartë, të thellë, me ngjyra të gjalla dhe në përputhje me formatet e sotme të teknologjisë me rezolucion të lartë.Për herë të parë në film arrihen të shihen tonet e fytyrave të aktorëve apo stofi i veshjeve të tyre, detajet e peizazheve të natyrës shqiptare dhe krijimi i gjendjes emocionale tek publiku nëpërmjet dritëhijeve, ndriçimit të diellit, muzgut apo motit të vrenjtur, shiut e baltës.Një ndreqje tjetër në variantin e restauruar ishte edhe futja e emrit të një aktori në kreditet në fund të filmit.Amarildo Pregapuca luante rolin e djalit të postës, lajmëtarit që vraponte për të sjellë telegramet dhe njoftimet për delegatët apo udhëtimin e Ismail Qemalit, por emri i tij nuk ishte përfshirë në titrat e filmit për arsye “biografike”.Kjo gjë u ndreq në variantin e ri.Ju e keni njohur regjisorin Viktor Gjika. Si e kujtonte ai “Nëntorin e dytë”?Padyshim “Nëntori i dytë” ishte një nga veprat më të rëndësishme të krijimtarisë së Gjikës dhe fakti që ky film mbetet edhe sot një emblemë dhe ideja e publikut për pavarësinë e Shqipërisë dhe për Ismail Qemalin lidhet nga ana vizive me filmin dhe karakterin e krijuar nga Sandër Prosi, vërteton se Viktor Gjika ka pasur të drejtë ta donte fort këtë film dhe ta përjetonte shumë keq episodin e humbur të Isa Boletinit.Në fondin e Arkivit të Filmit ne ruajmë edhe 2 akte nga kinoprovat e “Nëntorit të dytë”, madje njërin nga këto, Viktor Gjika e ka xhiruar në Stamboll.Aty paraqitet Ismail Qemali duke kaluar përpara Portës së Lartë, për të treguar lobimin që ai bëri në qarqet ndërkombëtare për çështjen e pavarësisë së Shqipërisë.Këto imazhe nuk u përfshinë në film, por Gjika i përdori këto në dokumentarin e fundit që realizoi, “Gjuhë që nuk vdes” me rastin e 50-vjetorit të kinematografisë shqiptare, në vitin 2002.Është e njohur praktika e censurimit të filmave, përpara se të shfaqeshin për publikun.A janë ruajtur këto censurime,a i disponon arkivi pjesët e hequra nga filma të ndryshëm?Para se filmi të miratohej nga komisionet përkatëse dhe të dilte në publik, autoritetet siguroheshin që vepra të ishte korrekte nga ana ideologjike dhe politike.Një masë të tillë e merrnin edhe vetë autorët nëpërmjet një autocensure në procesin e tyre krijues, gjë që duhej bërë se s’bën se përndryshe jo vetëm që vepra e tyre nuk e shihte dritën e kinemasë por rrezikohej edhe jeta e tyre.Disa prej tyre e kamuflonin të vërtetën që donin të rrëfenin nëpërmjet metaforave apo mjeteve të tjera shprehëse artistike.Piro Milkani tregon gjithnjë se si regjisorët prisnin me ankth kthimin e projeksionistit të Kinostudios nga shfaqja e parë në Komitetin Qendror dhe e lexonin miratimin apo rrëzimin e filmit, nga shprehja e fytyrës së projeksionistit, sapo zbriste nga makina e Kinostudios me projektorin portativ në sup.Për fat të keq, pjesët e censuruara asgjësoheshin menjëherë.Ndonjëherë, brenda Kinostudios ekzistonte një censurë edhe më e fortë se ajo që ushtrohej nga Komiteti Qendror.Një masakër e vërtetë ka ndodhur edhe me filmat e huaj… para se të dilnin në kinema për publikun kalonin nëpërmjet gërshërës në montazh, ku “qetheshin” të gjitha skenat të ashtuquajtura “degjeneruese” që nga puthjet apo kontaktet e tjera fizike e deri te skenat e dhunës, sa që ka plot raste kur filmit i ka humbur kuptimi prej mungesës së skenave.Çfarë është bërë për gjetjen e tyre?Para disa vjetësh, regjisori Kristaq Dhamo erdhi në Arkivin e Filmit me pjesë të hequra nga filmi i tij “Brazdat”, pjesë të cilat i kish ruajtur në shtëpi.Mbase kjo ishte mënyra më e mirë për t’i ruajtur pjesët e censuruara, por të paktë janë regjisorët që e bënë këtë.Duke punuar me regjisoren e montazhit të AQSHF-së, Nazmije Gazheli, Dhamo e ri-montoi filmin “Brazdat”, duke i futur sërish pjesët e hequra.Por, fatkeqësisht, ky është rasti i parë dhe i vetëm i gjetjes dhe ri-përdorimit të tyre.",0.9990278910512382,0.0009721089487618049,real,likely_real,0.0009721089487618049,real,likely_real,0.0,0.0,False,False,True
word_char_tfidf,Word + Character TF-IDF,true_783,real,full,Teksti i plotë,1952,"“Nëntori i dytë”, ja pse u hoq pjesa kur Isa Boletini luftonte me serbët. Eriona Vyshka, specialiste në Arkivin Qendror të Filmit tregon mbi kërkimet për të gjetur pjesën e censuruar nga filmi “Nëntori i dytë” të cilën regjisori Viktor Gjika e përmend në kujtimet e tijNë fillim të viteve 80-të regjisorit Viktor Gjika, në prag të jubileut të 70-të të Pavarësisë së vendit, do ti linte idea për të realizuar një prodhim kinematografik mbi ngjarjen më të rëndësishme për shqiptarët.Regjisor i suksesshëm në ato vite, emri i të cilit mbante firmën e filmave si “I teti në bronz”, ”Gjeneral gramafoni”, “Në çdo stinë”, “Njeriu me top”, etj, Gjika kërkonte një tjetër sfidë në karrierën e tij si artist.Atë, të ekranizimit të udhëtimit të Ismail Qemalit drejt Vlorës, për të shpallur më 28 nëntor 1912-tën pavarësinë e Shqipërisë.Në kujtimet e lëna pas, regjisori tregon për këtë moment:“Deri në ato vite angazhimi në një vepër të tillë ishte i paprecedentë nga ana e kinematografisë shqiptare.Deri atëherë nuk ishte realizuar asgjë në këtë temë, nuk ishte shkruar asnjë dramë, roman apo tregim, as në lëmin e arteve figurative, nuk kishte ndonjë portret apo tablo e aq më tepër në fushën e muzikës së kultivuar.Për ccudi edhe në historiografinë shqiptare nuk kishte shumë materiale, studime e botime.Në duart e mia kisha vetëm librushkën “Ismail Qemali”, të shkruar nga Skënder Luarasi, një shirit me këngë popullore e shumë pak fotografi.Si i thonë fjalës i “hyra detit në këmbë”, shkruan Gjika në kujtime.Teksa flet për vështirësitë e këtij realizimi, kastën e aktorëve më të cilët punoj, ku veçon Sandër Prosin në rolin e Isa Boletinit, regjisori flet për herë të parë për ekzistencën e një pjese të censuruar të filmit.“E vetmja vështirësi që nuk u kapërcye dot ishte vendimi i Komisionit të Kontrollit Paraprak për të hequr nga filmi episodin “Beteja tek ura me tre harqe”, në të cilën Isa Boletini detyrohet të ndeshet me ushtarët serbë, që të hapë rrugën për të qenë prezent në momentin e Shpalljes së Pavarësisë.Ishte pikërisht kjo betejë që e çoi Isën në Vlorë dy ditë me vonesë.Episodi ishte mjaft dramatik. Peisazhi i ashpër malor, ura antike, lumi plot ujëra të turbullta, përleshja trup më trup aty mbi urë dhe kapja rob e ndëshkimi i oficerit serb Mitrovcç, masakruesi i kosovarëve në fillim të filmit, e bënin atë episod sipas kolegëve të mi që arritën ta shohin filmin e pacensuruar, një nga më të bukurit të xhiruar prej meje në kinematografi.Po nuk qe e thënë! U ngul këmbë që episodi të hiqej, ndryshe filmi nuk do të shfaqej”, shkruan Gjika në kujtime.Ai shkruan se heqja e këtij episodi pas censurimeve që kishte pasur në filma si “Gjeneral gramafoni” dhe “Yjet e netëve të gjata” si “Plaga e tretë e Gjergj Elez Alisë”, plagë që do ti hapej sa herë që shihte filmin.“Më dukej se nuk rezistova sa duhet për ta mbrojtur episodin.Ndoshta kishte ndikuar dhe lodhja e tepërt e akumuluar gjatë krijimit të një filmi të vështirë.Përveç kësaj më dukej sikur kisha treguar vetëm një pjesë të vogël të së vërtetës mbi Ismail Qemalin.E unë kisha kaq shumë për ti thënë shikuesit shqiptar.Jeta e personazhit tim ishte aq e pasur sa nuk mund të hynte në një film, të vetëm artistik.Kjo dhembje më shoqëroi 15 vjet”, shkruan Gjika.Në kuadër të 85-së vjetorit të pavarësisë ai do të realizonte një film të plotë dokumentar mbi Ismail Qemalin, ku do të përfshinte edhe xhirime të realizuara në Stamboll me Sandër Prosin që s’kishte mundur ti përfshinte në film.Pas viteve 90-të pati përpjekje për tu gjetur pjesa e censuruar në filmin “Nëntori i Dytë”,i cili tashmë është dhe i restauruar.Gjika u nda nga jeta në vitin 2009-të, pa mundur ta rishihte edhe njëherë betejën fatale të Isa Boletinit, të cilën e kompozoi aq bukur, teksa kërkonte ti jepte jetë historisë.Eriona Vyshka, specialiste në Arkivin Qendror të Filmit, dhe njohëse e mirë e kinematografisë vjen më poshtë në një bisedë për të treguar mbi kërkimet e bëra për pjesë e munguar tek “Nëntori i dytë”…Eriona, ju jeni marrë me gjetjen e pjesës së humbur nga filmi “Nëntori i dytë”, pjesë të cilën vetë regjisori Viktor Gjika e konfirmon teksa flet për filmin në kujtimet e tij.Ku janë bërë kërkimet, dhe cili ishte fati i tyre?Në vitin 2012, më rastin e 100 vjetorit të Pavarësisë së Shqipërisë, me nismën e Projektit të Kinemasë Shqiptare u bë i mundur restaurimi i filmit “Nëntori i dytë”.Gjatë punës përgatitore të këtij projekti, ne u përpoqëm të vinim në vend të gjitha defektet apo “pengjet”, që kishin autorët në kohën e prodhimit të filmit në vitin 1982, sepse në fund të fundit, ky është edhe qëllimi i një pune restauruese.Një nga gjërat kryesore që duhej ndrequr, ishte ri-përfshirja në film e një episodi të filmit që ishte xhiruar por më pas ishte hequr para se filmi të merrte miratimin përfundimtar nga autoritetet e kohës dhe të dilte në publik.Kërkimet për episodin e humbur nisën me dëshmitë e kohës dhe leximin e ri-leximin e kujtimeve të Viktor Gjikës dhe autorëve të tjerë, bisedave me operatorin Lionel Konomi, kërkimi për të kontaktuar me regjisoren e montaxhit Marika Vila, e cila jeton në SHBA, si dhe kalimin në sitë të kutive të filmave në magazinat e AQSHF-së për të hequr dyshimet për ngatërresa të mundshme, në etiketimet e kutive të filmit.Për fat të keq, metrat e filmit nuk u gjetën dhe mendojmë se për fatin e tyre dy janë mundësitë ose janë asgjësuar, siç ndodhte rëndom në Kinostudio me materialet që dilnin jashtë përdorimit pas përfundimit të procesit të montazhit, ose gjendet nëpër kuti pa etiketa apo me etiketa të gabuara në magazinat e Albafilmit, të cilat këto 20 vitet e fundit e kanë ndryshuar shpeshherë vendndodhjen për t’i bërë vend ndryshimeve strukturore dhe logjistike që kanë ndodhur në zonën e ish-Kinostudios.Çfarë përmbante pjesa e humbur e filmit?Ky ishte episodi i betejës së Isa Boletinit dhe njerëzve të tij me serbët.Ai ishte nisur nga Kosova për të ardhur në Vlorë për shpalljen por nuk e arriti datën 28 pikërisht se u vonua duke luftuar në këtë betejë, e kështu arriti 2 ditë pas shpalljes së Pavarësisë.Edhe në histori kështu ka ndodhur.Por, duke qenë se në atë kohë, në vitin 1982 kur po prodhohej filmi, marrëdhëniet me ish-Jugosllavinë ishin të acaruara, atëherë e hoqën këtë episod nga filmi, që të mos bëhej shkak për përkeqësim të marrëdhënieve, pasi në këtë betejë u bë një kasaphanë e vërtetë me serbët.Në dokumentacionin që kemi në AQSHF, ka mbetur vetëm një foto që dëshmon për këtë episod, një foto e Isa Boletinit (Reshat Arbana) dhe çetës së tij si edhe materialet e shkruara të filmit, skenari letrar dhe ai teknik në të cilin zbërdhehet episodi në fjalë. Sot, të gjitha materialet janë të disponueshme për studiuesit në AQSHF.Pak kohë më parë filmi iu nënshtrua dhe restaurimit. Çfarë i solli kjo ndërhyrje filmit?Qëllimi i një projekti restaurimi është ta kthejë veprën në identitet, duke mbetur sa më pranë origjinalit, por, njëkohësisht, ta bëjë atë të përputhshme me kërkesat aktuale të teknologjisë e, kështu, të ri-jetësojë veprën që të jetë e disponueshme për brezat që do të vijnë.Sigurisht, gjatë një procesi restaurimi lindin shumë probleme etike, sidomos përsa i përket ngjyrave dhe toneve të duhet t’i jepen imazhit, prandaj është gjithmonë mirë që regjisori apo drejtori i fotografisë të jetë i pranishëm në këtë proces, nëse do të ishte e mundur.Specialistët e laboratorit Colorlab në USA, ku u bë restaurimi në vitin 2012 bënë një punë të mrekullueshme me përpunimin dixhital të imazhit dhe ri-sjelljen e një imazhi të pastër, të qartë, të thellë, me ngjyra të gjalla dhe në përputhje me formatet e sotme të teknologjisë me rezolucion të lartë.Për herë të parë në film arrihen të shihen tonet e fytyrave të aktorëve apo stofi i veshjeve të tyre, detajet e peizazheve të natyrës shqiptare dhe krijimi i gjendjes emocionale tek publiku nëpërmjet dritëhijeve, ndriçimit të diellit, muzgut apo motit të vrenjtur, shiut e baltës.Një ndreqje tjetër në variantin e restauruar ishte edhe futja e emrit të një aktori në kreditet në fund të filmit.Amarildo Pregapuca luante rolin e djalit të postës, lajmëtarit që vraponte për të sjellë telegramet dhe njoftimet për delegatët apo udhëtimin e Ismail Qemalit, por emri i tij nuk ishte përfshirë në titrat e filmit për arsye “biografike”.Kjo gjë u ndreq në variantin e ri.Ju e keni njohur regjisorin Viktor Gjika. Si e kujtonte ai “Nëntorin e dytë”?Padyshim “Nëntori i dytë” ishte një nga veprat më të rëndësishme të krijimtarisë së Gjikës dhe fakti që ky film mbetet edhe sot një emblemë dhe ideja e publikut për pavarësinë e Shqipërisë dhe për Ismail Qemalin lidhet nga ana vizive me filmin dhe karakterin e krijuar nga Sandër Prosi, vërteton se Viktor Gjika ka pasur të drejtë ta donte fort këtë film dhe ta përjetonte shumë keq episodin e humbur të Isa Boletinit.Në fondin e Arkivit të Filmit ne ruajmë edhe 2 akte nga kinoprovat e “Nëntorit të dytë”, madje njërin nga këto, Viktor Gjika e ka xhiruar në Stamboll.Aty paraqitet Ismail Qemali duke kaluar përpara Portës së Lartë, për të treguar lobimin që ai bëri në qarqet ndërkombëtare për çështjen e pavarësisë së Shqipërisë.Këto imazhe nuk u përfshinë në film, por Gjika i përdori këto në dokumentarin e fundit që realizoi, “Gjuhë që nuk vdes” me rastin e 50-vjetorit të kinematografisë shqiptare, në vitin 2002.Është e njohur praktika e censurimit të filmave, përpara se të shfaqeshin për publikun.A janë ruajtur këto censurime,a i disponon arkivi pjesët e hequra nga filma të ndryshëm?Para se filmi të miratohej nga komisionet përkatëse dhe të dilte në publik, autoritetet siguroheshin që vepra të ishte korrekte nga ana ideologjike dhe politike.Një masë të tillë e merrnin edhe vetë autorët nëpërmjet një autocensure në procesin e tyre krijues, gjë që duhej bërë se s’bën se përndryshe jo vetëm që vepra e tyre nuk e shihte dritën e kinemasë por rrezikohej edhe jeta e tyre.Disa prej tyre e kamuflonin të vërtetën që donin të rrëfenin nëpërmjet metaforave apo mjeteve të tjera shprehëse artistike.Piro Milkani tregon gjithnjë se si regjisorët prisnin me ankth kthimin e projeksionistit të Kinostudios nga shfaqja e parë në Komitetin Qendror dhe e lexonin miratimin apo rrëzimin e filmit, nga shprehja e fytyrës së projeksionistit, sapo zbriste nga makina e Kinostudios me projektorin portativ në sup.Për fat të keq, pjesët e censuruara asgjësoheshin menjëherë.Ndonjëherë, brenda Kinostudios ekzistonte një censurë edhe më e fortë se ajo që ushtrohej nga Komiteti Qendror.Një masakër e vërtetë ka ndodhur edhe me filmat e huaj… para se të dilnin në kinema për publikun kalonin nëpërmjet gërshërës në montazh, ku “qetheshin” të gjitha skenat të ashtuquajtura “degjeneruese” që nga puthjet apo kontaktet e tjera fizike e deri te skenat e dhunës, sa që ka plot raste kur filmit i ka humbur kuptimi prej mungesës së skenave.Çfarë është bërë për gjetjen e tyre?Para disa vjetësh, regjisori Kristaq Dhamo erdhi në Arkivin e Filmit me pjesë të hequra nga filmi i tij “Brazdat”, pjesë të cilat i kish ruajtur në shtëpi.Mbase kjo ishte mënyra më e mirë për t’i ruajtur pjesët e censuruara, por të paktë janë regjisorët që e bënë këtë.Duke punuar me regjisoren e montazhit të AQSHF-së, Nazmije Gazheli, Dhamo e ri-montoi filmin “Brazdat”, duke i futur sërish pjesët e hequra.Por, fatkeqësisht, ky është rasti i parë dhe i vetëm i gjetjes dhe ri-përdorimit të tyre.",0.9997309658162432,0.00026903418375681795,real,likely_real,0.00026903418375681795,real,likely_real,0.0,0.0,False,False,True
word_tfidf,Word TF-IDF,true_783,real,short_46_words,Rreth 46 fjalë,46,"“Nëntori i dytë”, ja pse u hoq pjesa kur Isa Boletini luftonte me serbët. Eriona Vyshka, specialiste në Arkivin Qendror të Filmit tregon mbi kërkimet për të gjetur pjesën e censuruar nga filmi “Nëntori i dytë” të cilën regjisori Viktor Gjika e përmend në kujtimet e",0.1523468606084456,0.8476531393915544,fake,likely_fake,0.00023132101254961992,real,likely_real,0.8474218183790048,0.8474218183790048,True,True,False
char_tfidf,Character TF-IDF,true_783,real,short_46_words,Rreth 46 fjalë,46,"“Nëntori i dytë”, ja pse u hoq pjesa kur Isa Boletini luftonte me serbët. Eriona Vyshka, specialiste në Arkivin Qendror të Filmit tregon mbi kërkimet për të gjetur pjesën e censuruar nga filmi “Nëntori i dytë” të cilën regjisori Viktor Gjika e përmend në kujtimet e",0.4699302916249152,0.5300697083750848,fake,uncertain,0.0009721089487618049,real,likely_real,0.5290975994263231,0.5290975994263231,True,True,False
word_char_tfidf,Word + Character TF-IDF,true_783,real,short_46_words,Rreth 46 fjalë,46,"“Nëntori i dytë”, ja pse u hoq pjesa kur Isa Boletini luftonte me serbët. Eriona Vyshka, specialiste në Arkivin Qendror të Filmit tregon mbi kërkimet për të gjetur pjesën e censuruar nga filmi “Nëntori i dytë” të cilën regjisori Viktor Gjika e përmend në kujtimet e",0.30855635838706186,0.6914436416129381,fake,uncertain,0.00026903418375681795,real,likely_real,0.6911746074291814,0.6911746074291814,True,True,False
word_tfidf,Word TF-IDF,true_783,real,title_only,Vetëm titulli,14,"“Nëntori i dytë”, ja pse u hoq pjesa kur Isa Boletini luftonte me serbët",0.00853187169477354,0.9914681283052265,fake,likely_fake,0.00023132101254961992,real,likely_real,0.9912368072926768,0.9912368072926768,True,True,False
char_tfidf,Character TF-IDF,true_783,real,title_only,Vetëm titulli,14,"“Nëntori i dytë”, ja pse u hoq pjesa kur Isa Boletini luftonte me serbët",0.0346223626167429,0.9653776373832571,fake,likely_fake,0.0009721089487618049,real,likely_real,0.9644055284344953,0.9644055284344953,True,True,False
word_char_tfidf,Word + Character TF-IDF,true_783,real,title_only,Vetëm titulli,14,"“Nëntori i dytë”, ja pse u hoq pjesa kur Isa Boletini luftonte me serbët",0.01454580016253526,0.9854541998374647,fake,likely_fake,0.00026903418375681795,real,likely_real,0.985185165653708,0.985185165653708,True,True,False
word_tfidf,Word TF-IDF,true_783,real,without_albanian_diacritics,Pa ë/ç,1952,"“Nentori i dyte”, ja pse u hoq pjesa kur Isa Boletini luftonte me serbet. Eriona Vyshka, specialiste ne Arkivin Qendror te Filmit tregon mbi kerkimet per te gjetur pjesen e censuruar nga filmi “Nentori i dyte” te cilen regjisori Viktor Gjika e permend ne kujtimet e tijNe fillim te viteve 80-te regjisorit Viktor Gjika, ne prag te jubileut te 70-te te Pavaresise se vendit, do ti linte idea per te realizuar nje prodhim kinematografik mbi ngjarjen me te rendesishme per shqiptaret.Regjisor i suksesshem ne ato vite, emri i te cilit mbante firmen e filmave si “I teti ne bronz”, ”Gjeneral gramafoni”, “Ne cdo stine”, “Njeriu me top”, etj, Gjika kerkonte nje tjeter sfide ne karrieren e tij si artist.Ate, te ekranizimit te udhetimit te Ismail Qemalit drejt Vlores, per te shpallur me 28 nentor 1912-ten pavaresine e Shqiperise.Ne kujtimet e lena pas, regjisori tregon per kete moment:“Deri ne ato vite angazhimi ne nje veper te tille ishte i paprecedente nga ana e kinematografise shqiptare.Deri atehere nuk ishte realizuar asgje ne kete teme, nuk ishte shkruar asnje drame, roman apo tregim, as ne lemin e arteve figurative, nuk kishte ndonje portret apo tablo e aq me teper ne fushen e muzikes se kultivuar.Per ccudi edhe ne historiografine shqiptare nuk kishte shume materiale, studime e botime.Ne duart e mia kisha vetem librushken “Ismail Qemali”, te shkruar nga Skender Luarasi, nje shirit me kenge popullore e shume pak fotografi.Si i thone fjales i “hyra detit ne kembe”, shkruan Gjika ne kujtime.Teksa flet per veshtiresite e ketij realizimi, kasten e aktoreve me te cilet punoj, ku vecon Sander Prosin ne rolin e Isa Boletinit, regjisori flet per here te pare per ekzistencen e nje pjese te censuruar te filmit.“E vetmja veshtiresi qe nuk u kapercye dot ishte vendimi i Komisionit te Kontrollit Paraprak per te hequr nga filmi episodin “Beteja tek ura me tre harqe”, ne te cilen Isa Boletini detyrohet te ndeshet me ushtaret serbe, qe te hape rrugen per te qene prezent ne momentin e Shpalljes se Pavaresise.Ishte pikerisht kjo beteje qe e coi Isen ne Vlore dy dite me vonese.Episodi ishte mjaft dramatik. Peisazhi i ashper malor, ura antike, lumi plot ujera te turbullta, perleshja trup me trup aty mbi ure dhe kapja rob e ndeshkimi i oficerit serb Mitrovcc, masakruesi i kosovareve ne fillim te filmit, e benin ate episod sipas kolegeve te mi qe arriten ta shohin filmin e pacensuruar, nje nga me te bukurit te xhiruar prej meje ne kinematografi.Po nuk qe e thene! U ngul kembe qe episodi te hiqej, ndryshe filmi nuk do te shfaqej”, shkruan Gjika ne kujtime.Ai shkruan se heqja e ketij episodi pas censurimeve qe kishte pasur ne filma si “Gjeneral gramafoni” dhe “Yjet e neteve te gjata” si “Plaga e trete e Gjergj Elez Alise”, plage qe do ti hapej sa here qe shihte filmin.“Me dukej se nuk rezistova sa duhet per ta mbrojtur episodin.Ndoshta kishte ndikuar dhe lodhja e tepert e akumuluar gjate krijimit te nje filmi te veshtire.Pervec kesaj me dukej sikur kisha treguar vetem nje pjese te vogel te se vertetes mbi Ismail Qemalin.E une kisha kaq shume per ti thene shikuesit shqiptar.Jeta e personazhit tim ishte aq e pasur sa nuk mund te hynte ne nje film, te vetem artistik.Kjo dhembje me shoqeroi 15 vjet”, shkruan Gjika.Ne kuader te 85-se vjetorit te pavaresise ai do te realizonte nje film te plote dokumentar mbi Ismail Qemalin, ku do te perfshinte edhe xhirime te realizuara ne Stamboll me Sander Prosin qe s’kishte mundur ti perfshinte ne film.Pas viteve 90-te pati perpjekje per tu gjetur pjesa e censuruar ne filmin “Nentori i Dyte”,i cili tashme eshte dhe i restauruar.Gjika u nda nga jeta ne vitin 2009-te, pa mundur ta rishihte edhe njehere betejen fatale te Isa Boletinit, te cilen e kompozoi aq bukur, teksa kerkonte ti jepte jete historise.Eriona Vyshka, specialiste ne Arkivin Qendror te Filmit, dhe njohese e mire e kinematografise vjen me poshte ne nje bisede per te treguar mbi kerkimet e bera per pjese e munguar tek “Nentori i dyte”…Eriona, ju jeni marre me gjetjen e pjeses se humbur nga filmi “Nentori i dyte”, pjese te cilen vete regjisori Viktor Gjika e konfirmon teksa flet per filmin ne kujtimet e tij.Ku jane bere kerkimet, dhe cili ishte fati i tyre?Ne vitin 2012, me rastin e 100 vjetorit te Pavaresise se Shqiperise, me nismen e Projektit te Kinemase Shqiptare u be i mundur restaurimi i filmit “Nentori i dyte”.Gjate punes pergatitore te ketij projekti, ne u perpoqem te vinim ne vend te gjitha defektet apo “pengjet”, qe kishin autoret ne kohen e prodhimit te filmit ne vitin 1982, sepse ne fund te fundit, ky eshte edhe qellimi i nje pune restauruese.Nje nga gjerat kryesore qe duhej ndrequr, ishte ri-perfshirja ne film e nje episodi te filmit qe ishte xhiruar por me pas ishte hequr para se filmi te merrte miratimin perfundimtar nga autoritetet e kohes dhe te dilte ne publik.Kerkimet per episodin e humbur nisen me deshmite e kohes dhe leximin e ri-leximin e kujtimeve te Viktor Gjikes dhe autoreve te tjere, bisedave me operatorin Lionel Konomi, kerkimi per te kontaktuar me regjisoren e montaxhit Marika Vila, e cila jeton ne SHBA, si dhe kalimin ne site te kutive te filmave ne magazinat e AQSHF-se per te hequr dyshimet per ngaterresa te mundshme, ne etiketimet e kutive te filmit.Per fat te keq, metrat e filmit nuk u gjeten dhe mendojme se per fatin e tyre dy jane mundesite ose jane asgjesuar, sic ndodhte rendom ne Kinostudio me materialet qe dilnin jashte perdorimit pas perfundimit te procesit te montazhit, ose gjendet neper kuti pa etiketa apo me etiketa te gabuara ne magazinat e Albafilmit, te cilat keto 20 vitet e fundit e kane ndryshuar shpeshhere vendndodhjen per t’i bere vend ndryshimeve strukturore dhe logjistike qe kane ndodhur ne zonen e ish-Kinostudios.Cfare permbante pjesa e humbur e filmit?Ky ishte episodi i betejes se Isa Boletinit dhe njerezve te tij me serbet.Ai ishte nisur nga Kosova per te ardhur ne Vlore per shpalljen por nuk e arriti daten 28 pikerisht se u vonua duke luftuar ne kete beteje, e keshtu arriti 2 dite pas shpalljes se Pavaresise.Edhe ne histori keshtu ka ndodhur.Por, duke qene se ne ate kohe, ne vitin 1982 kur po prodhohej filmi, marredheniet me ish-Jugosllavine ishin te acaruara, atehere e hoqen kete episod nga filmi, qe te mos behej shkak per perkeqesim te marredhenieve, pasi ne kete beteje u be nje kasaphane e vertete me serbet.Ne dokumentacionin qe kemi ne AQSHF, ka mbetur vetem nje foto qe deshmon per kete episod, nje foto e Isa Boletinit (Reshat Arbana) dhe cetes se tij si edhe materialet e shkruara te filmit, skenari letrar dhe ai teknik ne te cilin zberdhehet episodi ne fjale. Sot, te gjitha materialet jane te disponueshme per studiuesit ne AQSHF.Pak kohe me pare filmi iu nenshtrua dhe restaurimit. Cfare i solli kjo nderhyrje filmit?Qellimi i nje projekti restaurimi eshte ta ktheje vepren ne identitet, duke mbetur sa me prane origjinalit, por, njekohesisht, ta beje ate te perputhshme me kerkesat aktuale te teknologjise e, keshtu, te ri-jetesoje vepren qe te jete e disponueshme per brezat qe do te vijne.Sigurisht, gjate nje procesi restaurimi lindin shume probleme etike, sidomos persa i perket ngjyrave dhe toneve te duhet t’i jepen imazhit, prandaj eshte gjithmone mire qe regjisori apo drejtori i fotografise te jete i pranishem ne kete proces, nese do te ishte e mundur.Specialistet e laboratorit Colorlab ne USA, ku u be restaurimi ne vitin 2012 bene nje pune te mrekullueshme me perpunimin dixhital te imazhit dhe ri-sjelljen e nje imazhi te paster, te qarte, te thelle, me ngjyra te gjalla dhe ne perputhje me formatet e sotme te teknologjise me rezolucion te larte.Per here te pare ne film arrihen te shihen tonet e fytyrave te aktoreve apo stofi i veshjeve te tyre, detajet e peizazheve te natyres shqiptare dhe krijimi i gjendjes emocionale tek publiku nepermjet dritehijeve, ndricimit te diellit, muzgut apo motit te vrenjtur, shiut e baltes.Nje ndreqje tjeter ne variantin e restauruar ishte edhe futja e emrit te nje aktori ne kreditet ne fund te filmit.Amarildo Pregapuca luante rolin e djalit te postes, lajmetarit qe vraponte per te sjelle telegramet dhe njoftimet per delegatet apo udhetimin e Ismail Qemalit, por emri i tij nuk ishte perfshire ne titrat e filmit per arsye “biografike”.Kjo gje u ndreq ne variantin e ri.Ju e keni njohur regjisorin Viktor Gjika. Si e kujtonte ai “Nentorin e dyte”?Padyshim “Nentori i dyte” ishte nje nga veprat me te rendesishme te krijimtarise se Gjikes dhe fakti qe ky film mbetet edhe sot nje embleme dhe ideja e publikut per pavaresine e Shqiperise dhe per Ismail Qemalin lidhet nga ana vizive me filmin dhe karakterin e krijuar nga Sander Prosi, verteton se Viktor Gjika ka pasur te drejte ta donte fort kete film dhe ta perjetonte shume keq episodin e humbur te Isa Boletinit.Ne fondin e Arkivit te Filmit ne ruajme edhe 2 akte nga kinoprovat e “Nentorit te dyte”, madje njerin nga keto, Viktor Gjika e ka xhiruar ne Stamboll.Aty paraqitet Ismail Qemali duke kaluar perpara Portes se Larte, per te treguar lobimin qe ai beri ne qarqet nderkombetare per ceshtjen e pavaresise se Shqiperise.Keto imazhe nuk u perfshine ne film, por Gjika i perdori keto ne dokumentarin e fundit qe realizoi, “Gjuhe qe nuk vdes” me rastin e 50-vjetorit te kinematografise shqiptare, ne vitin 2002.Eshte e njohur praktika e censurimit te filmave, perpara se te shfaqeshin per publikun.A jane ruajtur keto censurime,a i disponon arkivi pjeset e hequra nga filma te ndryshem?Para se filmi te miratohej nga komisionet perkatese dhe te dilte ne publik, autoritetet siguroheshin qe vepra te ishte korrekte nga ana ideologjike dhe politike.Nje mase te tille e merrnin edhe vete autoret nepermjet nje autocensure ne procesin e tyre krijues, gje qe duhej bere se s’ben se perndryshe jo vetem qe vepra e tyre nuk e shihte driten e kinemase por rrezikohej edhe jeta e tyre.Disa prej tyre e kamuflonin te verteten qe donin te rrefenin nepermjet metaforave apo mjeteve te tjera shprehese artistike.Piro Milkani tregon gjithnje se si regjisoret prisnin me ankth kthimin e projeksionistit te Kinostudios nga shfaqja e pare ne Komitetin Qendror dhe e lexonin miratimin apo rrezimin e filmit, nga shprehja e fytyres se projeksionistit, sapo zbriste nga makina e Kinostudios me projektorin portativ ne sup.Per fat te keq, pjeset e censuruara asgjesoheshin menjehere.Ndonjehere, brenda Kinostudios ekzistonte nje censure edhe me e forte se ajo qe ushtrohej nga Komiteti Qendror.Nje masaker e vertete ka ndodhur edhe me filmat e huaj… para se te dilnin ne kinema per publikun kalonin nepermjet gersheres ne montazh, ku “qetheshin” te gjitha skenat te ashtuquajtura “degjeneruese” qe nga puthjet apo kontaktet e tjera fizike e deri te skenat e dhunes, sa qe ka plot raste kur filmit i ka humbur kuptimi prej mungeses se skenave.Cfare eshte bere per gjetjen e tyre?Para disa vjetesh, regjisori Kristaq Dhamo erdhi ne Arkivin e Filmit me pjese te hequra nga filmi i tij “Brazdat”, pjese te cilat i kish ruajtur ne shtepi.Mbase kjo ishte menyra me e mire per t’i ruajtur pjeset e censuruara, por te pakte jane regjisoret qe e bene kete.Duke punuar me regjisoren e montazhit te AQSHF-se, Nazmije Gazheli, Dhamo e ri-montoi filmin “Brazdat”, duke i futur serish pjeset e hequra.Por, fatkeqesisht, ky eshte rasti i pare dhe i vetem i gjetjes dhe ri-perdorimit te tyre.",0.0022567995636993965,0.9977432004363006,fake,likely_fake,0.00023132101254961992,real,likely_real,0.997511879423751,0.997511879423751,True,True,False
char_tfidf,Character TF-IDF,true_783,real,without_albanian_diacritics,Pa ë/ç,1952,"“Nentori i dyte”, ja pse u hoq pjesa kur Isa Boletini luftonte me serbet. Eriona Vyshka, specialiste ne Arkivin Qendror te Filmit tregon mbi kerkimet per te gjetur pjesen e censuruar nga filmi “Nentori i dyte” te cilen regjisori Viktor Gjika e permend ne kujtimet e tijNe fillim te viteve 80-te regjisorit Viktor Gjika, ne prag te jubileut te 70-te te Pavaresise se vendit, do ti linte idea per te realizuar nje prodhim kinematografik mbi ngjarjen me te rendesishme per shqiptaret.Regjisor i suksesshem ne ato vite, emri i te cilit mbante firmen e filmave si “I teti ne bronz”, ”Gjeneral gramafoni”, “Ne cdo stine”, “Njeriu me top”, etj, Gjika kerkonte nje tjeter sfide ne karrieren e tij si artist.Ate, te ekranizimit te udhetimit te Ismail Qemalit drejt Vlores, per te shpallur me 28 nentor 1912-ten pavaresine e Shqiperise.Ne kujtimet e lena pas, regjisori tregon per kete moment:“Deri ne ato vite angazhimi ne nje veper te tille ishte i paprecedente nga ana e kinematografise shqiptare.Deri atehere nuk ishte realizuar asgje ne kete teme, nuk ishte shkruar asnje drame, roman apo tregim, as ne lemin e arteve figurative, nuk kishte ndonje portret apo tablo e aq me teper ne fushen e muzikes se kultivuar.Per ccudi edhe ne historiografine shqiptare nuk kishte shume materiale, studime e botime.Ne duart e mia kisha vetem librushken “Ismail Qemali”, te shkruar nga Skender Luarasi, nje shirit me kenge popullore e shume pak fotografi.Si i thone fjales i “hyra detit ne kembe”, shkruan Gjika ne kujtime.Teksa flet per veshtiresite e ketij realizimi, kasten e aktoreve me te cilet punoj, ku vecon Sander Prosin ne rolin e Isa Boletinit, regjisori flet per here te pare per ekzistencen e nje pjese te censuruar te filmit.“E vetmja veshtiresi qe nuk u kapercye dot ishte vendimi i Komisionit te Kontrollit Paraprak per te hequr nga filmi episodin “Beteja tek ura me tre harqe”, ne te cilen Isa Boletini detyrohet te ndeshet me ushtaret serbe, qe te hape rrugen per te qene prezent ne momentin e Shpalljes se Pavaresise.Ishte pikerisht kjo beteje qe e coi Isen ne Vlore dy dite me vonese.Episodi ishte mjaft dramatik. Peisazhi i ashper malor, ura antike, lumi plot ujera te turbullta, perleshja trup me trup aty mbi ure dhe kapja rob e ndeshkimi i oficerit serb Mitrovcc, masakruesi i kosovareve ne fillim te filmit, e benin ate episod sipas kolegeve te mi qe arriten ta shohin filmin e pacensuruar, nje nga me te bukurit te xhiruar prej meje ne kinematografi.Po nuk qe e thene! U ngul kembe qe episodi te hiqej, ndryshe filmi nuk do te shfaqej”, shkruan Gjika ne kujtime.Ai shkruan se heqja e ketij episodi pas censurimeve qe kishte pasur ne filma si “Gjeneral gramafoni” dhe “Yjet e neteve te gjata” si “Plaga e trete e Gjergj Elez Alise”, plage qe do ti hapej sa here qe shihte filmin.“Me dukej se nuk rezistova sa duhet per ta mbrojtur episodin.Ndoshta kishte ndikuar dhe lodhja e tepert e akumuluar gjate krijimit te nje filmi te veshtire.Pervec kesaj me dukej sikur kisha treguar vetem nje pjese te vogel te se vertetes mbi Ismail Qemalin.E une kisha kaq shume per ti thene shikuesit shqiptar.Jeta e personazhit tim ishte aq e pasur sa nuk mund te hynte ne nje film, te vetem artistik.Kjo dhembje me shoqeroi 15 vjet”, shkruan Gjika.Ne kuader te 85-se vjetorit te pavaresise ai do te realizonte nje film te plote dokumentar mbi Ismail Qemalin, ku do te perfshinte edhe xhirime te realizuara ne Stamboll me Sander Prosin qe s’kishte mundur ti perfshinte ne film.Pas viteve 90-te pati perpjekje per tu gjetur pjesa e censuruar ne filmin “Nentori i Dyte”,i cili tashme eshte dhe i restauruar.Gjika u nda nga jeta ne vitin 2009-te, pa mundur ta rishihte edhe njehere betejen fatale te Isa Boletinit, te cilen e kompozoi aq bukur, teksa kerkonte ti jepte jete historise.Eriona Vyshka, specialiste ne Arkivin Qendror te Filmit, dhe njohese e mire e kinematografise vjen me poshte ne nje bisede per te treguar mbi kerkimet e bera per pjese e munguar tek “Nentori i dyte”…Eriona, ju jeni marre me gjetjen e pjeses se humbur nga filmi “Nentori i dyte”, pjese te cilen vete regjisori Viktor Gjika e konfirmon teksa flet per filmin ne kujtimet e tij.Ku jane bere kerkimet, dhe cili ishte fati i tyre?Ne vitin 2012, me rastin e 100 vjetorit te Pavaresise se Shqiperise, me nismen e Projektit te Kinemase Shqiptare u be i mundur restaurimi i filmit “Nentori i dyte”.Gjate punes pergatitore te ketij projekti, ne u perpoqem te vinim ne vend te gjitha defektet apo “pengjet”, qe kishin autoret ne kohen e prodhimit te filmit ne vitin 1982, sepse ne fund te fundit, ky eshte edhe qellimi i nje pune restauruese.Nje nga gjerat kryesore qe duhej ndrequr, ishte ri-perfshirja ne film e nje episodi te filmit qe ishte xhiruar por me pas ishte hequr para se filmi te merrte miratimin perfundimtar nga autoritetet e kohes dhe te dilte ne publik.Kerkimet per episodin e humbur nisen me deshmite e kohes dhe leximin e ri-leximin e kujtimeve te Viktor Gjikes dhe autoreve te tjere, bisedave me operatorin Lionel Konomi, kerkimi per te kontaktuar me regjisoren e montaxhit Marika Vila, e cila jeton ne SHBA, si dhe kalimin ne site te kutive te filmave ne magazinat e AQSHF-se per te hequr dyshimet per ngaterresa te mundshme, ne etiketimet e kutive te filmit.Per fat te keq, metrat e filmit nuk u gjeten dhe mendojme se per fatin e tyre dy jane mundesite ose jane asgjesuar, sic ndodhte rendom ne Kinostudio me materialet qe dilnin jashte perdorimit pas perfundimit te procesit te montazhit, ose gjendet neper kuti pa etiketa apo me etiketa te gabuara ne magazinat e Albafilmit, te cilat keto 20 vitet e fundit e kane ndryshuar shpeshhere vendndodhjen per t’i bere vend ndryshimeve strukturore dhe logjistike qe kane ndodhur ne zonen e ish-Kinostudios.Cfare permbante pjesa e humbur e filmit?Ky ishte episodi i betejes se Isa Boletinit dhe njerezve te tij me serbet.Ai ishte nisur nga Kosova per te ardhur ne Vlore per shpalljen por nuk e arriti daten 28 pikerisht se u vonua duke luftuar ne kete beteje, e keshtu arriti 2 dite pas shpalljes se Pavaresise.Edhe ne histori keshtu ka ndodhur.Por, duke qene se ne ate kohe, ne vitin 1982 kur po prodhohej filmi, marredheniet me ish-Jugosllavine ishin te acaruara, atehere e hoqen kete episod nga filmi, qe te mos behej shkak per perkeqesim te marredhenieve, pasi ne kete beteje u be nje kasaphane e vertete me serbet.Ne dokumentacionin qe kemi ne AQSHF, ka mbetur vetem nje foto qe deshmon per kete episod, nje foto e Isa Boletinit (Reshat Arbana) dhe cetes se tij si edhe materialet e shkruara te filmit, skenari letrar dhe ai teknik ne te cilin zberdhehet episodi ne fjale. Sot, te gjitha materialet jane te disponueshme per studiuesit ne AQSHF.Pak kohe me pare filmi iu nenshtrua dhe restaurimit. Cfare i solli kjo nderhyrje filmit?Qellimi i nje projekti restaurimi eshte ta ktheje vepren ne identitet, duke mbetur sa me prane origjinalit, por, njekohesisht, ta beje ate te perputhshme me kerkesat aktuale te teknologjise e, keshtu, te ri-jetesoje vepren qe te jete e disponueshme per brezat qe do te vijne.Sigurisht, gjate nje procesi restaurimi lindin shume probleme etike, sidomos persa i perket ngjyrave dhe toneve te duhet t’i jepen imazhit, prandaj eshte gjithmone mire qe regjisori apo drejtori i fotografise te jete i pranishem ne kete proces, nese do te ishte e mundur.Specialistet e laboratorit Colorlab ne USA, ku u be restaurimi ne vitin 2012 bene nje pune te mrekullueshme me perpunimin dixhital te imazhit dhe ri-sjelljen e nje imazhi te paster, te qarte, te thelle, me ngjyra te gjalla dhe ne perputhje me formatet e sotme te teknologjise me rezolucion te larte.Per here te pare ne film arrihen te shihen tonet e fytyrave te aktoreve apo stofi i veshjeve te tyre, detajet e peizazheve te natyres shqiptare dhe krijimi i gjendjes emocionale tek publiku nepermjet dritehijeve, ndricimit te diellit, muzgut apo motit te vrenjtur, shiut e baltes.Nje ndreqje tjeter ne variantin e restauruar ishte edhe futja e emrit te nje aktori ne kreditet ne fund te filmit.Amarildo Pregapuca luante rolin e djalit te postes, lajmetarit qe vraponte per te sjelle telegramet dhe njoftimet per delegatet apo udhetimin e Ismail Qemalit, por emri i tij nuk ishte perfshire ne titrat e filmit per arsye “biografike”.Kjo gje u ndreq ne variantin e ri.Ju e keni njohur regjisorin Viktor Gjika. Si e kujtonte ai “Nentorin e dyte”?Padyshim “Nentori i dyte” ishte nje nga veprat me te rendesishme te krijimtarise se Gjikes dhe fakti qe ky film mbetet edhe sot nje embleme dhe ideja e publikut per pavaresine e Shqiperise dhe per Ismail Qemalin lidhet nga ana vizive me filmin dhe karakterin e krijuar nga Sander Prosi, verteton se Viktor Gjika ka pasur te drejte ta donte fort kete film dhe ta perjetonte shume keq episodin e humbur te Isa Boletinit.Ne fondin e Arkivit te Filmit ne ruajme edhe 2 akte nga kinoprovat e “Nentorit te dyte”, madje njerin nga keto, Viktor Gjika e ka xhiruar ne Stamboll.Aty paraqitet Ismail Qemali duke kaluar perpara Portes se Larte, per te treguar lobimin qe ai beri ne qarqet nderkombetare per ceshtjen e pavaresise se Shqiperise.Keto imazhe nuk u perfshine ne film, por Gjika i perdori keto ne dokumentarin e fundit qe realizoi, “Gjuhe qe nuk vdes” me rastin e 50-vjetorit te kinematografise shqiptare, ne vitin 2002.Eshte e njohur praktika e censurimit te filmave, perpara se te shfaqeshin per publikun.A jane ruajtur keto censurime,a i disponon arkivi pjeset e hequra nga filma te ndryshem?Para se filmi te miratohej nga komisionet perkatese dhe te dilte ne publik, autoritetet siguroheshin qe vepra te ishte korrekte nga ana ideologjike dhe politike.Nje mase te tille e merrnin edhe vete autoret nepermjet nje autocensure ne procesin e tyre krijues, gje qe duhej bere se s’ben se perndryshe jo vetem qe vepra e tyre nuk e shihte driten e kinemase por rrezikohej edhe jeta e tyre.Disa prej tyre e kamuflonin te verteten qe donin te rrefenin nepermjet metaforave apo mjeteve te tjera shprehese artistike.Piro Milkani tregon gjithnje se si regjisoret prisnin me ankth kthimin e projeksionistit te Kinostudios nga shfaqja e pare ne Komitetin Qendror dhe e lexonin miratimin apo rrezimin e filmit, nga shprehja e fytyres se projeksionistit, sapo zbriste nga makina e Kinostudios me projektorin portativ ne sup.Per fat te keq, pjeset e censuruara asgjesoheshin menjehere.Ndonjehere, brenda Kinostudios ekzistonte nje censure edhe me e forte se ajo qe ushtrohej nga Komiteti Qendror.Nje masaker e vertete ka ndodhur edhe me filmat e huaj… para se te dilnin ne kinema per publikun kalonin nepermjet gersheres ne montazh, ku “qetheshin” te gjitha skenat te ashtuquajtura “degjeneruese” qe nga puthjet apo kontaktet e tjera fizike e deri te skenat e dhunes, sa qe ka plot raste kur filmit i ka humbur kuptimi prej mungeses se skenave.Cfare eshte bere per gjetjen e tyre?Para disa vjetesh, regjisori Kristaq Dhamo erdhi ne Arkivin e Filmit me pjese te hequra nga filmi i tij “Brazdat”, pjese te cilat i kish ruajtur ne shtepi.Mbase kjo ishte menyra me e mire per t’i ruajtur pjeset e censuruara, por te pakte jane regjisoret qe e bene kete.Duke punuar me regjisoren e montazhit te AQSHF-se, Nazmije Gazheli, Dhamo e ri-montoi filmin “Brazdat”, duke i futur serish pjeset e hequra.Por, fatkeqesisht, ky eshte rasti i pare dhe i vetem i gjetjes dhe ri-perdorimit te tyre.",0.17977638262858453,0.8202236173714155,fake,likely_fake,0.0009721089487618049,real,likely_real,0.8192515084226537,0.8192515084226537,True,True,False
word_char_tfidf,Word + Character TF-IDF,true_783,real,without_albanian_diacritics,Pa ë/ç,1952,"“Nentori i dyte”, ja pse u hoq pjesa kur Isa Boletini luftonte me serbet. Eriona Vyshka, specialiste ne Arkivin Qendror te Filmit tregon mbi kerkimet per te gjetur pjesen e censuruar nga filmi “Nentori i dyte” te cilen regjisori Viktor Gjika e permend ne kujtimet e tijNe fillim te viteve 80-te regjisorit Viktor Gjika, ne prag te jubileut te 70-te te Pavaresise se vendit, do ti linte idea per te realizuar nje prodhim kinematografik mbi ngjarjen me te rendesishme per shqiptaret.Regjisor i suksesshem ne ato vite, emri i te cilit mbante firmen e filmave si “I teti ne bronz”, ”Gjeneral gramafoni”, “Ne cdo stine”, “Njeriu me top”, etj, Gjika kerkonte nje tjeter sfide ne karrieren e tij si artist.Ate, te ekranizimit te udhetimit te Ismail Qemalit drejt Vlores, per te shpallur me 28 nentor 1912-ten pavaresine e Shqiperise.Ne kujtimet e lena pas, regjisori tregon per kete moment:“Deri ne ato vite angazhimi ne nje veper te tille ishte i paprecedente nga ana e kinematografise shqiptare.Deri atehere nuk ishte realizuar asgje ne kete teme, nuk ishte shkruar asnje drame, roman apo tregim, as ne lemin e arteve figurative, nuk kishte ndonje portret apo tablo e aq me teper ne fushen e muzikes se kultivuar.Per ccudi edhe ne historiografine shqiptare nuk kishte shume materiale, studime e botime.Ne duart e mia kisha vetem librushken “Ismail Qemali”, te shkruar nga Skender Luarasi, nje shirit me kenge popullore e shume pak fotografi.Si i thone fjales i “hyra detit ne kembe”, shkruan Gjika ne kujtime.Teksa flet per veshtiresite e ketij realizimi, kasten e aktoreve me te cilet punoj, ku vecon Sander Prosin ne rolin e Isa Boletinit, regjisori flet per here te pare per ekzistencen e nje pjese te censuruar te filmit.“E vetmja veshtiresi qe nuk u kapercye dot ishte vendimi i Komisionit te Kontrollit Paraprak per te hequr nga filmi episodin “Beteja tek ura me tre harqe”, ne te cilen Isa Boletini detyrohet te ndeshet me ushtaret serbe, qe te hape rrugen per te qene prezent ne momentin e Shpalljes se Pavaresise.Ishte pikerisht kjo beteje qe e coi Isen ne Vlore dy dite me vonese.Episodi ishte mjaft dramatik. Peisazhi i ashper malor, ura antike, lumi plot ujera te turbullta, perleshja trup me trup aty mbi ure dhe kapja rob e ndeshkimi i oficerit serb Mitrovcc, masakruesi i kosovareve ne fillim te filmit, e benin ate episod sipas kolegeve te mi qe arriten ta shohin filmin e pacensuruar, nje nga me te bukurit te xhiruar prej meje ne kinematografi.Po nuk qe e thene! U ngul kembe qe episodi te hiqej, ndryshe filmi nuk do te shfaqej”, shkruan Gjika ne kujtime.Ai shkruan se heqja e ketij episodi pas censurimeve qe kishte pasur ne filma si “Gjeneral gramafoni” dhe “Yjet e neteve te gjata” si “Plaga e trete e Gjergj Elez Alise”, plage qe do ti hapej sa here qe shihte filmin.“Me dukej se nuk rezistova sa duhet per ta mbrojtur episodin.Ndoshta kishte ndikuar dhe lodhja e tepert e akumuluar gjate krijimit te nje filmi te veshtire.Pervec kesaj me dukej sikur kisha treguar vetem nje pjese te vogel te se vertetes mbi Ismail Qemalin.E une kisha kaq shume per ti thene shikuesit shqiptar.Jeta e personazhit tim ishte aq e pasur sa nuk mund te hynte ne nje film, te vetem artistik.Kjo dhembje me shoqeroi 15 vjet”, shkruan Gjika.Ne kuader te 85-se vjetorit te pavaresise ai do te realizonte nje film te plote dokumentar mbi Ismail Qemalin, ku do te perfshinte edhe xhirime te realizuara ne Stamboll me Sander Prosin qe s’kishte mundur ti perfshinte ne film.Pas viteve 90-te pati perpjekje per tu gjetur pjesa e censuruar ne filmin “Nentori i Dyte”,i cili tashme eshte dhe i restauruar.Gjika u nda nga jeta ne vitin 2009-te, pa mundur ta rishihte edhe njehere betejen fatale te Isa Boletinit, te cilen e kompozoi aq bukur, teksa kerkonte ti jepte jete historise.Eriona Vyshka, specialiste ne Arkivin Qendror te Filmit, dhe njohese e mire e kinematografise vjen me poshte ne nje bisede per te treguar mbi kerkimet e bera per pjese e munguar tek “Nentori i dyte”…Eriona, ju jeni marre me gjetjen e pjeses se humbur nga filmi “Nentori i dyte”, pjese te cilen vete regjisori Viktor Gjika e konfirmon teksa flet per filmin ne kujtimet e tij.Ku jane bere kerkimet, dhe cili ishte fati i tyre?Ne vitin 2012, me rastin e 100 vjetorit te Pavaresise se Shqiperise, me nismen e Projektit te Kinemase Shqiptare u be i mundur restaurimi i filmit “Nentori i dyte”.Gjate punes pergatitore te ketij projekti, ne u perpoqem te vinim ne vend te gjitha defektet apo “pengjet”, qe kishin autoret ne kohen e prodhimit te filmit ne vitin 1982, sepse ne fund te fundit, ky eshte edhe qellimi i nje pune restauruese.Nje nga gjerat kryesore qe duhej ndrequr, ishte ri-perfshirja ne film e nje episodi te filmit qe ishte xhiruar por me pas ishte hequr para se filmi te merrte miratimin perfundimtar nga autoritetet e kohes dhe te dilte ne publik.Kerkimet per episodin e humbur nisen me deshmite e kohes dhe leximin e ri-leximin e kujtimeve te Viktor Gjikes dhe autoreve te tjere, bisedave me operatorin Lionel Konomi, kerkimi per te kontaktuar me regjisoren e montaxhit Marika Vila, e cila jeton ne SHBA, si dhe kalimin ne site te kutive te filmave ne magazinat e AQSHF-se per te hequr dyshimet per ngaterresa te mundshme, ne etiketimet e kutive te filmit.Per fat te keq, metrat e filmit nuk u gjeten dhe mendojme se per fatin e tyre dy jane mundesite ose jane asgjesuar, sic ndodhte rendom ne Kinostudio me materialet qe dilnin jashte perdorimit pas perfundimit te procesit te montazhit, ose gjendet neper kuti pa etiketa apo me etiketa te gabuara ne magazinat e Albafilmit, te cilat keto 20 vitet e fundit e kane ndryshuar shpeshhere vendndodhjen per t’i bere vend ndryshimeve strukturore dhe logjistike qe kane ndodhur ne zonen e ish-Kinostudios.Cfare permbante pjesa e humbur e filmit?Ky ishte episodi i betejes se Isa Boletinit dhe njerezve te tij me serbet.Ai ishte nisur nga Kosova per te ardhur ne Vlore per shpalljen por nuk e arriti daten 28 pikerisht se u vonua duke luftuar ne kete beteje, e keshtu arriti 2 dite pas shpalljes se Pavaresise.Edhe ne histori keshtu ka ndodhur.Por, duke qene se ne ate kohe, ne vitin 1982 kur po prodhohej filmi, marredheniet me ish-Jugosllavine ishin te acaruara, atehere e hoqen kete episod nga filmi, qe te mos behej shkak per perkeqesim te marredhenieve, pasi ne kete beteje u be nje kasaphane e vertete me serbet.Ne dokumentacionin qe kemi ne AQSHF, ka mbetur vetem nje foto qe deshmon per kete episod, nje foto e Isa Boletinit (Reshat Arbana) dhe cetes se tij si edhe materialet e shkruara te filmit, skenari letrar dhe ai teknik ne te cilin zberdhehet episodi ne fjale. Sot, te gjitha materialet jane te disponueshme per studiuesit ne AQSHF.Pak kohe me pare filmi iu nenshtrua dhe restaurimit. Cfare i solli kjo nderhyrje filmit?Qellimi i nje projekti restaurimi eshte ta ktheje vepren ne identitet, duke mbetur sa me prane origjinalit, por, njekohesisht, ta beje ate te perputhshme me kerkesat aktuale te teknologjise e, keshtu, te ri-jetesoje vepren qe te jete e disponueshme per brezat qe do te vijne.Sigurisht, gjate nje procesi restaurimi lindin shume probleme etike, sidomos persa i perket ngjyrave dhe toneve te duhet t’i jepen imazhit, prandaj eshte gjithmone mire qe regjisori apo drejtori i fotografise te jete i pranishem ne kete proces, nese do te ishte e mundur.Specialistet e laboratorit Colorlab ne USA, ku u be restaurimi ne vitin 2012 bene nje pune te mrekullueshme me perpunimin dixhital te imazhit dhe ri-sjelljen e nje imazhi te paster, te qarte, te thelle, me ngjyra te gjalla dhe ne perputhje me formatet e sotme te teknologjise me rezolucion te larte.Per here te pare ne film arrihen te shihen tonet e fytyrave te aktoreve apo stofi i veshjeve te tyre, detajet e peizazheve te natyres shqiptare dhe krijimi i gjendjes emocionale tek publiku nepermjet dritehijeve, ndricimit te diellit, muzgut apo motit te vrenjtur, shiut e baltes.Nje ndreqje tjeter ne variantin e restauruar ishte edhe futja e emrit te nje aktori ne kreditet ne fund te filmit.Amarildo Pregapuca luante rolin e djalit te postes, lajmetarit qe vraponte per te sjelle telegramet dhe njoftimet per delegatet apo udhetimin e Ismail Qemalit, por emri i tij nuk ishte perfshire ne titrat e filmit per arsye “biografike”.Kjo gje u ndreq ne variantin e ri.Ju e keni njohur regjisorin Viktor Gjika. Si e kujtonte ai “Nentorin e dyte”?Padyshim “Nentori i dyte” ishte nje nga veprat me te rendesishme te krijimtarise se Gjikes dhe fakti qe ky film mbetet edhe sot nje embleme dhe ideja e publikut per pavaresine e Shqiperise dhe per Ismail Qemalin lidhet nga ana vizive me filmin dhe karakterin e krijuar nga Sander Prosi, verteton se Viktor Gjika ka pasur te drejte ta donte fort kete film dhe ta perjetonte shume keq episodin e humbur te Isa Boletinit.Ne fondin e Arkivit te Filmit ne ruajme edhe 2 akte nga kinoprovat e “Nentorit te dyte”, madje njerin nga keto, Viktor Gjika e ka xhiruar ne Stamboll.Aty paraqitet Ismail Qemali duke kaluar perpara Portes se Larte, per te treguar lobimin qe ai beri ne qarqet nderkombetare per ceshtjen e pavaresise se Shqiperise.Keto imazhe nuk u perfshine ne film, por Gjika i perdori keto ne dokumentarin e fundit qe realizoi, “Gjuhe qe nuk vdes” me rastin e 50-vjetorit te kinematografise shqiptare, ne vitin 2002.Eshte e njohur praktika e censurimit te filmave, perpara se te shfaqeshin per publikun.A jane ruajtur keto censurime,a i disponon arkivi pjeset e hequra nga filma te ndryshem?Para se filmi te miratohej nga komisionet perkatese dhe te dilte ne publik, autoritetet siguroheshin qe vepra te ishte korrekte nga ana ideologjike dhe politike.Nje mase te tille e merrnin edhe vete autoret nepermjet nje autocensure ne procesin e tyre krijues, gje qe duhej bere se s’ben se perndryshe jo vetem qe vepra e tyre nuk e shihte driten e kinemase por rrezikohej edhe jeta e tyre.Disa prej tyre e kamuflonin te verteten qe donin te rrefenin nepermjet metaforave apo mjeteve te tjera shprehese artistike.Piro Milkani tregon gjithnje se si regjisoret prisnin me ankth kthimin e projeksionistit te Kinostudios nga shfaqja e pare ne Komitetin Qendror dhe e lexonin miratimin apo rrezimin e filmit, nga shprehja e fytyres se projeksionistit, sapo zbriste nga makina e Kinostudios me projektorin portativ ne sup.Per fat te keq, pjeset e censuruara asgjesoheshin menjehere.Ndonjehere, brenda Kinostudios ekzistonte nje censure edhe me e forte se ajo qe ushtrohej nga Komiteti Qendror.Nje masaker e vertete ka ndodhur edhe me filmat e huaj… para se te dilnin ne kinema per publikun kalonin nepermjet gersheres ne montazh, ku “qetheshin” te gjitha skenat te ashtuquajtura “degjeneruese” qe nga puthjet apo kontaktet e tjera fizike e deri te skenat e dhunes, sa qe ka plot raste kur filmit i ka humbur kuptimi prej mungeses se skenave.Cfare eshte bere per gjetjen e tyre?Para disa vjetesh, regjisori Kristaq Dhamo erdhi ne Arkivin e Filmit me pjese te hequra nga filmi i tij “Brazdat”, pjese te cilat i kish ruajtur ne shtepi.Mbase kjo ishte menyra me e mire per t’i ruajtur pjeset e censuruara, por te pakte jane regjisoret qe e bene kete.Duke punuar me regjisoren e montazhit te AQSHF-se, Nazmije Gazheli, Dhamo e ri-montoi filmin “Brazdat”, duke i futur serish pjeset e hequra.Por, fatkeqesisht, ky eshte rasti i pare dhe i vetem i gjetjes dhe ri-perdorimit te tyre.",0.02259927460590605,0.977400725394094,fake,likely_fake,0.00026903418375681795,real,likely_real,0.9771316912103372,0.9771316912103372,True,True,False
word_tfidf,Word TF-IDF,true_783,real,unicode_nfc_from_nfd,Unicode i normalizuar,1952,"“Nëntori i dytë”, ja pse u hoq pjesa kur Isa Boletini luftonte me serbët. Eriona Vyshka, specialiste në Arkivin Qendror të Filmit tregon mbi kërkimet për të gjetur pjesën e censuruar nga filmi “Nëntori i dytë” të cilën regjisori Viktor Gjika e përmend në kujtimet e tijNë fillim të viteve 80-të regjisorit Viktor Gjika, në prag të jubileut të 70-të të Pavarësisë së vendit, do ti linte idea për të realizuar një prodhim kinematografik mbi ngjarjen më të rëndësishme për shqiptarët.Regjisor i suksesshëm në ato vite, emri i të cilit mbante firmën e filmave si “I teti në bronz”, ”Gjeneral gramafoni”, “Në çdo stinë”, “Njeriu me top”, etj, Gjika kërkonte një tjetër sfidë në karrierën e tij si artist.Atë, të ekranizimit të udhëtimit të Ismail Qemalit drejt Vlorës, për të shpallur më 28 nëntor 1912-tën pavarësinë e Shqipërisë.Në kujtimet e lëna pas, regjisori tregon për këtë moment:“Deri në ato vite angazhimi në një vepër të tillë ishte i paprecedentë nga ana e kinematografisë shqiptare.Deri atëherë nuk ishte realizuar asgjë në këtë temë, nuk ishte shkruar asnjë dramë, roman apo tregim, as në lëmin e arteve figurative, nuk kishte ndonjë portret apo tablo e aq më tepër në fushën e muzikës së kultivuar.Për ccudi edhe në historiografinë shqiptare nuk kishte shumë materiale, studime e botime.Në duart e mia kisha vetëm librushkën “Ismail Qemali”, të shkruar nga Skënder Luarasi, një shirit me këngë popullore e shumë pak fotografi.Si i thonë fjalës i “hyra detit në këmbë”, shkruan Gjika në kujtime.Teksa flet për vështirësitë e këtij realizimi, kastën e aktorëve më të cilët punoj, ku veçon Sandër Prosin në rolin e Isa Boletinit, regjisori flet për herë të parë për ekzistencën e një pjese të censuruar të filmit.“E vetmja vështirësi që nuk u kapërcye dot ishte vendimi i Komisionit të Kontrollit Paraprak për të hequr nga filmi episodin “Beteja tek ura me tre harqe”, në të cilën Isa Boletini detyrohet të ndeshet me ushtarët serbë, që të hapë rrugën për të qenë prezent në momentin e Shpalljes së Pavarësisë.Ishte pikërisht kjo betejë që e çoi Isën në Vlorë dy ditë me vonesë.Episodi ishte mjaft dramatik. Peisazhi i ashpër malor, ura antike, lumi plot ujëra të turbullta, përleshja trup më trup aty mbi urë dhe kapja rob e ndëshkimi i oficerit serb Mitrovcç, masakruesi i kosovarëve në fillim të filmit, e bënin atë episod sipas kolegëve të mi që arritën ta shohin filmin e pacensuruar, një nga më të bukurit të xhiruar prej meje në kinematografi.Po nuk qe e thënë! U ngul këmbë që episodi të hiqej, ndryshe filmi nuk do të shfaqej”, shkruan Gjika në kujtime.Ai shkruan se heqja e këtij episodi pas censurimeve që kishte pasur në filma si “Gjeneral gramafoni” dhe “Yjet e netëve të gjata” si “Plaga e tretë e Gjergj Elez Alisë”, plagë që do ti hapej sa herë që shihte filmin.“Më dukej se nuk rezistova sa duhet për ta mbrojtur episodin.Ndoshta kishte ndikuar dhe lodhja e tepërt e akumuluar gjatë krijimit të një filmi të vështirë.Përveç kësaj më dukej sikur kisha treguar vetëm një pjesë të vogël të së vërtetës mbi Ismail Qemalin.E unë kisha kaq shumë për ti thënë shikuesit shqiptar.Jeta e personazhit tim ishte aq e pasur sa nuk mund të hynte në një film, të vetëm artistik.Kjo dhembje më shoqëroi 15 vjet”, shkruan Gjika.Në kuadër të 85-së vjetorit të pavarësisë ai do të realizonte një film të plotë dokumentar mbi Ismail Qemalin, ku do të përfshinte edhe xhirime të realizuara në Stamboll me Sandër Prosin që s’kishte mundur ti përfshinte në film.Pas viteve 90-të pati përpjekje për tu gjetur pjesa e censuruar në filmin “Nëntori i Dytë”,i cili tashmë është dhe i restauruar.Gjika u nda nga jeta në vitin 2009-të, pa mundur ta rishihte edhe njëherë betejën fatale të Isa Boletinit, të cilën e kompozoi aq bukur, teksa kërkonte ti jepte jetë historisë.Eriona Vyshka, specialiste në Arkivin Qendror të Filmit, dhe njohëse e mirë e kinematografisë vjen më poshtë në një bisedë për të treguar mbi kërkimet e bëra për pjesë e munguar tek “Nëntori i dytë”…Eriona, ju jeni marrë me gjetjen e pjesës së humbur nga filmi “Nëntori i dytë”, pjesë të cilën vetë regjisori Viktor Gjika e konfirmon teksa flet për filmin në kujtimet e tij.Ku janë bërë kërkimet, dhe cili ishte fati i tyre?Në vitin 2012, më rastin e 100 vjetorit të Pavarësisë së Shqipërisë, me nismën e Projektit të Kinemasë Shqiptare u bë i mundur restaurimi i filmit “Nëntori i dytë”.Gjatë punës përgatitore të këtij projekti, ne u përpoqëm të vinim në vend të gjitha defektet apo “pengjet”, që kishin autorët në kohën e prodhimit të filmit në vitin 1982, sepse në fund të fundit, ky është edhe qëllimi i një pune restauruese.Një nga gjërat kryesore që duhej ndrequr, ishte ri-përfshirja në film e një episodi të filmit që ishte xhiruar por më pas ishte hequr para se filmi të merrte miratimin përfundimtar nga autoritetet e kohës dhe të dilte në publik.Kërkimet për episodin e humbur nisën me dëshmitë e kohës dhe leximin e ri-leximin e kujtimeve të Viktor Gjikës dhe autorëve të tjerë, bisedave me operatorin Lionel Konomi, kërkimi për të kontaktuar me regjisoren e montaxhit Marika Vila, e cila jeton në SHBA, si dhe kalimin në sitë të kutive të filmave në magazinat e AQSHF-së për të hequr dyshimet për ngatërresa të mundshme, në etiketimet e kutive të filmit.Për fat të keq, metrat e filmit nuk u gjetën dhe mendojmë se për fatin e tyre dy janë mundësitë ose janë asgjësuar, siç ndodhte rëndom në Kinostudio me materialet që dilnin jashtë përdorimit pas përfundimit të procesit të montazhit, ose gjendet nëpër kuti pa etiketa apo me etiketa të gabuara në magazinat e Albafilmit, të cilat këto 20 vitet e fundit e kanë ndryshuar shpeshherë vendndodhjen për t’i bërë vend ndryshimeve strukturore dhe logjistike që kanë ndodhur në zonën e ish-Kinostudios.Çfarë përmbante pjesa e humbur e filmit?Ky ishte episodi i betejës së Isa Boletinit dhe njerëzve të tij me serbët.Ai ishte nisur nga Kosova për të ardhur në Vlorë për shpalljen por nuk e arriti datën 28 pikërisht se u vonua duke luftuar në këtë betejë, e kështu arriti 2 ditë pas shpalljes së Pavarësisë.Edhe në histori kështu ka ndodhur.Por, duke qenë se në atë kohë, në vitin 1982 kur po prodhohej filmi, marrëdhëniet me ish-Jugosllavinë ishin të acaruara, atëherë e hoqën këtë episod nga filmi, që të mos bëhej shkak për përkeqësim të marrëdhënieve, pasi në këtë betejë u bë një kasaphanë e vërtetë me serbët.Në dokumentacionin që kemi në AQSHF, ka mbetur vetëm një foto që dëshmon për këtë episod, një foto e Isa Boletinit (Reshat Arbana) dhe çetës së tij si edhe materialet e shkruara të filmit, skenari letrar dhe ai teknik në të cilin zbërdhehet episodi në fjalë. Sot, të gjitha materialet janë të disponueshme për studiuesit në AQSHF.Pak kohë më parë filmi iu nënshtrua dhe restaurimit. Çfarë i solli kjo ndërhyrje filmit?Qëllimi i një projekti restaurimi është ta kthejë veprën në identitet, duke mbetur sa më pranë origjinalit, por, njëkohësisht, ta bëjë atë të përputhshme me kërkesat aktuale të teknologjisë e, kështu, të ri-jetësojë veprën që të jetë e disponueshme për brezat që do të vijnë.Sigurisht, gjatë një procesi restaurimi lindin shumë probleme etike, sidomos përsa i përket ngjyrave dhe toneve të duhet t’i jepen imazhit, prandaj është gjithmonë mirë që regjisori apo drejtori i fotografisë të jetë i pranishëm në këtë proces, nëse do të ishte e mundur.Specialistët e laboratorit Colorlab në USA, ku u bë restaurimi në vitin 2012 bënë një punë të mrekullueshme me përpunimin dixhital të imazhit dhe ri-sjelljen e një imazhi të pastër, të qartë, të thellë, me ngjyra të gjalla dhe në përputhje me formatet e sotme të teknologjisë me rezolucion të lartë.Për herë të parë në film arrihen të shihen tonet e fytyrave të aktorëve apo stofi i veshjeve të tyre, detajet e peizazheve të natyrës shqiptare dhe krijimi i gjendjes emocionale tek publiku nëpërmjet dritëhijeve, ndriçimit të diellit, muzgut apo motit të vrenjtur, shiut e baltës.Një ndreqje tjetër në variantin e restauruar ishte edhe futja e emrit të një aktori në kreditet në fund të filmit.Amarildo Pregapuca luante rolin e djalit të postës, lajmëtarit që vraponte për të sjellë telegramet dhe njoftimet për delegatët apo udhëtimin e Ismail Qemalit, por emri i tij nuk ishte përfshirë në titrat e filmit për arsye “biografike”.Kjo gjë u ndreq në variantin e ri.Ju e keni njohur regjisorin Viktor Gjika. Si e kujtonte ai “Nëntorin e dytë”?Padyshim “Nëntori i dytë” ishte një nga veprat më të rëndësishme të krijimtarisë së Gjikës dhe fakti që ky film mbetet edhe sot një emblemë dhe ideja e publikut për pavarësinë e Shqipërisë dhe për Ismail Qemalin lidhet nga ana vizive me filmin dhe karakterin e krijuar nga Sandër Prosi, vërteton se Viktor Gjika ka pasur të drejtë ta donte fort këtë film dhe ta përjetonte shumë keq episodin e humbur të Isa Boletinit.Në fondin e Arkivit të Filmit ne ruajmë edhe 2 akte nga kinoprovat e “Nëntorit të dytë”, madje njërin nga këto, Viktor Gjika e ka xhiruar në Stamboll.Aty paraqitet Ismail Qemali duke kaluar përpara Portës së Lartë, për të treguar lobimin që ai bëri në qarqet ndërkombëtare për çështjen e pavarësisë së Shqipërisë.Këto imazhe nuk u përfshinë në film, por Gjika i përdori këto në dokumentarin e fundit që realizoi, “Gjuhë që nuk vdes” me rastin e 50-vjetorit të kinematografisë shqiptare, në vitin 2002.Është e njohur praktika e censurimit të filmave, përpara se të shfaqeshin për publikun.A janë ruajtur këto censurime,a i disponon arkivi pjesët e hequra nga filma të ndryshëm?Para se filmi të miratohej nga komisionet përkatëse dhe të dilte në publik, autoritetet siguroheshin që vepra të ishte korrekte nga ana ideologjike dhe politike.Një masë të tillë e merrnin edhe vetë autorët nëpërmjet një autocensure në procesin e tyre krijues, gjë që duhej bërë se s’bën se përndryshe jo vetëm që vepra e tyre nuk e shihte dritën e kinemasë por rrezikohej edhe jeta e tyre.Disa prej tyre e kamuflonin të vërtetën që donin të rrëfenin nëpërmjet metaforave apo mjeteve të tjera shprehëse artistike.Piro Milkani tregon gjithnjë se si regjisorët prisnin me ankth kthimin e projeksionistit të Kinostudios nga shfaqja e parë në Komitetin Qendror dhe e lexonin miratimin apo rrëzimin e filmit, nga shprehja e fytyrës së projeksionistit, sapo zbriste nga makina e Kinostudios me projektorin portativ në sup.Për fat të keq, pjesët e censuruara asgjësoheshin menjëherë.Ndonjëherë, brenda Kinostudios ekzistonte një censurë edhe më e fortë se ajo që ushtrohej nga Komiteti Qendror.Një masakër e vërtetë ka ndodhur edhe me filmat e huaj… para se të dilnin në kinema për publikun kalonin nëpërmjet gërshërës në montazh, ku “qetheshin” të gjitha skenat të ashtuquajtura “degjeneruese” që nga puthjet apo kontaktet e tjera fizike e deri te skenat e dhunës, sa që ka plot raste kur filmit i ka humbur kuptimi prej mungesës së skenave.Çfarë është bërë për gjetjen e tyre?Para disa vjetësh, regjisori Kristaq Dhamo erdhi në Arkivin e Filmit me pjesë të hequra nga filmi i tij “Brazdat”, pjesë të cilat i kish ruajtur në shtëpi.Mbase kjo ishte mënyra më e mirë për t’i ruajtur pjesët e censuruara, por të paktë janë regjisorët që e bënë këtë.Duke punuar me regjisoren e montazhit të AQSHF-së, Nazmije Gazheli, Dhamo e ri-montoi filmin “Brazdat”, duke i futur sërish pjesët e hequra.Por, fatkeqësisht, ky është rasti i parë dhe i vetëm i gjetjes dhe ri-përdorimit të tyre.",0.9997686789874504,0.00023132101254961992,real,likely_real,0.00023132101254961992,real,likely_real,0.0,0.0,False,False,True
char_tfidf,Character TF-IDF,true_783,real,unicode_nfc_from_nfd,Unicode i normalizuar,1952,"“Nëntori i dytë”, ja pse u hoq pjesa kur Isa Boletini luftonte me serbët. Eriona Vyshka, specialiste në Arkivin Qendror të Filmit tregon mbi kërkimet për të gjetur pjesën e censuruar nga filmi “Nëntori i dytë” të cilën regjisori Viktor Gjika e përmend në kujtimet e tijNë fillim të viteve 80-të regjisorit Viktor Gjika, në prag të jubileut të 70-të të Pavarësisë së vendit, do ti linte idea për të realizuar një prodhim kinematografik mbi ngjarjen më të rëndësishme për shqiptarët.Regjisor i suksesshëm në ato vite, emri i të cilit mbante firmën e filmave si “I teti në bronz”, ”Gjeneral gramafoni”, “Në çdo stinë”, “Njeriu me top”, etj, Gjika kërkonte një tjetër sfidë në karrierën e tij si artist.Atë, të ekranizimit të udhëtimit të Ismail Qemalit drejt Vlorës, për të shpallur më 28 nëntor 1912-tën pavarësinë e Shqipërisë.Në kujtimet e lëna pas, regjisori tregon për këtë moment:“Deri në ato vite angazhimi në një vepër të tillë ishte i paprecedentë nga ana e kinematografisë shqiptare.Deri atëherë nuk ishte realizuar asgjë në këtë temë, nuk ishte shkruar asnjë dramë, roman apo tregim, as në lëmin e arteve figurative, nuk kishte ndonjë portret apo tablo e aq më tepër në fushën e muzikës së kultivuar.Për ccudi edhe në historiografinë shqiptare nuk kishte shumë materiale, studime e botime.Në duart e mia kisha vetëm librushkën “Ismail Qemali”, të shkruar nga Skënder Luarasi, një shirit me këngë popullore e shumë pak fotografi.Si i thonë fjalës i “hyra detit në këmbë”, shkruan Gjika në kujtime.Teksa flet për vështirësitë e këtij realizimi, kastën e aktorëve më të cilët punoj, ku veçon Sandër Prosin në rolin e Isa Boletinit, regjisori flet për herë të parë për ekzistencën e një pjese të censuruar të filmit.“E vetmja vështirësi që nuk u kapërcye dot ishte vendimi i Komisionit të Kontrollit Paraprak për të hequr nga filmi episodin “Beteja tek ura me tre harqe”, në të cilën Isa Boletini detyrohet të ndeshet me ushtarët serbë, që të hapë rrugën për të qenë prezent në momentin e Shpalljes së Pavarësisë.Ishte pikërisht kjo betejë që e çoi Isën në Vlorë dy ditë me vonesë.Episodi ishte mjaft dramatik. Peisazhi i ashpër malor, ura antike, lumi plot ujëra të turbullta, përleshja trup më trup aty mbi urë dhe kapja rob e ndëshkimi i oficerit serb Mitrovcç, masakruesi i kosovarëve në fillim të filmit, e bënin atë episod sipas kolegëve të mi që arritën ta shohin filmin e pacensuruar, një nga më të bukurit të xhiruar prej meje në kinematografi.Po nuk qe e thënë! U ngul këmbë që episodi të hiqej, ndryshe filmi nuk do të shfaqej”, shkruan Gjika në kujtime.Ai shkruan se heqja e këtij episodi pas censurimeve që kishte pasur në filma si “Gjeneral gramafoni” dhe “Yjet e netëve të gjata” si “Plaga e tretë e Gjergj Elez Alisë”, plagë që do ti hapej sa herë që shihte filmin.“Më dukej se nuk rezistova sa duhet për ta mbrojtur episodin.Ndoshta kishte ndikuar dhe lodhja e tepërt e akumuluar gjatë krijimit të një filmi të vështirë.Përveç kësaj më dukej sikur kisha treguar vetëm një pjesë të vogël të së vërtetës mbi Ismail Qemalin.E unë kisha kaq shumë për ti thënë shikuesit shqiptar.Jeta e personazhit tim ishte aq e pasur sa nuk mund të hynte në një film, të vetëm artistik.Kjo dhembje më shoqëroi 15 vjet”, shkruan Gjika.Në kuadër të 85-së vjetorit të pavarësisë ai do të realizonte një film të plotë dokumentar mbi Ismail Qemalin, ku do të përfshinte edhe xhirime të realizuara në Stamboll me Sandër Prosin që s’kishte mundur ti përfshinte në film.Pas viteve 90-të pati përpjekje për tu gjetur pjesa e censuruar në filmin “Nëntori i Dytë”,i cili tashmë është dhe i restauruar.Gjika u nda nga jeta në vitin 2009-të, pa mundur ta rishihte edhe njëherë betejën fatale të Isa Boletinit, të cilën e kompozoi aq bukur, teksa kërkonte ti jepte jetë historisë.Eriona Vyshka, specialiste në Arkivin Qendror të Filmit, dhe njohëse e mirë e kinematografisë vjen më poshtë në një bisedë për të treguar mbi kërkimet e bëra për pjesë e munguar tek “Nëntori i dytë”…Eriona, ju jeni marrë me gjetjen e pjesës së humbur nga filmi “Nëntori i dytë”, pjesë të cilën vetë regjisori Viktor Gjika e konfirmon teksa flet për filmin në kujtimet e tij.Ku janë bërë kërkimet, dhe cili ishte fati i tyre?Në vitin 2012, më rastin e 100 vjetorit të Pavarësisë së Shqipërisë, me nismën e Projektit të Kinemasë Shqiptare u bë i mundur restaurimi i filmit “Nëntori i dytë”.Gjatë punës përgatitore të këtij projekti, ne u përpoqëm të vinim në vend të gjitha defektet apo “pengjet”, që kishin autorët në kohën e prodhimit të filmit në vitin 1982, sepse në fund të fundit, ky është edhe qëllimi i një pune restauruese.Një nga gjërat kryesore që duhej ndrequr, ishte ri-përfshirja në film e një episodi të filmit që ishte xhiruar por më pas ishte hequr para se filmi të merrte miratimin përfundimtar nga autoritetet e kohës dhe të dilte në publik.Kërkimet për episodin e humbur nisën me dëshmitë e kohës dhe leximin e ri-leximin e kujtimeve të Viktor Gjikës dhe autorëve të tjerë, bisedave me operatorin Lionel Konomi, kërkimi për të kontaktuar me regjisoren e montaxhit Marika Vila, e cila jeton në SHBA, si dhe kalimin në sitë të kutive të filmave në magazinat e AQSHF-së për të hequr dyshimet për ngatërresa të mundshme, në etiketimet e kutive të filmit.Për fat të keq, metrat e filmit nuk u gjetën dhe mendojmë se për fatin e tyre dy janë mundësitë ose janë asgjësuar, siç ndodhte rëndom në Kinostudio me materialet që dilnin jashtë përdorimit pas përfundimit të procesit të montazhit, ose gjendet nëpër kuti pa etiketa apo me etiketa të gabuara në magazinat e Albafilmit, të cilat këto 20 vitet e fundit e kanë ndryshuar shpeshherë vendndodhjen për t’i bërë vend ndryshimeve strukturore dhe logjistike që kanë ndodhur në zonën e ish-Kinostudios.Çfarë përmbante pjesa e humbur e filmit?Ky ishte episodi i betejës së Isa Boletinit dhe njerëzve të tij me serbët.Ai ishte nisur nga Kosova për të ardhur në Vlorë për shpalljen por nuk e arriti datën 28 pikërisht se u vonua duke luftuar në këtë betejë, e kështu arriti 2 ditë pas shpalljes së Pavarësisë.Edhe në histori kështu ka ndodhur.Por, duke qenë se në atë kohë, në vitin 1982 kur po prodhohej filmi, marrëdhëniet me ish-Jugosllavinë ishin të acaruara, atëherë e hoqën këtë episod nga filmi, që të mos bëhej shkak për përkeqësim të marrëdhënieve, pasi në këtë betejë u bë një kasaphanë e vërtetë me serbët.Në dokumentacionin që kemi në AQSHF, ka mbetur vetëm një foto që dëshmon për këtë episod, një foto e Isa Boletinit (Reshat Arbana) dhe çetës së tij si edhe materialet e shkruara të filmit, skenari letrar dhe ai teknik në të cilin zbërdhehet episodi në fjalë. Sot, të gjitha materialet janë të disponueshme për studiuesit në AQSHF.Pak kohë më parë filmi iu nënshtrua dhe restaurimit. Çfarë i solli kjo ndërhyrje filmit?Qëllimi i një projekti restaurimi është ta kthejë veprën në identitet, duke mbetur sa më pranë origjinalit, por, njëkohësisht, ta bëjë atë të përputhshme me kërkesat aktuale të teknologjisë e, kështu, të ri-jetësojë veprën që të jetë e disponueshme për brezat që do të vijnë.Sigurisht, gjatë një procesi restaurimi lindin shumë probleme etike, sidomos përsa i përket ngjyrave dhe toneve të duhet t’i jepen imazhit, prandaj është gjithmonë mirë që regjisori apo drejtori i fotografisë të jetë i pranishëm në këtë proces, nëse do të ishte e mundur.Specialistët e laboratorit Colorlab në USA, ku u bë restaurimi në vitin 2012 bënë një punë të mrekullueshme me përpunimin dixhital të imazhit dhe ri-sjelljen e një imazhi të pastër, të qartë, të thellë, me ngjyra të gjalla dhe në përputhje me formatet e sotme të teknologjisë me rezolucion të lartë.Për herë të parë në film arrihen të shihen tonet e fytyrave të aktorëve apo stofi i veshjeve të tyre, detajet e peizazheve të natyrës shqiptare dhe krijimi i gjendjes emocionale tek publiku nëpërmjet dritëhijeve, ndriçimit të diellit, muzgut apo motit të vrenjtur, shiut e baltës.Një ndreqje tjetër në variantin e restauruar ishte edhe futja e emrit të një aktori në kreditet në fund të filmit.Amarildo Pregapuca luante rolin e djalit të postës, lajmëtarit që vraponte për të sjellë telegramet dhe njoftimet për delegatët apo udhëtimin e Ismail Qemalit, por emri i tij nuk ishte përfshirë në titrat e filmit për arsye “biografike”.Kjo gjë u ndreq në variantin e ri.Ju e keni njohur regjisorin Viktor Gjika. Si e kujtonte ai “Nëntorin e dytë”?Padyshim “Nëntori i dytë” ishte një nga veprat më të rëndësishme të krijimtarisë së Gjikës dhe fakti që ky film mbetet edhe sot një emblemë dhe ideja e publikut për pavarësinë e Shqipërisë dhe për Ismail Qemalin lidhet nga ana vizive me filmin dhe karakterin e krijuar nga Sandër Prosi, vërteton se Viktor Gjika ka pasur të drejtë ta donte fort këtë film dhe ta përjetonte shumë keq episodin e humbur të Isa Boletinit.Në fondin e Arkivit të Filmit ne ruajmë edhe 2 akte nga kinoprovat e “Nëntorit të dytë”, madje njërin nga këto, Viktor Gjika e ka xhiruar në Stamboll.Aty paraqitet Ismail Qemali duke kaluar përpara Portës së Lartë, për të treguar lobimin që ai bëri në qarqet ndërkombëtare për çështjen e pavarësisë së Shqipërisë.Këto imazhe nuk u përfshinë në film, por Gjika i përdori këto në dokumentarin e fundit që realizoi, “Gjuhë që nuk vdes” me rastin e 50-vjetorit të kinematografisë shqiptare, në vitin 2002.Është e njohur praktika e censurimit të filmave, përpara se të shfaqeshin për publikun.A janë ruajtur këto censurime,a i disponon arkivi pjesët e hequra nga filma të ndryshëm?Para se filmi të miratohej nga komisionet përkatëse dhe të dilte në publik, autoritetet siguroheshin që vepra të ishte korrekte nga ana ideologjike dhe politike.Një masë të tillë e merrnin edhe vetë autorët nëpërmjet një autocensure në procesin e tyre krijues, gjë që duhej bërë se s’bën se përndryshe jo vetëm që vepra e tyre nuk e shihte dritën e kinemasë por rrezikohej edhe jeta e tyre.Disa prej tyre e kamuflonin të vërtetën që donin të rrëfenin nëpërmjet metaforave apo mjeteve të tjera shprehëse artistike.Piro Milkani tregon gjithnjë se si regjisorët prisnin me ankth kthimin e projeksionistit të Kinostudios nga shfaqja e parë në Komitetin Qendror dhe e lexonin miratimin apo rrëzimin e filmit, nga shprehja e fytyrës së projeksionistit, sapo zbriste nga makina e Kinostudios me projektorin portativ në sup.Për fat të keq, pjesët e censuruara asgjësoheshin menjëherë.Ndonjëherë, brenda Kinostudios ekzistonte një censurë edhe më e fortë se ajo që ushtrohej nga Komiteti Qendror.Një masakër e vërtetë ka ndodhur edhe me filmat e huaj… para se të dilnin në kinema për publikun kalonin nëpërmjet gërshërës në montazh, ku “qetheshin” të gjitha skenat të ashtuquajtura “degjeneruese” që nga puthjet apo kontaktet e tjera fizike e deri te skenat e dhunës, sa që ka plot raste kur filmit i ka humbur kuptimi prej mungesës së skenave.Çfarë është bërë për gjetjen e tyre?Para disa vjetësh, regjisori Kristaq Dhamo erdhi në Arkivin e Filmit me pjesë të hequra nga filmi i tij “Brazdat”, pjesë të cilat i kish ruajtur në shtëpi.Mbase kjo ishte mënyra më e mirë për t’i ruajtur pjesët e censuruara, por të paktë janë regjisorët që e bënë këtë.Duke punuar me regjisoren e montazhit të AQSHF-së, Nazmije Gazheli, Dhamo e ri-montoi filmin “Brazdat”, duke i futur sërish pjesët e hequra.Por, fatkeqësisht, ky është rasti i parë dhe i vetëm i gjetjes dhe ri-përdorimit të tyre.",0.9990278910512382,0.0009721089487618049,real,likely_real,0.0009721089487618049,real,likely_real,0.0,0.0,False,False,True
word_char_tfidf,Word + Character TF-IDF,true_783,real,unicode_nfc_from_nfd,Unicode i normalizuar,1952,"“Nëntori i dytë”, ja pse u hoq pjesa kur Isa Boletini luftonte me serbët. Eriona Vyshka, specialiste në Arkivin Qendror të Filmit tregon mbi kërkimet për të gjetur pjesën e censuruar nga filmi “Nëntori i dytë” të cilën regjisori Viktor Gjika e përmend në kujtimet e tijNë fillim të viteve 80-të regjisorit Viktor Gjika, në prag të jubileut të 70-të të Pavarësisë së vendit, do ti linte idea për të realizuar një prodhim kinematografik mbi ngjarjen më të rëndësishme për shqiptarët.Regjisor i suksesshëm në ato vite, emri i të cilit mbante firmën e filmave si “I teti në bronz”, ”Gjeneral gramafoni”, “Në çdo stinë”, “Njeriu me top”, etj, Gjika kërkonte një tjetër sfidë në karrierën e tij si artist.Atë, të ekranizimit të udhëtimit të Ismail Qemalit drejt Vlorës, për të shpallur më 28 nëntor 1912-tën pavarësinë e Shqipërisë.Në kujtimet e lëna pas, regjisori tregon për këtë moment:“Deri në ato vite angazhimi në një vepër të tillë ishte i paprecedentë nga ana e kinematografisë shqiptare.Deri atëherë nuk ishte realizuar asgjë në këtë temë, nuk ishte shkruar asnjë dramë, roman apo tregim, as në lëmin e arteve figurative, nuk kishte ndonjë portret apo tablo e aq më tepër në fushën e muzikës së kultivuar.Për ccudi edhe në historiografinë shqiptare nuk kishte shumë materiale, studime e botime.Në duart e mia kisha vetëm librushkën “Ismail Qemali”, të shkruar nga Skënder Luarasi, një shirit me këngë popullore e shumë pak fotografi.Si i thonë fjalës i “hyra detit në këmbë”, shkruan Gjika në kujtime.Teksa flet për vështirësitë e këtij realizimi, kastën e aktorëve më të cilët punoj, ku veçon Sandër Prosin në rolin e Isa Boletinit, regjisori flet për herë të parë për ekzistencën e një pjese të censuruar të filmit.“E vetmja vështirësi që nuk u kapërcye dot ishte vendimi i Komisionit të Kontrollit Paraprak për të hequr nga filmi episodin “Beteja tek ura me tre harqe”, në të cilën Isa Boletini detyrohet të ndeshet me ushtarët serbë, që të hapë rrugën për të qenë prezent në momentin e Shpalljes së Pavarësisë.Ishte pikërisht kjo betejë që e çoi Isën në Vlorë dy ditë me vonesë.Episodi ishte mjaft dramatik. Peisazhi i ashpër malor, ura antike, lumi plot ujëra të turbullta, përleshja trup më trup aty mbi urë dhe kapja rob e ndëshkimi i oficerit serb Mitrovcç, masakruesi i kosovarëve në fillim të filmit, e bënin atë episod sipas kolegëve të mi që arritën ta shohin filmin e pacensuruar, një nga më të bukurit të xhiruar prej meje në kinematografi.Po nuk qe e thënë! U ngul këmbë që episodi të hiqej, ndryshe filmi nuk do të shfaqej”, shkruan Gjika në kujtime.Ai shkruan se heqja e këtij episodi pas censurimeve që kishte pasur në filma si “Gjeneral gramafoni” dhe “Yjet e netëve të gjata” si “Plaga e tretë e Gjergj Elez Alisë”, plagë që do ti hapej sa herë që shihte filmin.“Më dukej se nuk rezistova sa duhet për ta mbrojtur episodin.Ndoshta kishte ndikuar dhe lodhja e tepërt e akumuluar gjatë krijimit të një filmi të vështirë.Përveç kësaj më dukej sikur kisha treguar vetëm një pjesë të vogël të së vërtetës mbi Ismail Qemalin.E unë kisha kaq shumë për ti thënë shikuesit shqiptar.Jeta e personazhit tim ishte aq e pasur sa nuk mund të hynte në një film, të vetëm artistik.Kjo dhembje më shoqëroi 15 vjet”, shkruan Gjika.Në kuadër të 85-së vjetorit të pavarësisë ai do të realizonte një film të plotë dokumentar mbi Ismail Qemalin, ku do të përfshinte edhe xhirime të realizuara në Stamboll me Sandër Prosin që s’kishte mundur ti përfshinte në film.Pas viteve 90-të pati përpjekje për tu gjetur pjesa e censuruar në filmin “Nëntori i Dytë”,i cili tashmë është dhe i restauruar.Gjika u nda nga jeta në vitin 2009-të, pa mundur ta rishihte edhe njëherë betejën fatale të Isa Boletinit, të cilën e kompozoi aq bukur, teksa kërkonte ti jepte jetë historisë.Eriona Vyshka, specialiste në Arkivin Qendror të Filmit, dhe njohëse e mirë e kinematografisë vjen më poshtë në një bisedë për të treguar mbi kërkimet e bëra për pjesë e munguar tek “Nëntori i dytë”…Eriona, ju jeni marrë me gjetjen e pjesës së humbur nga filmi “Nëntori i dytë”, pjesë të cilën vetë regjisori Viktor Gjika e konfirmon teksa flet për filmin në kujtimet e tij.Ku janë bërë kërkimet, dhe cili ishte fati i tyre?Në vitin 2012, më rastin e 100 vjetorit të Pavarësisë së Shqipërisë, me nismën e Projektit të Kinemasë Shqiptare u bë i mundur restaurimi i filmit “Nëntori i dytë”.Gjatë punës përgatitore të këtij projekti, ne u përpoqëm të vinim në vend të gjitha defektet apo “pengjet”, që kishin autorët në kohën e prodhimit të filmit në vitin 1982, sepse në fund të fundit, ky është edhe qëllimi i një pune restauruese.Një nga gjërat kryesore që duhej ndrequr, ishte ri-përfshirja në film e një episodi të filmit që ishte xhiruar por më pas ishte hequr para se filmi të merrte miratimin përfundimtar nga autoritetet e kohës dhe të dilte në publik.Kërkimet për episodin e humbur nisën me dëshmitë e kohës dhe leximin e ri-leximin e kujtimeve të Viktor Gjikës dhe autorëve të tjerë, bisedave me operatorin Lionel Konomi, kërkimi për të kontaktuar me regjisoren e montaxhit Marika Vila, e cila jeton në SHBA, si dhe kalimin në sitë të kutive të filmave në magazinat e AQSHF-së për të hequr dyshimet për ngatërresa të mundshme, në etiketimet e kutive të filmit.Për fat të keq, metrat e filmit nuk u gjetën dhe mendojmë se për fatin e tyre dy janë mundësitë ose janë asgjësuar, siç ndodhte rëndom në Kinostudio me materialet që dilnin jashtë përdorimit pas përfundimit të procesit të montazhit, ose gjendet nëpër kuti pa etiketa apo me etiketa të gabuara në magazinat e Albafilmit, të cilat këto 20 vitet e fundit e kanë ndryshuar shpeshherë vendndodhjen për t’i bërë vend ndryshimeve strukturore dhe logjistike që kanë ndodhur në zonën e ish-Kinostudios.Çfarë përmbante pjesa e humbur e filmit?Ky ishte episodi i betejës së Isa Boletinit dhe njerëzve të tij me serbët.Ai ishte nisur nga Kosova për të ardhur në Vlorë për shpalljen por nuk e arriti datën 28 pikërisht se u vonua duke luftuar në këtë betejë, e kështu arriti 2 ditë pas shpalljes së Pavarësisë.Edhe në histori kështu ka ndodhur.Por, duke qenë se në atë kohë, në vitin 1982 kur po prodhohej filmi, marrëdhëniet me ish-Jugosllavinë ishin të acaruara, atëherë e hoqën këtë episod nga filmi, që të mos bëhej shkak për përkeqësim të marrëdhënieve, pasi në këtë betejë u bë një kasaphanë e vërtetë me serbët.Në dokumentacionin që kemi në AQSHF, ka mbetur vetëm një foto që dëshmon për këtë episod, një foto e Isa Boletinit (Reshat Arbana) dhe çetës së tij si edhe materialet e shkruara të filmit, skenari letrar dhe ai teknik në të cilin zbërdhehet episodi në fjalë. Sot, të gjitha materialet janë të disponueshme për studiuesit në AQSHF.Pak kohë më parë filmi iu nënshtrua dhe restaurimit. Çfarë i solli kjo ndërhyrje filmit?Qëllimi i një projekti restaurimi është ta kthejë veprën në identitet, duke mbetur sa më pranë origjinalit, por, njëkohësisht, ta bëjë atë të përputhshme me kërkesat aktuale të teknologjisë e, kështu, të ri-jetësojë veprën që të jetë e disponueshme për brezat që do të vijnë.Sigurisht, gjatë një procesi restaurimi lindin shumë probleme etike, sidomos përsa i përket ngjyrave dhe toneve të duhet t’i jepen imazhit, prandaj është gjithmonë mirë që regjisori apo drejtori i fotografisë të jetë i pranishëm në këtë proces, nëse do të ishte e mundur.Specialistët e laboratorit Colorlab në USA, ku u bë restaurimi në vitin 2012 bënë një punë të mrekullueshme me përpunimin dixhital të imazhit dhe ri-sjelljen e një imazhi të pastër, të qartë, të thellë, me ngjyra të gjalla dhe në përputhje me formatet e sotme të teknologjisë me rezolucion të lartë.Për herë të parë në film arrihen të shihen tonet e fytyrave të aktorëve apo stofi i veshjeve të tyre, detajet e peizazheve të natyrës shqiptare dhe krijimi i gjendjes emocionale tek publiku nëpërmjet dritëhijeve, ndriçimit të diellit, muzgut apo motit të vrenjtur, shiut e baltës.Një ndreqje tjetër në variantin e restauruar ishte edhe futja e emrit të një aktori në kreditet në fund të filmit.Amarildo Pregapuca luante rolin e djalit të postës, lajmëtarit që vraponte për të sjellë telegramet dhe njoftimet për delegatët apo udhëtimin e Ismail Qemalit, por emri i tij nuk ishte përfshirë në titrat e filmit për arsye “biografike”.Kjo gjë u ndreq në variantin e ri.Ju e keni njohur regjisorin Viktor Gjika. Si e kujtonte ai “Nëntorin e dytë”?Padyshim “Nëntori i dytë” ishte një nga veprat më të rëndësishme të krijimtarisë së Gjikës dhe fakti që ky film mbetet edhe sot një emblemë dhe ideja e publikut për pavarësinë e Shqipërisë dhe për Ismail Qemalin lidhet nga ana vizive me filmin dhe karakterin e krijuar nga Sandër Prosi, vërteton se Viktor Gjika ka pasur të drejtë ta donte fort këtë film dhe ta përjetonte shumë keq episodin e humbur të Isa Boletinit.Në fondin e Arkivit të Filmit ne ruajmë edhe 2 akte nga kinoprovat e “Nëntorit të dytë”, madje njërin nga këto, Viktor Gjika e ka xhiruar në Stamboll.Aty paraqitet Ismail Qemali duke kaluar përpara Portës së Lartë, për të treguar lobimin që ai bëri në qarqet ndërkombëtare për çështjen e pavarësisë së Shqipërisë.Këto imazhe nuk u përfshinë në film, por Gjika i përdori këto në dokumentarin e fundit që realizoi, “Gjuhë që nuk vdes” me rastin e 50-vjetorit të kinematografisë shqiptare, në vitin 2002.Është e njohur praktika e censurimit të filmave, përpara se të shfaqeshin për publikun.A janë ruajtur këto censurime,a i disponon arkivi pjesët e hequra nga filma të ndryshëm?Para se filmi të miratohej nga komisionet përkatëse dhe të dilte në publik, autoritetet siguroheshin që vepra të ishte korrekte nga ana ideologjike dhe politike.Një masë të tillë e merrnin edhe vetë autorët nëpërmjet një autocensure në procesin e tyre krijues, gjë që duhej bërë se s’bën se përndryshe jo vetëm që vepra e tyre nuk e shihte dritën e kinemasë por rrezikohej edhe jeta e tyre.Disa prej tyre e kamuflonin të vërtetën që donin të rrëfenin nëpërmjet metaforave apo mjeteve të tjera shprehëse artistike.Piro Milkani tregon gjithnjë se si regjisorët prisnin me ankth kthimin e projeksionistit të Kinostudios nga shfaqja e parë në Komitetin Qendror dhe e lexonin miratimin apo rrëzimin e filmit, nga shprehja e fytyrës së projeksionistit, sapo zbriste nga makina e Kinostudios me projektorin portativ në sup.Për fat të keq, pjesët e censuruara asgjësoheshin menjëherë.Ndonjëherë, brenda Kinostudios ekzistonte një censurë edhe më e fortë se ajo që ushtrohej nga Komiteti Qendror.Një masakër e vërtetë ka ndodhur edhe me filmat e huaj… para se të dilnin në kinema për publikun kalonin nëpërmjet gërshërës në montazh, ku “qetheshin” të gjitha skenat të ashtuquajtura “degjeneruese” që nga puthjet apo kontaktet e tjera fizike e deri te skenat e dhunës, sa që ka plot raste kur filmit i ka humbur kuptimi prej mungesës së skenave.Çfarë është bërë për gjetjen e tyre?Para disa vjetësh, regjisori Kristaq Dhamo erdhi në Arkivin e Filmit me pjesë të hequra nga filmi i tij “Brazdat”, pjesë të cilat i kish ruajtur në shtëpi.Mbase kjo ishte mënyra më e mirë për t’i ruajtur pjesët e censuruara, por të paktë janë regjisorët që e bënë këtë.Duke punuar me regjisoren e montazhit të AQSHF-së, Nazmije Gazheli, Dhamo e ri-montoi filmin “Brazdat”, duke i futur sërish pjesët e hequra.Por, fatkeqësisht, ky është rasti i parë dhe i vetëm i gjetjes dhe ri-përdorimit të tyre.",0.9997309658162432,0.00026903418375681795,real,likely_real,0.00026903418375681795,real,likely_real,0.0,0.0,False,False,True
