model,article_id,pair_id,label,label_name,title,word_count,length_group,probability_real,probability_fake,binary_prediction,confidence,decision,prediction_correct,error_type
new_calibrated_svm,true_24,24,0,real,"Po, pajtohem me ambasadorin e ShBA-së",391,long_gt_250,0.9979459747079683,0.0020540252920316538,0,0.9979459747079683,likely_real,True,correct
new_calibrated_svm,true_30,30,0,real,Zemaj: Testi për COVID-19 nuk u kërkohet qytetarëve që vijnë nga Shqipëria dhe Serbia,362,long_gt_250,0.9963815326653351,0.003618467334664897,0,0.9963815326653351,likely_real,True,correct
new_calibrated_svm,true_31,31,0,real,Mjeku shqiptar: Mos u ndjeni të mbrojtur apo supermenë vetëm se keni maskë!,175,medium_121_250,0.9726513758132787,0.027348624186721338,0,0.9726513758132787,likely_real,True,correct
new_calibrated_svm,true_33,33,0,real,LVV në Tiranë kundër ndryshimeve kushtetuese: Deformojnë vullnetin e qytetarëve dhe sistemin zgjedhor,488,long_gt_250,0.9824657506470158,0.01753424935298416,0,0.9824657506470158,likely_real,True,correct
new_calibrated_svm,true_45,45,0,real,BE demanton mediat serbe të cilat raportuan se Brukseli po i jep ultimatum Serbisë për Kosovën,213,medium_121_250,0.6129073294189342,0.38709267058106583,0,0.6129073294189342,uncertain,True,correct
new_calibrated_svm,true_46,46,0,real,"Reagon Mimoza Kusari për sulmin ndaj deputetit të VV-së: Kur ju iku marrja, ju iku edhe mendja e gënjejnë pa turp",118,short_61_120,0.852723255238009,0.147276744761991,0,0.852723255238009,likely_real,True,correct
new_calibrated_svm,true_50,50,0,real,"Detyrim për test corone në Gjermani, por si funksionon ai?",775,long_gt_250,0.9860934380203279,0.01390656197967207,0,0.9860934380203279,likely_real,True,correct
new_calibrated_svm,true_57,57,0,real,"Hoti: Autobusët, taksitë dhe kombibusët do të punojnë me gjysmën e kapaciteteve",65,short_61_120,0.8014676743121301,0.19853232568786988,0,0.8014676743121301,likely_real,True,correct
new_calibrated_svm,true_60,60,0,real,33-vjeçarja e sëmurë u përdhunua nga fqinji/ Apeli prekës i vëllait,262,long_gt_250,0.8925584281308189,0.10744157186918116,0,0.8925584281308189,likely_real,True,correct
new_calibrated_svm,true_64,64,0,real,"Thaçi viziton familjen e Murat dhe Enver Halitit, ndan urdhërin “Hero i Kosovës”",148,medium_121_250,0.7552503504748687,0.24474964952513137,0,0.7552503504748687,likely_real,True,correct
new_calibrated_svm,true_66,66,0,real,Gjiganti turk bën gati ofertën zyrtare për djaloshin e Kosovës,209,medium_121_250,0.9851843883796427,0.014815611620357255,0,0.9851843883796427,likely_real,True,correct
new_calibrated_svm,true_68,68,0,real,Zemaj e konfirmon: Qytetarëve të Shqipërisë që hyjnë në Kosovë nuk u kërkohet testi Covid-19,190,medium_121_250,0.9878657182930592,0.012134281706940789,0,0.9878657182930592,likely_real,True,correct
new_calibrated_svm,true_70,70,0,real,"Nis Haxhi, BIK ka një njoftim për besimtarët myslimanë",199,medium_121_250,0.965941649120427,0.034058350879572964,0,0.965941649120427,likely_real,True,correct
new_calibrated_svm,true_71,71,0,real,"Çfarë kërkuan serbet në Rambuje, e çfarë po kërkon sot Serbia nga Kosova",245,medium_121_250,0.4498477008214796,0.5501522991785204,1,0.5501522991785204,uncertain,False,false_positive
new_calibrated_svm,true_77,77,0,real,Qeveria po na e bëjka varrimin kur të vdesim nga COVID-19...,127,medium_121_250,0.8987184920632831,0.10128150793671686,0,0.8987184920632831,likely_real,True,correct
new_calibrated_svm,true_79,79,0,real,Mësoni kush është bashkëshortja e Driton Selmanajt,171,medium_121_250,0.4948512562859825,0.5051487437140175,1,0.5051487437140175,uncertain,False,false_positive
new_calibrated_svm,true_100,100,0,real,Parashikon Albulena Haxhiu: Shpejt shihemi në zgjedhje të jashtëzakonshme,258,long_gt_250,0.9614803006949857,0.03851969930501431,0,0.9614803006949857,likely_real,True,correct
new_calibrated_svm,true_101,101,0,real,"Gjurmimi i COVID-19, cilat vende po e përjetojnë valën e dytë?",597,long_gt_250,0.9793307883370538,0.02066921166294621,0,0.9793307883370538,likely_real,True,correct
new_calibrated_svm,true_110,110,0,real,"Arbana Xharra: Erdogan ndërton xhami te ne, kurse në Serbi çon biznesmenë",270,long_gt_250,0.8307877888155,0.16921221118449997,0,0.8307877888155,likely_real,True,correct
new_calibrated_svm,true_112,112,0,real,"Masat kundër pandemisë, qeveria merr vendim edhe për çerdhet",74,short_61_120,0.9656388266753799,0.034361173324620124,0,0.9656388266753799,likely_real,True,correct
new_calibrated_svm,true_116,116,0,real,Shtyhet gjykimi ndaj të akuzuarve për vrasjen e rojës së lokalit “Bon Vivant”,1192,long_gt_250,0.9996154247794086,0.00038457522059137965,0,0.9996154247794086,likely_real,True,correct
new_calibrated_svm,true_121,121,0,real,"Makiqi: Zotëri Hashani, kjo që e ke shkruar është rrena më e madhe! Qysh ki fytyrë...",973,long_gt_250,0.9742086078751685,0.025791392124831527,0,0.9742086078751685,likely_real,True,correct
new_calibrated_svm,true_124,124,0,real,Ja vendimet e fundit nga Qeveria e Kosovës për aktivitetet kulturore e sportive,101,short_61_120,0.8005572644188809,0.1994427355811191,0,0.8005572644188809,likely_real,True,correct
new_calibrated_svm,true_125,125,0,real,"Më në fund, Isa Mustafa e “pranoi” se e prishi koalicionin me VV-në",293,long_gt_250,0.890609984218385,0.10939001578161495,0,0.890609984218385,likely_real,True,correct
new_calibrated_svm,true_129,129,0,real,"Burri pranon vrasjen e gruas gjatë pushimeve në Francë, para se të merrte avionin për t’u kthyer",365,long_gt_250,0.987147445871453,0.012852554128546969,0,0.987147445871453,likely_real,True,correct
new_calibrated_svm,true_136,136,0,real,“Rrethohet Kuvendi i Kosovës - rrahën e shkallmohen në dajak - Deputetët e VV-së!?”,165,medium_121_250,0.9525316261069614,0.04746837389303857,0,0.9525316261069614,likely_real,True,correct
new_calibrated_svm,true_163,163,0,real,Kujtim Shala polemizon me Meliza Haradinajn,179,medium_121_250,0.8802827726063531,0.11971722739364686,0,0.8802827726063531,likely_real,True,correct
new_calibrated_svm,true_164,164,0,real,Flet zëvendëskryemistrja: Nuk do të ketë vendim që obligon qytetarët të vetizolohen pas kthimit nga Shqipëria,393,long_gt_250,0.9787184069418404,0.0212815930581596,0,0.9787184069418404,likely_real,True,correct
new_calibrated_svm,true_169,169,0,real,Deputetja Albena Reshitaj tregon se është shëruar nga koronavirusi,231,medium_121_250,0.9694566062432405,0.030543393756759508,0,0.9694566062432405,likely_real,True,correct
new_calibrated_svm,true_174,174,0,real,"Hashani: Aziz Makiqi, ku keni qenë ju gjatë okupimit?",181,medium_121_250,0.9499311957846767,0.05006880421532336,0,0.9499311957846767,likely_real,True,correct
new_calibrated_svm,true_176,176,0,real,"Ministri Reçica viziton OVL-në, të lejohet përfitimi i pensioneve",224,medium_121_250,0.9808215802249152,0.019178419775084794,0,0.9808215802249152,likely_real,True,correct
new_calibrated_svm,true_186,186,0,real,Aziz Makiqi: Disa njerëz në FHK kanë bërë çmos të mos na lejojnë t’i afrohemi Federatës,1091,long_gt_250,0.9952862589370779,0.004713741062922144,0,0.9952862589370779,likely_real,True,correct
new_calibrated_svm,true_189,189,0,real,Novosti: Tri vende janë të gatshme të rishqyrtojnë vendimin për njohjen e Kosovës,183,medium_121_250,0.8770195196555304,0.12298048034446966,0,0.8770195196555304,likely_real,True,correct
new_calibrated_svm,true_195,195,0,real,Ky është deputeti i radhës nga Vetëvendosje i infektuar me COVID-19,97,short_61_120,0.9256762040217748,0.07432379597822521,0,0.9256762040217748,likely_real,True,correct
new_calibrated_svm,true_197,197,0,real,Kryetari i Prizrenit “ashpërsohet” me masat e Qeverisë,211,medium_121_250,0.9935588719388733,0.006441128061126706,0,0.9935588719388733,likely_real,True,correct
new_calibrated_svm,true_204,204,0,real,"A do të falet Kurban Bajrami në xhami? – Zemaj: Tubimet në masë, nga dita e nesërme do të ndalohen",197,medium_121_250,0.9687087454623111,0.03129125453768891,0,0.9687087454623111,likely_real,True,correct
new_calibrated_svm,true_211,211,0,real,Google merr vendimin e papritur për punonjësit e vet,158,medium_121_250,0.32923495249372703,0.670765047506273,1,0.670765047506273,uncertain,False,false_positive
new_calibrated_svm,true_212,212,0,real,"I moshuari nga Ferizaj akuzon shumë rëndë Thaçin dhe Veselin, kërkon të hiqet fotografia e tyre",118,short_61_120,0.22457253433380886,0.7754274656661911,1,0.7754274656661911,likely_fake,False,false_positive
new_calibrated_svm,true_213,213,0,real,"Tetë të vdekur e numër rekord rastesh të reja me COVID-19, vjen alarmi i zyrtarit të LDK-së: Gjendja është shumë serioze",212,medium_121_250,0.926068744659296,0.07393125534070402,0,0.926068744659296,likely_real,True,correct
new_calibrated_svm,true_219,219,0,real,"Policia ndalon ngjarjen, boksieri shqiptar nuk kursehet: Kush ma paguan...",429,long_gt_250,0.9924646200912748,0.007535379908725219,0,0.9924646200912748,likely_real,True,correct
new_calibrated_svm,true_221,221,0,real,"Emocionuese, mërgimtari takohet me prindërit pas pesë vitesh",151,medium_121_250,0.33184363674593553,0.6681563632540645,1,0.6681563632540645,uncertain,False,false_positive
new_calibrated_svm,true_232,232,0,real,Këshilltari i Bidenit e vlerëson lart Thaçin,170,medium_121_250,0.3104885085103706,0.6895114914896294,1,0.6895114914896294,uncertain,False,false_positive
new_calibrated_svm,true_234,234,0,real,"“Oj e shkretë”, kështu Vjosa Osmani i përgjigjet Avdullah Hotit",177,medium_121_250,0.9368641899372431,0.06313581006275694,0,0.9368641899372431,likely_real,True,correct
new_calibrated_svm,true_238,238,0,real,Mehmeti: Hotin askush nuk e merr për seriozisht,236,medium_121_250,0.983025556225136,0.016974443774864068,0,0.983025556225136,likely_real,True,correct
new_calibrated_svm,true_240,240,0,real,Raporti evropian: Si e kapën shqiptarët tregun e drogës ne Evropë me çmime të ulëta dhe cilësi të lartë,1495,long_gt_250,0.9760649832902271,0.023935016709772907,0,0.9760649832902271,likely_real,True,correct
new_calibrated_svm,true_248,248,0,real,"Cubat e maleve, s'ka kush i bën bashkë?!",624,long_gt_250,0.902784755869499,0.09721524413050099,0,0.902784755869499,likely_real,True,correct
new_calibrated_svm,true_252,252,0,real,"Flet Jakup Krasniqi pasi rezultoi pozitiv me Covid-19, tregon për gjendjen",108,short_61_120,0.9260971528100389,0.07390284718996114,0,0.9260971528100389,likely_real,True,correct
new_calibrated_svm,true_255,255,0,real,"Haradinaj: Nuk e di çfarë ka ndodhur në takimin Hoti-Vuçiq, por nuk besoj se Hoti bëri ndonjë tradhti",253,long_gt_250,0.8227304982612844,0.17726950173871553,0,0.8227304982612844,likely_real,True,correct
new_calibrated_svm,true_257,257,0,real,Si u bë feja islame kaq e ‘gjallë’ dhe atraktive!,990,long_gt_250,0.9860958471073462,0.013904152892653815,0,0.9860958471073462,likely_real,True,correct
new_calibrated_svm,true_262,262,0,real,Caktohet një muaj paraburgim për 40-vjeçarin që ia preu kokën babait me sëpatë në Fushë Kosovë,171,medium_121_250,0.9143457163067833,0.08565428369321675,0,0.9143457163067833,likely_real,True,correct
new_calibrated_svm,true_267,267,0,real,Driton Selmanaj jep lajmin e fundit për kompleksin memorial “Adem Jashari”,153,medium_121_250,0.8419370716637646,0.15806292833623536,0,0.8419370716637646,likely_real,True,correct
new_calibrated_svm,true_271,271,0,real,"BE ende pa vendim për rihapjen e kufijve, amerikanët pritet të përjashtohen",480,long_gt_250,0.9847001166288336,0.01529988337116638,0,0.9847001166288336,likely_real,True,correct
new_calibrated_svm,true_276,276,0,real,“Gazeta “Bota sot” shkatërron të këqijtë dhe përkrahë vlerat e përjetshme kombëtare”,223,medium_121_250,0.9367430444862697,0.06325695551373031,0,0.9367430444862697,likely_real,True,correct
new_calibrated_svm,true_282,282,0,real,"Zogaj: “Bota sot”, zëdhënëse e shqiptarëve për liri",797,long_gt_250,0.9991128262056268,0.0008871737943732247,0,0.9991128262056268,likely_real,True,correct
new_calibrated_svm,true_290,290,0,real,"Përdhunime, aborte… Detaje tronditëse, çfarë ndodh me gratë në burgjet e Koresë së Veriut",249,medium_121_250,0.9745696775802863,0.02543032241971369,0,0.9745696775802863,likely_real,True,correct
new_calibrated_svm,true_298,298,0,real,Pse këto salca janë më të famshmet në botë?,342,long_gt_250,0.9942527986963794,0.00574720130362059,0,0.9942527986963794,likely_real,True,correct
new_calibrated_svm,true_299,299,0,real,"“Kini mëshirë, dua të takoj fëmijët” Thirrja e të moshuarës shqiptare nga kampi sirian",191,medium_121_250,0.7922914453612298,0.2077085546387703,0,0.7922914453612298,likely_real,True,correct
new_calibrated_svm,true_301,301,0,real,Zvicra nuk e përjashton testimin e detyrueshëm në aeroporte,433,long_gt_250,0.7821741622158869,0.21782583778411313,0,0.7821741622158869,likely_real,True,correct
new_calibrated_svm,true_304,304,0,real,Llapi angazhon trajner nga Afrika e Jugut,324,long_gt_250,0.9879747101913009,0.012025289808699095,0,0.9879747101913009,likely_real,True,correct
new_calibrated_svm,true_306,306,0,real,"Pavarësisht masave kundër COVID-19, xhamitë mbeten të hapura, të premten falet namazi i Kurban Bajramit",282,long_gt_250,0.93709971187847,0.06290028812153003,0,0.93709971187847,likely_real,True,correct
new_calibrated_svm,true_307,307,0,real,"Shkuan t’i prangosin, por komisionerët kishin vdekur! Kreu i SPAK: Nuk ishin ç’regjistruar, hetimi ishte sekret",341,long_gt_250,0.962948996850768,0.03705100314923206,0,0.962948996850768,likely_real,True,correct
new_calibrated_svm,true_308,308,0,real,"Pesë muaj pasi u dogj në veturë, presidenti Thaçi e shpall hero Qerim Kelmendin",201,medium_121_250,0.8571828123861367,0.14281718761386336,0,0.8571828123861367,likely_real,True,correct
new_calibrated_svm,true_317,317,0,real,Bastoret parashikojnë fituesin e Kupës së Kosovës,336,long_gt_250,0.9874284977296083,0.012571502270391735,0,0.9874284977296083,likely_real,True,correct
new_calibrated_svm,true_323,323,0,real,Lautaro Martinez shënon gol të çmendur kundër Napolit,65,short_61_120,0.41742879055052406,0.5825712094494759,1,0.5825712094494759,uncertain,False,false_positive
new_calibrated_svm,true_325,325,0,real,Ekskluzive: Flet protagonistja e videos virale “O shac”,293,long_gt_250,0.5035334185196354,0.4964665814803646,0,0.5035334185196354,uncertain,True,correct
new_calibrated_svm,true_332,332,0,real,"Goditje e rëndë për Arsenalin, Shkodran Mustafi mungon deri në tetor",163,medium_121_250,0.9180148786806166,0.08198512131938336,0,0.9180148786806166,likely_real,True,correct
new_calibrated_svm,true_343,343,0,real,"“Përplasje fizike LDK-VV në Kuvend”, Gashi mohon të ketë pasur incident",104,short_61_120,0.9369154588112494,0.06308454118875059,0,0.9369154588112494,likely_real,True,correct
new_calibrated_svm,true_345,345,0,real,"Fieraku lind me 6 gishta e probleme mendore, prindërit shpërthejnë në lot: Na dhunon, mos të ishin komshinjtë, sot do kishim 2 varre!",765,long_gt_250,0.8598786731618082,0.14012132683819184,0,0.8598786731618082,likely_real,True,correct
new_calibrated_svm,true_351,351,0,real,Lë punën shitësi që nuk bëri asnjë ditë pushim për 38 vite radhazi,200,medium_121_250,0.26322000420701586,0.7367799957929841,1,0.7367799957929841,likely_fake,False,false_positive
new_calibrated_svm,true_352,352,0,real,"‘Do vriste katër persona’, policia aksion për kapjen e një të dënuari, në kërkim prej 5 vitesh. Ja ku u gjet",202,medium_121_250,0.9750342985948978,0.02496570140510222,0,0.9750342985948978,likely_real,True,correct
new_calibrated_svm,true_353,353,0,real,"Valbon Krasniqi: Jemi keq, i lus qytetarët të jenë të kujdesshëm",450,long_gt_250,0.9903527771408189,0.00964722285918104,0,0.9903527771408189,likely_real,True,correct
new_calibrated_svm,true_354,354,0,real,Aksident i rëndë në Prizren: Çiklisti goditet nga një veturë e cila e hedh disa metra larg,158,medium_121_250,0.9208567250454417,0.07914327495455835,0,0.9208567250454417,likely_real,True,correct
new_calibrated_svm,true_355,355,0,real,"Andy Ruiz reklamon transformimin, para kthimit në ring",162,medium_121_250,0.6534603159913766,0.3465396840086235,0,0.6534603159913766,uncertain,True,correct
new_calibrated_svm,true_362,362,0,real,Protestojnë artistët: Askush nuk mund ta rishkruajë Historinë e Kosovës,184,medium_121_250,0.8088968707750464,0.1911031292249537,0,0.8088968707750464,likely_real,True,correct
new_calibrated_svm,true_367,367,0,real,“100 € për shërbim ekstra” Si i zbuloi agjenti i infiltruar 3 qendra estetike prostitucioni,652,long_gt_250,0.9453716570263255,0.05462834297367451,0,0.9453716570263255,likely_real,True,correct
new_calibrated_svm,true_368,368,0,real,"“Gjuhen” me fjalë, Rina Balaj e Erza Jusaj",252,long_gt_250,0.9842762816537496,0.015723718346250422,0,0.9842762816537496,likely_real,True,correct
new_calibrated_svm,true_369,369,0,real,Haziri i ashpërson kritikat ndaj Hotit: Nuk jam kryetar për të numëruar të vdekurit nga Covid-19,266,long_gt_250,0.9891762037466604,0.010823796253339598,0,0.9891762037466604,likely_real,True,correct
new_calibrated_svm,true_375,375,0,real,"Nga abstenimi i Xhafës tek ‘mungesa’ e Elisës, si u votua për shkarkimin e Metës",198,medium_121_250,0.8961578234775074,0.10384217652249259,0,0.8961578234775074,likely_real,True,correct
new_calibrated_svm,true_383,383,0,real,"Gjermania vendi më i pëlqyer në botë, lë pas SHBA, Kinën dhe Rusinë",230,medium_121_250,0.8911561772215243,0.10884382277847574,0,0.8911561772215243,likely_real,True,correct
new_calibrated_svm,true_384,384,0,real,"Edi Rama ia uron Lorik Canës ditëlindjen, paralajmëron bashkim kombëtar",451,long_gt_250,0.9677789029725579,0.03222109702744217,0,0.9677789029725579,likely_real,True,correct
new_calibrated_svm,true_394,394,0,real,Gjermania refuzon propozimin e Trumpit për lejimin e kthimit të Rusisë në Grupin G7,247,medium_121_250,0.6185249890603475,0.38147501093965247,0,0.6185249890603475,uncertain,True,correct
new_calibrated_svm,true_395,395,0,real,"Njihuni me fshatin ku paraja dhe pushteti nuk kanë vlerë, çdo gjë falas",272,long_gt_250,0.9657234460417232,0.034276553958276765,0,0.9657234460417232,likely_real,True,correct
new_calibrated_svm,true_412,412,0,real,"Ischinger lobon për heqjen e vizave, von Cramon i reagon: Mos harro t’ua thash këtë Macronit dhe Rutte’s",170,medium_121_250,0.3163904407876996,0.6836095592123004,1,0.6836095592123004,uncertain,False,false_positive
new_calibrated_svm,true_415,415,0,real,Takimi Vuçiq – Vahrleyi u zhvillua në zyrat e misionit serb – aty ishte libri që ka në titull fjalët “Kosova dhe Metohia”,165,medium_121_250,0.9365250517683376,0.06347494823166244,0,0.9365250517683376,likely_real,True,correct
new_calibrated_svm,true_417,417,0,real,"Vdesin 2 persona nga covid19 në Shqipëri, shkon në 53 numri i qytetarëve që kanë humbur jetën",87,short_61_120,0.9575289065932985,0.04247109340670154,0,0.9575289065932985,likely_real,True,correct
new_calibrated_svm,true_423,423,0,real,Kryeprokurori: Ende s’dihet nëse Agon Musliu bëri vetëvrasje apo dikush e shtyri në vrasje,424,long_gt_250,0.9966199320019117,0.0033800679980883087,0,0.9966199320019117,likely_real,True,correct
new_calibrated_svm,true_428,428,0,real,Grenell lajmërohet për takimin në Washington: Kosova dhe Serbia duhet ta shfrytëzojnë këtë mundësi,205,medium_121_250,0.6049827854788741,0.3950172145211259,0,0.6049827854788741,uncertain,True,correct
new_calibrated_svm,true_430,430,0,real,"Labi: 87 vjeçares nga Istogu që mbeti e vetme 30 vjet më parë, pension 200 euro që prej sot",398,long_gt_250,0.9858516496284029,0.014148350371597172,0,0.9858516496284029,likely_real,True,correct
new_calibrated_svm,true_433,433,0,real,Kek super i butë – Shije e lehtë fantastike,449,long_gt_250,0.8348115454645852,0.16518845453541478,0,0.8348115454645852,likely_real,True,correct
new_calibrated_svm,true_434,434,0,real,​FSSHK kërkon në kuadër të rishikimit të buxhetit të aprovohet edhe shtesa në paga,192,medium_121_250,0.9726307609080802,0.027369239091919777,0,0.9726307609080802,likely_real,True,correct
new_calibrated_svm,true_439,439,0,real,"Dikur jetoi në shpellë, sot është një nga liderët më të fuqishëm në botë",1196,long_gt_250,0.9964463020379185,0.0035536979620815383,0,0.9964463020379185,likely_real,True,correct
new_calibrated_svm,true_451,451,0,real,"Kaq të rinjë prindërit e Taynes, sikur t’i kishte vëlla e motër",139,medium_121_250,0.8951174003838189,0.10488259961618103,0,0.8951174003838189,likely_real,True,correct
new_calibrated_svm,true_454,454,0,real,Disa arsye se përse nuk duhet të flini përmbys,210,medium_121_250,0.9309761406033703,0.06902385939662968,0,0.9309761406033703,likely_real,True,correct
new_calibrated_svm,true_463,463,0,real,"Gjyste Vulaj sfidon moshën, me foton e fundit la edhe njëherë nën hije vajzat e reja",113,short_61_120,0.6711720509810936,0.32882794901890644,0,0.6711720509810936,uncertain,True,correct
new_calibrated_svm,true_465,465,0,real,Zgjerimi i familjes? Milot Rashica flet për planet,70,short_61_120,0.33659657935589016,0.6634034206441098,1,0.6634034206441098,uncertain,False,false_positive
new_calibrated_svm,true_472,472,0,real,"Elsa, vajza e Safetes jo veç këngëtare, ky është profesioni tjetër i saj",118,short_61_120,0.9849447166338436,0.015055283366156387,0,0.9849447166338436,likely_real,True,correct
new_calibrated_svm,true_479,479,0,real,Mustafa i reagon VV-së: Akademik Kujtim Shala me dije…,168,medium_121_250,0.9590329531804577,0.0409670468195423,0,0.9590329531804577,likely_real,True,correct
new_calibrated_svm,true_480,480,0,real,Sa palë syza ka Leonora Jakupi,106,short_61_120,0.8907505601666541,0.10924943983334592,0,0.8907505601666541,likely_real,True,correct
new_calibrated_svm,true_481,481,0,real,Vjollca Haxhiu realizon foto të bukur në Dubai,77,short_61_120,0.6293726675418989,0.37062733245810103,0,0.6293726675418989,uncertain,True,correct
new_calibrated_svm,true_483,483,0,real,Ky burrë e ha specin më të djegës në botë pa pirë asgjë,133,medium_121_250,0.9087837852236702,0.09121621477632978,0,0.9087837852236702,likely_real,True,correct
new_calibrated_svm,true_486,486,0,real,Miss Valentina shfaqet superseksi me të zeza,62,short_61_120,0.81108499859215,0.18891500140785006,0,0.81108499859215,likely_real,True,correct
new_calibrated_svm,true_495,495,0,real,"‘Eh moj Sara Hoxha mbas 5 vitesh, kur ta kapësh duke të të tradhtuar këtë laper’",238,medium_121_250,0.8512211636303708,0.14877883636962913,0,0.8512211636303708,likely_real,True,correct
new_calibrated_svm,true_496,496,0,real,Në këto komuna janë konfirmuar 276 rastet e reja me koronavirus,113,short_61_120,0.9719394505589497,0.028060549441050256,0,0.9719394505589497,likely_real,True,correct
new_calibrated_svm,true_508,508,0,real,Trajneri i njohur shqiptar ndërron jetë shkaku i Koronavirusit,128,medium_121_250,0.9024150907617894,0.09758490923821063,0,0.9024150907617894,likely_real,True,correct
new_calibrated_svm,true_515,515,0,real,"Është 53 vjeç, por në këtë foto Eli Fara duket si një vajzë e re",102,short_61_120,0.9723574309313004,0.027642569068699514,0,0.9723574309313004,likely_real,True,correct
new_calibrated_svm,true_520,520,0,real,Cilat janë simptomat që tregojnë nëse e keni kaluar koronavirusin,272,long_gt_250,0.3048208282467727,0.6951791717532273,1,0.6951791717532273,uncertain,False,false_positive
new_calibrated_svm,true_527,527,0,real,Sa shumë kanë ndryshuar aktorët e serialit “Kloni”,134,medium_121_250,0.938091913290403,0.061908086709597035,0,0.938091913290403,likely_real,True,correct
new_calibrated_svm,true_528,528,0,real,"Një yll si Oriola Marashi, ndriçon edhe në mbrëmje",110,short_61_120,0.966745250871379,0.03325474912862107,0,0.966745250871379,likely_real,True,correct
new_calibrated_svm,true_530,530,0,real,Morena ‘rrëzohet’ në rrafsh,63,short_61_120,0.7993962547139308,0.2006037452860691,0,0.7993962547139308,likely_real,True,correct
new_calibrated_svm,true_531,531,0,real,"Ndërron jetë edhe një person i infektuar me Covid-19, nga Peja",57,very_short_le_60,0.9064172975785215,0.09358270242147847,0,0.9064172975785215,likely_real,True,correct
new_calibrated_svm,true_535,535,0,real,Loredana: Zemër ty a të ka marrë malli?,154,medium_121_250,0.9718722384283218,0.028127761571678164,0,0.9718722384283218,likely_real,True,correct
new_calibrated_svm,true_536,536,0,real,Arta Bajrami me çizme të gjata në pikë të verës,87,short_61_120,0.8037440834607844,0.19625591653921556,0,0.8037440834607844,likely_real,True,correct
new_calibrated_svm,true_539,539,0,real,"Bukë me vaj, djathë e domate, pushuesi ndan fotot modeste nga Spilleja: Kaq kemi mundësi…",166,medium_121_250,0.1381262660822361,0.8618737339177639,1,0.8618737339177639,likely_fake,False,false_positive
new_calibrated_svm,true_544,544,0,real,"Besojeni ose jo, kjo ndërtesë nuk u shemb as me 300 kilogram tritol",72,short_61_120,0.8855201999987217,0.11447980000127836,0,0.8855201999987217,likely_real,True,correct
new_calibrated_svm,true_545,545,0,real,Zyrtarja e huaj: Gratë mund të mbesin shtatzëna nëse notojnë bashkë me burrat,203,medium_121_250,0.5753632490562006,0.42463675094379943,0,0.5753632490562006,uncertain,True,correct
new_calibrated_svm,true_553,553,0,real,MIloti e xhiron Edonën prapa kamerave,86,short_61_120,0.9908947395416565,0.009105260458343426,0,0.9908947395416565,likely_real,True,correct
new_calibrated_svm,true_555,555,0,real,Atletes i ndodh e papritura gjatë ushtrimeve në palestër,88,short_61_120,0.8984781234531399,0.10152187654686008,0,0.8984781234531399,likely_real,True,correct
new_calibrated_svm,true_556,556,0,real,"Vila e Esat pashë Toptanit, në fshatin Reth të Durrësit",283,long_gt_250,0.9824580207582825,0.01754197924171757,0,0.9824580207582825,likely_real,True,correct
new_calibrated_svm,true_571,571,0,real,Kështu e zuri babai i saj Shyhreten me të dashurin,212,medium_121_250,0.9185763212219791,0.0814236787780209,0,0.9185763212219791,likely_real,True,correct
new_calibrated_svm,true_573,573,0,real,"Thënie të Ibrahim Rugovës: Kokën mund të ma ndërrojnë, por mendimin kurrë!",461,long_gt_250,0.9653873200469669,0.03461267995303311,0,0.9653873200469669,likely_real,True,correct
new_calibrated_svm,true_580,580,0,real,"Dua Lipa lanson këngën e re, Tokyo e ‘Casa de Papel’ shkëlqen në videoklip",129,medium_121_250,0.8500650847238307,0.14993491527616937,0,0.8500650847238307,likely_real,True,correct
new_calibrated_svm,true_582,582,0,real,"Sërish viza gjermane për ata me kontratë pune, por edhe pengesa",1095,long_gt_250,0.9596901231856003,0.04030987681439967,0,0.9596901231856003,likely_real,True,correct
new_calibrated_svm,true_583,583,0,real,Covid-19 u merr jetën dy mjekëve kosovarë,241,medium_121_250,0.926687654310973,0.07331234568902704,0,0.926687654310973,likely_real,True,correct
new_calibrated_svm,true_584,584,0,real,Adelina e tepron me fustanin e shkurtër,76,short_61_120,0.9845023780151385,0.01549762198486146,0,0.9845023780151385,likely_real,True,correct
new_calibrated_svm,true_585,585,0,real,"Sejdiu i gatshëm të kandidojë për president, nëse dorëhiqet Thaçi",152,medium_121_250,0.5028133475971859,0.4971866524028142,0,0.5028133475971859,uncertain,True,correct
new_calibrated_svm,true_586,586,0,real,Menjëherë fshijeni nësë ju vjen ky mesazh në telefon,206,medium_121_250,0.1036349025562524,0.8963650974437476,1,0.8963650974437476,likely_fake,False,false_positive
new_calibrated_svm,true_592,592,0,real,"Kejvina bombastike, merr gjithë vëmendjen me paraqitjen e fundit!",90,short_61_120,0.23429832263629236,0.7657016773637076,1,0.7657016773637076,likely_fake,False,false_positive
new_calibrated_svm,true_600,600,0,real,Gjashtë simptomat të lehta të Coronavirust që duhet t’i dini,1467,long_gt_250,0.9800120268864386,0.01998797311356142,0,0.9800120268864386,likely_real,True,correct
new_calibrated_svm,true_603,603,0,real,Krasniqi: Sot i kemi sjell para falimentimit të gjithë gastronomët e Kosovës,401,long_gt_250,0.9913943246747501,0.008605675325249954,0,0.9913943246747501,likely_real,True,correct
new_calibrated_svm,true_608,608,0,real,Pse duhet të konsumoni limon çdo ditë?,170,medium_121_250,0.5858924028515937,0.4141075971484063,0,0.5858924028515937,uncertain,True,correct
new_calibrated_svm,true_611,611,0,real,"E pabesueshme, por ky do jetë çmimi i vaksinës për trajtimin e Covid 19",187,medium_121_250,0.7685707680017418,0.23142923199825818,0,0.7685707680017418,likely_real,True,correct
new_calibrated_svm,true_612,612,0,real,A do të zgjatet leja për punëtorët nga Kosova në Gjermani?,163,medium_121_250,0.897279230075595,0.10272076992440499,0,0.897279230075595,likely_real,True,correct
new_calibrated_svm,true_614,614,0,real,Vjen edhe reagimi i Leonora Jakupit për ndërtimin e xhamisë në Prishtinë,75,short_61_120,0.9869040127771739,0.013095987222826134,0,0.9869040127771739,likely_real,True,correct
new_calibrated_svm,true_618,618,0,real,Haradinaj “godet” Hotin: Pse nuk e pyete edhe ti Vuçiqin a din shqip?,244,medium_121_250,0.8141448182549862,0.1858551817450138,0,0.8141448182549862,likely_real,True,correct
new_calibrated_svm,true_619,619,0,real,"Haradinaj paralajmëron prishjen e koalicionit, i pakënaqur me Kryeministrin Hoti",167,medium_121_250,0.8359189453158244,0.16408105468417555,0,0.8359189453158244,likely_real,True,correct
new_calibrated_svm,true_621,621,0,real,Isa Mustafa shërohet nga koronavirusi,140,medium_121_250,0.3475084728673691,0.6524915271326309,1,0.6524915271326309,uncertain,False,false_positive
new_calibrated_svm,true_629,629,0,real,Tetë anesteziologë të QKUK-së infektohen me koronavirus,436,long_gt_250,0.9804874545997554,0.019512545400244614,0,0.9804874545997554,likely_real,True,correct
new_calibrated_svm,true_631,631,0,real,4 mënyra natyrale si të largoni rrudhat nga fytyra,476,long_gt_250,0.23361040920612963,0.7663895907938704,1,0.7663895907938704,likely_fake,False,false_positive
new_calibrated_svm,true_638,638,0,real,Vjen një lajm i mirë për veteranët e UÇK-së,132,medium_121_250,0.9475357345586828,0.05246426544131718,0,0.9475357345586828,likely_real,True,correct
new_calibrated_svm,true_652,652,0,real,Adea Pules i del kuki prej vendit,93,short_61_120,0.974437675003061,0.025562324996939043,0,0.974437675003061,likely_real,True,correct
new_calibrated_svm,true_655,655,0,real,"Nëse i fsheh paratë në këto 8 vende, zëre se nuk i ke fare!",277,long_gt_250,0.43157728530393813,0.5684227146960619,1,0.5684227146960619,uncertain,False,false_positive
new_calibrated_svm,true_671,671,0,real,Kosova hiqet nga harta – Dua Lipa nënshkruan peticionin,100,short_61_120,0.9670033392507403,0.032996660749259665,0,0.9670033392507403,likely_real,True,correct
new_calibrated_svm,true_675,675,0,real,A është Fifi në lidhje? Përgjigjet këngëtarja,55,very_short_le_60,0.5166433202472172,0.4833566797527829,0,0.5166433202472172,uncertain,True,correct
new_calibrated_svm,true_679,679,0,real,"Duke punuar kopshtin, çifti gjen kasafortën me mijëra dollarë e stoli ari",146,medium_121_250,0.26244317980332776,0.7375568201966722,1,0.7375568201966722,likely_fake,False,false_positive
new_calibrated_svm,true_680,680,0,real,Fitore Pacolli: Shpallja e gjendjes së jashtëzakonshme siç po ka dëshirë qeveria Hoti nuk është zgjidhje,394,long_gt_250,0.9854151787459632,0.014584821254036835,0,0.9854151787459632,likely_real,True,correct
new_calibrated_svm,true_694,694,0,real,Nora Istrefi më në fund merr një vendim në lidhje me Robertin,117,short_61_120,0.11196586094372163,0.8880341390562784,1,0.8880341390562784,likely_fake,False,false_positive
new_calibrated_svm,true_702,702,0,real,Turku ia mbush dhomën me dhurata të shtrenjta Gentës,113,short_61_120,0.9230854636542409,0.07691453634575905,0,0.9230854636542409,likely_real,True,correct
new_calibrated_svm,true_713,713,0,real,Shkencëtaret kinez: Covid-19 u shfaq për herë të parë në Spanjë,234,medium_121_250,0.7559190558709199,0.24408094412908016,0,0.7559190558709199,likely_real,True,correct
new_calibrated_svm,true_721,721,0,real,Genci ia dedikon këto fjalë të bukura Enit me rastin e ditëlindjes,198,medium_121_250,0.9283434806418582,0.07165651935814181,0,0.9283434806418582,likely_real,True,correct
new_calibrated_svm,true_731,731,0,real,Kështu dukej Egzona para se të dashurohej me Albatritin,101,short_61_120,0.9785711791270424,0.02142882087295761,0,0.9785711791270424,likely_real,True,correct
new_calibrated_svm,true_744,744,0,real,Vajza e ish-kryeministrit Bajram Rexhepi nuk lejohet nga e ëma t’i hyjë politikës,229,medium_121_250,0.913713453811013,0.086286546188987,0,0.913713453811013,likely_real,True,correct
new_calibrated_svm,true_745,745,0,real,Me këtë fustan del në park Qëndresa e Labit,89,short_61_120,0.6071988106144388,0.39280118938556113,0,0.6071988106144388,uncertain,True,correct
new_calibrated_svm,true_747,747,0,real,Endrit Thaçi reagon pasi Gjykata Speciale ngriti aktakuzë ndaj babait të tij,92,short_61_120,0.7281950660796794,0.2718049339203205,0,0.7281950660796794,likely_real,True,correct
new_calibrated_svm,true_756,756,0,real,Angela Martini nuk i ndalë provokimet as në jaht,87,short_61_120,0.8872893603019014,0.11271063969809864,0,0.8872893603019014,likely_real,True,correct
new_calibrated_svm,true_758,758,0,real,Aq shumë iu ka rritur gjoksi sa që Oriola Marashi po e mban me duar,98,short_61_120,0.8855103610308956,0.11448963896910434,0,0.8855103610308956,likely_real,True,correct
new_calibrated_svm,true_760,760,0,real,Do të befasoheni se çfarë të vërtetash fshehen prapa serialeve turke,297,long_gt_250,0.8512229755702644,0.14877702442973564,0,0.8512229755702644,likely_real,True,correct
new_calibrated_svm,true_765,765,0,real,"Sasa e “O sa mirë” plotë jetë, vitet thjeshtë numra janë për të",57,very_short_le_60,0.7757810378842488,0.22421896211575118,0,0.7757810378842488,likely_real,True,correct
new_calibrated_svm,true_772,772,0,real,"Dhimbjet që mendoni se i keni nga dhëmbët, por në fakt kanë të bëjë me diçka tjetër",445,long_gt_250,0.8358011097610802,0.16419889023891973,0,0.8358011097610802,likely_real,True,correct
new_calibrated_svm,true_781,781,0,real,Reperja e njohur e publikon nga afër tatuazhin në pjesën e të pasmeve,105,short_61_120,0.9182385329767997,0.08176146702320031,0,0.9182385329767997,likely_real,True,correct
new_calibrated_svm,true_783,783,0,real,"“Nëntori i dytë”, ja pse u hoq pjesa kur Isa Boletini luftonte me serbët",1952,long_gt_250,0.9997254079017664,0.0002745920982334967,0,0.9997254079017664,likely_real,True,correct
new_calibrated_svm,true_786,786,0,real,Ekskluzive: Alfred Cako zbulon vaksinën e Covid19 që shkakton vdekje dhe ndalon lindjet,46,very_short_le_60,0.0582309506495402,0.9417690493504598,1,0.9417690493504598,likely_fake,False,false_positive
new_calibrated_svm,true_788,788,0,real,"Infekton 76 të ftuar me koronavirus babai i nuses, dasma kthehet në rast studimi",238,medium_121_250,0.4757279210465698,0.5242720789534302,1,0.5242720789534302,uncertain,False,false_positive
new_calibrated_svm,true_789,789,0,real,Ivanka Trump në secilën paraqitje pa sytjena,68,short_61_120,0.7029029216974285,0.29709707830257154,0,0.7029029216974285,likely_real,True,correct
new_calibrated_svm,true_793,793,0,real,"Trusti s’do pengojë tërheqjen e kursimeve, kompensimi nga qeveria jo për të gjithë",942,long_gt_250,0.9922230816851042,0.007776918314895791,0,0.9922230816851042,likely_real,True,correct
new_calibrated_svm,true_803,803,0,real,"Ambasada e SHBA-së në Kosovë apelon për kujdes, tubimi paqësor i LVV-së mund të bëhet i dhunshëm",263,long_gt_250,0.9799429501474274,0.020057049852572596,0,0.9799429501474274,likely_real,True,correct
new_calibrated_svm,true_808,808,0,real,"Avdyli i del në krahë Osmanit: Kur do flasim ne të vertetën, atëherë keni me mbetë pa fjalë",244,medium_121_250,0.3561018735072802,0.6438981264927198,1,0.6438981264927198,uncertain,False,false_positive
new_calibrated_svm,true_809,809,0,real,Gëzimja përgatit tortën më të bukur për vajzën,86,short_61_120,0.35330081129571367,0.6466991887042863,1,0.6466991887042863,uncertain,False,false_positive
new_calibrated_svm,true_825,825,0,real,"Pasi u propozua për kryeministër konsensual Murat Jashari, vjen edhe reagimi nga Familja Jashari",258,long_gt_250,0.5917758360921839,0.40822416390781613,0,0.5917758360921839,uncertain,True,correct
new_calibrated_svm,true_830,830,0,real,Vjosa Osmani mbështet masat e reja të Albin Kurtit kundër Serbisë,221,medium_121_250,0.7600215453071838,0.2399784546928162,0,0.7600215453071838,likely_real,True,correct
new_calibrated_svm,true_833,833,0,real,"Horoskopi, e shtunë 30 maj 2020",529,long_gt_250,0.9787456261430544,0.021254373856945653,0,0.9787456261430544,likely_real,True,correct
new_calibrated_svm,true_835,835,0,real,"Veton Surroi mbetet pa tekst, ky është reagimi i tij për aktgjykimin",115,short_61_120,0.2613698799324172,0.7386301200675828,1,0.7386301200675828,likely_fake,False,false_positive
new_calibrated_svm,true_856,856,0,real,​ Nesër në Bruksel mbahet takimi i ekspertëve,60,very_short_le_60,0.932452256972992,0.0675477430270079,0,0.932452256972992,likely_real,True,correct
new_calibrated_svm,true_858,858,0,real,Qeveria ua heq kartonin e gjelbër atyre që hyjnë në Kosovë,185,medium_121_250,0.9972595015596131,0.0027404984403869236,0,0.9972595015596131,likely_real,True,correct
new_calibrated_svm,true_863,863,0,real,Ministri Zemaj komenton fotografin e Skender Hysenit pa maskë,223,medium_121_250,0.9964069172034515,0.003593082796548464,0,0.9964069172034515,likely_real,True,correct
new_calibrated_svm,true_875,875,0,real,"Granata e gjetur te vendpunishtja e Xhamisë së Madhe, e kohës së Luftës së Dytë Botërore",107,short_61_120,0.9839960413964767,0.01600395860352337,0,0.9839960413964767,likely_real,True,correct
new_calibrated_svm,true_880,880,0,real,"Shtyhet raportimi i Agim Veliut në Komisionin për Siguri, polemika mes deputetëve",356,long_gt_250,0.9922872030123495,0.007712796987650428,0,0.9922872030123495,likely_real,True,correct
new_calibrated_svm,true_887,887,0,real,"Vendet që morën nën kontroll pandeminë coronavirus, tani prapë po përballen me të",1294,long_gt_250,0.9869462674134941,0.013053732586505886,0,0.9869462674134941,likely_real,True,correct
new_calibrated_svm,true_888,888,0,real,Debat i nxehtë në Komisionin për Punë të Jashtme - VIDEO,71,short_61_120,0.9565116860740916,0.04348831392590839,0,0.9565116860740916,likely_real,True,correct
new_calibrated_svm,true_889,889,0,real,Rrahjet mes deputetëve ndër vite në Kuvendin e Kosovës,721,long_gt_250,0.9972165640599342,0.0027834359400658064,0,0.9972165640599342,likely_real,True,correct
new_calibrated_svm,true_890,890,0,real,Qeveria heq dorë nga vendimi për izolimin e atyre që kthehen nga Shqipëria!,178,medium_121_250,0.957814502980996,0.04218549701900403,0,0.957814502980996,likely_real,True,correct
new_calibrated_svm,true_906,906,0,real,Oda Ekonomike kërkon të digjitalizohen disa shërbime dhe të licencohen laboratoret private,439,long_gt_250,0.6371230376811783,0.3628769623188217,0,0.6371230376811783,uncertain,True,correct
new_calibrated_svm,true_907,907,0,real,Prishtina edhe sot komuna me më së shumti raste me COVID-19,128,medium_121_250,0.9798424232078099,0.02015757679219009,0,0.9798424232078099,likely_real,True,correct
new_calibrated_svm,true_908,908,0,real,Arrestohet gjilanasi për mashtrim me shitje të banesës,95,short_61_120,0.9473908498043683,0.052609150195631754,0,0.9473908498043683,likely_real,True,correct
new_calibrated_svm,true_910,910,0,real,Fati i medias më të lexuar në Hungari Index në pikëpyetje pas largimit të shumicës së gazetarëve,349,long_gt_250,0.9780006426028865,0.021999357397113492,0,0.9780006426028865,likely_real,True,correct
new_calibrated_svm,true_917,917,0,real,"Hoti: Situata po përkeqësohet, stafi shëndetësor i FSK-së do të integrohet në Ministri të Shëndetësisë",271,long_gt_250,0.9887165327403291,0.011283467259670875,0,0.9887165327403291,likely_real,True,correct
new_calibrated_svm,true_931,931,0,real,Auditori: Policët ushtrojnë pozitat e punës në mospërputhje me gradat,382,long_gt_250,0.9886613313274532,0.011338668672546893,0,0.9886613313274532,likely_real,True,correct
new_calibrated_svm,true_938,938,0,real,Partia Socialiste tërhiqet nga shkarkimi i Ilir Metës,474,long_gt_250,0.9705212501641098,0.02947874983589013,0,0.9705212501641098,likely_real,True,correct
new_calibrated_svm,true_939,939,0,real,Philip Morris lejohet të komunikojë se IQOS redukton ekspozimin e dëmshëm,414,long_gt_250,0.7303771666035525,0.26962283339644755,0,0.7303771666035525,likely_real,True,correct
new_calibrated_svm,true_945,945,0,real,Rekord i ri me raste pozitive me COVID-19 në Kosovë,216,medium_121_250,0.9901285790845495,0.009871420915450435,0,0.9901285790845495,likely_real,True,correct
new_calibrated_svm,true_950,950,0,real,Hoti: Jemi në diskutime që rruga nacionale Prishtinë-Mitrovicë të shndërrohet në rrugë ndërkombëtare,263,long_gt_250,0.9737118530216419,0.02628814697835808,0,0.9737118530216419,likely_real,True,correct
new_calibrated_svm,true_965,965,0,real,VIDEO: Vetura zyrtare në vikend merr udhë për kositje të barit,85,short_61_120,0.9055883348756031,0.09441166512439694,0,0.9055883348756031,likely_real,True,correct
new_calibrated_svm,true_966,966,0,real,Pneumologu kosovar tregon si zhvillohet pneumonia te pacientët me COVID-19,620,long_gt_250,0.898533716465763,0.10146628353423699,0,0.898533716465763,likely_real,True,correct
new_calibrated_svm,true_974,974,0,real,Mbi 10 mijë të infektuar me COVID-19 në Maqedoninë e Veriut,148,medium_121_250,0.9921174488089675,0.007882551191032577,0,0.9921174488089675,likely_real,True,correct
new_calibrated_svm,true_975,975,0,real,VIDEO - Xhamia që u mbijetoi shekujve,465,long_gt_250,0.9803426510641189,0.019657348935881093,0,0.9803426510641189,likely_real,True,correct
new_calibrated_svm,true_979,979,0,real,Lihen në arrest shtëpiak policët e arrestuar për keqtrajtim të një të mituri,146,medium_121_250,0.9653382954121764,0.03466170458782355,0,0.9653382954121764,likely_real,True,correct
new_calibrated_svm,true_988,988,0,real,"Ilir Meta për Adem Demaçin: ""Mandela i Evropës"" dhe ""Saharovi"" ynë",320,long_gt_250,0.9897544152126021,0.010245584787397927,0,0.9897544152126021,likely_real,True,correct
new_calibrated_svm,true_991,991,0,real,Evropa ime: T'u tregojmë vendin elitave të korruptuara të Ballkanit Perëndimor,1084,long_gt_250,0.9963398296378693,0.0036601703621307507,0,0.9963398296378693,likely_real,True,correct
new_calibrated_svm,true_994,994,0,real,Ministria e Bujqësisë pagoi mbi 176 mijë euro për analiza që mund t'i kryente vetë,210,medium_121_250,0.9199265485203799,0.0800734514796201,0,0.9199265485203799,likely_real,True,correct
new_calibrated_svm,true_1005,1005,0,real,Alarmante - Rreth 3 mijë raste aktive me COVID-19 në Kosovë,219,medium_121_250,0.9951694073681043,0.00483059263189567,0,0.9951694073681043,likely_real,True,correct
new_calibrated_svm,true_1028,1028,0,real,Qeveria emëroi Bordin e përkohshëm i Telekomit të Kosovës,158,medium_121_250,0.9909530141128922,0.00904698588710779,0,0.9909530141128922,likely_real,True,correct
new_calibrated_svm,true_1034,1034,0,real,Xhamia më e vjetër në Prishtinë një dekadë restaurim,275,long_gt_250,0.9855069134746118,0.014493086525388115,0,0.9855069134746118,likely_real,True,correct
new_calibrated_svm,true_1037,1037,0,real,Osmani për Hotin: Duhet me hangër një thes kryp me dikë për me njoftë,186,medium_121_250,0.5543597390453356,0.4456402609546643,0,0.5543597390453356,uncertain,True,correct
new_calibrated_svm,true_1042,1042,0,real,Raport: Bandat nga Ballkani tani janë kthyer në kontrabandistë globalë,773,long_gt_250,0.9948008735397171,0.005199126460282841,0,0.9948008735397171,likely_real,True,correct
new_calibrated_svm,true_1054,1054,0,real,ORCA: 55% e profesorëve në UP nuk e justifikojnë titullin e tyre akademik,328,long_gt_250,0.9651641682394072,0.034835831760592746,0,0.9651641682394072,likely_real,True,correct
new_calibrated_svm,true_1055,1055,0,real,Boris Johnson: Kriza e COVID-19 përfundon nga mesi i vitit 2021,131,medium_121_250,0.6955790956451267,0.30442090435487335,0,0.6955790956451267,uncertain,True,correct
new_calibrated_svm,true_1064,1064,0,real,Thaçi nuk do dialog teknik me Serbinë,217,medium_121_250,0.9461052259451054,0.053894774054894665,0,0.9461052259451054,likely_real,True,correct
new_calibrated_svm,true_1076,1076,0,real,"Pas dy muajve, Maqedonia e Veriut me asnjë viktimë nga COVID-19",143,medium_121_250,0.9904421224334683,0.009557877566531732,0,0.9904421224334683,likely_real,True,correct
new_calibrated_svm,true_1079,1079,0,real,Hoti i shkruan letër Osmanit për raportimin në Kuvend pas takimit në Bruksel,90,short_61_120,0.9802519100045992,0.019748089995400783,0,0.9802519100045992,likely_real,True,correct
new_calibrated_svm,true_1081,1081,0,real,"Mësimi në shtator mund të fillojë nga ekrani, ekspertët rekomandojnë më shumë udhëzime",1082,long_gt_250,0.9971047691910278,0.0028952308089722476,0,0.9971047691910278,likely_real,True,correct
new_calibrated_svm,true_1084,1084,0,real,"Pas katër ditësh intervistim në Hagë, Thaçi kthehet sot në Kosovë",244,medium_121_250,0.9482304364791506,0.05176956352084942,0,0.9482304364791506,likely_real,True,correct
new_calibrated_svm,true_1085,1085,0,real,Teatri i Podujevës bëhet me aktorë rezidentë,163,medium_121_250,0.8805544423544615,0.11944555764553853,0,0.8805544423544615,likely_real,True,correct
new_calibrated_svm,true_1090,1090,0,real,"Incident në një port iranian, disa anije përfshihen nga zjarri",224,medium_121_250,0.9858085984731748,0.014191401526825152,0,0.9858085984731748,likely_real,True,correct
new_calibrated_svm,true_1092,1092,0,real,Mbi 13 milionë të infektuar me coronavirus në botë,466,long_gt_250,0.9964295272122935,0.003570472787706541,0,0.9964295272122935,likely_real,True,correct
new_calibrated_svm,true_1101,1101,0,real,"Hoti e Vuçiq zhvillojnë sot takim virtual, rinis dialogu Kosovë-Serbi",212,medium_121_250,0.9185565204224573,0.08144347957754276,0,0.9185565204224573,likely_real,True,correct
new_calibrated_svm,true_1104,1104,0,real,Hoti paralajmëron shpalljen e gjendjes së jashtëzakonshme,285,long_gt_250,0.8630008953806078,0.13699910461939224,0,0.8630008953806078,likely_real,True,correct
new_calibrated_svm,true_1106,1106,0,real,Abazi: Ligji për COVID-19 u refuzua e Hoti drejt shpalljes së gjendjes së jashtëzakonshme,392,long_gt_250,0.8412088899510076,0.15879111004899235,0,0.8412088899510076,likely_real,True,correct
new_calibrated_svm,true_1108,1108,0,real,COVID-19: Vdes veterani i UÇK-së nga Malisheva,123,medium_121_250,0.9226210083582604,0.07737899164173957,0,0.9226210083582604,likely_real,True,correct
new_calibrated_svm,true_1117,1117,0,real,Anulohet udhëtimi i Thaçit për në Washington,113,short_61_120,0.14807486235838663,0.8519251376416134,1,0.8519251376416134,likely_fake,False,false_positive
new_calibrated_svm,true_1119,1119,0,real,Zemaj: Gjashtë pacientë me COVID-19 janë në kujdes intensiv,89,short_61_120,0.9583460145710261,0.04165398542897397,0,0.9583460145710261,likely_real,True,correct
new_calibrated_svm,true_1121,1121,0,real,"Hoti raporton në Kuvend për dialogun: Ose do të ketë marrëveshje të mirë për Kosovën, ose s’do të ketë fare",297,long_gt_250,0.9824960910570288,0.017503908942971193,0,0.9824960910570288,likely_real,True,correct
new_calibrated_svm,true_1135,1135,0,real,"Kosova synon njohjen nga Serbia, nuk dëshiron kompromis",952,long_gt_250,0.9940725459008128,0.005927454099187112,0,0.9940725459008128,likely_real,True,correct
new_calibrated_svm,true_1138,1138,0,real,"Qeveritarët pa maska e me duarshtrëngime, përurojnë rrugën Deçan–Plavë - FOTO",288,long_gt_250,0.9354923299993716,0.06450767000062846,0,0.9354923299993716,likely_real,True,correct
new_calibrated_svm,true_1165,1165,0,real,Hoti nesër në Gjilan te kritikuesi i tij më i madh Lutfi Haziri,187,medium_121_250,0.9911565958261501,0.008843404173849876,0,0.9911565958261501,likely_real,True,correct
new_calibrated_svm,true_1174,1174,0,real,"Të hyrat në gjashtë muajt e parë ranë për 8 %, shpenzimet u rritën për 38.7 milionë euro",219,medium_121_250,0.9993341484069177,0.0006658515930823256,0,0.9993341484069177,likely_real,True,correct
new_calibrated_svm,true_1179,1179,0,real,"Pini ilaçin e përgatitur vetë për ta shëruar diabetin, tipi 2",219,medium_121_250,0.9041708128505057,0.09582918714949434,0,0.9041708128505057,likely_real,True,correct
new_calibrated_svm,true_1180,1180,0,real,Vetëm në këtë kënd të shtëpisë së Kylie Jenner gjendet një pasuri e tërë,140,medium_121_250,0.9866667962793191,0.013333203720680909,0,0.9866667962793191,likely_real,True,correct
new_calibrated_svm,true_1183,1183,0,real,Sekreti i japonezëve për jetë të gjatë,212,medium_121_250,0.9289981487440185,0.07100185125598148,0,0.9289981487440185,likely_real,True,correct
new_calibrated_svm,true_1186,1186,0,real,Fansi i çmendur bën tatuazh në trup fytyrën e Noizyt!,119,short_61_120,0.9509691660933702,0.04903083390662975,0,0.9509691660933702,likely_real,True,correct
new_calibrated_svm,true_1191,1191,0,real,Infektohet edhe presidenti që tha se saunat dhe vodka janë ilaçe kundër Covid-19,155,medium_121_250,0.9894218027162315,0.010578197283768572,0,0.9894218027162315,likely_real,True,correct
new_calibrated_svm,true_1194,1194,0,real,Pezullimi i përpjekjeve për anëtarësim në mekanizma ndërkombëtarë gabim i pa falshëm i Qeverisë Hoti,675,long_gt_250,0.9898956292338885,0.010104370766111518,0,0.9898956292338885,likely_real,True,correct
new_calibrated_svm,true_1197,1197,0,real,Dalin fotot e Gymysh me fustan të bardhë - shikoni sa nuse e bukur është bërë,189,medium_121_250,0.9950360168401178,0.004963983159882228,0,0.9950360168401178,likely_real,True,correct
new_calibrated_svm,true_1199,1199,0,real,Jeni gati të shihni ndryshimin e radhës së Tayna-s?,177,medium_121_250,0.9938555621398962,0.0061444378601037235,0,0.9938555621398962,likely_real,True,correct
new_calibrated_svm,true_1224,1224,0,real,"Situata me Covid-19, kryeministri Hoti kërkon të vërehet dora e fortë e shtetit",145,medium_121_250,0.9897556680094549,0.010244331990545108,0,0.9897556680094549,likely_real,True,correct
new_calibrated_svm,true_1226,1226,0,real,Super hiti është gati! Kënga e re e Encës dhe e Don Xhonit e ka një datë publikimi,82,short_61_120,0.899545798428066,0.10045420157193398,0,0.899545798428066,likely_real,True,correct
new_calibrated_svm,true_1230,1230,0,real,Rasheli do ua hapë sytë me këtë imazh,114,short_61_120,0.9996269579780798,0.0003730420219202797,0,0.9996269579780798,likely_real,True,correct
new_calibrated_svm,true_1234,1234,0,real,Blero: Ky reper shqiptar është i preferuari im,155,medium_121_250,0.9539747629270106,0.0460252370729895,0,0.9539747629270106,likely_real,True,correct
new_calibrated_svm,true_1243,1243,0,real,Deputetja e Kuvendit të Kosovës Eliza Hoxha është shëruar nga koronavirusi,702,long_gt_250,0.9970205919907877,0.002979408009212308,0,0.9970205919907877,likely_real,True,correct
new_calibrated_svm,true_1245,1245,0,real,Pandora më në formë se kurrë feston ditëlindjen,82,short_61_120,0.9977086148901277,0.0022913851098722952,0,0.9977086148901277,likely_real,True,correct
new_calibrated_svm,true_1246,1246,0,real,"Ja përse duhet të hani 1 thelb hudhër në esëll/ Bën mrekulli për organizmin, ja si",142,medium_121_250,0.6272847463266733,0.37271525367332675,0,0.6272847463266733,uncertain,True,correct
new_calibrated_svm,true_1260,1260,0,real,Receta çudibërëse me farat e lirit: Të dobësohemi shëndetshëm dhe sigurt,418,long_gt_250,0.9292284209202311,0.07077157907976897,0,0.9292284209202311,likely_real,True,correct
new_calibrated_svm,true_1266,1266,0,real,Receta e Cekës - Maregnore,244,medium_121_250,0.9349050017615345,0.0650949982384655,0,0.9349050017615345,likely_real,True,correct
new_calibrated_svm,true_1274,1274,0,real,Koronavirusi anulon festimet e Vitit të Ri,162,medium_121_250,0.9975868154597994,0.0024131845402006065,0,0.9975868154597994,likely_real,True,correct
new_calibrated_svm,true_1275,1275,0,real,"Ç’do ndodhë me koronavirusin? OBSH në alarm, rritja e infektimeve po…",442,long_gt_250,0.9912395909168206,0.008760409083179403,0,0.9912395909168206,likely_real,True,correct
new_calibrated_svm,true_1279,1279,0,real,Çfarë misteri i pazgjidhur fshihet në mes të selisë së CIA?,590,long_gt_250,0.9968317767095827,0.0031682232904172744,0,0.9968317767095827,likely_real,True,correct
new_calibrated_svm,true_1285,1285,0,real,Prekëse: Kujdestari vishet bardhezi për t’ia plotësuar mungesën e nënës zebrës jetime,189,medium_121_250,0.9728611761366258,0.027138823863374163,0,0.9728611761366258,likely_real,True,correct
new_calibrated_svm,true_1290,1290,0,real,Aleksander Vuçiq: Dialogu i Brukselit po ndodhë nga dëshira e Brukselit për ta përjashtuar Amerikën,262,long_gt_250,0.9770806166749131,0.022919383325086893,0,0.9770806166749131,likely_real,True,correct
new_calibrated_svm,true_1291,1291,0,real,Kaçanikasi tenton t’i vrasë dy persona shkaku i një kontesti pronësor,249,medium_121_250,0.9985226176544196,0.0014773823455803232,0,0.9985226176544196,likely_real,True,correct
new_calibrated_svm,true_1293,1293,0,real,"U bë me vajzë por dëshironte djalë – Burri vret veten, e shoqja pëson atak kardiak",118,short_61_120,0.8753707778577801,0.12462922214221996,0,0.8753707778577801,likely_real,True,correct
new_calibrated_svm,true_1302,1302,0,real,"OBSH: Rritje shqetësuese të rasteve nga coronavirusi në Ballkan, duhet të tregohemi vigjilentë",141,medium_121_250,0.9881243926761356,0.011875607323864373,0,0.9881243926761356,likely_real,True,correct
new_calibrated_svm,true_1311,1311,0,real,"E akuzuan për ndërhyrje në Gjykatë, Von Cramon ia kthen Enver Hoxhajt: Kjo s’ndodh në demokraci, ndoshta në vendin tuaj po",254,long_gt_250,0.8727985591285022,0.12720144087149776,0,0.8727985591285022,likely_real,True,correct
new_calibrated_svm,true_1314,1314,0,real,Ky është 22 vjeçari nga Peja që vdiq në aksidentin tragjik,94,short_61_120,0.9916770991219679,0.008322900878032096,0,0.9916770991219679,likely_real,True,correct
new_calibrated_svm,true_1320,1320,0,real,Shikoni çfarë vozitje të shpejtë i bën veturës 60-vjeçarja shqiptare,145,medium_121_250,0.20426216329729607,0.7957378367027039,1,0.7957378367027039,likely_fake,False,false_positive
new_calibrated_svm,true_1324,1324,0,real,Turqia pezullon fluturimet shkaku i shtimit të rasteve të Covid-19,200,medium_121_250,0.9962312877853511,0.003768712214648971,0,0.9962312877853511,likely_real,True,correct
new_calibrated_svm,true_1325,1325,0,real,"Zemaj dhe Ramadani pushojnë sot, i cojnë me e-mail njoftimet për situatën 24 orëshe me COVID-19",135,medium_121_250,0.9992562733371009,0.0007437266628991094,0,0.9992562733371009,likely_real,True,correct
new_calibrated_svm,true_1334,1334,0,real,"Tayna poston fotot provokuese dhe dërgon mesazhin, “Të josh dhe të bëj budalla, sa herë dua”",106,short_61_120,0.7493496001984827,0.2506503998015173,0,0.7493496001984827,likely_real,True,correct
new_calibrated_svm,true_1336,1336,0,real,Presidenti në aktakuzë para Gjykatës Speciale dhe dialogu me Serbinë e sfidojnë shtetësinë e Kosovës,309,long_gt_250,0.9986213048638001,0.0013786951361999657,0,0.9986213048638001,likely_real,True,correct
new_calibrated_svm,true_1346,1346,0,real,Kështu e kujton Leonora babin në 22 vjetorin e vdekjes,75,short_61_120,0.994217098473568,0.005782901526432044,0,0.994217098473568,likely_real,True,correct
new_calibrated_svm,true_1351,1351,0,real,Receta e Cekës: Omletë me mollë,157,medium_121_250,0.723312445586189,0.27668755441381093,0,0.723312445586189,likely_real,True,correct
new_calibrated_svm,true_1365,1365,0,real,"Çdo natë para gjumit, pije këtë lëng dhe do largoni gjithçka nga barku, shkrin gjithë yndyrën, do t’ju heqi kilet e tepërta fare nga trupi",450,long_gt_250,0.17171765611462952,0.8282823438853705,1,0.8282823438853705,likely_fake,False,false_positive
new_calibrated_svm,true_1371,1371,0,real,Ku ngeli Alba Hoxha?,77,short_61_120,0.9931451029587466,0.006854897041253424,0,0.9931451029587466,likely_real,True,correct
new_calibrated_svm,true_1379,1379,0,real,Isufi: Nuk ka aktakuzë që mund ta njollosë luftën e UÇK’së,214,medium_121_250,0.9983735295639651,0.0016264704360348886,0,0.9983735295639651,likely_real,True,correct
new_calibrated_svm,true_1382,1382,0,real,"Serwer: Aktakuza ndaj Thaçit e Veselit s’është personale, Kosova është në telashe",206,medium_121_250,0.9527656609205135,0.047234339079486515,0,0.9527656609205135,likely_real,True,correct
new_calibrated_svm,true_1385,1385,0,real,"Është mashtrim, qeveria e kombinimit politik LDK me partnerët e PAN-it nuk e bëjnë ligjin Vetting",579,long_gt_250,0.9942742773633465,0.0057257226366534564,0,0.9942742773633465,likely_real,True,correct
new_calibrated_svm,true_1395,1395,0,real,"Infektologu italian: Koronavirusi është dobësuar, ja kur pritet të zhduket",273,long_gt_250,0.9824047889200824,0.017595211079917555,0,0.9824047889200824,likely_real,True,correct
new_calibrated_svm,true_1396,1396,0,real,Cramon për vizat: Ja kur pritet liberalizimi final,310,long_gt_250,0.9619127115122287,0.03808728848777135,0,0.9619127115122287,likely_real,True,correct
new_calibrated_svm,true_1413,1413,0,real,Koronavirusi: Renditja e Kosovës krahas shteteve të rajonit,366,long_gt_250,0.9980048473431332,0.001995152656866821,0,0.9980048473431332,likely_real,True,correct
new_calibrated_svm,true_1415,1415,0,real,"Trump për John Bolton: Askush nuk e donte në Shtëpinë e Bardhë, dukej i çmendur",344,long_gt_250,0.9806600810251105,0.01933991897488954,0,0.9806600810251105,likely_real,True,correct
new_calibrated_svm,true_1420,1420,0,real,Haradinaj shkon i pari në takim me Avdullah Hotin,93,short_61_120,0.9899483360473994,0.01005166395260065,0,0.9899483360473994,likely_real,True,correct
new_calibrated_svm,true_1424,1424,0,real,Zbulohet e vërteta: Ja çfarë pritet të ndodhë më 27 qershor në Shtëpinë e Bardhë,524,long_gt_250,0.811607672227666,0.18839232777233397,0,0.811607672227666,likely_real,True,correct
new_calibrated_svm,true_1426,1426,0,real,Hoti i fton liderët e partive në zyrë për t’u koordinuar para udhëtimit në Washington,164,medium_121_250,0.9794264089235419,0.020573591076458106,0,0.9794264089235419,likely_real,True,correct
new_calibrated_svm,true_1432,1432,0,real,Zbulohet substanca që e ul vdekshmërinë e pacientëve me Covid-19,344,long_gt_250,0.9864512799420831,0.013548720057916856,0,0.9864512799420831,likely_real,True,correct
new_calibrated_svm,true_1434,1434,0,real,"Gati për të shijuar pushimet, Elita dhe Gjiko zgjedhin këtë destinacion brenda Shqipërisë",148,medium_121_250,0.5602892455080003,0.4397107544919997,0,0.5602892455080003,uncertain,True,correct
new_calibrated_svm,true_1441,1441,0,real,A është Nicki Minaj shtatzënë!,107,short_61_120,0.9960975573257664,0.0039024426742335595,0,0.9960975573257664,likely_real,True,correct
new_calibrated_svm,true_1450,1450,0,real,Stërvitja e parë e Valon Berishës te Reims,88,short_61_120,0.7022670437386748,0.29773295626132523,0,0.7022670437386748,likely_real,True,correct
new_calibrated_svm,true_1451,1451,0,real,"Hoti e Hyseni presin në takim ambasadorët e QUINT-it, flasin për dialogun me Serbinë",218,medium_121_250,0.9670560532722657,0.03294394672773425,0,0.9670560532722657,likely_real,True,correct
new_calibrated_svm,true_1454,1454,0,real,Çavuşoğlu: Ajasofja është çështje e sovranitetit të Turqisë,188,medium_121_250,0.9904062481709182,0.00959375182908188,0,0.9904062481709182,likely_real,True,correct
new_calibrated_svm,true_1461,1461,0,real,"8 të vdekur nga koronavirusi brenda ditës në Kosovë, shkon në 177 numri i përgjithshëm i viktimave",65,short_61_120,0.7393602046848093,0.2606397953151906,0,0.7393602046848093,likely_real,True,correct
new_calibrated_svm,true_1465,1465,0,real,Lëngu i qepës së kuqe/ Kura natyrale për stomakun dhe alergjitë,340,long_gt_250,0.6780046014906373,0.32199539850936265,0,0.6780046014906373,uncertain,True,correct
new_calibrated_svm,true_1466,1466,0,real,"Bilanci i pandemisë në botë, mbi 16 milionë raste me COVID-19",283,long_gt_250,0.9982883398664243,0.0017116601335757083,0,0.9982883398664243,likely_real,True,correct
new_calibrated_svm,true_1473,1473,0,real,"Certifikohen rezultatet zgjedhore, shqiptarët me 32 mandate në Kuvendin e Maqedonisë së Veriut",112,short_61_120,0.8882995565000239,0.11170044349997611,0,0.8882995565000239,likely_real,True,correct
new_calibrated_svm,true_1474,1474,0,real,Turqia reagon kundër djegies së flamurit turk në Greqi,341,long_gt_250,0.99705499970771,0.0029450002922899315,0,0.99705499970771,likely_real,True,correct
new_calibrated_svm,true_1475,1475,0,real,Policia izraelite arreston 3 fëmijë palestinezë në Kuds,129,medium_121_250,0.9598181351137409,0.04018186488625912,0,0.9598181351137409,likely_real,True,correct
new_calibrated_svm,true_1484,1484,0,real,Ndihma humanitare botërore e Turqisë përbën 26 për qind në vitin 2019,754,long_gt_250,0.9949852109559875,0.005014789044012516,0,0.9949852109559875,likely_real,True,correct
new_calibrated_svm,true_1488,1488,0,real,Breshka e detit e ndjekur nga shkencëtarët turq përmes satelitit përshkoi 5.500 kilometra për një vit,339,long_gt_250,0.9935711535579682,0.006428846442031825,0,0.9935711535579682,likely_real,True,correct
new_calibrated_svm,true_1492,1492,0,real,Vdes nga koronavirusi një 66-vjeçare në Spitalin e Pejës,203,medium_121_250,0.9746130203970211,0.025386979602978844,0,0.9746130203970211,likely_real,True,correct
new_calibrated_svm,true_1498,1498,0,real,"Isa Mustafa përkrah fuqishëm ndërtimin e Xhamisë, dënon protestën: Të krenohemi që jemi muslimanë",349,long_gt_250,0.9729551069425935,0.027044893057406514,0,0.9729551069425935,likely_real,True,correct
new_calibrated_svm,true_1503,1503,0,real,"Edhe 5 të vdekur nga Covid-19 në Kosovë, numri i përgjithshëm 144",111,short_61_120,0.993206428659897,0.006793571340103035,0,0.993206428659897,likely_real,True,correct
new_calibrated_svm,true_1511,1511,0,real,Nisin hetimet ndaj TikTok në Australi,178,medium_121_250,0.5912632194713897,0.4087367805286103,0,0.5912632194713897,uncertain,True,correct
new_calibrated_svm,true_1513,1513,0,real,"“Vrisni një serb e ne do të vrasim 100 myslimanë”, Kurti kujton deklaratën famëkeqe të Vuçiqit",256,long_gt_250,0.705732125856283,0.294267874143717,0,0.705732125856283,likely_real,True,correct
new_calibrated_svm,true_1519,1519,0,real,Sot pritet fillimi i testimeve serologjike për koronavirus,227,medium_121_250,0.9939397628527168,0.006060237147283259,0,0.9939397628527168,likely_real,True,correct
new_calibrated_svm,true_1531,1531,0,real,"Gjashtë nivelet në të cilat shfaqet koronavirusi, simptomat dhe pacientët më të rrezikuar",422,long_gt_250,0.9283260672395113,0.07167393276048871,0,0.9283260672395113,likely_real,True,correct
new_calibrated_svm,true_1533,1533,0,real,Apeli i IKSHPK-së: Mbani maskat dhe distancën fizike,399,long_gt_250,0.9835829154075246,0.016417084592475328,0,0.9835829154075246,likely_real,True,correct
new_calibrated_svm,true_1538,1538,0,real,Vdes gjyqtari Shashivar Hoti,115,short_61_120,0.9003936884232215,0.09960631157677852,0,0.9003936884232215,likely_real,True,correct
new_calibrated_svm,true_1542,1542,0,real,Shënohen edhe dy vdekje nga Covid-19 në Kosovë,177,medium_121_250,0.9763087183863414,0.02369128161365866,0,0.9763087183863414,likely_real,True,correct
new_calibrated_svm,true_1544,1544,0,real,Kur pritet t’u mundësohet qytetarëve tërheqja e parave nga Trusti?,209,medium_121_250,0.9235887853514322,0.07641121464856779,0,0.9235887853514322,likely_real,True,correct
new_calibrated_svm,true_1545,1545,0,real,​Apeli i IKSHPK-së: Vazhdoni të mbani distancën fizike dhe maskat,441,long_gt_250,0.9748268089522779,0.02517319104772209,0,0.9748268089522779,likely_real,True,correct
new_calibrated_svm,true_1547,1547,0,real,"Hoti deklarohet pas takimit me Vuçiq: Kemi bërë progres, besojmë në partnerët ndërkombëtarë",172,medium_121_250,0.931883810032686,0.06811618996731393,0,0.931883810032686,likely_real,True,correct
new_calibrated_svm,true_1551,1551,0,real,Kurti: Me qeverinë koti kriminelët dolën nga skutat,408,long_gt_250,0.9870079195101289,0.012992080489871159,0,0.9870079195101289,likely_real,True,correct
new_calibrated_svm,true_1552,1552,0,real,"Specialja e nis intervistimin, Presidenti nuk deklarohet për media",203,medium_121_250,0.953662112624899,0.04633788737510101,0,0.953662112624899,likely_real,True,correct
new_calibrated_svm,true_1556,1556,0,real,"Shqipëri, vazhdon rritja e rasteve me koronavirus",137,medium_121_250,0.999616864111181,0.0003831358888190145,0,0.999616864111181,likely_real,True,correct
new_calibrated_svm,true_1557,1557,0,real,Maqedoni: Shqiptarët me 32 deputetë në Parlamentin,211,medium_121_250,0.9724751650722903,0.027524834927709706,0,0.9724751650722903,likely_real,True,correct
new_calibrated_svm,true_1563,1563,0,real,Kosova e para në Evropë për raste të reja me COVID-19 në dy javët e fundit,214,medium_121_250,0.9852749649569149,0.014725035043085042,0,0.9852749649569149,likely_real,True,correct
new_calibrated_svm,true_1564,1564,0,real,"Fillon ndërtimi i Xhamisë së Madhe në Prishtinë, Tërnava uron besimtarët",107,short_61_120,0.7701017556852838,0.2298982443147162,0,0.7701017556852838,likely_real,True,correct
new_calibrated_svm,true_1567,1567,0,real,"Policia mas 2 muajsh hetime zbulon 20 kg marihuanë, në pranga 5 persona",301,long_gt_250,0.997986261800438,0.0020137381995619166,0,0.997986261800438,likely_real,True,correct
new_calibrated_svm,true_1568,1568,0,real,Vaksina kundër COVID-19 e testuar tek njerëzit tregon shenja të hershme të suksesit,277,long_gt_250,0.9106850878696806,0.08931491213031935,0,0.9106850878696806,likely_real,True,correct
new_calibrated_svm,true_1569,1569,0,real,Dita e tretë e intervistimit të presidentit Thaçi në Hagë,163,medium_121_250,0.6772712510479957,0.3227287489520044,0,0.6772712510479957,uncertain,True,correct
new_calibrated_svm,true_1574,1574,0,real,Në SHSKUK po trajtohen 268 pacientë me Covid-19,154,medium_121_250,0.9926361406100177,0.007363859389982316,0,0.9926361406100177,likely_real,True,correct
new_calibrated_svm,true_1593,1593,0,real,Fillon seanca e Kuvendit ku kryeministri Hoti do të raportojë para takimit të Uashingtonit,221,medium_121_250,0.9823565271615248,0.017643472838475203,0,0.9823565271615248,likely_real,True,correct
new_calibrated_svm,true_1594,1594,0,real,"Shqipëri, një i vdekur dhe 53 raste të reja me COVID-19",169,medium_121_250,0.9998998558475991,0.0001001441524008815,0,0.9998998558475991,likely_real,True,correct
new_calibrated_svm,true_1601,1601,0,real,Messi i gatshëm për ndeshjen e sotme ndaj Mallorcas,128,medium_121_250,0.8816653466499753,0.11833465335002469,0,0.8816653466499753,likely_real,True,correct
new_calibrated_svm,true_1606,1606,0,real,Isa Mustafa: Atakimi i familjes së Vjosa Osmanit është neveritës,162,medium_121_250,0.8729333085639044,0.1270666914360956,0,0.8729333085639044,likely_real,True,correct
new_calibrated_svm,true_1609,1609,0,real,Thaçi reagon pas votimit të qeverisë: Ditë e rëndësishme për demokracinë,156,medium_121_250,0.9267327408311036,0.07326725916889641,0,0.9267327408311036,likely_real,True,correct
new_calibrated_svm,true_1610,1610,0,real,Kuvendi votoi Qeverinë Hoti,44,very_short_le_60,0.9586240688679185,0.0413759311320815,0,0.9586240688679185,likely_real,True,correct
new_calibrated_svm,true_1611,1611,0,real,Wuhan-i “kryen me sukses” testimin e popullsisë për koronavirus,147,medium_121_250,0.9486845315510513,0.0513154684489487,0,0.9486845315510513,likely_real,True,correct
new_calibrated_svm,true_1613,1613,0,real,​Kryesia e Kuvendit sot vendos datën e seancës për votimin e Qeverisë Hoti,108,short_61_120,0.9674729544530746,0.032527045546925475,0,0.9674729544530746,likely_real,True,correct
new_calibrated_svm,true_1616,1616,0,real,Një i prekur me koronavirus në Infektivë në gjendje të rëndë,105,short_61_120,0.9573220492034554,0.04267795079654459,0,0.9573220492034554,likely_real,True,correct
new_calibrated_svm,true_1619,1619,0,real,"Mbi 2,3 milionë të shëruar nga COVID-19 në mbarë botën",109,short_61_120,0.82824065606557,0.17175934393443,0,0.82824065606557,likely_real,True,correct
new_calibrated_svm,true_1622,1622,0,real,Mbi 12 mijë teste për COVID-19 në Kosovë,102,short_61_120,0.967223076101946,0.03277692389805395,0,0.967223076101946,likely_real,True,correct
new_calibrated_svm,true_1624,1624,0,real,Klopp thotë se Liverpooli do të jetë i gatshëm për rikthimin e lojës së bukur,223,medium_121_250,0.959671101156468,0.04032889884353195,0,0.959671101156468,likely_real,True,correct
new_calibrated_svm,true_1625,1625,0,real,"Britani, qentë do të trajnohen për të diagnostikuar personat me COVID-19",269,long_gt_250,0.9284010013794416,0.07159899862055845,0,0.9284010013794416,likely_real,True,correct
new_calibrated_svm,true_1641,1641,0,real,​17 milionë raste me COVID-19 në botë,100,short_61_120,0.9783648862078755,0.02163511379212443,0,0.9783648862078755,likely_real,True,correct
new_calibrated_svm,true_1647,1647,0,real,Sekuestrohen mbi 40 armë në një operacion në Prishtinë,139,medium_121_250,0.9974482350311904,0.002551764968809596,0,0.9974482350311904,likely_real,True,correct
new_calibrated_svm,true_1648,1648,0,real,Qeveria nuk u konsultua me KOK-un për ndalimin e aktiviteteve sportive,518,long_gt_250,0.9990084886086561,0.000991511391343925,0,0.9990084886086561,likely_real,True,correct
new_calibrated_svm,true_1653,1653,0,real,​Veliu thotë se VV-ja pati tendenca që të pamundësohet raportimi në Komision,279,long_gt_250,0.9791871975597098,0.02081280244029018,0,0.9791871975597098,likely_real,True,correct
new_calibrated_svm,true_1655,1655,0,real,Janë bërë të ditura nominimet e shpërblimeve “Emmy”,304,long_gt_250,0.9785003062343616,0.021499693765638383,0,0.9785003062343616,likely_real,True,correct
new_calibrated_svm,true_1659,1659,0,real,Numër i vogël në pelegrinazhin e sivjetmë në Haxh,238,medium_121_250,0.9873581949106539,0.012641805089346071,0,0.9873581949106539,likely_real,True,correct
new_calibrated_svm,true_1660,1660,0,real,Finalja e Kupës – për një fund me dinjitet të edicionit të vështirë,716,long_gt_250,0.996139867837479,0.003860132162521015,0,0.996139867837479,likely_real,True,correct
new_calibrated_svm,true_1665,1665,0,real,Partitë shqiptare në Mal të Zi garojnë të ndara në zgjedhjet parlamentare,267,long_gt_250,0.9482213953733876,0.05177860462661242,0,0.9482213953733876,likely_real,True,correct
new_calibrated_svm,true_1667,1667,0,real,Mbretëria e Bashkuar largon Spanjën nga lista e udhëtimeve,189,medium_121_250,0.9621745276293155,0.037825472370684496,0,0.9621745276293155,likely_real,True,correct
new_calibrated_svm,true_1674,1674,0,real,Ish-ministri i Shëndetësisë: E pafalshme që kjo situatë abnormale të trajtohet si normale nga Qeveria,316,long_gt_250,0.9948088727264254,0.005191127273574658,0,0.9948088727264254,likely_real,True,correct
new_calibrated_svm,true_1675,1675,0,real,Leron Kurteshi sjell stilin urban në muzikë,135,medium_121_250,0.9899328230224099,0.0100671769775901,0,0.9899328230224099,likely_real,True,correct
new_calibrated_svm,true_1676,1676,0,real,Zvicra njofton për 132 raste të reja me COVID-19 e tre të vdekur,118,short_61_120,0.9820958342635725,0.017904165736427474,0,0.9820958342635725,likely_real,True,correct
new_calibrated_svm,true_1687,1687,0,real,Me rigon kundër infeksioneve dhe problemeve me fytin,307,long_gt_250,0.6201049580062189,0.3798950419937811,0,0.6201049580062189,uncertain,True,correct
new_calibrated_svm,true_1692,1692,0,real,"Bazeli, vendi ku lindi shkenca e halucinacioneve",569,long_gt_250,0.9457165354570746,0.05428346454292546,0,0.9457165354570746,likely_real,True,correct
new_calibrated_svm,true_1697,1697,0,real,"Katër gola në dy ndeshje, Ademi tregon sekretin e kthimit në formë",220,medium_121_250,0.9701791997752,0.029820800224800083,0,0.9701791997752,likely_real,True,correct
new_calibrated_svm,true_1698,1698,0,real,Rreth 200 shtretër kanë mbetur në dispozicion për trajtim të pacientëve me COVID-19,226,medium_121_250,0.9971650849518133,0.0028349150481867145,0,0.9971650849518133,likely_real,True,correct
new_calibrated_svm,true_1700,1700,0,real,Këshilltari kryesor i Trumpit del pozitiv në COVID-19,115,short_61_120,0.8950323904630069,0.10496760953699313,0,0.8950323904630069,likely_real,True,correct
new_calibrated_svm,true_1711,1711,0,real,Grupi “3 Doors Down” do ta lansojë këngën e parë në pesë vjetët e fundit,345,long_gt_250,0.9907455615398798,0.009254438460120158,0,0.9907455615398798,likely_real,True,correct
new_calibrated_svm,true_1714,1714,0,real,Konfiskime të armëve në ahengje,145,medium_121_250,0.9971217226066476,0.0028782773933523965,0,0.9971217226066476,likely_real,True,correct
new_calibrated_svm,true_1720,1720,0,real,Java e fundit e korrikut me mot të nxehtë,148,medium_121_250,0.9968085625488607,0.003191437451139298,0,0.9968085625488607,likely_real,True,correct
new_calibrated_svm,true_1729,1729,0,real,Në Fushë-Kosovë dyshohet se djali vrau babanë,174,medium_121_250,0.9185690834888447,0.0814309165111553,0,0.9185690834888447,likely_real,True,correct
new_calibrated_svm,true_1730,1730,0,real,Simptomat e COVID-19 ndahen në gjashtë grupe sipas një studimi,401,long_gt_250,0.90336397921664,0.09663602078335999,0,0.90336397921664,likely_real,True,correct
new_calibrated_svm,true_1732,1732,0,real,​Ekzekutohen pagesat e pakos emergjente për masën 3a për 7241 përfitues,83,short_61_120,0.9951911106892908,0.00480888931070925,0,0.9951911106892908,likely_real,True,correct
new_calibrated_svm,true_1737,1737,0,real,"Buxhovi: LDK-së i duhen reforma, Osmani duhet të qëndrojë",2091,long_gt_250,0.9983725122073183,0.001627487792681781,0,0.9983725122073183,likely_real,True,correct
new_calibrated_svm,true_1738,1738,0,real,Shpërblehen sekretarët që ia punësuan renë Mustafës dhe dhëndrin Limajt,302,long_gt_250,0.9343996701070401,0.06560032989295997,0,0.9343996701070401,likely_real,True,correct
new_calibrated_svm,true_1740,1740,0,real,Konsiderohet e dëmshme rizgjedhja e Thaçit edhe për një mandat,179,medium_121_250,0.9666779868104476,0.033322013189552364,0,0.9666779868104476,likely_real,True,correct
new_calibrated_svm,true_1742,1742,0,real,"Vuçiqi takohet me Lajçakun, pranon se temat janë të dhimbshme dhe se kompromisi nuk është i lehtë",339,long_gt_250,0.9894404558256078,0.010559544174392163,0,0.9894404558256078,likely_real,True,correct
new_calibrated_svm,true_1746,1746,0,real,Haradinaj ia kishte ndarë Mustafës mbi 24 mijë euro në emër të pagës retroaktive,340,long_gt_250,0.9185379033531403,0.08146209664685965,0,0.9185379033531403,likely_real,True,correct
new_calibrated_svm,true_1755,1755,0,real,Tayna u ndërton shtëpi të re prindërve të saj,188,medium_121_250,0.823293130952724,0.176706869047276,0,0.823293130952724,likely_real,True,correct
new_calibrated_svm,true_1757,1757,0,real,Qeveria mbulon shpenzimet e Kartonit të Gjelbër për bashkatdhetarët deri në fund të këtij viti,268,long_gt_250,0.9978528499196031,0.0021471500803968897,0,0.9978528499196031,likely_real,True,correct
new_calibrated_svm,true_1767,1767,0,real,"Hoti: Kemi hyrë në valën e dytë të pandemisë COVID-19, të aktivizohet Plani i reagimit kombëtar",263,long_gt_250,0.9989939124333125,0.0010060875666875705,0,0.9989939124333125,likely_real,True,correct
new_calibrated_svm,true_1768,1768,0,real,Qeveria ndan nga 300 euro për mantelbardhët,118,short_61_120,0.9842439037240461,0.015756096275953816,0,0.9842439037240461,likely_real,True,correct
new_calibrated_svm,true_1783,1783,0,real,"Khabib – Gaethje, caktohet përfundimisht data për meçin e zjarrtë",123,medium_121_250,0.8492689810717218,0.15073101892827825,0,0.8492689810717218,likely_real,True,correct
new_calibrated_svm,true_1785,1785,0,real,"​Ndalohen të gjitha veprimtaritë fetare, nuk lejohet as therja e kafshëve në shtëpi",161,medium_121_250,0.9658992086758103,0.03410079132418976,0,0.9658992086758103,likely_real,True,correct
new_calibrated_svm,true_1790,1790,0,real,Gazmend Gjyshinca: Kujtim Shala dhe Arben Gashi më ngrehen nga krahu dhe më thanë budalla,352,long_gt_250,0.998568745516737,0.0014312544832629408,0,0.998568745516737,likely_real,True,correct
new_calibrated_svm,true_1795,1795,0,real,Fauci thotë se përgjigja mbi vaksinën për COVID-19 mund të vijë në ‘tetor ose nëntor’,245,medium_121_250,0.958483934526399,0.04151606547360103,0,0.958483934526399,likely_real,True,correct
new_calibrated_svm,true_1799,1799,0,real,Një grua në TikTok ndau një truk që ndihmon për gjetjen e xhinseve të duhura,234,medium_121_250,0.8325355456320236,0.16746445436797647,0,0.8325355456320236,likely_real,True,correct
new_calibrated_svm,true_1804,1804,0,real,"Lëvoret e shalqirit, të mbushura me produkte ushqyese",219,medium_121_250,0.6386555525107412,0.36134444748925876,0,0.6386555525107412,uncertain,True,correct
new_calibrated_svm,true_1811,1811,0,real,Deputetja Eliza Hoxha rrëfen përvojën dhe betejën me COVID-19,657,long_gt_250,0.9957162653227514,0.004283734677248617,0,0.9957162653227514,likely_real,True,correct
new_calibrated_svm,true_1814,1814,0,real,Ish-lojtari i Ballkanit ndërron jetë nga COVID-19,156,medium_121_250,0.999657700650067,0.0003422993499330292,0,0.999657700650067,likely_real,True,correct
new_calibrated_svm,true_1815,1815,0,real,"Qeveria me masa të reja për kopshtet, gastronominë e fusha tjera",130,medium_121_250,0.9924145342731713,0.007585465726828724,0,0.9924145342731713,likely_real,True,correct
new_calibrated_svm,true_1819,1819,0,real,"Shkretëtira shndërrohet në varrezë, skena rrëqethëse nga Iraku",220,medium_121_250,0.9603582978111761,0.039641702188823943,0,0.9603582978111761,likely_real,True,correct
new_calibrated_svm,true_1820,1820,0,real,"Ka filluar të mbahet gara robotikës “First Global Challenge”, Kosova kryeson në listë",163,medium_121_250,0.5966387294235345,0.4033612705764656,0,0.5966387294235345,uncertain,True,correct
new_calibrated_svm,true_1826,1826,0,real,Si lindi sfondi më i famshëm kompjuterik i të gjitha kohërave – dhe ja si duket tani vendi ku u bë fotografia,421,long_gt_250,0.9904807399302056,0.009519260069794451,0,0.9904807399302056,likely_real,True,correct
new_calibrated_svm,true_1832,1832,0,real,"Kina raporton numrin më të madh të rasteve me coronavirus, që nga fundi i shpërthimit të Wuhan",170,medium_121_250,0.9927416782595784,0.007258321740421668,0,0.9927416782595784,likely_real,True,correct
new_calibrated_svm,true_1834,1834,0,real,"Gastronomët ia ‘dorëzojnë çelësat’ Qeverisë së Kosovës, kërkojnë përkrahje institucionale",170,medium_121_250,0.993970351314326,0.006029648685674071,0,0.993970351314326,likely_real,True,correct
new_calibrated_svm,true_1839,1839,0,real,Horoskopi javor për periudhën nga 27 korrik – 03 gusht,1619,long_gt_250,0.9968809647129983,0.0031190352870017067,0,0.9968809647129983,likely_real,True,correct
new_calibrated_svm,true_1848,1848,0,real,Mustafa: Dialogu është krejtësisht politik dhe rezulton me marrëveshje politike ndërshtetërore për njohje reciproke,255,long_gt_250,0.996103543477226,0.0038964565227740055,0,0.996103543477226,likely_real,True,correct
new_calibrated_svm,true_1853,1853,0,real,Sabri Fejzullahu përkujton veprimtarin Adem Demaçi në dyvjetorin e vdekjes së tij,141,medium_121_250,0.9726388175384421,0.027361182461557908,0,0.9726388175384421,likely_real,True,correct
new_calibrated_svm,true_1861,1861,0,real,A mund të vetëkallet më lehtë vetura që ka aparat klime?,202,medium_121_250,0.9911497443338896,0.008850255666110467,0,0.9911497443338896,likely_real,True,correct
new_calibrated_svm,true_1873,1873,0,real,DailyMail shkruan për nënën e Rita Orës: 56-vjeçarja Vera që rrëmben vëmendjen me paraqitjet e saj me bikini në plazh,245,medium_121_250,0.9902044789400308,0.009795521059969168,0,0.9902044789400308,likely_real,True,correct
new_calibrated_svm,true_1874,1874,0,real,FSK blen automjete të blinduara nga Ushtria amerikane,92,short_61_120,0.9419852303662717,0.05801476963372836,0,0.9419852303662717,likely_real,True,correct
new_calibrated_svm,true_1885,1885,0,real,Çaji i zakonshëm i nenexhikut – Ilaç universal i gjyshes që vërtet është i fuqishëm!,588,long_gt_250,0.6906699369364944,0.30933006306350563,0,0.6906699369364944,uncertain,True,correct
new_calibrated_svm,true_1894,1894,0,real,Në Spitalin e Pejës dje ka vdekur një pacient me COVID-19,137,medium_121_250,0.9969265515909337,0.0030734484090663055,0,0.9969265515909337,likely_real,True,correct
new_calibrated_svm,true_1898,1898,0,real,Djersitja është dukuri shumë më e ndërlikuar seç mendoni,695,long_gt_250,0.9477040375401831,0.05229596245981697,0,0.9477040375401831,likely_real,True,correct
new_calibrated_svm,true_1904,1904,0,real,Këto vende ishin model i suksesit në luftën ndaj coronavirusit – por nuk janë më!,917,long_gt_250,0.997836414822199,0.0021635851778009714,0,0.997836414822199,likely_real,True,correct
new_calibrated_svm,true_1906,1906,0,real,"Fansi e quajti lojtar ‘shumë të mbivlerësuar’, Toni Kross i përgjigjet në mënyrë epike",281,long_gt_250,0.9963309590071072,0.0036690409928928323,0,0.9963309590071072,likely_real,True,correct
new_calibrated_svm,true_1912,1912,0,real,Rastet e reja me coronavirus – 91 vetëm në Prishtinë,284,long_gt_250,0.9889724102107305,0.011027589789269585,0,0.9889724102107305,likely_real,True,correct
new_calibrated_svm,true_1913,1913,0,real,Rita Ora në lidhje serioze me Roman Gavras,133,medium_121_250,0.5662596024909594,0.4337403975090406,0,0.5662596024909594,uncertain,True,correct
new_calibrated_svm,true_1917,1917,0,real,"Dua Lipa në frymë patriotike, publikon flamurin ‘Autochthonous’ dhe kuptimin e fjalës",157,medium_121_250,0.9794847610807103,0.020515238919289785,0,0.9794847610807103,likely_real,True,correct
new_calibrated_svm,true_1920,1920,0,real,LVV reagon pas akuzave të PDK-së për Telekomin: Sejdi Hoxha i ka kushtuar Postës mbi 50 mijë euro për dy vite,385,long_gt_250,0.9745905678105568,0.02540943218944326,0,0.9745905678105568,likely_real,True,correct
new_calibrated_svm,true_1923,1923,0,real,"Shpërndau lajmin se ka vdekur Isa Mustafa, policia arreston të dyshuarin",149,medium_121_250,0.9954597691754568,0.004540230824543206,0,0.9954597691754568,likely_real,True,correct
new_calibrated_svm,true_1925,1925,0,real,Florentino Perez thotë se Benzema duhet ta fitojë Topin e Artë këtë vit,177,medium_121_250,0.9789420565091114,0.021057943490888603,0,0.9789420565091114,likely_real,True,correct
new_calibrated_svm,true_1928,1928,0,real,Përfundon takimi Hoti-Vuçiq në Bruksel,364,long_gt_250,0.9959596143837814,0.00404038561621855,0,0.9959596143837814,likely_real,True,correct
new_calibrated_svm,true_1931,1931,0,real,Magjia verore në ETC vjen me zbritje deri në 50%,292,long_gt_250,0.41832220250845065,0.5816777974915494,1,0.5816777974915494,uncertain,False,false_positive
new_calibrated_svm,true_1932,1932,0,real,Nipi i Elvis Presleyt është emri më i ri që i bashkohet listës së yjeve që nuk iu shmangën mallkimit të “Klubit 27”,435,long_gt_250,0.9922851236881587,0.007714876311841314,0,0.9922851236881587,likely_real,True,correct
new_calibrated_svm,true_1933,1933,0,real,Haradinaj: Aktakuzat ndaj Thaçit dhe Veselit janë goditje ndaj lirisë së Kosovës,431,long_gt_250,0.9607048894881325,0.03929511051186757,0,0.9607048894881325,likely_real,True,correct
new_calibrated_svm,true_1935,1935,0,real,Haradinaj: Nëse konfirmohen akuzat ndaj Thaçit e Veselit Kosova rrezikon të dëmtohet rëndë,155,medium_121_250,0.220315546648723,0.779684453351277,1,0.779684453351277,likely_fake,False,false_positive
new_calibrated_svm,true_1938,1938,0,real,"Kjo është sasia e mjaftueshme e ujit, të cilin duhet ta konsumojmë për të qenë të shëndetshëm",428,long_gt_250,0.5470642345116795,0.4529357654883205,0,0.5470642345116795,uncertain,True,correct
new_calibrated_svm,true_1939,1939,0,real,Kendall Jenner vë në pah të pasmet në imazhet e fundit me të brendshme,153,medium_121_250,0.9902878266047298,0.00971217339527015,0,0.9902878266047298,likely_real,True,correct
new_calibrated_svm,true_1951,1951,0,real,Jakupi: Edhe Kosova do të bëjë përpjekje për të siguruar disa doza të ilaçit që trajton pacientët me COVID-19,212,medium_121_250,0.9556001920947571,0.044399807905242915,0,0.9556001920947571,likely_real,True,correct
new_calibrated_svm,true_1960,1960,0,real,Ledri Vula rrëfen historinë me Sara Hoxhën dhe planet për t’u bërë baba,305,long_gt_250,0.9895080122940719,0.010491987705928118,0,0.9895080122940719,likely_real,True,correct
new_calibrated_svm,true_1963,1963,0,real,Sadio Mane mezi ka pritur të rifillojë Liga Premier – senegalezi harroi se duhet gjunjëzuar në shenjë nderimi për “Black Lives Matter”,170,medium_121_250,0.9875026651963636,0.012497334803636384,0,0.9875026651963636,likely_real,True,correct
new_calibrated_svm,true_1966,1966,0,real,Viola von Cramon shpreson se kosovarëve do t’iu hiqen vizat kur Gjermania ta marrë Presidencën,205,medium_121_250,0.1167669858184388,0.8832330141815612,1,0.8832330141815612,likely_fake,False,false_positive
new_calibrated_svm,true_1967,1967,0,real,Vuçiq: Nga Lavrovi pranova informata shqetësuese për çështjen e Kosovës,142,medium_121_250,0.88807449407629,0.11192550592370996,0,0.88807449407629,likely_real,True,correct
new_calibrated_svm,true_1979,1979,0,real,WhatsApp do t’ju lejojë të përdorni të njëjtën llogari deri në katër pajisje,92,short_61_120,0.9391847458427606,0.060815254157239464,0,0.9391847458427606,likely_real,True,correct
new_calibrated_svm,true_1982,1982,0,real,"Labinot Tahiri reagon i revoltuar: Kjo është një gënjeshtër, le të më dërgojnë në burg mua dhe gjithë estradën",216,medium_121_250,0.9813448613221346,0.018655138677865432,0,0.9813448613221346,likely_real,True,correct
new_calibrated_svm,true_1988,1988,0,real,Konjufca: Mustafa përsëri do t’ia bëjë votat Thaçit për president,217,medium_121_250,0.7862588410893799,0.21374115891062004,0,0.7862588410893799,likely_real,True,correct
new_calibrated_svm,true_1991,1991,0,real,"Kylie Jenner etiketohet si raciste, kryqëzohet nga fansat pasi vetëm 13 për qind e punonjësve në markën e saj janë njerëz me ngjyrë",272,long_gt_250,0.9796725158992732,0.020327484100726788,0,0.9796725158992732,likely_real,True,correct
new_calibrated_svm,fake_24,24,1,fake,"Askush Nuk Po E Besonte Që Kjo Ka’fshë Është Në Këtë Vend, Banorët Janë Mbledhur Dhe… VIDEO",66,short_61_120,0.00016713436460114028,0.9998328656353989,1,0.9998328656353989,likely_fake,True,correct
new_calibrated_svm,fake_30,30,1,fake,Vallëzimi I Nuses Në Dasmën E Saj Po Mahnitë Të Gjithë Në Rrjetet Sociale,72,short_61_120,0.09419149577518537,0.9058085042248146,1,0.9058085042248146,likely_fake,True,correct
new_calibrated_svm,fake_31,31,1,fake,"Babai Merr Dy Ditë Leje Për Lindjen E Fëmijes, Kur Papritur I Vjen Nje Mesazh Nga Shefi I Tij Që E Lë Pa M,End",112,short_61_120,0.028162402833211808,0.9718375971667882,1,0.9718375971667882,likely_fake,True,correct
new_calibrated_svm,fake_33,33,1,fake,Njihuni Me Shqiptarën E Parë Që U Bë Milionere Me Bitcoin (FOTO),213,medium_121_250,0.4102418830880675,0.5897581169119325,1,0.5897581169119325,uncertain,True,correct
new_calibrated_svm,fake_45,45,1,fake,"Nisi Procesi Për Punë Sezonale Në Itali, Ja Sa Shqiptarë Mund Të Përfitojnë Punë Bashkë Me Leje Qëndrimi",78,short_61_120,0.04814695652907064,0.9518530434709294,1,0.9518530434709294,likely_fake,True,correct
new_calibrated_svm,fake_46,46,1,fake,"Rasti i rralle qe emocjonoi gjithe boten,i biri pa duar ushqen nenen e paralizuar (Video)",107,short_61_120,0.0031620835171254358,0.9968379164828746,1,0.9968379164828746,likely_fake,True,correct
new_calibrated_svm,fake_50,50,1,fake,EKSLUZIVE:Rasheli Tregon Pa Dorashka Arsyen Pse U Largua Nga Ermali “Ai Me Ngacmonte Dhe …”,94,short_61_120,0.0002986526423706115,0.9997013473576294,1,0.9997013473576294,likely_fake,True,correct
new_calibrated_svm,fake_57,57,1,fake,Soda Del Jasht “Loje” Ky Eshte Perberesi I Cili Do Te Sheroj Lukthin Tuaj Ne Vetem Pak Dite,188,medium_121_250,0.2803896699572097,0.7196103300427903,1,0.7196103300427903,likely_fake,True,correct
new_calibrated_svm,fake_60,60,1,fake,"Po na përlot me rolin e saj! Flet Ejlyli, tregon të pathënat e jetës së saj: U bëra…",99,short_61_120,0.008275269974884147,0.9917247300251159,1,0.9917247300251159,likely_fake,True,correct
new_calibrated_svm,fake_64,64,1,fake,"Mbani Lotët! Vajza E Zbulon Pak Para Dasmës Që I Fejuari Ia Kishte Dredhur, Më Pas Ia Bën…",75,short_61_120,0.00039916402254136507,0.9996008359774586,1,0.9996008359774586,likely_fake,True,correct
new_calibrated_svm,fake_66,66,1,fake,Gazetarja E Njohur Rrëfen Ëndrrën Me Edi Ramën Gjatë Karantinës: Më Ka… (Video),107,short_61_120,0.016879011606827476,0.9831209883931725,1,0.9831209883931725,likely_fake,True,correct
new_calibrated_svm,fake_68,68,1,fake,"Ata Duheshin Shumë, Por Babai I Saj Nuk Ja Jepte Për Grua Edhe Pse Ajo Mbeti Shtatëzanë. Ajo Që Ndodhi 56 Vite Më Vonë Do T’ju Përlotë…",121,medium_121_250,0.0007132755950816083,0.9992867244049184,1,0.9992867244049184,likely_fake,True,correct
new_calibrated_svm,fake_70,70,1,fake,"BE Përshëndet Miratimin E ‘5 Qershorit’, Apeli I Sorecës: Mos Dëmtoni Frymën E Reformës Zgjedhore",93,short_61_120,0.036121984600742896,0.9638780153992571,1,0.9638780153992571,likely_fake,True,correct
new_calibrated_svm,fake_71,71,1,fake,"“T Ërmeti I Madh Do Ndryshojë Tokën, Kontinentet Do Ndahen Përgjysmë”, A Larmi I Shkencëtarit",118,short_61_120,0.0004994256915417106,0.9995005743084583,1,0.9995005743084583,likely_fake,True,correct
new_calibrated_svm,fake_74,74,1,fake,"Gezim I Madh Ne Familjen E Shkurte Fejzes, Ja Qfare Ndodhi ..",90,short_61_120,0.0025663009767002976,0.9974336990232997,1,0.9974336990232997,likely_fake,True,correct
new_calibrated_svm,fake_77,77,1,fake,Kush Është Kjo Gruaja Që Sot Protestoi Dhe Tha:Do Ta Tuboj Popullaten Nuk Ka Ndërtim Të Xhamisë,120,short_61_120,0.0024131946576364527,0.9975868053423635,1,0.9975868053423635,likely_fake,True,correct
new_calibrated_svm,fake_79,79,1,fake,"Plas Sh Erri Brenda Familjes Miliardere, Motra Urdhëron “Vr Ásjen” E Të Vëllait",132,medium_121_250,0.0035200013657926688,0.9964799986342073,1,0.9964799986342073,likely_fake,True,correct
new_calibrated_svm,fake_100,100,1,fake,Bëhet Baba Në Moshën 92-Vjeçare Dhe Ai Deshiron Qe Ta…,75,short_61_120,0.018787698805223685,0.9812123011947763,1,0.9812123011947763,likely_fake,True,correct
new_calibrated_svm,fake_101,101,1,fake,"Nuk Është Parë As Dëgjuar Ndonjëherë, Nëna Lind Fëmijën Dhe Pas 2 Ditësh Merr Lajmin Që Nuk E Priste Kurrë",163,medium_121_250,0.48439468002037467,0.5156053199796253,1,0.5156053199796253,uncertain,True,correct
new_calibrated_svm,fake_112,112,1,fake,"Ekskluzive: Shitet urgjent Golf 5, Çmimi 2600 Euro, pres blers serioz (Foto/Video)",90,short_61_120,0.0005548896396438963,0.9994451103603561,1,0.9994451103603561,likely_fake,True,correct
new_calibrated_svm,fake_116,116,1,fake,"Para Me Thasë, SHTETl Ku Paraja Nuk Ka Asnjë VIerë",96,short_61_120,0.0010484565367107068,0.9989515434632893,1,0.9989515434632893,likely_fake,True,correct
new_calibrated_svm,fake_121,121,1,fake,"Rasti i rralle qe emocjonoi gjithe boten,i biri pa duar ushqen nenen e paralizuar (Video)",109,short_61_120,0.0030934594549362204,0.9969065405450638,1,0.9969065405450638,likely_fake,True,correct
new_calibrated_svm,fake_124,124,1,fake,"Flet Nga SHBA Mjeku Per Shqiperine: Vjeshta Do Jete E Tm.Errshme, Ja Çdo Të Ndodhë",95,short_61_120,5.1471116158885444e-05,0.9999485288838411,1,0.9999485288838411,likely_fake,True,correct
new_calibrated_svm,fake_125,125,1,fake,"U Nda Nga Eros Grezda/ Oriola Marashi E Zevendeson Menjehere, Me Ke Po I Kalon Pushimet Bukuroshja",100,short_61_120,0.0001737482771034804,0.9998262517228965,1,0.9998262517228965,likely_fake,True,correct
new_calibrated_svm,fake_129,129,1,fake,"Kapi Peshkun, Por Burri U Sho Kua Nga Ajo Se Çfarë I Gjeti Në Stomak",155,medium_121_250,0.0015997885332280637,0.9984002114667719,1,0.9984002114667719,likely_fake,True,correct
new_calibrated_svm,fake_136,136,1,fake,Si të bëheni milioner për 2020-ën/ 6 tradita për të sjellë fatin e mirë për Vitin e Ri (FOTO),85,short_61_120,0.1431793691196177,0.8568206308803823,1,0.8568206308803823,likely_fake,True,correct
new_calibrated_svm,fake_163,163,1,fake,"E fundit! Shtrohet ne spital nga koronavirusi biznesmeni dhe deputeti i PS-së,",87,short_61_120,0.0067822202758685,0.9932177797241315,1,0.9932177797241315,likely_fake,True,correct
new_calibrated_svm,fake_164,164,1,fake,Vetëm 11 Ditësh Dhe Me Dhëmbë? ‘Zbulohet’ E Vërteta E Videos Që Po ‘Çmend’ Rrjetin (Video),73,short_61_120,0.0003631224669481403,0.9996368775330519,1,0.9996368775330519,likely_fake,True,correct
new_calibrated_svm,fake_169,169,1,fake,Përse Nuk Duhet Të Kaloni Natën Pranë Varrezave…,98,short_61_120,0.0015171704632990224,0.998482829536701,1,0.998482829536701,likely_fake,True,correct
new_calibrated_svm,fake_174,174,1,fake,"E FUNDIT:Publikohen Pamjet EKSLUZIVE Endrit Thaçi, Djali I Presidenti Blen Veturë 35 Mijë Euro Populli Ska Buk Me Honger",97,short_61_120,0.0002933866723494605,0.9997066133276505,1,0.9997066133276505,likely_fake,True,correct
new_calibrated_svm,fake_176,176,1,fake,"TURP!! 3 mijë euro për një nuse, si i shiten vajzat Shqiptarëve burrave Serbë",107,short_61_120,0.0018085661585847124,0.9981914338414153,1,0.9981914338414153,likely_fake,True,correct
new_calibrated_svm,fake_186,186,1,fake,"LAJMI I FUNDIT: Gjërat ”rrotulluan” krejtësisht, prishet ”loja” LDK-VV – Kush e bëri këtë?",76,short_61_120,0.0014409933711827527,0.9985590066288172,1,0.9985590066288172,likely_fake,True,correct
new_calibrated_svm,fake_189,189,1,fake,Super lajm nga Zvicra – Shqiptarja lind gjashtënjakë por do te Çmendeni se Çfarë i ofroj shteti,114,short_61_120,0.0031309060530798627,0.9968690939469201,1,0.9968690939469201,likely_fake,True,correct
new_calibrated_svm,fake_195,195,1,fake,Shitet Iphone X cmimi vetem 200 euro nxito sasi e limituar,66,short_61_120,0.0050499905285759095,0.9949500094714241,1,0.9949500094714241,likely_fake,True,correct
new_calibrated_svm,fake_197,197,1,fake,"Ka 3 adresa Facebook-u per tu shkruar te dashurave, gruaja i nxjerr ‘bojën’ burrit! Por Ardit Gjebrea i ben ate qe nuk e priste",95,short_61_120,0.003262870315947408,0.9967371296840526,1,0.9967371296840526,likely_fake,True,correct
new_calibrated_svm,fake_204,204,1,fake,"Është Vetëm 8-Muajshe, Por Ka Diçka Të Veçantë Që Askush Nuk E Beson Se Është Ajo",98,short_61_120,0.00014718823584591867,0.9998528117641541,1,0.9998528117641541,likely_fake,True,correct
new_calibrated_svm,fake_211,211,1,fake,Kos apo qumësht? Ky është ideali për mëngjes dhe do jeni me energji gjithë ditën,71,short_61_120,0.0016773038935925522,0.9983226961064074,1,0.9983226961064074,likely_fake,True,correct
new_calibrated_svm,fake_212,212,1,fake,"Babai i saj trim u nda nga jeta 22 vite më parë, këngëtarja shqiptare të prek në shpirt me fjalët",118,short_61_120,0.15339286317576561,0.8466071368242344,1,0.8466071368242344,likely_fake,True,correct
new_calibrated_svm,fake_213,213,1,fake,"Mjellma ng.ordh nga “ze mra e th.yèr”, adoIeshentët i th.yen vezèt e saj me tuIIa",142,medium_121_250,0.03407857695131167,0.9659214230486883,1,0.9659214230486883,likely_fake,True,correct
new_calibrated_svm,fake_219,219,1,fake,"VIDEO EKSLUZIVE:Kevina Kthella Ngre Temperaturat, Shëtit Me Mbathje Në Rrugë Pa Komplekse Dhe Cmend Te Rinjte Dhe Pleqtë",94,short_61_120,0.011112268097144273,0.9888877319028557,1,0.9888877319028557,likely_fake,True,correct
new_calibrated_svm,fake_221,221,1,fake,Shikojeni me çfarë deklarate vjen tani Naim Abazi për Mihrijën! (PAMJE),82,short_61_120,0.1759211453207914,0.8240788546792086,1,0.8240788546792086,likely_fake,True,correct
new_calibrated_svm,fake_232,232,1,fake,"Koronavirusi/ “Kjo situatë mund të zgjasë deri në 3 vjet”, kryeministri Rama “befason” që të gjithë",150,medium_121_250,0.014414570204383526,0.9855854297956165,1,0.9855854297956165,likely_fake,True,correct
new_calibrated_svm,fake_234,234,1,fake,"Anulohen dasmat e muajit gusht, ja çfarë do ndodhë me dasmat !?",156,medium_121_250,0.1121521867043821,0.8878478132956179,1,0.8878478132956179,likely_fake,True,correct
new_calibrated_svm,fake_238,238,1,fake,"Dëgjonte zhurma në tavan, por aty sipër gjen një “thesar” të vërtetë (FOTO)",79,short_61_120,0.15241434451642577,0.8475856554835742,1,0.8475856554835742,likely_fake,True,correct
new_calibrated_svm,fake_240,240,1,fake,E kush nuk e njeh kete lule? Ajo sheron sem undje qe ju as qe i coni neper mend,84,short_61_120,0.003886841029660304,0.9961131589703397,1,0.9961131589703397,likely_fake,True,correct
new_calibrated_svm,fake_248,248,1,fake,"Këngëtarja Shqiptare Merr Masa Për Pastërti, Fut Nën Ujë Edhe Celularin!",92,short_61_120,0.01210161405318666,0.9878983859468133,1,0.9878983859468133,likely_fake,True,correct
new_calibrated_svm,fake_252,252,1,fake,Nxirrni jargë teksa flini ? Kjo shenjë tregon që ju vuani nga një sëm undje e cila prek…(VIDEO),189,medium_121_250,0.0050682490806882585,0.9949317509193117,1,0.9949317509193117,likely_fake,True,correct
new_calibrated_svm,fake_255,255,1,fake,KUJDES: Këtë Vendim Të Policisë Së Kosovës Duhet Ta Dini Të Gjithë!,105,short_61_120,0.029879416690172023,0.970120583309828,1,0.970120583309828,likely_fake,True,correct
new_calibrated_svm,fake_257,257,1,fake,Nga Ilaçet Te Recetat Në Shtëpi: Si Mund Të Trajtohet Humbja E Nuhatjes,87,short_61_120,0.020734554879825562,0.9792654451201744,1,0.9792654451201744,likely_fake,True,correct
new_calibrated_svm,fake_262,262,1,fake,Do u rrëqethet mishi nga kjo histori! Kjo shqiptare u martua në moshën 15-vjeçare e humbi 7 fëmijë: Jam..,106,short_61_120,0.002529457686836767,0.9974705423131632,1,0.9974705423131632,likely_fake,True,correct
new_calibrated_svm,fake_267,267,1,fake,NJlHUNl me artistin korean që po “truIIos” botën me veprat e tij,81,short_61_120,0.01213929207954001,0.98786070792046,1,0.98786070792046,likely_fake,True,correct
new_calibrated_svm,fake_271,271,1,fake,"VIDEO:‘Noizy E Liroi Nga B Urgu, E Takonte Në Fushë Krujë’/ Klodiana Lala Zbulon Cfare Ndodhi Ne Va Rrimin E Hekuran Billës: Morën Pjesë Edhe Emra Të Botës Së K Rimit",92,short_61_120,0.0009361320116207938,0.9990638679883792,1,0.9990638679883792,likely_fake,True,correct
new_calibrated_svm,fake_276,276,1,fake,"Pasanikët Po Ikin Nga Coronavirusi, Po Futen Nën Tokë – Apartamenti Më I Lirë Në Bunker Kushton Një Milion Dollarë",102,short_61_120,0.0052968557901091895,0.9947031442098908,1,0.9947031442098908,likely_fake,True,correct
new_calibrated_svm,fake_282,282,1,fake,“Jam e tro.nditur…”. Eni Çobanit indodh e papritura: Ti duhet të dish dhe ha.llin tim,91,short_61_120,0.0005083580050562198,0.9994916419949438,1,0.9994916419949438,likely_fake,True,correct
new_calibrated_svm,fake_290,290,1,fake,EPABESUESHME : Dy djem gropojnë një vend por shikoni cfar nxjerrin ..,67,short_61_120,0.0219814225632885,0.9780185774367115,1,0.9780185774367115,likely_fake,True,correct
new_calibrated_svm,fake_298,298,1,fake,"Shkoi për pushime në Shëngjin, Ja çka i ndodhi 34 vjeçarit nga Kosova",66,short_61_120,0.05484162025245998,0.94515837974754,1,0.94515837974754,likely_fake,True,correct
new_calibrated_svm,fake_299,299,1,fake,Lista Serbe për Vjosa Osmanin: Ti moj Vjosa na ndoqe në korridor për t’i dhënë votat për kryetare të Kuvendit,163,medium_121_250,0.23651170562772972,0.7634882943722703,1,0.7634882943722703,likely_fake,True,correct
new_calibrated_svm,fake_301,301,1,fake,"“Dieta Me Oriz”! Minus 10 Kg, Dobësimi Që Nuk Rimerr Kilet As Pas 6 Vitesh",114,short_61_120,0.007374488846698668,0.9926255111533013,1,0.9926255111533013,likely_fake,True,correct
new_calibrated_svm,fake_304,304,1,fake,Trumpi I Drejtohet Popullit Amerikan: Ju Njoftoj Se Nga Ky Moment Ne Do Të…,88,short_61_120,0.002568714617563028,0.997431285382437,1,0.997431285382437,likely_fake,True,correct
new_calibrated_svm,fake_306,306,1,fake,"Albin Kurti e jep lajmin e madh: Më në fund gjithçka përfundoj, URIME KOSOVË",89,short_61_120,0.00015642738626275854,0.9998435726137372,1,0.9998435726137372,likely_fake,True,correct
new_calibrated_svm,fake_307,307,1,fake,"“Bombardohet” Mihrihe Braha, takon për herë të parë “djalin jashtëmartesor” të Naim Abazit pas 19 viteve (VIDEO)",80,short_61_120,0.02486261507126475,0.9751373849287353,1,0.9751373849287353,likely_fake,True,correct
new_calibrated_svm,fake_308,308,1,fake,"Juria U Tall Dhe Dyshonte Shumë Në Talentin E Saj, Nuk E Dinin Se Ajo Do Ta Ngritë Publikun Në Këmbë!(Video)",111,short_61_120,0.11047635424760083,0.8895236457523992,1,0.8895236457523992,likely_fake,True,correct
new_calibrated_svm,fake_317,317,1,fake,"Dyshonin Se Ishte Shta’tzënë, Mjekët Bëjnë Zbu’limin E Tmer.Rshëm",87,short_61_120,0.009786186903067984,0.990213813096932,1,0.990213813096932,likely_fake,True,correct
new_calibrated_svm,fake_323,323,1,fake,"Kjo Vajzë Cdo Ditë E Puthte Këtë Të Pastrehë, Por Cfarë Bëri Plaku Për Të, Do Mbeteni Pa Fjalë",370,long_gt_250,0.527089996030851,0.47291000396914895,0,0.527089996030851,uncertain,False,false_negative
new_calibrated_svm,fake_325,325,1,fake,Edi Rama ka “dasht” me nda Kosovën (tonë). Ramush Haradinaj “pa dasht” e ka nda Çakorrin (Video),78,short_61_120,0.0007489261622640742,0.9992510738377359,1,0.9992510738377359,likely_fake,True,correct
new_calibrated_svm,fake_332,332,1,fake,LAJMI I FUNDIT: Infektohet Me CO -19 Këngëtari I Njohur Kosovar!,79,short_61_120,0.07448896001977545,0.9255110399802245,1,0.9255110399802245,likely_fake,True,correct
new_calibrated_svm,fake_343,343,1,fake,"Naim Abazi: Punë ka sa të duash, po rinia po kanë qef me nejt në kafe, me prit prej babës hala!",96,short_61_120,0.28962349348206107,0.7103765065179389,1,0.7103765065179389,likely_fake,True,correct
new_calibrated_svm,fake_345,345,1,fake,"I Tregoi Të Dashurës Se Jetonte Në Rrugë, Reagimi I Vajzës Do Ju Lërë Pa Fjalë…",82,short_61_120,0.07847154489660368,0.9215284551033963,1,0.9215284551033963,likely_fake,True,correct
new_calibrated_svm,fake_351,351,1,fake,"Lejeni menjane ujin me limon ne mengjes, vazhdoni te konsumoni kete perberje qe po cmend te gjithe",488,long_gt_250,0.11678633148381234,0.8832136685161877,1,0.8832136685161877,likely_fake,True,correct
new_calibrated_svm,fake_352,352,1,fake,"Ekskluzive: Vjosa Osmani me parti të re, Ja si do të quhet partia e saj!",112,short_61_120,0.005948060408050515,0.9940519395919495,1,0.9940519395919495,likely_fake,True,correct
new_calibrated_svm,fake_353,353,1,fake,"Burri vetëm për letra më ka marr mua, tani qe s’kemi as njeri letrat më thotë dil gjeje një tjetër…",600,long_gt_250,0.024320481936341176,0.9756795180636588,1,0.9756795180636588,likely_fake,True,correct
new_calibrated_svm,fake_354,354,1,fake,Lëngu i qepës efikas kundër katër sëmundjeve!?,270,long_gt_250,0.6561882329343605,0.3438117670656395,0,0.6561882329343605,uncertain,False,false_negative
new_calibrated_svm,fake_355,355,1,fake,Mediat serbe: Serbia njeh Kosovën dhe hyn në BE,332,long_gt_250,0.2488036615209397,0.7511963384790603,1,0.7511963384790603,likely_fake,True,correct
new_calibrated_svm,fake_367,367,1,fake,Tmerr për Kosovën kush po e përfaqëson! Zbulohet detaje tronditese,96,short_61_120,0.00015867661520196918,0.999841323384798,1,0.999841323384798,likely_fake,True,correct
new_calibrated_svm,fake_368,368,1,fake,Kjo qe do te ndodhe te Henen ne Kosove do iu shokoje,143,medium_121_250,0.003214891589906732,0.9967851084100933,1,0.9967851084100933,likely_fake,True,correct
new_calibrated_svm,fake_369,369,1,fake,"Avdullah Hotin nuk e do as fshati i tij Ratkoc, ja çfarë thanë disa prej tyre. – (VIDEO)",95,short_61_120,7.036876687260829e-05,0.9999296312331274,1,0.9999296312331274,likely_fake,True,correct
new_calibrated_svm,fake_375,375,1,fake,Ja sa është paga e Naser Rafuna tek seriali ‘Çka ka shpija.’,75,short_61_120,0.0002425795774317896,0.9997574204225682,1,0.9997574204225682,likely_fake,True,correct
new_calibrated_svm,fake_383,383,1,fake,Albin Kurtin e shokon Hashim Thaçin me kete qe i zbuloi per luften dhe hagen,83,short_61_120,7.635524391647053e-07,0.9999992364475608,1,0.9999992364475608,likely_fake,True,correct
new_calibrated_svm,fake_384,384,1,fake,"Skandal: Nuk iu lindi djalë, babai vret vetën e ja se çfarë i ndodhi nënës së re",139,medium_121_250,0.07000516831426307,0.9299948316857369,1,0.9299948316857369,likely_fake,True,correct
new_calibrated_svm,fake_394,394,1,fake,"Kjo video po fikson botën, janë futur veta 20 makinë/ Shikoni si dalin një nga një",77,short_61_120,1.6409092018387916e-05,0.9999835909079816,1,0.9999835909079816,likely_fake,True,correct
new_calibrated_svm,fake_395,395,1,fake,"Shkoni në vendin ku ishte burri, gruaja e kap atë keq me një femër dhe u bën të pabërën",87,short_61_120,0.00018574089026635043,0.9998142591097336,1,0.9998142591097336,likely_fake,True,correct
new_calibrated_svm,fake_412,412,1,fake,"“Eskalon” familjari i deputetit Xhavit Ukaj, fyen rëndë Vjosa Osmanin",85,short_61_120,0.000841563366631326,0.9991584366333687,1,0.9991584366333687,likely_fake,True,correct
new_calibrated_svm,fake_415,415,1,fake,Flet edhe njëherë deputeti që iu vërsul Osmanit në Kuvend: Me pas dashtë me e sulmua e kisha…,109,short_61_120,0.005899793320602975,0.994100206679397,1,0.994100206679397,likely_fake,True,correct
new_calibrated_svm,fake_417,417,1,fake,LAJMI I FUNDIT – Më në fund Lajm i mirë për vizat,147,medium_121_250,0.0012124204251933168,0.9987875795748067,1,0.9987875795748067,likely_fake,True,correct
new_calibrated_svm,fake_423,423,1,fake,"Fero postoi foto me armë, Arbenita e frikësuar se ai ‘do ta vrasë’",70,short_61_120,0.00010476496597111584,0.9998952350340289,1,0.9998952350340289,likely_fake,True,correct
new_calibrated_svm,fake_428,428,1,fake,Zyrtari i VV-së habit me deklaratën për Thaçin dhe Veselin,87,short_61_120,0.00279016821058764,0.9972098317894124,1,0.9972098317894124,likely_fake,True,correct
new_calibrated_svm,fake_430,430,1,fake,E jashtëzakonshme: Merkel me flamurin e Kosovës para syve të Vuçiqit,78,short_61_120,0.001172865602411588,0.9988271343975884,1,0.9988271343975884,likely_fake,True,correct
new_calibrated_svm,fake_433,433,1,fake,Pasi u infektua me Covid-19 vdes Mustafa,57,very_short_le_60,0.04331671208476484,0.9566832879152352,1,0.9566832879152352,likely_fake,True,correct
new_calibrated_svm,fake_434,434,1,fake,"Lajm qe duhet ta din te gjithe, Viber do behet me para detaje ekskluzive",78,short_61_120,0.01499509451793668,0.9850049054820633,1,0.9850049054820633,likely_fake,True,correct
new_calibrated_svm,fake_439,439,1,fake,‘Çartet’ Sami Lushtaku ia zbulon kete gje Rexhep Selimit,93,short_61_120,0.00031696204549991336,0.9996830379545001,1,0.9996830379545001,likely_fake,True,correct
new_calibrated_svm,fake_451,451,1,fake,Maqedonia e Veriut e shokon Kosoven dhe qytetaret e saj me kete vendim qe morri,78,short_61_120,0.00016157642200254063,0.9998384235779975,1,0.9998384235779975,likely_fake,True,correct
new_calibrated_svm,fake_454,454,1,fake,Këto janë pikat kufitare ku iu kërkohet testi për COVID-19,98,short_61_120,0.029706342326625723,0.9702936576733743,1,0.9702936576733743,likely_fake,True,correct
new_calibrated_svm,fake_463,463,1,fake,Emily Ratajkowski duket super s.e.ksi në fotografitë e fundit,94,short_61_120,0.007271836471188564,0.9927281635288114,1,0.9927281635288114,likely_fake,True,correct
new_calibrated_svm,fake_465,465,1,fake,"Lë Bashkëshorten E Tij Për Një Grua Më Të Re. Çfarë Ndodh 3 Vite Më Vonë, E Lë Atë Pa Fjalë…",136,medium_121_250,0.0013846233494123616,0.9986153766505876,1,0.9986153766505876,likely_fake,True,correct
new_calibrated_svm,fake_472,472,1,fake,"Acarohen raportet e Serbisë me Rusinë, ja çfarë veprimi ka bërë Vuçiq",101,short_61_120,0.003531622117875277,0.9964683778821247,1,0.9964683778821247,likely_fake,True,correct
new_calibrated_svm,fake_479,479,1,fake,Ja sa kohë duhet për ta marrë virusin në një bar apo restaurant,112,short_61_120,0.0014851043719764645,0.9985148956280235,1,0.9985148956280235,likely_fake,True,correct
new_calibrated_svm,fake_480,480,1,fake,Gani Geci: Hashim Thaçi ma i dëmshëm se KoronaVirusi në këtë kohë!,78,short_61_120,1.466284150197783e-05,0.999985337158498,1,0.999985337158498,likely_fake,True,correct
new_calibrated_svm,fake_481,481,1,fake,"Detaji që u iku të gjithëve: Tyta e automatikut në shtëpinë e prindërve të Thaçit, e “zbuloi” Veseli",85,short_61_120,0.00012128860333338043,0.9998787113966666,1,0.9998787113966666,likely_fake,True,correct
new_calibrated_svm,fake_483,483,1,fake,"Nasim Haradinaj: o Ramush Haradinaj, Lakmia e pushteti të prishë!",80,short_61_120,0.00044840777150545463,0.9995515922284945,1,0.9995515922284945,likely_fake,True,correct
new_calibrated_svm,fake_495,495,1,fake,Lajmi i fundit: Hashim Thaçi ¨tenton¨ te ia merr jeten Gani Gecit,197,medium_121_250,0.532269564223832,0.467730435776168,0,0.532269564223832,uncertain,False,false_negative
new_calibrated_svm,fake_496,496,1,fake,Mulla Osmani i ‘bie shuplakë’ Milaim Zekës live në emision (Video),81,short_61_120,0.016711594105982552,0.9832884058940174,1,0.9832884058940174,likely_fake,True,correct
new_calibrated_svm,fake_508,508,1,fake,Shikoni  reagimin e Leonora Jakupit për ndërtimin e xhamisë në Prishtinë,82,short_61_120,0.9388531732523857,0.061146826747614326,0,0.9388531732523857,likely_real,False,false_negative
new_calibrated_svm,fake_515,515,1,fake,"Bac Qikat e Kosoves po na zbardhin ftyren, Kjo qe beri tash Rita Ora eshte e madhe!",352,long_gt_250,0.9219426942819708,0.07805730571802917,0,0.9219426942819708,likely_real,False,false_negative
new_calibrated_svm,fake_520,520,1,fake,LAJMI BOMBASTIK / Richard Grenell: Vizat Mund Të Hiqen Ditën E Dielë (VIDEO),162,medium_121_250,0.00017152355793637053,0.9998284764420636,1,0.9998284764420636,likely_fake,True,correct
new_calibrated_svm,fake_527,527,1,fake,A e keni ditur se kjo moderatore është motra e Haki Abazit?,76,short_61_120,0.00011155867432677269,0.9998884413256732,1,0.9998884413256732,likely_fake,True,correct
new_calibrated_svm,fake_528,528,1,fake,Ganja e PDK-s thot se Vjosa tash pa LDK-n as 10% ska me mujt me i fitu,189,medium_121_250,0.07445188502334676,0.9255481149766532,1,0.9255481149766532,likely_fake,True,correct
new_calibrated_svm,fake_530,530,1,fake,Shuma marramendëse: Robert Berisha tregon sa paguhet në koncerte,142,medium_121_250,0.843285773402316,0.15671422659768403,0,0.843285773402316,likely_real,False,false_negative
new_calibrated_svm,fake_531,531,1,fake,EKSKLUZIVE: Albin Kurti President i Kosoves?,86,short_61_120,2.926701381245067e-07,0.9999997073298619,1,0.9999997073298619,likely_fake,True,correct
new_calibrated_svm,fake_535,535,1,fake,‘Hashim Thaçi’ futet papritmas në emisionin ku ishte Berat Buzhala (Video),96,short_61_120,0.0942945968450476,0.9057054031549524,1,0.9057054031549524,likely_fake,True,correct
new_calibrated_svm,fake_536,536,1,fake,Dardan Molliqaj ia publikon këtë ‘top sekret’ Albin Kurtit,65,short_61_120,0.15593218060678982,0.8440678193932102,1,0.8440678193932102,likely_fake,True,correct
new_calibrated_svm,fake_539,539,1,fake,E PAPRITUR: Ja Kush Është I Dashuri I Ri I Nora Istrefit sdo ta besoni,96,short_61_120,0.0005711522533727864,0.9994288477466272,1,0.9994288477466272,likely_fake,True,correct
new_calibrated_svm,fake_544,544,1,fake,Kur pritet t’u mundësohet qytetarëve tërheqja e parave nga Trusti?,209,medium_121_250,0.9235887853514322,0.07641121464856779,0,0.9235887853514322,likely_real,False,false_negative
new_calibrated_svm,fake_545,545,1,fake,"E pabesueshme, banorët e ketij fshati kapin gjarprin me përmasa të frikshme (Foto)",84,short_61_120,0.32594813135005507,0.6740518686499449,1,0.6740518686499449,uncertain,True,correct
new_calibrated_svm,fake_553,553,1,fake,"Dhurata shkëlqeu e veshur e tëra me lule, por nuk do ta besoni sa kushtoi veshja e saj",97,short_61_120,0.2955196927767044,0.7044803072232956,1,0.7044803072232956,likely_fake,True,correct
new_calibrated_svm,fake_555,555,1,fake,Kosova zë vendin e parë në Evropë si vendi me numrin më të madh të infektuarve,158,medium_121_250,0.9632939068115527,0.03670609318844731,0,0.9632939068115527,likely_real,False,false_negative
new_calibrated_svm,fake_556,556,1,fake,"BE-ja dhe SHBA e godasin fort Serbine, cmenden serbet",86,short_61_120,0.012463583841975323,0.9875364161580247,1,0.9875364161580247,likely_fake,True,correct
new_calibrated_svm,fake_571,571,1,fake,E papritur:Qeveria fut në karantinë edhe katër komuna,98,short_61_120,0.6689702769658642,0.3310297230341358,0,0.6689702769658642,uncertain,False,false_negative
new_calibrated_svm,fake_573,573,1,fake,TURP: Ja çfarë thonë mediat serbe për shkuarjen e Thaçit në Hagë,105,short_61_120,0.09395732497374232,0.9060426750262577,1,0.9060426750262577,likely_fake,True,correct
new_calibrated_svm,fake_580,580,1,fake,Ja kur pritet te vijë Vala e dytë e Covid-19.,146,medium_121_250,0.18728757972767807,0.8127124202723219,1,0.8127124202723219,likely_fake,True,correct
new_calibrated_svm,fake_582,582,1,fake,"Nuk Ka Te Ndalur Tayna, Tregon Si Po Rrit Të Pasmet E Saj Çdo Ditë",111,short_61_120,0.0006900275642724996,0.9993099724357275,1,0.9993099724357275,likely_fake,True,correct
new_calibrated_svm,fake_583,583,1,fake,"Azem Hajdari ku i thotë Thaçit “të rre hi si qenin more pis…”, ka dy fjalë për Isa Mustafën",191,medium_121_250,0.16002942937122477,0.8399705706287752,1,0.8399705706287752,likely_fake,True,correct
new_calibrated_svm,fake_584,584,1,fake,Albin Kurti kapet në aeroport,90,short_61_120,0.038058275447301004,0.961941724552699,1,0.961941724552699,likely_fake,True,correct
new_calibrated_svm,fake_585,585,1,fake,LAJMI I FUNDIT – E pabesushme ja qka i ndodhi Isa Mustafes ne keto momente pas infektimit me COVID 19,152,medium_121_250,5.876453310960095e-06,0.999994123546689,1,0.999994123546689,likely_fake,True,correct
new_calibrated_svm,fake_586,586,1,fake,Përhapja e virusit nuk ndalohet me gjendjen e jashtëzakonshme.,165,medium_121_250,0.6197857549066048,0.38021424509339513,0,0.6197857549066048,uncertain,False,false_negative
new_calibrated_svm,fake_592,592,1,fake,"Mjeku Pipero jep lajmin e mirë: Shqipëria s’do izolohet sërish, vetëm nëse bëni këtë gjë",97,short_61_120,0.19823612651427447,0.8017638734857255,1,0.8017638734857255,likely_fake,True,correct
new_calibrated_svm,fake_600,600,1,fake,"LAJMI I FUNDIT: Eshë ulur çmimi i naftës,nuk do ta besoni se sa ka ra!?",145,medium_121_250,0.015691616782385953,0.984308383217614,1,0.984308383217614,likely_fake,True,correct
new_calibrated_svm,fake_603,603,1,fake,Neurologët: Njerëzit me simptoma të butë të koronavirusit po pësojnë çrregullime serioze të trurit,501,long_gt_250,0.9565232972939096,0.0434767027060904,0,0.9565232972939096,likely_real,False,false_negative
new_calibrated_svm,fake_608,608,1,fake,E FUNDIT:Video Eksluzive ”Lajm I Madh Nga Zemaj: Do Ta Porosisim Vaksinën Kundër Koronavirusit”,164,medium_121_250,0.02144676139401991,0.9785532386059801,1,0.9785532386059801,likely_fake,True,correct
new_calibrated_svm,fake_611,611,1,fake,Ka përçarje brenda LDK’së? Isa Mustafa trondite me kete qe tha!,124,medium_121_250,0.0014744241792340462,0.998525575820766,1,0.998525575820766,likely_fake,True,correct
new_calibrated_svm,fake_612,612,1,fake,"WOW kjo eshte e madhe, Ambasadori Gjerman jep nje lajm te madh per Albin Kurtin dhe Vjosa Osmanin",89,short_61_120,0.05039179107117153,0.9496082089288285,1,0.9496082089288285,likely_fake,True,correct
new_calibrated_svm,fake_614,614,1,fake,LAJMI I FUNDIT -Ne kete jave po kthehemi ne Karantine?,465,long_gt_250,0.8802077714000558,0.11979222859994419,0,0.8802077714000558,likely_real,False,false_negative
new_calibrated_svm,fake_618,618,1,fake,Mergimtari qe erdhi nga Zvicra tregon çka i ndodhi sdo ta besoni(VIDEO),97,short_61_120,0.00018448777652324555,0.9998155122234768,1,0.9998155122234768,likely_fake,True,correct
new_calibrated_svm,fake_619,619,1,fake,“Godet“ Veton Surroi: Ata qe e “kalle” flamurin e Kosovës sigurisht janë katundar nga Drenica,85,short_61_120,0.15023443339144316,0.8497655666085568,1,0.8497655666085568,likely_fake,True,correct
new_calibrated_svm,fake_621,621,1,fake,"Pasi u martuan, gruaja mëson pse burri nuk “e prek”. Kur ai bënte dush ajo e pa hapur…",280,long_gt_250,0.686169075529163,0.3138309244708371,0,0.686169075529163,uncertain,False,false_negative
new_calibrated_svm,fake_629,629,1,fake,Aktorja nga Gjilani i quan kosovarët dreqër,93,short_61_120,0.7576235252264346,0.24237647477356541,0,0.7576235252264346,likely_real,False,false_negative
new_calibrated_svm,fake_631,631,1,fake,"Habitet 22 Vjeçarja Shqiptare Nga Zvicra: Ju Rr Efej Se Cka Ndodh Me Ata Që Martohen Për Letra, Mua Më…",128,medium_121_250,0.03146297667277953,0.9685370233272205,1,0.9685370233272205,likely_fake,True,correct
new_calibrated_svm,fake_638,638,1,fake,Lajmi më i ri sa i përket pagesave prej 170 eurosh për punëtorët që mbetën pa punë gjatë pandemisë!,174,medium_121_250,0.9788979736550327,0.021102026344967235,0,0.9788979736550327,likely_real,False,false_negative
new_calibrated_svm,fake_652,652,1,fake,"Beogradi shpall gjendjen e jashtëzakonshme, kjo e keqe po ndodh atje",78,short_61_120,0.1119479918241093,0.8880520081758907,1,0.8880520081758907,likely_fake,True,correct
new_calibrated_svm,fake_655,655,1,fake,Krenar Gashi:“Avdullah Hoti Mund Të Bëhet Si Ibrahim Rugova “ ndoshta me i zoti se aj,161,medium_121_250,0.5071070451444211,0.49289295485557894,0,0.5071070451444211,uncertain,False,false_negative
new_calibrated_svm,fake_671,671,1,fake,"E Fundit VIDEO Eksluzive:Harrojeni Covid19,Frika E Shkencëtarëve: “Hëna Do Të Përplaset Me Tokën”",94,short_61_120,0.0064921466378029535,0.993507853362197,1,0.993507853362197,likely_fake,True,correct
new_calibrated_svm,fake_675,675,1,fake,"I Shkatërrohet Karriera, Nora Istrefit I Publikohet Video Me Avokatin E Njohur Kosovar",70,short_61_120,0.0018160397911562987,0.9981839602088437,1,0.9981839602088437,likely_fake,True,correct
new_calibrated_svm,fake_679,679,1,fake,Fatmir Limaj: Albini As Pragun Ska Me Kalu Ne Zgjedhje Te Reja Keni Me Pa O Popull – VIDEO –,154,medium_121_250,0.01207688363864634,0.9879231163613537,1,0.9879231163613537,likely_fake,True,correct
new_calibrated_svm,fake_680,680,1,fake,Ganja e PDK-s Kur tka qef Vjosa matum me vota qe si fitoj 50% ma shum se ajo une dha dorheqje nga PDK-ja,196,medium_121_250,0.042438033120417606,0.9575619668795824,1,0.9575619668795824,likely_fake,True,correct
new_calibrated_svm,fake_694,694,1,fake,"LAJMI I FUNDIT: Vjosa Osmani nuk ndalet, Ja jep goditjen finale Isa Mustafes",148,medium_121_250,0.33494472310308343,0.6650552768969166,1,0.6650552768969166,uncertain,True,correct
new_calibrated_svm,fake_702,702,1,fake,LAJMI I FUNDIT – Thaçi: Nëse nuk arrihet marrëveshja me 27 qershor kjo do të ndodhë…,2233,long_gt_250,0.9713680540729471,0.02863194592705286,0,0.9713680540729471,likely_real,False,false_negative
new_calibrated_svm,fake_713,713,1,fake,"Mixha hyri në një restorant luksoz dhe i shërben kamarierja më e mirë, por të nesërmen ajo shkarkohet pas asaj që kishte bërë!",489,long_gt_250,0.5925427884580223,0.4074572115419777,0,0.5925427884580223,uncertain,False,false_negative
new_calibrated_svm,fake_721,721,1,fake,"Cka po ndodh ne shesh te Prishtines,zjarrefiksat jane aty dhe",83,short_61_120,0.005336057394589755,0.9946639426054102,1,0.9946639426054102,likely_fake,True,correct
new_calibrated_svm,fake_731,731,1,fake,Kryeministri britanik jep lajmin e madh: Ja kur mbaron kriza nga COVID-19,136,medium_121_250,0.01481496469397181,0.9851850353060282,1,0.9851850353060282,likely_fake,True,correct
new_calibrated_svm,fake_744,744,1,fake,Studimi i ri: Njerëzit kanë më shumë gjasa të infektohen në shtëpi se sa jashtë,121,medium_121_250,0.15025745891956388,0.8497425410804361,1,0.8497425410804361,likely_fake,True,correct
new_calibrated_svm,fake_745,745,1,fake,Vaksina “premtuese” e COVID-19 në Oxford: Çfarë është ajo dhe katër gjërat tjera që duhet ditur,99,short_61_120,0.12178418144182412,0.8782158185581759,1,0.8782158185581759,likely_fake,True,correct
new_calibrated_svm,fake_747,747,1,fake,Hoxha nga Drenica i përmend me emra: Këta janë islamofobët që po u pengon ndërtimi i xhamisë,89,short_61_120,0.0021746667043782697,0.9978253332956217,1,0.9978253332956217,likely_fake,True,correct
new_calibrated_svm,fake_756,756,1,fake,"Fotografi brenda Klinikës Infektive në QKUK, mjekë të lodhur e rraskapitur: Këtu as Supermeni nuk bën punë",251,long_gt_250,0.043244149466177384,0.9567558505338226,1,0.9567558505338226,likely_fake,True,correct
new_calibrated_svm,fake_758,758,1,fake,Çfarë e zhduk koronavirusin? Italianët bëjnë zbulimin që do na rikthejë në normalitet,100,short_61_120,0.004192403375861575,0.9958075966241384,1,0.9958075966241384,likely_fake,True,correct
new_calibrated_svm,fake_760,760,1,fake,Mj eku i njohur Pellumb Pipero jep lajmin e k eq: Pa ndemia mund të zgjasë deri në..,126,medium_121_250,0.04288722116737309,0.9571127788326269,1,0.9571127788326269,likely_fake,True,correct
new_calibrated_svm,fake_765,765,1,fake,"Intervistimi 4 ditor i Thaçit, Raportuesja për Kosovën bënë veprimin e papritur",210,medium_121_250,0.0017350450018069896,0.998264954998193,1,0.998264954998193,likely_fake,True,correct
new_calibrated_svm,fake_772,772,1,fake,"Ylli super seksi i ‘Victoria Secret’ kapet ‘mat’ nga paparacit, bikinit morën të gjithë vëmendjen",143,medium_121_250,0.007558217080336327,0.9924417829196637,1,0.9924417829196637,likely_fake,True,correct
new_calibrated_svm,fake_781,781,1,fake,Greqia: I dhimbshëm vendimi për xhaminë,120,short_61_120,0.00880856624674442,0.9911914337532556,1,0.9911914337532556,likely_fake,True,correct
new_calibrated_svm,fake_783,783,1,fake,Të marrësh kredi për të bërë fëmijë / historia emocionuese e çiftit që u bënë prindër pas 15 vitesh,135,medium_121_250,0.06484450699721012,0.9351554930027899,1,0.9351554930027899,likely_fake,True,correct
new_calibrated_svm,fake_788,788,1,fake,Albin Kurti e quan Zezaj Ministrin e Shëndetësisë,257,long_gt_250,0.13815940500049795,0.861840594999502,1,0.861840594999502,likely_fake,True,correct
new_calibrated_svm,fake_789,789,1,fake,"Zemaj deputetëve të VV’së: Ju jeni shëtit me paramilitarë, unë jam nip i Mic Sokolit",246,medium_121_250,0.8935905497845694,0.10640945021543056,0,0.8935905497845694,likely_real,False,false_negative
new_calibrated_svm,fake_793,793,1,fake,"Bëri dasmë në kohën e koronavirusit, Rama i bën shqiptarit atë që nuk e kishte parë as në ëndrrat më të k ëqija",134,medium_121_250,0.023966356898245333,0.9760336431017547,1,0.9760336431017547,likely_fake,True,correct
new_calibrated_svm,fake_803,803,1,fake,A do të mbyllen prapë xhamitë?,71,short_61_120,0.007841167790828107,0.9921588322091719,1,0.9921588322091719,likely_fake,True,correct
new_calibrated_svm,fake_808,808,1,fake,FËMlJA i a doptuar thotë DlÇKA në sallën e GJYQlT që prek z emrën e të GJlTHËVE,146,medium_121_250,0.03998300652762088,0.9600169934723791,1,0.9600169934723791,likely_fake,True,correct
new_calibrated_svm,fake_809,809,1,fake,Oj Qeveri: Ku mbetën 170 eurot që qytetarët janë në pritje të tyre ?,109,short_61_120,0.08546717161701178,0.9145328283829882,1,0.9145328283829882,likely_fake,True,correct
new_calibrated_svm,fake_825,825,1,fake,"Eskalon situata në Serbi, protesutesit futen në Kuvend",99,short_61_120,0.01892753639523226,0.9810724636047677,1,0.9810724636047677,likely_fake,True,correct
new_calibrated_svm,fake_830,830,1,fake,"‘Cmendet’ Moti Në Shqipëri, Shihni Çfarë Po Ndodh Në Plazhin E Borshit",100,short_61_120,0.0028795705468264154,0.9971204294531736,1,0.9971204294531736,likely_fake,True,correct
new_calibrated_svm,fake_833,833,1,fake,A paguhen 10 ditët e humbura të karantinës në Zvicër? Flet Shoqata e Sipermarrësve Zviceranë,251,long_gt_250,0.36874518763321706,0.6312548123667829,1,0.6312548123667829,uncertain,True,correct
new_calibrated_svm,fake_835,835,1,fake,"Video Eksluzive:“Doja Të Bleja Shtëpi, Ai Ishte Ndërtuesi I Pallatit”, Alketa Vejsiu Rr Ëfen Hi Storinë! Si U Njoh Me Burrin: U Çmenda Pas Syve Të Tij",127,medium_121_250,0.015430251337612999,0.984569748662387,1,0.984569748662387,likely_fake,True,correct
new_calibrated_svm,fake_856,856,1,fake,"Gjermania planifikon vendimin e madh, ja qfarë pritet të ndodhë",149,medium_121_250,0.387647248967791,0.612352751032209,1,0.612352751032209,uncertain,True,correct
new_calibrated_svm,fake_858,858,1,fake,Çdo bëhet me këtë vend?! Zëri i Amerikës ia pl.as të vërtetën Shqipërisë: Më ulët se kurrë…,134,medium_121_250,0.06869484310404472,0.9313051568959553,1,0.9313051568959553,likely_fake,True,correct
new_calibrated_svm,fake_863,863,1,fake,"Video Eksluzive:“Shqiperia Ka Qene Greqi”, Këngëtarja E Njohur ‘Shp Ërthen’ Ndaj Arjan Çanit: Ky Njeri Duhet Te",105,short_61_120,0.01561096175756993,0.9843890382424301,1,0.9843890382424301,likely_fake,True,correct
new_calibrated_svm,fake_875,875,1,fake,"Labi gëzon vajzën me aftësi të kufizuara, ia dorëzon një karrocë të re (VIDEO)",139,medium_121_250,0.007363982877224284,0.9926360171227757,1,0.9926360171227757,likely_fake,True,correct
new_calibrated_svm,fake_880,880,1,fake,Kadri Veseli “kë.rcënon” ata që u pasuruan pa djersë,112,short_61_120,0.010267206889041813,0.9897327931109582,1,0.9897327931109582,likely_fake,True,correct
new_calibrated_svm,fake_887,887,1,fake,"Vjen një lajm shumë i keq për Kosovën dhe qytetarët e saj, KUJDES",112,short_61_120,0.0010328997258750583,0.9989671002741249,1,0.9989671002741249,likely_fake,True,correct
new_calibrated_svm,fake_888,888,1,fake,Doktori i QKUK-së hedh vrer mbi politikanët kosovarë: A keni familje more politikuaj,92,short_61_120,0.011720436519372046,0.988279563480628,1,0.988279563480628,likely_fake,True,correct
new_calibrated_svm,fake_889,889,1,fake,"E Porsalindur Dhe Ecën, Publikohen Pamjet Mbreslënëse Dhe… (VIDEO EMOCIONUESE)",62,short_61_120,6.51501734514337e-05,0.9999348498265486,1,0.9999348498265486,likely_fake,True,correct
new_calibrated_svm,fake_890,890,1,fake,"Policia Nuk Kursehet Aspak Për Familjen Shqiptare, E Shpo.Rrin Me Urgjencë. 26-Vjeçarja Me Barkun Te Goja Bashkë Me Djalin 2 -Vjeçar",139,medium_121_250,0.042620404720414284,0.9573795952795857,1,0.9573795952795857,likely_fake,True,correct
new_calibrated_svm,fake_906,906,1,fake,Nga VV tregojnë nëse do ta pranojnë Vjosa Osmanin në parti,95,short_61_120,0.0025694878305578817,0.9974305121694421,1,0.9974305121694421,likely_fake,True,correct
new_calibrated_svm,fake_907,907,1,fake,VIDEO EKSLUZIVE:Grida Duma: Edi Rama Ka Pro.Bleme Me Pastër.Tinë E Duarve…,98,short_61_120,0.00023617918021212603,0.9997638208197879,1,0.9997638208197879,likely_fake,True,correct
new_calibrated_svm,fake_908,908,1,fake,VIDEO EKSLUZIVE:Ilir Meta E Financoi Me Parat E Dro.Ges Filmin E Bes Kallakut Dhe I Solli Dhe Dashnoren Bleonen Si Aktore…,138,medium_121_250,0.004091874027564835,0.9959081259724352,1,0.9959081259724352,likely_fake,True,correct
new_calibrated_svm,fake_910,910,1,fake,Kjo është mundësia e ardhjes së mërgimtarëve nga Gjermania,79,short_61_120,0.0007422168322954725,0.9992577831677045,1,0.9992577831677045,likely_fake,True,correct
new_calibrated_svm,fake_917,917,1,fake,"Rruga shnd.ërrohet në ri.ng, shoferi n.oka.uton tri herë shoferin tjetër",83,short_61_120,0.01137873533833822,0.9886212646616618,1,0.9886212646616618,likely_fake,True,correct
new_calibrated_svm,fake_931,931,1,fake,"Xheni dhe partnerja e saj duan të bëhen me fëmijë, ja kush do jetë dhuruesi",89,short_61_120,0.0009466926145262899,0.9990533073854737,1,0.9990533073854737,likely_fake,True,correct
new_calibrated_svm,fake_938,938,1,fake,"Leje qëndrimi për punëtorët sezonalë në Itali, nis procesi, ja sa shqiptarë mund të përfitojnë…",104,short_61_120,0.001946107801648167,0.9980538921983518,1,0.9980538921983518,likely_fake,True,correct
new_calibrated_svm,fake_939,939,1,fake,(VIDEO) A Nuk Eshte Mrekulli? Momenti Kur Femija Shpetohet Nga Mb.Ytja Ne Pishine,106,short_61_120,0.013075192357993037,0.986924807642007,1,0.986924807642007,likely_fake,True,correct
new_calibrated_svm,fake_945,945,1,fake,"Exluzive Aeroplani Rrëzohet Në Det, Piloti Filmon Momentin E Shpëtimit Nga..",125,medium_121_250,0.0971524574767979,0.9028475425232021,1,0.9028475425232021,likely_fake,True,correct
new_calibrated_svm,fake_950,950,1,fake,"Zeka: Albin Kurti po nxit vëllavrasjen, mund të ketë lufte civile",83,short_61_120,0.000755704882153263,0.9992442951178467,1,0.9992442951178467,likely_fake,True,correct
new_calibrated_svm,fake_965,965,1,fake,Çka nëse nuk mbahen dasmat këtë verë?,79,short_61_120,0.0013549886588020144,0.998645011341198,1,0.998645011341198,likely_fake,True,correct
new_calibrated_svm,fake_966,966,1,fake,"Arben, edhe ti a?🤦‍♂️",107,short_61_120,0.05844771106682378,0.9415522889331762,1,0.9415522889331762,likely_fake,True,correct
new_calibrated_svm,fake_974,974,1,fake,Engjellusha a je ti? Nuk i besova syve kur të shikova në plazhë!,90,short_61_120,0.4066908822502724,0.5933091177497276,1,0.5933091177497276,uncertain,True,correct
new_calibrated_svm,fake_975,975,1,fake,"Flet Meda “Ja kam pa hajrin ktij populli, me shpi e kerra”",88,short_61_120,0.051329829557660855,0.9486701704423391,1,0.9486701704423391,likely_fake,True,correct
new_calibrated_svm,fake_979,979,1,fake,"Kosova në zgjedhje të jashtëzakonshme, Kjo është data!",186,medium_121_250,0.09750385419383556,0.9024961458061644,1,0.9024961458061644,likely_fake,True,correct
new_calibrated_svm,fake_988,988,1,fake,"Rexhaj ‘godet’ Nasim Haradinajn, o Nasim ti je banditi më i madh që ka Kosova",99,short_61_120,0.02927017623602357,0.9707298237639764,1,0.9707298237639764,likely_fake,True,correct
new_calibrated_svm,fake_991,991,1,fake,"Kështu u pritë jashtë Presidenti Thaçi, pas përfundimit të intervistimit në Hagë (Video)",107,short_61_120,0.04564395653235731,0.9543560434676427,1,0.9543560434676427,likely_fake,True,correct
new_calibrated_svm,fake_994,994,1,fake,Albin Kurti është takuar me fshehurazi me qeverinë e sërbisë mos i besoni ketij tradhtari o popull,172,medium_121_250,0.04970742554137786,0.9502925744586221,1,0.9502925744586221,likely_fake,True,correct
new_calibrated_svm,fake_1005,1005,1,fake,"Urime Kosovë! Në këtë datë në Korrik do hiqen Vizat, SHBA jep lajmin e madh",105,short_61_120,0.008009636739366055,0.991990363260634,1,0.991990363260634,likely_fake,True,correct
new_calibrated_svm,fake_1028,1028,1,fake,"BE i’a palon Grenellit: Bën veprimin e papritur për Kosovën, hiqen vizat për Kosovën??",261,long_gt_250,0.7558248881750658,0.24417511182493418,0,0.7558248881750658,likely_real,False,false_negative
new_calibrated_svm,fake_1034,1034,1,fake,"Rr’ahje mes dasmorëve në Prishtinë, bërtit “Nusja koka si Lop” (Video)",115,short_61_120,0.3439587876066881,0.6560412123933119,1,0.6560412123933119,uncertain,True,correct
new_calibrated_svm,fake_1037,1037,1,fake,"Daçiq: Na jepni Veriun e Kosovës, pastaj fillojmë me bisedime!",344,long_gt_250,0.8121572540238303,0.18784274597616965,0,0.8121572540238303,likely_real,False,false_negative
new_calibrated_svm,fake_1042,1042,1,fake,"Afrim Muçiqi: Nëse nuk na lejohet puna, do t’i mbajmë dasmat në shesh apo livadhe",166,medium_121_250,0.8708416385131538,0.1291583614868462,0,0.8708416385131538,likely_real,False,false_negative
new_calibrated_svm,fake_1054,1054,1,fake,LAJMI FUNDIT: Vjosa Osmani antarsohet në Vetëvendosje ja detajet,96,short_61_120,0.08764613677560207,0.9123538632243979,1,0.9123538632243979,likely_fake,True,correct
new_calibrated_svm,fake_1055,1055,1,fake,SHBA vjen me Super Lajm Për Kosovën,286,long_gt_250,0.9153818484252997,0.0846181515747003,0,0.9153818484252997,likely_real,False,false_negative
new_calibrated_svm,fake_1064,1064,1,fake,Nuk do ta besoni se çka e paralajmëron Isa Mustafa Vjosën!,132,medium_121_250,0.5325287562622056,0.46747124373779436,0,0.5325287562622056,uncertain,False,false_negative
new_calibrated_svm,fake_1076,1076,1,fake,Isa Mustafa marrja e Qeverisë në këtë kohë është sakrificë që po bënë LDK-ja,103,short_61_120,0.0605047232664605,0.9394952767335395,1,0.9394952767335395,likely_fake,True,correct
new_calibrated_svm,fake_1079,1079,1,fake,Agim Veliu “godet“ Vjosen: Oj trashaluqe duhesh mi hjek killat për mu…..,152,medium_121_250,0.5114868884826536,0.4885131115173465,0,0.5114868884826536,uncertain,False,false_negative
new_calibrated_svm,fake_1081,1081,1,fake,"Isa Mustafa: Ne Shqiptarët e Kosovës jemi me Amerikën, kurse Albin Kurti….",81,short_61_120,0.26149610663258316,0.7385038933674168,1,0.7385038933674168,likely_fake,True,correct
new_calibrated_svm,fake_1084,1084,1,fake,E pabesueshme se çfarë vendimi pritet të merr Presidenti Hashim Thaçi nëse e…,107,short_61_120,0.014629490058900907,0.9853705099410991,1,0.9853705099410991,likely_fake,True,correct
new_calibrated_svm,fake_1085,1085,1,fake,Glauk Konjufca: Bëhuni gati…Nesër është vetëm nxemje!,170,medium_121_250,0.9110959492679885,0.08890405073201149,0,0.9110959492679885,likely_real,False,false_negative
new_calibrated_svm,fake_1090,1090,1,fake,Politikani Serb ‘zbulon’ dy politikanët e Kosovës që po bashkëpunojnë me…,176,medium_121_250,0.6139716093209879,0.38602839067901207,0,0.6139716093209879,uncertain,False,false_negative
new_calibrated_svm,fake_1092,1092,1,fake,"Abdulla Hoti “godet“ Lëvizjen Vetëvendosje, ja çka i thotë!",112,short_61_120,0.4219354709379112,0.5780645290620888,1,0.5780645290620888,uncertain,True,correct
new_calibrated_svm,fake_1101,1101,1,fake,Ky kombinim po i çmend të gjithë: Bëhu me fIokë duke përdorur bananen,194,medium_121_250,0.3328306766037392,0.6671693233962608,1,0.6671693233962608,uncertain,True,correct
new_calibrated_svm,fake_1104,1104,1,fake,"Nuk hapen xhamitë as në ditët e fundit të Ramazanit, edhe ne Hoxhallarët duam pushim",378,long_gt_250,0.8940620339254887,0.10593796607451131,0,0.8940620339254887,likely_real,False,false_negative
new_calibrated_svm,fake_1106,1106,1,fake,"Behgjet Pacolli “befason“ me fjalë: E deshtët apo Jo, Halil Kastrati nuk ban “NONA“ tjetër në Shqiptari",75,short_61_120,0.11026025536252204,0.889739744637478,1,0.889739744637478,likely_fake,True,correct
new_calibrated_svm,fake_1108,1108,1,fake,Vjosa po vjen me parti të re politike me 9 deputet!,44,very_short_le_60,0.05606262027265552,0.9439373797273445,1,0.9439373797273445,likely_fake,True,correct
new_calibrated_svm,fake_1117,1117,1,fake,"Albin Kurtit do ti ndodhë më e keqja, Ja çka paralajmëron Pacolli",362,long_gt_250,0.09978367284772693,0.9002163271522731,1,0.9002163271522731,likely_fake,True,correct
new_calibrated_svm,fake_1119,1119,1,fake,Detaje të reja: Zbulohen mesazhet zyrtare për rastin e 26 vjeçarit që vdiq dje në Qendrën e Studentëve,84,short_61_120,0.5530716342349011,0.44692836576509887,0,0.5530716342349011,uncertain,False,false_negative
new_calibrated_svm,fake_1121,1121,1,fake,Vali Corleone flet për Hashim Thaçin e Albin Kurtin: Ja kush janë këta!,73,short_61_120,0.04529653758263519,0.9547034624173648,1,0.9547034624173648,likely_fake,True,correct
new_calibrated_svm,fake_1135,1135,1,fake,Hoxhaj: Kurr sdo të bëhet mirë pa ardhur në krye të Kosovës Kadri Veseli,107,short_61_120,0.0011874301014933586,0.9988125698985066,1,0.9988125698985066,likely_fake,True,correct
new_calibrated_svm,fake_1138,1138,1,fake,Hyn dhe Voto dr. Shefqet Krasniqin për imam të xhamisë së re në Prishtinë,104,short_61_120,0.02434811896304978,0.9756518810369502,1,0.9756518810369502,likely_fake,True,correct
new_calibrated_svm,fake_1165,1165,1,fake,Çmimi i lartë do tju trondit se sa do të kushtojë një vaksinë anti-korona që e keni patjetër ta merrni!,86,short_61_120,0.00036001915157968245,0.9996399808484203,1,0.9996399808484203,likely_fake,True,correct
new_calibrated_svm,fake_1174,1174,1,fake,"Vjen thirrja e fundit për zgjedhje të parakohshme, pas Albinit e penzionojnë edhe Avdullah Hotin",104,short_61_120,0.05123249427272103,0.948767505727279,1,0.948767505727279,likely_fake,True,correct
new_calibrated_svm,fake_1179,1179,1,fake,"Bekim Jashari: Albin Kurti , ‘Nuse e mirë po duket por t’ja shohim çeizin’!",110,short_61_120,0.0023264611746037778,0.9976735388253962,1,0.9976735388253962,likely_fake,True,correct
new_calibrated_svm,fake_1180,1180,1,fake,"Avdullah Hoti fyen rëndë të gjithë myslimanët që falën nëpër xhami, duke i quajtur…?",81,short_61_120,0.019614690022195402,0.9803853099778046,1,0.9803853099778046,likely_fake,True,correct
new_calibrated_svm,fake_1183,1183,1,fake,"Kadri Veseli e ‘pren’ punën e xhamisë, nuk do ta besoni se a dha lejen për ndërtimin apo jo?",88,short_61_120,0.5766485831496329,0.42335141685036715,0,0.5766485831496329,uncertain,False,false_negative
new_calibrated_svm,fake_1186,1186,1,fake,"I gjithë shteti në Alarm, Ja ‘Lajmin që e solli nga Haga’ Hashim Thaçi dhe Kadri Veseli",99,short_61_120,0.0015501310436526472,0.9984498689563474,1,0.9984498689563474,likely_fake,True,correct
new_calibrated_svm,fake_1191,1191,1,fake,"Specialisti italian na i qetëzoi zemrat të gjithëve: ‘Kjo është e vërteta e koronavirusit, mos bini pre e biznismenëve’",91,short_61_120,0.00019421813688780265,0.9998057818631122,1,0.9998057818631122,likely_fake,True,correct
new_calibrated_svm,fake_1194,1194,1,fake,"Media Gjermane: Merkel është e përfshirë në një skandal, ndihmoi Hashim Thaçin me 2 miliardë Euro?",90,short_61_120,0.00955021231986286,0.9904497876801371,1,0.9904497876801371,likely_fake,True,correct
new_calibrated_svm,fake_1197,1197,1,fake,Urime KOSOVË / Qeveria e Izraelit zyrtarisht ofron këtë ndihmë pë çdo qytetar të Kosovës,96,short_61_120,0.02189745560924672,0.9781025443907533,1,0.9781025443907533,likely_fake,True,correct
new_calibrated_svm,fake_1199,1199,1,fake,"Pse shumë njerëz po dështojnë? Cili meriton të kalon i pari, i dyti dhe i fundit?",109,short_61_120,0.0002944943848609549,0.999705505615139,1,0.999705505615139,likely_fake,True,correct
new_calibrated_svm,fake_1224,1224,1,fake,"Ndërron jetë Luan Bajra pak ditë para martesës, i riu vuante nga kjo sëmundje! Ngushllime familjes Bajra",77,short_61_120,0.0038766078699620232,0.996123392130038,1,0.996123392130038,likely_fake,True,correct
new_calibrated_svm,fake_1226,1226,1,fake,URIME NA QOFTË / Oxford jep rezultatet e para pozitive të vaksinës që zhduk tërësisht virusin,74,short_61_120,0.0018330389826369808,0.998166961017363,1,0.998166961017363,likely_fake,True,correct
new_calibrated_svm,fake_1230,1230,1,fake,"Vjosa Osmani me lot në sy pranon largimin e saj nga politika, fjalimi i plotë i saj…?",87,short_61_120,0.00039952183208924463,0.9996004781679108,1,0.9996004781679108,likely_fake,True,correct
new_calibrated_svm,fake_1234,1234,1,fake,"Viola Cramon ‘trondet’ Kosovën, tregon se cilët dy politikan i than ‘Mos nai liberalizoni vizat pa i fitu na zgjedhjet’",103,short_61_120,0.006493721940263653,0.9935062780597363,1,0.9935062780597363,likely_fake,True,correct
new_calibrated_svm,fake_1243,1243,1,fake,"Historike / DELAWIE: ‘O burra, ne ta harron Serbia që SHBA hjek dor nga Kosova, për at Zot i dua si vëllezër’",99,short_61_120,0.0022356255700888283,0.9977643744299112,1,0.9977643744299112,likely_fake,True,correct
new_calibrated_svm,fake_1245,1245,1,fake,"Hyri brenda në qabe dhe filmoi pamje nga brenda, u ‘trondit’ nga ajo që pa sepse se kishte menduar kurrë këtë?",84,short_61_120,7.968177404038546e-05,0.9999203182259596,1,0.9999203182259596,likely_fake,True,correct
new_calibrated_svm,fake_1246,1246,1,fake,"Çmime jashtëzakonisht të ulëta në këto dyqane për shopping, NXITONI URGJENTISHT",87,short_61_120,0.0037836576975815994,0.9962163423024184,1,0.9962163423024184,likely_fake,True,correct
new_calibrated_svm,fake_1260,1260,1,fake,"Skena shumë të nxehta, çmendet Edona Llalloshi dhe bën rezil udhëheqësen te ‘Shiko kush luan’",93,short_61_120,0.0012516370749547923,0.9987483629250452,1,0.9987483629250452,likely_fake,True,correct
new_calibrated_svm,fake_1266,1266,1,fake,LAJMI I FUNDIT Nga Gjermania – BE-ja më në fund iberalizohen vizat për Kosovarët,98,short_61_120,5.0925697197001796e-05,0.999949074302803,1,0.999949074302803,likely_fake,True,correct
new_calibrated_svm,fake_1274,1274,1,fake,Mustafa Nano e tepron / E vetmja shpresë për shqiptarin është ardhja e Albin Kurtit në pushtet,78,short_61_120,0.0001143070538962565,0.9998856929461037,1,0.9998856929461037,likely_fake,True,correct
new_calibrated_svm,fake_1275,1275,1,fake,"Mjer KOSOVA / Vuçiq e bën ‘hor’ Avduallah Hotin para BE-së, kurse Hoti vetëm shikon si i çmendur",98,short_61_120,0.0006070986715993598,0.9993929013284006,1,0.9993929013284006,likely_fake,True,correct
new_calibrated_svm,fake_1279,1279,1,fake,"Ramiz Lladrovci: Pishpirikat e Vetëvendosjes nuk ti baj hesap, Albini Kurti ngelafç ngat mu?",106,short_61_120,0.00019728597989532304,0.9998027140201047,1,0.9998027140201047,likely_fake,True,correct
new_calibrated_svm,fake_1285,1285,1,fake,"Kur e pyetën Albert Ajnshtajnin a besonte në Zot, përgjigja e tij la pa frymë gjith Botën",111,short_61_120,0.00443644214252692,0.9955635578574731,1,0.9955635578574731,likely_fake,True,correct
new_calibrated_svm,fake_1290,1290,1,fake,"URIME NA QOFTË / Mbyllen votimet në Maqedoninë e Veriut, shpallet kryeministri i parë shqipëtar atje",89,short_61_120,0.07589092009468712,0.9241090799053129,1,0.9241090799053129,likely_fake,True,correct
new_calibrated_svm,fake_1291,1291,1,fake,Artan Abrashi i VV-së / Krimineli Hashim Thaçi duheshte të jep dorëheqje para se të shkonte sepse sdo të kthehet?,99,short_61_120,0.00048274784783575164,0.9995172521521642,1,0.9995172521521642,likely_fake,True,correct
new_calibrated_svm,fake_1293,1293,1,fake,"Pas di vorcit, nëna gjen të d ashur: Ky është mesazhi që fëmijët kanë për t’i dhënë!",87,short_61_120,0.0021169969979457637,0.9978830030020542,1,0.9978830030020542,likely_fake,True,correct
new_calibrated_svm,fake_1302,1302,1,fake,"BISEDA SEKRETE: Clinton-D’Alema më 23 mars, 1999 për ndërhyrjën e NATO-së në Kosovë",94,short_61_120,0.0031619935413790268,0.996838006458621,1,0.996838006458621,likely_fake,True,correct
new_calibrated_svm,fake_1311,1311,1,fake,EKSKLUZIVE / Këto pamje të filmuara në 1999 të Gani Gecit bëjnë të qarta debatet e këtyre 20 viteve,100,short_61_120,0.02086288197014663,0.9791371180298534,1,0.9791371180298534,likely_fake,True,correct
new_calibrated_svm,fake_1314,1314,1,fake,Hashim Thaçi ‘çartet’ dhe dridh gjithë Amerikën me fjalimin e tij për KOSOVËN HEROIKE,112,short_61_120,0.011987293772163121,0.9880127062278369,1,0.9880127062278369,likely_fake,True,correct
new_calibrated_svm,fake_1320,1320,1,fake,Gent Cakaj: Kur është në pyetje UÇK-ja duhet të jemi 1 or kafsha të pista të Kosovës,86,short_61_120,0.02210367021150561,0.9778963297884944,1,0.9778963297884944,likely_fake,True,correct
new_calibrated_svm,fake_1324,1324,1,fake,Mërgimtarët shqipëtar përlotin Hashim Thaçin me befasinë që ia bënë para Gjykatës së Hagës,87,short_61_120,9.007643015968014e-05,0.9999099235698403,1,0.9999099235698403,likely_fake,True,correct
new_calibrated_svm,fake_1325,1325,1,fake,"Prifti shqipëtar Don Zefi: Ne shqipëtarët katolik vëllezër i kemi grekët dhe serbet,",103,short_61_120,0.00010441409017991621,0.9998955859098201,1,0.9998955859098201,likely_fake,True,correct
new_calibrated_svm,fake_1334,1334,1,fake,"E Fundit / Shkarkohet presidenti i Shqipërisë Ilir Meta, komisioni hetimor raporton që?",97,short_61_120,0.2678141016627503,0.7321858983372497,1,0.7321858983372497,likely_fake,True,correct
new_calibrated_svm,fake_1336,1336,1,fake,"Nuk e pranuan Hashim Thaçin në shtëpi, vjen reagimi i Bekim Jasharit ku tregon arsyen se pse?",102,short_61_120,0.003267650944091871,0.9967323490559081,1,0.9967323490559081,likely_fake,True,correct
new_calibrated_svm,fake_1346,1346,1,fake,Nga nesër bllokim i plotë i lëvizjes së qytetarëve në këto komuna të Kosovës?,95,short_61_120,0.0015237667493569473,0.998476233250643,1,0.998476233250643,likely_fake,True,correct
new_calibrated_svm,fake_1351,1351,1,fake,Urime Kosovë / Grenell zyrtarisht jep datën kur mund kosovarët të udhëtojnë PA VIZA?,98,short_61_120,0.00033077050356633553,0.9996692294964337,1,0.9996692294964337,likely_fake,True,correct
new_calibrated_svm,fake_1365,1365,1,fake,Shkëlzen Gashi: Kur un ju thoja nuk e besojshit të vërtetën e UÇK-së,99,short_61_120,0.0019272352840700169,0.99807276471593,1,0.99807276471593,likely_fake,True,correct
new_calibrated_svm,fake_1371,1371,1,fake,Dokumenti i CIA 1978: Ky ishte politikani që i dha tokat shqipëtare Greqisë,101,short_61_120,0.010065131921113801,0.9899348680788862,1,0.9899348680788862,likely_fake,True,correct
new_calibrated_svm,fake_1379,1379,1,fake,"Shefqet Krasniqi: Mos keni frik nga ky virus, nëse e keni të shkruar do tjesh i fundit që dot kap",86,short_61_120,0.03237415848977232,0.9676258415102277,1,0.9676258415102277,likely_fake,True,correct
new_calibrated_svm,fake_1382,1382,1,fake,‘Dorëzohet Sërbia’ / Numri i viktimave nga virusi në Sërbi thyen rekordin botëror,74,short_61_120,0.0023041572692685808,0.9976958427307314,1,0.9976958427307314,likely_fake,True,correct
new_calibrated_svm,fake_1385,1385,1,fake,Merkel ia terron Vuçiqit me këtë kërkesë që ia bëri në lidhje me kufijtë dhe njohjen e pavarsisë së Kosovës,87,short_61_120,0.0008485856090469923,0.999151414390953,1,0.999151414390953,likely_fake,True,correct
new_calibrated_svm,fake_1395,1395,1,fake,Krijesë e huaj misterioze me ‘krahët që duken njerëzore’ i vë në dyshim mendjet e njerëzve,85,short_61_120,0.0007739051376185468,0.9992260948623815,1,0.9992260948623815,likely_fake,True,correct
new_calibrated_svm,fake_1396,1396,1,fake,Ju Lutem Shpërndaje Që Ta shohin Gjithë / Ja se çfarë po ju ndodh qytetarëve që po udhëtojnë për në Europë,93,short_61_120,0.004120427884391598,0.9958795721156084,1,0.9958795721156084,likely_fake,True,correct
new_calibrated_svm,fake_1413,1413,1,fake,Publikohen për herë të parë fotot e Anisa Josifit në shtratin e vd ekjes,100,short_61_120,0.010009410377014527,0.9899905896229855,1,0.9899905896229855,likely_fake,True,correct
new_calibrated_svm,fake_1415,1415,1,fake,Italia merr vendim të prerë për shtetin e Kosovës dhe bën apel në gjithë Europën për izolim 24 muajsh?,86,short_61_120,0.0020963678044046974,0.9979036321955953,1,0.9979036321955953,likely_fake,True,correct
new_calibrated_svm,fake_1420,1420,1,fake,"Molliqaj: Hashim Thaçi nuk është anti-amerikan, është k riminel!",71,short_61_120,0.00012764796012254553,0.9998723520398775,1,0.9998723520398775,likely_fake,True,correct
new_calibrated_svm,fake_1424,1424,1,fake,Plaku nga Kosova: Evropa i ka borxh Kosovës,72,short_61_120,0.0017716365575558557,0.9982283634424441,1,0.9982283634424441,likely_fake,True,correct
new_calibrated_svm,fake_1426,1426,1,fake,LAJM I FUNDIT:Nuk do mund ta besoni se ku ndodhet në Këto momente Hashim Thaçi,86,short_61_120,1.79215221264295e-05,0.9999820784778736,1,0.9999820784778736,likely_fake,True,correct
new_calibrated_svm,fake_1432,1432,1,fake,Këta zyrtarë priten të largohen nga LDK-ja! arsyeja shkarkimi Vjoses?,76,short_61_120,0.0009014533471290997,0.9990985466528709,1,0.9990985466528709,likely_fake,True,correct
new_calibrated_svm,fake_1434,1434,1,fake,A do të vazhdojë të jetë antare e LDKsë? Ja çka thotë Osmani,77,short_61_120,0.00012756379398204398,0.999872436206018,1,0.999872436206018,likely_fake,True,correct
new_calibrated_svm,fake_1441,1441,1,fake,Zbulohet vendin ku ndodhen 28 ton flori!,103,short_61_120,0.012923867113700416,0.9870761328862996,1,0.9870761328862996,likely_fake,True,correct
new_calibrated_svm,fake_1450,1450,1,fake,"Besa Gaxherri: Vjosa Duhet Të Matet, Nuk Është E Rrugës Me Luftu Shtëpinë E Vet",91,short_61_120,0.0022524458152658466,0.9977475541847342,1,0.9977475541847342,likely_fake,True,correct
new_calibrated_svm,fake_1451,1451,1,fake,"Erdogan ndan lajmin më të keq pas pandemisë së fundit, shpreh ngushllimet e tij të sinqerta",86,short_61_120,0.007884817224555474,0.9921151827754445,1,0.9921151827754445,likely_fake,True,correct
new_calibrated_svm,fake_1454,1454,1,fake,"I dërgon gabimisht shefit një foto pa rroba, përgjigja e tij e lë pa fjalë",96,short_61_120,0.001636198288276991,0.998363801711723,1,0.998363801711723,likely_fake,True,correct
new_calibrated_svm,fake_1461,1461,1,fake,Djaloshi ne Prishtine gjen 1450 Euro dhe nje qeles te vetures.,99,short_61_120,0.00018929762013641938,0.9998107023798636,1,0.9998107023798636,likely_fake,True,correct
new_calibrated_svm,fake_1465,1465,1,fake,"Gjermania në kërkim të 472 mijë punëtorëve, këto janë profilet më të kërkuara",88,short_61_120,0.03297769193182731,0.9670223080681727,1,0.9670223080681727,likely_fake,True,correct
new_calibrated_svm,fake_1466,1466,1,fake,"Ky pe.nsioner mbante një th.esar në shtëpi, nuk e dinte",94,short_61_120,0.0032729793316921274,0.9967270206683079,1,0.9967270206683079,likely_fake,True,correct
new_calibrated_svm,fake_1473,1473,1,fake,"Karkalecat pushtojnë Lindjen e Mesme, bll.okohet qarkullimi i automjeteve",93,short_61_120,0.03365204982790537,0.9663479501720946,1,0.9663479501720946,likely_fake,True,correct
new_calibrated_svm,fake_1474,1474,1,fake,Christopher Hill rrë.fen momente të lu.ftës në Kosovë: Çfarë më tha Millosheviçi pas takimit me UÇK-në,101,short_61_120,0.032873817998824384,0.9671261820011756,1,0.9671261820011756,likely_fake,True,correct
new_calibrated_svm,fake_1475,1475,1,fake,Nuk keni pë ta besuar se cila këngëtare kosovare është kjo vogëlushe,96,short_61_120,0.017145597423739556,0.9828544025762604,1,0.9828544025762604,likely_fake,True,correct
new_calibrated_svm,fake_1484,1484,1,fake,"E mbajti të fshehtë, futbollisti shqiptar bëhet baba për herë të parë",88,short_61_120,0.07512351723415833,0.9248764827658417,1,0.9248764827658417,likely_fake,True,correct
new_calibrated_svm,fake_1488,1488,1,fake,Kilogrami shitet 0ër 1.000 Euro / Gjenden në këtë vend,80,short_61_120,0.045877375456388814,0.9541226245436112,1,0.9541226245436112,likely_fake,True,correct
new_calibrated_svm,fake_1492,1492,1,fake,Vjosa Osmani po i bashkohet LVV ? Edhe zogjtë e malit e dinë ..,92,short_61_120,0.011733398270865947,0.988266601729134,1,0.988266601729134,likely_fake,True,correct
new_calibrated_svm,fake_1498,1498,1,fake,"Hapi i madh i Ramës, arreston zyrtarin e larte te LVV / Reagon Kurti ..",95,short_61_120,0.05739637943174347,0.9426036205682565,1,0.9426036205682565,likely_fake,True,correct
new_calibrated_svm,fake_1503,1503,1,fake,"Afrim Muqiqi jep lajmin e madh, nga kjo datë dasmat do të bahen dhe urime të gjithëve",83,short_61_120,0.0009757078248545659,0.9990242921751454,1,0.9990242921751454,likely_fake,True,correct
new_calibrated_svm,fake_1511,1511,1,fake,"Ak sident i tm errshëm , treni g odet veturën me 5 u dhëtarë",90,short_61_120,0.0055485014340967975,0.9944514985659032,1,0.9944514985659032,likely_fake,True,correct
new_calibrated_svm,fake_1513,1513,1,fake,"Ky është shteti, qytetarët e të cilit tr.adhtojnë më shumë partnerin",99,short_61_120,0.006217300370569445,0.9937826996294306,1,0.9937826996294306,likely_fake,True,correct
new_calibrated_svm,fake_1519,1519,1,fake,"Dorëzohet Vuçiqi, vendos ta pranon Republikën e Kosovës për shkak të kësaj arsye?",73,short_61_120,0.00044431373592612733,0.9995556862640739,1,0.9995556862640739,likely_fake,True,correct
new_calibrated_svm,fake_1531,1531,1,fake,"E fundit! Shp.ërthen bo.mbula e gazit, e moshuara në gjendje të rëndë",92,short_61_120,0.09253620306367782,0.9074637969363222,1,0.9074637969363222,likely_fake,True,correct
new_calibrated_svm,fake_1533,1533,1,fake,EKSLUZIVE – Ja kush po i kerkon Albinit debat televiziv nuk do ta besoni,87,short_61_120,3.644484205300724e-05,0.999963555157947,1,0.999963555157947,likely_fake,True,correct
new_calibrated_svm,fake_1538,1538,1,fake,"Ndërron jetë këngëtarja e njohur, pati g.oditje në tru",78,short_61_120,0.0732277502830917,0.9267722497169083,1,0.9267722497169083,likely_fake,True,correct
new_calibrated_svm,fake_1542,1542,1,fake,"HlSTORlA e shqiptarit që ka HABlTUR rrjetet sociaIe, a ja vIen të Ie gruan për rusen e pasur",100,short_61_120,0.013954091380712352,0.9860459086192876,1,0.9860459086192876,likely_fake,True,correct
new_calibrated_svm,fake_1544,1544,1,fake,"Gold AG p ublikon këngën e re, krejt Mediat serbe po shkruajn",88,short_61_120,0.010524098809538196,0.9894759011904618,1,0.9894759011904618,likely_fake,True,correct
new_calibrated_svm,fake_1545,1545,1,fake,Nuk do ta besoni qfare thote Glauk Konjufca per kreun e LVV-se,90,short_61_120,0.0022236125355742375,0.9977763874644258,1,0.9977763874644258,likely_fake,True,correct
new_calibrated_svm,fake_1547,1547,1,fake,"Izraeli apo Turqia, cila e ka u shtrinë më të fortë",81,short_61_120,0.21368476427311367,0.7863152357268863,1,0.7863152357268863,likely_fake,True,correct
new_calibrated_svm,fake_1551,1551,1,fake,"Presidentja E Kroacisë I’a Thotë Në Sy Mogherinit: Kosovës Duhet Të I’a Jepni Liberalizimin, Sepse Kosovarët E Meritojnë Këtë Gjë Dhe Shumë Gjëra Tjera!",91,short_61_120,0.0014626931721002379,0.9985373068278998,1,0.9985373068278998,likely_fake,True,correct
new_calibrated_svm,fake_1552,1552,1,fake,E pabesueshme: Adelina rr.ëfen se si e ka kapur politikanin e njohur duke vje.dhur para,90,short_61_120,0.0018446325681100717,0.9981553674318899,1,0.9981553674318899,likely_fake,True,correct
new_calibrated_svm,fake_1556,1556,1,fake,Jam tri.shtuar nga vd.ekja tra.gjike e të riut 26-vjeçar nga Gjilani,92,short_61_120,0.010174621921151927,0.9898253780788481,1,0.9898253780788481,likely_fake,True,correct
new_calibrated_svm,fake_1557,1557,1,fake,"E FUNDIT: Paralajmërimi i Kurtit dr.idh Kosoven, ja qka tha",96,short_61_120,0.00010431842415714598,0.9998956815758429,1,0.9998956815758429,likely_fake,True,correct
new_calibrated_svm,fake_1563,1563,1,fake,"Pacolli: Telefonin e kam përplot me kë.rcënime, jam i fr.ikësuar nga militantet e VV-së!!",100,short_61_120,0.015857975108131694,0.9841420248918683,1,0.9841420248918683,likely_fake,True,correct
new_calibrated_svm,fake_1564,1564,1,fake,"LDK para cop.ëtimit – ka përpl.asje të mëdha, zbulohet se disa figura të larta partiake",92,short_61_120,0.01612737403834219,0.9838726259616578,1,0.9838726259616578,likely_fake,True,correct
new_calibrated_svm,fake_1567,1567,1,fake,"Po pastronte shtëpinë e gjyshërve kur gjeti diçka në dysheme, kur e hapi u sh.okua nga ajo që pa",114,short_61_120,0.00310168884375861,0.9968983111562414,1,0.9968983111562414,likely_fake,True,correct
new_calibrated_svm,fake_1568,1568,1,fake,Lajm i mire/ Me ne fund del data se kur do levizim me makina pa marr leje,97,short_61_120,0.0035266165795335702,0.9964733834204664,1,0.9964733834204664,likely_fake,True,correct
new_calibrated_svm,fake_1569,1569,1,fake,Rama pu.blikon statistikat/ Shqipëria vendi europian që ka menaxhuar më mirë situatën e CoVi.d-19,111,short_61_120,0.014347818904950294,0.9856521810950497,1,0.9856521810950497,likely_fake,True,correct
new_calibrated_svm,fake_1574,1574,1,fake,Nuk ishte t.ërmet as v.ullkan por diçka e fr.ikshme që rallë kush …,99,short_61_120,0.01047392385120638,0.9895260761487936,1,0.9895260761487936,likely_fake,True,correct
new_calibrated_svm,fake_1593,1593,1,fake,Lajmi tr.ondit mediat greke e italiane: Nexhmija e dinte që Enveri…,101,short_61_120,0.030659204156502362,0.9693407958434976,1,0.9693407958434976,likely_fake,True,correct
new_calibrated_svm,fake_1594,1594,1,fake,"Pamje shokuese , gruaja hidhet nga ballkoni i PALLATIT ! (Video)",55,very_short_le_60,0.001981410613111634,0.9980185893868884,1,0.9980185893868884,likely_fake,True,correct
new_calibrated_svm,fake_1601,1601,1,fake,Vjen SUPER LAJMI Italianët bëjnë zbulimin që do na rikthejë në normalitet nga COVID-19,192,medium_121_250,0.007577465153321472,0.9924225348466785,1,0.9924225348466785,likely_fake,True,correct
new_calibrated_svm,fake_1606,1606,1,fake,"LAJMI I FUNDIT: E shpërfilli  virusin COVID-19, Presidenti del Pozitiv i…!",122,medium_121_250,0.1191496131135551,0.8808503868864449,1,0.8808503868864449,likely_fake,True,correct
new_calibrated_svm,fake_1609,1609,1,fake,"LAJMI I FUNDIT: Ky është super lajm,Mjeku jep shpresë  sa i perket COVID-19, për popullin e Kosovës!",127,medium_121_250,0.004160010766613098,0.9958399892333869,1,0.9958399892333869,likely_fake,True,correct
new_calibrated_svm,fake_1610,1610,1,fake,"LAJMI I FUNDIT: Tronditet skena politike, pas shum rastev me Koronavirus jep doreheqje Ministri i Shendetsise në…!",150,medium_121_250,0.029681127695589726,0.9703188723044103,1,0.9703188723044103,likely_fake,True,correct
new_calibrated_svm,fake_1611,1611,1,fake,E FUNDIT: Do befasoheni Çfarë i bëri sot bashkë Vjosa Osmanin dhe Albin Kurtin?,113,short_61_120,0.0016916440045523506,0.9983083559954476,1,0.9983083559954476,likely_fake,True,correct
new_calibrated_svm,fake_1613,1613,1,fake,"Veton Surroi: UÇK nuk ishte ushtri çlirimtare, po kan lyp me…!",122,medium_121_250,0.01684508349322822,0.9831549165067718,1,0.9831549165067718,likely_fake,True,correct
new_calibrated_svm,fake_1616,1616,1,fake,"LAJM I PAPRITUR KY!: Vjosa Osmani Presidente e vendit, ja si dhe kur mund të ndodh?",149,medium_121_250,0.0003946062686848162,0.9996053937313152,1,0.9996053937313152,likely_fake,True,correct
new_calibrated_svm,fake_1619,1619,1,fake,Fatmir Limaj: ”Albini as pragun ska me kalu ne Zgjedhje te reja keni me pa O Popull”? – VIDEO,114,short_61_120,0.00024911568654018,0.9997508843134598,1,0.9997508843134598,likely_fake,True,correct
new_calibrated_svm,fake_1622,1622,1,fake,Shpërthen Ganimete Musliu kundër VV-së: Të pafytyrë e po t’ja…!,118,short_61_120,0.07906495680857017,0.9209350431914298,1,0.9209350431914298,likely_fake,True,correct
new_calibrated_svm,fake_1624,1624,1,fake,"LAJMI I FUNDIT: Pas aktakuzës ndaj Thaçit e Veselit, PDK merr këtë vendim te papritur nga askush..!",132,medium_121_250,0.009644799500272083,0.9903552004997279,1,0.9903552004997279,likely_fake,True,correct
new_calibrated_svm,fake_1625,1625,1,fake,"Kjo video nga Glauk Konjufca ta bën Zemrën mal, Ja çka thoshte ai për Gjykatën Speciale",85,short_61_120,0.008286885439643177,0.9917131145603568,1,0.9917131145603568,likely_fake,True,correct
new_calibrated_svm,fake_1641,1641,1,fake,Tunës ka përfunduar në këtë gjendje pas shum se…!,78,short_61_120,0.4326544588671577,0.5673455411328423,1,0.5673455411328423,uncertain,True,correct
new_calibrated_svm,fake_1647,1647,1,fake,"Nuk është më kryeministër, por Oriola tregon hapur simpatinë e saj për Albin Kurtin",104,short_61_120,0.0032435924239190284,0.996756407576081,1,0.996756407576081,likely_fake,True,correct
new_calibrated_svm,fake_1648,1648,1,fake,Godet Thaci : o Albin e more popullin nqaf me ato protesta shikoje numrin e te inf ekt uarve o ti po lyp…?,92,short_61_120,0.0013168573891442215,0.9986831426108558,1,0.9986831426108558,likely_fake,True,correct
new_calibrated_svm,fake_1653,1653,1,fake,Mjeku shqiptar trondit botën: Ja çfarë i pret të gjithë njerëzit e prekur nga COVID-19,375,long_gt_250,0.14726396143753773,0.8527360385624623,1,0.8527360385624623,likely_fake,True,correct
new_calibrated_svm,fake_1655,1655,1,fake,LAJMI I FUNDIT – Ja cili politikan i VV-s do te arrestohet nga Gjykata Speciale,118,short_61_120,0.0004949217647686188,0.9995050782352314,1,0.9995050782352314,likely_fake,True,correct
new_calibrated_svm,fake_1659,1659,1,fake,Kallashi O Albin Ta Hongsha Zemren Ty Je Zemra Kosoves Per Ty Kisha Vallzu Tanë Naten Ne…,151,medium_121_250,1.741437982594185e-05,0.9999825856201741,1,0.9999825856201741,likely_fake,True,correct
new_calibrated_svm,fake_1660,1660,1,fake,"Kosovë, Pacienti Me Koronavirus Nga Spitali I Qon “Selam“ Labinot Tahirit (Video)",129,medium_121_250,0.0003220837573202351,0.9996779162426798,1,0.9996779162426798,likely_fake,True,correct
new_calibrated_svm,fake_1667,1667,1,fake,"VIDEO EKSLUZIVE:Nëse Ke Ndonjë Nga Këto Monedha, Mund Të Bëhesh Shumë I Pasur Ja Pse",196,medium_121_250,0.028953059987889773,0.9710469400121102,1,0.9710469400121102,likely_fake,True,correct
new_calibrated_svm,fake_1674,1674,1,fake,LAJMI I FUNDIT – Bota po perballet nga nje rre zik tjeter ja per qfar behet fjale,145,medium_121_250,0.010403452355068676,0.9895965476449313,1,0.9895965476449313,likely_fake,True,correct
new_calibrated_svm,fake_1675,1675,1,fake,Befason Thaçi: ‘Sa tjem gjall une Albini asnjehere nuk do te vendos per Kosoven sdo ta lejoj me…!,198,medium_121_250,0.013539211842037546,0.9864607881579625,1,0.9864607881579625,likely_fake,True,correct
new_calibrated_svm,fake_1676,1676,1,fake,Fatos Lubonja: Hashim Thaçi ka ber vepra te k eqia ndaj serbë të pafajshëm!! Ska vy me i bo,247,medium_121_250,0.00836259207624157,0.9916374079237584,1,0.9916374079237584,likely_fake,True,correct
new_calibrated_svm,fake_1687,1687,1,fake,Kjo Grua Nga Prishtina Në Ballkon Dhe Ajo Që Bën Më Ç.Mend Kalimtaret.. (Video),134,medium_121_250,0.017209910558736996,0.982790089441263,1,0.982790089441263,likely_fake,True,correct
new_calibrated_svm,fake_1692,1692,1,fake,LAJMI I FUNDIT – Nuk do ta besoni qfar do te ndodhe ne Kosove,135,medium_121_250,0.15679864780149733,0.8432013521985027,1,0.8432013521985027,likely_fake,True,correct
new_calibrated_svm,fake_1697,1697,1,fake,Shpallja e gjendjes së jashtëzakonshme në Kosovë/ Nuk do të ketë bllokim të plotë,167,medium_121_250,0.000199577901153436,0.9998004220988466,1,0.9998004220988466,likely_fake,True,correct
new_calibrated_svm,fake_1698,1698,1,fake,"Prekese: Sot u bëra nene pas 10 viteve martes, jam Nene e Trinjakëve, kush me uron i dhent Zoti ate qe i mungon ..",221,medium_121_250,2.7995551991955026e-05,0.999972004448008,1,0.999972004448008,likely_fake,True,correct
new_calibrated_svm,fake_1700,1700,1,fake,"Pipero: Jep lajmin e madh që e kemi pritur të gjithë, “Koronavirusi nuk do të…”",229,medium_121_250,0.23609712982805542,0.7639028701719446,1,0.7639028701719446,likely_fake,True,correct
new_calibrated_svm,fake_1711,1711,1,fake,Video Eksluzive: Shikojeni Çka I Ndodhi Ketij Mërgimtarit Nga Kosova Në Finlandë,173,medium_121_250,0.03689938628612999,0.96310061371387,1,0.96310061371387,likely_fake,True,correct
new_calibrated_svm,fake_1714,1714,1,fake,Godet Kallashi ja qka thot per Albinin nuk do ta besoni,159,medium_121_250,0.0017666672007429218,0.9982333327992571,1,0.9982333327992571,likely_fake,True,correct
new_calibrated_svm,fake_1720,1720,1,fake,EKSLUZIVE – Vjosa Osmani zbulon detajet e partise te saj te re ja deputet sdo ta besoni,180,medium_121_250,0.011434491836937455,0.9885655081630625,1,0.9885655081630625,likely_fake,True,correct
new_calibrated_svm,fake_1729,1729,1,fake,Kush dhe pse e duan të vdekur Gani Gecin ???,177,medium_121_250,0.07799510874283211,0.9220048912571679,1,0.9220048912571679,likely_fake,True,correct
new_calibrated_svm,fake_1730,1730,1,fake,"Hoti do mbetet kryeministri më i suksesshëm në historinë e Kosovës, nëse Vuçiqi nuk e bën këtë",130,medium_121_250,0.16374485020610585,0.8362551497938941,1,0.8362551497938941,likely_fake,True,correct
new_calibrated_svm,fake_1732,1732,1,fake,Haki Abazi dridhe skenen politike ne Kosove me kete qe tha!,162,medium_121_250,0.9137139635089149,0.08628603649108511,0,0.9137139635089149,likely_real,False,false_negative
new_calibrated_svm,fake_1737,1737,1,fake,Paralajmërohet ‘tronditja’ e madhe për PDK-në: Ja dy përplasjet e forta në këtë parti,88,short_61_120,0.00012735409862507652,0.9998726459013749,1,0.9998726459013749,likely_fake,True,correct
new_calibrated_svm,fake_1738,1738,1,fake,Tomë Gashi publikon videon e Besa Gaxherrit që tronditi Hashim Thaçin,122,medium_121_250,0.0019688477003330096,0.998031152299667,1,0.998031152299667,likely_fake,True,correct
new_calibrated_svm,fake_1740,1740,1,fake,Lajm bomb: Arrestohet djali i deputeti te Partis Demokratike,99,short_61_120,0.19624398339171156,0.8037560166082884,1,0.8037560166082884,likely_fake,True,correct
new_calibrated_svm,fake_1742,1742,1,fake,A eshte normal ky njeri? Kjo qe tha Mustafo Nano per Kosoven do iu cmend dhe nervozoj,107,short_61_120,8.432631572297122e-05,0.999915673684277,1,0.999915673684277,likely_fake,True,correct
new_calibrated_svm,fake_1746,1746,1,fake,"Hiqen te gjitha dyshimet, Kjo eshte partia e re e formuar nga Vjosa Osmani",98,short_61_120,0.00014233001717323113,0.9998576699828268,1,0.9998576699828268,likely_fake,True,correct
new_calibrated_svm,fake_1755,1755,1,fake,Çfarë sinjali po dërgon Ganimete Musliu tek Albin Kurti me një deklaratë të Ramush Haradinajt – përmendet vrasja e Fehmi Aganit!,65,short_61_120,7.468218944595151e-06,0.9999925317810554,1,0.9999925317810554,likely_fake,True,correct
new_calibrated_svm,fake_1757,1757,1,fake,"Ngjarje shokuese vjen nga Gjakova , atje sapo ndodhi kjo gje e keqe",69,short_61_120,6.53031890001099e-05,0.9999346968109999,1,0.9999346968109999,likely_fake,True,correct
new_calibrated_svm,fake_1767,1767,1,fake,"Pamje të rralla, kur Leonora Jakupi shetiste me aeroplan në Drenicë  VIDEO",95,short_61_120,0.8086681008456394,0.19133189915436055,0,0.8086681008456394,likely_real,False,false_negative
new_calibrated_svm,fake_1768,1768,1,fake,Paralajmëroj katastrofë në Kosovë: Ja çka thotë Lul Raka,79,short_61_120,0.0005660745056542682,0.9994339254943457,1,0.9994339254943457,likely_fake,True,correct
new_calibrated_svm,fake_1783,1783,1,fake,"Një bionde kosovare kaq ekzotike, Blerta Veseli çmend me pozat në bikini",66,short_61_120,8.596778828484641e-05,0.9999140322117152,1,0.9999140322117152,likely_fake,True,correct
new_calibrated_svm,fake_1785,1785,1,fake,"Viti 2020 vit i mallkuar, Zbulohet virusi tjeter me i rrezikshme se Koronavirusi",76,short_61_120,3.5849518788100276e-05,0.9999641504812119,1,0.9999641504812119,likely_fake,True,correct
new_calibrated_svm,fake_1790,1790,1,fake,"Vjen nje goditje e rende per Arben Vitine , edhe kjo u tha per te!",104,short_61_120,0.0007661931069730121,0.999233806893027,1,0.999233806893027,likely_fake,True,correct
new_calibrated_svm,fake_1795,1795,1,fake,"Nora i deklason të gjitha, shfaqet veç në bikini nga plazhi ekspozon trupin si ‘peshk’",100,short_61_120,0.0011130041819925607,0.9988869958180074,1,0.9988869958180074,likely_fake,True,correct
new_calibrated_svm,fake_1799,1799,1,fake,"Aksidente i rende ne Kosove , vdes ne vend ky person EMRI",67,short_61_120,0.00024578856527712745,0.9997542114347229,1,0.9997542114347229,likely_fake,True,correct
new_calibrated_svm,fake_1804,1804,1,fake,ALARMANTE/ Qeveria Hoti po na çon në katastrofë DETAJE EKSKLUZIVE,165,medium_121_250,0.6820852599748346,0.3179147400251654,0,0.6820852599748346,uncertain,False,false_negative
new_calibrated_svm,fake_1811,1811,1,fake,Ky turp u dëgjua mbrëmë në Kosovë! Kështu bërtiti serbi,85,short_61_120,0.0033809140214978717,0.9966190859785021,1,0.9966190859785021,likely_fake,True,correct
new_calibrated_svm,fake_1814,1814,1,fake,"Ekspertët japin në alarm tjetër të keq: Vala e dytë ne Kosove e Covid-19 do nisë, ja kur",226,medium_121_250,0.00014605688935143135,0.9998539431106486,1,0.9998539431106486,likely_fake,True,correct
new_calibrated_svm,fake_1815,1815,1,fake,A ekziston Virusi apo jo? Ky eshte lajmi i Fundit,96,short_61_120,0.0008415328234661068,0.9991584671765339,1,0.9991584671765339,likely_fake,True,correct
new_calibrated_svm,fake_1819,1819,1,fake,"Kina paralajmëron botën: Keni kujdes, pneumoni vdekjeprurëse nga Kazakistani!",112,short_61_120,0.0006378292390839535,0.999362170760916,1,0.999362170760916,likely_fake,True,correct
new_calibrated_svm,fake_1820,1820,1,fake,"Shikon nje femije ne liqen, hyn ta shpetoje dhe shok.o.h.et nga ajo qe zbulon",89,short_61_120,5.847361488231506e-06,0.9999941526385118,1,0.9999941526385118,likely_fake,True,correct
new_calibrated_svm,fake_1826,1826,1,fake,"Hoteli 5 yje: 30 euro nata me ‘mëngjes, darkë dhe çadër’, bëhet fjalë për këtë bregdet të Shqipërisë",96,short_61_120,0.000802406062946015,0.999197593937054,1,0.999197593937054,likely_fake,True,correct
new_calibrated_svm,fake_1832,1832,1,fake,Publikohen emrat e nëntë aktorëve të ndarjes së Kosovës/ Sali Berisha: Ja trojka kryesore,109,short_61_120,0.0006464087942765762,0.9993535912057234,1,0.9993535912057234,likely_fake,True,correct
new_calibrated_svm,fake_1834,1834,1,fake,"Gjendja e Jashtëzakonshme? Flet Hashim Thaçi, ka një thirrje të fundit për qytetarët e Kosovës",109,short_61_120,0.0003940078149787807,0.9996059921850212,1,0.9996059921850212,likely_fake,True,correct
new_calibrated_svm,fake_1839,1839,1,fake,"Video Eksluzive:U Mundua T’i Prishte Martesën Me Tjetrën, I Shoqi E Tërheq Zvarrë Për Flokësh",104,short_61_120,0.12327082196298544,0.8767291780370146,1,0.8767291780370146,likely_fake,True,correct
new_calibrated_svm,fake_1848,1848,1,fake,Me këtë imazh Edona po e dëshmon që vajza po bëhet më e bukur se nëna,96,short_61_120,0.9606721441592335,0.0393278558407665,0,0.9606721441592335,likely_real,False,false_negative
new_calibrated_svm,fake_1861,1861,1,fake,"Vetëm një lugë nga kjo përbërje çdo mëngjes dhe zorrët tuaja do të pastrohen nga mbetjet, në 2 minuta!",375,long_gt_250,0.36743507347459925,0.6325649265254008,1,0.6325649265254008,uncertain,True,correct
new_calibrated_svm,fake_1873,1873,1,fake,Zbulim i ri: Kjo simptomë e re e koronavirusit po shfaqet tek të moshuarit,448,long_gt_250,0.9232468994207701,0.0767531005792299,0,0.9232468994207701,likely_real,False,false_negative
new_calibrated_svm,fake_1874,1874,1,fake,Si të bini nga pesha në dy javë duke konsumuar vezë të ziera,441,long_gt_250,0.14530152192013512,0.8546984780798649,1,0.8546984780798649,likely_fake,True,correct
new_calibrated_svm,fake_1885,1885,1,fake,"Infermierja e infektuar me Covid-19 i lutet kolegëve: Mos më lini të vdes, kam fëmijë",247,medium_121_250,0.8027190360871364,0.1972809639128637,0,0.8027190360871364,likely_real,False,false_negative
new_calibrated_svm,fake_1894,1894,1,fake,"Merret nëpërmjet hundës, ky është ilaçi që pritet të kurojë koronavirusin",162,medium_121_250,0.042232674610440335,0.9577673253895597,1,0.9577673253895597,likely_fake,True,correct
new_calibrated_svm,fake_1898,1898,1,fake,"Për kokë të mamit e kapa”, filmojnë “diskun” e çuditshëm që lëviz nëpër qiellin e Tiranës: Është UFO… e kapa, e kapa për Zotin e Madh!",100,short_61_120,0.0030323069640824096,0.9969676930359176,1,0.9969676930359176,likely_fake,True,correct
new_calibrated_svm,fake_1904,1904,1,fake,"E mbajti të fshehtë, zbulohet më në fund kush është i dashuri i Fifit",130,medium_121_250,0.027147594527970886,0.9728524054720291,1,0.9728524054720291,likely_fake,True,correct
new_calibrated_svm,fake_1906,1906,1,fake,Befason profesori italian: Ka një kurë që e Zhduk Koronavirusin brenda 48 orëve,826,long_gt_250,0.9381338383922817,0.06186616160771832,0,0.9381338383922817,likely_real,False,false_negative
new_calibrated_svm,fake_1912,1912,1,fake,"Konfirmohet frika e kancelares Merkel, kjo është duke ndodhur me COVID-19 në Gjermani",206,medium_121_250,0.8147626027101028,0.1852373972898972,0,0.8147626027101028,likely_real,False,false_negative
new_calibrated_svm,fake_1913,1913,1,fake,Nuk ua merr mendja sa e bukur është bashkëshortja e Gold Ag,130,medium_121_250,0.053980812810737855,0.9460191871892621,1,0.9460191871892621,likely_fake,True,correct
new_calibrated_svm,fake_1917,1917,1,fake,Hëna që ju zgjidhni tregon tipin e personit me të cilin do të dashuroheni,370,long_gt_250,0.7550335850992387,0.24496641490076126,0,0.7550335850992387,likely_real,False,false_negative
new_calibrated_svm,fake_1920,1920,1,fake,"Gjethet e limonit, zgjidhja natyrale për problemet me fytin, migrenën dhe astmën!",332,long_gt_250,0.34575257150524175,0.6542474284947583,1,0.6542474284947583,uncertain,True,correct
new_calibrated_svm,fake_1923,1923,1,fake,"Hoxha i njohur nga Peja: Shkuarja në diskotekë nuk është haram, unë vetëm kam qenë aty",129,medium_121_250,0.22328465713099255,0.7767153428690075,1,0.7767153428690075,likely_fake,True,correct
new_calibrated_svm,fake_1925,1925,1,fake,"Te gjithe Shqiptaret lene koken pas tyre, por ja se cfare nuk keni ditur per to, kur ta merrni vesh do t’i hani dhe me shume",472,long_gt_250,0.3801152259597239,0.6198847740402761,1,0.6198847740402761,uncertain,True,correct
new_calibrated_svm,fake_1928,1928,1,fake,Merrini gjethet e rrushit dhe ruajini ne ngrirje te frigoriferit dhe pervec japrakut ju do te beni dhe dicka tjeter fantastike,180,medium_121_250,0.12873208929249103,0.871267910707509,1,0.871267910707509,likely_fake,True,correct
new_calibrated_svm,fake_1931,1931,1,fake,Rezultoi 100% e suksesshme/ BE mbështet kurën izraelite kundër koronavirusit,171,medium_121_250,0.11548547102149431,0.8845145289785057,1,0.8845145289785057,likely_fake,True,correct
new_calibrated_svm,fake_1932,1932,1,fake,Flet mjekja shqiptare në Kanada: Si të trajtoni virusin në kushtet e shtëpisë,2376,long_gt_250,0.9991722709328119,0.0008277290671881119,0,0.9991722709328119,likely_real,False,false_negative
new_calibrated_svm,fake_1933,1933,1,fake,Erdogan vjen me një paralajmërim për mbarë njerëzimin,77,short_61_120,0.0015309472728587403,0.9984690527271413,1,0.9984690527271413,likely_fake,True,correct
new_calibrated_svm,fake_1935,1935,1,fake,TRAGJlKE: Këngëtarja e njohur humb tre familjarë në një ditë prej Korona Virus,103,short_61_120,0.03167603354773585,0.9683239664522642,1,0.9683239664522642,likely_fake,True,correct
new_calibrated_svm,fake_1938,1938,1,fake,"Nobelisti japonez shokon botën: Koronavirusi u prodhua nga Kina, asnjë prej miqve të mi në Wuhan s’ma hap telefonin",353,long_gt_250,0.40343497490324465,0.5965650250967554,1,0.5965650250967554,uncertain,True,correct
new_calibrated_svm,fake_1939,1939,1,fake,Vjosa Osmani ia dërgon një “selam” LDK-së pak ditë para votimit të Qeverisë së re..,146,medium_121_250,0.012913080387005671,0.9870869196129943,1,0.9870869196129943,likely_fake,True,correct
new_calibrated_svm,fake_1951,1951,1,fake,Peci: Ukaj i tha kryetares Osmani “Ule gishtin se ta fus në b*** e ta…!?”,189,medium_121_250,0.2541409784137638,0.7458590215862362,1,0.7458590215862362,likely_fake,True,correct
new_calibrated_svm,fake_1960,1960,1,fake,"LAJMI I FUNDIT: Ky eshte vendimi i Vjosa Osmanit, formon partin e re?",117,short_61_120,0.0026143685951068862,0.9973856314048931,1,0.9973856314048931,likely_fake,True,correct
new_calibrated_svm,fake_1963,1963,1,fake,"Me rrudha dhe e plakur, ‘Nermin’ nuk njihet më!",94,short_61_120,0.0001872328143206481,0.9998127671856794,1,0.9998127671856794,likely_fake,True,correct
new_calibrated_svm,fake_1967,1967,1,fake,"Lajm i madh sapo erdhi, nga Gjermania per Kosovën! URIMEE!",81,short_61_120,5.229378343618585e-05,0.9999477062165638,1,0.9999477062165638,likely_fake,True,correct
new_calibrated_svm,fake_1979,1979,1,fake,Lajm i madh sa erdhi nga Gjermani: Ja kur do të hiqen vizat për Kosovën! URIMEE!,118,short_61_120,0.0003314459443416462,0.9996685540556584,1,0.9996685540556584,likely_fake,True,correct
new_calibrated_svm,fake_1982,1982,1,fake,LAJMI I FUNDIT – Grenell merr kete vendim per Kosoven URIME !,106,short_61_120,0.00030020729549018466,0.9996997927045098,1,0.9996997927045098,likely_fake,True,correct
new_calibrated_svm,fake_1988,1988,1,fake,"E FUNDIT: Harrojeni Koronavirusin, Ngjarje e rende po ndodhe ne Kosove",79,short_61_120,0.003297549457448201,0.9967024505425518,1,0.9967024505425518,likely_fake,True,correct
new_calibrated_svm,fake_1991,1991,1,fake,Eskalon gjithqka Gashi- Vjosa Osmanit: A je normal…? – Reagon kryeparlamentarja,120,short_61_120,0.18381102303102326,0.8161889769689767,1,0.8161889769689767,likely_fake,True,correct
current_app_model,true_24,24,0,real,"Po, pajtohem me ambasadorin e ShBA-së",391,long_gt_250,0.9919205545662525,0.008079445433747551,0,0.9919205545662525,likely_real,True,correct
current_app_model,true_30,30,0,real,Zemaj: Testi për COVID-19 nuk u kërkohet qytetarëve që vijnë nga Shqipëria dhe Serbia,362,long_gt_250,0.9913100064631392,0.008689993536860851,0,0.9913100064631392,likely_real,True,correct
current_app_model,true_31,31,0,real,Mjeku shqiptar: Mos u ndjeni të mbrojtur apo supermenë vetëm se keni maskë!,175,medium_121_250,0.6722343428207591,0.32776565717924094,0,0.6722343428207591,uncertain,True,correct
current_app_model,true_33,33,0,real,LVV në Tiranë kundër ndryshimeve kushtetuese: Deformojnë vullnetin e qytetarëve dhe sistemin zgjedhor,488,long_gt_250,0.9802619265043876,0.019738073495612418,0,0.9802619265043876,likely_real,True,correct
current_app_model,true_45,45,0,real,BE demanton mediat serbe të cilat raportuan se Brukseli po i jep ultimatum Serbisë për Kosovën,213,medium_121_250,0.7275291929825651,0.2724708070174348,0,0.7275291929825651,likely_real,True,correct
current_app_model,true_46,46,0,real,"Reagon Mimoza Kusari për sulmin ndaj deputetit të VV-së: Kur ju iku marrja, ju iku edhe mendja e gënjejnë pa turp",118,short_61_120,0.39341145308129066,0.6065885469187093,1,0.6065885469187093,uncertain,False,false_positive
current_app_model,true_50,50,0,real,"Detyrim për test corone në Gjermani, por si funksionon ai?",775,long_gt_250,0.978418221724458,0.021581778275541995,0,0.978418221724458,likely_real,True,correct
current_app_model,true_57,57,0,real,"Hoti: Autobusët, taksitë dhe kombibusët do të punojnë me gjysmën e kapaciteteve",65,short_61_120,0.8172869792822157,0.18271302071778428,0,0.8172869792822157,likely_real,True,correct
current_app_model,true_60,60,0,real,33-vjeçarja e sëmurë u përdhunua nga fqinji/ Apeli prekës i vëllait,262,long_gt_250,0.9182836220356387,0.08171637796436121,0,0.9182836220356387,likely_real,True,correct
current_app_model,true_64,64,0,real,"Thaçi viziton familjen e Murat dhe Enver Halitit, ndan urdhërin “Hero i Kosovës”",148,medium_121_250,0.38101290719977576,0.6189870928002242,1,0.6189870928002242,uncertain,False,false_positive
current_app_model,true_66,66,0,real,Gjiganti turk bën gati ofertën zyrtare për djaloshin e Kosovës,209,medium_121_250,0.9529514704778721,0.04704852952212791,0,0.9529514704778721,likely_real,True,correct
current_app_model,true_68,68,0,real,Zemaj e konfirmon: Qytetarëve të Shqipërisë që hyjnë në Kosovë nuk u kërkohet testi Covid-19,190,medium_121_250,0.9228421620626791,0.0771578379373209,0,0.9228421620626791,likely_real,True,correct
current_app_model,true_70,70,0,real,"Nis Haxhi, BIK ka një njoftim për besimtarët myslimanë",199,medium_121_250,0.9231515441633834,0.07684845583661663,0,0.9231515441633834,likely_real,True,correct
current_app_model,true_71,71,0,real,"Çfarë kërkuan serbet në Rambuje, e çfarë po kërkon sot Serbia nga Kosova",245,medium_121_250,0.9184598093720395,0.08154019062796053,0,0.9184598093720395,likely_real,True,correct
current_app_model,true_77,77,0,real,Qeveria po na e bëjka varrimin kur të vdesim nga COVID-19...,127,medium_121_250,0.8772633791691726,0.12273662083082736,0,0.8772633791691726,likely_real,True,correct
current_app_model,true_79,79,0,real,Mësoni kush është bashkëshortja e Driton Selmanajt,171,medium_121_250,0.4159757274541471,0.5840242725458529,1,0.5840242725458529,uncertain,False,false_positive
current_app_model,true_100,100,0,real,Parashikon Albulena Haxhiu: Shpejt shihemi në zgjedhje të jashtëzakonshme,258,long_gt_250,0.951340126499862,0.04865987350013803,0,0.951340126499862,likely_real,True,correct
current_app_model,true_101,101,0,real,"Gjurmimi i COVID-19, cilat vende po e përjetojnë valën e dytë?",597,long_gt_250,0.9884287497208601,0.011571250279139822,0,0.9884287497208601,likely_real,True,correct
current_app_model,true_110,110,0,real,"Arbana Xharra: Erdogan ndërton xhami te ne, kurse në Serbi çon biznesmenë",270,long_gt_250,0.8581236956137432,0.14187630438625679,0,0.8581236956137432,likely_real,True,correct
current_app_model,true_112,112,0,real,"Masat kundër pandemisë, qeveria merr vendim edhe për çerdhet",74,short_61_120,0.8799390303886184,0.12006096961138159,0,0.8799390303886184,likely_real,True,correct
current_app_model,true_116,116,0,real,Shtyhet gjykimi ndaj të akuzuarve për vrasjen e rojës së lokalit “Bon Vivant”,1192,long_gt_250,0.9990642554674417,0.000935744532558248,0,0.9990642554674417,likely_real,True,correct
current_app_model,true_121,121,0,real,"Makiqi: Zotëri Hashani, kjo që e ke shkruar është rrena më e madhe! Qysh ki fytyrë...",973,long_gt_250,0.9827962321634351,0.01720376783656488,0,0.9827962321634351,likely_real,True,correct
current_app_model,true_124,124,0,real,Ja vendimet e fundit nga Qeveria e Kosovës për aktivitetet kulturore e sportive,101,short_61_120,0.7820320034947428,0.21796799650525717,0,0.7820320034947428,likely_real,True,correct
current_app_model,true_125,125,0,real,"Më në fund, Isa Mustafa e “pranoi” se e prishi koalicionin me VV-në",293,long_gt_250,0.7583240448628032,0.24167595513719675,0,0.7583240448628032,likely_real,True,correct
current_app_model,true_129,129,0,real,"Burri pranon vrasjen e gruas gjatë pushimeve në Francë, para se të merrte avionin për t’u kthyer",365,long_gt_250,0.9799698417540346,0.020030158245965383,0,0.9799698417540346,likely_real,True,correct
current_app_model,true_136,136,0,real,“Rrethohet Kuvendi i Kosovës - rrahën e shkallmohen në dajak - Deputetët e VV-së!?”,165,medium_121_250,0.9172143480515341,0.08278565194846585,0,0.9172143480515341,likely_real,True,correct
current_app_model,true_163,163,0,real,Kujtim Shala polemizon me Meliza Haradinajn,179,medium_121_250,0.9086136348496741,0.09138636515032596,0,0.9086136348496741,likely_real,True,correct
current_app_model,true_164,164,0,real,Flet zëvendëskryemistrja: Nuk do të ketë vendim që obligon qytetarët të vetizolohen pas kthimit nga Shqipëria,393,long_gt_250,0.9678894733071698,0.03211052669283024,0,0.9678894733071698,likely_real,True,correct
current_app_model,true_169,169,0,real,Deputetja Albena Reshitaj tregon se është shëruar nga koronavirusi,231,medium_121_250,0.8544433516795101,0.14555664832048984,0,0.8544433516795101,likely_real,True,correct
current_app_model,true_174,174,0,real,"Hashani: Aziz Makiqi, ku keni qenë ju gjatë okupimit?",181,medium_121_250,0.7254856662213591,0.27451433377864093,0,0.7254856662213591,likely_real,True,correct
current_app_model,true_176,176,0,real,"Ministri Reçica viziton OVL-në, të lejohet përfitimi i pensioneve",224,medium_121_250,0.9256319985855134,0.07436800141448663,0,0.9256319985855134,likely_real,True,correct
current_app_model,true_186,186,0,real,Aziz Makiqi: Disa njerëz në FHK kanë bërë çmos të mos na lejojnë t’i afrohemi Federatës,1091,long_gt_250,0.9981741014695239,0.0018258985304760815,0,0.9981741014695239,likely_real,True,correct
current_app_model,true_189,189,0,real,Novosti: Tri vende janë të gatshme të rishqyrtojnë vendimin për njohjen e Kosovës,183,medium_121_250,0.9302855894807779,0.0697144105192221,0,0.9302855894807779,likely_real,True,correct
current_app_model,true_195,195,0,real,Ky është deputeti i radhës nga Vetëvendosje i infektuar me COVID-19,97,short_61_120,0.739430897024508,0.26056910297549196,0,0.739430897024508,likely_real,True,correct
current_app_model,true_197,197,0,real,Kryetari i Prizrenit “ashpërsohet” me masat e Qeverisë,211,medium_121_250,0.948431655393476,0.051568344606524014,0,0.948431655393476,likely_real,True,correct
current_app_model,true_204,204,0,real,"A do të falet Kurban Bajrami në xhami? – Zemaj: Tubimet në masë, nga dita e nesërme do të ndalohen",197,medium_121_250,0.9011552203490965,0.09884477965090349,0,0.9011552203490965,likely_real,True,correct
current_app_model,true_211,211,0,real,Google merr vendimin e papritur për punonjësit e vet,158,medium_121_250,0.7684048507123536,0.23159514928764635,0,0.7684048507123536,likely_real,True,correct
current_app_model,true_212,212,0,real,"I moshuari nga Ferizaj akuzon shumë rëndë Thaçin dhe Veselin, kërkon të hiqet fotografia e tyre",118,short_61_120,0.2425319863235771,0.7574680136764229,1,0.7574680136764229,likely_fake,False,false_positive
current_app_model,true_213,213,0,real,"Tetë të vdekur e numër rekord rastesh të reja me COVID-19, vjen alarmi i zyrtarit të LDK-së: Gjendja është shumë serioze",212,medium_121_250,0.9677606603032926,0.032239339696707475,0,0.9677606603032926,likely_real,True,correct
current_app_model,true_219,219,0,real,"Policia ndalon ngjarjen, boksieri shqiptar nuk kursehet: Kush ma paguan...",429,long_gt_250,0.9781385879391271,0.02186141206087284,0,0.9781385879391271,likely_real,True,correct
current_app_model,true_221,221,0,real,"Emocionuese, mërgimtari takohet me prindërit pas pesë vitesh",151,medium_121_250,0.13458010807758214,0.8654198919224179,1,0.8654198919224179,likely_fake,False,false_positive
current_app_model,true_232,232,0,real,Këshilltari i Bidenit e vlerëson lart Thaçin,170,medium_121_250,0.5038424306063541,0.49615756939364586,0,0.5038424306063541,uncertain,True,correct
current_app_model,true_234,234,0,real,"“Oj e shkretë”, kështu Vjosa Osmani i përgjigjet Avdullah Hotit",177,medium_121_250,0.4896427905592864,0.5103572094407136,1,0.5103572094407136,uncertain,False,false_positive
current_app_model,true_238,238,0,real,Mehmeti: Hotin askush nuk e merr për seriozisht,236,medium_121_250,0.954792432671691,0.04520756732830896,0,0.954792432671691,likely_real,True,correct
current_app_model,true_240,240,0,real,Raporti evropian: Si e kapën shqiptarët tregun e drogës ne Evropë me çmime të ulëta dhe cilësi të lartë,1495,long_gt_250,0.9985455961000059,0.001454403899994021,0,0.9985455961000059,likely_real,True,correct
current_app_model,true_248,248,0,real,"Cubat e maleve, s'ka kush i bën bashkë?!",624,long_gt_250,0.24919140526097794,0.7508085947390221,1,0.7508085947390221,likely_fake,False,false_positive
current_app_model,true_252,252,0,real,"Flet Jakup Krasniqi pasi rezultoi pozitiv me Covid-19, tregon për gjendjen",108,short_61_120,0.7771333615266236,0.22286663847337634,0,0.7771333615266236,likely_real,True,correct
current_app_model,true_255,255,0,real,"Haradinaj: Nuk e di çfarë ka ndodhur në takimin Hoti-Vuçiq, por nuk besoj se Hoti bëri ndonjë tradhti",253,long_gt_250,0.793297127248406,0.20670287275159402,0,0.793297127248406,likely_real,True,correct
current_app_model,true_257,257,0,real,Si u bë feja islame kaq e ‘gjallë’ dhe atraktive!,990,long_gt_250,0.9904958088964968,0.009504191103503206,0,0.9904958088964968,likely_real,True,correct
current_app_model,true_262,262,0,real,Caktohet një muaj paraburgim për 40-vjeçarin që ia preu kokën babait me sëpatë në Fushë Kosovë,171,medium_121_250,0.8739208786200255,0.12607912137997448,0,0.8739208786200255,likely_real,True,correct
current_app_model,true_267,267,0,real,Driton Selmanaj jep lajmin e fundit për kompleksin memorial “Adem Jashari”,153,medium_121_250,0.7511373374592958,0.24886266254070422,0,0.7511373374592958,likely_real,True,correct
current_app_model,true_271,271,0,real,"BE ende pa vendim për rihapjen e kufijve, amerikanët pritet të përjashtohen",480,long_gt_250,0.9913991077686376,0.00860089223136239,0,0.9913991077686376,likely_real,True,correct
current_app_model,true_276,276,0,real,“Gazeta “Bota sot” shkatërron të këqijtë dhe përkrahë vlerat e përjetshme kombëtare”,223,medium_121_250,0.8624290419172617,0.13757095808273834,0,0.8624290419172617,likely_real,True,correct
current_app_model,true_282,282,0,real,"Zogaj: “Bota sot”, zëdhënëse e shqiptarëve për liri",797,long_gt_250,0.9972388875505122,0.0027611124494878714,0,0.9972388875505122,likely_real,True,correct
current_app_model,true_290,290,0,real,"Përdhunime, aborte… Detaje tronditëse, çfarë ndodh me gratë në burgjet e Koresë së Veriut",249,medium_121_250,0.9272928917350852,0.07270710826491476,0,0.9272928917350852,likely_real,True,correct
current_app_model,true_298,298,0,real,Pse këto salca janë më të famshmet në botë?,342,long_gt_250,0.9893188123574316,0.01068118764256843,0,0.9893188123574316,likely_real,True,correct
current_app_model,true_299,299,0,real,"“Kini mëshirë, dua të takoj fëmijët” Thirrja e të moshuarës shqiptare nga kampi sirian",191,medium_121_250,0.8076004502119735,0.19239954978802656,0,0.8076004502119735,likely_real,True,correct
current_app_model,true_301,301,0,real,Zvicra nuk e përjashton testimin e detyrueshëm në aeroporte,433,long_gt_250,0.9357521204324379,0.06424787956756209,0,0.9357521204324379,likely_real,True,correct
current_app_model,true_304,304,0,real,Llapi angazhon trajner nga Afrika e Jugut,324,long_gt_250,0.8861147682387223,0.1138852317612777,0,0.8861147682387223,likely_real,True,correct
current_app_model,true_306,306,0,real,"Pavarësisht masave kundër COVID-19, xhamitë mbeten të hapura, të premten falet namazi i Kurban Bajramit",282,long_gt_250,0.928298600974762,0.07170139902523798,0,0.928298600974762,likely_real,True,correct
current_app_model,true_307,307,0,real,"Shkuan t’i prangosin, por komisionerët kishin vdekur! Kreu i SPAK: Nuk ishin ç’regjistruar, hetimi ishte sekret",341,long_gt_250,0.9400602135240238,0.05993978647597619,0,0.9400602135240238,likely_real,True,correct
current_app_model,true_308,308,0,real,"Pesë muaj pasi u dogj në veturë, presidenti Thaçi e shpall hero Qerim Kelmendin",201,medium_121_250,0.584052616870938,0.415947383129062,0,0.584052616870938,uncertain,True,correct
current_app_model,true_317,317,0,real,Bastoret parashikojnë fituesin e Kupës së Kosovës,336,long_gt_250,0.9619412238899764,0.03805877611002363,0,0.9619412238899764,likely_real,True,correct
current_app_model,true_323,323,0,real,Lautaro Martinez shënon gol të çmendur kundër Napolit,65,short_61_120,0.4049091284274581,0.5950908715725419,1,0.5950908715725419,uncertain,False,false_positive
current_app_model,true_325,325,0,real,Ekskluzive: Flet protagonistja e videos virale “O shac”,293,long_gt_250,0.7207611889726453,0.27923881102735465,0,0.7207611889726453,likely_real,True,correct
current_app_model,true_332,332,0,real,"Goditje e rëndë për Arsenalin, Shkodran Mustafi mungon deri në tetor",163,medium_121_250,0.896872842829342,0.10312715717065807,0,0.896872842829342,likely_real,True,correct
current_app_model,true_343,343,0,real,"“Përplasje fizike LDK-VV në Kuvend”, Gashi mohon të ketë pasur incident",104,short_61_120,0.8820089373153465,0.11799106268465355,0,0.8820089373153465,likely_real,True,correct
current_app_model,true_345,345,0,real,"Fieraku lind me 6 gishta e probleme mendore, prindërit shpërthejnë në lot: Na dhunon, mos të ishin komshinjtë, sot do kishim 2 varre!",765,long_gt_250,0.9462524087212998,0.053747591278700164,0,0.9462524087212998,likely_real,True,correct
current_app_model,true_351,351,0,real,Lë punën shitësi që nuk bëri asnjë ditë pushim për 38 vite radhazi,200,medium_121_250,0.7673789257681402,0.23262107423185982,0,0.7673789257681402,likely_real,True,correct
current_app_model,true_352,352,0,real,"‘Do vriste katër persona’, policia aksion për kapjen e një të dënuari, në kërkim prej 5 vitesh. Ja ku u gjet",202,medium_121_250,0.9547269018220074,0.045273098177992674,0,0.9547269018220074,likely_real,True,correct
current_app_model,true_353,353,0,real,"Valbon Krasniqi: Jemi keq, i lus qytetarët të jenë të kujdesshëm",450,long_gt_250,0.9934224968532331,0.006577503146766896,0,0.9934224968532331,likely_real,True,correct
current_app_model,true_354,354,0,real,Aksident i rëndë në Prizren: Çiklisti goditet nga një veturë e cila e hedh disa metra larg,158,medium_121_250,0.7369177454614957,0.26308225453850437,0,0.7369177454614957,likely_real,True,correct
current_app_model,true_355,355,0,real,"Andy Ruiz reklamon transformimin, para kthimit në ring",162,medium_121_250,0.8048565769858602,0.19514342301413976,0,0.8048565769858602,likely_real,True,correct
current_app_model,true_362,362,0,real,Protestojnë artistët: Askush nuk mund ta rishkruajë Historinë e Kosovës,184,medium_121_250,0.5040908952985013,0.49590910470149874,0,0.5040908952985013,uncertain,True,correct
current_app_model,true_367,367,0,real,“100 € për shërbim ekstra” Si i zbuloi agjenti i infiltruar 3 qendra estetike prostitucioni,652,long_gt_250,0.9723111521632299,0.02768884783677001,0,0.9723111521632299,likely_real,True,correct
current_app_model,true_368,368,0,real,"“Gjuhen” me fjalë, Rina Balaj e Erza Jusaj",252,long_gt_250,0.9368128837503935,0.06318711624960653,0,0.9368128837503935,likely_real,True,correct
current_app_model,true_369,369,0,real,Haziri i ashpërson kritikat ndaj Hotit: Nuk jam kryetar për të numëruar të vdekurit nga Covid-19,266,long_gt_250,0.9735582406839524,0.026441759316047652,0,0.9735582406839524,likely_real,True,correct
current_app_model,true_375,375,0,real,"Nga abstenimi i Xhafës tek ‘mungesa’ e Elisës, si u votua për shkarkimin e Metës",198,medium_121_250,0.566965410438236,0.433034589561764,0,0.566965410438236,uncertain,True,correct
current_app_model,true_383,383,0,real,"Gjermania vendi më i pëlqyer në botë, lë pas SHBA, Kinën dhe Rusinë",230,medium_121_250,0.9330397197110298,0.06696028028897022,0,0.9330397197110298,likely_real,True,correct
current_app_model,true_384,384,0,real,"Edi Rama ia uron Lorik Canës ditëlindjen, paralajmëron bashkim kombëtar",451,long_gt_250,0.9726748182772234,0.027325181722776648,0,0.9726748182772234,likely_real,True,correct
current_app_model,true_394,394,0,real,Gjermania refuzon propozimin e Trumpit për lejimin e kthimit të Rusisë në Grupin G7,247,medium_121_250,0.7867270061920671,0.21327299380793288,0,0.7867270061920671,likely_real,True,correct
current_app_model,true_395,395,0,real,"Njihuni me fshatin ku paraja dhe pushteti nuk kanë vlerë, çdo gjë falas",272,long_gt_250,0.8942430001503997,0.10575699984960028,0,0.8942430001503997,likely_real,True,correct
current_app_model,true_412,412,0,real,"Ischinger lobon për heqjen e vizave, von Cramon i reagon: Mos harro t’ua thash këtë Macronit dhe Rutte’s",170,medium_121_250,0.30464163378531595,0.695358366214684,1,0.695358366214684,uncertain,False,false_positive
current_app_model,true_415,415,0,real,Takimi Vuçiq – Vahrleyi u zhvillua në zyrat e misionit serb – aty ishte libri që ka në titull fjalët “Kosova dhe Metohia”,165,medium_121_250,0.8396164977901681,0.16038350220983186,0,0.8396164977901681,likely_real,True,correct
current_app_model,true_417,417,0,real,"Vdesin 2 persona nga covid19 në Shqipëri, shkon në 53 numri i qytetarëve që kanë humbur jetën",87,short_61_120,0.7963604343796186,0.20363956562038146,0,0.7963604343796186,likely_real,True,correct
current_app_model,true_423,423,0,real,Kryeprokurori: Ende s’dihet nëse Agon Musliu bëri vetëvrasje apo dikush e shtyri në vrasje,424,long_gt_250,0.992373878049048,0.007626121950952027,0,0.992373878049048,likely_real,True,correct
current_app_model,true_428,428,0,real,Grenell lajmërohet për takimin në Washington: Kosova dhe Serbia duhet ta shfrytëzojnë këtë mundësi,205,medium_121_250,0.8372151844559177,0.16278481554408236,0,0.8372151844559177,likely_real,True,correct
current_app_model,true_430,430,0,real,"Labi: 87 vjeçares nga Istogu që mbeti e vetme 30 vjet më parë, pension 200 euro që prej sot",398,long_gt_250,0.9222609144416004,0.07773908555839959,0,0.9222609144416004,likely_real,True,correct
current_app_model,true_433,433,0,real,Kek super i butë – Shije e lehtë fantastike,449,long_gt_250,0.8323147541101724,0.1676852458898276,0,0.8323147541101724,likely_real,True,correct
current_app_model,true_434,434,0,real,​FSSHK kërkon në kuadër të rishikimit të buxhetit të aprovohet edhe shtesa në paga,192,medium_121_250,0.9184993373758383,0.08150066262416172,0,0.9184993373758383,likely_real,True,correct
current_app_model,true_439,439,0,real,"Dikur jetoi në shpellë, sot është një nga liderët më të fuqishëm në botë",1196,long_gt_250,0.9962303771478831,0.0037696228521168903,0,0.9962303771478831,likely_real,True,correct
current_app_model,true_451,451,0,real,"Kaq të rinjë prindërit e Taynes, sikur t’i kishte vëlla e motër",139,medium_121_250,0.8225217765459312,0.17747822345406883,0,0.8225217765459312,likely_real,True,correct
current_app_model,true_454,454,0,real,Disa arsye se përse nuk duhet të flini përmbys,210,medium_121_250,0.7825082172034696,0.21749178279653034,0,0.7825082172034696,likely_real,True,correct
current_app_model,true_463,463,0,real,"Gjyste Vulaj sfidon moshën, me foton e fundit la edhe njëherë nën hije vajzat e reja",113,short_61_120,0.3712093210783143,0.6287906789216857,1,0.6287906789216857,uncertain,False,false_positive
current_app_model,true_465,465,0,real,Zgjerimi i familjes? Milot Rashica flet për planet,70,short_61_120,0.169992115662158,0.830007884337842,1,0.830007884337842,likely_fake,False,false_positive
current_app_model,true_472,472,0,real,"Elsa, vajza e Safetes jo veç këngëtare, ky është profesioni tjetër i saj",118,short_61_120,0.8036448195044523,0.19635518049554768,0,0.8036448195044523,likely_real,True,correct
current_app_model,true_479,479,0,real,Mustafa i reagon VV-së: Akademik Kujtim Shala me dije…,168,medium_121_250,0.8322602797158716,0.16773972028412842,0,0.8322602797158716,likely_real,True,correct
current_app_model,true_480,480,0,real,Sa palë syza ka Leonora Jakupi,106,short_61_120,0.5064428577347935,0.49355714226520647,0,0.5064428577347935,uncertain,True,correct
current_app_model,true_481,481,0,real,Vjollca Haxhiu realizon foto të bukur në Dubai,77,short_61_120,0.5178545164461388,0.48214548355386116,0,0.5178545164461388,uncertain,True,correct
current_app_model,true_483,483,0,real,Ky burrë e ha specin më të djegës në botë pa pirë asgjë,133,medium_121_250,0.8563143389795722,0.14368566102042774,0,0.8563143389795722,likely_real,True,correct
current_app_model,true_486,486,0,real,Miss Valentina shfaqet superseksi me të zeza,62,short_61_120,0.6188478182858383,0.38115218171416165,0,0.6188478182858383,uncertain,True,correct
current_app_model,true_495,495,0,real,"‘Eh moj Sara Hoxha mbas 5 vitesh, kur ta kapësh duke të të tradhtuar këtë laper’",238,medium_121_250,0.5321704089415868,0.46782959105841315,0,0.5321704089415868,uncertain,True,correct
current_app_model,true_496,496,0,real,Në këto komuna janë konfirmuar 276 rastet e reja me koronavirus,113,short_61_120,0.8918800773244492,0.10811992267555086,0,0.8918800773244492,likely_real,True,correct
current_app_model,true_508,508,0,real,Trajneri i njohur shqiptar ndërron jetë shkaku i Koronavirusit,128,medium_121_250,0.45971778215415915,0.5402822178458409,1,0.5402822178458409,uncertain,False,false_positive
current_app_model,true_515,515,0,real,"Është 53 vjeç, por në këtë foto Eli Fara duket si një vajzë e re",102,short_61_120,0.8060353902836463,0.19396460971635368,0,0.8060353902836463,likely_real,True,correct
current_app_model,true_520,520,0,real,Cilat janë simptomat që tregojnë nëse e keni kaluar koronavirusin,272,long_gt_250,0.44910763961188604,0.550892360388114,1,0.550892360388114,uncertain,False,false_positive
current_app_model,true_527,527,0,real,Sa shumë kanë ndryshuar aktorët e serialit “Kloni”,134,medium_121_250,0.6900494920991853,0.30995050790081463,0,0.6900494920991853,uncertain,True,correct
current_app_model,true_528,528,0,real,"Një yll si Oriola Marashi, ndriçon edhe në mbrëmje",110,short_61_120,0.8610790447881378,0.13892095521186226,0,0.8610790447881378,likely_real,True,correct
current_app_model,true_530,530,0,real,Morena ‘rrëzohet’ në rrafsh,63,short_61_120,0.3479368094291432,0.6520631905708568,1,0.6520631905708568,uncertain,False,false_positive
current_app_model,true_531,531,0,real,"Ndërron jetë edhe një person i infektuar me Covid-19, nga Peja",57,very_short_le_60,0.7063643680498316,0.2936356319501684,0,0.7063643680498316,likely_real,True,correct
current_app_model,true_535,535,0,real,Loredana: Zemër ty a të ka marrë malli?,154,medium_121_250,0.9301353621305515,0.0698646378694485,0,0.9301353621305515,likely_real,True,correct
current_app_model,true_536,536,0,real,Arta Bajrami me çizme të gjata në pikë të verës,87,short_61_120,0.6009763967741459,0.3990236032258541,0,0.6009763967741459,uncertain,True,correct
current_app_model,true_539,539,0,real,"Bukë me vaj, djathë e domate, pushuesi ndan fotot modeste nga Spilleja: Kaq kemi mundësi…",166,medium_121_250,0.4099886853622732,0.5900113146377268,1,0.5900113146377268,uncertain,False,false_positive
current_app_model,true_544,544,0,real,"Besojeni ose jo, kjo ndërtesë nuk u shemb as me 300 kilogram tritol",72,short_61_120,0.3402360516650702,0.6597639483349298,1,0.6597639483349298,uncertain,False,false_positive
current_app_model,true_545,545,0,real,Zyrtarja e huaj: Gratë mund të mbesin shtatzëna nëse notojnë bashkë me burrat,203,medium_121_250,0.8255802798778887,0.17441972012211127,0,0.8255802798778887,likely_real,True,correct
current_app_model,true_553,553,0,real,MIloti e xhiron Edonën prapa kamerave,86,short_61_120,0.8952048607697752,0.10479513923022479,0,0.8952048607697752,likely_real,True,correct
current_app_model,true_555,555,0,real,Atletes i ndodh e papritura gjatë ushtrimeve në palestër,88,short_61_120,0.5941454569684423,0.4058545430315577,0,0.5941454569684423,uncertain,True,correct
current_app_model,true_556,556,0,real,"Vila e Esat pashë Toptanit, në fshatin Reth të Durrësit",283,long_gt_250,0.9731389330854351,0.026861066914564878,0,0.9731389330854351,likely_real,True,correct
current_app_model,true_571,571,0,real,Kështu e zuri babai i saj Shyhreten me të dashurin,212,medium_121_250,0.8158822348210415,0.18411776517895848,0,0.8158822348210415,likely_real,True,correct
current_app_model,true_573,573,0,real,"Thënie të Ibrahim Rugovës: Kokën mund të ma ndërrojnë, por mendimin kurrë!",461,long_gt_250,0.992039042811406,0.007960957188594043,0,0.992039042811406,likely_real,True,correct
current_app_model,true_580,580,0,real,"Dua Lipa lanson këngën e re, Tokyo e ‘Casa de Papel’ shkëlqen në videoklip",129,medium_121_250,0.7762494277561848,0.2237505722438152,0,0.7762494277561848,likely_real,True,correct
current_app_model,true_582,582,0,real,"Sërish viza gjermane për ata me kontratë pune, por edhe pengesa",1095,long_gt_250,0.987150168956049,0.012849831043951028,0,0.987150168956049,likely_real,True,correct
current_app_model,true_583,583,0,real,Covid-19 u merr jetën dy mjekëve kosovarë,241,medium_121_250,0.877176169872179,0.122823830127821,0,0.877176169872179,likely_real,True,correct
current_app_model,true_584,584,0,real,Adelina e tepron me fustanin e shkurtër,76,short_61_120,0.7250251948215085,0.27497480517849154,0,0.7250251948215085,likely_real,True,correct
current_app_model,true_585,585,0,real,"Sejdiu i gatshëm të kandidojë për president, nëse dorëhiqet Thaçi",152,medium_121_250,0.3391309197559028,0.6608690802440972,1,0.6608690802440972,uncertain,False,false_positive
current_app_model,true_586,586,0,real,Menjëherë fshijeni nësë ju vjen ky mesazh në telefon,206,medium_121_250,0.3203468229008736,0.6796531770991264,1,0.6796531770991264,uncertain,False,false_positive
current_app_model,true_592,592,0,real,"Kejvina bombastike, merr gjithë vëmendjen me paraqitjen e fundit!",90,short_61_120,0.26145766855816044,0.7385423314418396,1,0.7385423314418396,likely_fake,False,false_positive
current_app_model,true_600,600,0,real,Gjashtë simptomat të lehta të Coronavirust që duhet t’i dini,1467,long_gt_250,0.9989649822643528,0.0010350177356471485,0,0.9989649822643528,likely_real,True,correct
current_app_model,true_603,603,0,real,Krasniqi: Sot i kemi sjell para falimentimit të gjithë gastronomët e Kosovës,401,long_gt_250,0.982167003849518,0.017832996150481912,0,0.982167003849518,likely_real,True,correct
current_app_model,true_608,608,0,real,Pse duhet të konsumoni limon çdo ditë?,170,medium_121_250,0.8365447581843419,0.16345524181565804,0,0.8365447581843419,likely_real,True,correct
current_app_model,true_611,611,0,real,"E pabesueshme, por ky do jetë çmimi i vaksinës për trajtimin e Covid 19",187,medium_121_250,0.6888190777992783,0.3111809222007217,0,0.6888190777992783,uncertain,True,correct
current_app_model,true_612,612,0,real,A do të zgjatet leja për punëtorët nga Kosova në Gjermani?,163,medium_121_250,0.8512766903529505,0.14872330964704944,0,0.8512766903529505,likely_real,True,correct
current_app_model,true_614,614,0,real,Vjen edhe reagimi i Leonora Jakupit për ndërtimin e xhamisë në Prishtinë,75,short_61_120,0.8328746171557257,0.16712538284427425,0,0.8328746171557257,likely_real,True,correct
current_app_model,true_618,618,0,real,Haradinaj “godet” Hotin: Pse nuk e pyete edhe ti Vuçiqin a din shqip?,244,medium_121_250,0.4591230531231135,0.5408769468768865,1,0.5408769468768865,uncertain,False,false_positive
current_app_model,true_619,619,0,real,"Haradinaj paralajmëron prishjen e koalicionit, i pakënaqur me Kryeministrin Hoti",167,medium_121_250,0.46529533676991164,0.5347046632300884,1,0.5347046632300884,uncertain,False,false_positive
current_app_model,true_621,621,0,real,Isa Mustafa shërohet nga koronavirusi,140,medium_121_250,0.5370631495938936,0.4629368504061064,0,0.5370631495938936,uncertain,True,correct
current_app_model,true_629,629,0,real,Tetë anesteziologë të QKUK-së infektohen me koronavirus,436,long_gt_250,0.9954170003038364,0.004582999696163625,0,0.9954170003038364,likely_real,True,correct
current_app_model,true_631,631,0,real,4 mënyra natyrale si të largoni rrudhat nga fytyra,476,long_gt_250,0.637945298832288,0.36205470116771205,0,0.637945298832288,uncertain,True,correct
current_app_model,true_638,638,0,real,Vjen një lajm i mirë për veteranët e UÇK-së,132,medium_121_250,0.844922252261785,0.1550777477382151,0,0.844922252261785,likely_real,True,correct
current_app_model,true_652,652,0,real,Adea Pules i del kuki prej vendit,93,short_61_120,0.7059286297521,0.2940713702479,0,0.7059286297521,likely_real,True,correct
current_app_model,true_655,655,0,real,"Nëse i fsheh paratë në këto 8 vende, zëre se nuk i ke fare!",277,long_gt_250,0.6694274141763041,0.33057258582369586,0,0.6694274141763041,uncertain,True,correct
current_app_model,true_671,671,0,real,Kosova hiqet nga harta – Dua Lipa nënshkruan peticionin,100,short_61_120,0.5293939963396481,0.4706060036603518,0,0.5293939963396481,uncertain,True,correct
current_app_model,true_675,675,0,real,A është Fifi në lidhje? Përgjigjet këngëtarja,55,very_short_le_60,0.5831754449814359,0.41682455501856414,0,0.5831754449814359,uncertain,True,correct
current_app_model,true_679,679,0,real,"Duke punuar kopshtin, çifti gjen kasafortën me mijëra dollarë e stoli ari",146,medium_121_250,0.6856883804198797,0.3143116195801203,0,0.6856883804198797,uncertain,True,correct
current_app_model,true_680,680,0,real,Fitore Pacolli: Shpallja e gjendjes së jashtëzakonshme siç po ka dëshirë qeveria Hoti nuk është zgjidhje,394,long_gt_250,0.9794890973310534,0.020510902668946628,0,0.9794890973310534,likely_real,True,correct
current_app_model,true_694,694,0,real,Nora Istrefi më në fund merr një vendim në lidhje me Robertin,117,short_61_120,0.40830843406133166,0.5916915659386683,1,0.5916915659386683,uncertain,False,false_positive
current_app_model,true_702,702,0,real,Turku ia mbush dhomën me dhurata të shtrenjta Gentës,113,short_61_120,0.809612287419,0.19038771258099998,0,0.809612287419,likely_real,True,correct
current_app_model,true_713,713,0,real,Shkencëtaret kinez: Covid-19 u shfaq për herë të parë në Spanjë,234,medium_121_250,0.9451533756012815,0.054846624398718485,0,0.9451533756012815,likely_real,True,correct
current_app_model,true_721,721,0,real,Genci ia dedikon këto fjalë të bukura Enit me rastin e ditëlindjes,198,medium_121_250,0.928919296333531,0.07108070366646904,0,0.928919296333531,likely_real,True,correct
current_app_model,true_731,731,0,real,Kështu dukej Egzona para se të dashurohej me Albatritin,101,short_61_120,0.6147644549763019,0.38523554502369806,0,0.6147644549763019,uncertain,True,correct
current_app_model,true_744,744,0,real,Vajza e ish-kryeministrit Bajram Rexhepi nuk lejohet nga e ëma t’i hyjë politikës,229,medium_121_250,0.7108545216302158,0.28914547836978416,0,0.7108545216302158,likely_real,True,correct
current_app_model,true_745,745,0,real,Me këtë fustan del në park Qëndresa e Labit,89,short_61_120,0.4188287412242484,0.5811712587757516,1,0.5811712587757516,uncertain,False,false_positive
current_app_model,true_747,747,0,real,Endrit Thaçi reagon pasi Gjykata Speciale ngriti aktakuzë ndaj babait të tij,92,short_61_120,0.26586563402787067,0.7341343659721293,1,0.7341343659721293,likely_fake,False,false_positive
current_app_model,true_756,756,0,real,Angela Martini nuk i ndalë provokimet as në jaht,87,short_61_120,0.4835732266625118,0.5164267733374882,1,0.5164267733374882,uncertain,False,false_positive
current_app_model,true_758,758,0,real,Aq shumë iu ka rritur gjoksi sa që Oriola Marashi po e mban me duar,98,short_61_120,0.5792387109655873,0.4207612890344127,0,0.5792387109655873,uncertain,True,correct
current_app_model,true_760,760,0,real,Do të befasoheni se çfarë të vërtetash fshehen prapa serialeve turke,297,long_gt_250,0.9593853979898916,0.04061460201010834,0,0.9593853979898916,likely_real,True,correct
current_app_model,true_765,765,0,real,"Sasa e “O sa mirë” plotë jetë, vitet thjeshtë numra janë për të",57,very_short_le_60,0.34365639829874983,0.6563436017012502,1,0.6563436017012502,uncertain,False,false_positive
current_app_model,true_772,772,0,real,"Dhimbjet që mendoni se i keni nga dhëmbët, por në fakt kanë të bëjë me diçka tjetër",445,long_gt_250,0.8961801807831257,0.10381981921687433,0,0.8961801807831257,likely_real,True,correct
current_app_model,true_781,781,0,real,Reperja e njohur e publikon nga afër tatuazhin në pjesën e të pasmeve,105,short_61_120,0.8401960051145069,0.15980399488549316,0,0.8401960051145069,likely_real,True,correct
current_app_model,true_783,783,0,real,"“Nëntori i dytë”, ja pse u hoq pjesa kur Isa Boletini luftonte me serbët",1952,long_gt_250,0.9997686789874504,0.00023132101254961992,0,0.9997686789874504,likely_real,True,correct
current_app_model,true_786,786,0,real,Ekskluzive: Alfred Cako zbulon vaksinën e Covid19 që shkakton vdekje dhe ndalon lindjet,46,very_short_le_60,0.1077410576054636,0.8922589423945364,1,0.8922589423945364,likely_fake,False,false_positive
current_app_model,true_788,788,0,real,"Infekton 76 të ftuar me koronavirus babai i nuses, dasma kthehet në rast studimi",238,medium_121_250,0.753568875057868,0.24643112494213204,0,0.753568875057868,likely_real,True,correct
current_app_model,true_789,789,0,real,Ivanka Trump në secilën paraqitje pa sytjena,68,short_61_120,0.5779973977207691,0.4220026022792309,0,0.5779973977207691,uncertain,True,correct
current_app_model,true_793,793,0,real,"Trusti s’do pengojë tërheqjen e kursimeve, kompensimi nga qeveria jo për të gjithë",942,long_gt_250,0.9973947793581507,0.002605220641849358,0,0.9973947793581507,likely_real,True,correct
current_app_model,true_803,803,0,real,"Ambasada e SHBA-së në Kosovë apelon për kujdes, tubimi paqësor i LVV-së mund të bëhet i dhunshëm",263,long_gt_250,0.9826778926206058,0.017322107379394196,0,0.9826778926206058,likely_real,True,correct
current_app_model,true_808,808,0,real,"Avdyli i del në krahë Osmanit: Kur do flasim ne të vertetën, atëherë keni me mbetë pa fjalë",244,medium_121_250,0.34631416693619643,0.6536858330638036,1,0.6536858330638036,uncertain,False,false_positive
current_app_model,true_809,809,0,real,Gëzimja përgatit tortën më të bukur për vajzën,86,short_61_120,0.5441837824898488,0.4558162175101512,0,0.5441837824898488,uncertain,True,correct
current_app_model,true_825,825,0,real,"Pasi u propozua për kryeministër konsensual Murat Jashari, vjen edhe reagimi nga Familja Jashari",258,long_gt_250,0.65720979806306,0.34279020193694004,0,0.65720979806306,uncertain,True,correct
current_app_model,true_830,830,0,real,Vjosa Osmani mbështet masat e reja të Albin Kurtit kundër Serbisë,221,medium_121_250,0.6776739006408155,0.3223260993591845,0,0.6776739006408155,uncertain,True,correct
current_app_model,true_833,833,0,real,"Horoskopi, e shtunë 30 maj 2020",529,long_gt_250,0.9772816890699566,0.022718310930043357,0,0.9772816890699566,likely_real,True,correct
current_app_model,true_835,835,0,real,"Veton Surroi mbetet pa tekst, ky është reagimi i tij për aktgjykimin",115,short_61_120,0.2340340769071939,0.7659659230928061,1,0.7659659230928061,likely_fake,False,false_positive
current_app_model,true_856,856,0,real,​ Nesër në Bruksel mbahet takimi i ekspertëve,60,very_short_le_60,0.7230600024672273,0.2769399975327727,0,0.7230600024672273,likely_real,True,correct
current_app_model,true_858,858,0,real,Qeveria ua heq kartonin e gjelbër atyre që hyjnë në Kosovë,185,medium_121_250,0.9841724336539243,0.015827566346075704,0,0.9841724336539243,likely_real,True,correct
current_app_model,true_863,863,0,real,Ministri Zemaj komenton fotografin e Skender Hysenit pa maskë,223,medium_121_250,0.9862062104450628,0.013793789554937127,0,0.9862062104450628,likely_real,True,correct
current_app_model,true_875,875,0,real,"Granata e gjetur te vendpunishtja e Xhamisë së Madhe, e kohës së Luftës së Dytë Botërore",107,short_61_120,0.8824487853759443,0.11755121462405572,0,0.8824487853759443,likely_real,True,correct
current_app_model,true_880,880,0,real,"Shtyhet raportimi i Agim Veliut në Komisionin për Siguri, polemika mes deputetëve",356,long_gt_250,0.9762766000782892,0.023723399921710825,0,0.9762766000782892,likely_real,True,correct
current_app_model,true_887,887,0,real,"Vendet që morën nën kontroll pandeminë coronavirus, tani prapë po përballen me të",1294,long_gt_250,0.9994398499868773,0.0005601500131227407,0,0.9994398499868773,likely_real,True,correct
current_app_model,true_888,888,0,real,Debat i nxehtë në Komisionin për Punë të Jashtme - VIDEO,71,short_61_120,0.8817978086481297,0.11820219135187032,0,0.8817978086481297,likely_real,True,correct
current_app_model,true_889,889,0,real,Rrahjet mes deputetëve ndër vite në Kuvendin e Kosovës,721,long_gt_250,0.9972287029368563,0.0027712970631436876,0,0.9972287029368563,likely_real,True,correct
current_app_model,true_890,890,0,real,Qeveria heq dorë nga vendimi për izolimin e atyre që kthehen nga Shqipëria!,178,medium_121_250,0.9330444987412856,0.06695550125871436,0,0.9330444987412856,likely_real,True,correct
current_app_model,true_906,906,0,real,Oda Ekonomike kërkon të digjitalizohen disa shërbime dhe të licencohen laboratoret private,439,long_gt_250,0.957089586042657,0.04291041395734294,0,0.957089586042657,likely_real,True,correct
current_app_model,true_907,907,0,real,Prishtina edhe sot komuna me më së shumti raste me COVID-19,128,medium_121_250,0.9311660163154868,0.06883398368451323,0,0.9311660163154868,likely_real,True,correct
current_app_model,true_908,908,0,real,Arrestohet gjilanasi për mashtrim me shitje të banesës,95,short_61_120,0.9444298236361158,0.05557017636388417,0,0.9444298236361158,likely_real,True,correct
current_app_model,true_910,910,0,real,Fati i medias më të lexuar në Hungari Index në pikëpyetje pas largimit të shumicës së gazetarëve,349,long_gt_250,0.9560783737560707,0.0439216262439293,0,0.9560783737560707,likely_real,True,correct
current_app_model,true_917,917,0,real,"Hoti: Situata po përkeqësohet, stafi shëndetësor i FSK-së do të integrohet në Ministri të Shëndetësisë",271,long_gt_250,0.9955394094005002,0.004460590599499771,0,0.9955394094005002,likely_real,True,correct
current_app_model,true_931,931,0,real,Auditori: Policët ushtrojnë pozitat e punës në mospërputhje me gradat,382,long_gt_250,0.9950131489026572,0.004986851097342802,0,0.9950131489026572,likely_real,True,correct
current_app_model,true_938,938,0,real,Partia Socialiste tërhiqet nga shkarkimi i Ilir Metës,474,long_gt_250,0.9765263895512024,0.023473610448797613,0,0.9765263895512024,likely_real,True,correct
current_app_model,true_939,939,0,real,Philip Morris lejohet të komunikojë se IQOS redukton ekspozimin e dëmshëm,414,long_gt_250,0.9289028373482795,0.07109716265172054,0,0.9289028373482795,likely_real,True,correct
current_app_model,true_945,945,0,real,Rekord i ri me raste pozitive me COVID-19 në Kosovë,216,medium_121_250,0.9783873788947502,0.02161262110524975,0,0.9783873788947502,likely_real,True,correct
current_app_model,true_950,950,0,real,Hoti: Jemi në diskutime që rruga nacionale Prishtinë-Mitrovicë të shndërrohet në rrugë ndërkombëtare,263,long_gt_250,0.9338904085489537,0.06610959145104635,0,0.9338904085489537,likely_real,True,correct
current_app_model,true_965,965,0,real,VIDEO: Vetura zyrtare në vikend merr udhë për kositje të barit,85,short_61_120,0.8042775867228833,0.19572241327711676,0,0.8042775867228833,likely_real,True,correct
current_app_model,true_966,966,0,real,Pneumologu kosovar tregon si zhvillohet pneumonia te pacientët me COVID-19,620,long_gt_250,0.9960349912143207,0.003965008785679299,0,0.9960349912143207,likely_real,True,correct
current_app_model,true_974,974,0,real,Mbi 10 mijë të infektuar me COVID-19 në Maqedoninë e Veriut,148,medium_121_250,0.9908139418131948,0.009186058186805193,0,0.9908139418131948,likely_real,True,correct
current_app_model,true_975,975,0,real,VIDEO - Xhamia që u mbijetoi shekujve,465,long_gt_250,0.988648853838783,0.011351146161217011,0,0.988648853838783,likely_real,True,correct
current_app_model,true_979,979,0,real,Lihen në arrest shtëpiak policët e arrestuar për keqtrajtim të një të mituri,146,medium_121_250,0.931225703466901,0.06877429653309901,0,0.931225703466901,likely_real,True,correct
current_app_model,true_988,988,0,real,"Ilir Meta për Adem Demaçin: ""Mandela i Evropës"" dhe ""Saharovi"" ynë",320,long_gt_250,0.8905966899092117,0.10940331009078835,0,0.8905966899092117,likely_real,True,correct
current_app_model,true_991,991,0,real,Evropa ime: T'u tregojmë vendin elitave të korruptuara të Ballkanit Perëndimor,1084,long_gt_250,0.9975998642263778,0.0024001357736222234,0,0.9975998642263778,likely_real,True,correct
current_app_model,true_994,994,0,real,Ministria e Bujqësisë pagoi mbi 176 mijë euro për analiza që mund t'i kryente vetë,210,medium_121_250,0.9297814469192371,0.0702185530807628,0,0.9297814469192371,likely_real,True,correct
current_app_model,true_1005,1005,0,real,Alarmante - Rreth 3 mijë raste aktive me COVID-19 në Kosovë,219,medium_121_250,0.9946820919996056,0.005317908000394396,0,0.9946820919996056,likely_real,True,correct
current_app_model,true_1028,1028,0,real,Qeveria emëroi Bordin e përkohshëm i Telekomit të Kosovës,158,medium_121_250,0.9695719604371437,0.030428039562856377,0,0.9695719604371437,likely_real,True,correct
current_app_model,true_1034,1034,0,real,Xhamia më e vjetër në Prishtinë një dekadë restaurim,275,long_gt_250,0.9772182445633563,0.022781755436643732,0,0.9772182445633563,likely_real,True,correct
current_app_model,true_1037,1037,0,real,Osmani për Hotin: Duhet me hangër një thes kryp me dikë për me njoftë,186,medium_121_250,0.6200810290477679,0.3799189709522321,0,0.6200810290477679,uncertain,True,correct
current_app_model,true_1042,1042,0,real,Raport: Bandat nga Ballkani tani janë kthyer në kontrabandistë globalë,773,long_gt_250,0.9834158978285111,0.01658410217148891,0,0.9834158978285111,likely_real,True,correct
current_app_model,true_1054,1054,0,real,ORCA: 55% e profesorëve në UP nuk e justifikojnë titullin e tyre akademik,328,long_gt_250,0.937462166007292,0.06253783399270792,0,0.937462166007292,likely_real,True,correct
current_app_model,true_1055,1055,0,real,Boris Johnson: Kriza e COVID-19 përfundon nga mesi i vitit 2021,131,medium_121_250,0.6625942686084823,0.33740573139151775,0,0.6625942686084823,uncertain,True,correct
current_app_model,true_1064,1064,0,real,Thaçi nuk do dialog teknik me Serbinë,217,medium_121_250,0.920081581286549,0.07991841871345098,0,0.920081581286549,likely_real,True,correct
current_app_model,true_1076,1076,0,real,"Pas dy muajve, Maqedonia e Veriut me asnjë viktimë nga COVID-19",143,medium_121_250,0.9745755856140536,0.025424414385946472,0,0.9745755856140536,likely_real,True,correct
current_app_model,true_1079,1079,0,real,Hoti i shkruan letër Osmanit për raportimin në Kuvend pas takimit në Bruksel,90,short_61_120,0.9318287206646135,0.06817127933538643,0,0.9318287206646135,likely_real,True,correct
current_app_model,true_1081,1081,0,real,"Mësimi në shtator mund të fillojë nga ekrani, ekspertët rekomandojnë më shumë udhëzime",1082,long_gt_250,0.9993468740604642,0.0006531259395357629,0,0.9993468740604642,likely_real,True,correct
current_app_model,true_1084,1084,0,real,"Pas katër ditësh intervistim në Hagë, Thaçi kthehet sot në Kosovë",244,medium_121_250,0.9153171978888752,0.08468280211112482,0,0.9153171978888752,likely_real,True,correct
current_app_model,true_1085,1085,0,real,Teatri i Podujevës bëhet me aktorë rezidentë,163,medium_121_250,0.507215192986093,0.49278480701390703,0,0.507215192986093,uncertain,True,correct
current_app_model,true_1090,1090,0,real,"Incident në një port iranian, disa anije përfshihen nga zjarri",224,medium_121_250,0.9311830335876369,0.06881696641236314,0,0.9311830335876369,likely_real,True,correct
current_app_model,true_1092,1092,0,real,Mbi 13 milionë të infektuar me coronavirus në botë,466,long_gt_250,0.9990468803617955,0.0009531196382045068,0,0.9990468803617955,likely_real,True,correct
current_app_model,true_1101,1101,0,real,"Hoti e Vuçiq zhvillojnë sot takim virtual, rinis dialogu Kosovë-Serbi",212,medium_121_250,0.9465000129505674,0.053499987049432554,0,0.9465000129505674,likely_real,True,correct
current_app_model,true_1104,1104,0,real,Hoti paralajmëron shpalljen e gjendjes së jashtëzakonshme,285,long_gt_250,0.9266084473625675,0.07339155263743245,0,0.9266084473625675,likely_real,True,correct
current_app_model,true_1106,1106,0,real,Abazi: Ligji për COVID-19 u refuzua e Hoti drejt shpalljes së gjendjes së jashtëzakonshme,392,long_gt_250,0.941806118627779,0.05819388137222104,0,0.941806118627779,likely_real,True,correct
current_app_model,true_1108,1108,0,real,COVID-19: Vdes veterani i UÇK-së nga Malisheva,123,medium_121_250,0.9349816490161235,0.06501835098387652,0,0.9349816490161235,likely_real,True,correct
current_app_model,true_1117,1117,0,real,Anulohet udhëtimi i Thaçit për në Washington,113,short_61_120,0.30772867675334414,0.6922713232466559,1,0.6922713232466559,uncertain,False,false_positive
current_app_model,true_1119,1119,0,real,Zemaj: Gjashtë pacientë me COVID-19 janë në kujdes intensiv,89,short_61_120,0.9840786843277198,0.015921315672280178,0,0.9840786843277198,likely_real,True,correct
current_app_model,true_1121,1121,0,real,"Hoti raporton në Kuvend për dialogun: Ose do të ketë marrëveshje të mirë për Kosovën, ose s’do të ketë fare",297,long_gt_250,0.9925743896610103,0.007425610338989692,0,0.9925743896610103,likely_real,True,correct
current_app_model,true_1135,1135,0,real,"Kosova synon njohjen nga Serbia, nuk dëshiron kompromis",952,long_gt_250,0.9984663120426254,0.001533687957374614,0,0.9984663120426254,likely_real,True,correct
current_app_model,true_1138,1138,0,real,"Qeveritarët pa maska e me duarshtrëngime, përurojnë rrugën Deçan–Plavë - FOTO",288,long_gt_250,0.97845151467215,0.02154848532785006,0,0.97845151467215,likely_real,True,correct
current_app_model,true_1165,1165,0,real,Hoti nesër në Gjilan te kritikuesi i tij më i madh Lutfi Haziri,187,medium_121_250,0.9790616457243019,0.020938354275698155,0,0.9790616457243019,likely_real,True,correct
current_app_model,true_1174,1174,0,real,"Të hyrat në gjashtë muajt e parë ranë për 8 %, shpenzimet u rritën për 38.7 milionë euro",219,medium_121_250,0.9958379547052223,0.004162045294777667,0,0.9958379547052223,likely_real,True,correct
current_app_model,true_1179,1179,0,real,"Pini ilaçin e përgatitur vetë për ta shëruar diabetin, tipi 2",219,medium_121_250,0.8525251981950833,0.1474748018049167,0,0.8525251981950833,likely_real,True,correct
current_app_model,true_1180,1180,0,real,Vetëm në këtë kënd të shtëpisë së Kylie Jenner gjendet një pasuri e tërë,140,medium_121_250,0.9233008324216149,0.07669916757838517,0,0.9233008324216149,likely_real,True,correct
current_app_model,true_1183,1183,0,real,Sekreti i japonezëve për jetë të gjatë,212,medium_121_250,0.8015820850975688,0.19841791490243124,0,0.8015820850975688,likely_real,True,correct
current_app_model,true_1186,1186,0,real,Fansi i çmendur bën tatuazh në trup fytyrën e Noizyt!,119,short_61_120,0.9002275592776559,0.09977244072234417,0,0.9002275592776559,likely_real,True,correct
current_app_model,true_1191,1191,0,real,Infektohet edhe presidenti që tha se saunat dhe vodka janë ilaçe kundër Covid-19,155,medium_121_250,0.9406142708004771,0.059385729199522945,0,0.9406142708004771,likely_real,True,correct
current_app_model,true_1194,1194,0,real,Pezullimi i përpjekjeve për anëtarësim në mekanizma ndërkombëtarë gabim i pa falshëm i Qeverisë Hoti,675,long_gt_250,0.995277896885384,0.004722103114615916,0,0.995277896885384,likely_real,True,correct
current_app_model,true_1197,1197,0,real,Dalin fotot e Gymysh me fustan të bardhë - shikoni sa nuse e bukur është bërë,189,medium_121_250,0.9744684781740238,0.025531521825976154,0,0.9744684781740238,likely_real,True,correct
current_app_model,true_1199,1199,0,real,Jeni gati të shihni ndryshimin e radhës së Tayna-s?,177,medium_121_250,0.9165585256557579,0.08344147434424208,0,0.9165585256557579,likely_real,True,correct
current_app_model,true_1224,1224,0,real,"Situata me Covid-19, kryeministri Hoti kërkon të vërehet dora e fortë e shtetit",145,medium_121_250,0.9792277949211775,0.02077220507882245,0,0.9792277949211775,likely_real,True,correct
current_app_model,true_1226,1226,0,real,Super hiti është gati! Kënga e re e Encës dhe e Don Xhonit e ka një datë publikimi,82,short_61_120,0.48761505596238053,0.5123849440376195,1,0.5123849440376195,uncertain,False,false_positive
current_app_model,true_1230,1230,0,real,Rasheli do ua hapë sytë me këtë imazh,114,short_61_120,0.9813131770567889,0.018686822943211112,0,0.9813131770567889,likely_real,True,correct
current_app_model,true_1234,1234,0,real,Blero: Ky reper shqiptar është i preferuari im,155,medium_121_250,0.9110800478613428,0.08891995213865726,0,0.9110800478613428,likely_real,True,correct
current_app_model,true_1243,1243,0,real,Deputetja e Kuvendit të Kosovës Eliza Hoxha është shëruar nga koronavirusi,702,long_gt_250,0.9952053971402972,0.004794602859702756,0,0.9952053971402972,likely_real,True,correct
current_app_model,true_1245,1245,0,real,Pandora më në formë se kurrë feston ditëlindjen,82,short_61_120,0.965799483664762,0.034200516335238025,0,0.965799483664762,likely_real,True,correct
current_app_model,true_1246,1246,0,real,"Ja përse duhet të hani 1 thelb hudhër në esëll/ Bën mrekulli për organizmin, ja si",142,medium_121_250,0.5658356904139766,0.43416430958602337,0,0.5658356904139766,uncertain,True,correct
current_app_model,true_1260,1260,0,real,Receta çudibërëse me farat e lirit: Të dobësohemi shëndetshëm dhe sigurt,418,long_gt_250,0.9636872697470792,0.03631273025292079,0,0.9636872697470792,likely_real,True,correct
current_app_model,true_1266,1266,0,real,Receta e Cekës - Maregnore,244,medium_121_250,0.8277086920871257,0.17229130791287434,0,0.8277086920871257,likely_real,True,correct
current_app_model,true_1274,1274,0,real,Koronavirusi anulon festimet e Vitit të Ri,162,medium_121_250,0.9953246168618017,0.0046753831381983,0,0.9953246168618017,likely_real,True,correct
current_app_model,true_1275,1275,0,real,"Ç’do ndodhë me koronavirusin? OBSH në alarm, rritja e infektimeve po…",442,long_gt_250,0.9980311965781978,0.001968803421802125,0,0.9980311965781978,likely_real,True,correct
current_app_model,true_1279,1279,0,real,Çfarë misteri i pazgjidhur fshihet në mes të selisë së CIA?,590,long_gt_250,0.9963463511052579,0.0036536488947420467,0,0.9963463511052579,likely_real,True,correct
current_app_model,true_1285,1285,0,real,Prekëse: Kujdestari vishet bardhezi për t’ia plotësuar mungesën e nënës zebrës jetime,189,medium_121_250,0.9245382439159158,0.07546175608408423,0,0.9245382439159158,likely_real,True,correct
current_app_model,true_1290,1290,0,real,Aleksander Vuçiq: Dialogu i Brukselit po ndodhë nga dëshira e Brukselit për ta përjashtuar Amerikën,262,long_gt_250,0.9248311227852974,0.07516887721470261,0,0.9248311227852974,likely_real,True,correct
current_app_model,true_1291,1291,0,real,Kaçanikasi tenton t’i vrasë dy persona shkaku i një kontesti pronësor,249,medium_121_250,0.9890583427986926,0.010941657201307381,0,0.9890583427986926,likely_real,True,correct
current_app_model,true_1293,1293,0,real,"U bë me vajzë por dëshironte djalë – Burri vret veten, e shoqja pëson atak kardiak",118,short_61_120,0.4393792111108673,0.5606207888891327,1,0.5606207888891327,uncertain,False,false_positive
current_app_model,true_1302,1302,0,real,"OBSH: Rritje shqetësuese të rasteve nga coronavirusi në Ballkan, duhet të tregohemi vigjilentë",141,medium_121_250,0.9790492322931008,0.020950767706899222,0,0.9790492322931008,likely_real,True,correct
current_app_model,true_1311,1311,0,real,"E akuzuan për ndërhyrje në Gjykatë, Von Cramon ia kthen Enver Hoxhajt: Kjo s’ndodh në demokraci, ndoshta në vendin tuaj po",254,long_gt_250,0.8285415477500221,0.17145845224997794,0,0.8285415477500221,likely_real,True,correct
current_app_model,true_1314,1314,0,real,Ky është 22 vjeçari nga Peja që vdiq në aksidentin tragjik,94,short_61_120,0.8837915446803792,0.11620845531962078,0,0.8837915446803792,likely_real,True,correct
current_app_model,true_1320,1320,0,real,Shikoni çfarë vozitje të shpejtë i bën veturës 60-vjeçarja shqiptare,145,medium_121_250,0.4709504182019132,0.5290495817980868,1,0.5290495817980868,uncertain,False,false_positive
current_app_model,true_1324,1324,0,real,Turqia pezullon fluturimet shkaku i shtimit të rasteve të Covid-19,200,medium_121_250,0.9929375434020257,0.007062456597974318,0,0.9929375434020257,likely_real,True,correct
current_app_model,true_1325,1325,0,real,"Zemaj dhe Ramadani pushojnë sot, i cojnë me e-mail njoftimet për situatën 24 orëshe me COVID-19",135,medium_121_250,0.9935407027075751,0.006459297292424886,0,0.9935407027075751,likely_real,True,correct
current_app_model,true_1334,1334,0,real,"Tayna poston fotot provokuese dhe dërgon mesazhin, “Të josh dhe të bëj budalla, sa herë dua”",106,short_61_120,0.6952421067482852,0.3047578932517147,0,0.6952421067482852,uncertain,True,correct
current_app_model,true_1336,1336,0,real,Presidenti në aktakuzë para Gjykatës Speciale dhe dialogu me Serbinë e sfidojnë shtetësinë e Kosovës,309,long_gt_250,0.9915384268126679,0.008461573187332077,0,0.9915384268126679,likely_real,True,correct
current_app_model,true_1346,1346,0,real,Kështu e kujton Leonora babin në 22 vjetorin e vdekjes,75,short_61_120,0.8198836873366167,0.18011631266338335,0,0.8198836873366167,likely_real,True,correct
current_app_model,true_1351,1351,0,real,Receta e Cekës: Omletë me mollë,157,medium_121_250,0.45813252346844013,0.5418674765315599,1,0.5418674765315599,uncertain,False,false_positive
current_app_model,true_1365,1365,0,real,"Çdo natë para gjumit, pije këtë lëng dhe do largoni gjithçka nga barku, shkrin gjithë yndyrën, do t’ju heqi kilet e tepërta fare nga trupi",450,long_gt_250,0.7974329382677694,0.20256706173223055,0,0.7974329382677694,likely_real,True,correct
current_app_model,true_1371,1371,0,real,Ku ngeli Alba Hoxha?,77,short_61_120,0.861991451298384,0.138008548701616,0,0.861991451298384,likely_real,True,correct
current_app_model,true_1379,1379,0,real,Isufi: Nuk ka aktakuzë që mund ta njollosë luftën e UÇK’së,214,medium_121_250,0.9522993012930541,0.04770069870694591,0,0.9522993012930541,likely_real,True,correct
current_app_model,true_1382,1382,0,real,"Serwer: Aktakuza ndaj Thaçit e Veselit s’është personale, Kosova është në telashe",206,medium_121_250,0.6845448676655319,0.3154551323344681,0,0.6845448676655319,uncertain,True,correct
current_app_model,true_1385,1385,0,real,"Është mashtrim, qeveria e kombinimit politik LDK me partnerët e PAN-it nuk e bëjnë ligjin Vetting",579,long_gt_250,0.9928903901685404,0.0071096098314595525,0,0.9928903901685404,likely_real,True,correct
current_app_model,true_1395,1395,0,real,"Infektologu italian: Koronavirusi është dobësuar, ja kur pritet të zhduket",273,long_gt_250,0.974606283819809,0.025393716180191074,0,0.974606283819809,likely_real,True,correct
current_app_model,true_1396,1396,0,real,Cramon për vizat: Ja kur pritet liberalizimi final,310,long_gt_250,0.7126378566150509,0.2873621433849491,0,0.7126378566150509,likely_real,True,correct
current_app_model,true_1413,1413,0,real,Koronavirusi: Renditja e Kosovës krahas shteteve të rajonit,366,long_gt_250,0.9989001490618453,0.00109985093815466,0,0.9989001490618453,likely_real,True,correct
current_app_model,true_1415,1415,0,real,"Trump për John Bolton: Askush nuk e donte në Shtëpinë e Bardhë, dukej i çmendur",344,long_gt_250,0.9026100193248843,0.09738998067511573,0,0.9026100193248843,likely_real,True,correct
current_app_model,true_1420,1420,0,real,Haradinaj shkon i pari në takim me Avdullah Hotin,93,short_61_120,0.9259621389080185,0.07403786109198154,0,0.9259621389080185,likely_real,True,correct
current_app_model,true_1424,1424,0,real,Zbulohet e vërteta: Ja çfarë pritet të ndodhë më 27 qershor në Shtëpinë e Bardhë,524,long_gt_250,0.9730631063959408,0.02693689360405914,0,0.9730631063959408,likely_real,True,correct
current_app_model,true_1426,1426,0,real,Hoti i fton liderët e partive në zyrë për t’u koordinuar para udhëtimit në Washington,164,medium_121_250,0.9578334210065529,0.04216657899344709,0,0.9578334210065529,likely_real,True,correct
current_app_model,true_1432,1432,0,real,Zbulohet substanca që e ul vdekshmërinë e pacientëve me Covid-19,344,long_gt_250,0.9796256102388935,0.020374389761106452,0,0.9796256102388935,likely_real,True,correct
current_app_model,true_1434,1434,0,real,"Gati për të shijuar pushimet, Elita dhe Gjiko zgjedhin këtë destinacion brenda Shqipërisë",148,medium_121_250,0.839384693210185,0.16061530678981492,0,0.839384693210185,likely_real,True,correct
current_app_model,true_1441,1441,0,real,A është Nicki Minaj shtatzënë!,107,short_61_120,0.9256542335703908,0.07434576642960918,0,0.9256542335703908,likely_real,True,correct
current_app_model,true_1450,1450,0,real,Stërvitja e parë e Valon Berishës te Reims,88,short_61_120,0.3193959764480696,0.6806040235519304,1,0.6806040235519304,uncertain,False,false_positive
current_app_model,true_1451,1451,0,real,"Hoti e Hyseni presin në takim ambasadorët e QUINT-it, flasin për dialogun me Serbinë",218,medium_121_250,0.9620887461227076,0.0379112538772924,0,0.9620887461227076,likely_real,True,correct
current_app_model,true_1454,1454,0,real,Çavuşoğlu: Ajasofja është çështje e sovranitetit të Turqisë,188,medium_121_250,0.9527702533780901,0.047229746621909895,0,0.9527702533780901,likely_real,True,correct
current_app_model,true_1461,1461,0,real,"8 të vdekur nga koronavirusi brenda ditës në Kosovë, shkon në 177 numri i përgjithshëm i viktimave",65,short_61_120,0.8781280179017159,0.12187198209828407,0,0.8781280179017159,likely_real,True,correct
current_app_model,true_1465,1465,0,real,Lëngu i qepës së kuqe/ Kura natyrale për stomakun dhe alergjitë,340,long_gt_250,0.7465023440079215,0.2534976559920786,0,0.7465023440079215,likely_real,True,correct
current_app_model,true_1466,1466,0,real,"Bilanci i pandemisë në botë, mbi 16 milionë raste me COVID-19",283,long_gt_250,0.9975025693201223,0.002497430679877705,0,0.9975025693201223,likely_real,True,correct
current_app_model,true_1473,1473,0,real,"Certifikohen rezultatet zgjedhore, shqiptarët me 32 mandate në Kuvendin e Maqedonisë së Veriut",112,short_61_120,0.4709638785238166,0.5290361214761834,1,0.5290361214761834,uncertain,False,false_positive
current_app_model,true_1474,1474,0,real,Turqia reagon kundër djegies së flamurit turk në Greqi,341,long_gt_250,0.9925567941472956,0.0074432058527043755,0,0.9925567941472956,likely_real,True,correct
current_app_model,true_1475,1475,0,real,Policia izraelite arreston 3 fëmijë palestinezë në Kuds,129,medium_121_250,0.8882831783705407,0.11171682162945927,0,0.8882831783705407,likely_real,True,correct
current_app_model,true_1484,1484,0,real,Ndihma humanitare botërore e Turqisë përbën 26 për qind në vitin 2019,754,long_gt_250,0.9873475952132564,0.012652404786743615,0,0.9873475952132564,likely_real,True,correct
current_app_model,true_1488,1488,0,real,Breshka e detit e ndjekur nga shkencëtarët turq përmes satelitit përshkoi 5.500 kilometra për një vit,339,long_gt_250,0.9678882665909444,0.032111733409055626,0,0.9678882665909444,likely_real,True,correct
current_app_model,true_1492,1492,0,real,Vdes nga koronavirusi një 66-vjeçare në Spitalin e Pejës,203,medium_121_250,0.9748886526575304,0.025111347342469607,0,0.9748886526575304,likely_real,True,correct
current_app_model,true_1498,1498,0,real,"Isa Mustafa përkrah fuqishëm ndërtimin e Xhamisë, dënon protestën: Të krenohemi që jemi muslimanë",349,long_gt_250,0.9525547795758937,0.04744522042410624,0,0.9525547795758937,likely_real,True,correct
current_app_model,true_1503,1503,0,real,"Edhe 5 të vdekur nga Covid-19 në Kosovë, numri i përgjithshëm 144",111,short_61_120,0.9882879538176602,0.011712046182339838,0,0.9882879538176602,likely_real,True,correct
current_app_model,true_1511,1511,0,real,Nisin hetimet ndaj TikTok në Australi,178,medium_121_250,0.685332108209104,0.314667891790896,0,0.685332108209104,uncertain,True,correct
current_app_model,true_1513,1513,0,real,"“Vrisni një serb e ne do të vrasim 100 myslimanë”, Kurti kujton deklaratën famëkeqe të Vuçiqit",256,long_gt_250,0.5819115260686938,0.4180884739313062,0,0.5819115260686938,uncertain,True,correct
current_app_model,true_1519,1519,0,real,Sot pritet fillimi i testimeve serologjike për koronavirus,227,medium_121_250,0.9890474376279678,0.010952562372032251,0,0.9890474376279678,likely_real,True,correct
current_app_model,true_1531,1531,0,real,"Gjashtë nivelet në të cilat shfaqet koronavirusi, simptomat dhe pacientët më të rrezikuar",422,long_gt_250,0.8257791907530152,0.17422080924698485,0,0.8257791907530152,likely_real,True,correct
current_app_model,true_1533,1533,0,real,Apeli i IKSHPK-së: Mbani maskat dhe distancën fizike,399,long_gt_250,0.9734885439189894,0.026511456081010614,0,0.9734885439189894,likely_real,True,correct
current_app_model,true_1538,1538,0,real,Vdes gjyqtari Shashivar Hoti,115,short_61_120,0.876840988542894,0.12315901145710594,0,0.876840988542894,likely_real,True,correct
current_app_model,true_1542,1542,0,real,Shënohen edhe dy vdekje nga Covid-19 në Kosovë,177,medium_121_250,0.9448844997709963,0.05511550022900365,0,0.9448844997709963,likely_real,True,correct
current_app_model,true_1544,1544,0,real,Kur pritet t’u mundësohet qytetarëve tërheqja e parave nga Trusti?,209,medium_121_250,0.9354607119453742,0.06453928805462582,0,0.9354607119453742,likely_real,True,correct
current_app_model,true_1545,1545,0,real,​Apeli i IKSHPK-së: Vazhdoni të mbani distancën fizike dhe maskat,441,long_gt_250,0.9770316983704516,0.02296830162954847,0,0.9770316983704516,likely_real,True,correct
current_app_model,true_1547,1547,0,real,"Hoti deklarohet pas takimit me Vuçiq: Kemi bërë progres, besojmë në partnerët ndërkombëtarë",172,medium_121_250,0.9458046704000652,0.05419532959993476,0,0.9458046704000652,likely_real,True,correct
current_app_model,true_1551,1551,0,real,Kurti: Me qeverinë koti kriminelët dolën nga skutat,408,long_gt_250,0.9801686064162468,0.019831393583753177,0,0.9801686064162468,likely_real,True,correct
current_app_model,true_1552,1552,0,real,"Specialja e nis intervistimin, Presidenti nuk deklarohet për media",203,medium_121_250,0.8083011708256422,0.19169882917435777,0,0.8083011708256422,likely_real,True,correct
current_app_model,true_1556,1556,0,real,"Shqipëri, vazhdon rritja e rasteve me koronavirus",137,medium_121_250,0.9934942930884064,0.006505706911593549,0,0.9934942930884064,likely_real,True,correct
current_app_model,true_1557,1557,0,real,Maqedoni: Shqiptarët me 32 deputetë në Parlamentin,211,medium_121_250,0.8436624454464805,0.15633755455351944,0,0.8436624454464805,likely_real,True,correct
current_app_model,true_1563,1563,0,real,Kosova e para në Evropë për raste të reja me COVID-19 në dy javët e fundit,214,medium_121_250,0.9902469800896337,0.00975301991036624,0,0.9902469800896337,likely_real,True,correct
current_app_model,true_1564,1564,0,real,"Fillon ndërtimi i Xhamisë së Madhe në Prishtinë, Tërnava uron besimtarët",107,short_61_120,0.7260687802609971,0.2739312197390029,0,0.7260687802609971,likely_real,True,correct
current_app_model,true_1567,1567,0,real,"Policia mas 2 muajsh hetime zbulon 20 kg marihuanë, në pranga 5 persona",301,long_gt_250,0.9897875586360582,0.010212441363941867,0,0.9897875586360582,likely_real,True,correct
current_app_model,true_1568,1568,0,real,Vaksina kundër COVID-19 e testuar tek njerëzit tregon shenja të hershme të suksesit,277,long_gt_250,0.9662667918113378,0.033733208188662225,0,0.9662667918113378,likely_real,True,correct
current_app_model,true_1569,1569,0,real,Dita e tretë e intervistimit të presidentit Thaçi në Hagë,163,medium_121_250,0.6203617422761436,0.3796382577238564,0,0.6203617422761436,uncertain,True,correct
current_app_model,true_1574,1574,0,real,Në SHSKUK po trajtohen 268 pacientë me Covid-19,154,medium_121_250,0.9911545600665718,0.008845439933428213,0,0.9911545600665718,likely_real,True,correct
current_app_model,true_1593,1593,0,real,Fillon seanca e Kuvendit ku kryeministri Hoti do të raportojë para takimit të Uashingtonit,221,medium_121_250,0.907359111218776,0.09264088878122403,0,0.907359111218776,likely_real,True,correct
current_app_model,true_1594,1594,0,real,"Shqipëri, një i vdekur dhe 53 raste të reja me COVID-19",169,medium_121_250,0.9983414966002931,0.0016585033997068347,0,0.9983414966002931,likely_real,True,correct
current_app_model,true_1601,1601,0,real,Messi i gatshëm për ndeshjen e sotme ndaj Mallorcas,128,medium_121_250,0.774140363719743,0.225859636280257,0,0.774140363719743,likely_real,True,correct
current_app_model,true_1606,1606,0,real,Isa Mustafa: Atakimi i familjes së Vjosa Osmanit është neveritës,162,medium_121_250,0.6736770547590734,0.3263229452409266,0,0.6736770547590734,uncertain,True,correct
current_app_model,true_1609,1609,0,real,Thaçi reagon pas votimit të qeverisë: Ditë e rëndësishme për demokracinë,156,medium_121_250,0.7183420428452096,0.2816579571547903,0,0.7183420428452096,likely_real,True,correct
current_app_model,true_1610,1610,0,real,Kuvendi votoi Qeverinë Hoti,44,very_short_le_60,0.567779437216282,0.432220562783718,0,0.567779437216282,uncertain,True,correct
current_app_model,true_1611,1611,0,real,Wuhan-i “kryen me sukses” testimin e popullsisë për koronavirus,147,medium_121_250,0.9174257249571268,0.08257427504287322,0,0.9174257249571268,likely_real,True,correct
current_app_model,true_1613,1613,0,real,​Kryesia e Kuvendit sot vendos datën e seancës për votimin e Qeverisë Hoti,108,short_61_120,0.9125895862131672,0.08741041378683283,0,0.9125895862131672,likely_real,True,correct
current_app_model,true_1616,1616,0,real,Një i prekur me koronavirus në Infektivë në gjendje të rëndë,105,short_61_120,0.8924890276954348,0.10751097230456517,0,0.8924890276954348,likely_real,True,correct
current_app_model,true_1619,1619,0,real,"Mbi 2,3 milionë të shëruar nga COVID-19 në mbarë botën",109,short_61_120,0.9180166634821836,0.08198333651781636,0,0.9180166634821836,likely_real,True,correct
current_app_model,true_1622,1622,0,real,Mbi 12 mijë teste për COVID-19 në Kosovë,102,short_61_120,0.9851428954448775,0.014857104555122416,0,0.9851428954448775,likely_real,True,correct
current_app_model,true_1624,1624,0,real,Klopp thotë se Liverpooli do të jetë i gatshëm për rikthimin e lojës së bukur,223,medium_121_250,0.9079300073952893,0.09206999260471073,0,0.9079300073952893,likely_real,True,correct
current_app_model,true_1625,1625,0,real,"Britani, qentë do të trajnohen për të diagnostikuar personat me COVID-19",269,long_gt_250,0.953585140276664,0.04641485972333598,0,0.953585140276664,likely_real,True,correct
current_app_model,true_1641,1641,0,real,​17 milionë raste me COVID-19 në botë,100,short_61_120,0.8644999259231338,0.1355000740768662,0,0.8644999259231338,likely_real,True,correct
current_app_model,true_1647,1647,0,real,Sekuestrohen mbi 40 armë në një operacion në Prishtinë,139,medium_121_250,0.9727186677045268,0.0272813322954733,0,0.9727186677045268,likely_real,True,correct
current_app_model,true_1648,1648,0,real,Qeveria nuk u konsultua me KOK-un për ndalimin e aktiviteteve sportive,518,long_gt_250,0.9992474970540288,0.0007525029459712054,0,0.9992474970540288,likely_real,True,correct
current_app_model,true_1653,1653,0,real,​Veliu thotë se VV-ja pati tendenca që të pamundësohet raportimi në Komision,279,long_gt_250,0.9475699126480527,0.052430087351947284,0,0.9475699126480527,likely_real,True,correct
current_app_model,true_1655,1655,0,real,Janë bërë të ditura nominimet e shpërblimeve “Emmy”,304,long_gt_250,0.9573155521500673,0.04268444784993278,0,0.9573155521500673,likely_real,True,correct
current_app_model,true_1659,1659,0,real,Numër i vogël në pelegrinazhin e sivjetmë në Haxh,238,medium_121_250,0.9716681639186837,0.02833183608131627,0,0.9716681639186837,likely_real,True,correct
current_app_model,true_1660,1660,0,real,Finalja e Kupës – për një fund me dinjitet të edicionit të vështirë,716,long_gt_250,0.9911684864298282,0.008831513570171782,0,0.9911684864298282,likely_real,True,correct
current_app_model,true_1665,1665,0,real,Partitë shqiptare në Mal të Zi garojnë të ndara në zgjedhjet parlamentare,267,long_gt_250,0.9409416248641976,0.05905837513580241,0,0.9409416248641976,likely_real,True,correct
current_app_model,true_1667,1667,0,real,Mbretëria e Bashkuar largon Spanjën nga lista e udhëtimeve,189,medium_121_250,0.8482095490552075,0.15179045094479252,0,0.8482095490552075,likely_real,True,correct
current_app_model,true_1674,1674,0,real,Ish-ministri i Shëndetësisë: E pafalshme që kjo situatë abnormale të trajtohet si normale nga Qeveria,316,long_gt_250,0.9974473485903548,0.002552651409645235,0,0.9974473485903548,likely_real,True,correct
current_app_model,true_1675,1675,0,real,Leron Kurteshi sjell stilin urban në muzikë,135,medium_121_250,0.9246034290094219,0.07539657099057803,0,0.9246034290094219,likely_real,True,correct
current_app_model,true_1676,1676,0,real,Zvicra njofton për 132 raste të reja me COVID-19 e tre të vdekur,118,short_61_120,0.9766675175642586,0.02333248243574135,0,0.9766675175642586,likely_real,True,correct
current_app_model,true_1687,1687,0,real,Me rigon kundër infeksioneve dhe problemeve me fytin,307,long_gt_250,0.949334471124553,0.050665528875446966,0,0.949334471124553,likely_real,True,correct
current_app_model,true_1692,1692,0,real,"Bazeli, vendi ku lindi shkenca e halucinacioneve",569,long_gt_250,0.9894916546203816,0.010508345379618466,0,0.9894916546203816,likely_real,True,correct
current_app_model,true_1697,1697,0,real,"Katër gola në dy ndeshje, Ademi tregon sekretin e kthimit në formë",220,medium_121_250,0.9294607028894418,0.0705392971105582,0,0.9294607028894418,likely_real,True,correct
current_app_model,true_1698,1698,0,real,Rreth 200 shtretër kanë mbetur në dispozicion për trajtim të pacientëve me COVID-19,226,medium_121_250,0.9952228844316102,0.004777115568389756,0,0.9952228844316102,likely_real,True,correct
current_app_model,true_1700,1700,0,real,Këshilltari kryesor i Trumpit del pozitiv në COVID-19,115,short_61_120,0.9176982224490123,0.08230177755098769,0,0.9176982224490123,likely_real,True,correct
current_app_model,true_1711,1711,0,real,Grupi “3 Doors Down” do ta lansojë këngën e parë në pesë vjetët e fundit,345,long_gt_250,0.978865414824861,0.021134585175138942,0,0.978865414824861,likely_real,True,correct
current_app_model,true_1714,1714,0,real,Konfiskime të armëve në ahengje,145,medium_121_250,0.9885286510986777,0.01147134890132226,0,0.9885286510986777,likely_real,True,correct
current_app_model,true_1720,1720,0,real,Java e fundit e korrikut me mot të nxehtë,148,medium_121_250,0.98278222636378,0.017217773636219978,0,0.98278222636378,likely_real,True,correct
current_app_model,true_1729,1729,0,real,Në Fushë-Kosovë dyshohet se djali vrau babanë,174,medium_121_250,0.9648033315866531,0.03519666841334685,0,0.9648033315866531,likely_real,True,correct
current_app_model,true_1730,1730,0,real,Simptomat e COVID-19 ndahen në gjashtë grupe sipas një studimi,401,long_gt_250,0.9310920698040716,0.06890793019592846,0,0.9310920698040716,likely_real,True,correct
current_app_model,true_1732,1732,0,real,​Ekzekutohen pagesat e pakos emergjente për masën 3a për 7241 përfitues,83,short_61_120,0.9276210274391938,0.07237897256080612,0,0.9276210274391938,likely_real,True,correct
current_app_model,true_1737,1737,0,real,"Buxhovi: LDK-së i duhen reforma, Osmani duhet të qëndrojë",2091,long_gt_250,0.9995121032933498,0.0004878967066501421,0,0.9995121032933498,likely_real,True,correct
current_app_model,true_1738,1738,0,real,Shpërblehen sekretarët që ia punësuan renë Mustafës dhe dhëndrin Limajt,302,long_gt_250,0.9384600525501544,0.061539947449845575,0,0.9384600525501544,likely_real,True,correct
current_app_model,true_1740,1740,0,real,Konsiderohet e dëmshme rizgjedhja e Thaçit edhe për një mandat,179,medium_121_250,0.9569063848563855,0.04309361514361455,0,0.9569063848563855,likely_real,True,correct
current_app_model,true_1742,1742,0,real,"Vuçiqi takohet me Lajçakun, pranon se temat janë të dhimbshme dhe se kompromisi nuk është i lehtë",339,long_gt_250,0.9898503751453144,0.010149624854685626,0,0.9898503751453144,likely_real,True,correct
current_app_model,true_1746,1746,0,real,Haradinaj ia kishte ndarë Mustafës mbi 24 mijë euro në emër të pagës retroaktive,340,long_gt_250,0.8806562726776466,0.11934372732235342,0,0.8806562726776466,likely_real,True,correct
current_app_model,true_1755,1755,0,real,Tayna u ndërton shtëpi të re prindërve të saj,188,medium_121_250,0.826626576573562,0.17337342342643802,0,0.826626576573562,likely_real,True,correct
current_app_model,true_1757,1757,0,real,Qeveria mbulon shpenzimet e Kartonit të Gjelbër për bashkatdhetarët deri në fund të këtij viti,268,long_gt_250,0.9888240759385285,0.011175924061471443,0,0.9888240759385285,likely_real,True,correct
current_app_model,true_1767,1767,0,real,"Hoti: Kemi hyrë në valën e dytë të pandemisë COVID-19, të aktivizohet Plani i reagimit kombëtar",263,long_gt_250,0.9916254612091817,0.00837453879081834,0,0.9916254612091817,likely_real,True,correct
current_app_model,true_1768,1768,0,real,Qeveria ndan nga 300 euro për mantelbardhët,118,short_61_120,0.916825372894756,0.08317462710524398,0,0.916825372894756,likely_real,True,correct
current_app_model,true_1783,1783,0,real,"Khabib – Gaethje, caktohet përfundimisht data për meçin e zjarrtë",123,medium_121_250,0.8180120073138002,0.18198799268619975,0,0.8180120073138002,likely_real,True,correct
current_app_model,true_1785,1785,0,real,"​Ndalohen të gjitha veprimtaritë fetare, nuk lejohet as therja e kafshëve në shtëpi",161,medium_121_250,0.8870990632393995,0.11290093676060049,0,0.8870990632393995,likely_real,True,correct
current_app_model,true_1790,1790,0,real,Gazmend Gjyshinca: Kujtim Shala dhe Arben Gashi më ngrehen nga krahu dhe më thanë budalla,352,long_gt_250,0.9914002174512622,0.00859978254873778,0,0.9914002174512622,likely_real,True,correct
current_app_model,true_1795,1795,0,real,Fauci thotë se përgjigja mbi vaksinën për COVID-19 mund të vijë në ‘tetor ose nëntor’,245,medium_121_250,0.9502863663337429,0.04971363366625713,0,0.9502863663337429,likely_real,True,correct
current_app_model,true_1799,1799,0,real,Një grua në TikTok ndau një truk që ndihmon për gjetjen e xhinseve të duhura,234,medium_121_250,0.9051502784829283,0.09484972151707173,0,0.9051502784829283,likely_real,True,correct
current_app_model,true_1804,1804,0,real,"Lëvoret e shalqirit, të mbushura me produkte ushqyese",219,medium_121_250,0.7680356222460454,0.2319643777539546,0,0.7680356222460454,likely_real,True,correct
current_app_model,true_1811,1811,0,real,Deputetja Eliza Hoxha rrëfen përvojën dhe betejën me COVID-19,657,long_gt_250,0.9938682407061176,0.00613175929388248,0,0.9938682407061176,likely_real,True,correct
current_app_model,true_1814,1814,0,real,Ish-lojtari i Ballkanit ndërron jetë nga COVID-19,156,medium_121_250,0.9637890910668236,0.03621090893317631,0,0.9637890910668236,likely_real,True,correct
current_app_model,true_1815,1815,0,real,"Qeveria me masa të reja për kopshtet, gastronominë e fusha tjera",130,medium_121_250,0.9664194698689478,0.033580530131052236,0,0.9664194698689478,likely_real,True,correct
current_app_model,true_1819,1819,0,real,"Shkretëtira shndërrohet në varrezë, skena rrëqethëse nga Iraku",220,medium_121_250,0.9612679247589314,0.038732075241068635,0,0.9612679247589314,likely_real,True,correct
current_app_model,true_1820,1820,0,real,"Ka filluar të mbahet gara robotikës “First Global Challenge”, Kosova kryeson në listë",163,medium_121_250,0.9056200896449614,0.09437991035503855,0,0.9056200896449614,likely_real,True,correct
current_app_model,true_1826,1826,0,real,Si lindi sfondi më i famshëm kompjuterik i të gjitha kohërave – dhe ja si duket tani vendi ku u bë fotografia,421,long_gt_250,0.9871728381727193,0.012827161827280723,0,0.9871728381727193,likely_real,True,correct
current_app_model,true_1832,1832,0,real,"Kina raporton numrin më të madh të rasteve me coronavirus, që nga fundi i shpërthimit të Wuhan",170,medium_121_250,0.962413729828041,0.03758627017195905,0,0.962413729828041,likely_real,True,correct
current_app_model,true_1834,1834,0,real,"Gastronomët ia ‘dorëzojnë çelësat’ Qeverisë së Kosovës, kërkojnë përkrahje institucionale",170,medium_121_250,0.9851461019983886,0.014853898001611403,0,0.9851461019983886,likely_real,True,correct
current_app_model,true_1839,1839,0,real,Horoskopi javor për periudhën nga 27 korrik – 03 gusht,1619,long_gt_250,0.9961898623154308,0.003810137684569115,0,0.9961898623154308,likely_real,True,correct
current_app_model,true_1848,1848,0,real,Mustafa: Dialogu është krejtësisht politik dhe rezulton me marrëveshje politike ndërshtetërore për njohje reciproke,255,long_gt_250,0.9188203101172782,0.08117968988272185,0,0.9188203101172782,likely_real,True,correct
current_app_model,true_1853,1853,0,real,Sabri Fejzullahu përkujton veprimtarin Adem Demaçi në dyvjetorin e vdekjes së tij,141,medium_121_250,0.6077174181658489,0.3922825818341511,0,0.6077174181658489,uncertain,True,correct
current_app_model,true_1861,1861,0,real,A mund të vetëkallet më lehtë vetura që ka aparat klime?,202,medium_121_250,0.972914595950453,0.027085404049546985,0,0.972914595950453,likely_real,True,correct
current_app_model,true_1873,1873,0,real,DailyMail shkruan për nënën e Rita Orës: 56-vjeçarja Vera që rrëmben vëmendjen me paraqitjet e saj me bikini në plazh,245,medium_121_250,0.9804563336591751,0.019543666340824915,0,0.9804563336591751,likely_real,True,correct
current_app_model,true_1874,1874,0,real,FSK blen automjete të blinduara nga Ushtria amerikane,92,short_61_120,0.8350426273813217,0.1649573726186783,0,0.8350426273813217,likely_real,True,correct
current_app_model,true_1885,1885,0,real,Çaji i zakonshëm i nenexhikut – Ilaç universal i gjyshes që vërtet është i fuqishëm!,588,long_gt_250,0.9778124817267756,0.02218751827322442,0,0.9778124817267756,likely_real,True,correct
current_app_model,true_1894,1894,0,real,Në Spitalin e Pejës dje ka vdekur një pacient me COVID-19,137,medium_121_250,0.9905008547984399,0.00949914520156012,0,0.9905008547984399,likely_real,True,correct
current_app_model,true_1898,1898,0,real,Djersitja është dukuri shumë më e ndërlikuar seç mendoni,695,long_gt_250,0.9903095850553847,0.009690414944615356,0,0.9903095850553847,likely_real,True,correct
current_app_model,true_1904,1904,0,real,Këto vende ishin model i suksesit në luftën ndaj coronavirusit – por nuk janë më!,917,long_gt_250,0.9995754461902636,0.00042455380973639706,0,0.9995754461902636,likely_real,True,correct
current_app_model,true_1906,1906,0,real,"Fansi e quajti lojtar ‘shumë të mbivlerësuar’, Toni Kross i përgjigjet në mënyrë epike",281,long_gt_250,0.979294104483209,0.020705895516791063,0,0.979294104483209,likely_real,True,correct
current_app_model,true_1912,1912,0,real,Rastet e reja me coronavirus – 91 vetëm në Prishtinë,284,long_gt_250,0.9728834395376205,0.027116560462379532,0,0.9728834395376205,likely_real,True,correct
current_app_model,true_1913,1913,0,real,Rita Ora në lidhje serioze me Roman Gavras,133,medium_121_250,0.6916850750663108,0.3083149249336891,0,0.6916850750663108,uncertain,True,correct
current_app_model,true_1917,1917,0,real,"Dua Lipa në frymë patriotike, publikon flamurin ‘Autochthonous’ dhe kuptimin e fjalës",157,medium_121_250,0.8703311465889372,0.12966885341106282,0,0.8703311465889372,likely_real,True,correct
current_app_model,true_1920,1920,0,real,LVV reagon pas akuzave të PDK-së për Telekomin: Sejdi Hoxha i ka kushtuar Postës mbi 50 mijë euro për dy vite,385,long_gt_250,0.9024270813571168,0.09757291864288319,0,0.9024270813571168,likely_real,True,correct
current_app_model,true_1923,1923,0,real,"Shpërndau lajmin se ka vdekur Isa Mustafa, policia arreston të dyshuarin",149,medium_121_250,0.967512282747899,0.032487717252100944,0,0.967512282747899,likely_real,True,correct
current_app_model,true_1925,1925,0,real,Florentino Perez thotë se Benzema duhet ta fitojë Topin e Artë këtë vit,177,medium_121_250,0.9740951582155051,0.025904841784494943,0,0.9740951582155051,likely_real,True,correct
current_app_model,true_1928,1928,0,real,Përfundon takimi Hoti-Vuçiq në Bruksel,364,long_gt_250,0.986458767195623,0.013541232804377048,0,0.986458767195623,likely_real,True,correct
current_app_model,true_1931,1931,0,real,Magjia verore në ETC vjen me zbritje deri në 50%,292,long_gt_250,0.6697823605241303,0.3302176394758697,0,0.6697823605241303,uncertain,True,correct
current_app_model,true_1932,1932,0,real,Nipi i Elvis Presleyt është emri më i ri që i bashkohet listës së yjeve që nuk iu shmangën mallkimit të “Klubit 27”,435,long_gt_250,0.9886656990700653,0.011334300929934682,0,0.9886656990700653,likely_real,True,correct
current_app_model,true_1933,1933,0,real,Haradinaj: Aktakuzat ndaj Thaçit dhe Veselit janë goditje ndaj lirisë së Kosovës,431,long_gt_250,0.9445040000217532,0.0554959999782468,0,0.9445040000217532,likely_real,True,correct
current_app_model,true_1935,1935,0,real,Haradinaj: Nëse konfirmohen akuzat ndaj Thaçit e Veselit Kosova rrezikon të dëmtohet rëndë,155,medium_121_250,0.26500173844039865,0.7349982615596014,1,0.7349982615596014,likely_fake,False,false_positive
current_app_model,true_1938,1938,0,real,"Kjo është sasia e mjaftueshme e ujit, të cilin duhet ta konsumojmë për të qenë të shëndetshëm",428,long_gt_250,0.8021152756739948,0.1978847243260052,0,0.8021152756739948,likely_real,True,correct
current_app_model,true_1939,1939,0,real,Kendall Jenner vë në pah të pasmet në imazhet e fundit me të brendshme,153,medium_121_250,0.9672336018510272,0.03276639814897273,0,0.9672336018510272,likely_real,True,correct
current_app_model,true_1951,1951,0,real,Jakupi: Edhe Kosova do të bëjë përpjekje për të siguruar disa doza të ilaçit që trajton pacientët me COVID-19,212,medium_121_250,0.972892186947678,0.027107813052322016,0,0.972892186947678,likely_real,True,correct
current_app_model,true_1960,1960,0,real,Ledri Vula rrëfen historinë me Sara Hoxhën dhe planet për t’u bërë baba,305,long_gt_250,0.9731022381643974,0.026897761835602548,0,0.9731022381643974,likely_real,True,correct
current_app_model,true_1963,1963,0,real,Sadio Mane mezi ka pritur të rifillojë Liga Premier – senegalezi harroi se duhet gjunjëzuar në shenjë nderimi për “Black Lives Matter”,170,medium_121_250,0.9190700973065805,0.0809299026934195,0,0.9190700973065805,likely_real,True,correct
current_app_model,true_1966,1966,0,real,Viola von Cramon shpreson se kosovarëve do t’iu hiqen vizat kur Gjermania ta marrë Presidencën,205,medium_121_250,0.4913152677400703,0.5086847322599297,1,0.5086847322599297,uncertain,False,false_positive
current_app_model,true_1967,1967,0,real,Vuçiq: Nga Lavrovi pranova informata shqetësuese për çështjen e Kosovës,142,medium_121_250,0.858217476804202,0.14178252319579798,0,0.858217476804202,likely_real,True,correct
current_app_model,true_1979,1979,0,real,WhatsApp do t’ju lejojë të përdorni të njëjtën llogari deri në katër pajisje,92,short_61_120,0.5963431351907367,0.4036568648092633,0,0.5963431351907367,uncertain,True,correct
current_app_model,true_1982,1982,0,real,"Labinot Tahiri reagon i revoltuar: Kjo është një gënjeshtër, le të më dërgojnë në burg mua dhe gjithë estradën",216,medium_121_250,0.9299431031425132,0.07005689685748678,0,0.9299431031425132,likely_real,True,correct
current_app_model,true_1988,1988,0,real,Konjufca: Mustafa përsëri do t’ia bëjë votat Thaçit për president,217,medium_121_250,0.4498251475408481,0.5501748524591519,1,0.5501748524591519,uncertain,False,false_positive
current_app_model,true_1991,1991,0,real,"Kylie Jenner etiketohet si raciste, kryqëzohet nga fansat pasi vetëm 13 për qind e punonjësve në markën e saj janë njerëz me ngjyrë",272,long_gt_250,0.9077590198252298,0.09224098017477021,0,0.9077590198252298,likely_real,True,correct
current_app_model,fake_24,24,1,fake,"Askush Nuk Po E Besonte Që Kjo Ka’fshë Është Në Këtë Vend, Banorët Janë Mbledhur Dhe… VIDEO",66,short_61_120,0.0010994221906487356,0.9989005778093513,1,0.9989005778093513,likely_fake,True,correct
current_app_model,fake_30,30,1,fake,Vallëzimi I Nuses Në Dasmën E Saj Po Mahnitë Të Gjithë Në Rrjetet Sociale,72,short_61_120,0.3375779603258334,0.6624220396741666,1,0.6624220396741666,uncertain,True,correct
current_app_model,fake_31,31,1,fake,"Babai Merr Dy Ditë Leje Për Lindjen E Fëmijes, Kur Papritur I Vjen Nje Mesazh Nga Shefi I Tij Që E Lë Pa M,End",112,short_61_120,0.0828191948879271,0.9171808051120729,1,0.9171808051120729,likely_fake,True,correct
current_app_model,fake_33,33,1,fake,Njihuni Me Shqiptarën E Parë Që U Bë Milionere Me Bitcoin (FOTO),213,medium_121_250,0.28937353580321423,0.7106264641967858,1,0.7106264641967858,likely_fake,True,correct
current_app_model,fake_45,45,1,fake,"Nisi Procesi Për Punë Sezonale Në Itali, Ja Sa Shqiptarë Mund Të Përfitojnë Punë Bashkë Me Leje Qëndrimi",78,short_61_120,0.17084103250494276,0.8291589674950572,1,0.8291589674950572,likely_fake,True,correct
current_app_model,fake_46,46,1,fake,"Rasti i rralle qe emocjonoi gjithe boten,i biri pa duar ushqen nenen e paralizuar (Video)",107,short_61_120,0.010808765446159496,0.9891912345538405,1,0.9891912345538405,likely_fake,True,correct
current_app_model,fake_50,50,1,fake,EKSLUZIVE:Rasheli Tregon Pa Dorashka Arsyen Pse U Largua Nga Ermali “Ai Me Ngacmonte Dhe …”,94,short_61_120,0.005050357978515607,0.9949496420214844,1,0.9949496420214844,likely_fake,True,correct
current_app_model,fake_57,57,1,fake,Soda Del Jasht “Loje” Ky Eshte Perberesi I Cili Do Te Sheroj Lukthin Tuaj Ne Vetem Pak Dite,188,medium_121_250,0.12514444845062855,0.8748555515493714,1,0.8748555515493714,likely_fake,True,correct
current_app_model,fake_60,60,1,fake,"Po na përlot me rolin e saj! Flet Ejlyli, tregon të pathënat e jetës së saj: U bëra…",99,short_61_120,0.01513537067507098,0.984864629324929,1,0.984864629324929,likely_fake,True,correct
current_app_model,fake_64,64,1,fake,"Mbani Lotët! Vajza E Zbulon Pak Para Dasmës Që I Fejuari Ia Kishte Dredhur, Më Pas Ia Bën…",75,short_61_120,0.005812995797770948,0.994187004202229,1,0.994187004202229,likely_fake,True,correct
current_app_model,fake_66,66,1,fake,Gazetarja E Njohur Rrëfen Ëndrrën Me Edi Ramën Gjatë Karantinës: Më Ka… (Video),107,short_61_120,0.026027595079249233,0.9739724049207508,1,0.9739724049207508,likely_fake,True,correct
current_app_model,fake_68,68,1,fake,"Ata Duheshin Shumë, Por Babai I Saj Nuk Ja Jepte Për Grua Edhe Pse Ajo Mbeti Shtatëzanë. Ajo Që Ndodhi 56 Vite Më Vonë Do T’ju Përlotë…",121,medium_121_250,0.0037966841552882213,0.9962033158447118,1,0.9962033158447118,likely_fake,True,correct
current_app_model,fake_70,70,1,fake,"BE Përshëndet Miratimin E ‘5 Qershorit’, Apeli I Sorecës: Mos Dëmtoni Frymën E Reformës Zgjedhore",93,short_61_120,0.013649641971526516,0.9863503580284735,1,0.9863503580284735,likely_fake,True,correct
current_app_model,fake_71,71,1,fake,"“T Ërmeti I Madh Do Ndryshojë Tokën, Kontinentet Do Ndahen Përgjysmë”, A Larmi I Shkencëtarit",118,short_61_120,0.0012697060004722704,0.9987302939995277,1,0.9987302939995277,likely_fake,True,correct
current_app_model,fake_74,74,1,fake,"Gezim I Madh Ne Familjen E Shkurte Fejzes, Ja Qfare Ndodhi ..",90,short_61_120,0.01843005191527558,0.9815699480847244,1,0.9815699480847244,likely_fake,True,correct
current_app_model,fake_77,77,1,fake,Kush Është Kjo Gruaja Që Sot Protestoi Dhe Tha:Do Ta Tuboj Popullaten Nuk Ka Ndërtim Të Xhamisë,120,short_61_120,0.004974269908615492,0.9950257300913845,1,0.9950257300913845,likely_fake,True,correct
current_app_model,fake_79,79,1,fake,"Plas Sh Erri Brenda Familjes Miliardere, Motra Urdhëron “Vr Ásjen” E Të Vëllait",132,medium_121_250,0.007266547850011906,0.9927334521499881,1,0.9927334521499881,likely_fake,True,correct
current_app_model,fake_100,100,1,fake,Bëhet Baba Në Moshën 92-Vjeçare Dhe Ai Deshiron Qe Ta…,75,short_61_120,0.03250787048123982,0.9674921295187602,1,0.9674921295187602,likely_fake,True,correct
current_app_model,fake_101,101,1,fake,"Nuk Është Parë As Dëgjuar Ndonjëherë, Nëna Lind Fëmijën Dhe Pas 2 Ditësh Merr Lajmin Që Nuk E Priste Kurrë",163,medium_121_250,0.5752179281080732,0.4247820718919268,0,0.5752179281080732,uncertain,False,false_negative
current_app_model,fake_112,112,1,fake,"Ekskluzive: Shitet urgjent Golf 5, Çmimi 2600 Euro, pres blers serioz (Foto/Video)",90,short_61_120,0.001080899082244624,0.9989191009177554,1,0.9989191009177554,likely_fake,True,correct
current_app_model,fake_116,116,1,fake,"Para Me Thasë, SHTETl Ku Paraja Nuk Ka Asnjë VIerë",96,short_61_120,0.011689987269357438,0.9883100127306426,1,0.9883100127306426,likely_fake,True,correct
current_app_model,fake_121,121,1,fake,"Rasti i rralle qe emocjonoi gjithe boten,i biri pa duar ushqen nenen e paralizuar (Video)",109,short_61_120,0.008943394463425958,0.991056605536574,1,0.991056605536574,likely_fake,True,correct
current_app_model,fake_124,124,1,fake,"Flet Nga SHBA Mjeku Per Shqiperine: Vjeshta Do Jete E Tm.Errshme, Ja Çdo Të Ndodhë",95,short_61_120,0.00039353347651471804,0.9996064665234853,1,0.9996064665234853,likely_fake,True,correct
current_app_model,fake_125,125,1,fake,"U Nda Nga Eros Grezda/ Oriola Marashi E Zevendeson Menjehere, Me Ke Po I Kalon Pushimet Bukuroshja",100,short_61_120,0.0019169203241498067,0.9980830796758502,1,0.9980830796758502,likely_fake,True,correct
current_app_model,fake_129,129,1,fake,"Kapi Peshkun, Por Burri U Sho Kua Nga Ajo Se Çfarë I Gjeti Në Stomak",155,medium_121_250,0.003280865354432283,0.9967191346455677,1,0.9967191346455677,likely_fake,True,correct
current_app_model,fake_136,136,1,fake,Si të bëheni milioner për 2020-ën/ 6 tradita për të sjellë fatin e mirë për Vitin e Ri (FOTO),85,short_61_120,0.25788637626684796,0.742113623733152,1,0.742113623733152,likely_fake,True,correct
current_app_model,fake_163,163,1,fake,"E fundit! Shtrohet ne spital nga koronavirusi biznesmeni dhe deputeti i PS-së,",87,short_61_120,0.014617067816023233,0.9853829321839768,1,0.9853829321839768,likely_fake,True,correct
current_app_model,fake_164,164,1,fake,Vetëm 11 Ditësh Dhe Me Dhëmbë? ‘Zbulohet’ E Vërteta E Videos Që Po ‘Çmend’ Rrjetin (Video),73,short_61_120,0.0010239020015541112,0.9989760979984459,1,0.9989760979984459,likely_fake,True,correct
current_app_model,fake_169,169,1,fake,Përse Nuk Duhet Të Kaloni Natën Pranë Varrezave…,98,short_61_120,0.005101365771351896,0.9948986342286481,1,0.9948986342286481,likely_fake,True,correct
current_app_model,fake_174,174,1,fake,"E FUNDIT:Publikohen Pamjet EKSLUZIVE Endrit Thaçi, Djali I Presidenti Blen Veturë 35 Mijë Euro Populli Ska Buk Me Honger",97,short_61_120,0.0023149630326219084,0.9976850369673781,1,0.9976850369673781,likely_fake,True,correct
current_app_model,fake_176,176,1,fake,"TURP!! 3 mijë euro për një nuse, si i shiten vajzat Shqiptarëve burrave Serbë",107,short_61_120,0.01104770993261961,0.9889522900673804,1,0.9889522900673804,likely_fake,True,correct
current_app_model,fake_186,186,1,fake,"LAJMI I FUNDIT: Gjërat ”rrotulluan” krejtësisht, prishet ”loja” LDK-VV – Kush e bëri këtë?",76,short_61_120,0.009031337526819727,0.9909686624731803,1,0.9909686624731803,likely_fake,True,correct
current_app_model,fake_189,189,1,fake,Super lajm nga Zvicra – Shqiptarja lind gjashtënjakë por do te Çmendeni se Çfarë i ofroj shteti,114,short_61_120,0.06449648749458947,0.9355035125054105,1,0.9355035125054105,likely_fake,True,correct
current_app_model,fake_195,195,1,fake,Shitet Iphone X cmimi vetem 200 euro nxito sasi e limituar,66,short_61_120,0.008259715080082164,0.9917402849199178,1,0.9917402849199178,likely_fake,True,correct
current_app_model,fake_197,197,1,fake,"Ka 3 adresa Facebook-u per tu shkruar te dashurave, gruaja i nxjerr ‘bojën’ burrit! Por Ardit Gjebrea i ben ate qe nuk e priste",95,short_61_120,0.0014563333479721274,0.9985436666520279,1,0.9985436666520279,likely_fake,True,correct
current_app_model,fake_204,204,1,fake,"Është Vetëm 8-Muajshe, Por Ka Diçka Të Veçantë Që Askush Nuk E Beson Se Është Ajo",98,short_61_120,0.0022248137981950578,0.9977751862018049,1,0.9977751862018049,likely_fake,True,correct
current_app_model,fake_211,211,1,fake,Kos apo qumësht? Ky është ideali për mëngjes dhe do jeni me energji gjithë ditën,71,short_61_120,0.006812176715343843,0.9931878232846562,1,0.9931878232846562,likely_fake,True,correct
current_app_model,fake_212,212,1,fake,"Babai i saj trim u nda nga jeta 22 vite më parë, këngëtarja shqiptare të prek në shpirt me fjalët",118,short_61_120,0.12866298157452827,0.8713370184254717,1,0.8713370184254717,likely_fake,True,correct
current_app_model,fake_213,213,1,fake,"Mjellma ng.ordh nga “ze mra e th.yèr”, adoIeshentët i th.yen vezèt e saj me tuIIa",142,medium_121_250,0.022063392570791596,0.9779366074292084,1,0.9779366074292084,likely_fake,True,correct
current_app_model,fake_219,219,1,fake,"VIDEO EKSLUZIVE:Kevina Kthella Ngre Temperaturat, Shëtit Me Mbathje Në Rrugë Pa Komplekse Dhe Cmend Te Rinjte Dhe Pleqtë",94,short_61_120,0.03448640910918532,0.9655135908908147,1,0.9655135908908147,likely_fake,True,correct
current_app_model,fake_221,221,1,fake,Shikojeni me çfarë deklarate vjen tani Naim Abazi për Mihrijën! (PAMJE),82,short_61_120,0.07070092170209186,0.9292990782979081,1,0.9292990782979081,likely_fake,True,correct
current_app_model,fake_232,232,1,fake,"Koronavirusi/ “Kjo situatë mund të zgjasë deri në 3 vjet”, kryeministri Rama “befason” që të gjithë",150,medium_121_250,0.15685706327506677,0.8431429367249332,1,0.8431429367249332,likely_fake,True,correct
current_app_model,fake_234,234,1,fake,"Anulohen dasmat e muajit gusht, ja çfarë do ndodhë me dasmat !?",156,medium_121_250,0.5956013330515193,0.40439866694848065,0,0.5956013330515193,uncertain,False,false_negative
current_app_model,fake_238,238,1,fake,"Dëgjonte zhurma në tavan, por aty sipër gjen një “thesar” të vërtetë (FOTO)",79,short_61_120,0.17306871127181755,0.8269312887281824,1,0.8269312887281824,likely_fake,True,correct
current_app_model,fake_240,240,1,fake,E kush nuk e njeh kete lule? Ajo sheron sem undje qe ju as qe i coni neper mend,84,short_61_120,0.04669362395676302,0.953306376043237,1,0.953306376043237,likely_fake,True,correct
current_app_model,fake_248,248,1,fake,"Këngëtarja Shqiptare Merr Masa Për Pastërti, Fut Nën Ujë Edhe Celularin!",92,short_61_120,0.1704390983266696,0.8295609016733304,1,0.8295609016733304,likely_fake,True,correct
current_app_model,fake_252,252,1,fake,Nxirrni jargë teksa flini ? Kjo shenjë tregon që ju vuani nga një sëm undje e cila prek…(VIDEO),189,medium_121_250,0.03344574902692454,0.9665542509730755,1,0.9665542509730755,likely_fake,True,correct
current_app_model,fake_255,255,1,fake,KUJDES: Këtë Vendim Të Policisë Së Kosovës Duhet Ta Dini Të Gjithë!,105,short_61_120,0.0535799406683819,0.9464200593316181,1,0.9464200593316181,likely_fake,True,correct
current_app_model,fake_257,257,1,fake,Nga Ilaçet Te Recetat Në Shtëpi: Si Mund Të Trajtohet Humbja E Nuhatjes,87,short_61_120,0.005910835146069715,0.9940891648539303,1,0.9940891648539303,likely_fake,True,correct
current_app_model,fake_262,262,1,fake,Do u rrëqethet mishi nga kjo histori! Kjo shqiptare u martua në moshën 15-vjeçare e humbi 7 fëmijë: Jam..,106,short_61_120,0.008292464695365043,0.991707535304635,1,0.991707535304635,likely_fake,True,correct
current_app_model,fake_267,267,1,fake,NJlHUNl me artistin korean që po “truIIos” botën me veprat e tij,81,short_61_120,0.00584195937773524,0.9941580406222648,1,0.9941580406222648,likely_fake,True,correct
current_app_model,fake_271,271,1,fake,"VIDEO:‘Noizy E Liroi Nga B Urgu, E Takonte Në Fushë Krujë’/ Klodiana Lala Zbulon Cfare Ndodhi Ne Va Rrimin E Hekuran Billës: Morën Pjesë Edhe Emra Të Botës Së K Rimit",92,short_61_120,0.013822430239117112,0.9861775697608829,1,0.9861775697608829,likely_fake,True,correct
current_app_model,fake_276,276,1,fake,"Pasanikët Po Ikin Nga Coronavirusi, Po Futen Nën Tokë – Apartamenti Më I Lirë Në Bunker Kushton Një Milion Dollarë",102,short_61_120,0.009682023287601704,0.9903179767123983,1,0.9903179767123983,likely_fake,True,correct
current_app_model,fake_282,282,1,fake,“Jam e tro.nditur…”. Eni Çobanit indodh e papritura: Ti duhet të dish dhe ha.llin tim,91,short_61_120,0.0023461760873347837,0.9976538239126652,1,0.9976538239126652,likely_fake,True,correct
current_app_model,fake_290,290,1,fake,EPABESUESHME : Dy djem gropojnë një vend por shikoni cfar nxjerrin ..,67,short_61_120,0.05900970214549983,0.9409902978545002,1,0.9409902978545002,likely_fake,True,correct
current_app_model,fake_298,298,1,fake,"Shkoi për pushime në Shëngjin, Ja çka i ndodhi 34 vjeçarit nga Kosova",66,short_61_120,0.07238843724069277,0.9276115627593072,1,0.9276115627593072,likely_fake,True,correct
current_app_model,fake_299,299,1,fake,Lista Serbe për Vjosa Osmanin: Ti moj Vjosa na ndoqe në korridor për t’i dhënë votat për kryetare të Kuvendit,163,medium_121_250,0.24543565633198738,0.7545643436680126,1,0.7545643436680126,likely_fake,True,correct
current_app_model,fake_301,301,1,fake,"“Dieta Me Oriz”! Minus 10 Kg, Dobësimi Që Nuk Rimerr Kilet As Pas 6 Vitesh",114,short_61_120,0.05699022766581552,0.9430097723341845,1,0.9430097723341845,likely_fake,True,correct
current_app_model,fake_304,304,1,fake,Trumpi I Drejtohet Popullit Amerikan: Ju Njoftoj Se Nga Ky Moment Ne Do Të…,88,short_61_120,0.012047715743220389,0.9879522842567796,1,0.9879522842567796,likely_fake,True,correct
current_app_model,fake_306,306,1,fake,"Albin Kurti e jep lajmin e madh: Më në fund gjithçka përfundoj, URIME KOSOVË",89,short_61_120,0.005085732072048876,0.9949142679279511,1,0.9949142679279511,likely_fake,True,correct
current_app_model,fake_307,307,1,fake,"“Bombardohet” Mihrihe Braha, takon për herë të parë “djalin jashtëmartesor” të Naim Abazit pas 19 viteve (VIDEO)",80,short_61_120,0.07533366083878779,0.9246663391612122,1,0.9246663391612122,likely_fake,True,correct
current_app_model,fake_308,308,1,fake,"Juria U Tall Dhe Dyshonte Shumë Në Talentin E Saj, Nuk E Dinin Se Ajo Do Ta Ngritë Publikun Në Këmbë!(Video)",111,short_61_120,0.13740808379591252,0.8625919162040875,1,0.8625919162040875,likely_fake,True,correct
current_app_model,fake_317,317,1,fake,"Dyshonin Se Ishte Shta’tzënë, Mjekët Bëjnë Zbu’limin E Tmer.Rshëm",87,short_61_120,0.021116259994965914,0.9788837400050341,1,0.9788837400050341,likely_fake,True,correct
current_app_model,fake_323,323,1,fake,"Kjo Vajzë Cdo Ditë E Puthte Këtë Të Pastrehë, Por Cfarë Bëri Plaku Për Të, Do Mbeteni Pa Fjalë",370,long_gt_250,0.7723974398883984,0.22760256011160157,0,0.7723974398883984,likely_real,False,false_negative
current_app_model,fake_325,325,1,fake,Edi Rama ka “dasht” me nda Kosovën (tonë). Ramush Haradinaj “pa dasht” e ka nda Çakorrin (Video),78,short_61_120,0.004157928343339501,0.9958420716566605,1,0.9958420716566605,likely_fake,True,correct
current_app_model,fake_332,332,1,fake,LAJMI I FUNDIT: Infektohet Me CO -19 Këngëtari I Njohur Kosovar!,79,short_61_120,0.1674556011250138,0.8325443988749862,1,0.8325443988749862,likely_fake,True,correct
current_app_model,fake_343,343,1,fake,"Naim Abazi: Punë ka sa të duash, po rinia po kanë qef me nejt në kafe, me prit prej babës hala!",96,short_61_120,0.4059895261523182,0.5940104738476818,1,0.5940104738476818,uncertain,True,correct
current_app_model,fake_345,345,1,fake,"I Tregoi Të Dashurës Se Jetonte Në Rrugë, Reagimi I Vajzës Do Ju Lërë Pa Fjalë…",82,short_61_120,0.12837769871380922,0.8716223012861908,1,0.8716223012861908,likely_fake,True,correct
current_app_model,fake_351,351,1,fake,"Lejeni menjane ujin me limon ne mengjes, vazhdoni te konsumoni kete perberje qe po cmend te gjithe",488,long_gt_250,0.630128244141474,0.3698717558585261,0,0.630128244141474,uncertain,False,false_negative
current_app_model,fake_352,352,1,fake,"Ekskluzive: Vjosa Osmani me parti të re, Ja si do të quhet partia e saj!",112,short_61_120,0.021098526655586203,0.9789014733444138,1,0.9789014733444138,likely_fake,True,correct
current_app_model,fake_353,353,1,fake,"Burri vetëm për letra më ka marr mua, tani qe s’kemi as njeri letrat më thotë dil gjeje një tjetër…",600,long_gt_250,0.014569291960022768,0.9854307080399772,1,0.9854307080399772,likely_fake,True,correct
current_app_model,fake_354,354,1,fake,Lëngu i qepës efikas kundër katër sëmundjeve!?,270,long_gt_250,0.7783073894323328,0.22169261056766718,0,0.7783073894323328,likely_real,False,false_negative
current_app_model,fake_355,355,1,fake,Mediat serbe: Serbia njeh Kosovën dhe hyn në BE,332,long_gt_250,0.5481137510604217,0.4518862489395783,0,0.5481137510604217,uncertain,False,false_negative
current_app_model,fake_367,367,1,fake,Tmerr për Kosovën kush po e përfaqëson! Zbulohet detaje tronditese,96,short_61_120,0.0012571644349924638,0.9987428355650075,1,0.9987428355650075,likely_fake,True,correct
current_app_model,fake_368,368,1,fake,Kjo qe do te ndodhe te Henen ne Kosove do iu shokoje,143,medium_121_250,0.008725911254260366,0.9912740887457396,1,0.9912740887457396,likely_fake,True,correct
current_app_model,fake_369,369,1,fake,"Avdullah Hotin nuk e do as fshati i tij Ratkoc, ja çfarë thanë disa prej tyre. – (VIDEO)",95,short_61_120,0.00019700371348008172,0.9998029962865199,1,0.9998029962865199,likely_fake,True,correct
current_app_model,fake_375,375,1,fake,Ja sa është paga e Naser Rafuna tek seriali ‘Çka ka shpija.’,75,short_61_120,0.00012840039063188868,0.9998715996093681,1,0.9998715996093681,likely_fake,True,correct
current_app_model,fake_383,383,1,fake,Albin Kurtin e shokon Hashim Thaçin me kete qe i zbuloi per luften dhe hagen,83,short_61_120,1.2423034917552478e-05,0.9999875769650824,1,0.9999875769650824,likely_fake,True,correct
current_app_model,fake_384,384,1,fake,"Skandal: Nuk iu lindi djalë, babai vret vetën e ja se çfarë i ndodhi nënës së re",139,medium_121_250,0.10983809473076522,0.8901619052692348,1,0.8901619052692348,likely_fake,True,correct
current_app_model,fake_394,394,1,fake,"Kjo video po fikson botën, janë futur veta 20 makinë/ Shikoni si dalin një nga një",77,short_61_120,3.1532718526516845e-05,0.9999684672814735,1,0.9999684672814735,likely_fake,True,correct
current_app_model,fake_395,395,1,fake,"Shkoni në vendin ku ishte burri, gruaja e kap atë keq me një femër dhe u bën të pabërën",87,short_61_120,0.0014916202147218227,0.9985083797852782,1,0.9985083797852782,likely_fake,True,correct
current_app_model,fake_412,412,1,fake,"“Eskalon” familjari i deputetit Xhavit Ukaj, fyen rëndë Vjosa Osmanin",85,short_61_120,0.0003644464701282324,0.9996355535298718,1,0.9996355535298718,likely_fake,True,correct
current_app_model,fake_415,415,1,fake,Flet edhe njëherë deputeti që iu vërsul Osmanit në Kuvend: Me pas dashtë me e sulmua e kisha…,109,short_61_120,0.001595499852118376,0.9984045001478816,1,0.9984045001478816,likely_fake,True,correct
current_app_model,fake_417,417,1,fake,LAJMI I FUNDIT – Më në fund Lajm i mirë për vizat,147,medium_121_250,0.010428207278003976,0.989571792721996,1,0.989571792721996,likely_fake,True,correct
current_app_model,fake_423,423,1,fake,"Fero postoi foto me armë, Arbenita e frikësuar se ai ‘do ta vrasë’",70,short_61_120,0.00023418890507187484,0.9997658110949281,1,0.9997658110949281,likely_fake,True,correct
current_app_model,fake_428,428,1,fake,Zyrtari i VV-së habit me deklaratën për Thaçin dhe Veselin,87,short_61_120,0.0008023904975329454,0.999197609502467,1,0.999197609502467,likely_fake,True,correct
current_app_model,fake_430,430,1,fake,E jashtëzakonshme: Merkel me flamurin e Kosovës para syve të Vuçiqit,78,short_61_120,0.002233161844696241,0.9977668381553038,1,0.9977668381553038,likely_fake,True,correct
current_app_model,fake_433,433,1,fake,Pasi u infektua me Covid-19 vdes Mustafa,57,very_short_le_60,0.054836669420030626,0.9451633305799694,1,0.9451633305799694,likely_fake,True,correct
current_app_model,fake_434,434,1,fake,"Lajm qe duhet ta din te gjithe, Viber do behet me para detaje ekskluzive",78,short_61_120,0.049923286696402114,0.9500767133035979,1,0.9500767133035979,likely_fake,True,correct
current_app_model,fake_439,439,1,fake,‘Çartet’ Sami Lushtaku ia zbulon kete gje Rexhep Selimit,93,short_61_120,0.0009173861005397077,0.9990826138994603,1,0.9990826138994603,likely_fake,True,correct
current_app_model,fake_451,451,1,fake,Maqedonia e Veriut e shokon Kosoven dhe qytetaret e saj me kete vendim qe morri,78,short_61_120,0.0006915192625711608,0.9993084807374288,1,0.9993084807374288,likely_fake,True,correct
current_app_model,fake_454,454,1,fake,Këto janë pikat kufitare ku iu kërkohet testi për COVID-19,98,short_61_120,0.14198071480179275,0.8580192851982072,1,0.8580192851982072,likely_fake,True,correct
current_app_model,fake_463,463,1,fake,Emily Ratajkowski duket super s.e.ksi në fotografitë e fundit,94,short_61_120,0.01273364100284613,0.9872663589971539,1,0.9872663589971539,likely_fake,True,correct
current_app_model,fake_465,465,1,fake,"Lë Bashkëshorten E Tij Për Një Grua Më Të Re. Çfarë Ndodh 3 Vite Më Vonë, E Lë Atë Pa Fjalë…",136,medium_121_250,0.004058616977465124,0.9959413830225349,1,0.9959413830225349,likely_fake,True,correct
current_app_model,fake_472,472,1,fake,"Acarohen raportet e Serbisë me Rusinë, ja çfarë veprimi ka bërë Vuçiq",101,short_61_120,0.006976134316056148,0.9930238656839439,1,0.9930238656839439,likely_fake,True,correct
current_app_model,fake_479,479,1,fake,Ja sa kohë duhet për ta marrë virusin në një bar apo restaurant,112,short_61_120,0.007283279302832679,0.9927167206971673,1,0.9927167206971673,likely_fake,True,correct
current_app_model,fake_480,480,1,fake,Gani Geci: Hashim Thaçi ma i dëmshëm se KoronaVirusi në këtë kohë!,78,short_61_120,4.8622458392322265e-05,0.9999513775416077,1,0.9999513775416077,likely_fake,True,correct
current_app_model,fake_481,481,1,fake,"Detaji që u iku të gjithëve: Tyta e automatikut në shtëpinë e prindërve të Thaçit, e “zbuloi” Veseli",85,short_61_120,0.0002826920321654658,0.9997173079678345,1,0.9997173079678345,likely_fake,True,correct
current_app_model,fake_483,483,1,fake,"Nasim Haradinaj: o Ramush Haradinaj, Lakmia e pushteti të prishë!",80,short_61_120,0.0013145782567748343,0.9986854217432252,1,0.9986854217432252,likely_fake,True,correct
current_app_model,fake_495,495,1,fake,Lajmi i fundit: Hashim Thaçi ¨tenton¨ te ia merr jeten Gani Gecit,197,medium_121_250,0.4120926261834369,0.5879073738165631,1,0.5879073738165631,uncertain,True,correct
current_app_model,fake_496,496,1,fake,Mulla Osmani i ‘bie shuplakë’ Milaim Zekës live në emision (Video),81,short_61_120,0.023324092879783098,0.9766759071202169,1,0.9766759071202169,likely_fake,True,correct
current_app_model,fake_508,508,1,fake,Shikoni  reagimin e Leonora Jakupit për ndërtimin e xhamisë në Prishtinë,82,short_61_120,0.6827055843563706,0.31729441564362937,0,0.6827055843563706,uncertain,False,false_negative
current_app_model,fake_515,515,1,fake,"Bac Qikat e Kosoves po na zbardhin ftyren, Kjo qe beri tash Rita Ora eshte e madhe!",352,long_gt_250,0.9404987807198993,0.05950121928010061,0,0.9404987807198993,likely_real,False,false_negative
current_app_model,fake_520,520,1,fake,LAJMI BOMBASTIK / Richard Grenell: Vizat Mund Të Hiqen Ditën E Dielë (VIDEO),162,medium_121_250,0.001641122054032551,0.9983588779459674,1,0.9983588779459674,likely_fake,True,correct
current_app_model,fake_527,527,1,fake,A e keni ditur se kjo moderatore është motra e Haki Abazit?,76,short_61_120,0.00010615353480758483,0.9998938464651924,1,0.9998938464651924,likely_fake,True,correct
current_app_model,fake_528,528,1,fake,Ganja e PDK-s thot se Vjosa tash pa LDK-n as 10% ska me mujt me i fitu,189,medium_121_250,0.10303671558363625,0.8969632844163637,1,0.8969632844163637,likely_fake,True,correct
current_app_model,fake_530,530,1,fake,Shuma marramendëse: Robert Berisha tregon sa paguhet në koncerte,142,medium_121_250,0.6846904703398771,0.315309529660123,0,0.6846904703398771,uncertain,False,false_negative
current_app_model,fake_531,531,1,fake,EKSKLUZIVE: Albin Kurti President i Kosoves?,86,short_61_120,3.285383143314391e-06,0.9999967146168567,1,0.9999967146168567,likely_fake,True,correct
current_app_model,fake_535,535,1,fake,‘Hashim Thaçi’ futet papritmas në emisionin ku ishte Berat Buzhala (Video),96,short_61_120,0.07607908681395203,0.923920913186048,1,0.923920913186048,likely_fake,True,correct
current_app_model,fake_536,536,1,fake,Dardan Molliqaj ia publikon këtë ‘top sekret’ Albin Kurtit,65,short_61_120,0.10565405111794224,0.8943459488820578,1,0.8943459488820578,likely_fake,True,correct
current_app_model,fake_539,539,1,fake,E PAPRITUR: Ja Kush Është I Dashuri I Ri I Nora Istrefit sdo ta besoni,96,short_61_120,0.0005338285600163806,0.9994661714399836,1,0.9994661714399836,likely_fake,True,correct
current_app_model,fake_544,544,1,fake,Kur pritet t’u mundësohet qytetarëve tërheqja e parave nga Trusti?,209,medium_121_250,0.9354607119453742,0.06453928805462582,0,0.9354607119453742,likely_real,False,false_negative
current_app_model,fake_545,545,1,fake,"E pabesueshme, banorët e ketij fshati kapin gjarprin me përmasa të frikshme (Foto)",84,short_61_120,0.3588677471619466,0.6411322528380534,1,0.6411322528380534,uncertain,True,correct
current_app_model,fake_553,553,1,fake,"Dhurata shkëlqeu e veshur e tëra me lule, por nuk do ta besoni sa kushtoi veshja e saj",97,short_61_120,0.3418034623080455,0.6581965376919545,1,0.6581965376919545,uncertain,True,correct
current_app_model,fake_555,555,1,fake,Kosova zë vendin e parë në Evropë si vendi me numrin më të madh të infektuarve,158,medium_121_250,0.9692678697666407,0.030732130233359255,0,0.9692678697666407,likely_real,False,false_negative
current_app_model,fake_556,556,1,fake,"BE-ja dhe SHBA e godasin fort Serbine, cmenden serbet",86,short_61_120,0.02424971825542699,0.975750281744573,1,0.975750281744573,likely_fake,True,correct
current_app_model,fake_571,571,1,fake,E papritur:Qeveria fut në karantinë edhe katër komuna,98,short_61_120,0.5087633893071528,0.49123661069284713,0,0.5087633893071528,uncertain,False,false_negative
current_app_model,fake_573,573,1,fake,TURP: Ja çfarë thonë mediat serbe për shkuarjen e Thaçit në Hagë,105,short_61_120,0.04491906383512756,0.9550809361648724,1,0.9550809361648724,likely_fake,True,correct
current_app_model,fake_580,580,1,fake,Ja kur pritet te vijë Vala e dytë e Covid-19.,146,medium_121_250,0.5997277454758916,0.4002722545241085,0,0.5997277454758916,uncertain,False,false_negative
current_app_model,fake_582,582,1,fake,"Nuk Ka Te Ndalur Tayna, Tregon Si Po Rrit Të Pasmet E Saj Çdo Ditë",111,short_61_120,0.014899966112667085,0.9851000338873329,1,0.9851000338873329,likely_fake,True,correct
current_app_model,fake_583,583,1,fake,"Azem Hajdari ku i thotë Thaçit “të rre hi si qenin more pis…”, ka dy fjalë për Isa Mustafën",191,medium_121_250,0.24808066640498738,0.7519193335950126,1,0.7519193335950126,likely_fake,True,correct
current_app_model,fake_584,584,1,fake,Albin Kurti kapet në aeroport,90,short_61_120,0.0776795117297776,0.9223204882702224,1,0.9223204882702224,likely_fake,True,correct
current_app_model,fake_585,585,1,fake,LAJMI I FUNDIT – E pabesushme ja qka i ndodhi Isa Mustafes ne keto momente pas infektimit me COVID 19,152,medium_121_250,0.0009625638660368807,0.9990374361339631,1,0.9990374361339631,likely_fake,True,correct
current_app_model,fake_586,586,1,fake,Përhapja e virusit nuk ndalohet me gjendjen e jashtëzakonshme.,165,medium_121_250,0.8403274898949479,0.15967251010505212,0,0.8403274898949479,likely_real,False,false_negative
current_app_model,fake_592,592,1,fake,"Mjeku Pipero jep lajmin e mirë: Shqipëria s’do izolohet sërish, vetëm nëse bëni këtë gjë",97,short_61_120,0.18162919496455732,0.8183708050354427,1,0.8183708050354427,likely_fake,True,correct
current_app_model,fake_600,600,1,fake,"LAJMI I FUNDIT: Eshë ulur çmimi i naftës,nuk do ta besoni se sa ka ra!?",145,medium_121_250,0.20749847430557877,0.7925015256944212,1,0.7925015256944212,likely_fake,True,correct
current_app_model,fake_603,603,1,fake,Neurologët: Njerëzit me simptoma të butë të koronavirusit po pësojnë çrregullime serioze të trurit,501,long_gt_250,0.9900245247320629,0.009975475267937026,0,0.9900245247320629,likely_real,False,false_negative
current_app_model,fake_608,608,1,fake,E FUNDIT:Video Eksluzive ”Lajm I Madh Nga Zemaj: Do Ta Porosisim Vaksinën Kundër Koronavirusit”,164,medium_121_250,0.060313974385343694,0.9396860256146563,1,0.9396860256146563,likely_fake,True,correct
current_app_model,fake_611,611,1,fake,Ka përçarje brenda LDK’së? Isa Mustafa trondite me kete qe tha!,124,medium_121_250,0.0024591810280533144,0.9975408189719467,1,0.9975408189719467,likely_fake,True,correct
current_app_model,fake_612,612,1,fake,"WOW kjo eshte e madhe, Ambasadori Gjerman jep nje lajm te madh per Albin Kurtin dhe Vjosa Osmanin",89,short_61_120,0.035800982916093904,0.9641990170839061,1,0.9641990170839061,likely_fake,True,correct
current_app_model,fake_614,614,1,fake,LAJMI I FUNDIT -Ne kete jave po kthehemi ne Karantine?,465,long_gt_250,0.5476592922848071,0.4523407077151928,0,0.5476592922848071,uncertain,False,false_negative
current_app_model,fake_618,618,1,fake,Mergimtari qe erdhi nga Zvicra tregon çka i ndodhi sdo ta besoni(VIDEO),97,short_61_120,0.0025416557192909917,0.997458344280709,1,0.997458344280709,likely_fake,True,correct
current_app_model,fake_619,619,1,fake,“Godet“ Veton Surroi: Ata qe e “kalle” flamurin e Kosovës sigurisht janë katundar nga Drenica,85,short_61_120,0.057466280779841505,0.9425337192201585,1,0.9425337192201585,likely_fake,True,correct
current_app_model,fake_621,621,1,fake,"Pasi u martuan, gruaja mëson pse burri nuk “e prek”. Kur ai bënte dush ajo e pa hapur…",280,long_gt_250,0.9152567455195231,0.08474325448047688,0,0.9152567455195231,likely_real,False,false_negative
current_app_model,fake_629,629,1,fake,Aktorja nga Gjilani i quan kosovarët dreqër,93,short_61_120,0.6034718802230323,0.3965281197769677,0,0.6034718802230323,uncertain,False,false_negative
current_app_model,fake_631,631,1,fake,"Habitet 22 Vjeçarja Shqiptare Nga Zvicra: Ju Rr Efej Se Cka Ndodh Me Ata Që Martohen Për Letra, Mua Më…",128,medium_121_250,0.09905920054823936,0.9009407994517606,1,0.9009407994517606,likely_fake,True,correct
current_app_model,fake_638,638,1,fake,Lajmi më i ri sa i përket pagesave prej 170 eurosh për punëtorët që mbetën pa punë gjatë pandemisë!,174,medium_121_250,0.9365309213263802,0.0634690786736198,0,0.9365309213263802,likely_real,False,false_negative
current_app_model,fake_652,652,1,fake,"Beogradi shpall gjendjen e jashtëzakonshme, kjo e keqe po ndodh atje",78,short_61_120,0.39956591546004183,0.6004340845399582,1,0.6004340845399582,uncertain,True,correct
current_app_model,fake_655,655,1,fake,Krenar Gashi:“Avdullah Hoti Mund Të Bëhet Si Ibrahim Rugova “ ndoshta me i zoti se aj,161,medium_121_250,0.6350716702864339,0.3649283297135662,0,0.6350716702864339,uncertain,False,false_negative
current_app_model,fake_671,671,1,fake,"E Fundit VIDEO Eksluzive:Harrojeni Covid19,Frika E Shkencëtarëve: “Hëna Do Të Përplaset Me Tokën”",94,short_61_120,0.05265090428521635,0.9473490957147837,1,0.9473490957147837,likely_fake,True,correct
current_app_model,fake_675,675,1,fake,"I Shkatërrohet Karriera, Nora Istrefit I Publikohet Video Me Avokatin E Njohur Kosovar",70,short_61_120,0.007109029234698583,0.9928909707653014,1,0.9928909707653014,likely_fake,True,correct
current_app_model,fake_679,679,1,fake,Fatmir Limaj: Albini As Pragun Ska Me Kalu Ne Zgjedhje Te Reja Keni Me Pa O Popull – VIDEO –,154,medium_121_250,0.033402572235111894,0.9665974277648881,1,0.9665974277648881,likely_fake,True,correct
current_app_model,fake_680,680,1,fake,Ganja e PDK-s Kur tka qef Vjosa matum me vota qe si fitoj 50% ma shum se ajo une dha dorheqje nga PDK-ja,196,medium_121_250,0.07183515853811906,0.9281648414618809,1,0.9281648414618809,likely_fake,True,correct
current_app_model,fake_694,694,1,fake,"LAJMI I FUNDIT: Vjosa Osmani nuk ndalet, Ja jep goditjen finale Isa Mustafes",148,medium_121_250,0.36462175726894963,0.6353782427310504,1,0.6353782427310504,uncertain,True,correct
current_app_model,fake_702,702,1,fake,LAJMI I FUNDIT – Thaçi: Nëse nuk arrihet marrëveshja me 27 qershor kjo do të ndodhë…,2233,long_gt_250,0.9979703524307728,0.0020296475692271917,0,0.9979703524307728,likely_real,False,false_negative
current_app_model,fake_713,713,1,fake,"Mixha hyri në një restorant luksoz dhe i shërben kamarierja më e mirë, por të nesërmen ajo shkarkohet pas asaj që kishte bërë!",489,long_gt_250,0.7842312763370203,0.21576872366297972,0,0.7842312763370203,likely_real,False,false_negative
current_app_model,fake_721,721,1,fake,"Cka po ndodh ne shesh te Prishtines,zjarrefiksat jane aty dhe",83,short_61_120,0.005356184826044275,0.9946438151739557,1,0.9946438151739557,likely_fake,True,correct
current_app_model,fake_731,731,1,fake,Kryeministri britanik jep lajmin e madh: Ja kur mbaron kriza nga COVID-19,136,medium_121_250,0.12811062690380393,0.8718893730961961,1,0.8718893730961961,likely_fake,True,correct
current_app_model,fake_744,744,1,fake,Studimi i ri: Njerëzit kanë më shumë gjasa të infektohen në shtëpi se sa jashtë,121,medium_121_250,0.17717296149450967,0.8228270385054903,1,0.8228270385054903,likely_fake,True,correct
current_app_model,fake_745,745,1,fake,Vaksina “premtuese” e COVID-19 në Oxford: Çfarë është ajo dhe katër gjërat tjera që duhet ditur,99,short_61_120,0.15229245326304441,0.8477075467369556,1,0.8477075467369556,likely_fake,True,correct
current_app_model,fake_747,747,1,fake,Hoxha nga Drenica i përmend me emra: Këta janë islamofobët që po u pengon ndërtimi i xhamisë,89,short_61_120,0.013464805162437976,0.986535194837562,1,0.986535194837562,likely_fake,True,correct
current_app_model,fake_756,756,1,fake,"Fotografi brenda Klinikës Infektive në QKUK, mjekë të lodhur e rraskapitur: Këtu as Supermeni nuk bën punë",251,long_gt_250,0.4021676271484713,0.5978323728515287,1,0.5978323728515287,uncertain,True,correct
current_app_model,fake_758,758,1,fake,Çfarë e zhduk koronavirusin? Italianët bëjnë zbulimin që do na rikthejë në normalitet,100,short_61_120,0.030294555718683447,0.9697054442813166,1,0.9697054442813166,likely_fake,True,correct
current_app_model,fake_760,760,1,fake,Mj eku i njohur Pellumb Pipero jep lajmin e k eq: Pa ndemia mund të zgjasë deri në..,126,medium_121_250,0.08961570239831729,0.9103842976016827,1,0.9103842976016827,likely_fake,True,correct
current_app_model,fake_765,765,1,fake,"Intervistimi 4 ditor i Thaçit, Raportuesja për Kosovën bënë veprimin e papritur",210,medium_121_250,0.04752239320914431,0.9524776067908557,1,0.9524776067908557,likely_fake,True,correct
current_app_model,fake_772,772,1,fake,"Ylli super seksi i ‘Victoria Secret’ kapet ‘mat’ nga paparacit, bikinit morën të gjithë vëmendjen",143,medium_121_250,0.11849942402018654,0.8815005759798135,1,0.8815005759798135,likely_fake,True,correct
current_app_model,fake_781,781,1,fake,Greqia: I dhimbshëm vendimi për xhaminë,120,short_61_120,0.06463451490852501,0.935365485091475,1,0.935365485091475,likely_fake,True,correct
current_app_model,fake_783,783,1,fake,Të marrësh kredi për të bërë fëmijë / historia emocionuese e çiftit që u bënë prindër pas 15 vitesh,135,medium_121_250,0.05839434462487336,0.9416056553751266,1,0.9416056553751266,likely_fake,True,correct
current_app_model,fake_788,788,1,fake,Albin Kurti e quan Zezaj Ministrin e Shëndetësisë,257,long_gt_250,0.679263051409545,0.320736948590455,0,0.679263051409545,uncertain,False,false_negative
current_app_model,fake_789,789,1,fake,"Zemaj deputetëve të VV’së: Ju jeni shëtit me paramilitarë, unë jam nip i Mic Sokolit",246,medium_121_250,0.83848689842247,0.1615131015775299,0,0.83848689842247,likely_real,False,false_negative
current_app_model,fake_793,793,1,fake,"Bëri dasmë në kohën e koronavirusit, Rama i bën shqiptarit atë që nuk e kishte parë as në ëndrrat më të k ëqija",134,medium_121_250,0.01628286216538144,0.9837171378346186,1,0.9837171378346186,likely_fake,True,correct
current_app_model,fake_803,803,1,fake,A do të mbyllen prapë xhamitë?,71,short_61_120,0.023970135208480903,0.9760298647915191,1,0.9760298647915191,likely_fake,True,correct
current_app_model,fake_808,808,1,fake,FËMlJA i a doptuar thotë DlÇKA në sallën e GJYQlT që prek z emrën e të GJlTHËVE,146,medium_121_250,0.16247807150162752,0.8375219284983725,1,0.8375219284983725,likely_fake,True,correct
current_app_model,fake_809,809,1,fake,Oj Qeveri: Ku mbetën 170 eurot që qytetarët janë në pritje të tyre ?,109,short_61_120,0.09399612395111079,0.9060038760488892,1,0.9060038760488892,likely_fake,True,correct
current_app_model,fake_825,825,1,fake,"Eskalon situata në Serbi, protesutesit futen në Kuvend",99,short_61_120,0.03391392704404417,0.9660860729559558,1,0.9660860729559558,likely_fake,True,correct
current_app_model,fake_830,830,1,fake,"‘Cmendet’ Moti Në Shqipëri, Shihni Çfarë Po Ndodh Në Plazhin E Borshit",100,short_61_120,0.01789288028944347,0.9821071197105565,1,0.9821071197105565,likely_fake,True,correct
current_app_model,fake_833,833,1,fake,A paguhen 10 ditët e humbura të karantinës në Zvicër? Flet Shoqata e Sipermarrësve Zviceranë,251,long_gt_250,0.5774906695706812,0.4225093304293189,0,0.5774906695706812,uncertain,False,false_negative
current_app_model,fake_835,835,1,fake,"Video Eksluzive:“Doja Të Bleja Shtëpi, Ai Ishte Ndërtuesi I Pallatit”, Alketa Vejsiu Rr Ëfen Hi Storinë! Si U Njoh Me Burrin: U Çmenda Pas Syve Të Tij",127,medium_121_250,0.033015140878529525,0.9669848591214705,1,0.9669848591214705,likely_fake,True,correct
current_app_model,fake_856,856,1,fake,"Gjermania planifikon vendimin e madh, ja qfarë pritet të ndodhë",149,medium_121_250,0.35988533891951147,0.6401146610804885,1,0.6401146610804885,uncertain,True,correct
current_app_model,fake_858,858,1,fake,Çdo bëhet me këtë vend?! Zëri i Amerikës ia pl.as të vërtetën Shqipërisë: Më ulët se kurrë…,134,medium_121_250,0.04424451076528935,0.9557554892347107,1,0.9557554892347107,likely_fake,True,correct
current_app_model,fake_863,863,1,fake,"Video Eksluzive:“Shqiperia Ka Qene Greqi”, Këngëtarja E Njohur ‘Shp Ërthen’ Ndaj Arjan Çanit: Ky Njeri Duhet Te",105,short_61_120,0.030526232875167536,0.9694737671248325,1,0.9694737671248325,likely_fake,True,correct
current_app_model,fake_875,875,1,fake,"Labi gëzon vajzën me aftësi të kufizuara, ia dorëzon një karrocë të re (VIDEO)",139,medium_121_250,0.03424441183261273,0.9657555881673873,1,0.9657555881673873,likely_fake,True,correct
current_app_model,fake_880,880,1,fake,Kadri Veseli “kë.rcënon” ata që u pasuruan pa djersë,112,short_61_120,0.03381437576714508,0.9661856242328549,1,0.9661856242328549,likely_fake,True,correct
current_app_model,fake_887,887,1,fake,"Vjen një lajm shumë i keq për Kosovën dhe qytetarët e saj, KUJDES",112,short_61_120,0.031399914525124806,0.9686000854748752,1,0.9686000854748752,likely_fake,True,correct
current_app_model,fake_888,888,1,fake,Doktori i QKUK-së hedh vrer mbi politikanët kosovarë: A keni familje more politikuaj,92,short_61_120,0.010963360614385964,0.989036639385614,1,0.989036639385614,likely_fake,True,correct
current_app_model,fake_889,889,1,fake,"E Porsalindur Dhe Ecën, Publikohen Pamjet Mbreslënëse Dhe… (VIDEO EMOCIONUESE)",62,short_61_120,0.00037438484654594983,0.999625615153454,1,0.999625615153454,likely_fake,True,correct
current_app_model,fake_890,890,1,fake,"Policia Nuk Kursehet Aspak Për Familjen Shqiptare, E Shpo.Rrin Me Urgjencë. 26-Vjeçarja Me Barkun Te Goja Bashkë Me Djalin 2 -Vjeçar",139,medium_121_250,0.10904943763984376,0.8909505623601562,1,0.8909505623601562,likely_fake,True,correct
current_app_model,fake_906,906,1,fake,Nga VV tregojnë nëse do ta pranojnë Vjosa Osmanin në parti,95,short_61_120,0.016307619722032984,0.983692380277967,1,0.983692380277967,likely_fake,True,correct
current_app_model,fake_907,907,1,fake,VIDEO EKSLUZIVE:Grida Duma: Edi Rama Ka Pro.Bleme Me Pastër.Tinë E Duarve…,98,short_61_120,0.0014191587415235407,0.9985808412584765,1,0.9985808412584765,likely_fake,True,correct
current_app_model,fake_908,908,1,fake,VIDEO EKSLUZIVE:Ilir Meta E Financoi Me Parat E Dro.Ges Filmin E Bes Kallakut Dhe I Solli Dhe Dashnoren Bleonen Si Aktore…,138,medium_121_250,0.004067383553708059,0.9959326164462919,1,0.9959326164462919,likely_fake,True,correct
current_app_model,fake_910,910,1,fake,Kjo është mundësia e ardhjes së mërgimtarëve nga Gjermania,79,short_61_120,0.006159447345946867,0.9938405526540531,1,0.9938405526540531,likely_fake,True,correct
current_app_model,fake_917,917,1,fake,"Rruga shnd.ërrohet në ri.ng, shoferi n.oka.uton tri herë shoferin tjetër",83,short_61_120,0.007675918798288883,0.9923240812017111,1,0.9923240812017111,likely_fake,True,correct
current_app_model,fake_931,931,1,fake,"Xheni dhe partnerja e saj duan të bëhen me fëmijë, ja kush do jetë dhuruesi",89,short_61_120,0.004663661674057518,0.9953363383259425,1,0.9953363383259425,likely_fake,True,correct
current_app_model,fake_938,938,1,fake,"Leje qëndrimi për punëtorët sezonalë në Itali, nis procesi, ja sa shqiptarë mund të përfitojnë…",104,short_61_120,0.017019609324330554,0.9829803906756694,1,0.9829803906756694,likely_fake,True,correct
current_app_model,fake_939,939,1,fake,(VIDEO) A Nuk Eshte Mrekulli? Momenti Kur Femija Shpetohet Nga Mb.Ytja Ne Pishine,106,short_61_120,0.13099317309695946,0.8690068269030405,1,0.8690068269030405,likely_fake,True,correct
current_app_model,fake_945,945,1,fake,"Exluzive Aeroplani Rrëzohet Në Det, Piloti Filmon Momentin E Shpëtimit Nga..",125,medium_121_250,0.17605724896924568,0.8239427510307543,1,0.8239427510307543,likely_fake,True,correct
current_app_model,fake_950,950,1,fake,"Zeka: Albin Kurti po nxit vëllavrasjen, mund të ketë lufte civile",83,short_61_120,0.0031639523903340683,0.9968360476096659,1,0.9968360476096659,likely_fake,True,correct
current_app_model,fake_965,965,1,fake,Çka nëse nuk mbahen dasmat këtë verë?,79,short_61_120,0.004001639783035693,0.9959983602169643,1,0.9959983602169643,likely_fake,True,correct
current_app_model,fake_966,966,1,fake,"Arben, edhe ti a?🤦‍♂️",107,short_61_120,0.1576641702754914,0.8423358297245086,1,0.8423358297245086,likely_fake,True,correct
current_app_model,fake_974,974,1,fake,Engjellusha a je ti? Nuk i besova syve kur të shikova në plazhë!,90,short_61_120,0.3997484096634556,0.6002515903365444,1,0.6002515903365444,uncertain,True,correct
current_app_model,fake_975,975,1,fake,"Flet Meda “Ja kam pa hajrin ktij populli, me shpi e kerra”",88,short_61_120,0.14612211276540288,0.8538778872345971,1,0.8538778872345971,likely_fake,True,correct
current_app_model,fake_979,979,1,fake,"Kosova në zgjedhje të jashtëzakonshme, Kjo është data!",186,medium_121_250,0.5884238131918679,0.4115761868081321,0,0.5884238131918679,uncertain,False,false_negative
current_app_model,fake_988,988,1,fake,"Rexhaj ‘godet’ Nasim Haradinajn, o Nasim ti je banditi më i madh që ka Kosova",99,short_61_120,0.04251877944106408,0.9574812205589359,1,0.9574812205589359,likely_fake,True,correct
current_app_model,fake_991,991,1,fake,"Kështu u pritë jashtë Presidenti Thaçi, pas përfundimit të intervistimit në Hagë (Video)",107,short_61_120,0.08990446831654164,0.9100955316834584,1,0.9100955316834584,likely_fake,True,correct
current_app_model,fake_994,994,1,fake,Albin Kurti është takuar me fshehurazi me qeverinë e sërbisë mos i besoni ketij tradhtari o popull,172,medium_121_250,0.3575510160580022,0.6424489839419978,1,0.6424489839419978,uncertain,True,correct
current_app_model,fake_1005,1005,1,fake,"Urime Kosovë! Në këtë datë në Korrik do hiqen Vizat, SHBA jep lajmin e madh",105,short_61_120,0.10924623858560767,0.8907537614143923,1,0.8907537614143923,likely_fake,True,correct
current_app_model,fake_1028,1028,1,fake,"BE i’a palon Grenellit: Bën veprimin e papritur për Kosovën, hiqen vizat për Kosovën??",261,long_gt_250,0.9363173412922169,0.06368265870778315,0,0.9363173412922169,likely_real,False,false_negative
current_app_model,fake_1034,1034,1,fake,"Rr’ahje mes dasmorëve në Prishtinë, bërtit “Nusja koka si Lop” (Video)",115,short_61_120,0.2796951351230008,0.7203048648769992,1,0.7203048648769992,likely_fake,True,correct
current_app_model,fake_1037,1037,1,fake,"Daçiq: Na jepni Veriun e Kosovës, pastaj fillojmë me bisedime!",344,long_gt_250,0.9538647757139446,0.046135224286055466,0,0.9538647757139446,likely_real,False,false_negative
current_app_model,fake_1042,1042,1,fake,"Afrim Muçiqi: Nëse nuk na lejohet puna, do t’i mbajmë dasmat në shesh apo livadhe",166,medium_121_250,0.8804957052583915,0.11950429474160854,0,0.8804957052583915,likely_real,False,false_negative
current_app_model,fake_1054,1054,1,fake,LAJMI FUNDIT: Vjosa Osmani antarsohet në Vetëvendosje ja detajet,96,short_61_120,0.24358047420669804,0.756419525793302,1,0.756419525793302,likely_fake,True,correct
current_app_model,fake_1055,1055,1,fake,SHBA vjen me Super Lajm Për Kosovën,286,long_gt_250,0.9485803671651309,0.05141963283486904,0,0.9485803671651309,likely_real,False,false_negative
current_app_model,fake_1064,1064,1,fake,Nuk do ta besoni se çka e paralajmëron Isa Mustafa Vjosën!,132,medium_121_250,0.5473902616252169,0.4526097383747831,0,0.5473902616252169,uncertain,False,false_negative
current_app_model,fake_1076,1076,1,fake,Isa Mustafa marrja e Qeverisë në këtë kohë është sakrificë që po bënë LDK-ja,103,short_61_120,0.3018764273384331,0.6981235726615669,1,0.6981235726615669,uncertain,True,correct
current_app_model,fake_1079,1079,1,fake,Agim Veliu “godet“ Vjosen: Oj trashaluqe duhesh mi hjek killat për mu…..,152,medium_121_250,0.5765515551988636,0.42344844480113647,0,0.5765515551988636,uncertain,False,false_negative
current_app_model,fake_1081,1081,1,fake,"Isa Mustafa: Ne Shqiptarët e Kosovës jemi me Amerikën, kurse Albin Kurti….",81,short_61_120,0.15990908886213306,0.8400909111378669,1,0.8400909111378669,likely_fake,True,correct
current_app_model,fake_1084,1084,1,fake,E pabesueshme se çfarë vendimi pritet të merr Presidenti Hashim Thaçi nëse e…,107,short_61_120,0.14333848952828,0.85666151047172,1,0.85666151047172,likely_fake,True,correct
current_app_model,fake_1085,1085,1,fake,Glauk Konjufca: Bëhuni gati…Nesër është vetëm nxemje!,170,medium_121_250,0.9513823630351885,0.04861763696481151,0,0.9513823630351885,likely_real,False,false_negative
current_app_model,fake_1090,1090,1,fake,Politikani Serb ‘zbulon’ dy politikanët e Kosovës që po bashkëpunojnë me…,176,medium_121_250,0.4584052221978647,0.5415947778021353,1,0.5415947778021353,uncertain,True,correct
current_app_model,fake_1092,1092,1,fake,"Abdulla Hoti “godet“ Lëvizjen Vetëvendosje, ja çka i thotë!",112,short_61_120,0.7581422249752512,0.24185777502474878,0,0.7581422249752512,likely_real,False,false_negative
current_app_model,fake_1101,1101,1,fake,Ky kombinim po i çmend të gjithë: Bëhu me fIokë duke përdorur bananen,194,medium_121_250,0.6115921707127404,0.3884078292872596,0,0.6115921707127404,uncertain,False,false_negative
current_app_model,fake_1104,1104,1,fake,"Nuk hapen xhamitë as në ditët e fundit të Ramazanit, edhe ne Hoxhallarët duam pushim",378,long_gt_250,0.9856461529707412,0.014353847029258812,0,0.9856461529707412,likely_real,False,false_negative
current_app_model,fake_1106,1106,1,fake,"Behgjet Pacolli “befason“ me fjalë: E deshtët apo Jo, Halil Kastrati nuk ban “NONA“ tjetër në Shqiptari",75,short_61_120,0.13729794406017337,0.8627020559398266,1,0.8627020559398266,likely_fake,True,correct
current_app_model,fake_1108,1108,1,fake,Vjosa po vjen me parti të re politike me 9 deputet!,44,very_short_le_60,0.0668395026981109,0.9331604973018891,1,0.9331604973018891,likely_fake,True,correct
current_app_model,fake_1117,1117,1,fake,"Albin Kurtit do ti ndodhë më e keqja, Ja çka paralajmëron Pacolli",362,long_gt_250,0.3884079508085917,0.6115920491914083,1,0.6115920491914083,uncertain,True,correct
current_app_model,fake_1119,1119,1,fake,Detaje të reja: Zbulohen mesazhet zyrtare për rastin e 26 vjeçarit që vdiq dje në Qendrën e Studentëve,84,short_61_120,0.5115467315494495,0.4884532684505504,0,0.5115467315494495,uncertain,False,false_negative
current_app_model,fake_1121,1121,1,fake,Vali Corleone flet për Hashim Thaçin e Albin Kurtin: Ja kush janë këta!,73,short_61_120,0.16252455513912745,0.8374754448608726,1,0.8374754448608726,likely_fake,True,correct
current_app_model,fake_1135,1135,1,fake,Hoxhaj: Kurr sdo të bëhet mirë pa ardhur në krye të Kosovës Kadri Veseli,107,short_61_120,0.01766549318346955,0.9823345068165305,1,0.9823345068165305,likely_fake,True,correct
current_app_model,fake_1138,1138,1,fake,Hyn dhe Voto dr. Shefqet Krasniqin për imam të xhamisë së re në Prishtinë,104,short_61_120,0.025378218737602043,0.974621781262398,1,0.974621781262398,likely_fake,True,correct
current_app_model,fake_1165,1165,1,fake,Çmimi i lartë do tju trondit se sa do të kushtojë një vaksinë anti-korona që e keni patjetër ta merrni!,86,short_61_120,0.0028679071319182015,0.9971320928680818,1,0.9971320928680818,likely_fake,True,correct
current_app_model,fake_1174,1174,1,fake,"Vjen thirrja e fundit për zgjedhje të parakohshme, pas Albinit e penzionojnë edhe Avdullah Hotin",104,short_61_120,0.0484527215239543,0.9515472784760457,1,0.9515472784760457,likely_fake,True,correct
current_app_model,fake_1179,1179,1,fake,"Bekim Jashari: Albin Kurti , ‘Nuse e mirë po duket por t’ja shohim çeizin’!",110,short_61_120,0.007038531442133067,0.9929614685578669,1,0.9929614685578669,likely_fake,True,correct
current_app_model,fake_1180,1180,1,fake,"Avdullah Hoti fyen rëndë të gjithë myslimanët që falën nëpër xhami, duke i quajtur…?",81,short_61_120,0.025456715858941048,0.974543284141059,1,0.974543284141059,likely_fake,True,correct
current_app_model,fake_1183,1183,1,fake,"Kadri Veseli e ‘pren’ punën e xhamisë, nuk do ta besoni se a dha lejen për ndërtimin apo jo?",88,short_61_120,0.33106877956041403,0.668931220439586,1,0.668931220439586,uncertain,True,correct
current_app_model,fake_1186,1186,1,fake,"I gjithë shteti në Alarm, Ja ‘Lajmin që e solli nga Haga’ Hashim Thaçi dhe Kadri Veseli",99,short_61_120,0.00621879560281724,0.9937812043971828,1,0.9937812043971828,likely_fake,True,correct
current_app_model,fake_1191,1191,1,fake,"Specialisti italian na i qetëzoi zemrat të gjithëve: ‘Kjo është e vërteta e koronavirusit, mos bini pre e biznismenëve’",91,short_61_120,0.004264191389339866,0.9957358086106601,1,0.9957358086106601,likely_fake,True,correct
current_app_model,fake_1194,1194,1,fake,"Media Gjermane: Merkel është e përfshirë në një skandal, ndihmoi Hashim Thaçin me 2 miliardë Euro?",90,short_61_120,0.00781757403195682,0.9921824259680432,1,0.9921824259680432,likely_fake,True,correct
current_app_model,fake_1197,1197,1,fake,Urime KOSOVË / Qeveria e Izraelit zyrtarisht ofron këtë ndihmë pë çdo qytetar të Kosovës,96,short_61_120,0.029968146536401896,0.9700318534635981,1,0.9700318534635981,likely_fake,True,correct
current_app_model,fake_1199,1199,1,fake,"Pse shumë njerëz po dështojnë? Cili meriton të kalon i pari, i dyti dhe i fundit?",109,short_61_120,0.004201967882584423,0.9957980321174156,1,0.9957980321174156,likely_fake,True,correct
current_app_model,fake_1224,1224,1,fake,"Ndërron jetë Luan Bajra pak ditë para martesës, i riu vuante nga kjo sëmundje! Ngushllime familjes Bajra",77,short_61_120,0.0038589810107722,0.9961410189892278,1,0.9961410189892278,likely_fake,True,correct
current_app_model,fake_1226,1226,1,fake,URIME NA QOFTË / Oxford jep rezultatet e para pozitive të vaksinës që zhduk tërësisht virusin,74,short_61_120,0.0010600421503029755,0.998939957849697,1,0.998939957849697,likely_fake,True,correct
current_app_model,fake_1230,1230,1,fake,"Vjosa Osmani me lot në sy pranon largimin e saj nga politika, fjalimi i plotë i saj…?",87,short_61_120,0.0006556198636878952,0.9993443801363121,1,0.9993443801363121,likely_fake,True,correct
current_app_model,fake_1234,1234,1,fake,"Viola Cramon ‘trondet’ Kosovën, tregon se cilët dy politikan i than ‘Mos nai liberalizoni vizat pa i fitu na zgjedhjet’",103,short_61_120,0.006092234047281098,0.9939077659527189,1,0.9939077659527189,likely_fake,True,correct
current_app_model,fake_1243,1243,1,fake,"Historike / DELAWIE: ‘O burra, ne ta harron Serbia që SHBA hjek dor nga Kosova, për at Zot i dua si vëllezër’",99,short_61_120,0.0036915955844605275,0.9963084044155395,1,0.9963084044155395,likely_fake,True,correct
current_app_model,fake_1245,1245,1,fake,"Hyri brenda në qabe dhe filmoi pamje nga brenda, u ‘trondit’ nga ajo që pa sepse se kishte menduar kurrë këtë?",84,short_61_120,0.0010810414611506225,0.9989189585388494,1,0.9989189585388494,likely_fake,True,correct
current_app_model,fake_1246,1246,1,fake,"Çmime jashtëzakonisht të ulëta në këto dyqane për shopping, NXITONI URGJENTISHT",87,short_61_120,0.02685631046321424,0.9731436895367858,1,0.9731436895367858,likely_fake,True,correct
current_app_model,fake_1260,1260,1,fake,"Skena shumë të nxehta, çmendet Edona Llalloshi dhe bën rezil udhëheqësen te ‘Shiko kush luan’",93,short_61_120,0.004325181505493547,0.9956748184945065,1,0.9956748184945065,likely_fake,True,correct
current_app_model,fake_1266,1266,1,fake,LAJMI I FUNDIT Nga Gjermania – BE-ja më në fund iberalizohen vizat për Kosovarët,98,short_61_120,0.0005778964200211512,0.9994221035799788,1,0.9994221035799788,likely_fake,True,correct
current_app_model,fake_1274,1274,1,fake,Mustafa Nano e tepron / E vetmja shpresë për shqiptarin është ardhja e Albin Kurtit në pushtet,78,short_61_120,0.0007810668496516238,0.9992189331503484,1,0.9992189331503484,likely_fake,True,correct
current_app_model,fake_1275,1275,1,fake,"Mjer KOSOVA / Vuçiq e bën ‘hor’ Avduallah Hotin para BE-së, kurse Hoti vetëm shikon si i çmendur",98,short_61_120,0.03159862419589454,0.9684013758041055,1,0.9684013758041055,likely_fake,True,correct
current_app_model,fake_1279,1279,1,fake,"Ramiz Lladrovci: Pishpirikat e Vetëvendosjes nuk ti baj hesap, Albini Kurti ngelafç ngat mu?",106,short_61_120,0.00211417265927738,0.9978858273407226,1,0.9978858273407226,likely_fake,True,correct
current_app_model,fake_1285,1285,1,fake,"Kur e pyetën Albert Ajnshtajnin a besonte në Zot, përgjigja e tij la pa frymë gjith Botën",111,short_61_120,0.013707766081624717,0.9862922339183753,1,0.9862922339183753,likely_fake,True,correct
current_app_model,fake_1290,1290,1,fake,"URIME NA QOFTË / Mbyllen votimet në Maqedoninë e Veriut, shpallet kryeministri i parë shqipëtar atje",89,short_61_120,0.03929143611138397,0.960708563888616,1,0.960708563888616,likely_fake,True,correct
current_app_model,fake_1291,1291,1,fake,Artan Abrashi i VV-së / Krimineli Hashim Thaçi duheshte të jep dorëheqje para se të shkonte sepse sdo të kthehet?,99,short_61_120,0.0023639429155269953,0.997636057084473,1,0.997636057084473,likely_fake,True,correct
current_app_model,fake_1293,1293,1,fake,"Pas di vorcit, nëna gjen të d ashur: Ky është mesazhi që fëmijët kanë për t’i dhënë!",87,short_61_120,0.006461836197588555,0.9935381638024114,1,0.9935381638024114,likely_fake,True,correct
current_app_model,fake_1302,1302,1,fake,"BISEDA SEKRETE: Clinton-D’Alema më 23 mars, 1999 për ndërhyrjën e NATO-së në Kosovë",94,short_61_120,0.01398424355194361,0.9860157564480564,1,0.9860157564480564,likely_fake,True,correct
current_app_model,fake_1311,1311,1,fake,EKSKLUZIVE / Këto pamje të filmuara në 1999 të Gani Gecit bëjnë të qarta debatet e këtyre 20 viteve,100,short_61_120,0.3820237319034361,0.6179762680965639,1,0.6179762680965639,uncertain,True,correct
current_app_model,fake_1314,1314,1,fake,Hashim Thaçi ‘çartet’ dhe dridh gjithë Amerikën me fjalimin e tij për KOSOVËN HEROIKE,112,short_61_120,0.021714999873493235,0.9782850001265068,1,0.9782850001265068,likely_fake,True,correct
current_app_model,fake_1320,1320,1,fake,Gent Cakaj: Kur është në pyetje UÇK-ja duhet të jemi 1 or kafsha të pista të Kosovës,86,short_61_120,0.030953854378987566,0.9690461456210124,1,0.9690461456210124,likely_fake,True,correct
current_app_model,fake_1324,1324,1,fake,Mërgimtarët shqipëtar përlotin Hashim Thaçin me befasinë që ia bënë para Gjykatës së Hagës,87,short_61_120,0.0009665186603960985,0.9990334813396039,1,0.9990334813396039,likely_fake,True,correct
current_app_model,fake_1325,1325,1,fake,"Prifti shqipëtar Don Zefi: Ne shqipëtarët katolik vëllezër i kemi grekët dhe serbet,",103,short_61_120,0.0010907098667906068,0.9989092901332094,1,0.9989092901332094,likely_fake,True,correct
current_app_model,fake_1334,1334,1,fake,"E Fundit / Shkarkohet presidenti i Shqipërisë Ilir Meta, komisioni hetimor raporton që?",97,short_61_120,0.26993040938719925,0.7300695906128007,1,0.7300695906128007,likely_fake,True,correct
current_app_model,fake_1336,1336,1,fake,"Nuk e pranuan Hashim Thaçin në shtëpi, vjen reagimi i Bekim Jasharit ku tregon arsyen se pse?",102,short_61_120,0.002877617464471016,0.997122382535529,1,0.997122382535529,likely_fake,True,correct
current_app_model,fake_1346,1346,1,fake,Nga nesër bllokim i plotë i lëvizjes së qytetarëve në këto komuna të Kosovës?,95,short_61_120,0.03591627156181432,0.9640837284381857,1,0.9640837284381857,likely_fake,True,correct
current_app_model,fake_1351,1351,1,fake,Urime Kosovë / Grenell zyrtarisht jep datën kur mund kosovarët të udhëtojnë PA VIZA?,98,short_61_120,0.007148224764781608,0.9928517752352184,1,0.9928517752352184,likely_fake,True,correct
current_app_model,fake_1365,1365,1,fake,Shkëlzen Gashi: Kur un ju thoja nuk e besojshit të vërtetën e UÇK-së,99,short_61_120,0.019001939119974276,0.9809980608800257,1,0.9809980608800257,likely_fake,True,correct
current_app_model,fake_1371,1371,1,fake,Dokumenti i CIA 1978: Ky ishte politikani që i dha tokat shqipëtare Greqisë,101,short_61_120,0.014039640591999136,0.9859603594080009,1,0.9859603594080009,likely_fake,True,correct
current_app_model,fake_1379,1379,1,fake,"Shefqet Krasniqi: Mos keni frik nga ky virus, nëse e keni të shkruar do tjesh i fundit që dot kap",86,short_61_120,0.07250516919457184,0.9274948308054282,1,0.9274948308054282,likely_fake,True,correct
current_app_model,fake_1382,1382,1,fake,‘Dorëzohet Sërbia’ / Numri i viktimave nga virusi në Sërbi thyen rekordin botëror,74,short_61_120,0.009685467369020762,0.9903145326309792,1,0.9903145326309792,likely_fake,True,correct
current_app_model,fake_1385,1385,1,fake,Merkel ia terron Vuçiqit me këtë kërkesë që ia bëri në lidhje me kufijtë dhe njohjen e pavarsisë së Kosovës,87,short_61_120,0.007912365663869436,0.9920876343361306,1,0.9920876343361306,likely_fake,True,correct
current_app_model,fake_1395,1395,1,fake,Krijesë e huaj misterioze me ‘krahët që duken njerëzore’ i vë në dyshim mendjet e njerëzve,85,short_61_120,0.004458682889751042,0.995541317110249,1,0.995541317110249,likely_fake,True,correct
current_app_model,fake_1396,1396,1,fake,Ju Lutem Shpërndaje Që Ta shohin Gjithë / Ja se çfarë po ju ndodh qytetarëve që po udhëtojnë për në Europë,93,short_61_120,0.00479838422587664,0.9952016157741234,1,0.9952016157741234,likely_fake,True,correct
current_app_model,fake_1413,1413,1,fake,Publikohen për herë të parë fotot e Anisa Josifit në shtratin e vd ekjes,100,short_61_120,0.020225088314557604,0.9797749116854424,1,0.9797749116854424,likely_fake,True,correct
current_app_model,fake_1415,1415,1,fake,Italia merr vendim të prerë për shtetin e Kosovës dhe bën apel në gjithë Europën për izolim 24 muajsh?,86,short_61_120,0.010220198641273104,0.9897798013587269,1,0.9897798013587269,likely_fake,True,correct
current_app_model,fake_1420,1420,1,fake,"Molliqaj: Hashim Thaçi nuk është anti-amerikan, është k riminel!",71,short_61_120,0.0002854592444296866,0.9997145407555703,1,0.9997145407555703,likely_fake,True,correct
current_app_model,fake_1424,1424,1,fake,Plaku nga Kosova: Evropa i ka borxh Kosovës,72,short_61_120,0.01803431146613166,0.9819656885338683,1,0.9819656885338683,likely_fake,True,correct
current_app_model,fake_1426,1426,1,fake,LAJM I FUNDIT:Nuk do mund ta besoni se ku ndodhet në Këto momente Hashim Thaçi,86,short_61_120,0.0007506917642670086,0.999249308235733,1,0.999249308235733,likely_fake,True,correct
current_app_model,fake_1432,1432,1,fake,Këta zyrtarë priten të largohen nga LDK-ja! arsyeja shkarkimi Vjoses?,76,short_61_120,0.0034235374417708186,0.9965764625582292,1,0.9965764625582292,likely_fake,True,correct
current_app_model,fake_1434,1434,1,fake,A do të vazhdojë të jetë antare e LDKsë? Ja çka thotë Osmani,77,short_61_120,0.001945055379652394,0.9980549446203476,1,0.9980549446203476,likely_fake,True,correct
current_app_model,fake_1441,1441,1,fake,Zbulohet vendin ku ndodhen 28 ton flori!,103,short_61_120,0.035661626454655315,0.9643383735453447,1,0.9643383735453447,likely_fake,True,correct
current_app_model,fake_1450,1450,1,fake,"Besa Gaxherri: Vjosa Duhet Të Matet, Nuk Është E Rrugës Me Luftu Shtëpinë E Vet",91,short_61_120,0.0021164815798337955,0.9978835184201662,1,0.9978835184201662,likely_fake,True,correct
current_app_model,fake_1451,1451,1,fake,"Erdogan ndan lajmin më të keq pas pandemisë së fundit, shpreh ngushllimet e tij të sinqerta",86,short_61_120,0.023811753812297498,0.9761882461877025,1,0.9761882461877025,likely_fake,True,correct
current_app_model,fake_1454,1454,1,fake,"I dërgon gabimisht shefit një foto pa rroba, përgjigja e tij e lë pa fjalë",96,short_61_120,0.002661365959526818,0.9973386340404732,1,0.9973386340404732,likely_fake,True,correct
current_app_model,fake_1461,1461,1,fake,Djaloshi ne Prishtine gjen 1450 Euro dhe nje qeles te vetures.,99,short_61_120,0.00011976273121083736,0.9998802372687892,1,0.9998802372687892,likely_fake,True,correct
current_app_model,fake_1465,1465,1,fake,"Gjermania në kërkim të 472 mijë punëtorëve, këto janë profilet më të kërkuara",88,short_61_120,0.12187727708496121,0.8781227229150388,1,0.8781227229150388,likely_fake,True,correct
current_app_model,fake_1466,1466,1,fake,"Ky pe.nsioner mbante një th.esar në shtëpi, nuk e dinte",94,short_61_120,0.005388835220904498,0.9946111647790955,1,0.9946111647790955,likely_fake,True,correct
current_app_model,fake_1473,1473,1,fake,"Karkalecat pushtojnë Lindjen e Mesme, bll.okohet qarkullimi i automjeteve",93,short_61_120,0.03105004160177227,0.9689499583982277,1,0.9689499583982277,likely_fake,True,correct
current_app_model,fake_1474,1474,1,fake,Christopher Hill rrë.fen momente të lu.ftës në Kosovë: Çfarë më tha Millosheviçi pas takimit me UÇK-në,101,short_61_120,0.12770744532693523,0.8722925546730648,1,0.8722925546730648,likely_fake,True,correct
current_app_model,fake_1475,1475,1,fake,Nuk keni pë ta besuar se cila këngëtare kosovare është kjo vogëlushe,96,short_61_120,0.13243460631976256,0.8675653936802374,1,0.8675653936802374,likely_fake,True,correct
current_app_model,fake_1484,1484,1,fake,"E mbajti të fshehtë, futbollisti shqiptar bëhet baba për herë të parë",88,short_61_120,0.09761543772253733,0.9023845622774627,1,0.9023845622774627,likely_fake,True,correct
current_app_model,fake_1488,1488,1,fake,Kilogrami shitet 0ër 1.000 Euro / Gjenden në këtë vend,80,short_61_120,0.042543085937160385,0.9574569140628396,1,0.9574569140628396,likely_fake,True,correct
current_app_model,fake_1492,1492,1,fake,Vjosa Osmani po i bashkohet LVV ? Edhe zogjtë e malit e dinë ..,92,short_61_120,0.017455854213424105,0.9825441457865759,1,0.9825441457865759,likely_fake,True,correct
current_app_model,fake_1498,1498,1,fake,"Hapi i madh i Ramës, arreston zyrtarin e larte te LVV / Reagon Kurti ..",95,short_61_120,0.030795244519368214,0.9692047554806318,1,0.9692047554806318,likely_fake,True,correct
current_app_model,fake_1503,1503,1,fake,"Afrim Muqiqi jep lajmin e madh, nga kjo datë dasmat do të bahen dhe urime të gjithëve",83,short_61_120,0.02897056754405869,0.9710294324559413,1,0.9710294324559413,likely_fake,True,correct
current_app_model,fake_1511,1511,1,fake,"Ak sident i tm errshëm , treni g odet veturën me 5 u dhëtarë",90,short_61_120,0.016964597277283167,0.9830354027227168,1,0.9830354027227168,likely_fake,True,correct
current_app_model,fake_1513,1513,1,fake,"Ky është shteti, qytetarët e të cilit tr.adhtojnë më shumë partnerin",99,short_61_120,0.027181021109553116,0.9728189788904469,1,0.9728189788904469,likely_fake,True,correct
current_app_model,fake_1519,1519,1,fake,"Dorëzohet Vuçiqi, vendos ta pranon Republikën e Kosovës për shkak të kësaj arsye?",73,short_61_120,0.022778292255047128,0.9772217077449529,1,0.9772217077449529,likely_fake,True,correct
current_app_model,fake_1531,1531,1,fake,"E fundit! Shp.ërthen bo.mbula e gazit, e moshuara në gjendje të rëndë",92,short_61_120,0.04423026147397524,0.9557697385260248,1,0.9557697385260248,likely_fake,True,correct
current_app_model,fake_1533,1533,1,fake,EKSLUZIVE – Ja kush po i kerkon Albinit debat televiziv nuk do ta besoni,87,short_61_120,0.0010166604403515356,0.9989833395596485,1,0.9989833395596485,likely_fake,True,correct
current_app_model,fake_1538,1538,1,fake,"Ndërron jetë këngëtarja e njohur, pati g.oditje në tru",78,short_61_120,0.0923989962735291,0.9076010037264709,1,0.9076010037264709,likely_fake,True,correct
current_app_model,fake_1542,1542,1,fake,"HlSTORlA e shqiptarit që ka HABlTUR rrjetet sociaIe, a ja vIen të Ie gruan për rusen e pasur",100,short_61_120,0.0548809888093621,0.9451190111906379,1,0.9451190111906379,likely_fake,True,correct
current_app_model,fake_1544,1544,1,fake,"Gold AG p ublikon këngën e re, krejt Mediat serbe po shkruajn",88,short_61_120,0.009538938968256971,0.990461061031743,1,0.990461061031743,likely_fake,True,correct
current_app_model,fake_1545,1545,1,fake,Nuk do ta besoni qfare thote Glauk Konjufca per kreun e LVV-se,90,short_61_120,0.019434290562637124,0.9805657094373629,1,0.9805657094373629,likely_fake,True,correct
current_app_model,fake_1547,1547,1,fake,"Izraeli apo Turqia, cila e ka u shtrinë më të fortë",81,short_61_120,0.18015610075515565,0.8198438992448444,1,0.8198438992448444,likely_fake,True,correct
current_app_model,fake_1551,1551,1,fake,"Presidentja E Kroacisë I’a Thotë Në Sy Mogherinit: Kosovës Duhet Të I’a Jepni Liberalizimin, Sepse Kosovarët E Meritojnë Këtë Gjë Dhe Shumë Gjëra Tjera!",91,short_61_120,0.012786914827709883,0.9872130851722901,1,0.9872130851722901,likely_fake,True,correct
current_app_model,fake_1552,1552,1,fake,E pabesueshme: Adelina rr.ëfen se si e ka kapur politikanin e njohur duke vje.dhur para,90,short_61_120,0.012548972688312565,0.9874510273116874,1,0.9874510273116874,likely_fake,True,correct
current_app_model,fake_1556,1556,1,fake,Jam tri.shtuar nga vd.ekja tra.gjike e të riut 26-vjeçar nga Gjilani,92,short_61_120,0.08900903346762001,0.91099096653238,1,0.91099096653238,likely_fake,True,correct
current_app_model,fake_1557,1557,1,fake,"E FUNDIT: Paralajmërimi i Kurtit dr.idh Kosoven, ja qka tha",96,short_61_120,0.0043503304587935165,0.9956496695412065,1,0.9956496695412065,likely_fake,True,correct
current_app_model,fake_1563,1563,1,fake,"Pacolli: Telefonin e kam përplot me kë.rcënime, jam i fr.ikësuar nga militantet e VV-së!!",100,short_61_120,0.011701478475171556,0.9882985215248284,1,0.9882985215248284,likely_fake,True,correct
current_app_model,fake_1564,1564,1,fake,"LDK para cop.ëtimit – ka përpl.asje të mëdha, zbulohet se disa figura të larta partiake",92,short_61_120,0.16059838018020212,0.8394016198197979,1,0.8394016198197979,likely_fake,True,correct
current_app_model,fake_1567,1567,1,fake,"Po pastronte shtëpinë e gjyshërve kur gjeti diçka në dysheme, kur e hapi u sh.okua nga ajo që pa",114,short_61_120,0.00553252085328193,0.9944674791467181,1,0.9944674791467181,likely_fake,True,correct
current_app_model,fake_1568,1568,1,fake,Lajm i mire/ Me ne fund del data se kur do levizim me makina pa marr leje,97,short_61_120,0.0033971310008965583,0.9966028689991034,1,0.9966028689991034,likely_fake,True,correct
current_app_model,fake_1569,1569,1,fake,Rama pu.blikon statistikat/ Shqipëria vendi europian që ka menaxhuar më mirë situatën e CoVi.d-19,111,short_61_120,0.021361676941274887,0.9786383230587251,1,0.9786383230587251,likely_fake,True,correct
current_app_model,fake_1574,1574,1,fake,Nuk ishte t.ërmet as v.ullkan por diçka e fr.ikshme që rallë kush …,99,short_61_120,0.012815449358104969,0.987184550641895,1,0.987184550641895,likely_fake,True,correct
current_app_model,fake_1593,1593,1,fake,Lajmi tr.ondit mediat greke e italiane: Nexhmija e dinte që Enveri…,101,short_61_120,0.061046536157027265,0.9389534638429727,1,0.9389534638429727,likely_fake,True,correct
current_app_model,fake_1594,1594,1,fake,"Pamje shokuese , gruaja hidhet nga ballkoni i PALLATIT ! (Video)",55,very_short_le_60,0.018725188443085683,0.9812748115569143,1,0.9812748115569143,likely_fake,True,correct
current_app_model,fake_1601,1601,1,fake,Vjen SUPER LAJMI Italianët bëjnë zbulimin që do na rikthejë në normalitet nga COVID-19,192,medium_121_250,0.03584604113564338,0.9641539588643566,1,0.9641539588643566,likely_fake,True,correct
current_app_model,fake_1606,1606,1,fake,"LAJMI I FUNDIT: E shpërfilli  virusin COVID-19, Presidenti del Pozitiv i…!",122,medium_121_250,0.17323540486208322,0.8267645951379168,1,0.8267645951379168,likely_fake,True,correct
current_app_model,fake_1609,1609,1,fake,"LAJMI I FUNDIT: Ky është super lajm,Mjeku jep shpresë  sa i perket COVID-19, për popullin e Kosovës!",127,medium_121_250,0.09700505511053581,0.9029949448894642,1,0.9029949448894642,likely_fake,True,correct
current_app_model,fake_1610,1610,1,fake,"LAJMI I FUNDIT: Tronditet skena politike, pas shum rastev me Koronavirus jep doreheqje Ministri i Shendetsise në…!",150,medium_121_250,0.30898147750935456,0.6910185224906454,1,0.6910185224906454,uncertain,True,correct
current_app_model,fake_1611,1611,1,fake,E FUNDIT: Do befasoheni Çfarë i bëri sot bashkë Vjosa Osmanin dhe Albin Kurtin?,113,short_61_120,0.016122888155873594,0.9838771118441264,1,0.9838771118441264,likely_fake,True,correct
current_app_model,fake_1613,1613,1,fake,"Veton Surroi: UÇK nuk ishte ushtri çlirimtare, po kan lyp me…!",122,medium_121_250,0.06093554487741193,0.9390644551225881,1,0.9390644551225881,likely_fake,True,correct
current_app_model,fake_1616,1616,1,fake,"LAJM I PAPRITUR KY!: Vjosa Osmani Presidente e vendit, ja si dhe kur mund të ndodh?",149,medium_121_250,0.012421599981659148,0.9875784000183409,1,0.9875784000183409,likely_fake,True,correct
current_app_model,fake_1619,1619,1,fake,Fatmir Limaj: ”Albini as pragun ska me kalu ne Zgjedhje te reja keni me pa O Popull”? – VIDEO,114,short_61_120,0.002507578751013151,0.9974924212489868,1,0.9974924212489868,likely_fake,True,correct
current_app_model,fake_1622,1622,1,fake,Shpërthen Ganimete Musliu kundër VV-së: Të pafytyrë e po t’ja…!,118,short_61_120,0.02825779871671641,0.9717422012832836,1,0.9717422012832836,likely_fake,True,correct
current_app_model,fake_1624,1624,1,fake,"LAJMI I FUNDIT: Pas aktakuzës ndaj Thaçit e Veselit, PDK merr këtë vendim te papritur nga askush..!",132,medium_121_250,0.07837380073755795,0.921626199262442,1,0.921626199262442,likely_fake,True,correct
current_app_model,fake_1625,1625,1,fake,"Kjo video nga Glauk Konjufca ta bën Zemrën mal, Ja çka thoshte ai për Gjykatën Speciale",85,short_61_120,0.018541945918599256,0.9814580540814007,1,0.9814580540814007,likely_fake,True,correct
current_app_model,fake_1641,1641,1,fake,Tunës ka përfunduar në këtë gjendje pas shum se…!,78,short_61_120,0.18455691838601118,0.8154430816139888,1,0.8154430816139888,likely_fake,True,correct
current_app_model,fake_1647,1647,1,fake,"Nuk është më kryeministër, por Oriola tregon hapur simpatinë e saj për Albin Kurtin",104,short_61_120,0.017708127817030572,0.9822918721829694,1,0.9822918721829694,likely_fake,True,correct
current_app_model,fake_1648,1648,1,fake,Godet Thaci : o Albin e more popullin nqaf me ato protesta shikoje numrin e te inf ekt uarve o ti po lyp…?,92,short_61_120,0.0028801003216810672,0.9971198996783189,1,0.9971198996783189,likely_fake,True,correct
current_app_model,fake_1653,1653,1,fake,Mjeku shqiptar trondit botën: Ja çfarë i pret të gjithë njerëzit e prekur nga COVID-19,375,long_gt_250,0.906751112182977,0.093248887817023,0,0.906751112182977,likely_real,False,false_negative
current_app_model,fake_1655,1655,1,fake,LAJMI I FUNDIT – Ja cili politikan i VV-s do te arrestohet nga Gjykata Speciale,118,short_61_120,0.0026050619441312373,0.9973949380558688,1,0.9973949380558688,likely_fake,True,correct
current_app_model,fake_1659,1659,1,fake,Kallashi O Albin Ta Hongsha Zemren Ty Je Zemra Kosoves Per Ty Kisha Vallzu Tanë Naten Ne…,151,medium_121_250,0.00010243407837196017,0.999897565921628,1,0.999897565921628,likely_fake,True,correct
current_app_model,fake_1660,1660,1,fake,"Kosovë, Pacienti Me Koronavirus Nga Spitali I Qon “Selam“ Labinot Tahirit (Video)",129,medium_121_250,0.001193421601448641,0.9988065783985514,1,0.9988065783985514,likely_fake,True,correct
current_app_model,fake_1667,1667,1,fake,"VIDEO EKSLUZIVE:Nëse Ke Ndonjë Nga Këto Monedha, Mund Të Bëhesh Shumë I Pasur Ja Pse",196,medium_121_250,0.1738493452566826,0.8261506547433174,1,0.8261506547433174,likely_fake,True,correct
current_app_model,fake_1674,1674,1,fake,LAJMI I FUNDIT – Bota po perballet nga nje rre zik tjeter ja per qfar behet fjale,145,medium_121_250,0.19612291939186433,0.8038770806081357,1,0.8038770806081357,likely_fake,True,correct
current_app_model,fake_1675,1675,1,fake,Befason Thaçi: ‘Sa tjem gjall une Albini asnjehere nuk do te vendos per Kosoven sdo ta lejoj me…!,198,medium_121_250,0.07465573126601377,0.9253442687339862,1,0.9253442687339862,likely_fake,True,correct
current_app_model,fake_1676,1676,1,fake,Fatos Lubonja: Hashim Thaçi ka ber vepra te k eqia ndaj serbë të pafajshëm!! Ska vy me i bo,247,medium_121_250,0.03324199481231005,0.96675800518769,1,0.96675800518769,likely_fake,True,correct
current_app_model,fake_1687,1687,1,fake,Kjo Grua Nga Prishtina Në Ballkon Dhe Ajo Që Bën Më Ç.Mend Kalimtaret.. (Video),134,medium_121_250,0.08718617983232246,0.9128138201676775,1,0.9128138201676775,likely_fake,True,correct
current_app_model,fake_1692,1692,1,fake,LAJMI I FUNDIT – Nuk do ta besoni qfar do te ndodhe ne Kosove,135,medium_121_250,0.1721173762184358,0.8278826237815642,1,0.8278826237815642,likely_fake,True,correct
current_app_model,fake_1697,1697,1,fake,Shpallja e gjendjes së jashtëzakonshme në Kosovë/ Nuk do të ketë bllokim të plotë,167,medium_121_250,0.007470466685335575,0.9925295333146644,1,0.9925295333146644,likely_fake,True,correct
current_app_model,fake_1698,1698,1,fake,"Prekese: Sot u bëra nene pas 10 viteve martes, jam Nene e Trinjakëve, kush me uron i dhent Zoti ate qe i mungon ..",221,medium_121_250,0.0010487190748152964,0.9989512809251847,1,0.9989512809251847,likely_fake,True,correct
current_app_model,fake_1700,1700,1,fake,"Pipero: Jep lajmin e madh që e kemi pritur të gjithë, “Koronavirusi nuk do të…”",229,medium_121_250,0.814349548814091,0.18565045118590895,0,0.814349548814091,likely_real,False,false_negative
current_app_model,fake_1711,1711,1,fake,Video Eksluzive: Shikojeni Çka I Ndodhi Ketij Mërgimtarit Nga Kosova Në Finlandë,173,medium_121_250,0.12709139866720565,0.8729086013327944,1,0.8729086013327944,likely_fake,True,correct
current_app_model,fake_1714,1714,1,fake,Godet Kallashi ja qka thot per Albinin nuk do ta besoni,159,medium_121_250,0.0026833957001578534,0.9973166042998421,1,0.9973166042998421,likely_fake,True,correct
current_app_model,fake_1720,1720,1,fake,EKSLUZIVE – Vjosa Osmani zbulon detajet e partise te saj te re ja deputet sdo ta besoni,180,medium_121_250,0.05888552898019106,0.9411144710198089,1,0.9411144710198089,likely_fake,True,correct
current_app_model,fake_1729,1729,1,fake,Kush dhe pse e duan të vdekur Gani Gecin ???,177,medium_121_250,0.041800869060049206,0.9581991309399508,1,0.9581991309399508,likely_fake,True,correct
current_app_model,fake_1730,1730,1,fake,"Hoti do mbetet kryeministri më i suksesshëm në historinë e Kosovës, nëse Vuçiqi nuk e bën këtë",130,medium_121_250,0.03585736391352401,0.964142636086476,1,0.964142636086476,likely_fake,True,correct
current_app_model,fake_1732,1732,1,fake,Haki Abazi dridhe skenen politike ne Kosove me kete qe tha!,162,medium_121_250,0.81364574595654,0.18635425404346,0,0.81364574595654,likely_real,False,false_negative
current_app_model,fake_1737,1737,1,fake,Paralajmërohet ‘tronditja’ e madhe për PDK-në: Ja dy përplasjet e forta në këtë parti,88,short_61_120,0.0006094617809921932,0.9993905382190078,1,0.9993905382190078,likely_fake,True,correct
current_app_model,fake_1738,1738,1,fake,Tomë Gashi publikon videon e Besa Gaxherrit që tronditi Hashim Thaçin,122,medium_121_250,0.0029077105736059483,0.997092289426394,1,0.997092289426394,likely_fake,True,correct
current_app_model,fake_1740,1740,1,fake,Lajm bomb: Arrestohet djali i deputeti te Partis Demokratike,99,short_61_120,0.07071507654466802,0.929284923455332,1,0.929284923455332,likely_fake,True,correct
current_app_model,fake_1742,1742,1,fake,A eshte normal ky njeri? Kjo qe tha Mustafo Nano per Kosoven do iu cmend dhe nervozoj,107,short_61_120,0.002342057957277821,0.9976579420427222,1,0.9976579420427222,likely_fake,True,correct
current_app_model,fake_1746,1746,1,fake,"Hiqen te gjitha dyshimet, Kjo eshte partia e re e formuar nga Vjosa Osmani",98,short_61_120,0.0013297392110875883,0.9986702607889124,1,0.9986702607889124,likely_fake,True,correct
current_app_model,fake_1755,1755,1,fake,Çfarë sinjali po dërgon Ganimete Musliu tek Albin Kurti me një deklaratë të Ramush Haradinajt – përmendet vrasja e Fehmi Aganit!,65,short_61_120,3.304308901708186e-05,0.9999669569109829,1,0.9999669569109829,likely_fake,True,correct
current_app_model,fake_1757,1757,1,fake,"Ngjarje shokuese vjen nga Gjakova , atje sapo ndodhi kjo gje e keqe",69,short_61_120,0.00025513001774080113,0.9997448699822592,1,0.9997448699822592,likely_fake,True,correct
current_app_model,fake_1767,1767,1,fake,"Pamje të rralla, kur Leonora Jakupi shetiste me aeroplan në Drenicë  VIDEO",95,short_61_120,0.7611613305346759,0.23883866946532406,0,0.7611613305346759,likely_real,False,false_negative
current_app_model,fake_1768,1768,1,fake,Paralajmëroj katastrofë në Kosovë: Ja çka thotë Lul Raka,79,short_61_120,0.0007710751109092362,0.9992289248890908,1,0.9992289248890908,likely_fake,True,correct
current_app_model,fake_1783,1783,1,fake,"Një bionde kosovare kaq ekzotike, Blerta Veseli çmend me pozat në bikini",66,short_61_120,0.00017806474220027901,0.9998219352577997,1,0.9998219352577997,likely_fake,True,correct
current_app_model,fake_1785,1785,1,fake,"Viti 2020 vit i mallkuar, Zbulohet virusi tjeter me i rrezikshme se Koronavirusi",76,short_61_120,4.810780244235424e-05,0.9999518921975576,1,0.9999518921975576,likely_fake,True,correct
current_app_model,fake_1790,1790,1,fake,"Vjen nje goditje e rende per Arben Vitine , edhe kjo u tha per te!",104,short_61_120,0.00040313737352182244,0.9995968626264782,1,0.9995968626264782,likely_fake,True,correct
current_app_model,fake_1795,1795,1,fake,"Nora i deklason të gjitha, shfaqet veç në bikini nga plazhi ekspozon trupin si ‘peshk’",100,short_61_120,0.01160279186185087,0.9883972081381491,1,0.9883972081381491,likely_fake,True,correct
current_app_model,fake_1799,1799,1,fake,"Aksidente i rende ne Kosove , vdes ne vend ky person EMRI",67,short_61_120,0.0003577663255585062,0.9996422336744415,1,0.9996422336744415,likely_fake,True,correct
current_app_model,fake_1804,1804,1,fake,ALARMANTE/ Qeveria Hoti po na çon në katastrofë DETAJE EKSKLUZIVE,165,medium_121_250,0.25597998695719293,0.7440200130428071,1,0.7440200130428071,likely_fake,True,correct
current_app_model,fake_1811,1811,1,fake,Ky turp u dëgjua mbrëmë në Kosovë! Kështu bërtiti serbi,85,short_61_120,0.0013502459975368586,0.9986497540024631,1,0.9986497540024631,likely_fake,True,correct
current_app_model,fake_1814,1814,1,fake,"Ekspertët japin në alarm tjetër të keq: Vala e dytë ne Kosove e Covid-19 do nisë, ja kur",226,medium_121_250,0.005644634612516963,0.994355365387483,1,0.994355365387483,likely_fake,True,correct
current_app_model,fake_1815,1815,1,fake,A ekziston Virusi apo jo? Ky eshte lajmi i Fundit,96,short_61_120,0.009312120470395424,0.9906878795296046,1,0.9906878795296046,likely_fake,True,correct
current_app_model,fake_1819,1819,1,fake,"Kina paralajmëron botën: Keni kujdes, pneumoni vdekjeprurëse nga Kazakistani!",112,short_61_120,0.0025038223980273777,0.9974961776019726,1,0.9974961776019726,likely_fake,True,correct
current_app_model,fake_1820,1820,1,fake,"Shikon nje femije ne liqen, hyn ta shpetoje dhe shok.o.h.et nga ajo qe zbulon",89,short_61_120,7.1741634561584e-05,0.9999282583654384,1,0.9999282583654384,likely_fake,True,correct
current_app_model,fake_1826,1826,1,fake,"Hoteli 5 yje: 30 euro nata me ‘mëngjes, darkë dhe çadër’, bëhet fjalë për këtë bregdet të Shqipërisë",96,short_61_120,0.001492020740739064,0.9985079792592609,1,0.9985079792592609,likely_fake,True,correct
current_app_model,fake_1832,1832,1,fake,Publikohen emrat e nëntë aktorëve të ndarjes së Kosovës/ Sali Berisha: Ja trojka kryesore,109,short_61_120,0.0014175660310180582,0.9985824339689819,1,0.9985824339689819,likely_fake,True,correct
current_app_model,fake_1834,1834,1,fake,"Gjendja e Jashtëzakonshme? Flet Hashim Thaçi, ka një thirrje të fundit për qytetarët e Kosovës",109,short_61_120,0.007864202317602764,0.9921357976823972,1,0.9921357976823972,likely_fake,True,correct
current_app_model,fake_1839,1839,1,fake,"Video Eksluzive:U Mundua T’i Prishte Martesën Me Tjetrën, I Shoqi E Tërheq Zvarrë Për Flokësh",104,short_61_120,0.14254351578249158,0.8574564842175084,1,0.8574564842175084,likely_fake,True,correct
current_app_model,fake_1848,1848,1,fake,Me këtë imazh Edona po e dëshmon që vajza po bëhet më e bukur se nëna,96,short_61_120,0.5218840173338977,0.4781159826661023,0,0.5218840173338977,uncertain,False,false_negative
current_app_model,fake_1861,1861,1,fake,"Vetëm një lugë nga kjo përbërje çdo mëngjes dhe zorrët tuaja do të pastrohen nga mbetjet, në 2 minuta!",375,long_gt_250,0.7664539158785635,0.23354608412143657,0,0.7664539158785635,likely_real,False,false_negative
current_app_model,fake_1873,1873,1,fake,Zbulim i ri: Kjo simptomë e re e koronavirusit po shfaqet tek të moshuarit,448,long_gt_250,0.9527109802941257,0.047289019705874326,0,0.9527109802941257,likely_real,False,false_negative
current_app_model,fake_1874,1874,1,fake,Si të bini nga pesha në dy javë duke konsumuar vezë të ziera,441,long_gt_250,0.16635578116779348,0.8336442188322065,1,0.8336442188322065,likely_fake,True,correct
current_app_model,fake_1885,1885,1,fake,"Infermierja e infektuar me Covid-19 i lutet kolegëve: Mos më lini të vdes, kam fëmijë",247,medium_121_250,0.8331140178319903,0.16688598216800968,0,0.8331140178319903,likely_real,False,false_negative
current_app_model,fake_1894,1894,1,fake,"Merret nëpërmjet hundës, ky është ilaçi që pritet të kurojë koronavirusin",162,medium_121_250,0.420230564351766,0.579769435648234,1,0.579769435648234,uncertain,True,correct
current_app_model,fake_1898,1898,1,fake,"Për kokë të mamit e kapa”, filmojnë “diskun” e çuditshëm që lëviz nëpër qiellin e Tiranës: Është UFO… e kapa, e kapa për Zotin e Madh!",100,short_61_120,0.013017578612021241,0.9869824213879788,1,0.9869824213879788,likely_fake,True,correct
current_app_model,fake_1904,1904,1,fake,"E mbajti të fshehtë, zbulohet më në fund kush është i dashuri i Fifit",130,medium_121_250,0.23370518365762616,0.7662948163423738,1,0.7662948163423738,likely_fake,True,correct
current_app_model,fake_1906,1906,1,fake,Befason profesori italian: Ka një kurë që e Zhduk Koronavirusin brenda 48 orëve,826,long_gt_250,0.9876881876438008,0.012311812356199141,0,0.9876881876438008,likely_real,False,false_negative
current_app_model,fake_1912,1912,1,fake,"Konfirmohet frika e kancelares Merkel, kjo është duke ndodhur me COVID-19 në Gjermani",206,medium_121_250,0.8916246251476028,0.10837537485239723,0,0.8916246251476028,likely_real,False,false_negative
current_app_model,fake_1913,1913,1,fake,Nuk ua merr mendja sa e bukur është bashkëshortja e Gold Ag,130,medium_121_250,0.1861749400261543,0.8138250599738457,1,0.8138250599738457,likely_fake,True,correct
current_app_model,fake_1917,1917,1,fake,Hëna që ju zgjidhni tregon tipin e personit me të cilin do të dashuroheni,370,long_gt_250,0.9529816623774251,0.047018337622574874,0,0.9529816623774251,likely_real,False,false_negative
current_app_model,fake_1920,1920,1,fake,"Gjethet e limonit, zgjidhja natyrale për problemet me fytin, migrenën dhe astmën!",332,long_gt_250,0.7486501331072856,0.25134986689271444,0,0.7486501331072856,likely_real,False,false_negative
current_app_model,fake_1923,1923,1,fake,"Hoxha i njohur nga Peja: Shkuarja në diskotekë nuk është haram, unë vetëm kam qenë aty",129,medium_121_250,0.5836760990178695,0.4163239009821305,0,0.5836760990178695,uncertain,False,false_negative
current_app_model,fake_1925,1925,1,fake,"Te gjithe Shqiptaret lene koken pas tyre, por ja se cfare nuk keni ditur per to, kur ta merrni vesh do t’i hani dhe me shume",472,long_gt_250,0.550399725625417,0.44960027437458305,0,0.550399725625417,uncertain,False,false_negative
current_app_model,fake_1928,1928,1,fake,Merrini gjethet e rrushit dhe ruajini ne ngrirje te frigoriferit dhe pervec japrakut ju do te beni dhe dicka tjeter fantastike,180,medium_121_250,0.17491345786711543,0.8250865421328846,1,0.8250865421328846,likely_fake,True,correct
current_app_model,fake_1931,1931,1,fake,Rezultoi 100% e suksesshme/ BE mbështet kurën izraelite kundër koronavirusit,171,medium_121_250,0.4762389229478503,0.5237610770521497,1,0.5237610770521497,uncertain,True,correct
current_app_model,fake_1932,1932,1,fake,Flet mjekja shqiptare në Kanada: Si të trajtoni virusin në kushtet e shtëpisë,2376,long_gt_250,0.9999425832410647,5.741675893534633e-05,0,0.9999425832410647,likely_real,False,false_negative
current_app_model,fake_1933,1933,1,fake,Erdogan vjen me një paralajmërim për mbarë njerëzimin,77,short_61_120,0.04950556580126886,0.9504944341987311,1,0.9504944341987311,likely_fake,True,correct
current_app_model,fake_1935,1935,1,fake,TRAGJlKE: Këngëtarja e njohur humb tre familjarë në një ditë prej Korona Virus,103,short_61_120,0.2504780462497942,0.7495219537502058,1,0.7495219537502058,likely_fake,True,correct
current_app_model,fake_1938,1938,1,fake,"Nobelisti japonez shokon botën: Koronavirusi u prodhua nga Kina, asnjë prej miqve të mi në Wuhan s’ma hap telefonin",353,long_gt_250,0.9416893529546628,0.05831064704533723,0,0.9416893529546628,likely_real,False,false_negative
current_app_model,fake_1939,1939,1,fake,Vjosa Osmani ia dërgon një “selam” LDK-së pak ditë para votimit të Qeverisë së re..,146,medium_121_250,0.14869947957531693,0.8513005204246831,1,0.8513005204246831,likely_fake,True,correct
current_app_model,fake_1951,1951,1,fake,Peci: Ukaj i tha kryetares Osmani “Ule gishtin se ta fus në b*** e ta…!?”,189,medium_121_250,0.12139038618883324,0.8786096138111668,1,0.8786096138111668,likely_fake,True,correct
current_app_model,fake_1960,1960,1,fake,"LAJMI I FUNDIT: Ky eshte vendimi i Vjosa Osmanit, formon partin e re?",117,short_61_120,0.01793252523187472,0.9820674747681253,1,0.9820674747681253,likely_fake,True,correct
current_app_model,fake_1963,1963,1,fake,"Me rrudha dhe e plakur, ‘Nermin’ nuk njihet më!",94,short_61_120,0.0004393135272812154,0.9995606864727188,1,0.9995606864727188,likely_fake,True,correct
current_app_model,fake_1967,1967,1,fake,"Lajm i madh sapo erdhi, nga Gjermania per Kosovën! URIMEE!",81,short_61_120,0.0025279830306993434,0.9974720169693007,1,0.9974720169693007,likely_fake,True,correct
current_app_model,fake_1979,1979,1,fake,Lajm i madh sa erdhi nga Gjermani: Ja kur do të hiqen vizat për Kosovën! URIMEE!,118,short_61_120,0.002954256220718432,0.9970457437792816,1,0.9970457437792816,likely_fake,True,correct
current_app_model,fake_1982,1982,1,fake,LAJMI I FUNDIT – Grenell merr kete vendim per Kosoven URIME !,106,short_61_120,0.02582976831645689,0.9741702316835431,1,0.9741702316835431,likely_fake,True,correct
current_app_model,fake_1988,1988,1,fake,"E FUNDIT: Harrojeni Koronavirusin, Ngjarje e rende po ndodhe ne Kosove",79,short_61_120,0.10840563977085593,0.8915943602291441,1,0.8915943602291441,likely_fake,True,correct
current_app_model,fake_1991,1991,1,fake,Eskalon gjithqka Gashi- Vjosa Osmanit: A je normal…? – Reagon kryeparlamentarja,120,short_61_120,0.20306572412667634,0.7969342758733237,1,0.7969342758733237,likely_fake,True,correct
