article_id,pair_id,label,label_name,title,word_count,sentence_count,avg_sentence_length,diacritic_ratio,uppercase_char_ratio,source_indicator_count,sensational_count,exclamation_count,probability_real,probability_fake,binary_prediction,decision,prediction_correct,error_type,length_group
true_24,24,0,real,"Po, pajtohem me ambasadorin e ShBA-së",391,19,20.58,0.073496,0.034203,0,0,3,0.9919205545662525,0.008079445433747551,0,likely_real,True,correct,long_gt_250
true_30,30,0,real,Zemaj: Testi për COVID-19 nuk u kërkohet qytetarëve që vijnë nga Shqipëria dhe Serbia,362,15,24.13,0.067097,0.05971,0,0,0,0.9913100064631392,0.008689993536860851,0,likely_real,True,correct,long_gt_250
true_31,31,0,real,Mjeku shqiptar: Mos u ndjeni të mbrojtur apo supermenë vetëm se keni maskë!,175,14,12.5,0.077228,0.046914,0,0,9,0.6722343428207591,0.32776565717924094,0,uncertain,True,correct,medium_121_250
true_33,33,0,real,LVV në Tiranë kundër ndryshimeve kushtetuese: Deformojnë vullnetin e qytetarëve dhe sistemin zgjedhor,488,16,30.5,0.082519,0.019729,1,0,1,0.9802619265043876,0.019738073495612418,0,likely_real,True,correct,long_gt_250
true_45,45,0,real,BE demanton mediat serbe të cilat raportuan se Brukseli po i jep ultimatum Serbisë për Kosovën,213,7,30.43,0.074662,0.039961,1,0,0,0.7275291929825651,0.2724708070174348,0,likely_real,True,correct,medium_121_250
true_46,46,0,real,"Reagon Mimoza Kusari për sulmin ndaj deputetit të VV-së: Kur ju iku marrja, ju iku edhe mendja e gënjejnë pa turp",118,4,29.5,0.051163,0.04142,0,0,0,0.39341145308129066,0.6065885469187093,1,uncertain,False,false_positive,short_61_120
true_50,50,0,real,"Detyrim për test corone në Gjermani, por si funksionon ai?",775,47,16.49,0.06728,0.038213,3,0,0,0.978418221724458,0.021581778275541995,0,likely_real,True,correct,long_gt_250
true_57,57,0,real,"Hoti: Autobusët, taksitë dhe kombibusët do të punojnë me gjysmën e kapaciteteve",65,3,21.67,0.081301,0.030201,0,0,0,0.8172869792822157,0.18271302071778428,0,likely_real,True,correct,short_61_120
true_60,60,0,real,33-vjeçarja e sëmurë u përdhunua nga fqinji/ Apeli prekës i vëllait,262,14,18.71,0.102778,0.014991,1,0,0,0.9182836220356387,0.08171637796436121,0,likely_real,True,correct,long_gt_250
true_64,64,0,real,"Thaçi viziton familjen e Murat dhe Enver Halitit, ndan urdhërin “Hero i Kosovës”",148,7,21.14,0.05618,0.053073,0,0,0,0.38101290719977576,0.6189870928002242,1,uncertain,False,false_positive,medium_121_250
true_66,66,0,real,Gjiganti turk bën gati ofertën zyrtare për djaloshin e Kosovës,209,7,29.86,0.071707,0.038536,0,0,0,0.9529514704778721,0.04704852952212791,0,likely_real,True,correct,medium_121_250
true_68,68,0,real,Zemaj e konfirmon: Qytetarëve të Shqipërisë që hyjnë në Kosovë nuk u kërkohet testi Covid-19,190,7,27.14,0.07853,0.060327,0,0,1,0.9228421620626791,0.0771578379373209,0,likely_real,True,correct,medium_121_250
true_70,70,0,real,"Nis Haxhi, BIK ka një njoftim për besimtarët myslimanë",199,6,33.17,0.086376,0.047884,1,0,0,0.9231515441633834,0.07684845583661663,0,likely_real,True,correct,medium_121_250
true_71,71,0,real,"Çfarë kërkuan serbet në Rambuje, e çfarë po kërkon sot Serbia nga Kosova",245,6,40.83,0.10099,0.047773,0,0,0,0.9184598093720395,0.08154019062796053,0,likely_real,True,correct,medium_121_250
true_77,77,0,real,Qeveria po na e bëjka varrimin kur të vdesim nga COVID-19...,127,7,18.14,0.062411,0.074275,0,0,2,0.8772633791691726,0.12273662083082736,0,likely_real,True,correct,medium_121_250
true_79,79,0,real,Mësoni kush është bashkëshortja e Driton Selmanajt,171,7,24.43,0.078842,0.035067,0,0,0,0.4159757274541471,0.5840242725458529,1,uncertain,False,false_positive,medium_121_250
true_100,100,0,real,Parashikon Albulena Haxhiu: Shpejt shihemi në zgjedhje të jashtëzakonshme,258,11,23.45,0.076351,0.025963,0,0,0,0.951340126499862,0.04865987350013803,0,likely_real,True,correct,long_gt_250
true_101,101,0,real,"Gjurmimi i COVID-19, cilat vende po e përjetojnë valën e dytë?",597,23,25.96,0.085902,0.027996,0,0,0,0.9884287497208601,0.011571250279139822,0,likely_real,True,correct,long_gt_250
true_110,110,0,real,"Arbana Xharra: Erdogan ndërton xhami te ne, kurse në Serbi çon biznesmenë",270,15,18.0,0.074027,0.045777,0,0,0,0.8581236956137432,0.14187630438625679,0,likely_real,True,correct,long_gt_250
true_112,112,0,real,"Masat kundër pandemisë, qeveria merr vendim edhe për çerdhet",74,3,24.67,0.06237,0.035176,0,0,0,0.8799390303886184,0.12006096961138159,0,likely_real,True,correct,short_61_120
true_116,116,0,real,Shtyhet gjykimi ndaj të akuzuarve për vrasjen e rojës së lokalit “Bon Vivant”,1192,33,36.12,0.062871,0.025637,11,0,0,0.9990642554674417,0.000935744532558248,0,likely_real,True,correct,long_gt_250
true_121,121,0,real,"Makiqi: Zotëri Hashani, kjo që e ke shkruar është rrena më e madhe! Qysh ki fytyrë...",973,57,17.07,0.064648,0.038529,0,0,1,0.9827962321634351,0.01720376783656488,0,likely_real,True,correct,long_gt_250
true_124,124,0,real,Ja vendimet e fundit nga Qeveria e Kosovës për aktivitetet kulturore e sportive,101,3,33.67,0.046584,0.037736,0,0,0,0.7820320034947428,0.21796799650525717,0,likely_real,True,correct,short_61_120
true_125,125,0,real,"Më në fund, Isa Mustafa e “pranoi” se e prishi koalicionin me VV-në",293,18,16.28,0.072683,0.056068,0,0,0,0.7583240448628032,0.24167595513719675,0,likely_real,True,correct,long_gt_250
true_129,129,0,real,"Burri pranon vrasjen e gruas gjatë pushimeve në Francë, para se të merrte avionin për t’u kthyer",365,20,18.25,0.06334,0.035842,1,0,0,0.9799698417540346,0.020030158245965383,0,likely_real,True,correct,long_gt_250
true_136,136,0,real,“Rrethohet Kuvendi i Kosovës - rrahën e shkallmohen në dajak - Deputetët e VV-së!?”,165,9,18.33,0.050047,0.066746,2,0,4,0.9172143480515341,0.08278565194846585,0,likely_real,True,correct,medium_121_250
true_163,163,0,real,Kujtim Shala polemizon me Meliza Haradinajn,179,8,22.38,0.077477,0.033113,0,0,0,0.9086136348496741,0.09138636515032596,0,likely_real,True,correct,medium_121_250
true_164,164,0,real,Flet zëvendëskryemistrja: Nuk do të ketë vendim që obligon qytetarët të vetizolohen pas kthimit nga Shqipëria,393,16,24.56,0.081426,0.035772,1,0,0,0.9678894733071698,0.03211052669283024,0,likely_real,True,correct,long_gt_250
true_169,169,0,real,Deputetja Albena Reshitaj tregon se është shëruar nga koronavirusi,231,9,25.67,0.065903,0.048373,0,0,0,0.8544433516795101,0.14555664832048984,0,likely_real,True,correct,medium_121_250
true_174,174,0,real,"Hashani: Aziz Makiqi, ku keni qenë ju gjatë okupimit?",181,6,30.17,0.064843,0.037323,0,0,1,0.7254856662213591,0.27451433377864093,0,likely_real,True,correct,medium_121_250
true_176,176,0,real,"Ministri Reçica viziton OVL-në, të lejohet përfitimi i pensioneve",224,8,28.0,0.078305,0.035652,0,0,0,0.9256319985855134,0.07436800141448663,0,likely_real,True,correct,medium_121_250
true_186,186,0,real,Aziz Makiqi: Disa njerëz në FHK kanë bërë çmos të mos na lejojnë t’i afrohemi Federatës,1091,56,19.48,0.074074,0.042185,1,0,0,0.9981741014695239,0.0018258985304760815,0,likely_real,True,correct,long_gt_250
true_189,189,0,real,Novosti: Tri vende janë të gatshme të rishqyrtojnë vendimin për njohjen e Kosovës,183,5,36.6,0.079258,0.028398,1,0,0,0.9302855894807779,0.0697144105192221,0,likely_real,True,correct,medium_121_250
true_195,195,0,real,Ky është deputeti i radhës nga Vetëvendosje i infektuar me COVID-19,97,5,19.4,0.057692,0.063181,0,0,0,0.739430897024508,0.26056910297549196,0,likely_real,True,correct,short_61_120
true_197,197,0,real,Kryetari i Prizrenit “ashpërsohet” me masat e Qeverisë,211,10,21.1,0.059295,0.029029,0,0,1,0.948431655393476,0.051568344606524014,0,likely_real,True,correct,medium_121_250
true_204,204,0,real,"A do të falet Kurban Bajrami në xhami? – Zemaj: Tubimet në masë, nga dita e nesërme do të ndalohen",197,14,14.07,0.069581,0.03337,0,0,0,0.9011552203490965,0.09884477965090349,0,likely_real,True,correct,medium_121_250
true_211,211,0,real,Google merr vendimin e papritur për punonjësit e vet,158,5,31.6,0.088594,0.028209,0,0,0,0.7684048507123536,0.23159514928764635,0,likely_real,True,correct,medium_121_250
true_212,212,0,real,"I moshuari nga Ferizaj akuzon shumë rëndë Thaçin dhe Veselin, kërkon të hiqet fotografia e tyre",118,5,23.6,0.067961,0.052542,0,0,0,0.2425319863235771,0.7574680136764229,1,likely_fake,False,false_positive,short_61_120
true_213,213,0,real,"Tetë të vdekur e numër rekord rastesh të reja me COVID-19, vjen alarmi i zyrtarit të LDK-së: Gjendja është shumë serioze",212,20,10.6,0.066667,0.102467,0,0,11,0.9677606603032926,0.032239339696707475,0,likely_real,True,correct,medium_121_250
true_219,219,0,real,"Policia ndalon ngjarjen, boksieri shqiptar nuk kursehet: Kush ma paguan...",429,31,13.84,0.072656,0.058997,4,0,1,0.9781385879391271,0.02186141206087284,0,likely_real,True,correct,long_gt_250
true_221,221,0,real,"Emocionuese, mërgimtari takohet me prindërit pas pesë vitesh",151,5,30.2,0.063452,0.0208,0,0,0,0.13458010807758214,0.8654198919224179,1,likely_fake,False,false_positive,medium_121_250
true_232,232,0,real,Këshilltari i Bidenit e vlerëson lart Thaçin,170,6,28.33,0.079179,0.041966,1,0,0,0.5038424306063541,0.49615756939364586,0,uncertain,True,correct,medium_121_250
true_234,234,0,real,"“Oj e shkretë”, kështu Vjosa Osmani i përgjigjet Avdullah Hotit",177,9,19.67,0.066863,0.045792,0,0,0,0.4896427905592864,0.5103572094407136,1,uncertain,False,false_positive,medium_121_250
true_238,238,0,real,Mehmeti: Hotin askush nuk e merr për seriozisht,236,9,26.22,0.074499,0.025916,0,0,0,0.954792432671691,0.04520756732830896,0,likely_real,True,correct,medium_121_250
true_240,240,0,real,Raporti evropian: Si e kapën shqiptarët tregun e drogës ne Evropë me çmime të ulëta dhe cilësi të lartë,1495,66,22.65,0.074763,0.021032,8,0,0,0.9985455961000059,0.001454403899994021,0,likely_real,True,correct,long_gt_250
true_248,248,0,real,"Cubat e maleve, s'ka kush i bën bashkë?!",624,23,27.13,0.051439,0.014957,2,0,1,0.24919140526097794,0.7508085947390221,1,likely_fake,False,false_positive,long_gt_250
true_252,252,0,real,"Flet Jakup Krasniqi pasi rezultoi pozitiv me Covid-19, tregon për gjendjen",108,8,13.5,0.06,0.048263,0,0,0,0.7771333615266236,0.22286663847337634,0,likely_real,True,correct,short_61_120
true_255,255,0,real,"Haradinaj: Nuk e di çfarë ka ndodhur në takimin Hoti-Vuçiq, por nuk besoj se Hoti bëri ndonjë tradhti",253,8,31.62,0.073408,0.042694,2,0,0,0.793297127248406,0.20670287275159402,0,likely_real,True,correct,long_gt_250
true_257,257,0,real,Si u bë feja islame kaq e ‘gjallë’ dhe atraktive!,990,52,19.04,0.073117,0.020005,1,0,9,0.9904958088964968,0.009504191103503206,0,likely_real,True,correct,long_gt_250
true_262,262,0,real,Caktohet një muaj paraburgim për 40-vjeçarin që ia preu kokën babait me sëpatë në Fushë Kosovë,171,11,15.55,0.085041,0.027202,0,0,0,0.8739208786200255,0.12607912137997448,0,likely_real,True,correct,medium_121_250
true_267,267,0,real,Driton Selmanaj jep lajmin e fundit për kompleksin memorial “Adem Jashari”,153,5,30.6,0.072948,0.044335,0,0,0,0.7511373374592958,0.24886266254070422,0,likely_real,True,correct,medium_121_250
true_271,271,0,real,"BE ende pa vendim për rihapjen e kufijve, amerikanët pritet të përjashtohen",480,18,26.67,0.074224,0.044665,3,0,0,0.9913991077686376,0.00860089223136239,0,likely_real,True,correct,long_gt_250
true_276,276,0,real,“Gazeta “Bota sot” shkatërron të këqijtë dhe përkrahë vlerat e përjetshme kombëtare”,223,10,22.3,0.08442,0.022165,1,0,1,0.8624290419172617,0.13757095808273834,0,likely_real,True,correct,medium_121_250
true_282,282,0,real,"Zogaj: “Bota sot”, zëdhënëse e shqiptarëve për liri",797,22,36.23,0.075926,0.014275,0,0,11,0.9972388875505122,0.0027611124494878714,0,likely_real,True,correct,long_gt_250
true_290,290,0,real,"Përdhunime, aborte… Detaje tronditëse, çfarë ndodh me gratë në burgjet e Koresë së Veriut",249,11,22.64,0.076242,0.022071,3,1,0,0.9272928917350852,0.07270710826491476,0,likely_real,True,correct,medium_121_250
true_298,298,0,real,Pse këto salca janë më të famshmet në botë?,342,15,22.8,0.083627,0.023111,0,0,0,0.9893188123574316,0.01068118764256843,0,likely_real,True,correct,long_gt_250
true_299,299,0,real,"“Kini mëshirë, dua të takoj fëmijët” Thirrja e të moshuarës shqiptare nga kampi sirian",191,10,19.1,0.08079,0.027902,0,0,0,0.8076004502119735,0.19239954978802656,0,likely_real,True,correct,medium_121_250
true_301,301,0,real,Zvicra nuk e përjashton testimin e detyrueshëm në aeroporte,433,27,16.04,0.069759,0.027248,2,0,0,0.9357521204324379,0.06424787956756209,0,likely_real,True,correct,long_gt_250
true_304,304,0,real,Llapi angazhon trajner nga Afrika e Jugut,324,24,13.5,0.060575,0.038114,0,0,0,0.8861147682387223,0.1138852317612777,0,likely_real,True,correct,long_gt_250
true_306,306,0,real,"Pavarësisht masave kundër COVID-19, xhamitë mbeten të hapura, të premten falet namazi i Kurban Bajramit",282,13,21.69,0.069312,0.048814,1,0,0,0.928298600974762,0.07170139902523798,0,likely_real,True,correct,long_gt_250
true_307,307,0,real,"Shkuan t’i prangosin, por komisionerët kishin vdekur! Kreu i SPAK: Nuk ishin ç’regjistruar, hetimi ishte sekret",341,26,13.12,0.072428,0.029412,3,0,1,0.9400602135240238,0.05993978647597619,0,likely_real,True,correct,long_gt_250
true_308,308,0,real,"Pesë muaj pasi u dogj në veturë, presidenti Thaçi e shpall hero Qerim Kelmendin",201,12,16.75,0.062883,0.075188,0,0,2,0.584052616870938,0.415947383129062,0,uncertain,True,correct,medium_121_250
true_317,317,0,real,Bastoret parashikojnë fituesin e Kupës së Kosovës,336,12,28.0,0.081935,0.032396,0,0,0,0.9619412238899764,0.03805877611002363,0,likely_real,True,correct,long_gt_250
true_323,323,0,real,Lautaro Martinez shënon gol të çmendur kundër Napolit,65,3,21.67,0.061224,0.050157,0,0,0,0.4049091284274581,0.5950908715725419,1,uncertain,False,false_positive,short_61_120
true_325,325,0,real,Ekskluzive: Flet protagonistja e videos virale “O shac”,293,15,19.53,0.067767,0.028571,0,2,0,0.7207611889726453,0.27923881102735465,0,likely_real,True,correct,long_gt_250
true_332,332,0,real,"Goditje e rëndë për Arsenalin, Shkodran Mustafi mungon deri në tetor",163,7,23.29,0.076693,0.044665,2,0,0,0.896872842829342,0.10312715717065807,0,likely_real,True,correct,medium_121_250
true_343,343,0,real,"“Përplasje fizike LDK-VV në Kuvend”, Gashi mohon të ketë pasur incident",104,6,17.33,0.066176,0.0746,1,0,0,0.8820089373153465,0.11799106268465355,0,likely_real,True,correct,short_61_120
true_345,345,0,real,"Fieraku lind me 6 gishta e probleme mendore, prindërit shpërthejnë në lot: Na dhunon, mos të ishin komshinjtë, sot do kishim 2 varre!",765,44,17.39,0.071604,0.01954,2,0,1,0.9462524087212998,0.053747591278700164,0,likely_real,True,correct,long_gt_250
true_351,351,0,real,Lë punën shitësi që nuk bëri asnjë ditë pushim për 38 vite radhazi,200,12,16.67,0.082727,0.020142,0,0,0,0.7673789257681402,0.23262107423185982,0,likely_real,True,correct,medium_121_250
true_352,352,0,real,"‘Do vriste katër persona’, policia aksion për kapjen e një të dënuari, në kërkim prej 5 vitesh. Ja ku u gjet",202,10,20.2,0.077629,0.037756,2,0,0,0.9547269018220074,0.045273098177992674,0,likely_real,True,correct,medium_121_250
true_353,353,0,real,"Valbon Krasniqi: Jemi keq, i lus qytetarët të jenë të kujdesshëm",450,12,37.5,0.086076,0.025412,3,0,0,0.9934224968532331,0.006577503146766896,0,likely_real,True,correct,long_gt_250
true_354,354,0,real,Aksident i rëndë në Prizren: Çiklisti goditet nga një veturë e cila e hedh disa metra larg,158,5,31.6,0.07832,0.021097,0,0,0,0.7369177454614957,0.26308225453850437,0,likely_real,True,correct,medium_121_250
true_355,355,0,real,"Andy Ruiz reklamon transformimin, para kthimit në ring",162,8,20.25,0.063542,0.037275,0,0,0,0.8048565769858602,0.19514342301413976,0,likely_real,True,correct,medium_121_250
true_362,362,0,real,Protestojnë artistët: Askush nuk mund ta rishkruajë Historinë e Kosovës,184,24,7.67,0.083964,0.02243,0,0,3,0.5040908952985013,0.49590910470149874,0,uncertain,True,correct,medium_121_250
true_367,367,0,real,“100 € për shërbim ekstra” Si i zbuloi agjenti i infiltruar 3 qendra estetike prostitucioni,652,51,12.78,0.068889,0.018435,5,0,0,0.9723111521632299,0.02768884783677001,0,likely_real,True,correct,long_gt_250
true_368,368,0,real,"“Gjuhen” me fjalë, Rina Balaj e Erza Jusaj",252,13,19.38,0.050992,0.042553,0,0,0,0.9368128837503935,0.06318711624960653,0,likely_real,True,correct,long_gt_250
true_369,369,0,real,Haziri i ashpërson kritikat ndaj Hotit: Nuk jam kryetar për të numëruar të vdekurit nga Covid-19,266,20,13.3,0.067187,0.033683,0,0,0,0.9735582406839524,0.026441759316047652,0,likely_real,True,correct,long_gt_250
true_375,375,0,real,"Nga abstenimi i Xhafës tek ‘mungesa’ e Elisës, si u votua për shkarkimin e Metës",198,5,39.6,0.033409,0.097561,0,0,0,0.566965410438236,0.433034589561764,0,uncertain,True,correct,medium_121_250
true_383,383,0,real,"Gjermania vendi më i pëlqyer në botë, lë pas SHBA, Kinën dhe Rusinë",230,8,28.75,0.088125,0.045283,0,0,0,0.9330397197110298,0.06696028028897022,0,likely_real,True,correct,medium_121_250
true_384,384,0,real,"Edi Rama ia uron Lorik Canës ditëlindjen, paralajmëron bashkim kombëtar",451,11,41.0,0.0814,0.025834,0,0,1,0.9726748182772234,0.027325181722776648,0,likely_real,True,correct,long_gt_250
true_394,394,0,real,Gjermania refuzon propozimin e Trumpit për lejimin e kthimit të Rusisë në Grupin G7,247,9,27.44,0.073636,0.045161,0,0,0,0.7867270061920671,0.21327299380793288,0,likely_real,True,correct,medium_121_250
true_395,395,0,real,"Njihuni me fshatin ku paraja dhe pushteti nuk kanë vlerë, çdo gjë falas",272,13,20.92,0.078488,0.023488,0,0,0,0.8942430001503997,0.10575699984960028,0,likely_real,True,correct,long_gt_250
true_412,412,0,real,"Ischinger lobon për heqjen e vizave, von Cramon i reagon: Mos harro t’ua thash këtë Macronit dhe Rutte’s",170,7,24.29,0.066482,0.046275,0,0,0,0.30464163378531595,0.695358366214684,1,uncertain,False,false_positive,medium_121_250
true_415,415,0,real,Takimi Vuçiq – Vahrleyi u zhvillua në zyrat e misionit serb – aty ishte libri që ka në titull fjalët “Kosova dhe Metohia”,165,11,15.0,0.052438,0.061937,0,0,0,0.8396164977901681,0.16038350220983186,0,likely_real,True,correct,medium_121_250
true_417,417,0,real,"Vdesin 2 persona nga covid19 në Shqipëri, shkon në 53 numri i qytetarëve që kanë humbur jetën",87,3,29.0,0.068106,0.022495,1,0,0,0.7963604343796186,0.20363956562038146,0,likely_real,True,correct,short_61_120
true_423,423,0,real,Kryeprokurori: Ende s’dihet nëse Agon Musliu bëri vetëvrasje apo dikush e shtyri në vrasje,424,18,23.56,0.072032,0.020517,1,0,0,0.992373878049048,0.007626121950952027,0,likely_real,True,correct,long_gt_250
true_428,428,0,real,Grenell lajmërohet për takimin në Washington: Kosova dhe Serbia duhet ta shfrytëzojnë këtë mundësi,205,8,25.62,0.083609,0.043744,1,0,0,0.8372151844559177,0.16278481554408236,0,likely_real,True,correct,medium_121_250
true_430,430,0,real,"Labi: 87 vjeçares nga Istogu që mbeti e vetme 30 vjet më parë, pension 200 euro që prej sot",398,18,22.11,0.073679,0.026486,0,0,3,0.9222609144416004,0.07773908555839959,0,likely_real,True,correct,long_gt_250
true_433,433,0,real,Kek super i butë – Shije e lehtë fantastike,449,27,16.63,0.085612,0.017267,0,0,0,0.8323147541101724,0.1676852458898276,0,likely_real,True,correct,long_gt_250
true_434,434,0,real,​FSSHK kërkon në kuadër të rishikimit të buxhetit të aprovohet edhe shtesa në paga,192,8,24.0,0.082516,0.047431,0,0,0,0.9184993373758383,0.08150066262416172,0,likely_real,True,correct,medium_121_250
true_439,439,0,real,"Dikur jetoi në shpellë, sot është një nga liderët më të fuqishëm në botë",1196,60,19.93,0.075311,0.028201,2,0,0,0.9962303771478831,0.0037696228521168903,0,likely_real,True,correct,long_gt_250
true_451,451,0,real,"Kaq të rinjë prindërit e Taynes, sikur t’i kishte vëlla e motër",139,8,17.38,0.075778,0.027257,0,0,0,0.8225217765459312,0.17747822345406883,0,likely_real,True,correct,medium_121_250
true_454,454,0,real,Disa arsye se përse nuk duhet të flini përmbys,210,15,14.0,0.091983,0.011423,1,0,0,0.7825082172034696,0.21749178279653034,0,likely_real,True,correct,medium_121_250
true_463,463,0,real,"Gjyste Vulaj sfidon moshën, me foton e fundit la edhe njëherë nën hije vajzat e reja",113,7,16.14,0.054662,0.023857,0,0,0,0.3712093210783143,0.6287906789216857,1,uncertain,False,false_positive,short_61_120
true_465,465,0,real,Zgjerimi i familjes? Milot Rashica flet për planet,70,6,11.67,0.057831,0.043988,0,0,0,0.169992115662158,0.830007884337842,1,likely_fake,False,false_positive,short_61_120
true_472,472,0,real,"Elsa, vajza e Safetes jo veç këngëtare, ky është profesioni tjetër i saj",118,6,19.67,0.076324,0.027237,0,0,0,0.8036448195044523,0.19635518049554768,0,likely_real,True,correct,short_61_120
true_479,479,0,real,Mustafa i reagon VV-së: Akademik Kujtim Shala me dije…,168,9,18.67,0.068404,0.063889,0,0,1,0.8322602797158716,0.16773972028412842,0,likely_real,True,correct,medium_121_250
true_480,480,0,real,Sa palë syza ka Leonora Jakupi,106,7,15.14,0.067524,0.027559,0,0,0,0.5064428577347935,0.49355714226520647,0,uncertain,True,correct,short_61_120
true_481,481,0,real,Vjollca Haxhiu realizon foto të bukur në Dubai,77,6,12.83,0.074725,0.037333,0,0,0,0.5178545164461388,0.48214548355386116,0,uncertain,True,correct,short_61_120
true_483,483,0,real,Ky burrë e ha specin më të djegës në botë pa pirë asgjë,133,10,13.3,0.096866,0.032432,0,0,0,0.8563143389795722,0.14368566102042774,0,likely_real,True,correct,medium_121_250
true_486,486,0,real,Miss Valentina shfaqet superseksi me të zeza,62,4,15.5,0.082111,0.040293,0,0,0,0.6188478182858383,0.38115218171416165,0,uncertain,True,correct,short_61_120
true_495,495,0,real,"‘Eh moj Sara Hoxha mbas 5 vitesh, kur ta kapësh duke të të tradhtuar këtë laper’",238,15,15.87,0.05299,0.043391,0,0,0,0.5321704089415868,0.46782959105841315,0,uncertain,True,correct,medium_121_250
true_496,496,0,real,Në këto komuna janë konfirmuar 276 rastet e reja me koronavirus,113,10,11.3,0.06392,0.054614,0,0,0,0.8918800773244492,0.10811992267555086,0,likely_real,True,correct,short_61_120
true_508,508,0,real,Trajneri i njohur shqiptar ndërron jetë shkaku i Koronavirusit,128,8,16.0,0.053503,0.023511,0,0,6,0.45971778215415915,0.5402822178458409,1,uncertain,False,false_positive,medium_121_250
true_515,515,0,real,"Është 53 vjeç, por në këtë foto Eli Fara duket si një vajzë e re",102,5,20.4,0.111531,0.028986,0,0,0,0.8060353902836463,0.19396460971635368,0,likely_real,True,correct,short_61_120
true_520,520,0,real,Cilat janë simptomat që tregojnë nëse e keni kaluar koronavirusin,272,18,15.11,0.086709,0.018794,0,0,5,0.44910763961188604,0.550892360388114,1,uncertain,False,false_positive,long_gt_250
true_527,527,0,real,Sa shumë kanë ndryshuar aktorët e serialit “Kloni”,134,4,33.5,0.038462,0.085756,0,0,0,0.6900494920991853,0.30995050790081463,0,uncertain,True,correct,medium_121_250
true_528,528,0,real,"Një yll si Oriola Marashi, ndriçon edhe në mbrëmje",110,6,18.33,0.07728,0.022599,0,0,0,0.8610790447881378,0.13892095521186226,0,likely_real,True,correct,short_61_120
true_530,530,0,real,Morena ‘rrëzohet’ në rrafsh,63,5,12.6,0.061404,0.032727,0,0,0,0.3479368094291432,0.6520631905708568,1,uncertain,False,false_positive,short_61_120
true_531,531,0,real,"Ndërron jetë edhe një person i infektuar me Covid-19, nga Peja",57,4,14.25,0.059829,0.065934,0,0,0,0.7063643680498316,0.2936356319501684,0,likely_real,True,correct,very_short_le_60
true_535,535,0,real,Loredana: Zemër ty a të ka marrë malli?,154,8,19.25,0.086449,0.032164,0,0,0,0.9301353621305515,0.0698646378694485,0,likely_real,True,correct,medium_121_250
true_536,536,0,real,Arta Bajrami me çizme të gjata në pikë të verës,87,4,21.75,0.092929,0.024691,0,0,0,0.6009763967741459,0.3990236032258541,0,uncertain,True,correct,short_61_120
true_539,539,0,real,"Bukë me vaj, djathë e domate, pushuesi ndan fotot modeste nga Spilleja: Kaq kemi mundësi…",166,7,23.71,0.061768,0.023841,0,0,0,0.4099886853622732,0.5900113146377268,1,uncertain,False,false_positive,medium_121_250
true_544,544,0,real,"Besojeni ose jo, kjo ndërtesë nuk u shemb as me 300 kilogram tritol",72,6,12.0,0.079518,0.027273,1,0,1,0.3402360516650702,0.6597639483349298,1,uncertain,False,false_positive,short_61_120
true_545,545,0,real,Zyrtarja e huaj: Gratë mund të mbesin shtatzëna nëse notojnë bashkë me burrat,203,10,20.3,0.085875,0.022461,0,0,0,0.8255802798778887,0.17441972012211127,0,likely_real,True,correct,medium_121_250
true_553,553,0,real,MIloti e xhiron Edonën prapa kamerave,86,6,14.33,0.070565,0.034568,0,0,0,0.8952048607697752,0.10479513923022479,0,likely_real,True,correct,short_61_120
true_555,555,0,real,Atletes i ndodh e papritura gjatë ushtrimeve në palestër,88,5,17.6,0.074148,0.022113,0,0,0,0.5941454569684423,0.4058545430315577,0,uncertain,True,correct,short_61_120
true_556,556,0,real,"Vila e Esat pashë Toptanit, në fshatin Reth të Durrësit",283,13,21.77,0.066463,0.035276,2,0,1,0.9731389330854351,0.026861066914564878,0,likely_real,True,correct,long_gt_250
true_571,571,0,real,Kështu e zuri babai i saj Shyhreten me të dashurin,212,15,14.13,0.074106,0.029252,0,0,0,0.8158822348210415,0.18411776517895848,0,likely_real,True,correct,medium_121_250
true_573,573,0,real,"Thënie të Ibrahim Rugovës: Kokën mund të ma ndërrojnë, por mendimin kurrë!",461,26,17.73,0.087605,0.029572,0,0,1,0.992039042811406,0.007960957188594043,0,likely_real,True,correct,long_gt_250
true_580,580,0,real,"Dua Lipa lanson këngën e re, Tokyo e ‘Casa de Papel’ shkëlqen në videoklip",129,5,25.8,0.061166,0.053016,0,0,0,0.7762494277561848,0.2237505722438152,0,likely_real,True,correct,medium_121_250
true_582,582,0,real,"Sërish viza gjermane për ata me kontratë pune, por edhe pengesa",1095,53,20.66,0.075905,0.024289,9,0,0,0.987150168956049,0.012849831043951028,0,likely_real,True,correct,long_gt_250
true_583,583,0,real,Covid-19 u merr jetën dy mjekëve kosovarë,241,17,14.18,0.067003,0.035135,0,0,1,0.877176169872179,0.122823830127821,0,likely_real,True,correct,medium_121_250
true_584,584,0,real,Adelina e tepron me fustanin e shkurtër,76,9,8.44,0.08794,0.01875,0,0,0,0.7250251948215085,0.27497480517849154,0,likely_real,True,correct,short_61_120
true_585,585,0,real,"Sejdiu i gatshëm të kandidojë për president, nëse dorëhiqet Thaçi",152,10,15.2,0.062044,0.070444,0,0,0,0.3391309197559028,0.6608690802440972,1,uncertain,False,false_positive,medium_121_250
true_586,586,0,real,Menjëherë fshijeni nësë ju vjen ky mesazh në telefon,206,17,12.12,0.084936,0.018411,0,0,0,0.3203468229008736,0.6796531770991264,1,uncertain,False,false_positive,medium_121_250
true_592,592,0,real,"Kejvina bombastike, merr gjithë vëmendjen me paraqitjen e fundit!",90,7,12.86,0.049541,0.020408,0,0,1,0.26145766855816044,0.7385423314418396,1,likely_fake,False,false_positive,short_61_120
true_600,600,0,real,Gjashtë simptomat të lehta të Coronavirust që duhet t’i dini,1467,92,15.95,0.077695,0.043293,4,0,0,0.9989649822643528,0.0010350177356471485,0,likely_real,True,correct,long_gt_250
true_603,603,0,real,Krasniqi: Sot i kemi sjell para falimentimit të gjithë gastronomët e Kosovës,401,13,30.85,0.088747,0.021789,0,0,0,0.982167003849518,0.017832996150481912,0,likely_real,True,correct,long_gt_250
true_608,608,0,real,Pse duhet të konsumoni limon çdo ditë?,170,10,17.0,0.092224,0.022002,0,0,0,0.8365447581843419,0.16345524181565804,0,likely_real,True,correct,medium_121_250
true_611,611,0,real,"E pabesueshme, por ky do jetë çmimi i vaksinës për trajtimin e Covid 19",187,11,17.0,0.068161,0.027809,1,1,0,0.6888190777992783,0.3111809222007217,0,uncertain,True,correct,medium_121_250
true_612,612,0,real,A do të zgjatet leja për punëtorët nga Kosova në Gjermani?,163,8,20.38,0.082621,0.048894,3,0,0,0.8512766903529505,0.14872330964704944,0,likely_real,True,correct,medium_121_250
true_614,614,0,real,Vjen edhe reagimi i Leonora Jakupit për ndërtimin e xhamisë në Prishtinë,75,5,15.0,0.087678,0.04058,0,0,0,0.8328746171557257,0.16712538284427425,0,likely_real,True,correct,short_61_120
true_618,618,0,real,Haradinaj “godet” Hotin: Pse nuk e pyete edhe ti Vuçiqin a din shqip?,244,12,20.33,0.05256,0.041982,0,0,0,0.4591230531231135,0.5408769468768865,1,uncertain,False,false_positive,medium_121_250
true_619,619,0,real,"Haradinaj paralajmëron prishjen e koalicionit, i pakënaqur me Kryeministrin Hoti",167,6,27.83,0.053384,0.039535,0,0,0,0.46529533676991164,0.5347046632300884,1,uncertain,False,false_positive,medium_121_250
true_621,621,0,real,Isa Mustafa shërohet nga koronavirusi,140,5,28.0,0.059045,0.049922,0,0,0,0.5370631495938936,0.4629368504061064,0,uncertain,True,correct,medium_121_250
true_629,629,0,real,Tetë anesteziologë të QKUK-së infektohen me koronavirus,436,21,20.76,0.075633,0.046222,2,1,0,0.9954170003038364,0.004582999696163625,0,likely_real,True,correct,long_gt_250
true_631,631,0,real,4 mënyra natyrale si të largoni rrudhat nga fytyra,476,29,16.41,0.084787,0.017865,0,0,0,0.637945298832288,0.36205470116771205,0,uncertain,True,correct,long_gt_250
true_638,638,0,real,Vjen një lajm i mirë për veteranët e UÇK-së,132,4,33.0,0.079427,0.038017,0,0,0,0.844922252261785,0.1550777477382151,0,likely_real,True,correct,medium_121_250
true_652,652,0,real,Adea Pules i del kuki prej vendit,93,5,18.6,0.073077,0.021531,0,0,0,0.7059286297521,0.2940713702479,0,likely_real,True,correct,short_61_120
true_655,655,0,real,"Nëse i fsheh paratë në këto 8 vende, zëre se nuk i ke fare!",277,20,13.85,0.078796,0.010501,0,0,1,0.6694274141763041,0.33057258582369586,0,uncertain,True,correct,long_gt_250
true_671,671,0,real,Kosova hiqet nga harta – Dua Lipa nënshkruan peticionin,100,3,33.33,0.071301,0.042316,0,0,0,0.5293939963396481,0.4706060036603518,0,uncertain,True,correct,short_61_120
true_675,675,0,real,A është Fifi në lidhje? Përgjigjet këngëtarja,55,4,13.75,0.101307,0.03252,0,0,0,0.5831754449814359,0.41682455501856414,0,uncertain,True,correct,very_short_le_60
true_679,679,0,real,"Duke punuar kopshtin, çifti gjen kasafortën me mijëra dollarë e stoli ari",146,6,24.33,0.081481,0.02322,0,0,0,0.6856883804198797,0.3143116195801203,0,uncertain,True,correct,medium_121_250
true_680,680,0,real,Fitore Pacolli: Shpallja e gjendjes së jashtëzakonshme siç po ka dëshirë qeveria Hoti nuk është zgjidhje,394,14,28.14,0.067609,0.018519,3,0,0,0.9794890973310534,0.020510902668946628,0,likely_real,True,correct,long_gt_250
true_694,694,0,real,Nora Istrefi më në fund merr një vendim në lidhje me Robertin,117,6,19.5,0.063796,0.031936,0,0,0,0.40830843406133166,0.5916915659386683,1,uncertain,False,false_positive,short_61_120
true_702,702,0,real,Turku ia mbush dhomën me dhurata të shtrenjta Gentës,113,5,22.6,0.064567,0.035225,0,0,1,0.809612287419,0.19038771258099998,0,likely_real,True,correct,short_61_120
true_713,713,0,real,Shkencëtaret kinez: Covid-19 u shfaq për herë të parë në Spanjë,234,15,15.6,0.076758,0.038251,0,0,0,0.9451533756012815,0.054846624398718485,0,likely_real,True,correct,medium_121_250
true_721,721,0,real,Genci ia dedikon këto fjalë të bukura Enit me rastin e ditëlindjes,198,14,14.14,0.092523,0.026995,0,0,0,0.928919296333531,0.07108070366646904,0,likely_real,True,correct,medium_121_250
true_731,731,0,real,Kështu dukej Egzona para se të dashurohej me Albatritin,101,7,14.43,0.07401,0.033613,0,0,0,0.6147644549763019,0.38523554502369806,0,uncertain,True,correct,short_61_120
true_744,744,0,real,Vajza e ish-kryeministrit Bajram Rexhepi nuk lejohet nga e ëma t’i hyjë politikës,229,13,17.62,0.06837,0.036111,0,0,0,0.7108545216302158,0.28914547836978416,0,likely_real,True,correct,medium_121_250
true_745,745,0,real,Me këtë fustan del në park Qëndresa e Labit,89,5,17.8,0.080972,0.035533,0,0,0,0.4188287412242484,0.5811712587757516,1,uncertain,False,false_positive,short_61_120
true_747,747,0,real,Endrit Thaçi reagon pasi Gjykata Speciale ngriti aktakuzë ndaj babait të tij,92,5,18.4,0.059041,0.054054,0,0,0,0.26586563402787067,0.7341343659721293,1,likely_fake,False,false_positive,short_61_120
true_756,756,0,real,Angela Martini nuk i ndalë provokimet as në jaht,87,7,12.43,0.05835,0.022277,0,0,0,0.4835732266625118,0.5164267733374882,1,uncertain,False,false_positive,short_61_120
true_758,758,0,real,Aq shumë iu ka rritur gjoksi sa që Oriola Marashi po e mban me duar,98,4,24.5,0.05104,0.027907,0,0,0,0.5792387109655873,0.4207612890344127,0,uncertain,True,correct,short_61_120
true_760,760,0,real,Do të befasoheni se çfarë të vërtetash fshehen prapa serialeve turke,297,15,19.8,0.071038,0.023024,0,0,0,0.9593853979898916,0.04061460201010834,0,likely_real,True,correct,long_gt_250
true_765,765,0,real,"Sasa e “O sa mirë” plotë jetë, vitet thjeshtë numra janë për të",57,4,14.25,0.08125,0.031496,0,0,0,0.34365639829874983,0.6563436017012502,1,uncertain,False,false_positive,very_short_le_60
true_772,772,0,real,"Dhimbjet që mendoni se i keni nga dhëmbët, por në fakt kanë të bëjë me diçka tjetër",445,34,13.09,0.092075,0.017561,0,0,0,0.8961801807831257,0.10381981921687433,0,likely_real,True,correct,long_gt_250
true_781,781,0,real,Reperja e njohur e publikon nga afër tatuazhin në pjesën e të pasmeve,105,7,15.0,0.088398,0.016129,0,0,0,0.8401960051145069,0.15980399488549316,0,likely_real,True,correct,short_61_120
true_783,783,0,real,"“Nëntori i dytë”, ja pse u hoq pjesa kur Isa Boletini luftonte me serbët",1952,68,28.71,0.074195,0.026391,1,0,1,0.9997686789874504,0.00023132101254961992,0,likely_real,True,correct,long_gt_250
true_786,786,0,real,Ekskluzive: Alfred Cako zbulon vaksinën e Covid19 që shkakton vdekje dhe ndalon lindjet,46,5,9.2,0.045902,0.044898,0,1,0,0.1077410576054636,0.8922589423945364,1,likely_fake,False,false_positive,very_short_le_60
true_788,788,0,real,"Infekton 76 të ftuar me koronavirus babai i nuses, dasma kthehet në rast studimi",238,14,17.0,0.066763,0.02214,3,0,0,0.753568875057868,0.24643112494213204,0,likely_real,True,correct,medium_121_250
true_789,789,0,real,Ivanka Trump në secilën paraqitje pa sytjena,68,5,13.6,0.085492,0.041534,0,0,0,0.5779973977207691,0.4220026022792309,0,uncertain,True,correct,short_61_120
true_793,793,0,real,"Trusti s’do pengojë tërheqjen e kursimeve, kompensimi nga qeveria jo për të gjithë",942,28,33.64,0.077608,0.021147,4,0,0,0.9973947793581507,0.002605220641849358,0,likely_real,True,correct,long_gt_250
true_803,803,0,real,"Ambasada e SHBA-së në Kosovë apelon për kujdes, tubimi paqësor i LVV-së mund të bëhet i dhunshëm",263,16,16.44,0.072548,0.038157,1,0,0,0.9826778926206058,0.017322107379394196,0,likely_real,True,correct,long_gt_250
true_808,808,0,real,"Avdyli i del në krahë Osmanit: Kur do flasim ne të vertetën, atëherë keni me mbetë pa fjalë",244,12,20.33,0.062147,0.024518,0,0,0,0.34631416693619643,0.6536858330638036,1,uncertain,False,false_positive,medium_121_250
true_809,809,0,real,Gëzimja përgatit tortën më të bukur për vajzën,86,4,21.5,0.108333,0.020672,0,0,0,0.5441837824898488,0.4558162175101512,0,uncertain,True,correct,short_61_120
true_825,825,0,real,"Pasi u propozua për kryeministër konsensual Murat Jashari, vjen edhe reagimi nga Familja Jashari",258,14,18.43,0.070355,0.028014,0,0,0,0.65720979806306,0.34279020193694004,0,uncertain,True,correct,long_gt_250
true_830,830,0,real,Vjosa Osmani mbështet masat e reja të Albin Kurtit kundër Serbisë,221,7,31.57,0.070648,0.036123,0,0,0,0.6776739006408155,0.3223260993591845,0,uncertain,True,correct,medium_121_250
true_833,833,0,real,"Horoskopi, e shtunë 30 maj 2020",529,42,12.6,0.093845,0.02548,0,0,0,0.9772816890699566,0.022718310930043357,0,likely_real,True,correct,long_gt_250
true_835,835,0,real,"Veton Surroi mbetet pa tekst, ky është reagimi i tij për aktgjykimin",115,4,28.75,0.058172,0.048333,0,0,0,0.2340340769071939,0.7659659230928061,1,likely_fake,False,false_positive,short_61_120
true_856,856,0,real,​ Nesër në Bruksel mbahet takimi i ekspertëve,60,4,15.0,0.070352,0.051672,0,0,0,0.7230600024672273,0.2769399975327727,0,likely_real,True,correct,very_short_le_60
true_858,858,0,real,Qeveria ua heq kartonin e gjelbër atyre që hyjnë në Kosovë,185,5,37.0,0.085049,0.049669,1,0,0,0.9841724336539243,0.015827566346075704,0,likely_real,True,correct,medium_121_250
true_863,863,0,real,Ministri Zemaj komenton fotografin e Skender Hysenit pa maskë,223,8,27.88,0.074269,0.04797,0,0,0,0.9862062104450628,0.013793789554937127,0,likely_real,True,correct,medium_121_250
true_875,875,0,real,"Granata e gjetur te vendpunishtja e Xhamisë së Madhe, e kohës së Luftës së Dytë Botërore",107,5,21.4,0.08,0.05176,1,0,0,0.8824487853759443,0.11755121462405572,0,likely_real,True,correct,short_61_120
true_880,880,0,real,"Shtyhet raportimi i Agim Veliut në Komisionin për Siguri, polemika mes deputetëve",356,12,29.67,0.067871,0.039658,0,0,0,0.9762766000782892,0.023723399921710825,0,likely_real,True,correct,long_gt_250
true_887,887,0,real,"Vendet që morën nën kontroll pandeminë coronavirus, tani prapë po përballen me të",1294,43,30.09,0.077828,0.020803,3,0,0,0.9994398499868773,0.0005601500131227407,0,likely_real,True,correct,long_gt_250
true_888,888,0,real,Debat i nxehtë në Komisionin për Punë të Jashtme - VIDEO,71,2,35.5,0.073394,0.094286,0,0,0,0.8817978086481297,0.11820219135187032,0,likely_real,True,correct,short_61_120
true_889,889,0,real,Rrahjet mes deputetëve ndër vite në Kuvendin e Kosovës,721,30,24.03,0.062472,0.050644,2,0,0,0.9972287029368563,0.0027712970631436876,0,likely_real,True,correct,long_gt_250
true_890,890,0,real,Qeveria heq dorë nga vendimi për izolimin e atyre që kthehen nga Shqipëria!,178,8,22.25,0.069252,0.042697,1,0,1,0.9330444987412856,0.06695550125871436,0,likely_real,True,correct,medium_121_250
true_906,906,0,real,Oda Ekonomike kërkon të digjitalizohen disa shërbime dhe të licencohen laboratoret private,439,12,36.58,0.072485,0.010733,0,0,0,0.957089586042657,0.04291041395734294,0,likely_real,True,correct,long_gt_250
true_907,907,0,real,Prishtina edhe sot komuna me më së shumti raste me COVID-19,128,4,32.0,0.037611,0.064897,0,0,0,0.9311660163154868,0.06883398368451323,0,likely_real,True,correct,medium_121_250
true_908,908,0,real,Arrestohet gjilanasi për mashtrim me shitje të banesës,95,3,31.67,0.08363,0.0131,2,0,0,0.9444298236361158,0.05557017636388417,0,likely_real,True,correct,short_61_120
true_910,910,0,real,Fati i medias më të lexuar në Hungari Index në pikëpyetje pas largimit të shumicës së gazetarëve,349,10,34.9,0.068421,0.025806,1,0,0,0.9560783737560707,0.0439216262439293,0,likely_real,True,correct,long_gt_250
true_917,917,0,real,"Hoti: Situata po përkeqësohet, stafi shëndetësor i FSK-së do të integrohet në Ministri të Shëndetësisë",271,9,30.11,0.087676,0.043678,1,0,0,0.9955394094005002,0.004460590599499771,0,likely_real,True,correct,long_gt_250
true_931,931,0,real,Auditori: Policët ushtrojnë pozitat e punës në mospërputhje me gradat,382,9,42.44,0.079016,0.021511,6,0,0,0.9950131489026572,0.004986851097342802,0,likely_real,True,correct,long_gt_250
true_938,938,0,real,Partia Socialiste tërhiqet nga shkarkimi i Ilir Metës,474,15,31.6,0.063423,0.025316,3,0,0,0.9765263895512024,0.023473610448797613,0,likely_real,True,correct,long_gt_250
true_939,939,0,real,Philip Morris lejohet të komunikojë se IQOS redukton ekspozimin e dëmshëm,414,21,19.71,0.062893,0.051998,1,0,0,0.9289028373482795,0.07109716265172054,0,likely_real,True,correct,long_gt_250
true_945,945,0,real,Rekord i ri me raste pozitive me COVID-19 në Kosovë,216,9,24.0,0.046235,0.092593,1,0,0,0.9783873788947502,0.02161262110524975,0,likely_real,True,correct,medium_121_250
true_950,950,0,real,Hoti: Jemi në diskutime që rruga nacionale Prishtinë-Mitrovicë të shndërrohet në rrugë ndërkombëtare,263,11,23.91,0.080827,0.035168,2,0,0,0.9338904085489537,0.06610959145104635,0,likely_real,True,correct,long_gt_250
true_965,965,0,real,VIDEO: Vetura zyrtare në vikend merr udhë për kositje të barit,85,7,12.14,0.093496,0.066667,0,0,0,0.8042775867228833,0.19572241327711676,0,likely_real,True,correct,short_61_120
true_966,966,0,real,Pneumologu kosovar tregon si zhvillohet pneumonia te pacientët me COVID-19,620,33,18.79,0.063452,0.038762,1,0,0,0.9960349912143207,0.003965008785679299,0,likely_real,True,correct,long_gt_250
true_974,974,0,real,Mbi 10 mijë të infektuar me COVID-19 në Maqedoninë e Veriut,148,9,16.44,0.069922,0.053492,1,0,0,0.9908139418131948,0.009186058186805193,0,likely_real,True,correct,medium_121_250
true_975,975,0,real,VIDEO - Xhamia që u mbijetoi shekujve,465,14,33.21,0.069262,0.021216,0,0,0,0.988648853838783,0.011351146161217011,0,likely_real,True,correct,long_gt_250
true_979,979,0,real,Lihen në arrest shtëpiak policët e arrestuar për keqtrajtim të një të mituri,146,7,20.86,0.080931,0.03079,0,0,0,0.931225703466901,0.06877429653309901,0,likely_real,True,correct,medium_121_250
true_988,988,0,real,"Ilir Meta për Adem Demaçin: ""Mandela i Evropës"" dhe ""Saharovi"" ynë",320,12,26.67,0.074531,0.041833,0,0,2,0.8905966899092117,0.10940331009078835,0,likely_real,True,correct,long_gt_250
true_991,991,0,real,Evropa ime: T'u tregojmë vendin elitave të korruptuara të Ballkanit Perëndimor,1084,57,19.02,0.07059,0.037957,1,0,0,0.9975998642263778,0.0024001357736222234,0,likely_real,True,correct,long_gt_250
true_994,994,0,real,Ministria e Bujqësisë pagoi mbi 176 mijë euro për analiza që mund t'i kryente vetë,210,6,35.0,0.061527,0.031905,3,0,0,0.9297814469192371,0.0702185530807628,0,likely_real,True,correct,medium_121_250
true_1005,1005,0,real,Alarmante - Rreth 3 mijë raste aktive me COVID-19 në Kosovë,219,8,27.38,0.055817,0.060987,2,0,0,0.9946820919996056,0.005317908000394396,0,likely_real,True,correct,medium_121_250
true_1028,1028,0,real,Qeveria emëroi Bordin e përkohshëm i Telekomit të Kosovës,158,5,31.6,0.085487,0.052311,0,0,0,0.9695719604371437,0.030428039562856377,0,likely_real,True,correct,medium_121_250
true_1034,1034,0,real,Xhamia më e vjetër në Prishtinë një dekadë restaurim,275,12,22.92,0.079482,0.028223,1,0,0,0.9772182445633563,0.022781755436643732,0,likely_real,True,correct,long_gt_250
true_1037,1037,0,real,Osmani për Hotin: Duhet me hangër një thes kryp me dikë për me njoftë,186,6,31.0,0.077071,0.039072,0,0,0,0.6200810290477679,0.3799189709522321,0,uncertain,True,correct,medium_121_250
true_1042,1042,0,real,Raport: Bandat nga Ballkani tani janë kthyer në kontrabandistë globalë,773,24,32.21,0.06893,0.040806,11,0,0,0.9834158978285111,0.01658410217148891,0,likely_real,True,correct,long_gt_250
true_1054,1054,0,real,ORCA: 55% e profesorëve në UP nuk e justifikojnë titullin e tyre akademik,328,15,21.87,0.064947,0.04182,2,0,0,0.937462166007292,0.06253783399270792,0,likely_real,True,correct,long_gt_250
true_1055,1055,0,real,Boris Johnson: Kriza e COVID-19 përfundon nga mesi i vitit 2021,131,9,14.56,0.052693,0.03125,2,0,0,0.6625942686084823,0.33740573139151775,0,uncertain,True,correct,medium_121_250
true_1064,1064,0,real,Thaçi nuk do dialog teknik me Serbinë,217,10,21.7,0.075734,0.028517,0,0,0,0.920081581286549,0.07991841871345098,0,likely_real,True,correct,medium_121_250
true_1076,1076,0,real,"Pas dy muajve, Maqedonia e Veriut me asnjë viktimë nga COVID-19",143,8,17.88,0.067612,0.052555,2,0,0,0.9745755856140536,0.025424414385946472,0,likely_real,True,correct,medium_121_250
true_1079,1079,0,real,Hoti i shkruan letër Osmanit për raportimin në Kuvend pas takimit në Bruksel,90,4,22.5,0.067642,0.057522,0,0,0,0.9318287206646135,0.06817127933538643,0,likely_real,True,correct,short_61_120
true_1081,1081,0,real,"Mësimi në shtator mund të fillojë nga ekrani, ekspertët rekomandojnë më shumë udhëzime",1082,38,28.47,0.083659,0.024769,6,0,0,0.9993468740604642,0.0006531259395357629,0,likely_real,True,correct,long_gt_250
true_1084,1084,0,real,"Pas katër ditësh intervistim në Hagë, Thaçi kthehet sot në Kosovë",244,11,22.18,0.078629,0.047342,0,0,1,0.9153171978888752,0.08468280211112482,0,likely_real,True,correct,medium_121_250
true_1085,1085,0,real,Teatri i Podujevës bëhet me aktorë rezidentë,163,8,20.38,0.063551,0.056647,1,0,0,0.507215192986093,0.49278480701390703,0,uncertain,True,correct,medium_121_250
true_1090,1090,0,real,"Incident në një port iranian, disa anije përfshihen nga zjarri",224,13,17.23,0.073314,0.034853,1,0,0,0.9311830335876369,0.06881696641236314,0,likely_real,True,correct,medium_121_250
true_1092,1092,0,real,Mbi 13 milionë të infektuar me coronavirus në botë,466,26,17.92,0.070633,0.034086,4,0,0,0.9990468803617955,0.0009531196382045068,0,likely_real,True,correct,long_gt_250
true_1101,1101,0,real,"Hoti e Vuçiq zhvillojnë sot takim virtual, rinis dialogu Kosovë-Serbi",212,10,21.2,0.062359,0.076128,1,0,0,0.9465000129505674,0.053499987049432554,0,likely_real,True,correct,medium_121_250
true_1104,1104,0,real,Hoti paralajmëron shpalljen e gjendjes së jashtëzakonshme,285,11,25.91,0.067851,0.039739,0,0,0,0.9266084473625675,0.07339155263743245,0,likely_real,True,correct,long_gt_250
true_1106,1106,0,real,Abazi: Ligji për COVID-19 u refuzua e Hoti drejt shpalljes së gjendjes së jashtëzakonshme,392,15,26.13,0.070212,0.043945,0,0,0,0.941806118627779,0.05819388137222104,0,likely_real,True,correct,long_gt_250
true_1108,1108,0,real,COVID-19: Vdes veterani i UÇK-së nga Malisheva,123,11,11.18,0.059155,0.097826,0,0,0,0.9349816490161235,0.06501835098387652,0,likely_real,True,correct,medium_121_250
true_1117,1117,0,real,Anulohet udhëtimi i Thaçit për në Washington,113,7,16.14,0.063609,0.048913,0,0,0,0.30772867675334414,0.6922713232466559,1,uncertain,False,false_positive,short_61_120
true_1119,1119,0,real,Zemaj: Gjashtë pacientë me COVID-19 janë në kujdes intensiv,89,5,17.8,0.071795,0.069196,1,1,0,0.9840786843277198,0.015921315672280178,0,likely_real,True,correct,short_61_120
true_1121,1121,0,real,"Hoti raporton në Kuvend për dialogun: Ose do të ketë marrëveshje të mirë për Kosovën, ose s’do të ketë fare",297,17,17.47,0.080708,0.029232,1,0,0,0.9925743896610103,0.007425610338989692,0,likely_real,True,correct,long_gt_250
true_1135,1135,0,real,"Kosova synon njohjen nga Serbia, nuk dëshiron kompromis",952,39,24.41,0.075042,0.031886,1,0,0,0.9984663120426254,0.001533687957374614,0,likely_real,True,correct,long_gt_250
true_1138,1138,0,real,"Qeveritarët pa maska e me duarshtrëngime, përurojnë rrugën Deçan–Plavë - FOTO",288,10,28.8,0.086159,0.032082,3,0,0,0.97845151467215,0.02154848532785006,0,likely_real,True,correct,long_gt_250
true_1165,1165,0,real,Hoti nesër në Gjilan te kritikuesi i tij më i madh Lutfi Haziri,187,12,15.58,0.064488,0.06505,0,0,0,0.9790616457243019,0.020938354275698155,0,likely_real,True,correct,medium_121_250
true_1174,1174,0,real,"Të hyrat në gjashtë muajt e parë ranë për 8 %, shpenzimet u rritën për 38.7 milionë euro",219,13,16.85,0.067255,0.026823,5,0,0,0.9958379547052223,0.004162045294777667,0,likely_real,True,correct,medium_121_250
true_1179,1179,0,real,"Pini ilaçin e përgatitur vetë për ta shëruar diabetin, tipi 2",219,13,16.85,0.072006,0.033613,0,0,0,0.8525251981950833,0.1474748018049167,0,likely_real,True,correct,medium_121_250
true_1180,1180,0,real,Vetëm në këtë kënd të shtëpisë së Kylie Jenner gjendet një pasuri e tërë,140,7,20.0,0.082908,0.030449,0,0,0,0.9233008324216149,0.07669916757838517,0,likely_real,True,correct,medium_121_250
true_1183,1183,0,real,Sekreti i japonezëve për jetë të gjatë,212,17,12.47,0.082362,0.022222,1,0,1,0.8015820850975688,0.19841791490243124,0,likely_real,True,correct,medium_121_250
true_1186,1186,0,real,Fansi i çmendur bën tatuazh në trup fytyrën e Noizyt!,119,8,14.88,0.088748,0.035573,0,0,1,0.9002275592776559,0.09977244072234417,0,likely_real,True,correct,short_61_120
true_1191,1191,0,real,Infektohet edhe presidenti që tha se saunat dhe vodka janë ilaçe kundër Covid-19,155,7,22.14,0.053625,0.022305,0,0,0,0.9406142708004771,0.059385729199522945,0,likely_real,True,correct,medium_121_250
true_1194,1194,0,real,Pezullimi i përpjekjeve për anëtarësim në mekanizma ndërkombëtarë gabim i pa falshëm i Qeverisë Hoti,675,14,48.21,0.088548,0.02787,2,0,0,0.995277896885384,0.004722103114615916,0,likely_real,True,correct,long_gt_250
true_1197,1197,0,real,Dalin fotot e Gymysh me fustan të bardhë - shikoni sa nuse e bukur është bërë,189,8,23.62,0.073905,0.033898,0,0,0,0.9744684781740238,0.025531521825976154,0,likely_real,True,correct,medium_121_250
true_1199,1199,0,real,Jeni gati të shihni ndryshimin e radhës së Tayna-s?,177,9,19.67,0.070321,0.018158,0,0,0,0.9165585256557579,0.08344147434424208,0,likely_real,True,correct,medium_121_250
true_1224,1224,0,real,"Situata me Covid-19, kryeministri Hoti kërkon të vërehet dora e fortë e shtetit",145,5,29.0,0.072248,0.037975,1,0,0,0.9792277949211775,0.02077220507882245,0,likely_real,True,correct,medium_121_250
true_1226,1226,0,real,Super hiti është gati! Kënga e re e Encës dhe e Don Xhonit e ka një datë publikimi,82,6,13.67,0.068966,0.054755,0,0,1,0.48761505596238053,0.5123849440376195,1,uncertain,False,false_positive,short_61_120
true_1230,1230,0,real,Rasheli do ua hapë sytë me këtë imazh,114,5,22.8,0.049924,0.040741,0,0,0,0.9813131770567889,0.018686822943211112,0,likely_real,True,correct,short_61_120
true_1234,1234,0,real,Blero: Ky reper shqiptar është i preferuari im,155,8,19.38,0.08204,0.030345,0,0,0,0.9110800478613428,0.08891995213865726,0,likely_real,True,correct,medium_121_250
true_1243,1243,0,real,Deputetja e Kuvendit të Kosovës Eliza Hoxha është shëruar nga koronavirusi,702,48,14.62,0.078635,0.024284,0,0,8,0.9952053971402972,0.004794602859702756,0,likely_real,True,correct,long_gt_250
true_1245,1245,0,real,Pandora më në formë se kurrë feston ditëlindjen,82,4,20.5,0.076132,0.05303,0,0,0,0.965799483664762,0.034200516335238025,0,likely_real,True,correct,short_61_120
true_1246,1246,0,real,"Ja përse duhet të hani 1 thelb hudhër në esëll/ Bën mrekulli për organizmin, ja si",142,8,17.75,0.081021,0.020604,0,0,0,0.5658356904139766,0.43416430958602337,0,uncertain,True,correct,medium_121_250
true_1260,1260,0,real,Receta çudibërëse me farat e lirit: Të dobësohemi shëndetshëm dhe sigurt,418,24,17.42,0.085165,0.045521,1,0,0,0.9636872697470792,0.03631273025292079,0,likely_real,True,correct,long_gt_250
true_1266,1266,0,real,Receta e Cekës - Maregnore,244,17,14.35,0.057862,0.029333,1,0,0,0.8277086920871257,0.17229130791287434,0,likely_real,True,correct,medium_121_250
true_1274,1274,0,real,Koronavirusi anulon festimet e Vitit të Ri,162,9,18.0,0.057393,0.032028,0,0,0,0.9953246168618017,0.0046753831381983,0,likely_real,True,correct,medium_121_250
true_1275,1275,0,real,"Ç’do ndodhë me koronavirusin? OBSH në alarm, rritja e infektimeve po…",442,17,26.0,0.070665,0.040482,1,1,0,0.9980311965781978,0.001968803421802125,0,likely_real,True,correct,long_gt_250
true_1279,1279,0,real,Çfarë misteri i pazgjidhur fshihet në mes të selisë së CIA?,590,28,21.07,0.074346,0.030764,2,0,1,0.9963463511052579,0.0036536488947420467,0,likely_real,True,correct,long_gt_250
true_1285,1285,0,real,Prekëse: Kujdestari vishet bardhezi për t’ia plotësuar mungesën e nënës zebrës jetime,189,7,27.0,0.081209,0.038596,0,0,0,0.9245382439159158,0.07546175608408423,0,likely_real,True,correct,medium_121_250
true_1290,1290,0,real,Aleksander Vuçiq: Dialogu i Brukselit po ndodhë nga dëshira e Brukselit për ta përjashtuar Amerikën,262,13,20.15,0.080327,0.044764,0,0,0,0.9248311227852974,0.07516887721470261,0,likely_real,True,correct,long_gt_250
true_1291,1291,0,real,Kaçanikasi tenton t’i vrasë dy persona shkaku i një kontesti pronësor,249,11,22.64,0.069583,0.01638,2,0,0,0.9890583427986926,0.010941657201307381,0,likely_real,True,correct,medium_121_250
true_1293,1293,0,real,"U bë me vajzë por dëshironte djalë – Burri vret veten, e shoqja pëson atak kardiak",118,7,16.86,0.065185,0.031776,2,0,0,0.4393792111108673,0.5606207888891327,1,uncertain,False,false_positive,short_61_120
true_1302,1302,0,real,"OBSH: Rritje shqetësuese të rasteve nga coronavirusi në Ballkan, duhet të tregohemi vigjilentë",141,6,23.5,0.065288,0.053793,0,1,0,0.9790492322931008,0.020950767706899222,0,likely_real,True,correct,medium_121_250
true_1311,1311,0,real,"E akuzuan për ndërhyrje në Gjykatë, Von Cramon ia kthen Enver Hoxhajt: Kjo s’ndodh në demokraci, ndoshta në vendin tuaj po",254,13,19.54,0.06953,0.048658,0,0,0,0.8285415477500221,0.17145845224997794,0,likely_real,True,correct,long_gt_250
true_1314,1314,0,real,Ky është 22 vjeçari nga Peja që vdiq në aksidentin tragjik,94,4,23.5,0.06563,0.053996,1,0,0,0.8837915446803792,0.11620845531962078,0,likely_real,True,correct,short_61_120
true_1320,1320,0,real,Shikoni çfarë vozitje të shpejtë i bën veturës 60-vjeçarja shqiptare,145,8,18.12,0.079345,0.028007,0,0,0,0.4709504182019132,0.5290495817980868,1,uncertain,False,false_positive,medium_121_250
true_1324,1324,0,real,Turqia pezullon fluturimet shkaku i shtimit të rasteve të Covid-19,200,8,25.0,0.066773,0.035225,2,0,0,0.9929375434020257,0.007062456597974318,0,likely_real,True,correct,medium_121_250
true_1325,1325,0,real,"Zemaj dhe Ramadani pushojnë sot, i cojnë me e-mail njoftimet për situatën 24 orëshe me COVID-19",135,5,27.0,0.057937,0.076692,1,0,0,0.9935407027075751,0.006459297292424886,0,likely_real,True,correct,medium_121_250
true_1334,1334,0,real,"Tayna poston fotot provokuese dhe dërgon mesazhin, “Të josh dhe të bëj budalla, sa herë dua”",106,7,15.14,0.061192,0.021825,0,0,0,0.6952421067482852,0.3047578932517147,0,uncertain,True,correct,short_61_120
true_1336,1336,0,real,Presidenti në aktakuzë para Gjykatës Speciale dhe dialogu me Serbinë e sfidojnë shtetësinë e Kosovës,309,6,51.5,0.084061,0.028686,0,0,0,0.9915384268126679,0.008461573187332077,0,likely_real,True,correct,long_gt_250
true_1346,1346,0,real,Kështu e kujton Leonora babin në 22 vjetorin e vdekjes,75,5,15.0,0.05303,0.033113,0,0,0,0.8198836873366167,0.18011631266338335,0,likely_real,True,correct,short_61_120
true_1351,1351,0,real,Receta e Cekës: Omletë me mollë,157,12,13.08,0.072389,0.038304,0,0,0,0.45813252346844013,0.5418674765315599,1,uncertain,False,false_positive,medium_121_250
true_1365,1365,0,real,"Çdo natë para gjumit, pije këtë lëng dhe do largoni gjithçka nga barku, shkrin gjithë yndyrën, do t’ju heqi kilet e tepërta fare nga trupi",450,23,19.57,0.090379,0.014652,0,0,0,0.7974329382677694,0.20256706173223055,0,likely_real,True,correct,long_gt_250
true_1371,1371,0,real,Ku ngeli Alba Hoxha?,77,8,9.62,0.043779,0.059172,0,0,0,0.861991451298384,0.138008548701616,0,likely_real,True,correct,short_61_120
true_1379,1379,0,real,Isufi: Nuk ka aktakuzë që mund ta njollosë luftën e UÇK’së,214,6,35.67,0.07756,0.045914,0,0,0,0.9522993012930541,0.04770069870694591,0,likely_real,True,correct,medium_121_250
true_1382,1382,0,real,"Serwer: Aktakuza ndaj Thaçit e Veselit s’është personale, Kosova është në telashe",206,10,20.6,0.067991,0.045161,2,0,0,0.6845448676655319,0.3154551323344681,0,uncertain,True,correct,medium_121_250
true_1385,1385,0,real,"Është mashtrim, qeveria e kombinimit politik LDK me partnerët e PAN-it nuk e bëjnë ligjin Vetting",579,10,57.9,0.074019,0.031158,0,0,0,0.9928903901685404,0.0071096098314595525,0,likely_real,True,correct,long_gt_250
true_1395,1395,0,real,"Infektologu italian: Koronavirusi është dobësuar, ja kur pritet të zhduket",273,11,24.82,0.074375,0.025,1,0,0,0.974606283819809,0.025393716180191074,0,likely_real,True,correct,long_gt_250
true_1396,1396,0,real,Cramon për vizat: Ja kur pritet liberalizimi final,310,15,20.67,0.062227,0.039597,0,0,0,0.7126378566150509,0.2873621433849491,0,likely_real,True,correct,long_gt_250
true_1413,1413,0,real,Koronavirusi: Renditja e Kosovës krahas shteteve të rajonit,366,14,26.14,0.072021,0.049362,2,0,0,0.9989001490618453,0.00109985093815466,0,likely_real,True,correct,long_gt_250
true_1415,1415,0,real,"Trump për John Bolton: Askush nuk e donte në Shtëpinë e Bardhë, dukej i çmendur",344,14,24.57,0.064134,0.045648,0,0,0,0.9026100193248843,0.09738998067511573,0,likely_real,True,correct,long_gt_250
true_1420,1420,0,real,Haradinaj shkon i pari në takim me Avdullah Hotin,93,4,23.25,0.060219,0.06772,0,0,0,0.9259621389080185,0.07403786109198154,0,likely_real,True,correct,short_61_120
true_1424,1424,0,real,Zbulohet e vërteta: Ja çfarë pritet të ndodhë më 27 qershor në Shtëpinë e Bardhë,524,21,24.95,0.076521,0.033926,0,0,0,0.9730631063959408,0.02693689360405914,0,likely_real,True,correct,long_gt_250
true_1426,1426,0,real,Hoti i fton liderët e partive në zyrë për t’u koordinuar para udhëtimit në Washington,164,7,23.43,0.073413,0.049878,0,0,1,0.9578334210065529,0.04216657899344709,0,likely_real,True,correct,medium_121_250
true_1432,1432,0,real,Zbulohet substanca që e ul vdekshmërinë e pacientëve me Covid-19,344,15,22.93,0.087988,0.022868,0,0,0,0.9796256102388935,0.020374389761106452,0,likely_real,True,correct,long_gt_250
true_1434,1434,0,real,"Gati për të shijuar pushimet, Elita dhe Gjiko zgjedhin këtë destinacion brenda Shqipërisë",148,6,24.67,0.070766,0.041311,0,0,0,0.839384693210185,0.16061530678981492,0,likely_real,True,correct,medium_121_250
true_1441,1441,0,real,A është Nicki Minaj shtatzënë!,107,6,17.83,0.06734,0.039832,0,0,1,0.9256542335703908,0.07434576642960918,0,likely_real,True,correct,short_61_120
true_1450,1450,0,real,Stërvitja e parë e Valon Berishës te Reims,88,6,14.67,0.077519,0.059809,0,0,0,0.3193959764480696,0.6806040235519304,1,uncertain,False,false_positive,short_61_120
true_1451,1451,0,real,"Hoti e Hyseni presin në takim ambasadorët e QUINT-it, flasin për dialogun me Serbinë",218,7,31.14,0.062147,0.067637,0,0,0,0.9620887461227076,0.0379112538772924,0,likely_real,True,correct,medium_121_250
true_1454,1454,0,real,Çavuşoğlu: Ajasofja është çështje e sovranitetit të Turqisë,188,6,31.33,0.071006,0.055966,0,0,0,0.9527702533780901,0.047229746621909895,0,likely_real,True,correct,medium_121_250
true_1461,1461,0,real,"8 të vdekur nga koronavirusi brenda ditës në Kosovë, shkon në 177 numri i përgjithshëm i viktimave",65,3,21.67,0.076372,0.023739,1,0,0,0.8781280179017159,0.12187198209828407,0,likely_real,True,correct,short_61_120
true_1465,1465,0,real,Lëngu i qepës së kuqe/ Kura natyrale për stomakun dhe alergjitë,340,22,15.45,0.081067,0.030056,2,0,0,0.7465023440079215,0.2534976559920786,0,likely_real,True,correct,long_gt_250
true_1466,1466,0,real,"Bilanci i pandemisë në botë, mbi 16 milionë raste me COVID-19",283,12,23.58,0.070595,0.039231,1,0,0,0.9975025693201223,0.002497430679877705,0,likely_real,True,correct,long_gt_250
true_1473,1473,0,real,"Certifikohen rezultatet zgjedhore, shqiptarët me 32 mandate në Kuvendin e Maqedonisë së Veriut",112,5,22.4,0.045849,0.094136,0,0,0,0.4709638785238166,0.5290361214761834,1,uncertain,False,false_positive,short_61_120
true_1474,1474,0,real,Turqia reagon kundër djegies së flamurit turk në Greqi,341,10,34.1,0.066764,0.04089,2,0,0,0.9925567941472956,0.0074432058527043755,0,likely_real,True,correct,long_gt_250
true_1475,1475,0,real,Policia izraelite arreston 3 fëmijë palestinezë në Kuds,129,6,21.5,0.072303,0.031915,3,0,0,0.8882831783705407,0.11171682162945927,0,likely_real,True,correct,medium_121_250
true_1484,1484,0,real,Ndihma humanitare botërore e Turqisë përbën 26 për qind në vitin 2019,754,53,14.23,0.075683,0.033487,4,0,0,0.9873475952132564,0.012652404786743615,0,likely_real,True,correct,long_gt_250
true_1488,1488,0,real,Breshka e detit e ndjekur nga shkencëtarët turq përmes satelitit përshkoi 5.500 kilometra për një vit,339,19,17.84,0.065929,0.042059,0,0,0,0.9678882665909444,0.032111733409055626,0,likely_real,True,correct,long_gt_250
true_1492,1492,0,real,Vdes nga koronavirusi një 66-vjeçare në Spitalin e Pejës,203,14,14.5,0.081893,0.046829,0,0,0,0.9748886526575304,0.025111347342469607,0,likely_real,True,correct,medium_121_250
true_1498,1498,0,real,"Isa Mustafa përkrah fuqishëm ndërtimin e Xhamisë, dënon protestën: Të krenohemi që jemi muslimanë",349,16,21.81,0.078103,0.027976,2,0,0,0.9525547795758937,0.04744522042410624,0,likely_real,True,correct,long_gt_250
true_1503,1503,0,real,"Edhe 5 të vdekur nga Covid-19 në Kosovë, numri i përgjithshëm 144",111,12,9.25,0.075798,0.042514,0,0,0,0.9882879538176602,0.011712046182339838,0,likely_real,True,correct,short_61_120
true_1511,1511,0,real,Nisin hetimet ndaj TikTok në Australi,178,6,29.67,0.068301,0.031513,2,0,0,0.685332108209104,0.314667891790896,0,uncertain,True,correct,medium_121_250
true_1513,1513,0,real,"“Vrisni një serb e ne do të vrasim 100 myslimanë”, Kurti kujton deklaratën famëkeqe të Vuçiqit",256,11,23.27,0.07764,0.037721,0,0,0,0.5819115260686938,0.4180884739313062,0,uncertain,True,correct,long_gt_250
true_1519,1519,0,real,Sot pritet fillimi i testimeve serologjike për koronavirus,227,9,25.22,0.068685,0.021495,0,0,0,0.9890474376279678,0.010952562372032251,0,likely_real,True,correct,medium_121_250
true_1531,1531,0,real,"Gjashtë nivelet në të cilat shfaqet koronavirusi, simptomat dhe pacientët më të rrezikuar",422,14,30.14,0.060663,0.021842,1,0,0,0.8257791907530152,0.17422080924698485,0,likely_real,True,correct,long_gt_250
true_1533,1533,0,real,Apeli i IKSHPK-së: Mbani maskat dhe distancën fizike,399,20,19.95,0.080321,0.069722,0,0,11,0.9734885439189894,0.026511456081010614,0,likely_real,True,correct,long_gt_250
true_1538,1538,0,real,Vdes gjyqtari Shashivar Hoti,115,7,16.43,0.062682,0.064982,2,0,0,0.876840988542894,0.12315901145710594,0,likely_real,True,correct,short_61_120
true_1542,1542,0,real,Shënohen edhe dy vdekje nga Covid-19 në Kosovë,177,11,16.09,0.06198,0.05814,1,0,1,0.9448844997709963,0.05511550022900365,0,likely_real,True,correct,medium_121_250
true_1544,1544,0,real,Kur pritet t’u mundësohet qytetarëve tërheqja e parave nga Trusti?,209,9,23.22,0.077229,0.037109,3,0,0,0.9354607119453742,0.06453928805462582,0,likely_real,True,correct,medium_121_250
true_1545,1545,0,real,​Apeli i IKSHPK-së: Vazhdoni të mbani distancën fizike dhe maskat,441,21,21.0,0.079793,0.066757,0,0,11,0.9770316983704516,0.02296830162954847,0,likely_real,True,correct,long_gt_250
true_1547,1547,0,real,"Hoti deklarohet pas takimit me Vuçiq: Kemi bërë progres, besojmë në partnerët ndërkombëtarë",172,9,19.11,0.079737,0.033219,0,0,0,0.9458046704000652,0.05419532959993476,0,likely_real,True,correct,medium_121_250
true_1551,1551,0,real,Kurti: Me qeverinë koti kriminelët dolën nga skutat,408,23,17.74,0.077192,0.019874,0,0,0,0.9801686064162468,0.019831393583753177,0,likely_real,True,correct,long_gt_250
true_1552,1552,0,real,"Specialja e nis intervistimin, Presidenti nuk deklarohet për media",203,9,22.56,0.078275,0.034113,0,0,0,0.8083011708256422,0.19169882917435777,0,likely_real,True,correct,medium_121_250
true_1556,1556,0,real,"Shqipëri, vazhdon rritja e rasteve me koronavirus",137,9,15.22,0.075171,0.051699,1,0,0,0.9934942930884064,0.006505706911593549,0,likely_real,True,correct,medium_121_250
true_1557,1557,0,real,Maqedoni: Shqiptarët me 32 deputetë në Parlamentin,211,10,21.1,0.081681,0.045363,0,0,0,0.8436624454464805,0.15633755455351944,0,likely_real,True,correct,medium_121_250
true_1563,1563,0,real,Kosova e para në Evropë për raste të reja me COVID-19 në dy javët e fundit,214,9,23.78,0.072405,0.062762,1,0,0,0.9902469800896337,0.00975301991036624,0,likely_real,True,correct,medium_121_250
true_1564,1564,0,real,"Fillon ndërtimi i Xhamisë së Madhe në Prishtinë, Tërnava uron besimtarët",107,4,26.75,0.096823,0.044037,0,0,0,0.7260687802609971,0.2739312197390029,0,likely_real,True,correct,short_61_120
true_1567,1567,0,real,"Policia mas 2 muajsh hetime zbulon 20 kg marihuanë, në pranga 5 persona",301,22,13.68,0.060235,0.034172,3,0,0,0.9897875586360582,0.010212441363941867,0,likely_real,True,correct,long_gt_250
true_1568,1568,0,real,Vaksina kundër COVID-19 e testuar tek njerëzit tregon shenja të hershme të suksesit,277,11,25.18,0.079308,0.041698,0,0,0,0.9662667918113378,0.033733208188662225,0,likely_real,True,correct,long_gt_250
true_1569,1569,0,real,Dita e tretë e intervistimit të presidentit Thaçi në Hagë,163,6,27.17,0.08393,0.033163,1,0,0,0.6203617422761436,0.3796382577238564,0,uncertain,True,correct,medium_121_250
true_1574,1574,0,real,Në SHSKUK po trajtohen 268 pacientë me Covid-19,154,6,25.67,0.065574,0.064516,0,0,0,0.9911545600665718,0.008845439933428213,0,likely_real,True,correct,medium_121_250
true_1593,1593,0,real,Fillon seanca e Kuvendit ku kryeministri Hoti do të raportojë para takimit të Uashingtonit,221,6,36.83,0.071144,0.059342,0,0,0,0.907359111218776,0.09264088878122403,0,likely_real,True,correct,medium_121_250
true_1594,1594,0,real,"Shqipëri, një i vdekur dhe 53 raste të reja me COVID-19",169,8,21.12,0.073352,0.070732,3,0,0,0.9983414966002931,0.0016585033997068347,0,likely_real,True,correct,medium_121_250
true_1601,1601,0,real,Messi i gatshëm për ndeshjen e sotme ndaj Mallorcas,128,7,18.29,0.061745,0.07445,1,0,0,0.774140363719743,0.225859636280257,0,likely_real,True,correct,medium_121_250
true_1606,1606,0,real,Isa Mustafa: Atakimi i familjes së Vjosa Osmanit është neveritës,162,8,20.25,0.06754,0.033457,0,0,0,0.6736770547590734,0.3263229452409266,0,uncertain,True,correct,medium_121_250
true_1609,1609,0,real,Thaçi reagon pas votimit të qeverisë: Ditë e rëndësishme për demokracinë,156,8,19.5,0.091667,0.036478,1,0,0,0.7183420428452096,0.2816579571547903,0,likely_real,True,correct,medium_121_250
true_1610,1610,0,real,Kuvendi votoi Qeverinë Hoti,44,3,14.67,0.085821,0.083721,0,0,0,0.567779437216282,0.432220562783718,0,uncertain,True,correct,very_short_le_60
true_1611,1611,0,real,Wuhan-i “kryen me sukses” testimin e popullsisë për koronavirus,147,11,13.36,0.065844,0.022546,1,0,0,0.9174257249571268,0.08257427504287322,0,likely_real,True,correct,medium_121_250
true_1613,1613,0,real,​Kryesia e Kuvendit sot vendos datën e seancës për votimin e Qeverisë Hoti,108,4,27.0,0.0937,0.042596,0,0,0,0.9125895862131672,0.08741041378683283,0,likely_real,True,correct,short_61_120
true_1616,1616,0,real,Një i prekur me koronavirus në Infektivë në gjendje të rëndë,105,9,11.67,0.050651,0.098113,1,0,0,0.8924890276954348,0.10751097230456517,0,likely_real,True,correct,short_61_120
true_1619,1619,0,real,"Mbi 2,3 milionë të shëruar nga COVID-19 në mbarë botën",109,20,5.45,0.064838,0.065666,1,0,0,0.9180166634821836,0.08198333651781636,0,likely_real,True,correct,short_61_120
true_1622,1622,0,real,Mbi 12 mijë teste për COVID-19 në Kosovë,102,5,20.4,0.072059,0.076482,1,0,0,0.9851428954448775,0.014857104555122416,0,likely_real,True,correct,short_61_120
true_1624,1624,0,real,Klopp thotë se Liverpooli do të jetë i gatshëm për rikthimin e lojës së bukur,223,8,27.88,0.091293,0.015991,0,0,0,0.9079300073952893,0.09206999260471073,0,likely_real,True,correct,medium_121_250
true_1625,1625,0,real,"Britani, qentë do të trajnohen për të diagnostikuar personat me COVID-19",269,12,22.42,0.085821,0.031538,1,0,0,0.953585140276664,0.04641485972333598,0,likely_real,True,correct,long_gt_250
true_1641,1641,0,real,​17 milionë raste me COVID-19 në botë,100,13,7.69,0.054834,0.059524,1,0,0,0.8644999259231338,0.1355000740768662,0,likely_real,True,correct,short_61_120
true_1647,1647,0,real,Sekuestrohen mbi 40 armë në një operacion në Prishtinë,139,7,19.86,0.075612,0.029851,1,0,0,0.9727186677045268,0.0272813322954733,0,likely_real,True,correct,medium_121_250
true_1648,1648,0,real,Qeveria nuk u konsultua me KOK-un për ndalimin e aktiviteteve sportive,518,17,30.47,0.078337,0.032028,2,0,0,0.9992474970540288,0.0007525029459712054,0,likely_real,True,correct,long_gt_250
true_1653,1653,0,real,​Veliu thotë se VV-ja pati tendenca që të pamundësohet raportimi në Komision,279,17,16.41,0.076093,0.054074,2,0,0,0.9475699126480527,0.052430087351947284,0,likely_real,True,correct,long_gt_250
true_1655,1655,0,real,Janë bërë të ditura nominimet e shpërblimeve “Emmy”,304,15,20.27,0.044656,0.065584,0,0,0,0.9573155521500673,0.04268444784993278,0,likely_real,True,correct,long_gt_250
true_1659,1659,0,real,Numër i vogël në pelegrinazhin e sivjetmë në Haxh,238,12,19.83,0.084899,0.041084,2,0,0,0.9716681639186837,0.02833183608131627,0,likely_real,True,correct,medium_121_250
true_1660,1660,0,real,Finalja e Kupës – për një fund me dinjitet të edicionit të vështirë,716,40,17.9,0.077169,0.035758,0,0,0,0.9911684864298282,0.008831513570171782,0,likely_real,True,correct,long_gt_250
true_1665,1665,0,real,Partitë shqiptare në Mal të Zi garojnë të ndara në zgjedhjet parlamentare,267,7,38.14,0.074872,0.038567,0,0,0,0.9409416248641976,0.05905837513580241,0,likely_real,True,correct,long_gt_250
true_1667,1667,0,real,Mbretëria e Bashkuar largon Spanjën nga lista e udhëtimeve,189,9,21.0,0.068376,0.044025,0,0,0,0.8482095490552075,0.15179045094479252,0,likely_real,True,correct,medium_121_250
true_1674,1674,0,real,Ish-ministri i Shëndetësisë: E pafalshme që kjo situatë abnormale të trajtohet si normale nga Qeveria,316,16,19.75,0.07721,0.034392,0,0,0,0.9974473485903548,0.002552651409645235,0,likely_real,True,correct,long_gt_250
true_1675,1675,0,real,Leron Kurteshi sjell stilin urban në muzikë,135,10,13.5,0.070243,0.050553,0,0,0,0.9246034290094219,0.07539657099057803,0,likely_real,True,correct,medium_121_250
true_1676,1676,0,real,Zvicra njofton për 132 raste të reja me COVID-19 e tre të vdekur,118,9,13.11,0.080601,0.054745,1,0,0,0.9766675175642586,0.02333248243574135,0,likely_real,True,correct,short_61_120
true_1687,1687,0,real,Me rigon kundër infeksioneve dhe problemeve me fytin,307,20,15.35,0.086618,0.017197,2,0,0,0.949334471124553,0.050665528875446966,0,likely_real,True,correct,long_gt_250
true_1692,1692,0,real,"Bazeli, vendi ku lindi shkenca e halucinacioneve",569,24,23.71,0.073669,0.030011,0,0,0,0.9894916546203816,0.010508345379618466,0,likely_real,True,correct,long_gt_250
true_1697,1697,0,real,"Katër gola në dy ndeshje, Ademi tregon sekretin e kthimit në formë",220,17,12.94,0.076862,0.046673,0,0,0,0.9294607028894418,0.0705392971105582,0,likely_real,True,correct,medium_121_250
true_1698,1698,0,real,Rreth 200 shtretër kanë mbetur në dispozicion për trajtim të pacientëve me COVID-19,226,12,18.83,0.066847,0.077637,1,0,0,0.9952228844316102,0.004777115568389756,0,likely_real,True,correct,medium_121_250
true_1700,1700,0,real,Këshilltari kryesor i Trumpit del pozitiv në COVID-19,115,7,16.43,0.067055,0.076364,0,0,0,0.9176982224490123,0.08230177755098769,0,likely_real,True,correct,short_61_120
true_1711,1711,0,real,Grupi “3 Doors Down” do ta lansojë këngën e parë në pesë vjetët e fundit,345,13,26.54,0.083111,0.027759,0,0,0,0.978865414824861,0.021134585175138942,0,likely_real,True,correct,long_gt_250
true_1714,1714,0,real,Konfiskime të armëve në ahengje,145,10,14.5,0.086813,0.03252,3,0,0,0.9885286510986777,0.01147134890132226,0,likely_real,True,correct,medium_121_250
true_1720,1720,0,real,Java e fundit e korrikut me mot të nxehtë,148,9,16.44,0.071588,0.030812,0,0,0,0.98278222636378,0.017217773636219978,0,likely_real,True,correct,medium_121_250
true_1729,1729,0,real,Në Fushë-Kosovë dyshohet se djali vrau babanë,174,14,12.43,0.073572,0.047503,4,0,0,0.9648033315866531,0.03519666841334685,0,likely_real,True,correct,medium_121_250
true_1730,1730,0,real,Simptomat e COVID-19 ndahen në gjashtë grupe sipas një studimi,401,33,12.15,0.070066,0.027505,4,0,0,0.9310920698040716,0.06890793019592846,0,likely_real,True,correct,long_gt_250
true_1732,1732,0,real,​Ekzekutohen pagesat e pakos emergjente për masën 3a për 7241 përfitues,83,8,10.38,0.057922,0.037647,1,0,0,0.9276210274391938,0.07237897256080612,0,likely_real,True,correct,short_61_120
true_1737,1737,0,real,"Buxhovi: LDK-së i duhen reforma, Osmani duhet të qëndrojë",2091,118,17.72,0.082367,0.045104,13,0,0,0.9995121032933498,0.0004878967066501421,0,likely_real,True,correct,long_gt_250
true_1738,1738,0,real,Shpërblehen sekretarët që ia punësuan renë Mustafës dhe dhëndrin Limajt,302,22,13.73,0.073995,0.04828,0,0,0,0.9384600525501544,0.061539947449845575,0,likely_real,True,correct,long_gt_250
true_1740,1740,0,real,Konsiderohet e dëmshme rizgjedhja e Thaçit edhe për një mandat,179,10,17.9,0.088702,0.044674,1,0,0,0.9569063848563855,0.04309361514361455,0,likely_real,True,correct,medium_121_250
true_1742,1742,0,real,"Vuçiqi takohet me Lajçakun, pranon se temat janë të dhimbshme dhe se kompromisi nuk është i lehtë",339,23,14.74,0.092133,0.039508,3,0,0,0.9898503751453144,0.010149624854685626,0,likely_real,True,correct,long_gt_250
true_1746,1746,0,real,Haradinaj ia kishte ndarë Mustafës mbi 24 mijë euro në emër të pagës retroaktive,340,17,20.0,0.05758,0.035755,1,0,0,0.8806562726776466,0.11934372732235342,0,likely_real,True,correct,long_gt_250
true_1755,1755,0,real,Tayna u ndërton shtëpi të re prindërve të saj,188,10,18.8,0.088207,0.02521,0,0,0,0.826626576573562,0.17337342342643802,0,likely_real,True,correct,medium_121_250
true_1757,1757,0,real,Qeveria mbulon shpenzimet e Kartonit të Gjelbër për bashkatdhetarët deri në fund të këtij viti,268,10,26.8,0.083818,0.047755,0,0,0,0.9888240759385285,0.011175924061471443,0,likely_real,True,correct,long_gt_250
true_1767,1767,0,real,"Hoti: Kemi hyrë në valën e dytë të pandemisë COVID-19, të aktivizohet Plani i reagimit kombëtar",263,8,32.88,0.081169,0.029743,1,0,0,0.9916254612091817,0.00837453879081834,0,likely_real,True,correct,long_gt_250
true_1768,1768,0,real,Qeveria ndan nga 300 euro për mantelbardhët,118,5,23.6,0.058824,0.032558,1,0,0,0.916825372894756,0.08317462710524398,0,likely_real,True,correct,short_61_120
true_1783,1783,0,real,"Khabib – Gaethje, caktohet përfundimisht data për meçin e zjarrtë",123,7,17.57,0.073066,0.052347,0,0,0,0.8180120073138002,0.18198799268619975,0,likely_real,True,correct,medium_121_250
true_1785,1785,0,real,"​Ndalohen të gjitha veprimtaritë fetare, nuk lejohet as therja e kafshëve në shtëpi",161,7,23.0,0.080645,0.028049,0,0,0,0.8870990632393995,0.11290093676060049,0,likely_real,True,correct,medium_121_250
true_1790,1790,0,real,Gazmend Gjyshinca: Kujtim Shala dhe Arben Gashi më ngrehen nga krahu dhe më thanë budalla,352,20,17.6,0.059098,0.035225,0,0,0,0.9914002174512622,0.00859978254873778,0,likely_real,True,correct,long_gt_250
true_1795,1795,0,real,Fauci thotë se përgjigja mbi vaksinën për COVID-19 mund të vijë në ‘tetor ose nëntor’,245,10,24.5,0.080828,0.035205,1,0,0,0.9502863663337429,0.04971363366625713,0,likely_real,True,correct,medium_121_250
true_1799,1799,0,real,Një grua në TikTok ndau një truk që ndihmon për gjetjen e xhinseve të duhura,234,12,19.5,0.081122,0.017908,0,0,0,0.9051502784829283,0.09484972151707173,0,likely_real,True,correct,medium_121_250
true_1804,1804,0,real,"Lëvoret e shalqirit, të mbushura me produkte ushqyese",219,12,18.25,0.086438,0.011818,0,0,2,0.7680356222460454,0.2319643777539546,0,likely_real,True,correct,medium_121_250
true_1811,1811,0,real,Deputetja Eliza Hoxha rrëfen përvojën dhe betejën me COVID-19,657,42,15.64,0.080658,0.025641,0,0,7,0.9938682407061176,0.00613175929388248,0,likely_real,True,correct,long_gt_250
true_1814,1814,0,real,Ish-lojtari i Ballkanit ndërron jetë nga COVID-19,156,10,15.6,0.061702,0.057105,0,0,1,0.9637890910668236,0.03621090893317631,0,likely_real,True,correct,medium_121_250
true_1815,1815,0,real,"Qeveria me masa të reja për kopshtet, gastronominë e fusha tjera",130,5,26.0,0.059066,0.027778,0,0,0,0.9664194698689478,0.033580530131052236,0,likely_real,True,correct,medium_121_250
true_1819,1819,0,real,"Shkretëtira shndërrohet në varrezë, skena rrëqethëse nga Iraku",220,18,12.22,0.076682,0.036275,0,0,0,0.9612679247589314,0.038732075241068635,0,likely_real,True,correct,medium_121_250
true_1820,1820,0,real,"Ka filluar të mbahet gara robotikës “First Global Challenge”, Kosova kryeson në listë",163,4,40.75,0.075848,0.054795,0,0,0,0.9056200896449614,0.09437991035503855,0,likely_real,True,correct,medium_121_250
true_1826,1826,0,real,Si lindi sfondi më i famshëm kompjuterik i të gjitha kohërave – dhe ja si duket tani vendi ku u bë fotografia,421,19,22.16,0.081761,0.027851,0,0,0,0.9871728381727193,0.012827161827280723,0,likely_real,True,correct,long_gt_250
true_1832,1832,0,real,"Kina raporton numrin më të madh të rasteve me coronavirus, që nga fundi i shpërthimit të Wuhan",170,6,28.33,0.061815,0.02225,2,0,0,0.962413729828041,0.03758627017195905,0,likely_real,True,correct,medium_121_250
true_1834,1834,0,real,"Gastronomët ia ‘dorëzojnë çelësat’ Qeverisë së Kosovës, kërkojnë përkrahje institucionale",170,10,17.0,0.086957,0.033487,2,0,0,0.9851461019983886,0.014853898001611403,0,likely_real,True,correct,medium_121_250
true_1839,1839,0,real,Horoskopi javor për periudhën nga 27 korrik – 03 gusht,1619,99,16.35,0.078839,0.032657,0,0,0,0.9961898623154308,0.003810137684569115,0,likely_real,True,correct,long_gt_250
true_1848,1848,0,real,Mustafa: Dialogu është krejtësisht politik dhe rezulton me marrëveshje politike ndërshtetërore për njohje reciproke,255,13,19.62,0.068454,0.037594,0,0,0,0.9188203101172782,0.08117968988272185,0,likely_real,True,correct,long_gt_250
true_1853,1853,0,real,Sabri Fejzullahu përkujton veprimtarin Adem Demaçi në dyvjetorin e vdekjes së tij,141,8,17.62,0.07565,0.037481,0,0,0,0.6077174181658489,0.3922825818341511,0,uncertain,True,correct,medium_121_250
true_1861,1861,0,real,A mund të vetëkallet më lehtë vetura që ka aparat klime?,202,11,18.36,0.085395,0.01256,0,0,0,0.972914595950453,0.027085404049546985,0,likely_real,True,correct,medium_121_250
true_1873,1873,0,real,DailyMail shkruan për nënën e Rita Orës: 56-vjeçarja Vera që rrëmben vëmendjen me paraqitjet e saj me bikini në plazh,245,11,22.27,0.080599,0.034759,0,1,1,0.9804563336591751,0.019543666340824915,0,likely_real,True,correct,medium_121_250
true_1874,1874,0,real,FSK blen automjete të blinduara nga Ushtria amerikane,92,6,15.33,0.069565,0.049784,0,0,0,0.8350426273813217,0.1649573726186783,0,likely_real,True,correct,short_61_120
true_1885,1885,0,real,Çaji i zakonshëm i nenexhikut – Ilaç universal i gjyshes që vërtet është i fuqishëm!,588,31,18.97,0.090722,0.013723,0,0,1,0.9778124817267756,0.02218751827322442,0,likely_real,True,correct,long_gt_250
true_1894,1894,0,real,Në Spitalin e Pejës dje ka vdekur një pacient me COVID-19,137,8,17.12,0.077726,0.049034,0,0,0,0.9905008547984399,0.00949914520156012,0,likely_real,True,correct,medium_121_250
true_1898,1898,0,real,Djersitja është dukuri shumë më e ndërlikuar seç mendoni,695,39,17.82,0.075984,0.014677,0,0,0,0.9903095850553847,0.009690414944615356,0,likely_real,True,correct,long_gt_250
true_1904,1904,0,real,Këto vende ishin model i suksesit në luftën ndaj coronavirusit – por nuk janë më!,917,44,20.84,0.063514,0.030534,7,0,1,0.9995754461902636,0.00042455380973639706,0,likely_real,True,correct,long_gt_250
true_1906,1906,0,real,"Fansi e quajti lojtar ‘shumë të mbivlerësuar’, Toni Kross i përgjigjet në mënyrë epike",281,11,25.55,0.077826,0.039277,0,0,0,0.979294104483209,0.020705895516791063,0,likely_real,True,correct,long_gt_250
true_1912,1912,0,real,Rastet e reja me coronavirus – 91 vetëm në Prishtinë,284,12,23.67,0.082799,0.043313,0,0,0,0.9728834395376205,0.027116560462379532,0,likely_real,True,correct,long_gt_250
true_1913,1913,0,real,Rita Ora në lidhje serioze me Roman Gavras,133,7,19.0,0.064721,0.032967,0,0,0,0.6916850750663108,0.3083149249336891,0,uncertain,True,correct,medium_121_250
true_1917,1917,0,real,"Dua Lipa në frymë patriotike, publikon flamurin ‘Autochthonous’ dhe kuptimin e fjalës",157,8,19.62,0.072206,0.031592,1,0,1,0.8703311465889372,0.12966885341106282,0,likely_real,True,correct,medium_121_250
true_1920,1920,0,real,LVV reagon pas akuzave të PDK-së për Telekomin: Sejdi Hoxha i ka kushtuar Postës mbi 50 mijë euro për dy vite,385,17,22.65,0.066136,0.050829,1,0,1,0.9024270813571168,0.09757291864288319,0,likely_real,True,correct,long_gt_250
true_1923,1923,0,real,"Shpërndau lajmin se ka vdekur Isa Mustafa, policia arreston të dyshuarin",149,6,24.83,0.067612,0.06586,3,0,0,0.967512282747899,0.032487717252100944,0,likely_real,True,correct,medium_121_250
true_1925,1925,0,real,Florentino Perez thotë se Benzema duhet ta fitojë Topin e Artë këtë vit,177,8,22.12,0.077458,0.055,1,0,0,0.9740951582155051,0.025904841784494943,0,likely_real,True,correct,medium_121_250
true_1928,1928,0,real,Përfundon takimi Hoti-Vuçiq në Bruksel,364,16,22.75,0.076655,0.047974,0,0,0,0.986458767195623,0.013541232804377048,0,likely_real,True,correct,long_gt_250
true_1931,1931,0,real,Magjia verore në ETC vjen me zbritje deri në 50%,292,36,8.11,0.05359,0.047515,0,0,1,0.6697823605241303,0.3302176394758697,0,uncertain,True,correct,long_gt_250
true_1932,1932,0,real,Nipi i Elvis Presleyt është emri më i ri që i bashkohet listës së yjeve që nuk iu shmangën mallkimit të “Klubit 27”,435,20,21.75,0.06787,0.032451,0,0,0,0.9886656990700653,0.011334300929934682,0,likely_real,True,correct,long_gt_250
true_1933,1933,0,real,Haradinaj: Aktakuzat ndaj Thaçit dhe Veselit janë goditje ndaj lirisë së Kosovës,431,18,23.94,0.081768,0.041546,2,0,0,0.9445040000217532,0.0554959999782468,0,likely_real,True,correct,long_gt_250
true_1935,1935,0,real,Haradinaj: Nëse konfirmohen akuzat ndaj Thaçit e Veselit Kosova rrezikon të dëmtohet rëndë,155,6,25.83,0.075132,0.053455,0,0,0,0.26500173844039865,0.7349982615596014,1,likely_fake,False,false_positive,medium_121_250
true_1938,1938,0,real,"Kjo është sasia e mjaftueshme e ujit, të cilin duhet ta konsumojmë për të qenë të shëndetshëm",428,30,14.27,0.083236,0.012273,0,0,0,0.8021152756739948,0.1978847243260052,0,likely_real,True,correct,long_gt_250
true_1939,1939,0,real,Kendall Jenner vë në pah të pasmet në imazhet e fundit me të brendshme,153,7,21.86,0.057444,0.032023,0,0,0,0.9672336018510272,0.03276639814897273,0,likely_real,True,correct,medium_121_250
true_1951,1951,0,real,Jakupi: Edhe Kosova do të bëjë përpjekje për të siguruar disa doza të ilaçit që trajton pacientët me COVID-19,212,9,23.56,0.101224,0.067745,0,0,0,0.972892186947678,0.027107813052322016,0,likely_real,True,correct,medium_121_250
true_1960,1960,0,real,Ledri Vula rrëfen historinë me Sara Hoxhën dhe planet për t’u bërë baba,305,12,25.42,0.081789,0.022764,0,0,0,0.9731022381643974,0.026897761835602548,0,likely_real,True,correct,long_gt_250
true_1963,1963,0,real,Sadio Mane mezi ka pritur të rifillojë Liga Premier – senegalezi harroi se duhet gjunjëzuar në shenjë nderimi për “Black Lives Matter”,170,7,24.29,0.071,0.03354,0,0,0,0.9190700973065805,0.0809299026934195,0,likely_real,True,correct,medium_121_250
true_1966,1966,0,real,Viola von Cramon shpreson se kosovarëve do t’iu hiqen vizat kur Gjermania ta marrë Presidencën,205,11,18.64,0.081751,0.049645,0,0,0,0.4913152677400703,0.5086847322599297,1,uncertain,False,false_positive,medium_121_250
true_1967,1967,0,real,Vuçiq: Nga Lavrovi pranova informata shqetësuese për çështjen e Kosovës,142,5,28.4,0.080645,0.039604,0,0,0,0.858217476804202,0.14178252319579798,0,likely_real,True,correct,medium_121_250
true_1979,1979,0,real,WhatsApp do t’ju lejojë të përdorni të njëjtën llogari deri në katër pajisje,92,5,18.4,0.074653,0.036093,0,0,0,0.5963431351907367,0.4036568648092633,0,uncertain,True,correct,short_61_120
true_1982,1982,0,real,"Labinot Tahiri reagon i revoltuar: Kjo është një gënjeshtër, le të më dërgojnë në burg mua dhe gjithë estradën",216,10,21.6,0.097809,0.027106,1,0,0,0.9299431031425132,0.07005689685748678,0,likely_real,True,correct,medium_121_250
true_1988,1988,0,real,Konjufca: Mustafa përsëri do t’ia bëjë votat Thaçit për president,217,12,18.08,0.076625,0.05698,2,0,0,0.4498251475408481,0.5501748524591519,1,uncertain,False,false_positive,medium_121_250
true_1991,1991,0,real,"Kylie Jenner etiketohet si raciste, kryqëzohet nga fansat pasi vetëm 13 për qind e punonjësve në markën e saj janë njerëz me ngjyrë",272,15,18.13,0.072246,0.036226,0,0,0,0.9077590198252298,0.09224098017477021,0,likely_real,True,correct,long_gt_250
fake_24,24,1,fake,"Askush Nuk Po E Besonte Që Kjo Ka’fshë Është Në Këtë Vend, Banorët Janë Mbledhur Dhe… VIDEO",66,10,6.6,0.055215,0.114625,0,1,0,0.0010994221906487356,0.9989005778093513,1,likely_fake,True,correct,short_61_120
fake_30,30,1,fake,Vallëzimi I Nuses Në Dasmën E Saj Po Mahnitë Të Gjithë Në Rrjetet Sociale,72,2,36.0,0.089412,0.063953,0,0,0,0.3375779603258334,0.6624220396741666,1,uncertain,True,correct,short_61_120
fake_31,31,1,fake,"Babai Merr Dy Ditë Leje Për Lindjen E Fëmijes, Kur Papritur I Vjen Nje Mesazh Nga Shefi I Tij Që E Lë Pa M,End",112,7,16.0,0.059441,0.086093,0,0,0,0.0828191948879271,0.9171808051120729,1,likely_fake,True,correct,short_61_120
fake_33,33,1,fake,Njihuni Me Shqiptarën E Parë Që U Bë Milionere Me Bitcoin (FOTO),213,8,26.62,0.034281,0.042418,0,0,0,0.28937353580321423,0.7106264641967858,1,likely_fake,True,correct,medium_121_250
fake_45,45,1,fake,"Nisi Procesi Për Punë Sezonale Në Itali, Ja Sa Shqiptarë Mund Të Përfitojnë Punë Bashkë Me Leje Qëndrimi",78,3,26.0,0.081678,0.067204,0,0,0,0.17084103250494276,0.8291589674950572,1,likely_fake,True,correct,short_61_120
fake_46,46,1,fake,"Rasti i rralle qe emocjonoi gjithe boten,i biri pa duar ushqen nenen e paralizuar (Video)",107,5,21.4,0.065287,0.015656,0,0,0,0.010808765446159496,0.9891912345538405,1,likely_fake,True,correct,short_61_120
fake_50,50,1,fake,EKSLUZIVE:Rasheli Tregon Pa Dorashka Arsyen Pse U Largua Nga Ermali “Ai Me Ngacmonte Dhe …”,94,2,47.0,0.009862,0.133166,0,0,0,0.005050357978515607,0.9949496420214844,1,likely_fake,True,correct,short_61_120
fake_57,57,1,fake,Soda Del Jasht “Loje” Ky Eshte Perberesi I Cili Do Te Sheroj Lukthin Tuaj Ne Vetem Pak Dite,188,23,8.17,0.063107,0.035194,0,0,0,0.12514444845062855,0.8748555515493714,1,likely_fake,True,correct,medium_121_250
fake_60,60,1,fake,"Po na përlot me rolin e saj! Flet Ejlyli, tregon të pathënat e jetës së saj: U bëra…",99,7,14.14,0.074656,0.030534,0,0,2,0.01513537067507098,0.984864629324929,1,likely_fake,True,correct,short_61_120
fake_64,64,1,fake,"Mbani Lotët! Vajza E Zbulon Pak Para Dasmës Që I Fejuari Ia Kishte Dredhur, Më Pas Ia Bën…",75,6,12.5,0.065341,0.145522,0,0,2,0.005812995797770948,0.994187004202229,1,likely_fake,True,correct,short_61_120
fake_66,66,1,fake,Gazetarja E Njohur Rrëfen Ëndrrën Me Edi Ramën Gjatë Karantinës: Më Ka… (Video),107,4,26.75,0.075601,0.090308,0,0,0,0.026027595079249233,0.9739724049207508,1,likely_fake,True,correct,short_61_120
fake_68,68,1,fake,"Ata Duheshin Shumë, Por Babai I Saj Nuk Ja Jepte Për Grua Edhe Pse Ajo Mbeti Shtatëzanë. Ajo Që Ndodhi 56 Vite Më Vonë Do T’ju Përlotë…",121,6,20.17,0.07489,0.104478,0,0,0,0.0037966841552882213,0.9962033158447118,1,likely_fake,True,correct,medium_121_250
fake_70,70,1,fake,"BE Përshëndet Miratimin E ‘5 Qershorit’, Apeli I Sorecës: Mos Dëmtoni Frymën E Reformës Zgjedhore",93,3,31.0,0.063593,0.078431,1,0,0,0.013649641971526516,0.9863503580284735,1,likely_fake,True,correct,short_61_120
fake_71,71,1,fake,"“T Ërmeti I Madh Do Ndryshojë Tokën, Kontinentet Do Ndahen Përgjysmë”, A Larmi I Shkencëtarit",118,7,16.86,0.053097,0.086142,2,0,0,0.0012697060004722704,0.9987302939995277,1,likely_fake,True,correct,short_61_120
fake_74,74,1,fake,"Gezim I Madh Ne Familjen E Shkurte Fejzes, Ja Qfare Ndodhi ..",90,8,11.25,0.045714,0.069048,0,0,1,0.01843005191527558,0.9815699480847244,1,likely_fake,True,correct,short_61_120
fake_77,77,1,fake,Kush Është Kjo Gruaja Që Sot Protestoi Dhe Tha:Do Ta Tuboj Popullaten Nuk Ka Ndërtim Të Xhamisë,120,3,40.0,0.058824,0.055556,0,0,0,0.004974269908615492,0.9950257300913845,1,likely_fake,True,correct,short_61_120
fake_79,79,1,fake,"Plas Sh Erri Brenda Familjes Miliardere, Motra Urdhëron “Vr Ásjen” E Të Vëllait",132,4,33.0,0.070045,0.04381,0,0,0,0.007266547850011906,0.9927334521499881,1,likely_fake,True,correct,medium_121_250
fake_100,100,1,fake,Bëhet Baba Në Moshën 92-Vjeçare Dhe Ai Deshiron Qe Ta…,75,9,8.33,0.072115,0.079511,0,0,0,0.03250787048123982,0.9674921295187602,1,likely_fake,True,correct,short_61_120
fake_101,101,1,fake,"Nuk Është Parë As Dëgjuar Ndonjëherë, Nëna Lind Fëmijën Dhe Pas 2 Ditësh Merr Lajmin Që Nuk E Priste Kurrë",163,8,20.38,0.066441,0.058571,0,0,0,0.5752179281080732,0.4247820718919268,0,uncertain,False,false_negative,medium_121_250
fake_112,112,1,fake,"Ekskluzive: Shitet urgjent Golf 5, Çmimi 2600 Euro, pres blers serioz (Foto/Video)",90,4,22.5,0.017094,0.195067,0,5,0,0.001080899082244624,0.9989191009177554,1,likely_fake,True,correct,short_61_120
fake_116,116,1,fake,"Para Me Thasë, SHTETl Ku Paraja Nuk Ka Asnjë VIerë",96,4,24.0,0.059813,0.084112,0,0,0,0.011689987269357438,0.9883100127306426,1,likely_fake,True,correct,short_61_120
fake_121,121,1,fake,"Rasti i rralle qe emocjonoi gjithe boten,i biri pa duar ushqen nenen e paralizuar (Video)",109,5,21.8,0.064465,0.017442,0,0,0,0.008943394463425958,0.991056605536574,1,likely_fake,True,correct,short_61_120
fake_124,124,1,fake,"Flet Nga SHBA Mjeku Per Shqiperine: Vjeshta Do Jete E Tm.Errshme, Ja Çdo Të Ndodhë",95,6,15.83,0.037665,0.079137,0,0,0,0.00039353347651471804,0.9996064665234853,1,likely_fake,True,correct,short_61_120
fake_125,125,1,fake,"U Nda Nga Eros Grezda/ Oriola Marashi E Zevendeson Menjehere, Me Ke Po I Kalon Pushimet Bukuroshja",100,2,50.0,0.048193,0.063291,0,0,0,0.0019169203241498067,0.9980830796758502,1,likely_fake,True,correct,short_61_120
fake_129,129,1,fake,"Kapi Peshkun, Por Burri U Sho Kua Nga Ajo Se Çfarë I Gjeti Në Stomak",155,5,31.0,0.044192,0.040258,0,0,0,0.003280865354432283,0.9967191346455677,1,likely_fake,True,correct,medium_121_250
fake_136,136,1,fake,Si të bëheni milioner për 2020-ën/ 6 tradita për të sjellë fatin e mirë për Vitin e Ri (FOTO),85,4,21.25,0.098039,0.050992,0,0,0,0.25788637626684796,0.742113623733152,1,likely_fake,True,correct,short_61_120
fake_163,163,1,fake,"E fundit! Shtrohet ne spital nga koronavirusi biznesmeni dhe deputeti i PS-së,",87,7,12.43,0.04,0.065315,0,0,2,0.014617067816023233,0.9853829321839768,1,likely_fake,True,correct,short_61_120
fake_164,164,1,fake,Vetëm 11 Ditësh Dhe Me Dhëmbë? ‘Zbulohet’ E Vërteta E Videos Që Po ‘Çmend’ Rrjetin (Video),73,3,24.33,0.064677,0.108911,0,0,0,0.0010239020015541112,0.9989760979984459,1,likely_fake,True,correct,short_61_120
fake_169,169,1,fake,Përse Nuk Duhet Të Kaloni Natën Pranë Varrezave…,98,3,32.67,0.06263,0.045213,0,0,0,0.005101365771351896,0.9948986342286481,1,likely_fake,True,correct,short_61_120
fake_174,174,1,fake,"E FUNDIT:Publikohen Pamjet EKSLUZIVE Endrit Thaçi, Djali I Presidenti Blen Veturë 35 Mijë Euro Populli Ska Buk Me Honger",97,3,32.33,0.038384,0.109375,0,0,0,0.0023149630326219084,0.9976850369673781,1,likely_fake,True,correct,short_61_120
fake_176,176,1,fake,"TURP!! 3 mijë euro për një nuse, si i shiten vajzat Shqiptarëve burrave Serbë",107,5,21.4,0.045677,0.018219,1,1,2,0.01104770993261961,0.9889522900673804,1,likely_fake,True,correct,short_61_120
fake_186,186,1,fake,"LAJMI I FUNDIT: Gjërat ”rrotulluan” krejtësisht, prishet ”loja” LDK-VV – Kush e bëri këtë?",76,5,15.2,0.056723,0.097625,0,2,0,0.009031337526819727,0.9909686624731803,1,likely_fake,True,correct,short_61_120
fake_189,189,1,fake,Super lajm nga Zvicra – Shqiptarja lind gjashtënjakë por do te Çmendeni se Çfarë i ofroj shteti,114,13,8.77,0.060755,0.024691,0,0,0,0.06449648749458947,0.9355035125054105,1,likely_fake,True,correct,short_61_120
fake_195,195,1,fake,Shitet Iphone X cmimi vetem 200 euro nxito sasi e limituar,66,1,66.0,0.0,0.046823,0,0,0,0.008259715080082164,0.9917402849199178,1,likely_fake,True,correct,short_61_120
fake_197,197,1,fake,"Ka 3 adresa Facebook-u per tu shkruar te dashurave, gruaja i nxjerr ‘bojën’ burrit! Por Ardit Gjebrea i ben ate qe nuk e priste",95,5,19.0,0.033028,0.032634,0,0,2,0.0014563333479721274,0.9985436666520279,1,likely_fake,True,correct,short_61_120
fake_204,204,1,fake,"Është Vetëm 8-Muajshe, Por Ka Diçka Të Veçantë Që Askush Nuk E Beson Se Është Ajo",98,4,24.5,0.096475,0.089412,0,0,0,0.0022248137981950578,0.9977751862018049,1,likely_fake,True,correct,short_61_120
fake_211,211,1,fake,Kos apo qumësht? Ky është ideali për mëngjes dhe do jeni me energji gjithë ditën,71,5,14.2,0.078886,0.017094,0,0,0,0.006812176715343843,0.9931878232846562,1,likely_fake,True,correct,short_61_120
fake_212,212,1,fake,"Babai i saj trim u nda nga jeta 22 vite më parë, këngëtarja shqiptare të prek në shpirt me fjalët",118,5,23.6,0.055821,0.016701,0,0,0,0.12866298157452827,0.8713370184254717,1,likely_fake,True,correct,short_61_120
fake_213,213,1,fake,"Mjellma ng.ordh nga “ze mra e th.yèr”, adoIeshentët i th.yen vezèt e saj me tuIIa",142,17,8.35,0.044017,0.024735,0,0,0,0.022063392570791596,0.9779366074292084,1,likely_fake,True,correct,medium_121_250
fake_219,219,1,fake,"VIDEO EKSLUZIVE:Kevina Kthella Ngre Temperaturat, Shëtit Me Mbathje Në Rrugë Pa Komplekse Dhe Cmend Te Rinjte Dhe Pleqtë",94,2,47.0,0.050193,0.168646,0,0,0,0.03448640910918532,0.9655135908908147,1,likely_fake,True,correct,short_61_120
fake_221,221,1,fake,Shikojeni me çfarë deklarate vjen tani Naim Abazi për Mihrijën! (PAMJE),82,3,27.33,0.047516,0.042781,0,0,1,0.07070092170209186,0.9292990782979081,1,likely_fake,True,correct,short_61_120
fake_232,232,1,fake,"Koronavirusi/ “Kjo situatë mund të zgjasë deri në 3 vjet”, kryeministri Rama “befason” që të gjithë",150,7,21.43,0.080666,0.033003,0,0,0,0.15685706327506677,0.8431429367249332,1,likely_fake,True,correct,medium_121_250
fake_234,234,1,fake,"Anulohen dasmat e muajit gusht, ja çfarë do ndodhë me dasmat !?",156,6,26.0,0.08161,0.025572,0,0,1,0.5956013330515193,0.40439866694848065,0,uncertain,False,false_negative,medium_121_250
fake_238,238,1,fake,"Dëgjonte zhurma në tavan, por aty sipër gjen një “thesar” të vërtetë (FOTO)",79,4,19.75,0.090293,0.027933,0,0,0,0.17306871127181755,0.8269312887281824,1,likely_fake,True,correct,short_61_120
fake_240,240,1,fake,E kush nuk e njeh kete lule? Ajo sheron sem undje qe ju as qe i coni neper mend,84,9,9.33,0.059322,0.015915,0,0,0,0.04669362395676302,0.953306376043237,1,likely_fake,True,correct,short_61_120
fake_248,248,1,fake,"Këngëtarja Shqiptare Merr Masa Për Pastërti, Fut Nën Ujë Edhe Celularin!",92,4,23.0,0.065606,0.039702,0,0,1,0.1704390983266696,0.8295609016733304,1,likely_fake,True,correct,short_61_120
fake_252,252,1,fake,Nxirrni jargë teksa flini ? Kjo shenjë tregon që ju vuani nga një sëm undje e cila prek…(VIDEO),189,11,17.18,0.085878,0.02503,0,0,0,0.03344574902692454,0.9665542509730755,1,likely_fake,True,correct,medium_121_250
fake_255,255,1,fake,KUJDES: Këtë Vendim Të Policisë Së Kosovës Duhet Ta Dini Të Gjithë!,105,5,21.0,0.071964,0.093333,0,0,2,0.0535799406683819,0.9464200593316181,1,likely_fake,True,correct,short_61_120
fake_257,257,1,fake,Nga Ilaçet Te Recetat Në Shtëpi: Si Mund Të Trajtohet Humbja E Nuhatjes,87,3,29.0,0.064799,0.059957,0,0,0,0.005910835146069715,0.9940891648539303,1,likely_fake,True,correct,short_61_120
fake_262,262,1,fake,Do u rrëqethet mishi nga kjo histori! Kjo shqiptare u martua në moshën 15-vjeçare e humbi 7 fëmijë: Jam..,106,9,11.78,0.04918,0.040169,0,0,3,0.008292464695365043,0.991707535304635,1,likely_fake,True,correct,short_61_120
fake_267,267,1,fake,NJlHUNl me artistin korean që po “truIIos” botën me veprat e tij,81,4,20.25,0.043825,0.055838,0,0,0,0.00584195937773524,0.9941580406222648,1,likely_fake,True,correct,short_61_120
fake_271,271,1,fake,"VIDEO:‘Noizy E Liroi Nga B Urgu, E Takonte Në Fushë Krujë’/ Klodiana Lala Zbulon Cfare Ndodhi Ne Va Rrimin E Hekuran Billës: Morën Pjesë Edhe Emra Të Botës Së K Rimit",92,2,46.0,0.045833,0.218667,0,0,0,0.013822430239117112,0.9861775697608829,1,likely_fake,True,correct,short_61_120
fake_276,276,1,fake,"Pasanikët Po Ikin Nga Coronavirusi, Po Futen Nën Tokë – Apartamenti Më I Lirë Në Bunker Kushton Një Milion Dollarë",102,3,34.0,0.069079,0.055556,0,0,0,0.009682023287601704,0.9903179767123983,1,likely_fake,True,correct,short_61_120
fake_282,282,1,fake,“Jam e tro.nditur…”. Eni Çobanit indodh e papritura: Ti duhet të dish dhe ha.llin tim,91,9,10.11,0.035714,0.025316,0,0,0,0.0023461760873347837,0.9976538239126652,1,likely_fake,True,correct,short_61_120
fake_290,290,1,fake,EPABESUESHME : Dy djem gropojnë një vend por shikoni cfar nxjerrin ..,67,5,13.4,0.058824,0.094463,0,0,0,0.05900970214549983,0.9409902978545002,1,likely_fake,True,correct,short_61_120
fake_298,298,1,fake,"Shkoi për pushime në Shëngjin, Ja çka i ndodhi 34 vjeçarit nga Kosova",66,3,22.0,0.076923,0.054945,0,0,0,0.07238843724069277,0.9276115627593072,1,likely_fake,True,correct,short_61_120
fake_299,299,1,fake,Lista Serbe për Vjosa Osmanin: Ti moj Vjosa na ndoqe në korridor për t’i dhënë votat për kryetare të Kuvendit,163,5,32.6,0.063877,0.054645,0,0,0,0.24543565633198738,0.7545643436680126,1,likely_fake,True,correct,medium_121_250
fake_301,301,1,fake,"“Dieta Me Oriz”! Minus 10 Kg, Dobësimi Që Nuk Rimerr Kilet As Pas 6 Vitesh",114,3,38.0,0.079861,0.037778,0,0,1,0.05699022766581552,0.9430097723341845,1,likely_fake,True,correct,short_61_120
fake_304,304,1,fake,Trumpi I Drejtohet Popullit Amerikan: Ju Njoftoj Se Nga Ky Moment Ne Do Të…,88,3,29.33,0.036247,0.07124,0,0,0,0.012047715743220389,0.9879522842567796,1,likely_fake,True,correct,short_61_120
fake_306,306,1,fake,"Albin Kurti e jep lajmin e madh: Më në fund gjithçka përfundoj, URIME KOSOVË",89,3,29.67,0.070881,0.067916,0,0,0,0.005085732072048876,0.9949142679279511,1,likely_fake,True,correct,short_61_120
fake_307,307,1,fake,"“Bombardohet” Mihrihe Braha, takon për herë të parë “djalin jashtëmartesor” të Naim Abazit pas 19 viteve (VIDEO)",80,3,26.67,0.051975,0.068783,0,0,0,0.07533366083878779,0.9246663391612122,1,likely_fake,True,correct,short_61_120
fake_308,308,1,fake,"Juria U Tall Dhe Dyshonte Shumë Në Talentin E Saj, Nuk E Dinin Se Ajo Do Ta Ngritë Publikun Në Këmbë!(Video)",111,6,18.5,0.051546,0.058315,0,0,1,0.13740808379591252,0.8625919162040875,1,likely_fake,True,correct,short_61_120
fake_317,317,1,fake,"Dyshonin Se Ishte Shta’tzënë, Mjekët Bëjnë Zbu’limin E Tmer.Rshëm",87,7,12.43,0.053648,0.050938,0,0,0,0.021116259994965914,0.9788837400050341,1,likely_fake,True,correct,short_61_120
fake_323,323,1,fake,"Kjo Vajzë Cdo Ditë E Puthte Këtë Të Pastrehë, Por Cfarë Bëri Plaku Për Të, Do Mbeteni Pa Fjalë",370,15,24.67,0.079027,0.027954,0,0,0,0.7723974398883984,0.22760256011160157,0,likely_real,False,false_negative,long_gt_250
fake_325,325,1,fake,Edi Rama ka “dasht” me nda Kosovën (tonë). Ramush Haradinaj “pa dasht” e ka nda Çakorrin (Video),78,4,19.5,0.051643,0.065015,0,0,0,0.004157928343339501,0.9958420716566605,1,likely_fake,True,correct,short_61_120
fake_332,332,1,fake,LAJMI I FUNDIT: Infektohet Me CO -19 Këngëtari I Njohur Kosovar!,79,5,15.8,0.053079,0.087766,0,1,1,0.1674556011250138,0.8325443988749862,1,likely_fake,True,correct,short_61_120
fake_343,343,1,fake,"Naim Abazi: Punë ka sa të duash, po rinia po kanë qef me nejt në kafe, me prit prej babës hala!",96,3,32.0,0.10559,0.037135,1,0,1,0.4059895261523182,0.5940104738476818,1,uncertain,True,correct,short_61_120
fake_345,345,1,fake,"I Tregoi Të Dashurës Se Jetonte Në Rrugë, Reagimi I Vajzës Do Ju Lërë Pa Fjalë…",82,3,27.33,0.076389,0.057803,0,0,0,0.12837769871380922,0.8716223012861908,1,likely_fake,True,correct,short_61_120
fake_351,351,1,fake,"Lejeni menjane ujin me limon ne mengjes, vazhdoni te konsumoni kete perberje qe po cmend te gjithe",488,60,8.13,0.064637,0.016779,0,0,1,0.630128244141474,0.3698717558585261,0,uncertain,False,false_negative,long_gt_250
fake_352,352,1,fake,"Ekskluzive: Vjosa Osmani me parti të re, Ja si do të quhet partia e saj!",112,5,22.4,0.057143,0.08547,0,1,1,0.021098526655586203,0.9789014733444138,1,likely_fake,True,correct,short_61_120
fake_353,353,1,fake,"Burri vetëm për letra më ka marr mua, tani qe s’kemi as njeri letrat më thotë dil gjeje një tjetër…",600,15,40.0,0.002321,0.010504,1,0,0,0.014569291960022768,0.9854307080399772,1,likely_fake,True,correct,long_gt_250
fake_354,354,1,fake,Lëngu i qepës efikas kundër katër sëmundjeve!?,270,18,15.0,0.085591,0.028316,0,0,1,0.7783073894323328,0.22169261056766718,0,likely_real,False,false_negative,long_gt_250
fake_355,355,1,fake,Mediat serbe: Serbia njeh Kosovën dhe hyn në BE,332,27,12.3,0.051074,0.068007,0,0,0,0.5481137510604217,0.4518862489395783,0,uncertain,False,false_negative,long_gt_250
fake_367,367,1,fake,Tmerr për Kosovën kush po e përfaqëson! Zbulohet detaje tronditese,96,4,24.0,0.063574,0.050104,2,0,1,0.0012571644349924638,0.9987428355650075,1,likely_fake,True,correct,short_61_120
fake_368,368,1,fake,Kjo qe do te ndodhe te Henen ne Kosove do iu shokoje,143,4,35.75,0.058894,0.023392,0,0,0,0.008725911254260366,0.9912740887457396,1,likely_fake,True,correct,medium_121_250
fake_369,369,1,fake,"Avdullah Hotin nuk e do as fshati i tij Ratkoc, ja çfarë thanë disa prej tyre. – (VIDEO)",95,5,19.0,0.048598,0.049881,0,0,0,0.00019700371348008172,0.9998029962865199,1,likely_fake,True,correct,short_61_120
fake_375,375,1,fake,Ja sa është paga e Naser Rafuna tek seriali ‘Çka ka shpija.’,75,5,15.0,0.035635,0.052198,1,0,0,0.00012840039063188868,0.9998715996093681,1,likely_fake,True,correct,short_61_120
fake_383,383,1,fake,Albin Kurtin e shokon Hashim Thaçin me kete qe i zbuloi per luften dhe hagen,83,3,27.67,0.046908,0.037037,0,0,0,1.2423034917552478e-05,0.9999875769650824,1,likely_fake,True,correct,short_61_120
fake_384,384,1,fake,"Skandal: Nuk iu lindi djalë, babai vret vetën e ja se çfarë i ndodhi nënës së re",139,5,27.8,0.065041,0.013582,1,1,0,0.10983809473076522,0.8901619052692348,1,likely_fake,True,correct,medium_121_250
fake_394,394,1,fake,"Kjo video po fikson botën, janë futur veta 20 makinë/ Shikoni si dalin një nga një",77,4,19.25,0.01566,0.025281,1,0,0,3.1532718526516845e-05,0.9999684672814735,1,likely_fake,True,correct,short_61_120
fake_395,395,1,fake,"Shkoni në vendin ku ishte burri, gruaja e kap atë keq me një femër dhe u bën të pabërën",87,4,21.75,0.073171,0.030471,1,0,0,0.0014916202147218227,0.9985083797852782,1,likely_fake,True,correct,short_61_120
fake_412,412,1,fake,"“Eskalon” familjari i deputetit Xhavit Ukaj, fyen rëndë Vjosa Osmanin",85,4,21.25,0.042084,0.069652,0,0,0,0.0003644464701282324,0.9996355535298718,1,likely_fake,True,correct,short_61_120
fake_415,415,1,fake,Flet edhe njëherë deputeti që iu vërsul Osmanit në Kuvend: Me pas dashtë me e sulmua e kisha…,109,5,21.8,0.053356,0.034335,1,0,0,0.001595499852118376,0.9984045001478816,1,likely_fake,True,correct,short_61_120
fake_417,417,1,fake,LAJMI I FUNDIT – Më në fund Lajm i mirë për vizat,147,8,18.38,0.051345,0.054545,0,1,0,0.010428207278003976,0.989571792721996,1,likely_fake,True,correct,medium_121_250
fake_423,423,1,fake,"Fero postoi foto me armë, Arbenita e frikësuar se ai ‘do ta vrasë’",70,3,23.33,0.049875,0.024615,0,0,0,0.00023418890507187484,0.9997658110949281,1,likely_fake,True,correct,short_61_120
fake_428,428,1,fake,Zyrtari i VV-së habit me deklaratën për Thaçin dhe Veselin,87,3,29.0,0.057471,0.056338,0,0,0,0.0008023904975329454,0.999197609502467,1,likely_fake,True,correct,short_61_120
fake_430,430,1,fake,E jashtëzakonshme: Merkel me flamurin e Kosovës para syve të Vuçiqit,78,3,26.0,0.047619,0.047146,0,0,0,0.002233161844696241,0.9977668381553038,1,likely_fake,True,correct,short_61_120
fake_433,433,1,fake,Pasi u infektua me Covid-19 vdes Mustafa,57,3,19.0,0.0,0.053846,0,0,0,0.054836669420030626,0.9451633305799694,1,likely_fake,True,correct,very_short_le_60
fake_434,434,1,fake,"Lajm qe duhet ta din te gjithe, Viber do behet me para detaje ekskluzive",78,2,39.0,0.038288,0.021978,0,1,0,0.049923286696402114,0.9500767133035979,1,likely_fake,True,correct,short_61_120
fake_439,439,1,fake,‘Çartet’ Sami Lushtaku ia zbulon kete gje Rexhep Selimit,93,5,18.6,0.040541,0.078189,0,0,0,0.0009173861005397077,0.9990826138994603,1,likely_fake,True,correct,short_61_120
fake_451,451,1,fake,Maqedonia e Veriut e shokon Kosoven dhe qytetaret e saj me kete vendim qe morri,78,4,19.5,0.045662,0.053073,0,0,0,0.0006915192625711608,0.9993084807374288,1,likely_fake,True,correct,short_61_120
fake_454,454,1,fake,Këto janë pikat kufitare ku iu kërkohet testi për COVID-19,98,5,19.6,0.077586,0.043384,0,0,0,0.14198071480179275,0.8580192851982072,1,likely_fake,True,correct,short_61_120
fake_463,463,1,fake,Emily Ratajkowski duket super s.e.ksi në fotografitë e fundit,94,6,15.67,0.051527,0.02331,0,0,0,0.01273364100284613,0.9872663589971539,1,likely_fake,True,correct,short_61_120
fake_465,465,1,fake,"Lë Bashkëshorten E Tij Për Një Grua Më Të Re. Çfarë Ndodh 3 Vite Më Vonë, E Lë Atë Pa Fjalë…",136,4,34.0,0.087744,0.051418,0,0,0,0.004058616977465124,0.9959413830225349,1,likely_fake,True,correct,medium_121_250
fake_472,472,1,fake,"Acarohen raportet e Serbisë me Rusinë, ja çfarë veprimi ka bërë Vuçiq",101,3,33.67,0.06135,0.041121,0,0,0,0.006976134316056148,0.9930238656839439,1,likely_fake,True,correct,short_61_120
fake_479,479,1,fake,Ja sa kohë duhet për ta marrë virusin në një bar apo restaurant,112,7,16.0,0.073463,0.02381,0,0,0,0.007283279302832679,0.9927167206971673,1,likely_fake,True,correct,short_61_120
fake_480,480,1,fake,Gani Geci: Hashim Thaçi ma i dëmshëm se KoronaVirusi në këtë kohë!,78,7,11.14,0.064732,0.07563,0,0,2,4.8622458392322265e-05,0.9999513775416077,1,likely_fake,True,correct,short_61_120
fake_481,481,1,fake,"Detaji që u iku të gjithëve: Tyta e automatikut në shtëpinë e prindërve të Thaçit, e “zbuloi” Veseli",85,6,14.17,0.056225,0.042079,0,0,0,0.0002826920321654658,0.9997173079678345,1,likely_fake,True,correct,short_61_120
fake_483,483,1,fake,"Nasim Haradinaj: o Ramush Haradinaj, Lakmia e pushteti të prishë!",80,4,20.0,0.049251,0.05277,0,0,2,0.0013145782567748343,0.9986854217432252,1,likely_fake,True,correct,short_61_120
fake_495,495,1,fake,Lajmi i fundit: Hashim Thaçi ¨tenton¨ te ia merr jeten Gani Gecit,197,11,17.91,0.072842,0.038462,0,1,0,0.4120926261834369,0.5879073738165631,1,uncertain,True,correct,medium_121_250
fake_496,496,1,fake,Mulla Osmani i ‘bie shuplakë’ Milaim Zekës live në emision (Video),81,4,20.25,0.050607,0.082707,0,0,0,0.023324092879783098,0.9766759071202169,1,likely_fake,True,correct,short_61_120
fake_508,508,1,fake,Shikoni  reagimin e Leonora Jakupit për ndërtimin e xhamisë në Prishtinë,82,4,20.5,0.085193,0.044118,0,0,0,0.6827055843563706,0.31729441564362937,0,uncertain,False,false_negative,short_61_120
fake_515,515,1,fake,"Bac Qikat e Kosoves po na zbardhin ftyren, Kjo qe beri tash Rita Ora eshte e madhe!",352,17,20.71,0.07021,0.048544,0,0,2,0.9404987807198993,0.05950121928010061,0,likely_real,False,false_negative,long_gt_250
fake_520,520,1,fake,LAJMI BOMBASTIK / Richard Grenell: Vizat Mund Të Hiqen Ditën E Dielë (VIDEO),162,3,54.0,0.062358,0.087209,0,0,0,0.001641122054032551,0.9983588779459674,1,likely_fake,True,correct,medium_121_250
fake_527,527,1,fake,A e keni ditur se kjo moderatore është motra e Haki Abazit?,76,4,19.0,0.042506,0.038674,0,0,0,0.00010615353480758483,0.9998938464651924,1,likely_fake,True,correct,short_61_120
fake_528,528,1,fake,Ganja e PDK-s thot se Vjosa tash pa LDK-n as 10% ska me mujt me i fitu,189,8,23.62,0.05957,0.046398,0,0,1,0.10303671558363625,0.8969632844163637,1,likely_fake,True,correct,medium_121_250
fake_530,530,1,fake,Shuma marramendëse: Robert Berisha tregon sa paguhet në koncerte,142,5,28.4,0.066327,0.027331,0,0,0,0.6846904703398771,0.315309529660123,0,uncertain,False,false_negative,medium_121_250
fake_531,531,1,fake,EKSKLUZIVE: Albin Kurti President i Kosoves?,86,4,21.5,0.003781,0.0839,0,1,0,3.285383143314391e-06,0.9999967146168567,1,likely_fake,True,correct,short_61_120
fake_535,535,1,fake,‘Hashim Thaçi’ futet papritmas në emisionin ku ishte Berat Buzhala (Video),96,4,24.0,0.052632,0.060166,0,0,0,0.07607908681395203,0.923920913186048,1,likely_fake,True,correct,short_61_120
fake_536,536,1,fake,Dardan Molliqaj ia publikon këtë ‘top sekret’ Albin Kurtit,65,3,21.67,0.059585,0.038961,1,0,0,0.10565405111794224,0.8943459488820578,1,likely_fake,True,correct,short_61_120
fake_539,539,1,fake,E PAPRITUR: Ja Kush Është I Dashuri I Ri I Nora Istrefit sdo ta besoni,96,4,24.0,0.052224,0.064748,0,0,0,0.0005338285600163806,0.9994661714399836,1,likely_fake,True,correct,short_61_120
fake_544,544,1,fake,Kur pritet t’u mundësohet qytetarëve tërheqja e parave nga Trusti?,209,9,23.22,0.077229,0.037109,3,0,0,0.9354607119453742,0.06453928805462582,0,likely_real,False,false_negative,medium_121_250
fake_545,545,1,fake,"E pabesueshme, banorët e ketij fshati kapin gjarprin me përmasa të frikshme (Foto)",84,6,14.0,0.07085,0.024938,1,1,0,0.3588677471619466,0.6411322528380534,1,uncertain,True,correct,short_61_120
fake_553,553,1,fake,"Dhurata shkëlqeu e veshur e tëra me lule, por nuk do ta besoni sa kushtoi veshja e saj",97,6,16.17,0.081285,0.030806,0,1,0,0.3418034623080455,0.6581965376919545,1,uncertain,True,correct,short_61_120
fake_555,555,1,fake,Kosova zë vendin e parë në Evropë si vendi me numrin më të madh të infektuarve,158,7,22.57,0.071269,0.068116,1,0,0,0.9692678697666407,0.030732130233359255,0,likely_real,False,false_negative,medium_121_250
fake_556,556,1,fake,"BE-ja dhe SHBA e godasin fort Serbine, cmenden serbet",86,2,43.0,0.070476,0.042155,0,0,0,0.02424971825542699,0.975750281744573,1,likely_fake,True,correct,short_61_120
fake_571,571,1,fake,E papritur:Qeveria fut në karantinë edhe katër komuna,98,3,32.67,0.063893,0.045541,0,0,0,0.5087633893071528,0.49123661069284713,0,uncertain,False,false_negative,short_61_120
fake_573,573,1,fake,TURP: Ja çfarë thonë mediat serbe për shkuarjen e Thaçit në Hagë,105,5,21.0,0.0672,0.057087,1,0,0,0.04491906383512756,0.9550809361648724,1,likely_fake,True,correct,short_61_120
fake_580,580,1,fake,Ja kur pritet te vijë Vala e dytë e Covid-19.,146,7,20.86,0.095941,0.023256,2,0,0,0.5997277454758916,0.4002722545241085,0,uncertain,False,false_negative,medium_121_250
fake_582,582,1,fake,"Nuk Ka Te Ndalur Tayna, Tregon Si Po Rrit Të Pasmet E Saj Çdo Ditë",111,5,22.2,0.063636,0.049065,0,0,0,0.014899966112667085,0.9851000338873329,1,likely_fake,True,correct,short_61_120
fake_583,583,1,fake,"Azem Hajdari ku i thotë Thaçit “të rre hi si qenin more pis…”, ka dy fjalë për Isa Mustafën",191,4,47.75,0.052104,0.04534,0,0,0,0.24808066640498738,0.7519193335950126,1,likely_fake,True,correct,medium_121_250
fake_584,584,1,fake,Albin Kurti kapet në aeroport,90,5,18.0,0.072491,0.027273,0,0,0,0.0776795117297776,0.9223204882702224,1,likely_fake,True,correct,short_61_120
fake_585,585,1,fake,LAJMI I FUNDIT – E pabesushme ja qka i ndodhi Isa Mustafes ne keto momente pas infektimit me COVID 19,152,8,19.0,0.039474,0.055891,0,1,1,0.0009625638660368807,0.9990374361339631,1,likely_fake,True,correct,medium_121_250
fake_586,586,1,fake,Përhapja e virusit nuk ndalohet me gjendjen e jashtëzakonshme.,165,6,27.5,0.057116,0.011249,0,0,0,0.8403274898949479,0.15967251010505212,0,likely_real,False,false_negative,medium_121_250
fake_592,592,1,fake,"Mjeku Pipero jep lajmin e mirë: Shqipëria s’do izolohet sërish, vetëm nëse bëni këtë gjë",97,3,32.33,0.062622,0.032581,1,0,0,0.18162919496455732,0.8183708050354427,1,likely_fake,True,correct,short_61_120
fake_600,600,1,fake,"LAJMI I FUNDIT: Eshë ulur çmimi i naftës,nuk do ta besoni se sa ka ra!?",145,5,29.0,0.075243,0.04812,0,2,1,0.20749847430557877,0.7925015256944212,1,likely_fake,True,correct,medium_121_250
fake_603,603,1,fake,Neurologët: Njerëzit me simptoma të butë të koronavirusit po pësojnë çrregullime serioze të trurit,501,16,31.31,0.082119,0.018837,0,0,0,0.9900245247320629,0.009975475267937026,0,likely_real,False,false_negative,long_gt_250
fake_608,608,1,fake,E FUNDIT:Video Eksluzive ”Lajm I Madh Nga Zemaj: Do Ta Porosisim Vaksinën Kundër Koronavirusit”,164,7,23.43,0.053239,0.109226,0,0,0,0.060313974385343694,0.9396860256146563,1,likely_fake,True,correct,medium_121_250
fake_611,611,1,fake,Ka përçarje brenda LDK’së? Isa Mustafa trondite me kete qe tha!,124,7,17.71,0.036936,0.056856,0,0,1,0.0024591810280533144,0.9975408189719467,1,likely_fake,True,correct,medium_121_250
fake_612,612,1,fake,"WOW kjo eshte e madhe, Ambasadori Gjerman jep nje lajm te madh per Albin Kurtin dhe Vjosa Osmanin",89,5,17.8,0.048649,0.058296,0,0,0,0.035800982916093904,0.9641990170839061,1,likely_fake,True,correct,short_61_120
fake_614,614,1,fake,LAJMI I FUNDIT -Ne kete jave po kthehemi ne Karantine?,465,14,33.21,0.029777,0.06255,24,1,0,0.5476592922848071,0.4523407077151928,0,uncertain,False,false_negative,long_gt_250
fake_618,618,1,fake,Mergimtari qe erdhi nga Zvicra tregon çka i ndodhi sdo ta besoni(VIDEO),97,5,19.4,0.001908,0.045238,0,0,0,0.0025416557192909917,0.997458344280709,1,likely_fake,True,correct,short_61_120
fake_619,619,1,fake,“Godet“ Veton Surroi: Ata qe e “kalle” flamurin e Kosovës sigurisht janë katundar nga Drenica,85,5,17.0,0.035565,0.052632,0,0,0,0.057466280779841505,0.9425337192201585,1,likely_fake,True,correct,short_61_120
fake_621,621,1,fake,"Pasi u martuan, gruaja mëson pse burri nuk “e prek”. Kur ai bënte dush ajo e pa hapur…",280,11,25.45,0.070946,0.01448,0,0,0,0.9152567455195231,0.08474325448047688,0,likely_real,False,false_negative,long_gt_250
fake_629,629,1,fake,Aktorja nga Gjilani i quan kosovarët dreqër,93,4,23.25,0.073801,0.020595,0,0,0,0.6034718802230323,0.3965281197769677,0,uncertain,False,false_negative,short_61_120
fake_631,631,1,fake,"Habitet 22 Vjeçarja Shqiptare Nga Zvicra: Ju Rr Efej Se Cka Ndodh Me Ata Që Martohen Për Letra, Mua Më…",128,4,32.0,0.049223,0.050325,0,0,0,0.09905920054823936,0.9009407994517606,1,likely_fake,True,correct,medium_121_250
fake_638,638,1,fake,Lajmi më i ri sa i përket pagesave prej 170 eurosh për punëtorët që mbetën pa punë gjatë pandemisë!,174,7,24.86,0.072301,0.021303,0,1,1,0.9365309213263802,0.0634690786736198,0,likely_real,False,false_negative,medium_121_250
fake_652,652,1,fake,"Beogradi shpall gjendjen e jashtëzakonshme, kjo e keqe po ndodh atje",78,4,19.5,0.060417,0.031008,0,0,0,0.39956591546004183,0.6004340845399582,1,uncertain,True,correct,short_61_120
fake_655,655,1,fake,Krenar Gashi:“Avdullah Hoti Mund Të Bëhet Si Ibrahim Rugova “ ndoshta me i zoti se aj,161,26,6.19,0.053872,0.051136,1,0,0,0.6350716702864339,0.3649283297135662,0,uncertain,False,false_negative,medium_121_250
fake_671,671,1,fake,"E Fundit VIDEO Eksluzive:Harrojeni Covid19,Frika E Shkencëtarëve: “Hëna Do Të Përplaset Me Tokën”",94,2,47.0,0.08042,0.086393,0,0,0,0.05265090428521635,0.9473490957147837,1,likely_fake,True,correct,short_61_120
fake_675,675,1,fake,"I Shkatërrohet Karriera, Nora Istrefit I Publikohet Video Me Avokatin E Njohur Kosovar",70,3,23.33,0.048951,0.051136,0,1,0,0.007109029234698583,0.9928909707653014,1,likely_fake,True,correct,short_61_120
fake_679,679,1,fake,Fatmir Limaj: Albini As Pragun Ska Me Kalu Ne Zgjedhje Te Reja Keni Me Pa O Popull – VIDEO –,154,10,15.4,0.073096,0.059976,0,0,0,0.033402572235111894,0.9665974277648881,1,likely_fake,True,correct,medium_121_250
fake_680,680,1,fake,Ganja e PDK-s Kur tka qef Vjosa matum me vota qe si fitoj 50% ma shum se ajo une dha dorheqje nga PDK-ja,196,9,21.78,0.057385,0.046948,0,0,1,0.07183515853811906,0.9281648414618809,1,likely_fake,True,correct,medium_121_250
fake_694,694,1,fake,"LAJMI I FUNDIT: Vjosa Osmani nuk ndalet, Ja jep goditjen finale Isa Mustafes",148,3,49.33,0.097727,0.052999,0,1,0,0.36462175726894963,0.6353782427310504,1,uncertain,True,correct,medium_121_250
fake_702,702,1,fake,LAJMI I FUNDIT – Thaçi: Nëse nuk arrihet marrëveshja me 27 qershor kjo do të ndodhë…,2233,75,29.77,0.086382,0.03475,0,1,0,0.9979703524307728,0.0020296475692271917,0,likely_real,False,false_negative,long_gt_250
fake_713,713,1,fake,"Mixha hyri në një restorant luksoz dhe i shërben kamarierja më e mirë, por të nesërmen ajo shkarkohet pas asaj që kishte bërë!",489,29,16.86,0.07471,0.018868,0,0,4,0.7842312763370203,0.21576872366297972,0,likely_real,False,false_negative,long_gt_250
fake_721,721,1,fake,"Cka po ndodh ne shesh te Prishtines,zjarrefiksat jane aty dhe",83,3,27.67,0.0,0.028205,0,0,0,0.005356184826044275,0.9946438151739557,1,likely_fake,True,correct,short_61_120
fake_731,731,1,fake,Kryeministri britanik jep lajmin e madh: Ja kur mbaron kriza nga COVID-19,136,6,22.67,0.050808,0.02886,2,0,0,0.12811062690380393,0.8718893730961961,1,likely_fake,True,correct,medium_121_250
fake_744,744,1,fake,Studimi i ri: Njerëzit kanë më shumë gjasa të infektohen në shtëpi se sa jashtë,121,3,40.33,0.065359,0.032733,2,0,0,0.17717296149450967,0.8228270385054903,1,likely_fake,True,correct,medium_121_250
fake_745,745,1,fake,Vaksina “premtuese” e COVID-19 në Oxford: Çfarë është ajo dhe katër gjërat tjera që duhet ditur,99,2,49.5,0.061514,0.046967,0,0,0,0.15229245326304441,0.8477075467369556,1,likely_fake,True,correct,short_61_120
fake_747,747,1,fake,Hoxha nga Drenica i përmend me emra: Këta janë islamofobët që po u pengon ndërtimi i xhamisë,89,3,29.67,0.058366,0.047733,1,0,0,0.013464805162437976,0.986535194837562,1,likely_fake,True,correct,short_61_120
fake_756,756,1,fake,"Fotografi brenda Klinikës Infektive në QKUK, mjekë të lodhur e rraskapitur: Këtu as Supermeni nuk bën punë",251,15,16.73,0.075683,0.05151,0,0,0,0.4021676271484713,0.5978323728515287,1,uncertain,True,correct,long_gt_250
fake_758,758,1,fake,Çfarë e zhduk koronavirusin? Italianët bëjnë zbulimin që do na rikthejë në normalitet,100,5,20.0,0.057994,0.020716,2,0,0,0.030294555718683447,0.9697054442813166,1,likely_fake,True,correct,short_61_120
fake_760,760,1,fake,Mj eku i njohur Pellumb Pipero jep lajmin e k eq: Pa ndemia mund të zgjasë deri në..,126,4,31.5,0.037677,0.017928,1,0,0,0.08961570239831729,0.9103842976016827,1,likely_fake,True,correct,medium_121_250
fake_765,765,1,fake,"Intervistimi 4 ditor i Thaçit, Raportuesja për Kosovën bënë veprimin e papritur",210,7,30.0,0.072667,0.037602,0,0,0,0.04752239320914431,0.9524776067908557,1,likely_fake,True,correct,medium_121_250
fake_772,772,1,fake,"Ylli super seksi i ‘Victoria Secret’ kapet ‘mat’ nga paparacit, bikinit morën të gjithë vëmendjen",143,7,20.43,0.060914,0.02057,0,0,0,0.11849942402018654,0.8815005759798135,1,likely_fake,True,correct,medium_121_250
fake_781,781,1,fake,Greqia: I dhimbshëm vendimi për xhaminë,120,5,24.0,0.078167,0.032949,0,0,0,0.06463451490852501,0.935365485091475,1,likely_fake,True,correct,short_61_120
fake_783,783,1,fake,Të marrësh kredi për të bërë fëmijë / historia emocionuese e çiftit që u bënë prindër pas 15 vitesh,135,4,33.75,0.066919,0.034755,0,0,0,0.05839434462487336,0.9416056553751266,1,likely_fake,True,correct,medium_121_250
fake_788,788,1,fake,Albin Kurti e quan Zezaj Ministrin e Shëndetësisë,257,14,18.36,0.084615,0.023499,0,0,0,0.679263051409545,0.320736948590455,0,uncertain,False,false_negative,long_gt_250
fake_789,789,1,fake,"Zemaj deputetëve të VV’së: Ju jeni shëtit me paramilitarë, unë jam nip i Mic Sokolit",246,13,18.92,0.07148,0.048007,0,0,0,0.83848689842247,0.1615131015775299,0,likely_real,False,false_negative,medium_121_250
fake_793,793,1,fake,"Bëri dasmë në kohën e koronavirusit, Rama i bën shqiptarit atë që nuk e kishte parë as në ëndrrat më të k ëqija",134,7,19.14,0.056995,0.031405,0,0,0,0.01628286216538144,0.9837171378346186,1,likely_fake,True,correct,medium_121_250
fake_803,803,1,fake,A do të mbyllen prapë xhamitë?,71,3,23.67,0.061404,0.06366,0,0,0,0.023970135208480903,0.9760298647915191,1,likely_fake,True,correct,short_61_120
fake_808,808,1,fake,FËMlJA i a doptuar thotë DlÇKA në sallën e GJYQlT që prek z emrën e të GJlTHËVE,146,8,18.25,0.086683,0.06051,0,0,1,0.16247807150162752,0.8375219284983725,1,likely_fake,True,correct,medium_121_250
fake_809,809,1,fake,Oj Qeveri: Ku mbetën 170 eurot që qytetarët janë në pritje të tyre ?,109,6,18.17,0.071987,0.025641,1,0,0,0.09399612395111079,0.9060038760488892,1,likely_fake,True,correct,short_61_120
fake_825,825,1,fake,"Eskalon situata në Serbi, protesutesit futen në Kuvend",99,8,12.38,0.051051,0.025408,1,0,0,0.03391392704404417,0.9660860729559558,1,likely_fake,True,correct,short_61_120
fake_830,830,1,fake,"‘Cmendet’ Moti Në Shqipëri, Shihni Çfarë Po Ndodh Në Plazhin E Borshit",100,5,20.0,0.058925,0.044776,1,0,0,0.01789288028944347,0.9821071197105565,1,likely_fake,True,correct,short_61_120
fake_833,833,1,fake,A paguhen 10 ditët e humbura të karantinës në Zvicër? Flet Shoqata e Sipermarrësve Zviceranë,251,11,22.82,0.085752,0.019496,1,0,0,0.5774906695706812,0.4225093304293189,0,uncertain,False,false_negative,long_gt_250
fake_835,835,1,fake,"Video Eksluzive:“Doja Të Bleja Shtëpi, Ai Ishte Ndërtuesi I Pallatit”, Alketa Vejsiu Rr Ëfen Hi Storinë! Si U Njoh Me Burrin: U Çmenda Pas Syve Të Tij",127,5,25.4,0.062593,0.074144,0,0,2,0.033015140878529525,0.9669848591214705,1,likely_fake,True,correct,medium_121_250
fake_856,856,1,fake,"Gjermania planifikon vendimin e madh, ja qfarë pritet të ndodhë",149,33,4.52,0.066002,0.032967,3,0,0,0.35988533891951147,0.6401146610804885,1,uncertain,True,correct,medium_121_250
fake_858,858,1,fake,Çdo bëhet me këtë vend?! Zëri i Amerikës ia pl.as të vërtetën Shqipërisë: Më ulët se kurrë…,134,28,4.79,0.065598,0.032505,0,0,1,0.04424451076528935,0.9557554892347107,1,likely_fake,True,correct,medium_121_250
fake_863,863,1,fake,"Video Eksluzive:“Shqiperia Ka Qene Greqi”, Këngëtarja E Njohur ‘Shp Ërthen’ Ndaj Arjan Çanit: Ky Njeri Duhet Te",105,5,21.0,0.060708,0.070362,0,0,0,0.030526232875167536,0.9694737671248325,1,likely_fake,True,correct,short_61_120
fake_875,875,1,fake,"Labi gëzon vajzën me aftësi të kufizuara, ia dorëzon një karrocë të re (VIDEO)",139,7,19.86,0.076716,0.033956,0,0,0,0.03424441183261273,0.9657555881673873,1,likely_fake,True,correct,medium_121_250
fake_880,880,1,fake,Kadri Veseli “kë.rcënon” ata që u pasuruan pa djersë,112,16,7.0,0.068908,0.034261,2,0,0,0.03381437576714508,0.9661856242328549,1,likely_fake,True,correct,short_61_120
fake_887,887,1,fake,"Vjen një lajm shumë i keq për Kosovën dhe qytetarët e saj, KUJDES",112,7,16.0,0.073836,0.068826,0,0,2,0.031399914525124806,0.9686000854748752,1,likely_fake,True,correct,short_61_120
fake_888,888,1,fake,Doktori i QKUK-së hedh vrer mbi politikanët kosovarë: A keni familje more politikuaj,92,4,23.0,0.062385,0.050114,1,0,0,0.010963360614385964,0.989036639385614,1,likely_fake,True,correct,short_61_120
fake_889,889,1,fake,"E Porsalindur Dhe Ecën, Publikohen Pamjet Mbreslënëse Dhe… (VIDEO EMOCIONUESE)",62,1,62.0,0.021845,0.1261,0,0,0,0.00037438484654594983,0.999625615153454,1,likely_fake,True,correct,short_61_120
fake_890,890,1,fake,"Policia Nuk Kursehet Aspak Për Familjen Shqiptare, E Shpo.Rrin Me Urgjencë. 26-Vjeçarja Me Barkun Te Goja Bashkë Me Djalin 2 -Vjeçar",139,9,15.44,0.062735,0.039494,2,0,0,0.10904943763984376,0.8909505623601562,1,likely_fake,True,correct,medium_121_250
fake_906,906,1,fake,Nga VV tregojnë nëse do ta pranojnë Vjosa Osmanin në parti,95,10,9.5,0.069549,0.064965,0,0,0,0.016307619722032984,0.983692380277967,1,likely_fake,True,correct,short_61_120
fake_907,907,1,fake,VIDEO EKSLUZIVE:Grida Duma: Edi Rama Ka Pro.Bleme Me Pastër.Tinë E Duarve…,98,7,14.0,0.038113,0.149083,0,0,0,0.0014191587415235407,0.9985808412584765,1,likely_fake,True,correct,short_61_120
fake_908,908,1,fake,VIDEO EKSLUZIVE:Ilir Meta E Financoi Me Parat E Dro.Ges Filmin E Bes Kallakut Dhe I Solli Dhe Dashnoren Bleonen Si Aktore…,138,6,23.0,0.021534,0.114286,0,0,0,0.004067383553708059,0.9959326164462919,1,likely_fake,True,correct,medium_121_250
fake_910,910,1,fake,Kjo është mundësia e ardhjes së mërgimtarëve nga Gjermania,79,10,7.9,0.06982,0.033803,0,0,0,0.006159447345946867,0.9938405526540531,1,likely_fake,True,correct,short_61_120
fake_917,917,1,fake,"Rruga shnd.ërrohet në ri.ng, shoferi n.oka.uton tri herë shoferin tjetër",83,18,4.61,0.037296,0.020528,0,0,0,0.007675918798288883,0.9923240812017111,1,likely_fake,True,correct,short_61_120
fake_931,931,1,fake,"Xheni dhe partnerja e saj duan të bëhen me fëmijë, ja kush do jetë dhuruesi",89,2,44.5,0.057026,0.04557,0,0,0,0.004663661674057518,0.9953363383259425,1,likely_fake,True,correct,short_61_120
fake_938,938,1,fake,"Leje qëndrimi për punëtorët sezonalë në Itali, nis procesi, ja sa shqiptarë mund të përfitojnë…",104,2,52.0,0.086957,0.014675,0,0,0,0.017019609324330554,0.9829803906756694,1,likely_fake,True,correct,short_61_120
fake_939,939,1,fake,(VIDEO) A Nuk Eshte Mrekulli? Momenti Kur Femija Shpetohet Nga Mb.Ytja Ne Pishine,106,7,15.14,0.063866,0.069474,0,0,0,0.13099317309695946,0.8690068269030405,1,likely_fake,True,correct,short_61_120
fake_945,945,1,fake,"Exluzive Aeroplani Rrëzohet Në Det, Piloti Filmon Momentin E Shpëtimit Nga..",125,6,20.83,0.04717,0.034483,0,0,0,0.17605724896924568,0.8239427510307543,1,likely_fake,True,correct,medium_121_250
fake_950,950,1,fake,"Zeka: Albin Kurti po nxit vëllavrasjen, mund të ketë lufte civile",83,3,27.67,0.058586,0.050378,0,0,0,0.0031639523903340683,0.9968360476096659,1,likely_fake,True,correct,short_61_120
fake_965,965,1,fake,Çka nëse nuk mbahen dasmat këtë verë?,79,5,15.8,0.036717,0.04336,0,0,0,0.004001639783035693,0.9959983602169643,1,likely_fake,True,correct,short_61_120
fake_966,966,1,fake,"Arben, edhe ti a?🤦‍♂️",107,4,26.75,0.070175,0.023438,2,0,0,0.1576641702754914,0.8423358297245086,1,likely_fake,True,correct,short_61_120
fake_974,974,1,fake,Engjellusha a je ti? Nuk i besova syve kur të shikova në plazhë!,90,7,12.86,0.074148,0.034739,0,0,1,0.3997484096634556,0.6002515903365444,1,uncertain,True,correct,short_61_120
fake_975,975,1,fake,"Flet Meda “Ja kam pa hajrin ktij populli, me shpi e kerra”",88,3,29.33,0.058333,0.029412,0,0,0,0.14612211276540288,0.8538778872345971,1,likely_fake,True,correct,short_61_120
fake_979,979,1,fake,"Kosova në zgjedhje të jashtëzakonshme, Kjo është data!",186,10,18.6,0.072727,0.041249,1,0,2,0.5884238131918679,0.4115761868081321,0,uncertain,False,false_negative,medium_121_250
fake_988,988,1,fake,"Rexhaj ‘godet’ Nasim Haradinajn, o Nasim ti je banditi më i madh që ka Kosova",99,4,24.75,0.04902,0.073048,1,0,0,0.04251877944106408,0.9574812205589359,1,likely_fake,True,correct,short_61_120
fake_991,991,1,fake,"Kështu u pritë jashtë Presidenti Thaçi, pas përfundimit të intervistimit në Hagë (Video)",107,5,21.4,0.069666,0.045296,0,0,0,0.08990446831654164,0.9100955316834584,1,likely_fake,True,correct,short_61_120
fake_994,994,1,fake,Albin Kurti është takuar me fshehurazi me qeverinë e sërbisë mos i besoni ketij tradhtari o popull,172,4,43.0,0.071429,0.036437,0,0,0,0.3575510160580022,0.6424489839419978,1,uncertain,True,correct,medium_121_250
fake_1005,1005,1,fake,"Urime Kosovë! Në këtë datë në Korrik do hiqen Vizat, SHBA jep lajmin e madh",105,4,26.25,0.072727,0.07771,0,0,2,0.10924623858560767,0.8907537614143923,1,likely_fake,True,correct,short_61_120
fake_1028,1028,1,fake,"BE i’a palon Grenellit: Bën veprimin e papritur për Kosovën, hiqen vizat për Kosovën??",261,11,23.73,0.069767,0.050887,0,0,0,0.9363173412922169,0.06368265870778315,0,likely_real,False,false_negative,long_gt_250
fake_1034,1034,1,fake,"Rr’ahje mes dasmorëve në Prishtinë, bërtit “Nusja koka si Lop” (Video)",115,7,16.43,0.069182,0.035644,0,0,0,0.2796951351230008,0.7203048648769992,1,likely_fake,True,correct,short_61_120
fake_1037,1037,1,fake,"Daçiq: Na jepni Veriun e Kosovës, pastaj fillojmë me bisedime!",344,12,28.67,0.073595,0.041718,2,0,1,0.9538647757139446,0.046135224286055466,0,likely_real,False,false_negative,long_gt_250
fake_1042,1042,1,fake,"Afrim Muçiqi: Nëse nuk na lejohet puna, do t’i mbajmë dasmat në shesh apo livadhe",166,10,16.6,0.076053,0.025907,0,0,0,0.8804957052583915,0.11950429474160854,0,likely_real,False,false_negative,medium_121_250
fake_1054,1054,1,fake,LAJMI FUNDIT: Vjosa Osmani antarsohet në Vetëvendosje ja detajet,96,5,19.2,0.061837,0.07957,0,0,0,0.24358047420669804,0.756419525793302,1,likely_fake,True,correct,short_61_120
fake_1055,1055,1,fake,SHBA vjen me Super Lajm Për Kosovën,286,10,28.6,0.085648,0.033803,0,0,0,0.9485803671651309,0.05141963283486904,0,likely_real,False,false_negative,long_gt_250
fake_1064,1064,1,fake,Nuk do ta besoni se çka e paralajmëron Isa Mustafa Vjosën!,132,6,22.0,0.078947,0.036585,0,1,1,0.5473902616252169,0.4526097383747831,0,uncertain,False,false_negative,medium_121_250
fake_1076,1076,1,fake,Isa Mustafa marrja e Qeverisë në këtë kohë është sakrificë që po bënë LDK-ja,103,3,34.33,0.083624,0.055794,0,0,0,0.3018764273384331,0.6981235726615669,1,uncertain,True,correct,short_61_120
fake_1079,1079,1,fake,Agim Veliu “godet“ Vjosen: Oj trashaluqe duhesh mi hjek killat për mu…..,152,8,19.0,0.053571,0.027108,0,0,0,0.5765515551988636,0.42344844480113647,0,uncertain,False,false_negative,medium_121_250
fake_1081,1081,1,fake,"Isa Mustafa: Ne Shqiptarët e Kosovës jemi me Amerikën, kurse Albin Kurti….",81,3,27.0,0.070727,0.057554,0,0,0,0.15990908886213306,0.8400909111378669,1,likely_fake,True,correct,short_61_120
fake_1084,1084,1,fake,E pabesueshme se çfarë vendimi pritet të merr Presidenti Hashim Thaçi nëse e…,107,4,26.75,0.079675,0.044088,0,1,0,0.14333848952828,0.85666151047172,1,likely_fake,True,correct,short_61_120
fake_1085,1085,1,fake,Glauk Konjufca: Bëhuni gati…Nesër është vetëm nxemje!,170,7,24.29,0.094246,0.051852,0,0,1,0.9513823630351885,0.04861763696481151,0,likely_real,False,false_negative,medium_121_250
fake_1090,1090,1,fake,Politikani Serb ‘zbulon’ dy politikanët e Kosovës që po bashkëpunojnë me…,176,8,22.0,0.077643,0.043931,2,0,0,0.4584052221978647,0.5415947778021353,1,uncertain,True,correct,medium_121_250
fake_1092,1092,1,fake,"Abdulla Hoti “godet“ Lëvizjen Vetëvendosje, ja çka i thotë!",112,5,22.4,0.086822,0.05029,1,0,1,0.7581422249752512,0.24185777502474878,0,likely_real,False,false_negative,short_61_120
fake_1101,1101,1,fake,Ky kombinim po i çmend të gjithë: Bëhu me fIokë duke përdorur bananen,194,11,17.64,0.113924,0.020179,0,0,0,0.6115921707127404,0.3884078292872596,0,uncertain,False,false_negative,medium_121_250
fake_1104,1104,1,fake,"Nuk hapen xhamitë as në ditët e fundit të Ramazanit, edhe ne Hoxhallarët duam pushim",378,12,31.5,0.088602,0.033929,0,0,0,0.9856461529707412,0.014353847029258812,0,likely_real,False,false_negative,long_gt_250
fake_1106,1106,1,fake,"Behgjet Pacolli “befason“ me fjalë: E deshtët apo Jo, Halil Kastrati nuk ban “NONA“ tjetër në Shqiptari",75,2,37.5,0.050228,0.071633,0,0,0,0.13729794406017337,0.8627020559398266,1,likely_fake,True,correct,short_61_120
fake_1108,1108,1,fake,Vjosa po vjen me parti të re politike me 9 deputet!,44,3,14.67,0.040984,0.145833,0,0,1,0.0668395026981109,0.9331604973018891,1,likely_fake,True,correct,very_short_le_60
fake_1117,1117,1,fake,"Albin Kurtit do ti ndodhë më e keqja, Ja çka paralajmëron Pacolli",362,20,18.1,0.085942,0.034367,0,0,0,0.3884079508085917,0.6115920491914083,1,uncertain,True,correct,long_gt_250
fake_1119,1119,1,fake,Detaje të reja: Zbulohen mesazhet zyrtare për rastin e 26 vjeçarit që vdiq dje në Qendrën e Studentëve,84,2,42.0,0.07438,0.046154,2,0,0,0.5115467315494495,0.4884532684505504,0,uncertain,False,false_negative,short_61_120
fake_1121,1121,1,fake,Vali Corleone flet për Hashim Thaçin e Albin Kurtin: Ja kush janë këta!,73,5,14.6,0.064767,0.066445,0,0,1,0.16252455513912745,0.8374754448608726,1,likely_fake,True,correct,short_61_120
fake_1135,1135,1,fake,Hoxhaj: Kurr sdo të bëhet mirë pa ardhur në krye të Kosovës Kadri Veseli,107,3,35.67,0.071778,0.059305,0,1,1,0.01766549318346955,0.9823345068165305,1,likely_fake,True,correct,short_61_120
fake_1138,1138,1,fake,Hyn dhe Voto dr. Shefqet Krasniqin për imam të xhamisë së re në Prishtinë,104,7,14.86,0.063415,0.044088,1,1,1,0.025378218737602043,0.974621781262398,1,likely_fake,True,correct,short_61_120
fake_1165,1165,1,fake,Çmimi i lartë do tju trondit se sa do të kushtojë një vaksinë anti-korona që e keni patjetër ta merrni!,86,4,21.5,0.063707,0.028916,0,1,2,0.0028679071319182015,0.9971320928680818,1,likely_fake,True,correct,short_61_120
fake_1174,1174,1,fake,"Vjen thirrja e fundit për zgjedhje të parakohshme, pas Albinit e penzionojnë edhe Avdullah Hotin",104,3,34.67,0.06462,0.035433,0,1,1,0.0484527215239543,0.9515472784760457,1,likely_fake,True,correct,short_61_120
fake_1179,1179,1,fake,"Bekim Jashari: Albin Kurti , ‘Nuse e mirë po duket por t’ja shohim çeizin’!",110,4,27.5,0.054726,0.029106,0,1,3,0.007038531442133067,0.9929614685578669,1,likely_fake,True,correct,short_61_120
fake_1180,1180,1,fake,"Avdullah Hoti fyen rëndë të gjithë myslimanët që falën nëpër xhami, duke i quajtur…?",81,4,20.25,0.062016,0.026253,0,1,1,0.025456715858941048,0.974543284141059,1,likely_fake,True,correct,short_61_120
fake_1183,1183,1,fake,"Kadri Veseli e ‘pren’ punën e xhamisë, nuk do ta besoni se a dha lejen për ndërtimin apo jo?",88,4,22.0,0.073529,0.021164,0,1,0,0.33106877956041403,0.668931220439586,1,uncertain,True,correct,short_61_120
fake_1186,1186,1,fake,"I gjithë shteti në Alarm, Ja ‘Lajmin që e solli nga Haga’ Hashim Thaçi dhe Kadri Veseli",99,4,24.75,0.066007,0.05123,0,2,1,0.00621879560281724,0.9937812043971828,1,likely_fake,True,correct,short_61_120
fake_1191,1191,1,fake,"Specialisti italian na i qetëzoi zemrat të gjithëve: ‘Kjo është e vërteta e koronavirusit, mos bini pre e biznismenëve’",91,9,10.11,0.06163,0.025445,0,1,1,0.004264191389339866,0.9957358086106601,1,likely_fake,True,correct,short_61_120
fake_1194,1194,1,fake,"Media Gjermane: Merkel është e përfshirë në një skandal, ndihmoi Hashim Thaçin me 2 miliardë Euro?",90,4,22.5,0.055838,0.031056,1,2,1,0.00781757403195682,0.9921824259680432,1,likely_fake,True,correct,short_61_120
fake_1197,1197,1,fake,Urime KOSOVË / Qeveria e Izraelit zyrtarisht ofron këtë ndihmë pë çdo qytetar të Kosovës,96,3,32.0,0.075758,0.039832,0,0,0,0.029968146536401896,0.9700318534635981,1,likely_fake,True,correct,short_61_120
fake_1199,1199,1,fake,"Pse shumë njerëz po dështojnë? Cili meriton të kalon i pari, i dyti dhe i fundit?",109,7,15.57,0.09306,0.015779,0,1,1,0.004201967882584423,0.9957980321174156,1,likely_fake,True,correct,short_61_120
fake_1224,1224,1,fake,"Ndërron jetë Luan Bajra pak ditë para martesës, i riu vuante nga kjo sëmundje! Ngushllime familjes Bajra",77,5,15.4,0.06087,0.056452,0,0,1,0.0038589810107722,0.9961410189892278,1,likely_fake,True,correct,short_61_120
fake_1226,1226,1,fake,URIME NA QOFTË / Oxford jep rezultatet e para pozitive të vaksinës që zhduk tërësisht virusin,74,3,24.67,0.049145,0.044386,0,0,0,0.0010600421503029755,0.998939957849697,1,likely_fake,True,correct,short_61_120
fake_1230,1230,1,fake,"Vjosa Osmani me lot në sy pranon largimin e saj nga politika, fjalimi i plotë i saj…?",87,4,21.75,0.046875,0.042079,0,0,0,0.0006556198636878952,0.9993443801363121,1,likely_fake,True,correct,short_61_120
fake_1234,1234,1,fake,"Viola Cramon ‘trondet’ Kosovën, tregon se cilët dy politikan i than ‘Mos nai liberalizoni vizat pa i fitu na zgjedhjet’",103,3,34.33,0.055468,0.035156,0,0,0,0.006092234047281098,0.9939077659527189,1,likely_fake,True,correct,short_61_120
fake_1243,1243,1,fake,"Historike / DELAWIE: ‘O burra, ne ta harron Serbia që SHBA hjek dor nga Kosova, për at Zot i dua si vëllezër’",99,5,19.8,0.059504,0.072314,0,0,0,0.0036915955844605275,0.9963084044155395,1,likely_fake,True,correct,short_61_120
fake_1245,1245,1,fake,"Hyri brenda në qabe dhe filmoi pamje nga brenda, u ‘trondit’ nga ajo që pa sepse se kishte menduar kurrë këtë?",84,4,21.0,0.07173,0.010526,0,0,0,0.0010810414611506225,0.9989189585388494,1,likely_fake,True,correct,short_61_120
fake_1246,1246,1,fake,"Çmime jashtëzakonisht të ulëta në këto dyqane për shopping, NXITONI URGJENTISHT",87,2,43.5,0.078947,0.048055,0,0,0,0.02685631046321424,0.9731436895367858,1,likely_fake,True,correct,short_61_120
fake_1260,1260,1,fake,"Skena shumë të nxehta, çmendet Edona Llalloshi dhe bën rezil udhëheqësen te ‘Shiko kush luan’",93,5,18.6,0.047957,0.03913,0,0,0,0.004325181505493547,0.9956748184945065,1,likely_fake,True,correct,short_61_120
fake_1266,1266,1,fake,LAJMI I FUNDIT Nga Gjermania – BE-ja më në fund iberalizohen vizat për Kosovarët,98,3,32.67,0.053459,0.059273,0,1,0,0.0005778964200211512,0.9994221035799788,1,likely_fake,True,correct,short_61_120
fake_1274,1274,1,fake,Mustafa Nano e tepron / E vetmja shpresë për shqiptarin është ardhja e Albin Kurtit në pushtet,78,4,19.5,0.066079,0.049451,1,0,0,0.0007810668496516238,0.9992189331503484,1,likely_fake,True,correct,short_61_120
fake_1275,1275,1,fake,"Mjer KOSOVA / Vuçiq e bën ‘hor’ Avduallah Hotin para BE-së, kurse Hoti vetëm shikon si i çmendur",98,4,24.5,0.077058,0.050328,0,0,0,0.03159862419589454,0.9684013758041055,1,likely_fake,True,correct,short_61_120
fake_1279,1279,1,fake,"Ramiz Lladrovci: Pishpirikat e Vetëvendosjes nuk ti baj hesap, Albini Kurti ngelafç ngat mu?",106,5,21.2,0.069597,0.030879,0,0,0,0.00211417265927738,0.9978858273407226,1,likely_fake,True,correct,short_61_120
fake_1285,1285,1,fake,"Kur e pyetën Albert Ajnshtajnin a besonte në Zot, përgjigja e tij la pa frymë gjith Botën",111,7,15.86,0.063593,0.033865,0,0,0,0.013707766081624717,0.9862922339183753,1,likely_fake,True,correct,short_61_120
fake_1290,1290,1,fake,"URIME NA QOFTË / Mbyllen votimet në Maqedoninë e Veriut, shpallet kryeministri i parë shqipëtar atje",89,8,11.12,0.045016,0.058586,3,0,0,0.03929143611138397,0.960708563888616,1,likely_fake,True,correct,short_61_120
fake_1291,1291,1,fake,Artan Abrashi i VV-së / Krimineli Hashim Thaçi duheshte të jep dorëheqje para se të shkonte sepse sdo të kthehet?,99,4,24.75,0.052545,0.070565,0,0,0,0.0023639429155269953,0.997636057084473,1,likely_fake,True,correct,short_61_120
fake_1293,1293,1,fake,"Pas di vorcit, nëna gjen të d ashur: Ky është mesazhi që fëmijët kanë për t’i dhënë!",87,4,21.75,0.0875,0.026596,0,0,1,0.006461836197588555,0.9935381638024114,1,likely_fake,True,correct,short_61_120
fake_1302,1302,1,fake,"BISEDA SEKRETE: Clinton-D’Alema më 23 mars, 1999 për ndërhyrjën e NATO-së në Kosovë",94,8,11.75,0.057143,0.098039,0,1,0,0.01398424355194361,0.9860157564480564,1,likely_fake,True,correct,short_61_120
fake_1311,1311,1,fake,EKSKLUZIVE / Këto pamje të filmuara në 1999 të Gani Gecit bëjnë të qarta debatet e këtyre 20 viteve,100,3,33.33,0.085667,0.052738,0,2,0,0.3820237319034361,0.6179762680965639,1,uncertain,True,correct,short_61_120
fake_1314,1314,1,fake,Hashim Thaçi ‘çartet’ dhe dridh gjithë Amerikën me fjalimin e tij për KOSOVËN HEROIKE,112,3,37.33,0.085008,0.049808,0,0,0,0.021714999873493235,0.9782850001265068,1,likely_fake,True,correct,short_61_120
fake_1320,1320,1,fake,Gent Cakaj: Kur është në pyetje UÇK-ja duhet të jemi 1 or kafsha të pista të Kosovës,86,3,28.67,0.078278,0.060386,0,0,0,0.030953854378987566,0.9690461456210124,1,likely_fake,True,correct,short_61_120
fake_1324,1324,1,fake,Mërgimtarët shqipëtar përlotin Hashim Thaçin me befasinë që ia bënë para Gjykatës së Hagës,87,4,21.75,0.081749,0.051044,0,0,0,0.0009665186603960985,0.9990334813396039,1,likely_fake,True,correct,short_61_120
fake_1325,1325,1,fake,"Prifti shqipëtar Don Zefi: Ne shqipëtarët katolik vëllezër i kemi grekët dhe serbet,",103,12,8.58,0.050435,0.039648,0,0,0,0.0010907098667906068,0.9989092901332094,1,likely_fake,True,correct,short_61_120
fake_1334,1334,1,fake,"E Fundit / Shkarkohet presidenti i Shqipërisë Ilir Meta, komisioni hetimor raporton që?",97,5,19.4,0.059406,0.034694,0,0,0,0.26993040938719925,0.7300695906128007,1,likely_fake,True,correct,short_61_120
fake_1336,1336,1,fake,"Nuk e pranuan Hashim Thaçin në shtëpi, vjen reagimi i Bekim Jasharit ku tregon arsyen se pse?",102,6,17.0,0.055957,0.050114,0,0,0,0.002877617464471016,0.997122382535529,1,likely_fake,True,correct,short_61_120
fake_1346,1346,1,fake,Nga nesër bllokim i plotë i lëvizjes së qytetarëve në këto komuna të Kosovës?,95,5,19.0,0.069767,0.016064,1,0,0,0.03591627156181432,0.9640837284381857,1,likely_fake,True,correct,short_61_120
fake_1351,1351,1,fake,Urime Kosovë / Grenell zyrtarisht jep datën kur mund kosovarët të udhëtojnë PA VIZA?,98,4,24.5,0.063333,0.059426,0,0,0,0.007148224764781608,0.9928517752352184,1,likely_fake,True,correct,short_61_120
fake_1365,1365,1,fake,Shkëlzen Gashi: Kur un ju thoja nuk e besojshit të vërtetën e UÇK-së,99,3,33.0,0.068468,0.06621,0,0,0,0.019001939119974276,0.9809980608800257,1,likely_fake,True,correct,short_61_120
fake_1371,1371,1,fake,Dokumenti i CIA 1978: Ky ishte politikani që i dha tokat shqipëtare Greqisë,101,3,33.67,0.069021,0.025948,0,0,0,0.014039640591999136,0.9859603594080009,1,likely_fake,True,correct,short_61_120
fake_1379,1379,1,fake,"Shefqet Krasniqi: Mos keni frik nga ky virus, nëse e keni të shkruar do tjesh i fundit që dot kap",86,4,21.5,0.047521,0.040816,0,0,1,0.07250516919457184,0.9274948308054282,1,likely_fake,True,correct,short_61_120
fake_1382,1382,1,fake,‘Dorëzohet Sërbia’ / Numri i viktimave nga virusi në Sërbi thyen rekordin botëror,74,4,18.5,0.057522,0.036313,1,0,0,0.009685467369020762,0.9903145326309792,1,likely_fake,True,correct,short_61_120
fake_1385,1385,1,fake,Merkel ia terron Vuçiqit me këtë kërkesë që ia bëri në lidhje me kufijtë dhe njohjen e pavarsisë së Kosovës,87,3,29.0,0.056159,0.052402,0,0,0,0.007912365663869436,0.9920876343361306,1,likely_fake,True,correct,short_61_120
fake_1395,1395,1,fake,Krijesë e huaj misterioze me ‘krahët që duken njerëzore’ i vë në dyshim mendjet e njerëzve,85,5,17.0,0.066116,0.028424,0,0,0,0.004458682889751042,0.995541317110249,1,likely_fake,True,correct,short_61_120
fake_1396,1396,1,fake,Ju Lutem Shpërndaje Që Ta shohin Gjithë / Ja se çfarë po ju ndodh qytetarëve që po udhëtojnë për në Europë,93,6,15.5,0.077491,0.043678,0,0,0,0.00479838422587664,0.9952016157741234,1,likely_fake,True,correct,short_61_120
fake_1413,1413,1,fake,Publikohen për herë të parë fotot e Anisa Josifit në shtratin e vd ekjes,100,3,33.33,0.077586,0.032538,0,0,0,0.020225088314557604,0.9797749116854424,1,likely_fake,True,correct,short_61_120
fake_1415,1415,1,fake,Italia merr vendim të prerë për shtetin e Kosovës dhe bën apel në gjithë Europën për izolim 24 muajsh?,86,5,17.2,0.055077,0.057447,1,0,0,0.010220198641273104,0.9897798013587269,1,likely_fake,True,correct,short_61_120
fake_1420,1420,1,fake,"Molliqaj: Hashim Thaçi nuk është anti-amerikan, është k riminel!",71,4,17.75,0.057778,0.063889,0,0,1,0.0002854592444296866,0.9997145407555703,1,likely_fake,True,correct,short_61_120
fake_1424,1424,1,fake,Plaku nga Kosova: Evropa i ka borxh Kosovës,72,4,18.0,0.079327,0.02381,0,0,0,0.01803431146613166,0.9819656885338683,1,likely_fake,True,correct,short_61_120
fake_1426,1426,1,fake,LAJM I FUNDIT:Nuk do mund ta besoni se ku ndodhet në Këto momente Hashim Thaçi,86,3,28.67,0.050526,0.073491,0,1,0,0.0007506917642670086,0.999249308235733,1,likely_fake,True,correct,short_61_120
fake_1432,1432,1,fake,Këta zyrtarë priten të largohen nga LDK-ja! arsyeja shkarkimi Vjoses?,76,6,12.67,0.059382,0.075758,0,0,1,0.0034235374417708186,0.9965764625582292,1,likely_fake,True,correct,short_61_120
fake_1434,1434,1,fake,A do të vazhdojë të jetë antare e LDKsë? Ja çka thotë Osmani,77,3,25.67,0.082547,0.053097,0,0,0,0.001945055379652394,0.9980549446203476,1,likely_fake,True,correct,short_61_120
fake_1441,1441,1,fake,Zbulohet vendin ku ndodhen 28 ton flori!,103,6,17.17,0.063415,0.028398,0,0,1,0.035661626454655315,0.9643383735453447,1,likely_fake,True,correct,short_61_120
fake_1450,1450,1,fake,"Besa Gaxherri: Vjosa Duhet Të Matet, Nuk Është E Rrugës Me Luftu Shtëpinë E Vet",91,4,22.75,0.048507,0.066667,0,0,0,0.0021164815798337955,0.9978835184201662,1,likely_fake,True,correct,short_61_120
fake_1451,1451,1,fake,"Erdogan ndan lajmin më të keq pas pandemisë së fundit, shpreh ngushllimet e tij të sinqerta",86,3,28.67,0.062382,0.027842,0,0,0,0.023811753812297498,0.9761882461877025,1,likely_fake,True,correct,short_61_120
fake_1454,1454,1,fake,"I dërgon gabimisht shefit një foto pa rroba, përgjigja e tij e lë pa fjalë",96,4,24.0,0.051418,0.013216,0,0,0,0.002661365959526818,0.9973386340404732,1,likely_fake,True,correct,short_61_120
fake_1461,1461,1,fake,Djaloshi ne Prishtine gjen 1450 Euro dhe nje qeles te vetures.,99,4,24.75,0.0,0.028571,0,0,0,0.00011976273121083736,0.9998802372687892,1,likely_fake,True,correct,short_61_120
fake_1465,1465,1,fake,"Gjermania në kërkim të 472 mijë punëtorëve, këto janë profilet më të kërkuara",88,5,17.6,0.081967,0.022676,0,0,0,0.12187727708496121,0.8781227229150388,1,likely_fake,True,correct,short_61_120
fake_1466,1466,1,fake,"Ky pe.nsioner mbante një th.esar në shtëpi, nuk e dinte",94,16,5.88,0.0625,0.023747,0,0,0,0.005388835220904498,0.9946111647790955,1,likely_fake,True,correct,short_61_120
fake_1473,1473,1,fake,"Karkalecat pushtojnë Lindjen e Mesme, bll.okohet qarkullimi i automjeteve",93,4,23.25,0.052252,0.024017,0,0,0,0.03105004160177227,0.9689499583982277,1,likely_fake,True,correct,short_61_120
fake_1474,1474,1,fake,Christopher Hill rrë.fen momente të lu.ftës në Kosovë: Çfarë më tha Millosheviçi pas takimit me UÇK-në,101,7,14.43,0.068345,0.065169,0,0,0,0.12770744532693523,0.8722925546730648,1,likely_fake,True,correct,short_61_120
fake_1475,1475,1,fake,Nuk keni pë ta besuar se cila këngëtare kosovare është kjo vogëlushe,96,5,19.2,0.102,0.01995,0,0,0,0.13243460631976256,0.8675653936802374,1,likely_fake,True,correct,short_61_120
fake_1484,1484,1,fake,"E mbajti të fshehtë, futbollisti shqiptar bëhet baba për herë të parë",88,3,29.33,0.089431,0.025063,0,0,0,0.09761543772253733,0.9023845622774627,1,likely_fake,True,correct,short_61_120
fake_1488,1488,1,fake,Kilogrami shitet 0ër 1.000 Euro / Gjenden në këtë vend,80,6,13.33,0.080321,0.034211,0,0,0,0.042543085937160385,0.9574569140628396,1,likely_fake,True,correct,short_61_120
fake_1492,1492,1,fake,Vjosa Osmani po i bashkohet LVV ? Edhe zogjtë e malit e dinë ..,92,5,18.4,0.068901,0.027907,0,0,0,0.017455854213424105,0.9825441457865759,1,likely_fake,True,correct,short_61_120
fake_1498,1498,1,fake,"Hapi i madh i Ramës, arreston zyrtarin e larte te LVV / Reagon Kurti ..",95,8,11.88,0.052356,0.05794,2,0,0,0.030795244519368214,0.9692047554806318,1,likely_fake,True,correct,short_61_120
fake_1503,1503,1,fake,"Afrim Muqiqi jep lajmin e madh, nga kjo datë dasmat do të bahen dhe urime të gjithëve",83,3,27.67,0.071146,0.024096,0,0,0,0.02897056754405869,0.9710294324559413,1,likely_fake,True,correct,short_61_120
fake_1511,1511,1,fake,"Ak sident i tm errshëm , treni g odet veturën me 5 u dhëtarë",90,3,30.0,0.074561,0.022727,1,0,0,0.016964597277283167,0.9830354027227168,1,likely_fake,True,correct,short_61_120
fake_1513,1513,1,fake,"Ky është shteti, qytetarët e të cilit tr.adhtojnë më shumë partnerin",99,9,11.0,0.075306,0.015351,1,0,0,0.027181021109553116,0.9728189788904469,1,likely_fake,True,correct,short_61_120
fake_1519,1519,1,fake,"Dorëzohet Vuçiqi, vendos ta pranon Republikën e Kosovës për shkak të kësaj arsye?",73,4,18.25,0.086168,0.044944,0,0,0,0.022778292255047128,0.9772217077449529,1,likely_fake,True,correct,short_61_120
fake_1531,1531,1,fake,"E fundit! Shp.ërthen bo.mbula e gazit, e moshuara në gjendje të rëndë",92,10,9.2,0.107216,0.023196,0,0,1,0.04423026147397524,0.9557697385260248,1,likely_fake,True,correct,short_61_120
fake_1533,1533,1,fake,EKSLUZIVE – Ja kush po i kerkon Albinit debat televiziv nuk do ta besoni,87,3,29.0,0.056711,0.067442,0,1,0,0.0010166604403515356,0.9989833395596485,1,likely_fake,True,correct,short_61_120
fake_1538,1538,1,fake,"Ndërron jetë këngëtarja e njohur, pati g.oditje në tru",78,6,13.0,0.07381,0.048485,0,0,0,0.0923989962735291,0.9076010037264709,1,likely_fake,True,correct,short_61_120
fake_1542,1542,1,fake,"HlSTORlA e shqiptarit që ka HABlTUR rrjetet sociaIe, a ja vIen të Ie gruan për rusen e pasur",100,5,20.0,0.048913,0.055172,0,0,1,0.0548809888093621,0.9451190111906379,1,likely_fake,True,correct,short_61_120
fake_1544,1544,1,fake,"Gold AG p ublikon këngën e re, krejt Mediat serbe po shkruajn",88,3,29.33,0.056133,0.064171,0,0,0,0.009538938968256971,0.990461061031743,1,likely_fake,True,correct,short_61_120
fake_1545,1545,1,fake,Nuk do ta besoni qfare thote Glauk Konjufca per kreun e LVV-se,90,4,22.5,0.059172,0.061881,0,1,0,0.019434290562637124,0.9805657094373629,1,likely_fake,True,correct,short_61_120
fake_1547,1547,1,fake,"Izraeli apo Turqia, cila e ka u shtrinë më të fortë",81,4,20.25,0.070796,0.038997,0,0,0,0.18015610075515565,0.8198438992448444,1,likely_fake,True,correct,short_61_120
fake_1551,1551,1,fake,"Presidentja E Kroacisë I’a Thotë Në Sy Mogherinit: Kosovës Duhet Të I’a Jepni Liberalizimin, Sepse Kosovarët E Meritojnë Këtë Gjë Dhe Shumë Gjëra Tjera!",91,5,18.2,0.075134,0.080963,0,0,1,0.012786914827709883,0.9872130851722901,1,likely_fake,True,correct,short_61_120
fake_1552,1552,1,fake,E pabesueshme: Adelina rr.ëfen se si e ka kapur politikanin e njohur duke vje.dhur para,90,4,22.5,0.051383,0.022167,0,1,0,0.012548972688312565,0.9874510273116874,1,likely_fake,True,correct,short_61_120
fake_1556,1556,1,fake,Jam tri.shtuar nga vd.ekja tra.gjike e të riut 26-vjeçar nga Gjilani,92,12,7.67,0.069388,0.041344,0,0,0,0.08900903346762001,0.91099096653238,1,likely_fake,True,correct,short_61_120
fake_1557,1557,1,fake,"E FUNDIT: Paralajmërimi i Kurtit dr.idh Kosoven, ja qka tha",96,7,13.71,0.066019,0.046341,0,0,0,0.0043503304587935165,0.9956496695412065,1,likely_fake,True,correct,short_61_120
fake_1563,1563,1,fake,"Pacolli: Telefonin e kam përplot me kë.rcënime, jam i fr.ikësuar nga militantet e VV-së!!",100,11,9.09,0.069519,0.035874,0,0,2,0.011701478475171556,0.9882985215248284,1,likely_fake,True,correct,short_61_120
fake_1564,1564,1,fake,"LDK para cop.ëtimit – ka përpl.asje të mëdha, zbulohet se disa figura të larta partiake",92,6,15.33,0.066071,0.04814,0,0,0,0.16059838018020212,0.8394016198197979,1,likely_fake,True,correct,short_61_120
fake_1567,1567,1,fake,"Po pastronte shtëpinë e gjyshërve kur gjeti diçka në dysheme, kur e hapi u sh.okua nga ajo që pa",114,9,12.67,0.059968,0.018293,0,0,0,0.00553252085328193,0.9944674791467181,1,likely_fake,True,correct,short_61_120
fake_1568,1568,1,fake,Lajm i mire/ Me ne fund del data se kur do levizim me makina pa marr leje,97,3,32.33,0.020522,0.016509,0,0,0,0.0033971310008965583,0.9966028689991034,1,likely_fake,True,correct,short_61_120
fake_1569,1569,1,fake,Rama pu.blikon statistikat/ Shqipëria vendi europian që ka menaxhuar më mirë situatën e CoVi.d-19,111,9,12.33,0.054545,0.063158,2,0,1,0.021361676941274887,0.9786383230587251,1,likely_fake,True,correct,short_61_120
fake_1574,1574,1,fake,Nuk ishte t.ërmet as v.ullkan por diçka e fr.ikshme që rallë kush …,99,8,12.38,0.07155,0.014862,0,0,1,0.012815449358104969,0.987184550641895,1,likely_fake,True,correct,short_61_120
fake_1593,1593,1,fake,Lajmi tr.ondit mediat greke e italiane: Nexhmija e dinte që Enveri…,101,4,25.25,0.078365,0.03397,0,0,0,0.061046536157027265,0.9389534638429727,1,likely_fake,True,correct,short_61_120
fake_1594,1594,1,fake,"Pamje shokuese , gruaja hidhet nga ballkoni i PALLATIT ! (Video)",55,4,13.75,0.073826,0.059322,0,1,1,0.018725188443085683,0.9812748115569143,1,likely_fake,True,correct,very_short_le_60
fake_1601,1601,1,fake,Vjen SUPER LAJMI Italianët bëjnë zbulimin që do na rikthejë në normalitet nga COVID-19,192,8,24.0,0.07308,0.036866,0,0,0,0.03584604113564338,0.9641539588643566,1,likely_fake,True,correct,medium_121_250
fake_1606,1606,1,fake,"LAJMI I FUNDIT: E shpërfilli  virusin COVID-19, Presidenti del Pozitiv i…!",122,7,17.43,0.057718,0.057047,0,1,1,0.17323540486208322,0.8267645951379168,1,likely_fake,True,correct,medium_121_250
fake_1609,1609,1,fake,"LAJMI I FUNDIT: Ky është super lajm,Mjeku jep shpresë  sa i perket COVID-19, për popullin e Kosovës!",127,9,14.11,0.070721,0.058929,0,1,1,0.09700505511053581,0.9029949448894642,1,likely_fake,True,correct,medium_121_250
fake_1610,1610,1,fake,"LAJMI I FUNDIT: Tronditet skena politike, pas shum rastev me Koronavirus jep doreheqje Ministri i Shendetsise në…!",150,12,12.5,0.075601,0.052334,0,1,1,0.30898147750935456,0.6910185224906454,1,uncertain,True,correct,medium_121_250
fake_1611,1611,1,fake,E FUNDIT: Do befasoheni Çfarë i bëri sot bashkë Vjosa Osmanin dhe Albin Kurtin?,113,6,18.83,0.049475,0.058608,0,0,0,0.016122888155873594,0.9838771118441264,1,likely_fake,True,correct,short_61_120
fake_1613,1613,1,fake,"Veton Surroi: UÇK nuk ishte ushtri çlirimtare, po kan lyp me…!",122,9,13.56,0.064562,0.061594,0,0,2,0.06093554487741193,0.9390644551225881,1,likely_fake,True,correct,medium_121_250
fake_1616,1616,1,fake,"LAJM I PAPRITUR KY!: Vjosa Osmani Presidente e vendit, ja si dhe kur mund të ndodh?",149,5,29.8,0.053763,0.06213,0,0,2,0.012421599981659148,0.9875784000183409,1,likely_fake,True,correct,medium_121_250
fake_1619,1619,1,fake,Fatmir Limaj: ”Albini as pragun ska me kalu ne Zgjedhje te reja keni me pa O Popull”? – VIDEO,114,5,22.8,0.051502,0.045455,0,0,1,0.002507578751013151,0.9974924212489868,1,likely_fake,True,correct,short_61_120
fake_1622,1622,1,fake,Shpërthen Ganimete Musliu kundër VV-së: Të pafytyrë e po t’ja…!,118,7,16.86,0.049774,0.05104,1,0,2,0.02825779871671641,0.9717422012832836,1,likely_fake,True,correct,short_61_120
fake_1624,1624,1,fake,"LAJMI I FUNDIT: Pas aktakuzës ndaj Thaçit e Veselit, PDK merr këtë vendim te papritur nga askush..!",132,4,33.0,0.064087,0.057353,0,1,2,0.07837380073755795,0.921626199262442,1,likely_fake,True,correct,medium_121_250
fake_1625,1625,1,fake,"Kjo video nga Glauk Konjufca ta bën Zemrën mal, Ja çka thoshte ai për Gjykatën Speciale",85,4,21.25,0.055319,0.050132,0,0,2,0.018541945918599256,0.9814580540814007,1,likely_fake,True,correct,short_61_120
fake_1641,1641,1,fake,Tunës ka përfunduar në këtë gjendje pas shum se…!,78,4,19.5,0.076923,0.022222,0,0,1,0.18455691838601118,0.8154430816139888,1,likely_fake,True,correct,short_61_120
fake_1647,1647,1,fake,"Nuk është më kryeministër, por Oriola tregon hapur simpatinë e saj për Albin Kurtin",104,5,20.8,0.067881,0.042084,0,0,0,0.017708127817030572,0.9822918721829694,1,likely_fake,True,correct,short_61_120
fake_1648,1648,1,fake,Godet Thaci : o Albin e more popullin nqaf me ato protesta shikoje numrin e te inf ekt uarve o ti po lyp…?,92,2,46.0,0.0,0.023873,0,0,0,0.0028801003216810672,0.9971198996783189,1,likely_fake,True,correct,short_61_120
fake_1653,1653,1,fake,Mjeku shqiptar trondit botën: Ja çfarë i pret të gjithë njerëzit e prekur nga COVID-19,375,21,17.86,0.077451,0.039628,0,0,0,0.906751112182977,0.093248887817023,0,likely_real,False,false_negative,long_gt_250
fake_1655,1655,1,fake,LAJMI I FUNDIT – Ja cili politikan i VV-s do te arrestohet nga Gjykata Speciale,118,6,19.67,0.05,0.079137,0,2,1,0.0026050619441312373,0.9973949380558688,1,likely_fake,True,correct,short_61_120
fake_1659,1659,1,fake,Kallashi O Albin Ta Hongsha Zemren Ty Je Zemra Kosoves Per Ty Kisha Vallzu Tanë Naten Ne…,151,2,75.5,0.001366,0.039792,0,0,0,0.00010243407837196017,0.999897565921628,1,likely_fake,True,correct,medium_121_250
fake_1660,1660,1,fake,"Kosovë, Pacienti Me Koronavirus Nga Spitali I Qon “Selam“ Labinot Tahirit (Video)",129,1,129.0,0.052482,0.042857,0,1,0,0.001193421601448641,0.9988065783985514,1,likely_fake,True,correct,medium_121_250
fake_1667,1667,1,fake,"VIDEO EKSLUZIVE:Nëse Ke Ndonjë Nga Këto Monedha, Mund Të Bëhesh Shumë I Pasur Ja Pse",196,11,17.82,0.084697,0.075682,0,0,0,0.1738493452566826,0.8261506547433174,1,likely_fake,True,correct,medium_121_250
fake_1674,1674,1,fake,LAJMI I FUNDIT – Bota po perballet nga nje rre zik tjeter ja per qfar behet fjale,145,7,20.71,0.077966,0.036364,0,1,0,0.19612291939186433,0.8038770806081357,1,likely_fake,True,correct,medium_121_250
fake_1675,1675,1,fake,Befason Thaçi: ‘Sa tjem gjall une Albini asnjehere nuk do te vendos per Kosoven sdo ta lejoj me…!,198,6,33.0,0.093346,0.022196,2,0,1,0.07465573126601377,0.9253442687339862,1,likely_fake,True,correct,medium_121_250
fake_1676,1676,1,fake,Fatos Lubonja: Hashim Thaçi ka ber vepra te k eqia ndaj serbë të pafajshëm!! Ska vy me i bo,247,11,22.45,0.044643,0.041513,0,0,4,0.03324199481231005,0.96675800518769,1,likely_fake,True,correct,medium_121_250
fake_1687,1687,1,fake,Kjo Grua Nga Prishtina Në Ballkon Dhe Ajo Që Bën Më Ç.Mend Kalimtaret.. (Video),134,5,26.8,0.104435,0.037567,0,0,0,0.08718617983232246,0.9128138201676775,1,likely_fake,True,correct,medium_121_250
fake_1692,1692,1,fake,LAJMI I FUNDIT – Nuk do ta besoni qfar do te ndodhe ne Kosove,135,5,27.0,0.064151,0.050926,0,2,0,0.1721173762184358,0.8278826237815642,1,likely_fake,True,correct,medium_121_250
fake_1697,1697,1,fake,Shpallja e gjendjes së jashtëzakonshme në Kosovë/ Nuk do të ketë bllokim të plotë,167,7,23.86,0.063201,0.01487,1,0,0,0.007470466685335575,0.9925295333146644,1,likely_fake,True,correct,medium_121_250
fake_1698,1698,1,fake,"Prekese: Sot u bëra nene pas 10 viteve martes, jam Nene e Trinjakëve, kush me uron i dhent Zoti ate qe i mungon ..",221,10,22.1,0.069187,0.027218,0,0,0,0.0010487190748152964,0.9989512809251847,1,likely_fake,True,correct,medium_121_250
fake_1700,1700,1,fake,"Pipero: Jep lajmin e madh që e kemi pritur të gjithë, “Koronavirusi nuk do të…”",229,10,22.9,0.07977,0.020661,0,0,0,0.814349548814091,0.18565045118590895,0,likely_real,False,false_negative,medium_121_250
fake_1711,1711,1,fake,Video Eksluzive: Shikojeni Çka I Ndodhi Ketij Mërgimtarit Nga Kosova Në Finlandë,173,7,24.71,0.04458,0.04125,2,0,0,0.12709139866720565,0.8729086013327944,1,likely_fake,True,correct,medium_121_250
fake_1714,1714,1,fake,Godet Kallashi ja qka thot per Albinin nuk do ta besoni,159,1,159.0,0.0,0.009539,0,1,0,0.0026833957001578534,0.9973166042998421,1,likely_fake,True,correct,medium_121_250
fake_1720,1720,1,fake,EKSLUZIVE – Vjosa Osmani zbulon detajet e partise te saj te re ja deputet sdo ta besoni,180,6,30.0,0.05642,0.063549,2,0,0,0.05888552898019106,0.9411144710198089,1,likely_fake,True,correct,medium_121_250
fake_1729,1729,1,fake,Kush dhe pse e duan të vdekur Gani Gecin ???,177,8,22.12,0.062374,0.045113,0,0,0,0.041800869060049206,0.9581991309399508,1,likely_fake,True,correct,medium_121_250
fake_1730,1730,1,fake,"Hoti do mbetet kryeministri më i suksesshëm në historinë e Kosovës, nëse Vuçiqi nuk e bën këtë",130,4,32.5,0.064729,0.034258,1,0,0,0.03585736391352401,0.964142636086476,1,likely_fake,True,correct,medium_121_250
fake_1732,1732,1,fake,Haki Abazi dridhe skenen politike ne Kosove me kete qe tha!,162,6,27.0,0.06269,0.01224,0,0,1,0.81364574595654,0.18635425404346,0,likely_real,False,false_negative,medium_121_250
fake_1737,1737,1,fake,Paralajmërohet ‘tronditja’ e madhe për PDK-në: Ja dy përplasjet e forta në këtë parti,88,4,22.0,0.063953,0.067308,0,0,0,0.0006094617809921932,0.9993905382190078,1,likely_fake,True,correct,short_61_120
fake_1738,1738,1,fake,Tomë Gashi publikon videon e Besa Gaxherrit që tronditi Hashim Thaçin,122,4,30.5,0.052039,0.039519,1,0,0,0.0029077105736059483,0.997092289426394,1,likely_fake,True,correct,medium_121_250
fake_1740,1740,1,fake,Lajm bomb: Arrestohet djali i deputeti te Partis Demokratike,99,6,16.5,0.057793,0.045852,3,0,0,0.07071507654466802,0.929284923455332,1,likely_fake,True,correct,short_61_120
fake_1742,1742,1,fake,A eshte normal ky njeri? Kjo qe tha Mustafo Nano per Kosoven do iu cmend dhe nervozoj,107,6,17.83,0.057722,0.030829,1,0,0,0.002342057957277821,0.9976579420427222,1,likely_fake,True,correct,short_61_120
fake_1746,1746,1,fake,"Hiqen te gjitha dyshimet, Kjo eshte partia e re e formuar nga Vjosa Osmani",98,5,19.6,0.059545,0.044776,0,0,0,0.0013297392110875883,0.9986702607889124,1,likely_fake,True,correct,short_61_120
fake_1755,1755,1,fake,Çfarë sinjali po dërgon Ganimete Musliu tek Albin Kurti me një deklaratë të Ramush Haradinajt – përmendet vrasja e Fehmi Aganit!,65,4,16.25,0.041463,0.041791,0,0,2,3.304308901708186e-05,0.9999669569109829,1,likely_fake,True,correct,short_61_120
fake_1757,1757,1,fake,"Ngjarje shokuese vjen nga Gjakova , atje sapo ndodhi kjo gje e keqe",69,8,8.62,0.044186,0.034384,0,1,0,0.00025513001774080113,0.9997448699822592,1,likely_fake,True,correct,short_61_120
fake_1767,1767,1,fake,"Pamje të rralla, kur Leonora Jakupi shetiste me aeroplan në Drenicë  VIDEO",95,4,23.75,0.080769,0.035714,0,0,0,0.7611613305346759,0.23883866946532406,0,likely_real,False,false_negative,short_61_120
fake_1768,1768,1,fake,Paralajmëroj katastrofë në Kosovë: Ja çka thotë Lul Raka,79,3,26.33,0.069959,0.035,0,0,0,0.0007710751109092362,0.9992289248890908,1,likely_fake,True,correct,short_61_120
fake_1783,1783,1,fake,"Një bionde kosovare kaq ekzotike, Blerta Veseli çmend me pozat në bikini",66,3,22.0,0.045802,0.03096,0,0,0,0.00017806474220027901,0.9998219352577997,1,likely_fake,True,correct,short_61_120
fake_1785,1785,1,fake,"Viti 2020 vit i mallkuar, Zbulohet virusi tjeter me i rrezikshme se Koronavirusi",76,3,25.33,0.049041,0.041995,0,0,0,4.810780244235424e-05,0.9999518921975576,1,likely_fake,True,correct,short_61_120
fake_1790,1790,1,fake,"Vjen nje goditje e rende per Arben Vitine , edhe kjo u tha per te!",104,2,52.0,0.030596,0.039761,1,0,1,0.00040313737352182244,0.9995968626264782,1,likely_fake,True,correct,short_61_120
fake_1795,1795,1,fake,"Nora i deklason të gjitha, shfaqet veç në bikini nga plazhi ekspozon trupin si ‘peshk’",100,5,20.0,0.043651,0.025126,0,0,0,0.01160279186185087,0.9883972081381491,1,likely_fake,True,correct,short_61_120
fake_1799,1799,1,fake,"Aksidente i rende ne Kosove , vdes ne vend ky person EMRI",67,4,16.75,0.053659,0.053731,0,0,0,0.0003577663255585062,0.9996422336744415,1,likely_fake,True,correct,short_61_120
fake_1804,1804,1,fake,ALARMANTE/ Qeveria Hoti po na çon në katastrofë DETAJE EKSKLUZIVE,165,23,7.17,0.046953,0.08802,1,1,0,0.25597998695719293,0.7440200130428071,1,likely_fake,True,correct,medium_121_250
fake_1811,1811,1,fake,Ky turp u dëgjua mbrëmë në Kosovë! Kështu bërtiti serbi,85,4,21.25,0.08498,0.036058,0,0,2,0.0013502459975368586,0.9986497540024631,1,likely_fake,True,correct,short_61_120
fake_1814,1814,1,fake,"Ekspertët japin në alarm tjetër të keq: Vala e dytë ne Kosove e Covid-19 do nisë, ja kur",226,8,28.25,0.077263,0.024658,0,1,0,0.005644634612516963,0.994355365387483,1,likely_fake,True,correct,medium_121_250
fake_1815,1815,1,fake,A ekziston Virusi apo jo? Ky eshte lajmi i Fundit,96,4,24.0,0.051813,0.04661,0,1,0,0.009312120470395424,0.9906878795296046,1,likely_fake,True,correct,short_61_120
fake_1819,1819,1,fake,"Kina paralajmëron botën: Keni kujdes, pneumoni vdekjeprurëse nga Kazakistani!",112,8,14.0,0.056338,0.025818,1,0,1,0.0025038223980273777,0.9974961776019726,1,likely_fake,True,correct,short_61_120
fake_1820,1820,1,fake,"Shikon nje femije ne liqen, hyn ta shpetoje dhe shok.o.h.et nga ajo qe zbulon",89,7,12.71,0.050209,0.026385,0,0,1,7.1741634561584e-05,0.9999282583654384,1,likely_fake,True,correct,short_61_120
fake_1826,1826,1,fake,"Hoteli 5 yje: 30 euro nata me ‘mëngjes, darkë dhe çadër’, bëhet fjalë për këtë bregdet të Shqipërisë",96,6,16.0,0.068905,0.026846,0,0,0,0.001492020740739064,0.9985079792592609,1,likely_fake,True,correct,short_61_120
fake_1832,1832,1,fake,Publikohen emrat e nëntë aktorëve të ndarjes së Kosovës/ Sali Berisha: Ja trojka kryesore,109,4,27.25,0.054852,0.035413,0,0,0,0.0014175660310180582,0.9985824339689819,1,likely_fake,True,correct,short_61_120
fake_1834,1834,1,fake,"Gjendja e Jashtëzakonshme? Flet Hashim Thaçi, ka një thirrje të fundit për qytetarët e Kosovës",109,5,21.8,0.068215,0.040636,0,0,0,0.007864202317602764,0.9921357976823972,1,likely_fake,True,correct,short_61_120
fake_1839,1839,1,fake,"Video Eksluzive:U Mundua T’i Prishte Martesën Me Tjetrën, I Shoqi E Tërheq Zvarrë Për Flokësh",104,4,26.0,0.064626,0.054968,0,0,0,0.14254351578249158,0.8574564842175084,1,likely_fake,True,correct,short_61_120
fake_1848,1848,1,fake,Me këtë imazh Edona po e dëshmon që vajza po bëhet më e bukur se nëna,96,3,32.0,0.086444,0.019465,0,0,0,0.5218840173338977,0.4781159826661023,0,uncertain,False,false_negative,short_61_120
fake_1861,1861,1,fake,"Vetëm një lugë nga kjo përbërje çdo mëngjes dhe zorrët tuaja do të pastrohen nga mbetjet, në 2 minuta!",375,20,18.75,0.089704,0.029268,0,0,1,0.7664539158785635,0.23354608412143657,0,likely_real,False,false_negative,long_gt_250
fake_1873,1873,1,fake,Zbulim i ri: Kjo simptomë e re e koronavirusit po shfaqet tek të moshuarit,448,21,21.33,0.07256,0.020674,0,0,0,0.9527109802941257,0.047289019705874326,0,likely_real,False,false_negative,long_gt_250
fake_1874,1874,1,fake,Si të bini nga pesha në dy javë duke konsumuar vezë të ziera,441,20,22.05,0.074724,0.040248,0,0,0,0.16635578116779348,0.8336442188322065,1,likely_fake,True,correct,long_gt_250
fake_1885,1885,1,fake,"Infermierja e infektuar me Covid-19 i lutet kolegëve: Mos më lini të vdes, kam fëmijë",247,11,22.45,0.085219,0.221585,0,0,0,0.8331140178319903,0.16688598216800968,0,likely_real,False,false_negative,medium_121_250
fake_1894,1894,1,fake,"Merret nëpërmjet hundës, ky është ilaçi që pritet të kurojë koronavirusin",162,7,23.14,0.077689,0.034022,0,0,0,0.420230564351766,0.579769435648234,1,uncertain,True,correct,medium_121_250
fake_1898,1898,1,fake,"Për kokë të mamit e kapa”, filmojnë “diskun” e çuditshëm që lëviz nëpër qiellin e Tiranës: Është UFO… e kapa, e kapa për Zotin e Madh!",100,6,16.67,0.066794,0.054455,0,0,2,0.013017578612021241,0.9869824213879788,1,likely_fake,True,correct,short_61_120
fake_1904,1904,1,fake,"E mbajti të fshehtë, zbulohet më në fund kush është i dashuri i Fifit",130,8,16.25,0.076177,0.02916,0,0,0,0.23370518365762616,0.7662948163423738,1,likely_fake,True,correct,medium_121_250
fake_1906,1906,1,fake,Befason profesori italian: Ka një kurë që e Zhduk Koronavirusin brenda 48 orëve,826,59,14.0,0.076798,0.037783,3,0,4,0.9876881876438008,0.012311812356199141,0,likely_real,False,false_negative,long_gt_250
fake_1912,1912,1,fake,"Konfirmohet frika e kancelares Merkel, kjo është duke ndodhur me COVID-19 në Gjermani",206,16,12.88,0.060313,0.038033,2,0,0,0.8916246251476028,0.10837537485239723,0,likely_real,False,false_negative,medium_121_250
fake_1913,1913,1,fake,Nuk ua merr mendja sa e bukur është bashkëshortja e Gold Ag,130,4,32.5,0.079104,0.020561,1,0,0,0.1861749400261543,0.8138250599738457,1,likely_fake,True,correct,medium_121_250
fake_1917,1917,1,fake,Hëna që ju zgjidhni tregon tipin e personit me të cilin do të dashuroheni,370,20,18.5,0.090125,0.014294,0,0,2,0.9529816623774251,0.047018337622574874,0,likely_real,False,false_negative,long_gt_250
fake_1920,1920,1,fake,"Gjethet e limonit, zgjidhja natyrale për problemet me fytin, migrenën dhe astmën!",332,22,15.09,0.081582,0.01601,1,0,1,0.7486501331072856,0.25134986689271444,0,likely_real,False,false_negative,long_gt_250
fake_1923,1923,1,fake,"Hoxha i njohur nga Peja: Shkuarja në diskotekë nuk është haram, unë vetëm kam qenë aty",129,5,25.8,0.062687,0.045369,0,0,0,0.5836760990178695,0.4163239009821305,0,uncertain,False,false_negative,medium_121_250
fake_1925,1925,1,fake,"Te gjithe Shqiptaret lene koken pas tyre, por ja se cfare nuk keni ditur per to, kur ta merrni vesh do t’i hani dhe me shume",472,49,9.63,0.07312,0.024126,0,0,0,0.550399725625417,0.44960027437458305,0,uncertain,False,false_negative,long_gt_250
fake_1928,1928,1,fake,Merrini gjethet e rrushit dhe ruajini ne ngrirje te frigoriferit dhe pervec japrakut ju do te beni dhe dicka tjeter fantastike,180,12,15.0,0.056968,0.017972,0,0,0,0.17491345786711543,0.8250865421328846,1,likely_fake,True,correct,medium_121_250
fake_1931,1931,1,fake,Rezultoi 100% e suksesshme/ BE mbështet kurën izraelite kundër koronavirusit,171,8,21.38,0.065455,0.030033,0,0,0,0.4762389229478503,0.5237610770521497,1,uncertain,True,correct,medium_121_250
fake_1932,1932,1,fake,Flet mjekja shqiptare në Kanada: Si të trajtoni virusin në kushtet e shtëpisë,2376,133,17.86,0.08325,0.021494,0,0,1,0.9999425832410647,5.741675893534633e-05,0,likely_real,False,false_negative,long_gt_250
fake_1933,1933,1,fake,Erdogan vjen me një paralajmërim për mbarë njerëzimin,77,4,19.25,0.082789,0.021333,0,0,0,0.04950556580126886,0.9504944341987311,1,likely_fake,True,correct,short_61_120
fake_1935,1935,1,fake,TRAGJlKE: Këngëtarja e njohur humb tre familjarë në një ditë prej Korona Virus,103,4,25.75,0.071038,0.040816,0,0,0,0.2504780462497942,0.7495219537502058,1,likely_fake,True,correct,short_61_120
fake_1938,1938,1,fake,"Nobelisti japonez shokon botën: Koronavirusi u prodhua nga Kina, asnjë prej miqve të mi në Wuhan s’ma hap telefonin",353,16,22.06,0.07219,0.024684,2,0,0,0.9416893529546628,0.05831064704533723,0,likely_real,False,false_negative,long_gt_250
fake_1939,1939,1,fake,Vjosa Osmani ia dërgon një “selam” LDK-së pak ditë para votimit të Qeverisë së re..,146,7,20.86,0.071342,0.041979,0,0,0,0.14869947957531693,0.8513005204246831,1,likely_fake,True,correct,medium_121_250
fake_1951,1951,1,fake,Peci: Ukaj i tha kryetares Osmani “Ule gishtin se ta fus në b*** e ta…!?”,189,10,18.9,0.0875,0.034272,0,0,1,0.12139038618883324,0.8786096138111668,1,likely_fake,True,correct,medium_121_250
fake_1960,1960,1,fake,"LAJMI I FUNDIT: Ky eshte vendimi i Vjosa Osmanit, formon partin e re?",117,10,11.7,0.097451,0.061453,0,1,0,0.01793252523187472,0.9820674747681253,1,likely_fake,True,correct,short_61_120
fake_1963,1963,1,fake,"Me rrudha dhe e plakur, ‘Nermin’ nuk njihet më!",94,6,15.67,0.037106,0.030023,0,0,1,0.0004393135272812154,0.9995606864727188,1,likely_fake,True,correct,short_61_120
fake_1967,1967,1,fake,"Lajm i madh sapo erdhi, nga Gjermania per Kosovën! URIMEE!",81,6,13.5,0.058716,0.094253,1,0,2,0.0025279830306993434,0.9974720169693007,1,likely_fake,True,correct,short_61_120
fake_1979,1979,1,fake,Lajm i madh sa erdhi nga Gjermani: Ja kur do të hiqen vizat për Kosovën! URIMEE!,118,8,14.75,0.055313,0.055357,0,0,2,0.002954256220718432,0.9970457437792816,1,likely_fake,True,correct,short_61_120
fake_1982,1982,1,fake,LAJMI I FUNDIT – Grenell merr kete vendim per Kosoven URIME !,106,5,21.2,0.070444,0.066163,0,1,3,0.02582976831645689,0.9741702316835431,1,likely_fake,True,correct,short_61_120
fake_1988,1988,1,fake,"E FUNDIT: Harrojeni Koronavirusin, Ngjarje e rende po ndodhe ne Kosove",79,4,19.75,0.063694,0.046392,0,0,1,0.10840563977085593,0.8915943602291441,1,likely_fake,True,correct,short_61_120
fake_1991,1991,1,fake,Eskalon gjithqka Gashi- Vjosa Osmanit: A je normal…? – Reagon kryeparlamentarja,120,6,20.0,0.060478,0.047619,0,0,0,0.20306572412667634,0.7969342758733237,1,likely_fake,True,correct,short_61_120
